[2026-07-26T01:16:30.932+0000] {processor.py:161} INFO - Started process (PID=171) to work on /opt/airflow/dags/bronze_ingestion_dag.py
[2026-07-26T01:16:30.992+0000] {processor.py:830} INFO - Processing file /opt/airflow/dags/bronze_ingestion_dag.py for tasks to queue
[2026-07-26T01:16:31.061+0000] {logging_mixin.py:188} INFO - [2026-07-26T01:16:31.060+0000] {dagbag.py:545} INFO - Filling up the DagBag from /opt/airflow/dags/bronze_ingestion_dag.py
[2026-07-26T01:16:32.559+0000] {processor.py:840} INFO - DAG(s) 'ingest_bronze_layer' retrieved from /opt/airflow/dags/bronze_ingestion_dag.py
[2026-07-26T01:16:43.074+0000] {logging_mixin.py:188} INFO - [2026-07-26T01:16:43.073+0000] {dag.py:3096} INFO - Sync 1 DAGs
[2026-07-26T01:16:52.831+0000] {logging_mixin.py:188} INFO - [2026-07-26T01:16:52.830+0000] {dag.py:3954} INFO - Setting next_dagrun for ingest_bronze_layer to 2026-07-26 01:00:00+00:00, run_after=2026-07-26 02:00:00+00:00
[2026-07-26T01:16:53.426+0000] {processor.py:183} INFO - Processing /opt/airflow/dags/bronze_ingestion_dag.py took 21.641 seconds
[2026-07-26T01:17:25.003+0000] {processor.py:161} INFO - Started process (PID=239) to work on /opt/airflow/dags/bronze_ingestion_dag.py
[2026-07-26T01:17:25.015+0000] {processor.py:830} INFO - Processing file /opt/airflow/dags/bronze_ingestion_dag.py for tasks to queue
[2026-07-26T01:17:25.034+0000] {logging_mixin.py:188} INFO - [2026-07-26T01:17:25.033+0000] {dagbag.py:545} INFO - Filling up the DagBag from /opt/airflow/dags/bronze_ingestion_dag.py
[2026-07-26T01:17:25.489+0000] {processor.py:840} INFO - DAG(s) 'ingest_bronze_layer' retrieved from /opt/airflow/dags/bronze_ingestion_dag.py
[2026-07-26T01:17:25.629+0000] {logging_mixin.py:188} INFO - [2026-07-26T01:17:25.628+0000] {dag.py:3096} INFO - Sync 1 DAGs
[2026-07-26T01:17:25.937+0000] {logging_mixin.py:188} INFO - [2026-07-26T01:17:25.936+0000] {dag.py:3954} INFO - Setting next_dagrun for ingest_bronze_layer to 2026-07-26 01:00:00+00:00, run_after=2026-07-26 02:00:00+00:00
[2026-07-26T01:17:26.231+0000] {processor.py:183} INFO - Processing /opt/airflow/dags/bronze_ingestion_dag.py took 1.320 seconds
[2026-07-26T01:17:59.331+0000] {processor.py:161} INFO - Started process (PID=262) to work on /opt/airflow/dags/bronze_ingestion_dag.py
[2026-07-26T01:17:59.349+0000] {processor.py:830} INFO - Processing file /opt/airflow/dags/bronze_ingestion_dag.py for tasks to queue
[2026-07-26T01:17:59.667+0000] {logging_mixin.py:188} INFO - [2026-07-26T01:17:59.520+0000] {dagbag.py:545} INFO - Filling up the DagBag from /opt/airflow/dags/bronze_ingestion_dag.py
[2026-07-26T01:18:01.492+0000] {processor.py:840} INFO - DAG(s) 'ingest_bronze_layer' retrieved from /opt/airflow/dags/bronze_ingestion_dag.py
[2026-07-26T01:18:02.225+0000] {logging_mixin.py:188} INFO - [2026-07-26T01:18:02.223+0000] {dag.py:3096} INFO - Sync 1 DAGs
[2026-07-26T01:18:04.407+0000] {logging_mixin.py:188} INFO - [2026-07-26T01:18:04.406+0000] {dag.py:3954} INFO - Setting next_dagrun for ingest_bronze_layer to 2026-07-26 01:00:00+00:00, run_after=2026-07-26 02:00:00+00:00
[2026-07-26T01:18:05.050+0000] {processor.py:183} INFO - Processing /opt/airflow/dags/bronze_ingestion_dag.py took 6.605 seconds
[2026-07-26T01:18:35.792+0000] {processor.py:161} INFO - Started process (PID=314) to work on /opt/airflow/dags/bronze_ingestion_dag.py
[2026-07-26T01:18:35.804+0000] {processor.py:830} INFO - Processing file /opt/airflow/dags/bronze_ingestion_dag.py for tasks to queue
[2026-07-26T01:18:35.810+0000] {logging_mixin.py:188} INFO - [2026-07-26T01:18:35.809+0000] {dagbag.py:545} INFO - Filling up the DagBag from /opt/airflow/dags/bronze_ingestion_dag.py
[2026-07-26T01:18:35.874+0000] {processor.py:840} INFO - DAG(s) 'ingest_bronze_layer' retrieved from /opt/airflow/dags/bronze_ingestion_dag.py
[2026-07-26T01:18:36.108+0000] {logging_mixin.py:188} INFO - [2026-07-26T01:18:36.104+0000] {dag.py:3096} INFO - Sync 1 DAGs
[2026-07-26T01:18:36.392+0000] {logging_mixin.py:188} INFO - [2026-07-26T01:18:36.392+0000] {dag.py:3954} INFO - Setting next_dagrun for ingest_bronze_layer to 2026-07-26 01:00:00+00:00, run_after=2026-07-26 02:00:00+00:00
[2026-07-26T01:18:36.838+0000] {processor.py:183} INFO - Processing /opt/airflow/dags/bronze_ingestion_dag.py took 1.094 seconds
[2026-07-26T01:19:11.304+0000] {processor.py:161} INFO - Started process (PID=396) to work on /opt/airflow/dags/bronze_ingestion_dag.py
[2026-07-26T01:19:11.391+0000] {processor.py:830} INFO - Processing file /opt/airflow/dags/bronze_ingestion_dag.py for tasks to queue
[2026-07-26T01:19:14.143+0000] {logging_mixin.py:188} INFO - [2026-07-26T01:19:14.141+0000] {dagbag.py:545} INFO - Filling up the DagBag from /opt/airflow/dags/bronze_ingestion_dag.py
[2026-07-26T01:19:15.570+0000] {processor.py:840} INFO - DAG(s) 'ingest_bronze_layer' retrieved from /opt/airflow/dags/bronze_ingestion_dag.py
[2026-07-26T01:19:16.607+0000] {logging_mixin.py:188} INFO - [2026-07-26T01:19:16.599+0000] {dag.py:3096} INFO - Sync 1 DAGs
[2026-07-26T01:19:46.078+0000] {logging_mixin.py:188} INFO - [2026-07-26T01:19:46.073+0000] {dag.py:3954} INFO - Setting next_dagrun for ingest_bronze_layer to 2026-07-26 01:00:00+00:00, run_after=2026-07-26 02:00:00+00:00
[2026-07-26T01:19:46.220+0000] {processor.py:183} INFO - Processing /opt/airflow/dags/bronze_ingestion_dag.py took 34.434 seconds
[2026-07-26T01:20:17.917+0000] {processor.py:161} INFO - Started process (PID=426) to work on /opt/airflow/dags/bronze_ingestion_dag.py
[2026-07-26T01:20:17.947+0000] {processor.py:830} INFO - Processing file /opt/airflow/dags/bronze_ingestion_dag.py for tasks to queue
[2026-07-26T01:20:17.979+0000] {logging_mixin.py:188} INFO - [2026-07-26T01:20:17.975+0000] {dagbag.py:545} INFO - Filling up the DagBag from /opt/airflow/dags/bronze_ingestion_dag.py
[2026-07-26T01:20:18.478+0000] {processor.py:840} INFO - DAG(s) 'ingest_bronze_layer' retrieved from /opt/airflow/dags/bronze_ingestion_dag.py
[2026-07-26T01:20:26.169+0000] {logging_mixin.py:188} INFO - [2026-07-26T01:20:26.167+0000] {dag.py:3096} INFO - Sync 1 DAGs
[2026-07-26T01:20:26.781+0000] {logging_mixin.py:188} INFO - [2026-07-26T01:20:26.767+0000] {dag.py:3954} INFO - Setting next_dagrun for ingest_bronze_layer to 2026-07-26 01:00:00+00:00, run_after=2026-07-26 02:00:00+00:00
[2026-07-26T01:20:27.449+0000] {processor.py:183} INFO - Processing /opt/airflow/dags/bronze_ingestion_dag.py took 9.772 seconds
[2026-07-26T01:20:59.668+0000] {processor.py:161} INFO - Started process (PID=452) to work on /opt/airflow/dags/bronze_ingestion_dag.py
[2026-07-26T01:20:59.699+0000] {processor.py:830} INFO - Processing file /opt/airflow/dags/bronze_ingestion_dag.py for tasks to queue
[2026-07-26T01:20:59.804+0000] {logging_mixin.py:188} INFO - [2026-07-26T01:20:59.783+0000] {dagbag.py:545} INFO - Filling up the DagBag from /opt/airflow/dags/bronze_ingestion_dag.py
[2026-07-26T01:21:08.737+0000] {processor.py:840} INFO - DAG(s) 'ingest_bronze_layer' retrieved from /opt/airflow/dags/bronze_ingestion_dag.py
[2026-07-26T01:21:12.902+0000] {logging_mixin.py:188} INFO - [2026-07-26T01:21:12.901+0000] {dag.py:3096} INFO - Sync 1 DAGs
[2026-07-26T01:21:13.156+0000] {logging_mixin.py:188} INFO - [2026-07-26T01:21:13.156+0000] {dag.py:3954} INFO - Setting next_dagrun for ingest_bronze_layer to 2026-07-26 01:00:00+00:00, run_after=2026-07-26 02:00:00+00:00
[2026-07-26T01:21:13.466+0000] {processor.py:183} INFO - Processing /opt/airflow/dags/bronze_ingestion_dag.py took 14.070 seconds
[2026-07-26T01:21:45.546+0000] {processor.py:161} INFO - Started process (PID=501) to work on /opt/airflow/dags/bronze_ingestion_dag.py
[2026-07-26T01:21:45.957+0000] {processor.py:830} INFO - Processing file /opt/airflow/dags/bronze_ingestion_dag.py for tasks to queue
[2026-07-26T01:21:46.164+0000] {logging_mixin.py:188} INFO - [2026-07-26T01:21:46.161+0000] {dagbag.py:545} INFO - Filling up the DagBag from /opt/airflow/dags/bronze_ingestion_dag.py
[2026-07-26T01:20:58.153+0000] {processor.py:840} INFO - DAG(s) 'ingest_bronze_layer' retrieved from /opt/airflow/dags/bronze_ingestion_dag.py
[2026-07-26T01:20:58.790+0000] {logging_mixin.py:188} INFO - [2026-07-26T01:20:58.769+0000] {dag.py:3096} INFO - Sync 1 DAGs
[2026-07-26T01:21:01.428+0000] {logging_mixin.py:188} INFO - [2026-07-26T01:21:01.427+0000] {dag.py:3954} INFO - Setting next_dagrun for ingest_bronze_layer to 2026-07-26 01:00:00+00:00, run_after=2026-07-26 02:00:00+00:00
[2026-07-26T01:21:02.107+0000] {processor.py:183} INFO - Processing /opt/airflow/dags/bronze_ingestion_dag.py took 8.058 seconds
[2026-07-26T01:22:04.859+0000] {processor.py:161} INFO - Started process (PID=566) to work on /opt/airflow/dags/bronze_ingestion_dag.py
[2026-07-26T01:22:04.891+0000] {processor.py:830} INFO - Processing file /opt/airflow/dags/bronze_ingestion_dag.py for tasks to queue
[2026-07-26T01:22:04.949+0000] {logging_mixin.py:188} INFO - [2026-07-26T01:22:04.947+0000] {dagbag.py:545} INFO - Filling up the DagBag from /opt/airflow/dags/bronze_ingestion_dag.py
[2026-07-26T01:22:05.579+0000] {processor.py:840} INFO - DAG(s) 'ingest_bronze_layer' retrieved from /opt/airflow/dags/bronze_ingestion_dag.py
[2026-07-26T01:22:06.693+0000] {logging_mixin.py:188} INFO - [2026-07-26T01:22:06.692+0000] {dag.py:3096} INFO - Sync 1 DAGs
[2026-07-26T01:22:07.056+0000] {logging_mixin.py:188} INFO - [2026-07-26T01:22:07.056+0000] {dag.py:3954} INFO - Setting next_dagrun for ingest_bronze_layer to 2026-07-26 01:00:00+00:00, run_after=2026-07-26 02:00:00+00:00
[2026-07-26T01:22:07.318+0000] {processor.py:183} INFO - Processing /opt/airflow/dags/bronze_ingestion_dag.py took 2.551 seconds
[2026-07-26T01:22:38.694+0000] {processor.py:161} INFO - Started process (PID=662) to work on /opt/airflow/dags/bronze_ingestion_dag.py
[2026-07-26T01:22:38.717+0000] {processor.py:830} INFO - Processing file /opt/airflow/dags/bronze_ingestion_dag.py for tasks to queue
[2026-07-26T01:22:38.766+0000] {logging_mixin.py:188} INFO - [2026-07-26T01:22:38.763+0000] {dagbag.py:545} INFO - Filling up the DagBag from /opt/airflow/dags/bronze_ingestion_dag.py
[2026-07-26T01:22:39.093+0000] {processor.py:840} INFO - DAG(s) 'ingest_bronze_layer' retrieved from /opt/airflow/dags/bronze_ingestion_dag.py
[2026-07-26T01:22:39.593+0000] {logging_mixin.py:188} INFO - [2026-07-26T01:22:39.591+0000] {dag.py:3096} INFO - Sync 1 DAGs
[2026-07-26T01:22:40.175+0000] {logging_mixin.py:188} INFO - [2026-07-26T01:22:40.174+0000] {dag.py:3954} INFO - Setting next_dagrun for ingest_bronze_layer to 2026-07-26 01:00:00+00:00, run_after=2026-07-26 02:00:00+00:00
[2026-07-26T01:22:40.380+0000] {processor.py:183} INFO - Processing /opt/airflow/dags/bronze_ingestion_dag.py took 1.812 seconds
[2026-07-26T01:23:11.067+0000] {processor.py:161} INFO - Started process (PID=682) to work on /opt/airflow/dags/bronze_ingestion_dag.py
[2026-07-26T01:23:11.118+0000] {processor.py:830} INFO - Processing file /opt/airflow/dags/bronze_ingestion_dag.py for tasks to queue
[2026-07-26T01:23:11.261+0000] {logging_mixin.py:188} INFO - [2026-07-26T01:23:11.257+0000] {dagbag.py:545} INFO - Filling up the DagBag from /opt/airflow/dags/bronze_ingestion_dag.py
[2026-07-26T01:23:12.133+0000] {processor.py:840} INFO - DAG(s) 'ingest_bronze_layer' retrieved from /opt/airflow/dags/bronze_ingestion_dag.py
[2026-07-26T01:23:12.759+0000] {logging_mixin.py:188} INFO - [2026-07-26T01:23:12.748+0000] {dag.py:3096} INFO - Sync 1 DAGs
[2026-07-26T01:23:14.192+0000] {logging_mixin.py:188} INFO - [2026-07-26T01:23:14.192+0000] {dag.py:3954} INFO - Setting next_dagrun for ingest_bronze_layer to 2026-07-26 01:00:00+00:00, run_after=2026-07-26 02:00:00+00:00
[2026-07-26T01:23:15.400+0000] {processor.py:183} INFO - Processing /opt/airflow/dags/bronze_ingestion_dag.py took 4.457 seconds
[2026-07-26T01:23:48.726+0000] {processor.py:161} INFO - Started process (PID=777) to work on /opt/airflow/dags/bronze_ingestion_dag.py
[2026-07-26T01:23:48.925+0000] {processor.py:830} INFO - Processing file /opt/airflow/dags/bronze_ingestion_dag.py for tasks to queue
[2026-07-26T01:23:49.106+0000] {logging_mixin.py:188} INFO - [2026-07-26T01:23:49.073+0000] {dagbag.py:545} INFO - Filling up the DagBag from /opt/airflow/dags/bronze_ingestion_dag.py
[2026-07-26T01:23:54.613+0000] {processor.py:840} INFO - DAG(s) 'ingest_bronze_layer' retrieved from /opt/airflow/dags/bronze_ingestion_dag.py
[2026-07-26T01:23:56.871+0000] {logging_mixin.py:188} INFO - [2026-07-26T01:23:56.868+0000] {dag.py:3096} INFO - Sync 1 DAGs
[2026-07-26T01:23:57.672+0000] {logging_mixin.py:188} INFO - [2026-07-26T01:23:57.671+0000] {dag.py:3954} INFO - Setting next_dagrun for ingest_bronze_layer to 2026-07-26 01:00:00+00:00, run_after=2026-07-26 02:00:00+00:00
[2026-07-26T01:24:00.059+0000] {processor.py:183} INFO - Processing /opt/airflow/dags/bronze_ingestion_dag.py took 10.951 seconds
[2026-07-26T01:24:30.607+0000] {processor.py:161} INFO - Started process (PID=855) to work on /opt/airflow/dags/bronze_ingestion_dag.py
[2026-07-26T01:24:30.625+0000] {processor.py:830} INFO - Processing file /opt/airflow/dags/bronze_ingestion_dag.py for tasks to queue
[2026-07-26T01:24:30.642+0000] {logging_mixin.py:188} INFO - [2026-07-26T01:24:30.641+0000] {dagbag.py:545} INFO - Filling up the DagBag from /opt/airflow/dags/bronze_ingestion_dag.py
[2026-07-26T01:24:30.765+0000] {processor.py:840} INFO - DAG(s) 'ingest_bronze_layer' retrieved from /opt/airflow/dags/bronze_ingestion_dag.py
[2026-07-26T01:24:30.895+0000] {logging_mixin.py:188} INFO - [2026-07-26T01:24:30.893+0000] {dag.py:3096} INFO - Sync 1 DAGs
[2026-07-26T01:24:31.107+0000] {logging_mixin.py:188} INFO - [2026-07-26T01:24:31.097+0000] {dag.py:3954} INFO - Setting next_dagrun for ingest_bronze_layer to 2026-07-26 01:00:00+00:00, run_after=2026-07-26 02:00:00+00:00
[2026-07-26T01:24:31.208+0000] {processor.py:183} INFO - Processing /opt/airflow/dags/bronze_ingestion_dag.py took 0.662 seconds
[2026-07-26T01:25:02.184+0000] {processor.py:161} INFO - Started process (PID=920) to work on /opt/airflow/dags/bronze_ingestion_dag.py
[2026-07-26T01:25:02.202+0000] {processor.py:830} INFO - Processing file /opt/airflow/dags/bronze_ingestion_dag.py for tasks to queue
[2026-07-26T01:25:02.244+0000] {logging_mixin.py:188} INFO - [2026-07-26T01:25:02.234+0000] {dagbag.py:545} INFO - Filling up the DagBag from /opt/airflow/dags/bronze_ingestion_dag.py
[2026-07-26T01:25:02.354+0000] {processor.py:840} INFO - DAG(s) 'ingest_bronze_layer' retrieved from /opt/airflow/dags/bronze_ingestion_dag.py
[2026-07-26T01:25:02.447+0000] {logging_mixin.py:188} INFO - [2026-07-26T01:25:02.445+0000] {dag.py:3096} INFO - Sync 1 DAGs
[2026-07-26T01:25:02.667+0000] {logging_mixin.py:188} INFO - [2026-07-26T01:25:02.666+0000] {dag.py:3954} INFO - Setting next_dagrun for ingest_bronze_layer to 2026-07-26 01:00:00+00:00, run_after=2026-07-26 02:00:00+00:00
[2026-07-26T01:25:02.927+0000] {processor.py:183} INFO - Processing /opt/airflow/dags/bronze_ingestion_dag.py took 0.792 seconds
[2026-07-26T01:25:34.055+0000] {processor.py:161} INFO - Started process (PID=996) to work on /opt/airflow/dags/bronze_ingestion_dag.py
[2026-07-26T01:25:34.079+0000] {processor.py:830} INFO - Processing file /opt/airflow/dags/bronze_ingestion_dag.py for tasks to queue
[2026-07-26T01:25:34.142+0000] {logging_mixin.py:188} INFO - [2026-07-26T01:25:34.138+0000] {dagbag.py:545} INFO - Filling up the DagBag from /opt/airflow/dags/bronze_ingestion_dag.py
[2026-07-26T01:25:34.507+0000] {processor.py:840} INFO - DAG(s) 'ingest_bronze_layer' retrieved from /opt/airflow/dags/bronze_ingestion_dag.py
[2026-07-26T01:25:34.800+0000] {logging_mixin.py:188} INFO - [2026-07-26T01:25:34.797+0000] {dag.py:3096} INFO - Sync 1 DAGs
[2026-07-26T01:25:35.250+0000] {logging_mixin.py:188} INFO - [2026-07-26T01:25:35.249+0000] {dag.py:3954} INFO - Setting next_dagrun for ingest_bronze_layer to 2026-07-26 01:00:00+00:00, run_after=2026-07-26 02:00:00+00:00
[2026-07-26T01:25:35.453+0000] {processor.py:183} INFO - Processing /opt/airflow/dags/bronze_ingestion_dag.py took 1.523 seconds
[2026-07-26T01:26:05.823+0000] {processor.py:161} INFO - Started process (PID=1603) to work on /opt/airflow/dags/bronze_ingestion_dag.py
[2026-07-26T01:26:05.832+0000] {processor.py:830} INFO - Processing file /opt/airflow/dags/bronze_ingestion_dag.py for tasks to queue
[2026-07-26T01:26:05.850+0000] {logging_mixin.py:188} INFO - [2026-07-26T01:26:05.849+0000] {dagbag.py:545} INFO - Filling up the DagBag from /opt/airflow/dags/bronze_ingestion_dag.py
[2026-07-26T01:26:06.081+0000] {processor.py:840} INFO - DAG(s) 'ingest_bronze_layer' retrieved from /opt/airflow/dags/bronze_ingestion_dag.py
[2026-07-26T01:26:06.321+0000] {logging_mixin.py:188} INFO - [2026-07-26T01:26:06.309+0000] {dag.py:3096} INFO - Sync 1 DAGs
[2026-07-26T01:26:06.803+0000] {logging_mixin.py:188} INFO - [2026-07-26T01:26:06.803+0000] {dag.py:3954} INFO - Setting next_dagrun for ingest_bronze_layer to 2026-07-26 01:00:00+00:00, run_after=2026-07-26 02:00:00+00:00
[2026-07-26T01:26:07.385+0000] {processor.py:183} INFO - Processing /opt/airflow/dags/bronze_ingestion_dag.py took 1.604 seconds
[2026-07-26T01:26:39.347+0000] {processor.py:161} INFO - Started process (PID=2239) to work on /opt/airflow/dags/bronze_ingestion_dag.py
[2026-07-26T01:26:39.383+0000] {processor.py:830} INFO - Processing file /opt/airflow/dags/bronze_ingestion_dag.py for tasks to queue
[2026-07-26T01:26:39.512+0000] {logging_mixin.py:188} INFO - [2026-07-26T01:26:39.483+0000] {dagbag.py:545} INFO - Filling up the DagBag from /opt/airflow/dags/bronze_ingestion_dag.py
[2026-07-26T01:26:41.096+0000] {processor.py:840} INFO - DAG(s) 'ingest_bronze_layer' retrieved from /opt/airflow/dags/bronze_ingestion_dag.py
[2026-07-26T01:26:43.175+0000] {logging_mixin.py:188} INFO - [2026-07-26T01:26:43.142+0000] {dag.py:3096} INFO - Sync 1 DAGs
[2026-07-26T01:26:43.871+0000] {logging_mixin.py:188} INFO - [2026-07-26T01:26:43.846+0000] {dag.py:3954} INFO - Setting next_dagrun for ingest_bronze_layer to 2026-07-26 01:00:00+00:00, run_after=2026-07-26 02:00:00+00:00
[2026-07-26T01:26:44.099+0000] {processor.py:183} INFO - Processing /opt/airflow/dags/bronze_ingestion_dag.py took 4.898 seconds
[2026-07-26T01:27:15.668+0000] {processor.py:161} INFO - Started process (PID=2283) to work on /opt/airflow/dags/bronze_ingestion_dag.py
[2026-07-26T01:27:15.745+0000] {processor.py:830} INFO - Processing file /opt/airflow/dags/bronze_ingestion_dag.py for tasks to queue
[2026-07-26T01:27:15.909+0000] {logging_mixin.py:188} INFO - [2026-07-26T01:27:15.812+0000] {dagbag.py:545} INFO - Filling up the DagBag from /opt/airflow/dags/bronze_ingestion_dag.py
[2026-07-26T01:27:18.518+0000] {processor.py:840} INFO - DAG(s) 'ingest_bronze_layer' retrieved from /opt/airflow/dags/bronze_ingestion_dag.py
[2026-07-26T01:27:20.268+0000] {logging_mixin.py:188} INFO - [2026-07-26T01:27:20.256+0000] {dag.py:3096} INFO - Sync 1 DAGs
[2026-07-26T01:27:22.312+0000] {logging_mixin.py:188} INFO - [2026-07-26T01:27:22.288+0000] {dag.py:3954} INFO - Setting next_dagrun for ingest_bronze_layer to 2026-07-26 01:00:00+00:00, run_after=2026-07-26 02:00:00+00:00
[2026-07-26T01:27:23.051+0000] {processor.py:183} INFO - Processing /opt/airflow/dags/bronze_ingestion_dag.py took 7.615 seconds
[2026-07-26T01:27:54.145+0000] {processor.py:161} INFO - Started process (PID=2339) to work on /opt/airflow/dags/bronze_ingestion_dag.py
[2026-07-26T01:27:54.218+0000] {processor.py:830} INFO - Processing file /opt/airflow/dags/bronze_ingestion_dag.py for tasks to queue
[2026-07-26T01:27:54.365+0000] {logging_mixin.py:188} INFO - [2026-07-26T01:27:54.337+0000] {dagbag.py:545} INFO - Filling up the DagBag from /opt/airflow/dags/bronze_ingestion_dag.py
[2026-07-26T01:27:58.850+0000] {processor.py:840} INFO - DAG(s) 'ingest_bronze_layer' retrieved from /opt/airflow/dags/bronze_ingestion_dag.py
[2026-07-26T01:27:59.253+0000] {logging_mixin.py:188} INFO - [2026-07-26T01:27:59.252+0000] {dag.py:3096} INFO - Sync 1 DAGs
[2026-07-26T01:28:00.510+0000] {logging_mixin.py:188} INFO - [2026-07-26T01:28:00.510+0000] {dag.py:3954} INFO - Setting next_dagrun for ingest_bronze_layer to 2026-07-26 01:00:00+00:00, run_after=2026-07-26 02:00:00+00:00
[2026-07-26T01:28:02.344+0000] {processor.py:183} INFO - Processing /opt/airflow/dags/bronze_ingestion_dag.py took 7.625 seconds
[2026-07-26T01:28:35.721+0000] {processor.py:161} INFO - Started process (PID=2412) to work on /opt/airflow/dags/bronze_ingestion_dag.py
[2026-07-26T01:28:35.832+0000] {processor.py:830} INFO - Processing file /opt/airflow/dags/bronze_ingestion_dag.py for tasks to queue
[2026-07-26T01:28:36.247+0000] {logging_mixin.py:188} INFO - [2026-07-26T01:28:36.209+0000] {dagbag.py:545} INFO - Filling up the DagBag from /opt/airflow/dags/bronze_ingestion_dag.py
[2026-07-26T01:28:37.658+0000] {processor.py:840} INFO - DAG(s) 'ingest_bronze_layer' retrieved from /opt/airflow/dags/bronze_ingestion_dag.py
[2026-07-26T01:28:38.300+0000] {logging_mixin.py:188} INFO - [2026-07-26T01:28:38.299+0000] {dag.py:3096} INFO - Sync 1 DAGs
[2026-07-26T01:28:39.474+0000] {logging_mixin.py:188} INFO - [2026-07-26T01:28:39.473+0000] {dag.py:3954} INFO - Setting next_dagrun for ingest_bronze_layer to 2026-07-26 01:00:00+00:00, run_after=2026-07-26 02:00:00+00:00
[2026-07-26T01:28:40.040+0000] {processor.py:183} INFO - Processing /opt/airflow/dags/bronze_ingestion_dag.py took 5.148 seconds
[2026-07-26T01:29:15.044+0000] {processor.py:161} INFO - Started process (PID=2500) to work on /opt/airflow/dags/bronze_ingestion_dag.py
[2026-07-26T01:29:15.534+0000] {processor.py:830} INFO - Processing file /opt/airflow/dags/bronze_ingestion_dag.py for tasks to queue
[2026-07-26T01:29:15.945+0000] {logging_mixin.py:188} INFO - [2026-07-26T01:29:15.886+0000] {dagbag.py:545} INFO - Filling up the DagBag from /opt/airflow/dags/bronze_ingestion_dag.py
[2026-07-26T01:29:23.117+0000] {processor.py:840} INFO - DAG(s) 'ingest_bronze_layer' retrieved from /opt/airflow/dags/bronze_ingestion_dag.py
[2026-07-26T01:29:27.456+0000] {logging_mixin.py:188} INFO - [2026-07-26T01:29:27.429+0000] {dag.py:3096} INFO - Sync 1 DAGs
[2026-07-26T01:29:32.894+0000] {logging_mixin.py:188} INFO - [2026-07-26T01:29:32.892+0000] {dag.py:3954} INFO - Setting next_dagrun for ingest_bronze_layer to 2026-07-26 01:00:00+00:00, run_after=2026-07-26 02:00:00+00:00
[2026-07-26T01:29:33.549+0000] {processor.py:183} INFO - Processing /opt/airflow/dags/bronze_ingestion_dag.py took 19.952 seconds
[2026-07-26T01:30:04.780+0000] {processor.py:161} INFO - Started process (PID=2616) to work on /opt/airflow/dags/bronze_ingestion_dag.py
[2026-07-26T01:30:04.788+0000] {processor.py:830} INFO - Processing file /opt/airflow/dags/bronze_ingestion_dag.py for tasks to queue
[2026-07-26T01:30:04.848+0000] {logging_mixin.py:188} INFO - [2026-07-26T01:30:04.847+0000] {dagbag.py:545} INFO - Filling up the DagBag from /opt/airflow/dags/bronze_ingestion_dag.py
[2026-07-26T01:30:05.396+0000] {processor.py:840} INFO - DAG(s) 'ingest_bronze_layer' retrieved from /opt/airflow/dags/bronze_ingestion_dag.py
[2026-07-26T01:30:05.979+0000] {logging_mixin.py:188} INFO - [2026-07-26T01:30:05.968+0000] {dag.py:3096} INFO - Sync 1 DAGs
[2026-07-26T01:30:06.693+0000] {logging_mixin.py:188} INFO - [2026-07-26T01:30:06.692+0000] {dag.py:3954} INFO - Setting next_dagrun for ingest_bronze_layer to 2026-07-26 01:00:00+00:00, run_after=2026-07-26 02:00:00+00:00
[2026-07-26T01:30:07.191+0000] {processor.py:183} INFO - Processing /opt/airflow/dags/bronze_ingestion_dag.py took 2.476 seconds
[2026-07-26T01:30:39.510+0000] {processor.py:161} INFO - Started process (PID=2754) to work on /opt/airflow/dags/bronze_ingestion_dag.py
[2026-07-26T01:30:39.559+0000] {processor.py:830} INFO - Processing file /opt/airflow/dags/bronze_ingestion_dag.py for tasks to queue
[2026-07-26T01:30:39.750+0000] {logging_mixin.py:188} INFO - [2026-07-26T01:30:39.740+0000] {dagbag.py:545} INFO - Filling up the DagBag from /opt/airflow/dags/bronze_ingestion_dag.py
[2026-07-26T01:30:40.516+0000] {processor.py:840} INFO - DAG(s) 'ingest_bronze_layer' retrieved from /opt/airflow/dags/bronze_ingestion_dag.py
[2026-07-26T01:30:46.291+0000] {logging_mixin.py:188} INFO - [2026-07-26T01:30:46.276+0000] {dag.py:3096} INFO - Sync 1 DAGs
[2026-07-26T01:30:49.314+0000] {logging_mixin.py:188} INFO - [2026-07-26T01:30:49.305+0000] {dag.py:3954} INFO - Setting next_dagrun for ingest_bronze_layer to 2026-07-26 01:00:00+00:00, run_after=2026-07-26 02:00:00+00:00
[2026-07-26T01:30:50.573+0000] {processor.py:183} INFO - Processing /opt/airflow/dags/bronze_ingestion_dag.py took 11.470 seconds
[2026-07-26T01:31:24.450+0000] {processor.py:161} INFO - Started process (PID=2943) to work on /opt/airflow/dags/bronze_ingestion_dag.py
[2026-07-26T01:31:24.503+0000] {processor.py:830} INFO - Processing file /opt/airflow/dags/bronze_ingestion_dag.py for tasks to queue
[2026-07-26T01:31:24.812+0000] {logging_mixin.py:188} INFO - [2026-07-26T01:31:24.754+0000] {dagbag.py:545} INFO - Filling up the DagBag from /opt/airflow/dags/bronze_ingestion_dag.py
[2026-07-26T01:31:26.133+0000] {processor.py:840} INFO - DAG(s) 'ingest_bronze_layer' retrieved from /opt/airflow/dags/bronze_ingestion_dag.py
[2026-07-26T01:31:26.595+0000] {logging_mixin.py:188} INFO - [2026-07-26T01:31:26.584+0000] {dag.py:3096} INFO - Sync 1 DAGs
[2026-07-26T01:31:26.942+0000] {logging_mixin.py:188} INFO - [2026-07-26T01:31:26.941+0000] {dag.py:3954} INFO - Setting next_dagrun for ingest_bronze_layer to 2026-07-26 01:00:00+00:00, run_after=2026-07-26 02:00:00+00:00
[2026-07-26T01:31:27.057+0000] {processor.py:183} INFO - Processing /opt/airflow/dags/bronze_ingestion_dag.py took 3.013 seconds
[2026-07-26T01:31:58.170+0000] {processor.py:161} INFO - Started process (PID=3057) to work on /opt/airflow/dags/bronze_ingestion_dag.py
[2026-07-26T01:31:58.178+0000] {processor.py:830} INFO - Processing file /opt/airflow/dags/bronze_ingestion_dag.py for tasks to queue
[2026-07-26T01:31:58.257+0000] {logging_mixin.py:188} INFO - [2026-07-26T01:31:58.255+0000] {dagbag.py:545} INFO - Filling up the DagBag from /opt/airflow/dags/bronze_ingestion_dag.py
[2026-07-26T01:31:58.377+0000] {processor.py:840} INFO - DAG(s) 'ingest_bronze_layer' retrieved from /opt/airflow/dags/bronze_ingestion_dag.py
[2026-07-26T01:31:58.781+0000] {logging_mixin.py:188} INFO - [2026-07-26T01:31:58.781+0000] {dag.py:3096} INFO - Sync 1 DAGs
[2026-07-26T01:31:59.181+0000] {logging_mixin.py:188} INFO - [2026-07-26T01:31:59.180+0000] {dag.py:3954} INFO - Setting next_dagrun for ingest_bronze_layer to 2026-07-26 01:00:00+00:00, run_after=2026-07-26 02:00:00+00:00
[2026-07-26T01:31:59.277+0000] {processor.py:183} INFO - Processing /opt/airflow/dags/bronze_ingestion_dag.py took 1.133 seconds
[2026-07-26T01:32:29.657+0000] {processor.py:161} INFO - Started process (PID=3069) to work on /opt/airflow/dags/bronze_ingestion_dag.py
[2026-07-26T01:32:29.662+0000] {processor.py:830} INFO - Processing file /opt/airflow/dags/bronze_ingestion_dag.py for tasks to queue
[2026-07-26T01:32:29.668+0000] {logging_mixin.py:188} INFO - [2026-07-26T01:32:29.667+0000] {dagbag.py:545} INFO - Filling up the DagBag from /opt/airflow/dags/bronze_ingestion_dag.py
[2026-07-26T01:32:29.713+0000] {processor.py:840} INFO - DAG(s) 'ingest_bronze_layer' retrieved from /opt/airflow/dags/bronze_ingestion_dag.py
[2026-07-26T01:32:29.815+0000] {logging_mixin.py:188} INFO - [2026-07-26T01:32:29.809+0000] {dag.py:3096} INFO - Sync 1 DAGs
[2026-07-26T01:32:29.898+0000] {logging_mixin.py:188} INFO - [2026-07-26T01:32:29.897+0000] {dag.py:3954} INFO - Setting next_dagrun for ingest_bronze_layer to 2026-07-26 01:00:00+00:00, run_after=2026-07-26 02:00:00+00:00
[2026-07-26T01:32:29.944+0000] {processor.py:183} INFO - Processing /opt/airflow/dags/bronze_ingestion_dag.py took 0.303 seconds
[2026-07-26T01:33:00.266+0000] {processor.py:161} INFO - Started process (PID=3084) to work on /opt/airflow/dags/bronze_ingestion_dag.py
[2026-07-26T01:33:00.269+0000] {processor.py:830} INFO - Processing file /opt/airflow/dags/bronze_ingestion_dag.py for tasks to queue
[2026-07-26T01:33:00.274+0000] {logging_mixin.py:188} INFO - [2026-07-26T01:33:00.273+0000] {dagbag.py:545} INFO - Filling up the DagBag from /opt/airflow/dags/bronze_ingestion_dag.py
[2026-07-26T01:33:00.321+0000] {processor.py:840} INFO - DAG(s) 'ingest_bronze_layer' retrieved from /opt/airflow/dags/bronze_ingestion_dag.py
[2026-07-26T01:33:00.366+0000] {logging_mixin.py:188} INFO - [2026-07-26T01:33:00.365+0000] {dag.py:3096} INFO - Sync 1 DAGs
[2026-07-26T01:33:00.419+0000] {logging_mixin.py:188} INFO - [2026-07-26T01:33:00.419+0000] {dag.py:3954} INFO - Setting next_dagrun for ingest_bronze_layer to 2026-07-26 01:00:00+00:00, run_after=2026-07-26 02:00:00+00:00
[2026-07-26T01:33:00.483+0000] {processor.py:183} INFO - Processing /opt/airflow/dags/bronze_ingestion_dag.py took 0.232 seconds
[2026-07-26T01:33:31.533+0000] {processor.py:161} INFO - Started process (PID=3102) to work on /opt/airflow/dags/bronze_ingestion_dag.py
[2026-07-26T01:33:31.537+0000] {processor.py:830} INFO - Processing file /opt/airflow/dags/bronze_ingestion_dag.py for tasks to queue
[2026-07-26T01:33:31.544+0000] {logging_mixin.py:188} INFO - [2026-07-26T01:33:31.544+0000] {dagbag.py:545} INFO - Filling up the DagBag from /opt/airflow/dags/bronze_ingestion_dag.py
[2026-07-26T01:33:31.716+0000] {processor.py:840} INFO - DAG(s) 'ingest_bronze_layer' retrieved from /opt/airflow/dags/bronze_ingestion_dag.py
[2026-07-26T01:33:31.870+0000] {logging_mixin.py:188} INFO - [2026-07-26T01:33:31.869+0000] {dag.py:3096} INFO - Sync 1 DAGs
[2026-07-26T01:33:32.007+0000] {logging_mixin.py:188} INFO - [2026-07-26T01:33:32.006+0000] {dag.py:3954} INFO - Setting next_dagrun for ingest_bronze_layer to 2026-07-26 01:00:00+00:00, run_after=2026-07-26 02:00:00+00:00
[2026-07-26T01:33:32.113+0000] {processor.py:183} INFO - Processing /opt/airflow/dags/bronze_ingestion_dag.py took 0.603 seconds
[2026-07-26T01:34:02.632+0000] {processor.py:161} INFO - Started process (PID=3117) to work on /opt/airflow/dags/bronze_ingestion_dag.py
[2026-07-26T01:34:02.665+0000] {processor.py:830} INFO - Processing file /opt/airflow/dags/bronze_ingestion_dag.py for tasks to queue
[2026-07-26T01:34:02.684+0000] {logging_mixin.py:188} INFO - [2026-07-26T01:34:02.683+0000] {dagbag.py:545} INFO - Filling up the DagBag from /opt/airflow/dags/bronze_ingestion_dag.py
[2026-07-26T01:34:02.845+0000] {processor.py:840} INFO - DAG(s) 'ingest_bronze_layer' retrieved from /opt/airflow/dags/bronze_ingestion_dag.py
[2026-07-26T01:34:02.977+0000] {logging_mixin.py:188} INFO - [2026-07-26T01:34:02.976+0000] {dag.py:3096} INFO - Sync 1 DAGs
[2026-07-26T01:34:03.154+0000] {logging_mixin.py:188} INFO - [2026-07-26T01:34:03.154+0000] {dag.py:3954} INFO - Setting next_dagrun for ingest_bronze_layer to 2026-07-26 01:00:00+00:00, run_after=2026-07-26 02:00:00+00:00
[2026-07-26T01:34:03.352+0000] {processor.py:183} INFO - Processing /opt/airflow/dags/bronze_ingestion_dag.py took 0.900 seconds
[2026-07-26T01:34:34.142+0000] {processor.py:161} INFO - Started process (PID=3132) to work on /opt/airflow/dags/bronze_ingestion_dag.py
[2026-07-26T01:34:34.145+0000] {processor.py:830} INFO - Processing file /opt/airflow/dags/bronze_ingestion_dag.py for tasks to queue
[2026-07-26T01:34:34.160+0000] {logging_mixin.py:188} INFO - [2026-07-26T01:34:34.158+0000] {dagbag.py:545} INFO - Filling up the DagBag from /opt/airflow/dags/bronze_ingestion_dag.py
[2026-07-26T01:34:34.220+0000] {processor.py:840} INFO - DAG(s) 'ingest_bronze_layer' retrieved from /opt/airflow/dags/bronze_ingestion_dag.py
[2026-07-26T01:34:34.386+0000] {logging_mixin.py:188} INFO - [2026-07-26T01:34:34.385+0000] {dag.py:3096} INFO - Sync 1 DAGs
[2026-07-26T01:34:34.565+0000] {logging_mixin.py:188} INFO - [2026-07-26T01:34:34.565+0000] {dag.py:3954} INFO - Setting next_dagrun for ingest_bronze_layer to 2026-07-26 01:00:00+00:00, run_after=2026-07-26 02:00:00+00:00
[2026-07-26T01:34:34.667+0000] {processor.py:183} INFO - Processing /opt/airflow/dags/bronze_ingestion_dag.py took 0.563 seconds
[2026-07-26T01:35:05.548+0000] {processor.py:161} INFO - Started process (PID=3147) to work on /opt/airflow/dags/bronze_ingestion_dag.py
[2026-07-26T01:35:05.551+0000] {processor.py:830} INFO - Processing file /opt/airflow/dags/bronze_ingestion_dag.py for tasks to queue
[2026-07-26T01:35:05.563+0000] {logging_mixin.py:188} INFO - [2026-07-26T01:35:05.562+0000] {dagbag.py:545} INFO - Filling up the DagBag from /opt/airflow/dags/bronze_ingestion_dag.py
[2026-07-26T01:35:05.657+0000] {processor.py:840} INFO - DAG(s) 'ingest_bronze_layer' retrieved from /opt/airflow/dags/bronze_ingestion_dag.py
[2026-07-26T01:35:05.749+0000] {logging_mixin.py:188} INFO - [2026-07-26T01:35:05.748+0000] {dag.py:3096} INFO - Sync 1 DAGs
[2026-07-26T01:35:05.841+0000] {logging_mixin.py:188} INFO - [2026-07-26T01:35:05.841+0000] {dag.py:3954} INFO - Setting next_dagrun for ingest_bronze_layer to 2026-07-26 01:00:00+00:00, run_after=2026-07-26 02:00:00+00:00
[2026-07-26T01:35:05.958+0000] {processor.py:183} INFO - Processing /opt/airflow/dags/bronze_ingestion_dag.py took 0.434 seconds
[2026-07-26T01:35:36.962+0000] {processor.py:161} INFO - Started process (PID=3162) to work on /opt/airflow/dags/bronze_ingestion_dag.py
[2026-07-26T01:35:36.967+0000] {processor.py:830} INFO - Processing file /opt/airflow/dags/bronze_ingestion_dag.py for tasks to queue
[2026-07-26T01:35:36.975+0000] {logging_mixin.py:188} INFO - [2026-07-26T01:35:36.973+0000] {dagbag.py:545} INFO - Filling up the DagBag from /opt/airflow/dags/bronze_ingestion_dag.py
[2026-07-26T01:35:37.063+0000] {processor.py:840} INFO - DAG(s) 'ingest_bronze_layer' retrieved from /opt/airflow/dags/bronze_ingestion_dag.py
[2026-07-26T01:35:37.155+0000] {logging_mixin.py:188} INFO - [2026-07-26T01:35:37.152+0000] {dag.py:3096} INFO - Sync 1 DAGs
[2026-07-26T01:35:37.270+0000] {logging_mixin.py:188} INFO - [2026-07-26T01:35:37.269+0000] {dag.py:3954} INFO - Setting next_dagrun for ingest_bronze_layer to 2026-07-26 01:00:00+00:00, run_after=2026-07-26 02:00:00+00:00
[2026-07-26T01:35:37.333+0000] {processor.py:183} INFO - Processing /opt/airflow/dags/bronze_ingestion_dag.py took 0.395 seconds
[2026-07-26T01:36:07.694+0000] {processor.py:161} INFO - Started process (PID=3179) to work on /opt/airflow/dags/bronze_ingestion_dag.py
[2026-07-26T01:36:07.697+0000] {processor.py:830} INFO - Processing file /opt/airflow/dags/bronze_ingestion_dag.py for tasks to queue
[2026-07-26T01:36:07.703+0000] {logging_mixin.py:188} INFO - [2026-07-26T01:36:07.702+0000] {dagbag.py:545} INFO - Filling up the DagBag from /opt/airflow/dags/bronze_ingestion_dag.py
[2026-07-26T01:36:07.752+0000] {processor.py:840} INFO - DAG(s) 'ingest_bronze_layer' retrieved from /opt/airflow/dags/bronze_ingestion_dag.py
[2026-07-26T01:36:07.833+0000] {logging_mixin.py:188} INFO - [2026-07-26T01:36:07.832+0000] {dag.py:3096} INFO - Sync 1 DAGs
[2026-07-26T01:36:07.963+0000] {logging_mixin.py:188} INFO - [2026-07-26T01:36:07.963+0000] {dag.py:3954} INFO - Setting next_dagrun for ingest_bronze_layer to 2026-07-26 01:00:00+00:00, run_after=2026-07-26 02:00:00+00:00
[2026-07-26T01:36:08.015+0000] {processor.py:183} INFO - Processing /opt/airflow/dags/bronze_ingestion_dag.py took 0.341 seconds
[2026-07-26T01:36:38.759+0000] {processor.py:161} INFO - Started process (PID=3192) to work on /opt/airflow/dags/bronze_ingestion_dag.py
[2026-07-26T01:36:38.763+0000] {processor.py:830} INFO - Processing file /opt/airflow/dags/bronze_ingestion_dag.py for tasks to queue
[2026-07-26T01:36:38.772+0000] {logging_mixin.py:188} INFO - [2026-07-26T01:36:38.770+0000] {dagbag.py:545} INFO - Filling up the DagBag from /opt/airflow/dags/bronze_ingestion_dag.py
[2026-07-26T01:36:38.859+0000] {processor.py:840} INFO - DAG(s) 'ingest_bronze_layer' retrieved from /opt/airflow/dags/bronze_ingestion_dag.py
[2026-07-26T01:36:38.968+0000] {logging_mixin.py:188} INFO - [2026-07-26T01:36:38.965+0000] {dag.py:3096} INFO - Sync 1 DAGs
[2026-07-26T01:36:39.175+0000] {logging_mixin.py:188} INFO - [2026-07-26T01:36:39.174+0000] {dag.py:3954} INFO - Setting next_dagrun for ingest_bronze_layer to 2026-07-26 01:00:00+00:00, run_after=2026-07-26 02:00:00+00:00
[2026-07-26T01:36:39.225+0000] {processor.py:183} INFO - Processing /opt/airflow/dags/bronze_ingestion_dag.py took 0.498 seconds
[2026-07-26T01:37:09.517+0000] {processor.py:161} INFO - Started process (PID=3207) to work on /opt/airflow/dags/bronze_ingestion_dag.py
[2026-07-26T01:37:09.520+0000] {processor.py:830} INFO - Processing file /opt/airflow/dags/bronze_ingestion_dag.py for tasks to queue
[2026-07-26T01:37:09.527+0000] {logging_mixin.py:188} INFO - [2026-07-26T01:37:09.526+0000] {dagbag.py:545} INFO - Filling up the DagBag from /opt/airflow/dags/bronze_ingestion_dag.py
[2026-07-26T01:37:09.582+0000] {processor.py:840} INFO - DAG(s) 'ingest_bronze_layer' retrieved from /opt/airflow/dags/bronze_ingestion_dag.py
[2026-07-26T01:37:09.672+0000] {logging_mixin.py:188} INFO - [2026-07-26T01:37:09.671+0000] {dag.py:3096} INFO - Sync 1 DAGs
[2026-07-26T01:37:09.810+0000] {logging_mixin.py:188} INFO - [2026-07-26T01:37:09.809+0000] {dag.py:3954} INFO - Setting next_dagrun for ingest_bronze_layer to 2026-07-26 01:00:00+00:00, run_after=2026-07-26 02:00:00+00:00
[2026-07-26T01:37:09.911+0000] {processor.py:183} INFO - Processing /opt/airflow/dags/bronze_ingestion_dag.py took 0.412 seconds
[2026-07-26T01:37:40.148+0000] {processor.py:161} INFO - Started process (PID=3222) to work on /opt/airflow/dags/bronze_ingestion_dag.py
[2026-07-26T01:37:40.152+0000] {processor.py:830} INFO - Processing file /opt/airflow/dags/bronze_ingestion_dag.py for tasks to queue
[2026-07-26T01:37:40.165+0000] {logging_mixin.py:188} INFO - [2026-07-26T01:37:40.164+0000] {dagbag.py:545} INFO - Filling up the DagBag from /opt/airflow/dags/bronze_ingestion_dag.py
[2026-07-26T01:37:40.235+0000] {processor.py:840} INFO - DAG(s) 'ingest_bronze_layer' retrieved from /opt/airflow/dags/bronze_ingestion_dag.py
[2026-07-26T01:37:40.305+0000] {logging_mixin.py:188} INFO - [2026-07-26T01:37:40.304+0000] {dag.py:3096} INFO - Sync 1 DAGs
[2026-07-26T01:37:40.370+0000] {logging_mixin.py:188} INFO - [2026-07-26T01:37:40.370+0000] {dag.py:3954} INFO - Setting next_dagrun for ingest_bronze_layer to 2026-07-26 01:00:00+00:00, run_after=2026-07-26 02:00:00+00:00
[2026-07-26T01:37:40.418+0000] {processor.py:183} INFO - Processing /opt/airflow/dags/bronze_ingestion_dag.py took 0.289 seconds
[2026-07-26T01:38:11.044+0000] {processor.py:161} INFO - Started process (PID=3237) to work on /opt/airflow/dags/bronze_ingestion_dag.py
[2026-07-26T01:38:11.048+0000] {processor.py:830} INFO - Processing file /opt/airflow/dags/bronze_ingestion_dag.py for tasks to queue
[2026-07-26T01:38:11.053+0000] {logging_mixin.py:188} INFO - [2026-07-26T01:38:11.052+0000] {dagbag.py:545} INFO - Filling up the DagBag from /opt/airflow/dags/bronze_ingestion_dag.py
[2026-07-26T01:38:11.125+0000] {processor.py:840} INFO - DAG(s) 'ingest_bronze_layer' retrieved from /opt/airflow/dags/bronze_ingestion_dag.py
[2026-07-26T01:38:11.181+0000] {logging_mixin.py:188} INFO - [2026-07-26T01:38:11.180+0000] {dag.py:3096} INFO - Sync 1 DAGs
[2026-07-26T01:38:11.248+0000] {logging_mixin.py:188} INFO - [2026-07-26T01:38:11.247+0000] {dag.py:3954} INFO - Setting next_dagrun for ingest_bronze_layer to 2026-07-26 01:00:00+00:00, run_after=2026-07-26 02:00:00+00:00
[2026-07-26T01:38:11.293+0000] {processor.py:183} INFO - Processing /opt/airflow/dags/bronze_ingestion_dag.py took 0.275 seconds
[2026-07-26T01:38:41.811+0000] {processor.py:161} INFO - Started process (PID=3252) to work on /opt/airflow/dags/bronze_ingestion_dag.py
[2026-07-26T01:38:41.823+0000] {processor.py:830} INFO - Processing file /opt/airflow/dags/bronze_ingestion_dag.py for tasks to queue
[2026-07-26T01:38:41.830+0000] {logging_mixin.py:188} INFO - [2026-07-26T01:38:41.829+0000] {dagbag.py:545} INFO - Filling up the DagBag from /opt/airflow/dags/bronze_ingestion_dag.py
[2026-07-26T01:38:41.936+0000] {processor.py:840} INFO - DAG(s) 'ingest_bronze_layer' retrieved from /opt/airflow/dags/bronze_ingestion_dag.py
[2026-07-26T01:38:42.022+0000] {logging_mixin.py:188} INFO - [2026-07-26T01:38:42.020+0000] {dag.py:3096} INFO - Sync 1 DAGs
[2026-07-26T01:38:42.147+0000] {logging_mixin.py:188} INFO - [2026-07-26T01:38:42.147+0000] {dag.py:3954} INFO - Setting next_dagrun for ingest_bronze_layer to 2026-07-26 01:00:00+00:00, run_after=2026-07-26 02:00:00+00:00
[2026-07-26T01:38:42.204+0000] {processor.py:183} INFO - Processing /opt/airflow/dags/bronze_ingestion_dag.py took 0.427 seconds
[2026-07-26T01:39:12.593+0000] {processor.py:161} INFO - Started process (PID=3267) to work on /opt/airflow/dags/bronze_ingestion_dag.py
[2026-07-26T01:39:12.597+0000] {processor.py:830} INFO - Processing file /opt/airflow/dags/bronze_ingestion_dag.py for tasks to queue
[2026-07-26T01:39:12.602+0000] {logging_mixin.py:188} INFO - [2026-07-26T01:39:12.602+0000] {dagbag.py:545} INFO - Filling up the DagBag from /opt/airflow/dags/bronze_ingestion_dag.py
[2026-07-26T01:39:12.671+0000] {processor.py:840} INFO - DAG(s) 'ingest_bronze_layer' retrieved from /opt/airflow/dags/bronze_ingestion_dag.py
[2026-07-26T01:39:12.732+0000] {logging_mixin.py:188} INFO - [2026-07-26T01:39:12.731+0000] {dag.py:3096} INFO - Sync 1 DAGs
[2026-07-26T01:39:12.805+0000] {logging_mixin.py:188} INFO - [2026-07-26T01:39:12.804+0000] {dag.py:3954} INFO - Setting next_dagrun for ingest_bronze_layer to 2026-07-26 01:00:00+00:00, run_after=2026-07-26 02:00:00+00:00
[2026-07-26T01:39:12.903+0000] {processor.py:183} INFO - Processing /opt/airflow/dags/bronze_ingestion_dag.py took 0.328 seconds
[2026-07-26T01:39:44.142+0000] {processor.py:161} INFO - Started process (PID=3282) to work on /opt/airflow/dags/bronze_ingestion_dag.py
[2026-07-26T01:39:44.155+0000] {processor.py:830} INFO - Processing file /opt/airflow/dags/bronze_ingestion_dag.py for tasks to queue
[2026-07-26T01:39:44.202+0000] {logging_mixin.py:188} INFO - [2026-07-26T01:39:44.201+0000] {dagbag.py:545} INFO - Filling up the DagBag from /opt/airflow/dags/bronze_ingestion_dag.py
[2026-07-26T01:39:44.365+0000] {processor.py:840} INFO - DAG(s) 'ingest_bronze_layer' retrieved from /opt/airflow/dags/bronze_ingestion_dag.py
[2026-07-26T01:39:44.712+0000] {logging_mixin.py:188} INFO - [2026-07-26T01:39:44.708+0000] {dag.py:3096} INFO - Sync 1 DAGs
[2026-07-26T01:39:44.945+0000] {logging_mixin.py:188} INFO - [2026-07-26T01:39:44.944+0000] {dag.py:3954} INFO - Setting next_dagrun for ingest_bronze_layer to 2026-07-26 01:00:00+00:00, run_after=2026-07-26 02:00:00+00:00
[2026-07-26T01:39:45.041+0000] {processor.py:183} INFO - Processing /opt/airflow/dags/bronze_ingestion_dag.py took 0.976 seconds
[2026-07-26T01:40:15.422+0000] {processor.py:161} INFO - Started process (PID=3299) to work on /opt/airflow/dags/bronze_ingestion_dag.py
[2026-07-26T01:40:15.431+0000] {processor.py:830} INFO - Processing file /opt/airflow/dags/bronze_ingestion_dag.py for tasks to queue
[2026-07-26T01:40:15.438+0000] {logging_mixin.py:188} INFO - [2026-07-26T01:40:15.437+0000] {dagbag.py:545} INFO - Filling up the DagBag from /opt/airflow/dags/bronze_ingestion_dag.py
[2026-07-26T01:40:15.517+0000] {processor.py:840} INFO - DAG(s) 'ingest_bronze_layer' retrieved from /opt/airflow/dags/bronze_ingestion_dag.py
[2026-07-26T01:40:15.597+0000] {logging_mixin.py:188} INFO - [2026-07-26T01:40:15.595+0000] {dag.py:3096} INFO - Sync 1 DAGs
[2026-07-26T01:40:15.682+0000] {logging_mixin.py:188} INFO - [2026-07-26T01:40:15.681+0000] {dag.py:3954} INFO - Setting next_dagrun for ingest_bronze_layer to 2026-07-26 01:00:00+00:00, run_after=2026-07-26 02:00:00+00:00
[2026-07-26T01:40:15.739+0000] {processor.py:183} INFO - Processing /opt/airflow/dags/bronze_ingestion_dag.py took 0.356 seconds
[2026-07-26T01:40:51.281+0000] {processor.py:161} INFO - Started process (PID=3312) to work on /opt/airflow/dags/bronze_ingestion_dag.py
[2026-07-26T01:40:51.352+0000] {processor.py:830} INFO - Processing file /opt/airflow/dags/bronze_ingestion_dag.py for tasks to queue
[2026-07-26T01:40:51.629+0000] {logging_mixin.py:188} INFO - [2026-07-26T01:40:51.590+0000] {dagbag.py:545} INFO - Filling up the DagBag from /opt/airflow/dags/bronze_ingestion_dag.py
[2026-07-26T01:40:52.352+0000] {processor.py:840} INFO - DAG(s) 'ingest_bronze_layer' retrieved from /opt/airflow/dags/bronze_ingestion_dag.py
[2026-07-26T01:40:53.484+0000] {logging_mixin.py:188} INFO - [2026-07-26T01:40:53.483+0000] {dag.py:3096} INFO - Sync 1 DAGs
[2026-07-26T01:40:54.001+0000] {logging_mixin.py:188} INFO - [2026-07-26T01:40:54.001+0000] {dag.py:3954} INFO - Setting next_dagrun for ingest_bronze_layer to 2026-07-26 01:00:00+00:00, run_after=2026-07-26 02:00:00+00:00
[2026-07-26T01:40:54.831+0000] {processor.py:183} INFO - Processing /opt/airflow/dags/bronze_ingestion_dag.py took 3.801 seconds
[2026-07-26T01:41:25.928+0000] {processor.py:161} INFO - Started process (PID=3327) to work on /opt/airflow/dags/bronze_ingestion_dag.py
[2026-07-26T01:41:25.933+0000] {processor.py:830} INFO - Processing file /opt/airflow/dags/bronze_ingestion_dag.py for tasks to queue
[2026-07-26T01:41:25.957+0000] {logging_mixin.py:188} INFO - [2026-07-26T01:41:25.956+0000] {dagbag.py:545} INFO - Filling up the DagBag from /opt/airflow/dags/bronze_ingestion_dag.py
[2026-07-26T01:41:26.074+0000] {processor.py:840} INFO - DAG(s) 'ingest_bronze_layer' retrieved from /opt/airflow/dags/bronze_ingestion_dag.py
[2026-07-26T01:41:26.348+0000] {logging_mixin.py:188} INFO - [2026-07-26T01:41:26.346+0000] {dag.py:3096} INFO - Sync 1 DAGs
[2026-07-26T01:41:26.579+0000] {logging_mixin.py:188} INFO - [2026-07-26T01:41:26.579+0000] {dag.py:3954} INFO - Setting next_dagrun for ingest_bronze_layer to 2026-07-26 01:00:00+00:00, run_after=2026-07-26 02:00:00+00:00
[2026-07-26T01:41:26.691+0000] {processor.py:183} INFO - Processing /opt/airflow/dags/bronze_ingestion_dag.py took 0.824 seconds
[2026-07-26T01:42:22.351+0000] {processor.py:161} INFO - Started process (PID=3349) to work on /opt/airflow/dags/bronze_ingestion_dag.py
[2026-07-26T01:42:22.374+0000] {processor.py:830} INFO - Processing file /opt/airflow/dags/bronze_ingestion_dag.py for tasks to queue
[2026-07-26T01:42:22.396+0000] {logging_mixin.py:188} INFO - [2026-07-26T01:42:22.395+0000] {dagbag.py:545} INFO - Filling up the DagBag from /opt/airflow/dags/bronze_ingestion_dag.py
[2026-07-26T01:42:22.667+0000] {processor.py:840} INFO - DAG(s) 'ingest_bronze_layer' retrieved from /opt/airflow/dags/bronze_ingestion_dag.py
[2026-07-26T01:42:22.810+0000] {logging_mixin.py:188} INFO - [2026-07-26T01:42:22.809+0000] {dag.py:3096} INFO - Sync 1 DAGs
[2026-07-26T01:42:23.086+0000] {logging_mixin.py:188} INFO - [2026-07-26T01:42:23.085+0000] {dag.py:3954} INFO - Setting next_dagrun for ingest_bronze_layer to 2026-07-26 01:00:00+00:00, run_after=2026-07-26 02:00:00+00:00
[2026-07-26T01:42:23.385+0000] {processor.py:183} INFO - Processing /opt/airflow/dags/bronze_ingestion_dag.py took 1.113 seconds
[2026-07-26T01:42:53.639+0000] {processor.py:161} INFO - Started process (PID=3364) to work on /opt/airflow/dags/bronze_ingestion_dag.py
[2026-07-26T01:42:53.655+0000] {processor.py:830} INFO - Processing file /opt/airflow/dags/bronze_ingestion_dag.py for tasks to queue
[2026-07-26T01:42:53.717+0000] {logging_mixin.py:188} INFO - [2026-07-26T01:42:53.707+0000] {dagbag.py:545} INFO - Filling up the DagBag from /opt/airflow/dags/bronze_ingestion_dag.py
[2026-07-26T01:42:54.023+0000] {processor.py:840} INFO - DAG(s) 'ingest_bronze_layer' retrieved from /opt/airflow/dags/bronze_ingestion_dag.py
[2026-07-26T01:42:54.193+0000] {logging_mixin.py:188} INFO - [2026-07-26T01:42:54.191+0000] {dag.py:3096} INFO - Sync 1 DAGs
[2026-07-26T01:42:54.377+0000] {logging_mixin.py:188} INFO - [2026-07-26T01:42:54.377+0000] {dag.py:3954} INFO - Setting next_dagrun for ingest_bronze_layer to 2026-07-26 01:00:00+00:00, run_after=2026-07-26 02:00:00+00:00
[2026-07-26T01:42:54.524+0000] {processor.py:183} INFO - Processing /opt/airflow/dags/bronze_ingestion_dag.py took 0.906 seconds
[2026-07-26T01:43:25.248+0000] {processor.py:161} INFO - Started process (PID=3379) to work on /opt/airflow/dags/bronze_ingestion_dag.py
[2026-07-26T01:43:25.253+0000] {processor.py:830} INFO - Processing file /opt/airflow/dags/bronze_ingestion_dag.py for tasks to queue
[2026-07-26T01:43:25.263+0000] {logging_mixin.py:188} INFO - [2026-07-26T01:43:25.262+0000] {dagbag.py:545} INFO - Filling up the DagBag from /opt/airflow/dags/bronze_ingestion_dag.py
[2026-07-26T01:43:25.341+0000] {processor.py:840} INFO - DAG(s) 'ingest_bronze_layer' retrieved from /opt/airflow/dags/bronze_ingestion_dag.py
[2026-07-26T01:43:25.410+0000] {logging_mixin.py:188} INFO - [2026-07-26T01:43:25.409+0000] {dag.py:3096} INFO - Sync 1 DAGs
[2026-07-26T01:43:25.520+0000] {logging_mixin.py:188} INFO - [2026-07-26T01:43:25.520+0000] {dag.py:3954} INFO - Setting next_dagrun for ingest_bronze_layer to 2026-07-26 01:00:00+00:00, run_after=2026-07-26 02:00:00+00:00
[2026-07-26T01:43:25.607+0000] {processor.py:183} INFO - Processing /opt/airflow/dags/bronze_ingestion_dag.py took 0.391 seconds
[2026-07-26T01:43:56.926+0000] {processor.py:161} INFO - Started process (PID=3392) to work on /opt/airflow/dags/bronze_ingestion_dag.py
[2026-07-26T01:43:56.933+0000] {processor.py:830} INFO - Processing file /opt/airflow/dags/bronze_ingestion_dag.py for tasks to queue
[2026-07-26T01:43:56.960+0000] {logging_mixin.py:188} INFO - [2026-07-26T01:43:56.959+0000] {dagbag.py:545} INFO - Filling up the DagBag from /opt/airflow/dags/bronze_ingestion_dag.py
[2026-07-26T01:43:57.424+0000] {processor.py:840} INFO - DAG(s) 'ingest_bronze_layer' retrieved from /opt/airflow/dags/bronze_ingestion_dag.py
[2026-07-26T01:43:58.269+0000] {logging_mixin.py:188} INFO - [2026-07-26T01:43:58.268+0000] {dag.py:3096} INFO - Sync 1 DAGs
[2026-07-26T01:43:58.385+0000] {logging_mixin.py:188} INFO - [2026-07-26T01:43:58.384+0000] {dag.py:3954} INFO - Setting next_dagrun for ingest_bronze_layer to 2026-07-26 01:00:00+00:00, run_after=2026-07-26 02:00:00+00:00
[2026-07-26T01:43:59.019+0000] {processor.py:183} INFO - Processing /opt/airflow/dags/bronze_ingestion_dag.py took 2.130 seconds
[2026-07-26T01:44:29.462+0000] {processor.py:161} INFO - Started process (PID=3409) to work on /opt/airflow/dags/bronze_ingestion_dag.py
[2026-07-26T01:44:29.464+0000] {processor.py:830} INFO - Processing file /opt/airflow/dags/bronze_ingestion_dag.py for tasks to queue
[2026-07-26T01:44:29.469+0000] {logging_mixin.py:188} INFO - [2026-07-26T01:44:29.469+0000] {dagbag.py:545} INFO - Filling up the DagBag from /opt/airflow/dags/bronze_ingestion_dag.py
[2026-07-26T01:44:29.519+0000] {processor.py:840} INFO - DAG(s) 'ingest_bronze_layer' retrieved from /opt/airflow/dags/bronze_ingestion_dag.py
[2026-07-26T01:44:29.568+0000] {logging_mixin.py:188} INFO - [2026-07-26T01:44:29.567+0000] {dag.py:3096} INFO - Sync 1 DAGs
[2026-07-26T01:44:29.626+0000] {logging_mixin.py:188} INFO - [2026-07-26T01:44:29.625+0000] {dag.py:3954} INFO - Setting next_dagrun for ingest_bronze_layer to 2026-07-26 01:00:00+00:00, run_after=2026-07-26 02:00:00+00:00
[2026-07-26T01:44:29.684+0000] {processor.py:183} INFO - Processing /opt/airflow/dags/bronze_ingestion_dag.py took 0.235 seconds
[2026-07-26T01:45:00.805+0000] {processor.py:161} INFO - Started process (PID=3424) to work on /opt/airflow/dags/bronze_ingestion_dag.py
[2026-07-26T01:45:00.808+0000] {processor.py:830} INFO - Processing file /opt/airflow/dags/bronze_ingestion_dag.py for tasks to queue
[2026-07-26T01:45:00.829+0000] {logging_mixin.py:188} INFO - [2026-07-26T01:45:00.828+0000] {dagbag.py:545} INFO - Filling up the DagBag from /opt/airflow/dags/bronze_ingestion_dag.py
[2026-07-26T01:45:00.937+0000] {processor.py:840} INFO - DAG(s) 'ingest_bronze_layer' retrieved from /opt/airflow/dags/bronze_ingestion_dag.py
[2026-07-26T01:45:01.077+0000] {logging_mixin.py:188} INFO - [2026-07-26T01:45:01.075+0000] {dag.py:3096} INFO - Sync 1 DAGs
[2026-07-26T01:45:01.301+0000] {logging_mixin.py:188} INFO - [2026-07-26T01:45:01.301+0000] {dag.py:3954} INFO - Setting next_dagrun for ingest_bronze_layer to 2026-07-26 01:00:00+00:00, run_after=2026-07-26 02:00:00+00:00
[2026-07-26T01:45:01.591+0000] {processor.py:183} INFO - Processing /opt/airflow/dags/bronze_ingestion_dag.py took 0.823 seconds
[2026-07-26T01:45:32.250+0000] {processor.py:161} INFO - Started process (PID=3439) to work on /opt/airflow/dags/bronze_ingestion_dag.py
[2026-07-26T01:45:32.253+0000] {processor.py:830} INFO - Processing file /opt/airflow/dags/bronze_ingestion_dag.py for tasks to queue
[2026-07-26T01:45:32.261+0000] {logging_mixin.py:188} INFO - [2026-07-26T01:45:32.260+0000] {dagbag.py:545} INFO - Filling up the DagBag from /opt/airflow/dags/bronze_ingestion_dag.py
[2026-07-26T01:45:32.351+0000] {processor.py:840} INFO - DAG(s) 'ingest_bronze_layer' retrieved from /opt/airflow/dags/bronze_ingestion_dag.py
[2026-07-26T01:45:32.420+0000] {logging_mixin.py:188} INFO - [2026-07-26T01:45:32.419+0000] {dag.py:3096} INFO - Sync 1 DAGs
[2026-07-26T01:45:32.522+0000] {logging_mixin.py:188} INFO - [2026-07-26T01:45:32.522+0000] {dag.py:3954} INFO - Setting next_dagrun for ingest_bronze_layer to 2026-07-26 01:00:00+00:00, run_after=2026-07-26 02:00:00+00:00
[2026-07-26T01:45:32.584+0000] {processor.py:183} INFO - Processing /opt/airflow/dags/bronze_ingestion_dag.py took 0.352 seconds
[2026-07-26T01:46:13.458+0000] {processor.py:161} INFO - Started process (PID=3454) to work on /opt/airflow/dags/bronze_ingestion_dag.py
[2026-07-26T01:46:13.471+0000] {processor.py:830} INFO - Processing file /opt/airflow/dags/bronze_ingestion_dag.py for tasks to queue
[2026-07-26T01:46:13.481+0000] {logging_mixin.py:188} INFO - [2026-07-26T01:46:13.480+0000] {dagbag.py:545} INFO - Filling up the DagBag from /opt/airflow/dags/bronze_ingestion_dag.py
[2026-07-26T01:46:13.630+0000] {processor.py:840} INFO - DAG(s) 'ingest_bronze_layer' retrieved from /opt/airflow/dags/bronze_ingestion_dag.py
[2026-07-26T01:46:13.786+0000] {logging_mixin.py:188} INFO - [2026-07-26T01:46:13.785+0000] {dag.py:3096} INFO - Sync 1 DAGs
[2026-07-26T01:46:13.945+0000] {logging_mixin.py:188} INFO - [2026-07-26T01:46:13.944+0000] {dag.py:3954} INFO - Setting next_dagrun for ingest_bronze_layer to 2026-07-26 01:00:00+00:00, run_after=2026-07-26 02:00:00+00:00
[2026-07-26T01:46:14.033+0000] {processor.py:183} INFO - Processing /opt/airflow/dags/bronze_ingestion_dag.py took 0.618 seconds
[2026-07-26T01:46:44.832+0000] {processor.py:161} INFO - Started process (PID=3469) to work on /opt/airflow/dags/bronze_ingestion_dag.py
[2026-07-26T01:46:44.845+0000] {processor.py:830} INFO - Processing file /opt/airflow/dags/bronze_ingestion_dag.py for tasks to queue
[2026-07-26T01:46:44.857+0000] {logging_mixin.py:188} INFO - [2026-07-26T01:46:44.856+0000] {dagbag.py:545} INFO - Filling up the DagBag from /opt/airflow/dags/bronze_ingestion_dag.py
[2026-07-26T01:46:44.969+0000] {processor.py:840} INFO - DAG(s) 'ingest_bronze_layer' retrieved from /opt/airflow/dags/bronze_ingestion_dag.py
[2026-07-26T01:46:45.053+0000] {logging_mixin.py:188} INFO - [2026-07-26T01:46:45.052+0000] {dag.py:3096} INFO - Sync 1 DAGs
[2026-07-26T01:46:45.133+0000] {logging_mixin.py:188} INFO - [2026-07-26T01:46:45.133+0000] {dag.py:3954} INFO - Setting next_dagrun for ingest_bronze_layer to 2026-07-26 01:00:00+00:00, run_after=2026-07-26 02:00:00+00:00
[2026-07-26T01:46:45.200+0000] {processor.py:183} INFO - Processing /opt/airflow/dags/bronze_ingestion_dag.py took 0.413 seconds
[2026-07-26T01:47:16.214+0000] {processor.py:161} INFO - Started process (PID=3482) to work on /opt/airflow/dags/bronze_ingestion_dag.py
[2026-07-26T01:47:16.228+0000] {processor.py:830} INFO - Processing file /opt/airflow/dags/bronze_ingestion_dag.py for tasks to queue
[2026-07-26T01:47:16.237+0000] {logging_mixin.py:188} INFO - [2026-07-26T01:47:16.236+0000] {dagbag.py:545} INFO - Filling up the DagBag from /opt/airflow/dags/bronze_ingestion_dag.py
[2026-07-26T01:47:16.964+0000] {processor.py:840} INFO - DAG(s) 'ingest_bronze_layer' retrieved from /opt/airflow/dags/bronze_ingestion_dag.py
[2026-07-26T01:47:17.313+0000] {logging_mixin.py:188} INFO - [2026-07-26T01:47:17.276+0000] {dag.py:3096} INFO - Sync 1 DAGs
[2026-07-26T01:47:17.757+0000] {logging_mixin.py:188} INFO - [2026-07-26T01:47:17.757+0000] {dag.py:3954} INFO - Setting next_dagrun for ingest_bronze_layer to 2026-07-26 01:00:00+00:00, run_after=2026-07-26 02:00:00+00:00
[2026-07-26T01:47:18.052+0000] {processor.py:183} INFO - Processing /opt/airflow/dags/bronze_ingestion_dag.py took 1.874 seconds
[2026-07-26T01:47:48.405+0000] {processor.py:161} INFO - Started process (PID=3499) to work on /opt/airflow/dags/bronze_ingestion_dag.py
[2026-07-26T01:47:48.425+0000] {processor.py:830} INFO - Processing file /opt/airflow/dags/bronze_ingestion_dag.py for tasks to queue
[2026-07-26T01:47:48.455+0000] {logging_mixin.py:188} INFO - [2026-07-26T01:47:48.445+0000] {dagbag.py:545} INFO - Filling up the DagBag from /opt/airflow/dags/bronze_ingestion_dag.py
[2026-07-26T01:47:48.697+0000] {processor.py:840} INFO - DAG(s) 'ingest_bronze_layer' retrieved from /opt/airflow/dags/bronze_ingestion_dag.py
[2026-07-26T01:47:48.819+0000] {logging_mixin.py:188} INFO - [2026-07-26T01:47:48.817+0000] {dag.py:3096} INFO - Sync 1 DAGs
[2026-07-26T01:47:48.993+0000] {logging_mixin.py:188} INFO - [2026-07-26T01:47:48.992+0000] {dag.py:3954} INFO - Setting next_dagrun for ingest_bronze_layer to 2026-07-26 01:00:00+00:00, run_after=2026-07-26 02:00:00+00:00
[2026-07-26T01:47:49.118+0000] {processor.py:183} INFO - Processing /opt/airflow/dags/bronze_ingestion_dag.py took 0.778 seconds
[2026-07-26T01:48:22.023+0000] {processor.py:161} INFO - Started process (PID=3514) to work on /opt/airflow/dags/bronze_ingestion_dag.py
[2026-07-26T01:48:22.044+0000] {processor.py:830} INFO - Processing file /opt/airflow/dags/bronze_ingestion_dag.py for tasks to queue
[2026-07-26T01:48:22.062+0000] {logging_mixin.py:188} INFO - [2026-07-26T01:48:22.061+0000] {dagbag.py:545} INFO - Filling up the DagBag from /opt/airflow/dags/bronze_ingestion_dag.py
[2026-07-26T01:48:22.399+0000] {processor.py:840} INFO - DAG(s) 'ingest_bronze_layer' retrieved from /opt/airflow/dags/bronze_ingestion_dag.py
[2026-07-26T01:48:22.647+0000] {logging_mixin.py:188} INFO - [2026-07-26T01:48:22.636+0000] {dag.py:3096} INFO - Sync 1 DAGs
[2026-07-26T01:48:22.919+0000] {logging_mixin.py:188} INFO - [2026-07-26T01:48:22.918+0000] {dag.py:3954} INFO - Setting next_dagrun for ingest_bronze_layer to 2026-07-26 01:00:00+00:00, run_after=2026-07-26 02:00:00+00:00
[2026-07-26T01:48:23.086+0000] {processor.py:183} INFO - Processing /opt/airflow/dags/bronze_ingestion_dag.py took 1.776 seconds
[2026-07-26T01:48:55.981+0000] {processor.py:161} INFO - Started process (PID=3529) to work on /opt/airflow/dags/bronze_ingestion_dag.py
[2026-07-26T01:48:55.985+0000] {processor.py:830} INFO - Processing file /opt/airflow/dags/bronze_ingestion_dag.py for tasks to queue
[2026-07-26T01:48:56.005+0000] {logging_mixin.py:188} INFO - [2026-07-26T01:48:56.004+0000] {dagbag.py:545} INFO - Filling up the DagBag from /opt/airflow/dags/bronze_ingestion_dag.py
[2026-07-26T01:48:56.681+0000] {processor.py:840} INFO - DAG(s) 'ingest_bronze_layer' retrieved from /opt/airflow/dags/bronze_ingestion_dag.py
[2026-07-26T01:48:56.819+0000] {logging_mixin.py:188} INFO - [2026-07-26T01:48:56.818+0000] {dag.py:3096} INFO - Sync 1 DAGs
[2026-07-26T01:48:56.907+0000] {logging_mixin.py:188} INFO - [2026-07-26T01:48:56.907+0000] {dag.py:3954} INFO - Setting next_dagrun for ingest_bronze_layer to 2026-07-26 01:00:00+00:00, run_after=2026-07-26 02:00:00+00:00
[2026-07-26T01:48:56.969+0000] {processor.py:183} INFO - Processing /opt/airflow/dags/bronze_ingestion_dag.py took 1.033 seconds
[2026-07-26T01:49:27.278+0000] {processor.py:161} INFO - Started process (PID=3544) to work on /opt/airflow/dags/bronze_ingestion_dag.py
[2026-07-26T01:49:27.281+0000] {processor.py:830} INFO - Processing file /opt/airflow/dags/bronze_ingestion_dag.py for tasks to queue
[2026-07-26T01:49:27.286+0000] {logging_mixin.py:188} INFO - [2026-07-26T01:49:27.286+0000] {dagbag.py:545} INFO - Filling up the DagBag from /opt/airflow/dags/bronze_ingestion_dag.py
[2026-07-26T01:49:27.389+0000] {processor.py:840} INFO - DAG(s) 'ingest_bronze_layer' retrieved from /opt/airflow/dags/bronze_ingestion_dag.py
[2026-07-26T01:49:27.861+0000] {logging_mixin.py:188} INFO - [2026-07-26T01:49:27.860+0000] {dag.py:3096} INFO - Sync 1 DAGs
[2026-07-26T01:49:27.955+0000] {logging_mixin.py:188} INFO - [2026-07-26T01:49:27.954+0000] {dag.py:3954} INFO - Setting next_dagrun for ingest_bronze_layer to 2026-07-26 01:00:00+00:00, run_after=2026-07-26 02:00:00+00:00
[2026-07-26T01:49:28.059+0000] {processor.py:183} INFO - Processing /opt/airflow/dags/bronze_ingestion_dag.py took 0.795 seconds
[2026-07-26T01:49:58.640+0000] {processor.py:161} INFO - Started process (PID=3559) to work on /opt/airflow/dags/bronze_ingestion_dag.py
[2026-07-26T01:49:58.643+0000] {processor.py:830} INFO - Processing file /opt/airflow/dags/bronze_ingestion_dag.py for tasks to queue
[2026-07-26T01:50:00.358+0000] {logging_mixin.py:188} INFO - [2026-07-26T01:50:00.357+0000] {dagbag.py:545} INFO - Filling up the DagBag from /opt/airflow/dags/bronze_ingestion_dag.py
[2026-07-26T01:50:00.424+0000] {processor.py:840} INFO - DAG(s) 'ingest_bronze_layer' retrieved from /opt/airflow/dags/bronze_ingestion_dag.py
[2026-07-26T01:50:00.487+0000] {logging_mixin.py:188} INFO - [2026-07-26T01:50:00.486+0000] {dag.py:3096} INFO - Sync 1 DAGs
[2026-07-26T01:50:00.541+0000] {logging_mixin.py:188} INFO - [2026-07-26T01:50:00.540+0000] {dag.py:3954} INFO - Setting next_dagrun for ingest_bronze_layer to 2026-07-26 01:00:00+00:00, run_after=2026-07-26 02:00:00+00:00
[2026-07-26T01:50:00.586+0000] {processor.py:183} INFO - Processing /opt/airflow/dags/bronze_ingestion_dag.py took 1.963 seconds
[2026-07-26T01:50:31.066+0000] {processor.py:161} INFO - Started process (PID=3574) to work on /opt/airflow/dags/bronze_ingestion_dag.py
[2026-07-26T01:50:31.069+0000] {processor.py:830} INFO - Processing file /opt/airflow/dags/bronze_ingestion_dag.py for tasks to queue
[2026-07-26T01:50:31.074+0000] {logging_mixin.py:188} INFO - [2026-07-26T01:50:31.074+0000] {dagbag.py:545} INFO - Filling up the DagBag from /opt/airflow/dags/bronze_ingestion_dag.py
[2026-07-26T01:50:31.123+0000] {processor.py:840} INFO - DAG(s) 'ingest_bronze_layer' retrieved from /opt/airflow/dags/bronze_ingestion_dag.py
[2026-07-26T01:50:31.272+0000] {logging_mixin.py:188} INFO - [2026-07-26T01:50:31.270+0000] {dag.py:3096} INFO - Sync 1 DAGs
[2026-07-26T01:50:31.407+0000] {logging_mixin.py:188} INFO - [2026-07-26T01:50:31.406+0000] {dag.py:3954} INFO - Setting next_dagrun for ingest_bronze_layer to 2026-07-26 01:00:00+00:00, run_after=2026-07-26 02:00:00+00:00
[2026-07-26T01:50:31.500+0000] {processor.py:183} INFO - Processing /opt/airflow/dags/bronze_ingestion_dag.py took 0.448 seconds
[2026-07-26T01:51:02.153+0000] {processor.py:161} INFO - Started process (PID=3589) to work on /opt/airflow/dags/bronze_ingestion_dag.py
[2026-07-26T01:51:02.156+0000] {processor.py:830} INFO - Processing file /opt/airflow/dags/bronze_ingestion_dag.py for tasks to queue
[2026-07-26T01:51:02.164+0000] {logging_mixin.py:188} INFO - [2026-07-26T01:51:02.163+0000] {dagbag.py:545} INFO - Filling up the DagBag from /opt/airflow/dags/bronze_ingestion_dag.py
[2026-07-26T01:51:02.267+0000] {processor.py:840} INFO - DAG(s) 'ingest_bronze_layer' retrieved from /opt/airflow/dags/bronze_ingestion_dag.py
[2026-07-26T01:51:02.471+0000] {logging_mixin.py:188} INFO - [2026-07-26T01:51:02.470+0000] {dag.py:3096} INFO - Sync 1 DAGs
[2026-07-26T01:51:02.555+0000] {logging_mixin.py:188} INFO - [2026-07-26T01:51:02.554+0000] {dag.py:3954} INFO - Setting next_dagrun for ingest_bronze_layer to 2026-07-26 01:00:00+00:00, run_after=2026-07-26 02:00:00+00:00
[2026-07-26T01:51:02.703+0000] {processor.py:183} INFO - Processing /opt/airflow/dags/bronze_ingestion_dag.py took 0.567 seconds
[2026-07-26T01:51:35.709+0000] {processor.py:161} INFO - Started process (PID=3604) to work on /opt/airflow/dags/bronze_ingestion_dag.py
[2026-07-26T01:51:35.721+0000] {processor.py:830} INFO - Processing file /opt/airflow/dags/bronze_ingestion_dag.py for tasks to queue
[2026-07-26T01:51:35.736+0000] {logging_mixin.py:188} INFO - [2026-07-26T01:51:35.735+0000] {dagbag.py:545} INFO - Filling up the DagBag from /opt/airflow/dags/bronze_ingestion_dag.py
[2026-07-26T01:51:35.890+0000] {processor.py:840} INFO - DAG(s) 'ingest_bronze_layer' retrieved from /opt/airflow/dags/bronze_ingestion_dag.py
[2026-07-26T01:51:36.082+0000] {logging_mixin.py:188} INFO - [2026-07-26T01:51:36.081+0000] {dag.py:3096} INFO - Sync 1 DAGs
[2026-07-26T01:51:36.294+0000] {logging_mixin.py:188} INFO - [2026-07-26T01:51:36.294+0000] {dag.py:3954} INFO - Setting next_dagrun for ingest_bronze_layer to 2026-07-26 01:00:00+00:00, run_after=2026-07-26 02:00:00+00:00
[2026-07-26T01:51:36.420+0000] {processor.py:183} INFO - Processing /opt/airflow/dags/bronze_ingestion_dag.py took 0.754 seconds
[2026-07-26T01:52:06.649+0000] {processor.py:161} INFO - Started process (PID=3617) to work on /opt/airflow/dags/bronze_ingestion_dag.py
[2026-07-26T01:52:06.653+0000] {processor.py:830} INFO - Processing file /opt/airflow/dags/bronze_ingestion_dag.py for tasks to queue
[2026-07-26T01:52:06.662+0000] {logging_mixin.py:188} INFO - [2026-07-26T01:52:06.661+0000] {dagbag.py:545} INFO - Filling up the DagBag from /opt/airflow/dags/bronze_ingestion_dag.py
[2026-07-26T01:52:06.734+0000] {processor.py:840} INFO - DAG(s) 'ingest_bronze_layer' retrieved from /opt/airflow/dags/bronze_ingestion_dag.py
[2026-07-26T01:52:06.840+0000] {logging_mixin.py:188} INFO - [2026-07-26T01:52:06.839+0000] {dag.py:3096} INFO - Sync 1 DAGs
[2026-07-26T01:52:06.964+0000] {logging_mixin.py:188} INFO - [2026-07-26T01:52:06.963+0000] {dag.py:3954} INFO - Setting next_dagrun for ingest_bronze_layer to 2026-07-26 01:00:00+00:00, run_after=2026-07-26 02:00:00+00:00
[2026-07-26T01:52:07.036+0000] {processor.py:183} INFO - Processing /opt/airflow/dags/bronze_ingestion_dag.py took 0.410 seconds
[2026-07-26T01:52:38.977+0000] {processor.py:161} INFO - Started process (PID=3639) to work on /opt/airflow/dags/bronze_ingestion_dag.py
[2026-07-26T01:52:39.006+0000] {processor.py:830} INFO - Processing file /opt/airflow/dags/bronze_ingestion_dag.py for tasks to queue
[2026-07-26T01:52:39.021+0000] {logging_mixin.py:188} INFO - [2026-07-26T01:52:39.020+0000] {dagbag.py:545} INFO - Filling up the DagBag from /opt/airflow/dags/bronze_ingestion_dag.py
[2026-07-26T01:52:39.162+0000] {processor.py:840} INFO - DAG(s) 'ingest_bronze_layer' retrieved from /opt/airflow/dags/bronze_ingestion_dag.py
[2026-07-26T01:52:39.244+0000] {logging_mixin.py:188} INFO - [2026-07-26T01:52:39.243+0000] {dag.py:3096} INFO - Sync 1 DAGs
[2026-07-26T01:52:39.359+0000] {logging_mixin.py:188} INFO - [2026-07-26T01:52:39.358+0000] {dag.py:3954} INFO - Setting next_dagrun for ingest_bronze_layer to 2026-07-26 01:00:00+00:00, run_after=2026-07-26 02:00:00+00:00
[2026-07-26T01:52:39.569+0000] {processor.py:183} INFO - Processing /opt/airflow/dags/bronze_ingestion_dag.py took 0.622 seconds
[2026-07-26T01:53:09.875+0000] {processor.py:161} INFO - Started process (PID=3654) to work on /opt/airflow/dags/bronze_ingestion_dag.py
[2026-07-26T01:53:09.880+0000] {processor.py:830} INFO - Processing file /opt/airflow/dags/bronze_ingestion_dag.py for tasks to queue
[2026-07-26T01:53:09.888+0000] {logging_mixin.py:188} INFO - [2026-07-26T01:53:09.887+0000] {dagbag.py:545} INFO - Filling up the DagBag from /opt/airflow/dags/bronze_ingestion_dag.py
[2026-07-26T01:53:09.969+0000] {processor.py:840} INFO - DAG(s) 'ingest_bronze_layer' retrieved from /opt/airflow/dags/bronze_ingestion_dag.py
[2026-07-26T01:53:10.076+0000] {logging_mixin.py:188} INFO - [2026-07-26T01:53:10.074+0000] {dag.py:3096} INFO - Sync 1 DAGs
[2026-07-26T01:53:10.154+0000] {logging_mixin.py:188} INFO - [2026-07-26T01:53:10.154+0000] {dag.py:3954} INFO - Setting next_dagrun for ingest_bronze_layer to 2026-07-26 01:00:00+00:00, run_after=2026-07-26 02:00:00+00:00
[2026-07-26T01:53:10.204+0000] {processor.py:183} INFO - Processing /opt/airflow/dags/bronze_ingestion_dag.py took 0.351 seconds
[2026-07-26T01:53:41.285+0000] {processor.py:161} INFO - Started process (PID=3669) to work on /opt/airflow/dags/bronze_ingestion_dag.py
[2026-07-26T01:53:41.291+0000] {processor.py:830} INFO - Processing file /opt/airflow/dags/bronze_ingestion_dag.py for tasks to queue
[2026-07-26T01:53:41.299+0000] {logging_mixin.py:188} INFO - [2026-07-26T01:53:41.298+0000] {dagbag.py:545} INFO - Filling up the DagBag from /opt/airflow/dags/bronze_ingestion_dag.py
[2026-07-26T01:53:41.366+0000] {processor.py:840} INFO - DAG(s) 'ingest_bronze_layer' retrieved from /opt/airflow/dags/bronze_ingestion_dag.py
[2026-07-26T01:53:41.442+0000] {logging_mixin.py:188} INFO - [2026-07-26T01:53:41.441+0000] {dag.py:3096} INFO - Sync 1 DAGs
[2026-07-26T01:53:41.553+0000] {logging_mixin.py:188} INFO - [2026-07-26T01:53:41.552+0000] {dag.py:3954} INFO - Setting next_dagrun for ingest_bronze_layer to 2026-07-26 01:00:00+00:00, run_after=2026-07-26 02:00:00+00:00
[2026-07-26T01:53:41.614+0000] {processor.py:183} INFO - Processing /opt/airflow/dags/bronze_ingestion_dag.py took 0.352 seconds
[2026-07-26T01:54:12.387+0000] {processor.py:161} INFO - Started process (PID=3682) to work on /opt/airflow/dags/bronze_ingestion_dag.py
[2026-07-26T01:54:12.390+0000] {processor.py:830} INFO - Processing file /opt/airflow/dags/bronze_ingestion_dag.py for tasks to queue
[2026-07-26T01:54:12.403+0000] {logging_mixin.py:188} INFO - [2026-07-26T01:54:12.402+0000] {dagbag.py:545} INFO - Filling up the DagBag from /opt/airflow/dags/bronze_ingestion_dag.py
[2026-07-26T01:54:12.480+0000] {processor.py:840} INFO - DAG(s) 'ingest_bronze_layer' retrieved from /opt/airflow/dags/bronze_ingestion_dag.py
[2026-07-26T01:54:12.625+0000] {logging_mixin.py:188} INFO - [2026-07-26T01:54:12.625+0000] {dag.py:3096} INFO - Sync 1 DAGs
[2026-07-26T01:54:12.716+0000] {logging_mixin.py:188} INFO - [2026-07-26T01:54:12.716+0000] {dag.py:3954} INFO - Setting next_dagrun for ingest_bronze_layer to 2026-07-26 01:00:00+00:00, run_after=2026-07-26 02:00:00+00:00
[2026-07-26T01:54:12.764+0000] {processor.py:183} INFO - Processing /opt/airflow/dags/bronze_ingestion_dag.py took 0.404 seconds
[2026-07-26T01:54:43.680+0000] {processor.py:161} INFO - Started process (PID=3697) to work on /opt/airflow/dags/bronze_ingestion_dag.py
[2026-07-26T01:54:43.693+0000] {processor.py:830} INFO - Processing file /opt/airflow/dags/bronze_ingestion_dag.py for tasks to queue
[2026-07-26T01:54:43.729+0000] {logging_mixin.py:188} INFO - [2026-07-26T01:54:43.724+0000] {dagbag.py:545} INFO - Filling up the DagBag from /opt/airflow/dags/bronze_ingestion_dag.py
[2026-07-26T01:54:43.877+0000] {processor.py:840} INFO - DAG(s) 'ingest_bronze_layer' retrieved from /opt/airflow/dags/bronze_ingestion_dag.py
[2026-07-26T01:54:43.991+0000] {logging_mixin.py:188} INFO - [2026-07-26T01:54:43.991+0000] {dag.py:3096} INFO - Sync 1 DAGs
[2026-07-26T01:54:44.162+0000] {logging_mixin.py:188} INFO - [2026-07-26T01:54:44.162+0000] {dag.py:3954} INFO - Setting next_dagrun for ingest_bronze_layer to 2026-07-26 01:00:00+00:00, run_after=2026-07-26 02:00:00+00:00
[2026-07-26T01:54:44.242+0000] {processor.py:183} INFO - Processing /opt/airflow/dags/bronze_ingestion_dag.py took 0.777 seconds
[2026-07-26T01:55:14.809+0000] {processor.py:161} INFO - Started process (PID=3712) to work on /opt/airflow/dags/bronze_ingestion_dag.py
[2026-07-26T01:55:14.816+0000] {processor.py:830} INFO - Processing file /opt/airflow/dags/bronze_ingestion_dag.py for tasks to queue
[2026-07-26T01:55:14.828+0000] {logging_mixin.py:188} INFO - [2026-07-26T01:55:14.827+0000] {dagbag.py:545} INFO - Filling up the DagBag from /opt/airflow/dags/bronze_ingestion_dag.py
[2026-07-26T01:55:14.920+0000] {processor.py:840} INFO - DAG(s) 'ingest_bronze_layer' retrieved from /opt/airflow/dags/bronze_ingestion_dag.py
[2026-07-26T01:55:15.007+0000] {logging_mixin.py:188} INFO - [2026-07-26T01:55:15.006+0000] {dag.py:3096} INFO - Sync 1 DAGs
[2026-07-26T01:55:15.082+0000] {logging_mixin.py:188} INFO - [2026-07-26T01:55:15.082+0000] {dag.py:3954} INFO - Setting next_dagrun for ingest_bronze_layer to 2026-07-26 01:00:00+00:00, run_after=2026-07-26 02:00:00+00:00
[2026-07-26T01:55:15.146+0000] {processor.py:183} INFO - Processing /opt/airflow/dags/bronze_ingestion_dag.py took 0.409 seconds
[2026-07-26T01:55:46.782+0000] {processor.py:161} INFO - Started process (PID=3785) to work on /opt/airflow/dags/bronze_ingestion_dag.py
[2026-07-26T01:55:46.810+0000] {processor.py:830} INFO - Processing file /opt/airflow/dags/bronze_ingestion_dag.py for tasks to queue
[2026-07-26T01:55:46.823+0000] {logging_mixin.py:188} INFO - [2026-07-26T01:55:46.821+0000] {dagbag.py:545} INFO - Filling up the DagBag from /opt/airflow/dags/bronze_ingestion_dag.py
[2026-07-26T01:55:47.162+0000] {processor.py:840} INFO - DAG(s) 'ingest_bronze_layer' retrieved from /opt/airflow/dags/bronze_ingestion_dag.py
[2026-07-26T01:55:47.237+0000] {logging_mixin.py:188} INFO - [2026-07-26T01:55:47.236+0000] {dag.py:3096} INFO - Sync 1 DAGs
[2026-07-26T01:55:47.343+0000] {logging_mixin.py:188} INFO - [2026-07-26T01:55:47.342+0000] {dag.py:3954} INFO - Setting next_dagrun for ingest_bronze_layer to 2026-07-26 01:00:00+00:00, run_after=2026-07-26 02:00:00+00:00
[2026-07-26T01:55:47.423+0000] {processor.py:183} INFO - Processing /opt/airflow/dags/bronze_ingestion_dag.py took 0.681 seconds
[2026-07-26T01:56:21.008+0000] {processor.py:161} INFO - Started process (PID=3821) to work on /opt/airflow/dags/bronze_ingestion_dag.py
[2026-07-26T01:56:21.034+0000] {processor.py:830} INFO - Processing file /opt/airflow/dags/bronze_ingestion_dag.py for tasks to queue
[2026-07-26T01:56:21.082+0000] {logging_mixin.py:188} INFO - [2026-07-26T01:56:21.081+0000] {dagbag.py:545} INFO - Filling up the DagBag from /opt/airflow/dags/bronze_ingestion_dag.py
[2026-07-26T01:56:21.754+0000] {processor.py:840} INFO - DAG(s) 'ingest_bronze_layer' retrieved from /opt/airflow/dags/bronze_ingestion_dag.py
[2026-07-26T01:56:21.882+0000] {logging_mixin.py:188} INFO - [2026-07-26T01:56:21.881+0000] {dag.py:3096} INFO - Sync 1 DAGs
[2026-07-26T01:56:22.142+0000] {logging_mixin.py:188} INFO - [2026-07-26T01:56:22.139+0000] {dag.py:3954} INFO - Setting next_dagrun for ingest_bronze_layer to 2026-07-26 01:00:00+00:00, run_after=2026-07-26 02:00:00+00:00
[2026-07-26T01:56:22.272+0000] {processor.py:183} INFO - Processing /opt/airflow/dags/bronze_ingestion_dag.py took 1.441 seconds
[2026-07-26T01:56:53.378+0000] {processor.py:161} INFO - Started process (PID=4442) to work on /opt/airflow/dags/bronze_ingestion_dag.py
[2026-07-26T01:56:53.390+0000] {processor.py:830} INFO - Processing file /opt/airflow/dags/bronze_ingestion_dag.py for tasks to queue
[2026-07-26T01:56:53.404+0000] {logging_mixin.py:188} INFO - [2026-07-26T01:56:53.398+0000] {dagbag.py:545} INFO - Filling up the DagBag from /opt/airflow/dags/bronze_ingestion_dag.py
[2026-07-26T01:56:53.640+0000] {processor.py:840} INFO - DAG(s) 'ingest_bronze_layer' retrieved from /opt/airflow/dags/bronze_ingestion_dag.py
[2026-07-26T01:56:53.743+0000] {logging_mixin.py:188} INFO - [2026-07-26T01:56:53.742+0000] {dag.py:3096} INFO - Sync 1 DAGs
[2026-07-26T01:56:53.866+0000] {logging_mixin.py:188} INFO - [2026-07-26T01:56:53.865+0000] {dag.py:3954} INFO - Setting next_dagrun for ingest_bronze_layer to 2026-07-26 01:00:00+00:00, run_after=2026-07-26 02:00:00+00:00
[2026-07-26T01:56:54.002+0000] {processor.py:183} INFO - Processing /opt/airflow/dags/bronze_ingestion_dag.py took 0.671 seconds
[2026-07-26T01:57:24.872+0000] {processor.py:161} INFO - Started process (PID=4517) to work on /opt/airflow/dags/bronze_ingestion_dag.py
[2026-07-26T01:57:24.875+0000] {processor.py:830} INFO - Processing file /opt/airflow/dags/bronze_ingestion_dag.py for tasks to queue
[2026-07-26T01:57:24.895+0000] {logging_mixin.py:188} INFO - [2026-07-26T01:57:24.894+0000] {dagbag.py:545} INFO - Filling up the DagBag from /opt/airflow/dags/bronze_ingestion_dag.py
[2026-07-26T01:57:25.026+0000] {processor.py:840} INFO - DAG(s) 'ingest_bronze_layer' retrieved from /opt/airflow/dags/bronze_ingestion_dag.py
[2026-07-26T01:57:25.811+0000] {logging_mixin.py:188} INFO - [2026-07-26T01:57:25.809+0000] {dag.py:3096} INFO - Sync 1 DAGs
[2026-07-26T01:57:26.091+0000] {logging_mixin.py:188} INFO - [2026-07-26T01:57:26.090+0000] {dag.py:3954} INFO - Setting next_dagrun for ingest_bronze_layer to 2026-07-26 01:00:00+00:00, run_after=2026-07-26 02:00:00+00:00
[2026-07-26T01:57:26.236+0000] {processor.py:183} INFO - Processing /opt/airflow/dags/bronze_ingestion_dag.py took 1.413 seconds
[2026-07-26T01:57:58.698+0000] {processor.py:161} INFO - Started process (PID=4576) to work on /opt/airflow/dags/bronze_ingestion_dag.py
[2026-07-26T01:57:58.711+0000] {processor.py:830} INFO - Processing file /opt/airflow/dags/bronze_ingestion_dag.py for tasks to queue
[2026-07-26T01:57:58.749+0000] {logging_mixin.py:188} INFO - [2026-07-26T01:57:58.748+0000] {dagbag.py:545} INFO - Filling up the DagBag from /opt/airflow/dags/bronze_ingestion_dag.py
[2026-07-26T01:57:58.915+0000] {processor.py:840} INFO - DAG(s) 'ingest_bronze_layer' retrieved from /opt/airflow/dags/bronze_ingestion_dag.py
[2026-07-26T01:57:59.148+0000] {logging_mixin.py:188} INFO - [2026-07-26T01:57:59.115+0000] {dag.py:3096} INFO - Sync 1 DAGs
[2026-07-26T01:57:59.364+0000] {logging_mixin.py:188} INFO - [2026-07-26T01:57:59.364+0000] {dag.py:3954} INFO - Setting next_dagrun for ingest_bronze_layer to 2026-07-26 01:00:00+00:00, run_after=2026-07-26 02:00:00+00:00
[2026-07-26T01:57:59.481+0000] {processor.py:183} INFO - Processing /opt/airflow/dags/bronze_ingestion_dag.py took 0.835 seconds
[2026-07-26T01:58:42.617+0000] {processor.py:161} INFO - Started process (PID=4679) to work on /opt/airflow/dags/bronze_ingestion_dag.py
[2026-07-26T01:58:42.691+0000] {processor.py:830} INFO - Processing file /opt/airflow/dags/bronze_ingestion_dag.py for tasks to queue
[2026-07-26T01:58:42.825+0000] {logging_mixin.py:188} INFO - [2026-07-26T01:58:42.797+0000] {dagbag.py:545} INFO - Filling up the DagBag from /opt/airflow/dags/bronze_ingestion_dag.py
[2026-07-26T01:58:43.510+0000] {processor.py:840} INFO - DAG(s) 'ingest_bronze_layer' retrieved from /opt/airflow/dags/bronze_ingestion_dag.py
[2026-07-26T01:58:43.781+0000] {logging_mixin.py:188} INFO - [2026-07-26T01:58:43.780+0000] {dag.py:3096} INFO - Sync 1 DAGs
[2026-07-26T01:58:44.281+0000] {logging_mixin.py:188} INFO - [2026-07-26T01:58:44.281+0000] {dag.py:3954} INFO - Setting next_dagrun for ingest_bronze_layer to 2026-07-26 01:00:00+00:00, run_after=2026-07-26 02:00:00+00:00
[2026-07-26T01:58:44.958+0000] {processor.py:183} INFO - Processing /opt/airflow/dags/bronze_ingestion_dag.py took 2.388 seconds
[2026-07-26T01:59:17.231+0000] {processor.py:161} INFO - Started process (PID=4747) to work on /opt/airflow/dags/bronze_ingestion_dag.py
[2026-07-26T01:59:17.249+0000] {processor.py:830} INFO - Processing file /opt/airflow/dags/bronze_ingestion_dag.py for tasks to queue
[2026-07-26T01:59:17.261+0000] {logging_mixin.py:188} INFO - [2026-07-26T01:59:17.260+0000] {dagbag.py:545} INFO - Filling up the DagBag from /opt/airflow/dags/bronze_ingestion_dag.py
[2026-07-26T01:59:17.440+0000] {processor.py:840} INFO - DAG(s) 'ingest_bronze_layer' retrieved from /opt/airflow/dags/bronze_ingestion_dag.py
[2026-07-26T01:59:17.595+0000] {logging_mixin.py:188} INFO - [2026-07-26T01:59:17.594+0000] {dag.py:3096} INFO - Sync 1 DAGs
[2026-07-26T01:59:17.795+0000] {logging_mixin.py:188} INFO - [2026-07-26T01:59:17.794+0000] {dag.py:3954} INFO - Setting next_dagrun for ingest_bronze_layer to 2026-07-26 01:00:00+00:00, run_after=2026-07-26 02:00:00+00:00
[2026-07-26T01:59:20.675+0000] {processor.py:183} INFO - Processing /opt/airflow/dags/bronze_ingestion_dag.py took 2.675 seconds
[2026-07-26T01:59:51.717+0000] {processor.py:161} INFO - Started process (PID=4817) to work on /opt/airflow/dags/bronze_ingestion_dag.py
[2026-07-26T01:59:51.724+0000] {processor.py:830} INFO - Processing file /opt/airflow/dags/bronze_ingestion_dag.py for tasks to queue
[2026-07-26T01:59:51.744+0000] {logging_mixin.py:188} INFO - [2026-07-26T01:59:51.742+0000] {dagbag.py:545} INFO - Filling up the DagBag from /opt/airflow/dags/bronze_ingestion_dag.py
[2026-07-26T01:59:51.834+0000] {processor.py:840} INFO - DAG(s) 'ingest_bronze_layer' retrieved from /opt/airflow/dags/bronze_ingestion_dag.py
[2026-07-26T01:59:51.991+0000] {logging_mixin.py:188} INFO - [2026-07-26T01:59:51.989+0000] {dag.py:3096} INFO - Sync 1 DAGs
[2026-07-26T01:59:52.137+0000] {logging_mixin.py:188} INFO - [2026-07-26T01:59:52.136+0000] {dag.py:3954} INFO - Setting next_dagrun for ingest_bronze_layer to 2026-07-26 01:00:00+00:00, run_after=2026-07-26 02:00:00+00:00
[2026-07-26T01:59:52.200+0000] {processor.py:183} INFO - Processing /opt/airflow/dags/bronze_ingestion_dag.py took 0.548 seconds
[2026-07-26T02:00:22.471+0000] {processor.py:161} INFO - Started process (PID=4834) to work on /opt/airflow/dags/bronze_ingestion_dag.py
[2026-07-26T02:00:22.492+0000] {processor.py:830} INFO - Processing file /opt/airflow/dags/bronze_ingestion_dag.py for tasks to queue
[2026-07-26T02:00:22.527+0000] {logging_mixin.py:188} INFO - [2026-07-26T02:00:22.523+0000] {dagbag.py:545} INFO - Filling up the DagBag from /opt/airflow/dags/bronze_ingestion_dag.py
[2026-07-26T02:00:22.669+0000] {processor.py:840} INFO - DAG(s) 'ingest_bronze_layer' retrieved from /opt/airflow/dags/bronze_ingestion_dag.py
[2026-07-26T02:00:22.928+0000] {logging_mixin.py:188} INFO - [2026-07-26T02:00:22.922+0000] {dag.py:3096} INFO - Sync 1 DAGs
[2026-07-26T02:00:23.294+0000] {logging_mixin.py:188} INFO - [2026-07-26T02:00:23.293+0000] {dag.py:3954} INFO - Setting next_dagrun for ingest_bronze_layer to 2026-07-26 02:00:00+00:00, run_after=2026-07-26 03:00:00+00:00
[2026-07-26T02:00:23.456+0000] {processor.py:183} INFO - Processing /opt/airflow/dags/bronze_ingestion_dag.py took 1.102 seconds
[2026-07-26T02:00:55.342+0000] {processor.py:161} INFO - Started process (PID=4854) to work on /opt/airflow/dags/bronze_ingestion_dag.py
[2026-07-26T02:00:55.371+0000] {processor.py:830} INFO - Processing file /opt/airflow/dags/bronze_ingestion_dag.py for tasks to queue
[2026-07-26T02:00:55.518+0000] {logging_mixin.py:188} INFO - [2026-07-26T02:00:55.481+0000] {dagbag.py:545} INFO - Filling up the DagBag from /opt/airflow/dags/bronze_ingestion_dag.py
[2026-07-26T02:00:56.998+0000] {processor.py:840} INFO - DAG(s) 'ingest_bronze_layer' retrieved from /opt/airflow/dags/bronze_ingestion_dag.py
[2026-07-26T02:00:57.909+0000] {logging_mixin.py:188} INFO - [2026-07-26T02:00:57.892+0000] {dag.py:3096} INFO - Sync 1 DAGs
[2026-07-26T02:00:59.201+0000] {logging_mixin.py:188} INFO - [2026-07-26T02:00:59.200+0000] {dag.py:3954} INFO - Setting next_dagrun for ingest_bronze_layer to 2026-07-26 02:00:00+00:00, run_after=2026-07-26 03:00:00+00:00
[2026-07-26T02:00:59.320+0000] {processor.py:183} INFO - Processing /opt/airflow/dags/bronze_ingestion_dag.py took 4.271 seconds
[2026-07-26T02:01:38.058+0000] {processor.py:161} INFO - Started process (PID=4872) to work on /opt/airflow/dags/bronze_ingestion_dag.py
[2026-07-26T02:01:38.079+0000] {processor.py:830} INFO - Processing file /opt/airflow/dags/bronze_ingestion_dag.py for tasks to queue
[2026-07-26T02:01:38.139+0000] {logging_mixin.py:188} INFO - [2026-07-26T02:01:38.131+0000] {dagbag.py:545} INFO - Filling up the DagBag from /opt/airflow/dags/bronze_ingestion_dag.py
[2026-07-26T02:01:38.550+0000] {processor.py:840} INFO - DAG(s) 'ingest_bronze_layer' retrieved from /opt/airflow/dags/bronze_ingestion_dag.py
[2026-07-26T02:01:38.928+0000] {logging_mixin.py:188} INFO - [2026-07-26T02:01:38.927+0000] {dag.py:3096} INFO - Sync 1 DAGs
[2026-07-26T02:01:39.361+0000] {logging_mixin.py:188} INFO - [2026-07-26T02:01:39.359+0000] {dag.py:3954} INFO - Setting next_dagrun for ingest_bronze_layer to 2026-07-26 02:00:00+00:00, run_after=2026-07-26 03:00:00+00:00
[2026-07-26T02:01:39.558+0000] {processor.py:183} INFO - Processing /opt/airflow/dags/bronze_ingestion_dag.py took 1.679 seconds
[2026-07-26T02:02:23.670+0000] {processor.py:161} INFO - Started process (PID=4927) to work on /opt/airflow/dags/bronze_ingestion_dag.py
[2026-07-26T02:02:23.680+0000] {processor.py:830} INFO - Processing file /opt/airflow/dags/bronze_ingestion_dag.py for tasks to queue
[2026-07-26T02:02:23.699+0000] {logging_mixin.py:188} INFO - [2026-07-26T02:02:23.690+0000] {dagbag.py:545} INFO - Filling up the DagBag from /opt/airflow/dags/bronze_ingestion_dag.py
[2026-07-26T02:02:23.836+0000] {processor.py:840} INFO - DAG(s) 'ingest_bronze_layer' retrieved from /opt/airflow/dags/bronze_ingestion_dag.py
[2026-07-26T02:02:24.151+0000] {logging_mixin.py:188} INFO - [2026-07-26T02:02:24.149+0000] {dag.py:3096} INFO - Sync 1 DAGs
[2026-07-26T02:02:24.500+0000] {logging_mixin.py:188} INFO - [2026-07-26T02:02:24.499+0000] {dag.py:3954} INFO - Setting next_dagrun for ingest_bronze_layer to 2026-07-26 02:00:00+00:00, run_after=2026-07-26 03:00:00+00:00
[2026-07-26T02:02:24.750+0000] {processor.py:183} INFO - Processing /opt/airflow/dags/bronze_ingestion_dag.py took 1.120 seconds
[2026-07-26T02:02:58.731+0000] {processor.py:161} INFO - Started process (PID=5018) to work on /opt/airflow/dags/bronze_ingestion_dag.py
[2026-07-26T02:02:58.745+0000] {processor.py:830} INFO - Processing file /opt/airflow/dags/bronze_ingestion_dag.py for tasks to queue
[2026-07-26T02:02:58.781+0000] {logging_mixin.py:188} INFO - [2026-07-26T02:02:58.779+0000] {dagbag.py:545} INFO - Filling up the DagBag from /opt/airflow/dags/bronze_ingestion_dag.py
[2026-07-26T02:03:00.319+0000] {processor.py:840} INFO - DAG(s) 'ingest_bronze_layer' retrieved from /opt/airflow/dags/bronze_ingestion_dag.py
[2026-07-26T02:03:00.659+0000] {logging_mixin.py:188} INFO - [2026-07-26T02:03:00.657+0000] {dag.py:3096} INFO - Sync 1 DAGs
[2026-07-26T02:03:00.998+0000] {logging_mixin.py:188} INFO - [2026-07-26T02:03:00.997+0000] {dag.py:3954} INFO - Setting next_dagrun for ingest_bronze_layer to 2026-07-26 02:00:00+00:00, run_after=2026-07-26 03:00:00+00:00
[2026-07-26T02:03:01.162+0000] {processor.py:183} INFO - Processing /opt/airflow/dags/bronze_ingestion_dag.py took 2.478 seconds
[2026-07-26T02:03:32.033+0000] {processor.py:161} INFO - Started process (PID=5076) to work on /opt/airflow/dags/bronze_ingestion_dag.py
[2026-07-26T02:03:32.076+0000] {processor.py:830} INFO - Processing file /opt/airflow/dags/bronze_ingestion_dag.py for tasks to queue
[2026-07-26T02:03:32.156+0000] {logging_mixin.py:188} INFO - [2026-07-26T02:03:32.133+0000] {dagbag.py:545} INFO - Filling up the DagBag from /opt/airflow/dags/bronze_ingestion_dag.py
[2026-07-26T02:03:32.988+0000] {processor.py:840} INFO - DAG(s) 'ingest_bronze_layer' retrieved from /opt/airflow/dags/bronze_ingestion_dag.py
[2026-07-26T02:03:33.639+0000] {logging_mixin.py:188} INFO - [2026-07-26T02:03:33.638+0000] {dag.py:3096} INFO - Sync 1 DAGs
[2026-07-26T02:03:34.477+0000] {logging_mixin.py:188} INFO - [2026-07-26T02:03:34.476+0000] {dag.py:3954} INFO - Setting next_dagrun for ingest_bronze_layer to 2026-07-26 02:00:00+00:00, run_after=2026-07-26 03:00:00+00:00
[2026-07-26T02:03:36.410+0000] {processor.py:183} INFO - Processing /opt/airflow/dags/bronze_ingestion_dag.py took 4.447 seconds
[2026-07-26T02:04:11.879+0000] {processor.py:161} INFO - Started process (PID=5209) to work on /opt/airflow/dags/bronze_ingestion_dag.py
[2026-07-26T02:04:11.883+0000] {processor.py:830} INFO - Processing file /opt/airflow/dags/bronze_ingestion_dag.py for tasks to queue
[2026-07-26T02:04:11.901+0000] {logging_mixin.py:188} INFO - [2026-07-26T02:04:11.900+0000] {dagbag.py:545} INFO - Filling up the DagBag from /opt/airflow/dags/bronze_ingestion_dag.py
[2026-07-26T02:04:12.146+0000] {processor.py:840} INFO - DAG(s) 'ingest_bronze_layer' retrieved from /opt/airflow/dags/bronze_ingestion_dag.py
[2026-07-26T02:04:12.294+0000] {logging_mixin.py:188} INFO - [2026-07-26T02:04:12.293+0000] {dag.py:3096} INFO - Sync 1 DAGs
[2026-07-26T02:04:12.573+0000] {logging_mixin.py:188} INFO - [2026-07-26T02:04:12.572+0000] {dag.py:3954} INFO - Setting next_dagrun for ingest_bronze_layer to 2026-07-26 02:00:00+00:00, run_after=2026-07-26 03:00:00+00:00
[2026-07-26T02:04:12.759+0000] {processor.py:183} INFO - Processing /opt/airflow/dags/bronze_ingestion_dag.py took 0.926 seconds
[2026-07-26T02:04:50.715+0000] {processor.py:161} INFO - Started process (PID=5250) to work on /opt/airflow/dags/bronze_ingestion_dag.py
[2026-07-26T02:04:50.722+0000] {processor.py:830} INFO - Processing file /opt/airflow/dags/bronze_ingestion_dag.py for tasks to queue
[2026-07-26T02:04:50.741+0000] {logging_mixin.py:188} INFO - [2026-07-26T02:04:50.739+0000] {dagbag.py:545} INFO - Filling up the DagBag from /opt/airflow/dags/bronze_ingestion_dag.py
[2026-07-26T02:04:50.925+0000] {processor.py:840} INFO - DAG(s) 'ingest_bronze_layer' retrieved from /opt/airflow/dags/bronze_ingestion_dag.py
[2026-07-26T02:04:51.094+0000] {logging_mixin.py:188} INFO - [2026-07-26T02:04:51.092+0000] {dag.py:3096} INFO - Sync 1 DAGs
[2026-07-26T02:04:51.798+0000] {logging_mixin.py:188} INFO - [2026-07-26T02:04:51.798+0000] {dag.py:3954} INFO - Setting next_dagrun for ingest_bronze_layer to 2026-07-26 02:00:00+00:00, run_after=2026-07-26 03:00:00+00:00
[2026-07-26T02:04:52.018+0000] {processor.py:183} INFO - Processing /opt/airflow/dags/bronze_ingestion_dag.py took 1.390 seconds
[2026-07-26T02:05:24.228+0000] {processor.py:161} INFO - Started process (PID=5279) to work on /opt/airflow/dags/bronze_ingestion_dag.py
[2026-07-26T02:05:24.243+0000] {processor.py:830} INFO - Processing file /opt/airflow/dags/bronze_ingestion_dag.py for tasks to queue
[2026-07-26T02:05:24.270+0000] {logging_mixin.py:188} INFO - [2026-07-26T02:05:24.269+0000] {dagbag.py:545} INFO - Filling up the DagBag from /opt/airflow/dags/bronze_ingestion_dag.py
[2026-07-26T02:05:24.656+0000] {processor.py:840} INFO - DAG(s) 'ingest_bronze_layer' retrieved from /opt/airflow/dags/bronze_ingestion_dag.py
[2026-07-26T02:05:24.863+0000] {logging_mixin.py:188} INFO - [2026-07-26T02:05:24.861+0000] {dag.py:3096} INFO - Sync 1 DAGs
[2026-07-26T02:05:25.237+0000] {logging_mixin.py:188} INFO - [2026-07-26T02:05:25.237+0000] {dag.py:3954} INFO - Setting next_dagrun for ingest_bronze_layer to 2026-07-26 02:00:00+00:00, run_after=2026-07-26 03:00:00+00:00
[2026-07-26T02:05:25.414+0000] {processor.py:183} INFO - Processing /opt/airflow/dags/bronze_ingestion_dag.py took 1.287 seconds
[2026-07-26T02:06:07.592+0000] {processor.py:161} INFO - Started process (PID=5371) to work on /opt/airflow/dags/bronze_ingestion_dag.py
[2026-07-26T02:06:07.610+0000] {processor.py:830} INFO - Processing file /opt/airflow/dags/bronze_ingestion_dag.py for tasks to queue
[2026-07-26T02:06:07.625+0000] {logging_mixin.py:188} INFO - [2026-07-26T02:06:07.624+0000] {dagbag.py:545} INFO - Filling up the DagBag from /opt/airflow/dags/bronze_ingestion_dag.py
[2026-07-26T02:06:07.911+0000] {processor.py:840} INFO - DAG(s) 'ingest_bronze_layer' retrieved from /opt/airflow/dags/bronze_ingestion_dag.py
[2026-07-26T02:06:08.159+0000] {logging_mixin.py:188} INFO - [2026-07-26T02:06:08.158+0000] {dag.py:3096} INFO - Sync 1 DAGs
[2026-07-26T02:06:08.739+0000] {logging_mixin.py:188} INFO - [2026-07-26T02:06:08.738+0000] {dag.py:3954} INFO - Setting next_dagrun for ingest_bronze_layer to 2026-07-26 02:00:00+00:00, run_after=2026-07-26 03:00:00+00:00
[2026-07-26T02:06:09.006+0000] {processor.py:183} INFO - Processing /opt/airflow/dags/bronze_ingestion_dag.py took 1.472 seconds
[2026-07-26T02:06:42.142+0000] {processor.py:161} INFO - Started process (PID=5436) to work on /opt/airflow/dags/bronze_ingestion_dag.py
[2026-07-26T02:06:42.146+0000] {processor.py:830} INFO - Processing file /opt/airflow/dags/bronze_ingestion_dag.py for tasks to queue
[2026-07-26T02:06:42.159+0000] {logging_mixin.py:188} INFO - [2026-07-26T02:06:42.158+0000] {dagbag.py:545} INFO - Filling up the DagBag from /opt/airflow/dags/bronze_ingestion_dag.py
[2026-07-26T02:06:42.249+0000] {processor.py:840} INFO - DAG(s) 'ingest_bronze_layer' retrieved from /opt/airflow/dags/bronze_ingestion_dag.py
[2026-07-26T02:06:42.333+0000] {logging_mixin.py:188} INFO - [2026-07-26T02:06:42.332+0000] {dag.py:3096} INFO - Sync 1 DAGs
[2026-07-26T02:06:42.447+0000] {logging_mixin.py:188} INFO - [2026-07-26T02:06:42.447+0000] {dag.py:3954} INFO - Setting next_dagrun for ingest_bronze_layer to 2026-07-26 02:00:00+00:00, run_after=2026-07-26 03:00:00+00:00
[2026-07-26T02:06:42.548+0000] {processor.py:183} INFO - Processing /opt/airflow/dags/bronze_ingestion_dag.py took 0.443 seconds
[2026-07-26T02:07:14.503+0000] {processor.py:161} INFO - Started process (PID=5488) to work on /opt/airflow/dags/bronze_ingestion_dag.py
[2026-07-26T02:07:14.510+0000] {processor.py:830} INFO - Processing file /opt/airflow/dags/bronze_ingestion_dag.py for tasks to queue
[2026-07-26T02:07:14.528+0000] {logging_mixin.py:188} INFO - [2026-07-26T02:07:14.526+0000] {dagbag.py:545} INFO - Filling up the DagBag from /opt/airflow/dags/bronze_ingestion_dag.py
[2026-07-26T02:07:14.754+0000] {processor.py:840} INFO - DAG(s) 'ingest_bronze_layer' retrieved from /opt/airflow/dags/bronze_ingestion_dag.py
[2026-07-26T02:07:14.910+0000] {logging_mixin.py:188} INFO - [2026-07-26T02:07:14.909+0000] {dag.py:3096} INFO - Sync 1 DAGs
[2026-07-26T02:07:15.055+0000] {logging_mixin.py:188} INFO - [2026-07-26T02:07:15.054+0000] {dag.py:3954} INFO - Setting next_dagrun for ingest_bronze_layer to 2026-07-26 02:00:00+00:00, run_after=2026-07-26 03:00:00+00:00
[2026-07-26T02:07:15.230+0000] {processor.py:183} INFO - Processing /opt/airflow/dags/bronze_ingestion_dag.py took 0.809 seconds
[2026-07-26T02:07:48.106+0000] {processor.py:161} INFO - Started process (PID=5563) to work on /opt/airflow/dags/bronze_ingestion_dag.py
[2026-07-26T02:07:48.114+0000] {processor.py:830} INFO - Processing file /opt/airflow/dags/bronze_ingestion_dag.py for tasks to queue
[2026-07-26T02:07:48.166+0000] {logging_mixin.py:188} INFO - [2026-07-26T02:07:48.164+0000] {dagbag.py:545} INFO - Filling up the DagBag from /opt/airflow/dags/bronze_ingestion_dag.py
[2026-07-26T02:07:48.680+0000] {processor.py:840} INFO - DAG(s) 'ingest_bronze_layer' retrieved from /opt/airflow/dags/bronze_ingestion_dag.py
[2026-07-26T02:07:49.161+0000] {logging_mixin.py:188} INFO - [2026-07-26T02:07:49.160+0000] {dag.py:3096} INFO - Sync 1 DAGs
[2026-07-26T02:07:49.364+0000] {logging_mixin.py:188} INFO - [2026-07-26T02:07:49.363+0000] {dag.py:3954} INFO - Setting next_dagrun for ingest_bronze_layer to 2026-07-26 02:00:00+00:00, run_after=2026-07-26 03:00:00+00:00
[2026-07-26T02:07:50.041+0000] {processor.py:183} INFO - Processing /opt/airflow/dags/bronze_ingestion_dag.py took 1.991 seconds
[2026-07-26T02:08:25.313+0000] {processor.py:161} INFO - Started process (PID=5840) to work on /opt/airflow/dags/bronze_ingestion_dag.py
[2026-07-26T02:08:25.340+0000] {processor.py:830} INFO - Processing file /opt/airflow/dags/bronze_ingestion_dag.py for tasks to queue
[2026-07-26T02:08:25.424+0000] {logging_mixin.py:188} INFO - [2026-07-26T02:08:25.418+0000] {dagbag.py:545} INFO - Filling up the DagBag from /opt/airflow/dags/bronze_ingestion_dag.py
[2026-07-26T02:08:25.737+0000] {processor.py:840} INFO - DAG(s) 'ingest_bronze_layer' retrieved from /opt/airflow/dags/bronze_ingestion_dag.py
[2026-07-26T02:08:26.015+0000] {logging_mixin.py:188} INFO - [2026-07-26T02:08:26.013+0000] {dag.py:3096} INFO - Sync 1 DAGs
[2026-07-26T02:08:26.303+0000] {logging_mixin.py:188} INFO - [2026-07-26T02:08:26.302+0000] {dag.py:3954} INFO - Setting next_dagrun for ingest_bronze_layer to 2026-07-26 02:00:00+00:00, run_after=2026-07-26 03:00:00+00:00
[2026-07-26T02:08:26.638+0000] {processor.py:183} INFO - Processing /opt/airflow/dags/bronze_ingestion_dag.py took 1.569 seconds
[2026-07-26T02:08:58.897+0000] {processor.py:161} INFO - Started process (PID=6219) to work on /opt/airflow/dags/bronze_ingestion_dag.py
[2026-07-26T02:08:58.922+0000] {processor.py:830} INFO - Processing file /opt/airflow/dags/bronze_ingestion_dag.py for tasks to queue
[2026-07-26T02:08:58.973+0000] {logging_mixin.py:188} INFO - [2026-07-26T02:08:58.970+0000] {dagbag.py:545} INFO - Filling up the DagBag from /opt/airflow/dags/bronze_ingestion_dag.py
[2026-07-26T02:09:00.857+0000] {processor.py:840} INFO - DAG(s) 'ingest_bronze_layer' retrieved from /opt/airflow/dags/bronze_ingestion_dag.py
[2026-07-26T02:09:01.097+0000] {logging_mixin.py:188} INFO - [2026-07-26T02:09:01.096+0000] {dag.py:3096} INFO - Sync 1 DAGs
[2026-07-26T02:09:01.364+0000] {logging_mixin.py:188} INFO - [2026-07-26T02:09:01.364+0000] {dag.py:3954} INFO - Setting next_dagrun for ingest_bronze_layer to 2026-07-26 02:00:00+00:00, run_after=2026-07-26 03:00:00+00:00
[2026-07-26T02:09:01.535+0000] {processor.py:183} INFO - Processing /opt/airflow/dags/bronze_ingestion_dag.py took 2.702 seconds
[2026-07-26T02:09:32.414+0000] {processor.py:161} INFO - Started process (PID=6290) to work on /opt/airflow/dags/bronze_ingestion_dag.py
[2026-07-26T02:09:32.459+0000] {processor.py:830} INFO - Processing file /opt/airflow/dags/bronze_ingestion_dag.py for tasks to queue
[2026-07-26T02:09:32.478+0000] {logging_mixin.py:188} INFO - [2026-07-26T02:09:32.477+0000] {dagbag.py:545} INFO - Filling up the DagBag from /opt/airflow/dags/bronze_ingestion_dag.py
[2026-07-26T02:09:33.018+0000] {processor.py:840} INFO - DAG(s) 'ingest_bronze_layer' retrieved from /opt/airflow/dags/bronze_ingestion_dag.py
[2026-07-26T02:09:33.679+0000] {logging_mixin.py:188} INFO - [2026-07-26T02:09:33.677+0000] {dag.py:3096} INFO - Sync 1 DAGs
[2026-07-26T02:09:35.240+0000] {logging_mixin.py:188} INFO - [2026-07-26T02:09:35.236+0000] {dag.py:3954} INFO - Setting next_dagrun for ingest_bronze_layer to 2026-07-26 02:00:00+00:00, run_after=2026-07-26 03:00:00+00:00
[2026-07-26T02:09:35.478+0000] {processor.py:183} INFO - Processing /opt/airflow/dags/bronze_ingestion_dag.py took 3.144 seconds
[2026-07-26T02:10:06.708+0000] {processor.py:161} INFO - Started process (PID=6339) to work on /opt/airflow/dags/bronze_ingestion_dag.py
[2026-07-26T02:10:06.721+0000] {processor.py:830} INFO - Processing file /opt/airflow/dags/bronze_ingestion_dag.py for tasks to queue
[2026-07-26T02:10:06.729+0000] {logging_mixin.py:188} INFO - [2026-07-26T02:10:06.728+0000] {dagbag.py:545} INFO - Filling up the DagBag from /opt/airflow/dags/bronze_ingestion_dag.py
[2026-07-26T02:10:06.907+0000] {processor.py:840} INFO - DAG(s) 'ingest_bronze_layer' retrieved from /opt/airflow/dags/bronze_ingestion_dag.py
[2026-07-26T02:10:07.011+0000] {logging_mixin.py:188} INFO - [2026-07-26T02:10:07.011+0000] {dag.py:3096} INFO - Sync 1 DAGs
[2026-07-26T02:10:07.089+0000] {logging_mixin.py:188} INFO - [2026-07-26T02:10:07.089+0000] {dag.py:3954} INFO - Setting next_dagrun for ingest_bronze_layer to 2026-07-26 02:00:00+00:00, run_after=2026-07-26 03:00:00+00:00
[2026-07-26T02:10:07.138+0000] {processor.py:183} INFO - Processing /opt/airflow/dags/bronze_ingestion_dag.py took 0.456 seconds
[2026-07-26T02:10:37.549+0000] {processor.py:161} INFO - Started process (PID=6402) to work on /opt/airflow/dags/bronze_ingestion_dag.py
[2026-07-26T02:10:37.556+0000] {processor.py:830} INFO - Processing file /opt/airflow/dags/bronze_ingestion_dag.py for tasks to queue
[2026-07-26T02:10:37.565+0000] {logging_mixin.py:188} INFO - [2026-07-26T02:10:37.563+0000] {dagbag.py:545} INFO - Filling up the DagBag from /opt/airflow/dags/bronze_ingestion_dag.py
[2026-07-26T02:10:37.668+0000] {processor.py:840} INFO - DAG(s) 'ingest_bronze_layer' retrieved from /opt/airflow/dags/bronze_ingestion_dag.py
[2026-07-26T02:10:37.777+0000] {logging_mixin.py:188} INFO - [2026-07-26T02:10:37.776+0000] {dag.py:3096} INFO - Sync 1 DAGs
[2026-07-26T02:10:37.884+0000] {logging_mixin.py:188} INFO - [2026-07-26T02:10:37.883+0000] {dag.py:3954} INFO - Setting next_dagrun for ingest_bronze_layer to 2026-07-26 02:00:00+00:00, run_after=2026-07-26 03:00:00+00:00
[2026-07-26T02:10:38.035+0000] {processor.py:183} INFO - Processing /opt/airflow/dags/bronze_ingestion_dag.py took 0.520 seconds
[2026-07-26T02:11:11.250+0000] {processor.py:161} INFO - Started process (PID=6499) to work on /opt/airflow/dags/bronze_ingestion_dag.py
[2026-07-26T02:11:11.253+0000] {processor.py:830} INFO - Processing file /opt/airflow/dags/bronze_ingestion_dag.py for tasks to queue
[2026-07-26T02:11:11.262+0000] {logging_mixin.py:188} INFO - [2026-07-26T02:11:11.261+0000] {dagbag.py:545} INFO - Filling up the DagBag from /opt/airflow/dags/bronze_ingestion_dag.py
[2026-07-26T02:11:11.359+0000] {processor.py:840} INFO - DAG(s) 'ingest_bronze_layer' retrieved from /opt/airflow/dags/bronze_ingestion_dag.py
[2026-07-26T02:11:11.577+0000] {logging_mixin.py:188} INFO - [2026-07-26T02:11:11.575+0000] {dag.py:3096} INFO - Sync 1 DAGs
[2026-07-26T02:11:11.784+0000] {logging_mixin.py:188} INFO - [2026-07-26T02:11:11.784+0000] {dag.py:3954} INFO - Setting next_dagrun for ingest_bronze_layer to 2026-07-26 02:00:00+00:00, run_after=2026-07-26 03:00:00+00:00
[2026-07-26T02:11:11.902+0000] {processor.py:183} INFO - Processing /opt/airflow/dags/bronze_ingestion_dag.py took 0.688 seconds
[2026-07-26T02:11:44.404+0000] {processor.py:161} INFO - Started process (PID=6557) to work on /opt/airflow/dags/bronze_ingestion_dag.py
[2026-07-26T02:11:44.529+0000] {processor.py:830} INFO - Processing file /opt/airflow/dags/bronze_ingestion_dag.py for tasks to queue
[2026-07-26T02:11:44.553+0000] {logging_mixin.py:188} INFO - [2026-07-26T02:11:44.548+0000] {dagbag.py:545} INFO - Filling up the DagBag from /opt/airflow/dags/bronze_ingestion_dag.py
[2026-07-26T02:11:44.783+0000] {processor.py:840} INFO - DAG(s) 'ingest_bronze_layer' retrieved from /opt/airflow/dags/bronze_ingestion_dag.py
[2026-07-26T02:11:44.916+0000] {logging_mixin.py:188} INFO - [2026-07-26T02:11:44.915+0000] {dag.py:3096} INFO - Sync 1 DAGs
[2026-07-26T02:11:45.126+0000] {logging_mixin.py:188} INFO - [2026-07-26T02:11:45.125+0000] {dag.py:3954} INFO - Setting next_dagrun for ingest_bronze_layer to 2026-07-26 02:00:00+00:00, run_after=2026-07-26 03:00:00+00:00
[2026-07-26T02:11:45.255+0000] {processor.py:183} INFO - Processing /opt/airflow/dags/bronze_ingestion_dag.py took 0.966 seconds
