[2026-07-29T00:00:01.933+0000] {processor.py:161} INFO - Started process (PID=14531) to work on /opt/airflow/dags/gold_processing_dag.py
[2026-07-29T00:00:01.936+0000] {processor.py:830} INFO - Processing file /opt/airflow/dags/gold_processing_dag.py for tasks to queue
[2026-07-29T00:00:01.940+0000] {logging_mixin.py:188} INFO - [2026-07-29T00:00:01.939+0000] {dagbag.py:545} INFO - Filling up the DagBag from /opt/airflow/dags/gold_processing_dag.py
[2026-07-29T00:00:01.987+0000] {processor.py:840} INFO - DAG(s) 'process_gold_layer' retrieved from /opt/airflow/dags/gold_processing_dag.py
[2026-07-29T00:00:02.042+0000] {logging_mixin.py:188} INFO - [2026-07-29T00:00:02.041+0000] {dag.py:3096} INFO - Sync 1 DAGs
[2026-07-29T00:00:02.071+0000] {logging_mixin.py:188} INFO - [2026-07-29T00:00:02.071+0000] {dag.py:3954} INFO - Setting next_dagrun for process_gold_layer to None, run_after=None
[2026-07-29T00:00:02.132+0000] {processor.py:183} INFO - Processing /opt/airflow/dags/gold_processing_dag.py took 0.214 seconds
[2026-07-29T00:00:33.037+0000] {processor.py:161} INFO - Started process (PID=14562) to work on /opt/airflow/dags/gold_processing_dag.py
[2026-07-29T00:00:33.041+0000] {processor.py:830} INFO - Processing file /opt/airflow/dags/gold_processing_dag.py for tasks to queue
[2026-07-29T00:00:33.046+0000] {logging_mixin.py:188} INFO - [2026-07-29T00:00:33.045+0000] {dagbag.py:545} INFO - Filling up the DagBag from /opt/airflow/dags/gold_processing_dag.py
[2026-07-29T00:00:33.113+0000] {processor.py:840} INFO - DAG(s) 'process_gold_layer' retrieved from /opt/airflow/dags/gold_processing_dag.py
[2026-07-29T00:00:33.178+0000] {logging_mixin.py:188} INFO - [2026-07-29T00:00:33.178+0000] {dag.py:3096} INFO - Sync 1 DAGs
[2026-07-29T00:00:33.220+0000] {logging_mixin.py:188} INFO - [2026-07-29T00:00:33.220+0000] {dag.py:3954} INFO - Setting next_dagrun for process_gold_layer to None, run_after=None
[2026-07-29T00:00:33.293+0000] {processor.py:183} INFO - Processing /opt/airflow/dags/gold_processing_dag.py took 0.294 seconds
[2026-07-29T00:01:03.722+0000] {processor.py:161} INFO - Started process (PID=14705) to work on /opt/airflow/dags/gold_processing_dag.py
[2026-07-29T00:01:03.729+0000] {processor.py:830} INFO - Processing file /opt/airflow/dags/gold_processing_dag.py for tasks to queue
[2026-07-29T00:01:03.735+0000] {logging_mixin.py:188} INFO - [2026-07-29T00:01:03.734+0000] {dagbag.py:545} INFO - Filling up the DagBag from /opt/airflow/dags/gold_processing_dag.py
[2026-07-29T00:01:03.793+0000] {processor.py:840} INFO - DAG(s) 'process_gold_layer' retrieved from /opt/airflow/dags/gold_processing_dag.py
[2026-07-29T00:01:03.969+0000] {logging_mixin.py:188} INFO - [2026-07-29T00:01:03.968+0000] {dag.py:3096} INFO - Sync 1 DAGs
[2026-07-29T00:01:04.097+0000] {logging_mixin.py:188} INFO - [2026-07-29T00:01:04.096+0000] {dag.py:3954} INFO - Setting next_dagrun for process_gold_layer to None, run_after=None
[2026-07-29T00:01:04.269+0000] {processor.py:183} INFO - Processing /opt/airflow/dags/gold_processing_dag.py took 0.566 seconds
[2026-07-29T00:01:35.401+0000] {processor.py:161} INFO - Started process (PID=14821) to work on /opt/airflow/dags/gold_processing_dag.py
[2026-07-29T00:01:35.410+0000] {processor.py:830} INFO - Processing file /opt/airflow/dags/gold_processing_dag.py for tasks to queue
[2026-07-29T00:01:35.418+0000] {logging_mixin.py:188} INFO - [2026-07-29T00:01:35.414+0000] {dagbag.py:545} INFO - Filling up the DagBag from /opt/airflow/dags/gold_processing_dag.py
[2026-07-29T00:01:35.651+0000] {processor.py:840} INFO - DAG(s) 'process_gold_layer' retrieved from /opt/airflow/dags/gold_processing_dag.py
[2026-07-29T00:01:35.772+0000] {logging_mixin.py:188} INFO - [2026-07-29T00:01:35.772+0000] {dag.py:3096} INFO - Sync 1 DAGs
[2026-07-29T00:01:35.844+0000] {logging_mixin.py:188} INFO - [2026-07-29T00:01:35.843+0000] {dag.py:3954} INFO - Setting next_dagrun for process_gold_layer to None, run_after=None
[2026-07-29T00:01:35.985+0000] {processor.py:183} INFO - Processing /opt/airflow/dags/gold_processing_dag.py took 0.651 seconds
[2026-07-29T00:02:06.299+0000] {processor.py:161} INFO - Started process (PID=14912) to work on /opt/airflow/dags/gold_processing_dag.py
[2026-07-29T00:02:06.322+0000] {processor.py:830} INFO - Processing file /opt/airflow/dags/gold_processing_dag.py for tasks to queue
[2026-07-29T00:02:06.330+0000] {logging_mixin.py:188} INFO - [2026-07-29T00:02:06.329+0000] {dagbag.py:545} INFO - Filling up the DagBag from /opt/airflow/dags/gold_processing_dag.py
[2026-07-29T00:02:06.487+0000] {processor.py:840} INFO - DAG(s) 'process_gold_layer' retrieved from /opt/airflow/dags/gold_processing_dag.py
[2026-07-29T00:02:06.868+0000] {logging_mixin.py:188} INFO - [2026-07-29T00:02:06.837+0000] {dag.py:3096} INFO - Sync 1 DAGs
[2026-07-29T00:02:07.059+0000] {logging_mixin.py:188} INFO - [2026-07-29T00:02:07.058+0000] {dag.py:3954} INFO - Setting next_dagrun for process_gold_layer to None, run_after=None
[2026-07-29T00:02:07.504+0000] {processor.py:183} INFO - Processing /opt/airflow/dags/gold_processing_dag.py took 1.294 seconds
[2026-07-29T00:02:37.910+0000] {processor.py:161} INFO - Started process (PID=14941) to work on /opt/airflow/dags/gold_processing_dag.py
[2026-07-29T00:02:37.913+0000] {processor.py:830} INFO - Processing file /opt/airflow/dags/gold_processing_dag.py for tasks to queue
[2026-07-29T00:02:37.917+0000] {logging_mixin.py:188} INFO - [2026-07-29T00:02:37.916+0000] {dagbag.py:545} INFO - Filling up the DagBag from /opt/airflow/dags/gold_processing_dag.py
[2026-07-29T00:02:37.969+0000] {processor.py:840} INFO - DAG(s) 'process_gold_layer' retrieved from /opt/airflow/dags/gold_processing_dag.py
[2026-07-29T00:02:38.014+0000] {logging_mixin.py:188} INFO - [2026-07-29T00:02:38.013+0000] {dag.py:3096} INFO - Sync 1 DAGs
[2026-07-29T00:02:38.046+0000] {logging_mixin.py:188} INFO - [2026-07-29T00:02:38.045+0000] {dag.py:3954} INFO - Setting next_dagrun for process_gold_layer to None, run_after=None
[2026-07-29T00:02:38.100+0000] {processor.py:183} INFO - Processing /opt/airflow/dags/gold_processing_dag.py took 0.218 seconds
[2026-07-29T00:03:09.125+0000] {processor.py:161} INFO - Started process (PID=15034) to work on /opt/airflow/dags/gold_processing_dag.py
[2026-07-29T00:03:09.142+0000] {processor.py:830} INFO - Processing file /opt/airflow/dags/gold_processing_dag.py for tasks to queue
[2026-07-29T00:03:09.147+0000] {logging_mixin.py:188} INFO - [2026-07-29T00:03:09.146+0000] {dagbag.py:545} INFO - Filling up the DagBag from /opt/airflow/dags/gold_processing_dag.py
[2026-07-29T00:03:09.353+0000] {processor.py:840} INFO - DAG(s) 'process_gold_layer' retrieved from /opt/airflow/dags/gold_processing_dag.py
[2026-07-29T00:03:09.543+0000] {logging_mixin.py:188} INFO - [2026-07-29T00:03:09.542+0000] {dag.py:3096} INFO - Sync 1 DAGs
[2026-07-29T00:03:09.702+0000] {logging_mixin.py:188} INFO - [2026-07-29T00:03:09.701+0000] {dag.py:3954} INFO - Setting next_dagrun for process_gold_layer to None, run_after=None
[2026-07-29T00:03:10.018+0000] {processor.py:183} INFO - Processing /opt/airflow/dags/gold_processing_dag.py took 0.937 seconds
[2026-07-29T00:03:41.181+0000] {processor.py:161} INFO - Started process (PID=15114) to work on /opt/airflow/dags/gold_processing_dag.py
[2026-07-29T00:03:41.648+0000] {processor.py:830} INFO - Processing file /opt/airflow/dags/gold_processing_dag.py for tasks to queue
[2026-07-29T00:03:41.653+0000] {logging_mixin.py:188} INFO - [2026-07-29T00:03:41.651+0000] {dagbag.py:545} INFO - Filling up the DagBag from /opt/airflow/dags/gold_processing_dag.py
[2026-07-29T00:03:41.728+0000] {processor.py:840} INFO - DAG(s) 'process_gold_layer' retrieved from /opt/airflow/dags/gold_processing_dag.py
[2026-07-29T00:03:41.791+0000] {logging_mixin.py:188} INFO - [2026-07-29T00:03:41.791+0000] {dag.py:3096} INFO - Sync 1 DAGs
[2026-07-29T00:03:41.871+0000] {logging_mixin.py:188} INFO - [2026-07-29T00:03:41.871+0000] {dag.py:3954} INFO - Setting next_dagrun for process_gold_layer to None, run_after=None
[2026-07-29T00:03:42.573+0000] {processor.py:183} INFO - Processing /opt/airflow/dags/gold_processing_dag.py took 1.423 seconds
[2026-07-29T00:04:13.591+0000] {processor.py:161} INFO - Started process (PID=15189) to work on /opt/airflow/dags/gold_processing_dag.py
[2026-07-29T00:04:13.608+0000] {processor.py:830} INFO - Processing file /opt/airflow/dags/gold_processing_dag.py for tasks to queue
[2026-07-29T00:04:13.621+0000] {logging_mixin.py:188} INFO - [2026-07-29T00:04:13.619+0000] {dagbag.py:545} INFO - Filling up the DagBag from /opt/airflow/dags/gold_processing_dag.py
[2026-07-29T00:04:13.803+0000] {processor.py:840} INFO - DAG(s) 'process_gold_layer' retrieved from /opt/airflow/dags/gold_processing_dag.py
[2026-07-29T00:04:14.031+0000] {logging_mixin.py:188} INFO - [2026-07-29T00:04:14.024+0000] {dag.py:3096} INFO - Sync 1 DAGs
[2026-07-29T00:04:14.300+0000] {logging_mixin.py:188} INFO - [2026-07-29T00:04:14.300+0000] {dag.py:3954} INFO - Setting next_dagrun for process_gold_layer to None, run_after=None
[2026-07-29T00:04:14.604+0000] {processor.py:183} INFO - Processing /opt/airflow/dags/gold_processing_dag.py took 1.137 seconds
[2026-07-29T00:04:45.583+0000] {processor.py:161} INFO - Started process (PID=15810) to work on /opt/airflow/dags/gold_processing_dag.py
[2026-07-29T00:04:45.598+0000] {processor.py:830} INFO - Processing file /opt/airflow/dags/gold_processing_dag.py for tasks to queue
[2026-07-29T00:04:45.603+0000] {logging_mixin.py:188} INFO - [2026-07-29T00:04:45.602+0000] {dagbag.py:545} INFO - Filling up the DagBag from /opt/airflow/dags/gold_processing_dag.py
[2026-07-29T00:04:45.745+0000] {processor.py:840} INFO - DAG(s) 'process_gold_layer' retrieved from /opt/airflow/dags/gold_processing_dag.py
[2026-07-29T00:04:45.836+0000] {logging_mixin.py:188} INFO - [2026-07-29T00:04:45.836+0000] {dag.py:3096} INFO - Sync 1 DAGs
[2026-07-29T00:04:45.881+0000] {logging_mixin.py:188} INFO - [2026-07-29T00:04:45.881+0000] {dag.py:3954} INFO - Setting next_dagrun for process_gold_layer to None, run_after=None
[2026-07-29T00:04:46.089+0000] {processor.py:183} INFO - Processing /opt/airflow/dags/gold_processing_dag.py took 0.542 seconds
[2026-07-29T00:05:17.188+0000] {processor.py:161} INFO - Started process (PID=15895) to work on /opt/airflow/dags/gold_processing_dag.py
[2026-07-29T00:05:17.198+0000] {processor.py:830} INFO - Processing file /opt/airflow/dags/gold_processing_dag.py for tasks to queue
[2026-07-29T00:05:17.270+0000] {logging_mixin.py:188} INFO - [2026-07-29T00:05:17.228+0000] {dagbag.py:545} INFO - Filling up the DagBag from /opt/airflow/dags/gold_processing_dag.py
[2026-07-29T00:05:17.833+0000] {processor.py:840} INFO - DAG(s) 'process_gold_layer' retrieved from /opt/airflow/dags/gold_processing_dag.py
[2026-07-29T00:05:18.494+0000] {logging_mixin.py:188} INFO - [2026-07-29T00:05:18.493+0000] {dag.py:3096} INFO - Sync 1 DAGs
[2026-07-29T00:05:18.885+0000] {logging_mixin.py:188} INFO - [2026-07-29T00:05:18.884+0000] {dag.py:3954} INFO - Setting next_dagrun for process_gold_layer to None, run_after=None
[2026-07-29T00:05:19.453+0000] {processor.py:183} INFO - Processing /opt/airflow/dags/gold_processing_dag.py took 2.395 seconds
[2026-07-29T00:05:49.982+0000] {processor.py:161} INFO - Started process (PID=15972) to work on /opt/airflow/dags/gold_processing_dag.py
[2026-07-29T00:05:50.042+0000] {processor.py:830} INFO - Processing file /opt/airflow/dags/gold_processing_dag.py for tasks to queue
[2026-07-29T00:05:50.046+0000] {logging_mixin.py:188} INFO - [2026-07-29T00:05:50.045+0000] {dagbag.py:545} INFO - Filling up the DagBag from /opt/airflow/dags/gold_processing_dag.py
[2026-07-29T00:05:50.092+0000] {processor.py:840} INFO - DAG(s) 'process_gold_layer' retrieved from /opt/airflow/dags/gold_processing_dag.py
[2026-07-29T00:05:50.161+0000] {logging_mixin.py:188} INFO - [2026-07-29T00:05:50.161+0000] {dag.py:3096} INFO - Sync 1 DAGs
[2026-07-29T00:05:50.304+0000] {logging_mixin.py:188} INFO - [2026-07-29T00:05:50.303+0000] {dag.py:3954} INFO - Setting next_dagrun for process_gold_layer to None, run_after=None
[2026-07-29T00:05:50.925+0000] {processor.py:183} INFO - Processing /opt/airflow/dags/gold_processing_dag.py took 0.975 seconds
[2026-07-29T00:06:21.442+0000] {processor.py:161} INFO - Started process (PID=16066) to work on /opt/airflow/dags/gold_processing_dag.py
[2026-07-29T00:06:21.446+0000] {processor.py:830} INFO - Processing file /opt/airflow/dags/gold_processing_dag.py for tasks to queue
[2026-07-29T00:06:21.453+0000] {logging_mixin.py:188} INFO - [2026-07-29T00:06:21.452+0000] {dagbag.py:545} INFO - Filling up the DagBag from /opt/airflow/dags/gold_processing_dag.py
[2026-07-29T00:06:21.553+0000] {processor.py:840} INFO - DAG(s) 'process_gold_layer' retrieved from /opt/airflow/dags/gold_processing_dag.py
[2026-07-29T00:06:21.766+0000] {logging_mixin.py:188} INFO - [2026-07-29T00:06:21.765+0000] {dag.py:3096} INFO - Sync 1 DAGs
[2026-07-29T00:06:21.840+0000] {logging_mixin.py:188} INFO - [2026-07-29T00:06:21.839+0000] {dag.py:3954} INFO - Setting next_dagrun for process_gold_layer to None, run_after=None
[2026-07-29T00:06:21.942+0000] {processor.py:183} INFO - Processing /opt/airflow/dags/gold_processing_dag.py took 0.528 seconds
[2026-07-29T00:06:52.381+0000] {processor.py:161} INFO - Started process (PID=16127) to work on /opt/airflow/dags/gold_processing_dag.py
[2026-07-29T00:06:52.386+0000] {processor.py:830} INFO - Processing file /opt/airflow/dags/gold_processing_dag.py for tasks to queue
[2026-07-29T00:06:52.390+0000] {logging_mixin.py:188} INFO - [2026-07-29T00:06:52.389+0000] {dagbag.py:545} INFO - Filling up the DagBag from /opt/airflow/dags/gold_processing_dag.py
[2026-07-29T00:06:52.439+0000] {processor.py:840} INFO - DAG(s) 'process_gold_layer' retrieved from /opt/airflow/dags/gold_processing_dag.py
[2026-07-29T00:06:52.496+0000] {logging_mixin.py:188} INFO - [2026-07-29T00:06:52.495+0000] {dag.py:3096} INFO - Sync 1 DAGs
[2026-07-29T00:06:52.534+0000] {logging_mixin.py:188} INFO - [2026-07-29T00:06:52.534+0000] {dag.py:3954} INFO - Setting next_dagrun for process_gold_layer to None, run_after=None
[2026-07-29T00:06:52.579+0000] {processor.py:183} INFO - Processing /opt/airflow/dags/gold_processing_dag.py took 0.224 seconds
[2026-07-29T00:07:23.027+0000] {processor.py:161} INFO - Started process (PID=16142) to work on /opt/airflow/dags/gold_processing_dag.py
[2026-07-29T00:07:23.030+0000] {processor.py:830} INFO - Processing file /opt/airflow/dags/gold_processing_dag.py for tasks to queue
[2026-07-29T00:07:23.033+0000] {logging_mixin.py:188} INFO - [2026-07-29T00:07:23.032+0000] {dagbag.py:545} INFO - Filling up the DagBag from /opt/airflow/dags/gold_processing_dag.py
[2026-07-29T00:07:23.074+0000] {processor.py:840} INFO - DAG(s) 'process_gold_layer' retrieved from /opt/airflow/dags/gold_processing_dag.py
[2026-07-29T00:07:23.320+0000] {logging_mixin.py:188} INFO - [2026-07-29T00:07:23.319+0000] {dag.py:3096} INFO - Sync 1 DAGs
[2026-07-29T00:07:23.478+0000] {logging_mixin.py:188} INFO - [2026-07-29T00:07:23.478+0000] {dag.py:3954} INFO - Setting next_dagrun for process_gold_layer to None, run_after=None
[2026-07-29T00:07:24.159+0000] {processor.py:183} INFO - Processing /opt/airflow/dags/gold_processing_dag.py took 1.147 seconds
[2026-07-29T00:07:55.120+0000] {processor.py:161} INFO - Started process (PID=16157) to work on /opt/airflow/dags/gold_processing_dag.py
[2026-07-29T00:07:55.123+0000] {processor.py:830} INFO - Processing file /opt/airflow/dags/gold_processing_dag.py for tasks to queue
[2026-07-29T00:07:55.127+0000] {logging_mixin.py:188} INFO - [2026-07-29T00:07:55.126+0000] {dagbag.py:545} INFO - Filling up the DagBag from /opt/airflow/dags/gold_processing_dag.py
[2026-07-29T00:07:55.172+0000] {processor.py:840} INFO - DAG(s) 'process_gold_layer' retrieved from /opt/airflow/dags/gold_processing_dag.py
[2026-07-29T00:07:55.217+0000] {logging_mixin.py:188} INFO - [2026-07-29T00:07:55.217+0000] {dag.py:3096} INFO - Sync 1 DAGs
[2026-07-29T00:07:55.246+0000] {logging_mixin.py:188} INFO - [2026-07-29T00:07:55.246+0000] {dag.py:3954} INFO - Setting next_dagrun for process_gold_layer to None, run_after=None
[2026-07-29T00:07:55.815+0000] {processor.py:183} INFO - Processing /opt/airflow/dags/gold_processing_dag.py took 0.715 seconds
[2026-07-29T00:08:26.250+0000] {processor.py:161} INFO - Started process (PID=16172) to work on /opt/airflow/dags/gold_processing_dag.py
[2026-07-29T00:08:26.252+0000] {processor.py:830} INFO - Processing file /opt/airflow/dags/gold_processing_dag.py for tasks to queue
[2026-07-29T00:08:26.255+0000] {logging_mixin.py:188} INFO - [2026-07-29T00:08:26.255+0000] {dagbag.py:545} INFO - Filling up the DagBag from /opt/airflow/dags/gold_processing_dag.py
[2026-07-29T00:08:26.292+0000] {processor.py:840} INFO - DAG(s) 'process_gold_layer' retrieved from /opt/airflow/dags/gold_processing_dag.py
[2026-07-29T00:08:26.345+0000] {logging_mixin.py:188} INFO - [2026-07-29T00:08:26.344+0000] {dag.py:3096} INFO - Sync 1 DAGs
[2026-07-29T00:08:26.377+0000] {logging_mixin.py:188} INFO - [2026-07-29T00:08:26.376+0000] {dag.py:3954} INFO - Setting next_dagrun for process_gold_layer to None, run_after=None
[2026-07-29T00:08:26.741+0000] {processor.py:183} INFO - Processing /opt/airflow/dags/gold_processing_dag.py took 0.502 seconds
[2026-07-29T00:08:57.160+0000] {processor.py:161} INFO - Started process (PID=16187) to work on /opt/airflow/dags/gold_processing_dag.py
[2026-07-29T00:08:57.163+0000] {processor.py:830} INFO - Processing file /opt/airflow/dags/gold_processing_dag.py for tasks to queue
[2026-07-29T00:08:57.167+0000] {logging_mixin.py:188} INFO - [2026-07-29T00:08:57.166+0000] {dagbag.py:545} INFO - Filling up the DagBag from /opt/airflow/dags/gold_processing_dag.py
[2026-07-29T00:08:57.204+0000] {processor.py:840} INFO - DAG(s) 'process_gold_layer' retrieved from /opt/airflow/dags/gold_processing_dag.py
[2026-07-29T00:08:57.248+0000] {logging_mixin.py:188} INFO - [2026-07-29T00:08:57.247+0000] {dag.py:3096} INFO - Sync 1 DAGs
[2026-07-29T00:08:57.275+0000] {logging_mixin.py:188} INFO - [2026-07-29T00:08:57.274+0000] {dag.py:3954} INFO - Setting next_dagrun for process_gold_layer to None, run_after=None
[2026-07-29T00:08:57.313+0000] {processor.py:183} INFO - Processing /opt/airflow/dags/gold_processing_dag.py took 0.167 seconds
[2026-07-29T00:09:27.780+0000] {processor.py:161} INFO - Started process (PID=16202) to work on /opt/airflow/dags/gold_processing_dag.py
[2026-07-29T00:09:27.782+0000] {processor.py:830} INFO - Processing file /opt/airflow/dags/gold_processing_dag.py for tasks to queue
[2026-07-29T00:09:27.786+0000] {logging_mixin.py:188} INFO - [2026-07-29T00:09:27.785+0000] {dagbag.py:545} INFO - Filling up the DagBag from /opt/airflow/dags/gold_processing_dag.py
[2026-07-29T00:09:27.831+0000] {processor.py:840} INFO - DAG(s) 'process_gold_layer' retrieved from /opt/airflow/dags/gold_processing_dag.py
[2026-07-29T00:09:27.891+0000] {logging_mixin.py:188} INFO - [2026-07-29T00:09:27.890+0000] {dag.py:3096} INFO - Sync 1 DAGs
[2026-07-29T00:09:27.944+0000] {logging_mixin.py:188} INFO - [2026-07-29T00:09:27.944+0000] {dag.py:3954} INFO - Setting next_dagrun for process_gold_layer to None, run_after=None
[2026-07-29T00:09:28.033+0000] {processor.py:183} INFO - Processing /opt/airflow/dags/gold_processing_dag.py took 0.274 seconds
[2026-07-29T00:09:58.273+0000] {processor.py:161} INFO - Started process (PID=16217) to work on /opt/airflow/dags/gold_processing_dag.py
[2026-07-29T00:09:58.277+0000] {processor.py:830} INFO - Processing file /opt/airflow/dags/gold_processing_dag.py for tasks to queue
[2026-07-29T00:09:58.280+0000] {logging_mixin.py:188} INFO - [2026-07-29T00:09:58.280+0000] {dagbag.py:545} INFO - Filling up the DagBag from /opt/airflow/dags/gold_processing_dag.py
[2026-07-29T00:09:58.321+0000] {processor.py:840} INFO - DAG(s) 'process_gold_layer' retrieved from /opt/airflow/dags/gold_processing_dag.py
[2026-07-29T00:09:58.362+0000] {logging_mixin.py:188} INFO - [2026-07-29T00:09:58.362+0000] {dag.py:3096} INFO - Sync 1 DAGs
[2026-07-29T00:09:58.392+0000] {logging_mixin.py:188} INFO - [2026-07-29T00:09:58.391+0000] {dag.py:3954} INFO - Setting next_dagrun for process_gold_layer to None, run_after=None
[2026-07-29T00:09:58.431+0000] {processor.py:183} INFO - Processing /opt/airflow/dags/gold_processing_dag.py took 0.179 seconds
[2026-07-29T00:10:28.615+0000] {processor.py:161} INFO - Started process (PID=16232) to work on /opt/airflow/dags/gold_processing_dag.py
[2026-07-29T00:10:28.618+0000] {processor.py:830} INFO - Processing file /opt/airflow/dags/gold_processing_dag.py for tasks to queue
[2026-07-29T00:10:28.621+0000] {logging_mixin.py:188} INFO - [2026-07-29T00:10:28.620+0000] {dagbag.py:545} INFO - Filling up the DagBag from /opt/airflow/dags/gold_processing_dag.py
[2026-07-29T00:10:28.661+0000] {processor.py:840} INFO - DAG(s) 'process_gold_layer' retrieved from /opt/airflow/dags/gold_processing_dag.py
[2026-07-29T00:10:28.705+0000] {logging_mixin.py:188} INFO - [2026-07-29T00:10:28.704+0000] {dag.py:3096} INFO - Sync 1 DAGs
[2026-07-29T00:10:28.734+0000] {logging_mixin.py:188} INFO - [2026-07-29T00:10:28.734+0000] {dag.py:3954} INFO - Setting next_dagrun for process_gold_layer to None, run_after=None
[2026-07-29T00:10:28.780+0000] {processor.py:183} INFO - Processing /opt/airflow/dags/gold_processing_dag.py took 0.179 seconds
[2026-07-29T00:10:59.334+0000] {processor.py:161} INFO - Started process (PID=16247) to work on /opt/airflow/dags/gold_processing_dag.py
[2026-07-29T00:10:59.337+0000] {processor.py:830} INFO - Processing file /opt/airflow/dags/gold_processing_dag.py for tasks to queue
[2026-07-29T00:10:59.340+0000] {logging_mixin.py:188} INFO - [2026-07-29T00:10:59.339+0000] {dagbag.py:545} INFO - Filling up the DagBag from /opt/airflow/dags/gold_processing_dag.py
[2026-07-29T00:10:59.383+0000] {processor.py:840} INFO - DAG(s) 'process_gold_layer' retrieved from /opt/airflow/dags/gold_processing_dag.py
[2026-07-29T00:10:59.430+0000] {logging_mixin.py:188} INFO - [2026-07-29T00:10:59.429+0000] {dag.py:3096} INFO - Sync 1 DAGs
[2026-07-29T00:10:59.462+0000] {logging_mixin.py:188} INFO - [2026-07-29T00:10:59.461+0000] {dag.py:3954} INFO - Setting next_dagrun for process_gold_layer to None, run_after=None
[2026-07-29T00:10:59.503+0000] {processor.py:183} INFO - Processing /opt/airflow/dags/gold_processing_dag.py took 0.191 seconds
[2026-07-29T00:11:30.027+0000] {processor.py:161} INFO - Started process (PID=16262) to work on /opt/airflow/dags/gold_processing_dag.py
[2026-07-29T00:11:30.030+0000] {processor.py:830} INFO - Processing file /opt/airflow/dags/gold_processing_dag.py for tasks to queue
[2026-07-29T00:11:30.033+0000] {logging_mixin.py:188} INFO - [2026-07-29T00:11:30.033+0000] {dagbag.py:545} INFO - Filling up the DagBag from /opt/airflow/dags/gold_processing_dag.py
[2026-07-29T00:11:30.078+0000] {processor.py:840} INFO - DAG(s) 'process_gold_layer' retrieved from /opt/airflow/dags/gold_processing_dag.py
[2026-07-29T00:11:30.121+0000] {logging_mixin.py:188} INFO - [2026-07-29T00:11:30.121+0000] {dag.py:3096} INFO - Sync 1 DAGs
[2026-07-29T00:11:30.157+0000] {logging_mixin.py:188} INFO - [2026-07-29T00:11:30.156+0000] {dag.py:3954} INFO - Setting next_dagrun for process_gold_layer to None, run_after=None
[2026-07-29T00:11:30.209+0000] {processor.py:183} INFO - Processing /opt/airflow/dags/gold_processing_dag.py took 0.196 seconds
[2026-07-29T00:12:00.328+0000] {processor.py:161} INFO - Started process (PID=16277) to work on /opt/airflow/dags/gold_processing_dag.py
[2026-07-29T00:12:00.330+0000] {processor.py:830} INFO - Processing file /opt/airflow/dags/gold_processing_dag.py for tasks to queue
[2026-07-29T00:12:00.334+0000] {logging_mixin.py:188} INFO - [2026-07-29T00:12:00.333+0000] {dagbag.py:545} INFO - Filling up the DagBag from /opt/airflow/dags/gold_processing_dag.py
[2026-07-29T00:12:00.371+0000] {processor.py:840} INFO - DAG(s) 'process_gold_layer' retrieved from /opt/airflow/dags/gold_processing_dag.py
[2026-07-29T00:12:00.417+0000] {logging_mixin.py:188} INFO - [2026-07-29T00:12:00.417+0000] {dag.py:3096} INFO - Sync 1 DAGs
[2026-07-29T00:12:00.446+0000] {logging_mixin.py:188} INFO - [2026-07-29T00:12:00.446+0000] {dag.py:3954} INFO - Setting next_dagrun for process_gold_layer to None, run_after=None
[2026-07-29T00:12:00.484+0000] {processor.py:183} INFO - Processing /opt/airflow/dags/gold_processing_dag.py took 0.170 seconds
[2026-07-29T00:12:30.719+0000] {processor.py:161} INFO - Started process (PID=16292) to work on /opt/airflow/dags/gold_processing_dag.py
[2026-07-29T00:12:30.722+0000] {processor.py:830} INFO - Processing file /opt/airflow/dags/gold_processing_dag.py for tasks to queue
[2026-07-29T00:12:30.726+0000] {logging_mixin.py:188} INFO - [2026-07-29T00:12:30.725+0000] {dagbag.py:545} INFO - Filling up the DagBag from /opt/airflow/dags/gold_processing_dag.py
[2026-07-29T00:12:30.766+0000] {processor.py:840} INFO - DAG(s) 'process_gold_layer' retrieved from /opt/airflow/dags/gold_processing_dag.py
[2026-07-29T00:12:30.810+0000] {logging_mixin.py:188} INFO - [2026-07-29T00:12:30.810+0000] {dag.py:3096} INFO - Sync 1 DAGs
[2026-07-29T00:12:30.835+0000] {logging_mixin.py:188} INFO - [2026-07-29T00:12:30.834+0000] {dag.py:3954} INFO - Setting next_dagrun for process_gold_layer to None, run_after=None
[2026-07-29T00:12:30.883+0000] {processor.py:183} INFO - Processing /opt/airflow/dags/gold_processing_dag.py took 0.182 seconds
[2026-07-29T00:13:01.521+0000] {processor.py:161} INFO - Started process (PID=16302) to work on /opt/airflow/dags/gold_processing_dag.py
[2026-07-29T00:13:01.525+0000] {processor.py:830} INFO - Processing file /opt/airflow/dags/gold_processing_dag.py for tasks to queue
[2026-07-29T00:13:01.530+0000] {logging_mixin.py:188} INFO - [2026-07-29T00:13:01.529+0000] {dagbag.py:545} INFO - Filling up the DagBag from /opt/airflow/dags/gold_processing_dag.py
[2026-07-29T00:13:01.576+0000] {processor.py:840} INFO - DAG(s) 'process_gold_layer' retrieved from /opt/airflow/dags/gold_processing_dag.py
[2026-07-29T00:13:01.633+0000] {logging_mixin.py:188} INFO - [2026-07-29T00:13:01.633+0000] {dag.py:3096} INFO - Sync 1 DAGs
[2026-07-29T00:13:01.663+0000] {logging_mixin.py:188} INFO - [2026-07-29T00:13:01.663+0000] {dag.py:3954} INFO - Setting next_dagrun for process_gold_layer to None, run_after=None
[2026-07-29T00:13:01.710+0000] {processor.py:183} INFO - Processing /opt/airflow/dags/gold_processing_dag.py took 0.213 seconds
[2026-07-29T00:13:32.033+0000] {processor.py:161} INFO - Started process (PID=16317) to work on /opt/airflow/dags/gold_processing_dag.py
[2026-07-29T00:13:32.036+0000] {processor.py:830} INFO - Processing file /opt/airflow/dags/gold_processing_dag.py for tasks to queue
[2026-07-29T00:13:32.042+0000] {logging_mixin.py:188} INFO - [2026-07-29T00:13:32.041+0000] {dagbag.py:545} INFO - Filling up the DagBag from /opt/airflow/dags/gold_processing_dag.py
[2026-07-29T00:13:32.087+0000] {processor.py:840} INFO - DAG(s) 'process_gold_layer' retrieved from /opt/airflow/dags/gold_processing_dag.py
[2026-07-29T00:13:32.143+0000] {logging_mixin.py:188} INFO - [2026-07-29T00:13:32.142+0000] {dag.py:3096} INFO - Sync 1 DAGs
[2026-07-29T00:13:32.175+0000] {logging_mixin.py:188} INFO - [2026-07-29T00:13:32.175+0000] {dag.py:3954} INFO - Setting next_dagrun for process_gold_layer to None, run_after=None
[2026-07-29T00:13:32.232+0000] {processor.py:183} INFO - Processing /opt/airflow/dags/gold_processing_dag.py took 0.216 seconds
[2026-07-29T00:14:02.416+0000] {processor.py:161} INFO - Started process (PID=16332) to work on /opt/airflow/dags/gold_processing_dag.py
[2026-07-29T00:14:02.420+0000] {processor.py:830} INFO - Processing file /opt/airflow/dags/gold_processing_dag.py for tasks to queue
[2026-07-29T00:14:02.425+0000] {logging_mixin.py:188} INFO - [2026-07-29T00:14:02.424+0000] {dagbag.py:545} INFO - Filling up the DagBag from /opt/airflow/dags/gold_processing_dag.py
[2026-07-29T00:14:02.471+0000] {processor.py:840} INFO - DAG(s) 'process_gold_layer' retrieved from /opt/airflow/dags/gold_processing_dag.py
[2026-07-29T00:14:02.528+0000] {logging_mixin.py:188} INFO - [2026-07-29T00:14:02.528+0000] {dag.py:3096} INFO - Sync 1 DAGs
[2026-07-29T00:14:02.571+0000] {logging_mixin.py:188} INFO - [2026-07-29T00:14:02.570+0000] {dag.py:3954} INFO - Setting next_dagrun for process_gold_layer to None, run_after=None
[2026-07-29T00:14:02.643+0000] {processor.py:183} INFO - Processing /opt/airflow/dags/gold_processing_dag.py took 0.243 seconds
[2026-07-29T00:14:32.860+0000] {processor.py:161} INFO - Started process (PID=16347) to work on /opt/airflow/dags/gold_processing_dag.py
[2026-07-29T00:14:32.863+0000] {processor.py:830} INFO - Processing file /opt/airflow/dags/gold_processing_dag.py for tasks to queue
[2026-07-29T00:14:32.867+0000] {logging_mixin.py:188} INFO - [2026-07-29T00:14:32.866+0000] {dagbag.py:545} INFO - Filling up the DagBag from /opt/airflow/dags/gold_processing_dag.py
[2026-07-29T00:14:32.916+0000] {processor.py:840} INFO - DAG(s) 'process_gold_layer' retrieved from /opt/airflow/dags/gold_processing_dag.py
[2026-07-29T00:14:32.972+0000] {logging_mixin.py:188} INFO - [2026-07-29T00:14:32.972+0000] {dag.py:3096} INFO - Sync 1 DAGs
[2026-07-29T00:14:33.006+0000] {logging_mixin.py:188} INFO - [2026-07-29T00:14:33.006+0000] {dag.py:3954} INFO - Setting next_dagrun for process_gold_layer to None, run_after=None
[2026-07-29T00:14:33.066+0000] {processor.py:183} INFO - Processing /opt/airflow/dags/gold_processing_dag.py took 0.222 seconds
[2026-07-29T00:15:03.782+0000] {processor.py:161} INFO - Started process (PID=16362) to work on /opt/airflow/dags/gold_processing_dag.py
[2026-07-29T00:15:03.785+0000] {processor.py:830} INFO - Processing file /opt/airflow/dags/gold_processing_dag.py for tasks to queue
[2026-07-29T00:15:03.790+0000] {logging_mixin.py:188} INFO - [2026-07-29T00:15:03.789+0000] {dagbag.py:545} INFO - Filling up the DagBag from /opt/airflow/dags/gold_processing_dag.py
[2026-07-29T00:15:03.841+0000] {processor.py:840} INFO - DAG(s) 'process_gold_layer' retrieved from /opt/airflow/dags/gold_processing_dag.py
[2026-07-29T00:15:03.928+0000] {logging_mixin.py:188} INFO - [2026-07-29T00:15:03.927+0000] {dag.py:3096} INFO - Sync 1 DAGs
[2026-07-29T00:15:03.981+0000] {logging_mixin.py:188} INFO - [2026-07-29T00:15:03.980+0000] {dag.py:3954} INFO - Setting next_dagrun for process_gold_layer to None, run_after=None
[2026-07-29T00:15:04.039+0000] {processor.py:183} INFO - Processing /opt/airflow/dags/gold_processing_dag.py took 0.292 seconds
[2026-07-29T00:15:34.330+0000] {processor.py:161} INFO - Started process (PID=16377) to work on /opt/airflow/dags/gold_processing_dag.py
[2026-07-29T00:15:34.333+0000] {processor.py:830} INFO - Processing file /opt/airflow/dags/gold_processing_dag.py for tasks to queue
[2026-07-29T00:15:34.337+0000] {logging_mixin.py:188} INFO - [2026-07-29T00:15:34.336+0000] {dagbag.py:545} INFO - Filling up the DagBag from /opt/airflow/dags/gold_processing_dag.py
[2026-07-29T00:15:34.411+0000] {processor.py:840} INFO - DAG(s) 'process_gold_layer' retrieved from /opt/airflow/dags/gold_processing_dag.py
[2026-07-29T00:15:34.463+0000] {logging_mixin.py:188} INFO - [2026-07-29T00:15:34.462+0000] {dag.py:3096} INFO - Sync 1 DAGs
[2026-07-29T00:15:34.497+0000] {logging_mixin.py:188} INFO - [2026-07-29T00:15:34.496+0000] {dag.py:3954} INFO - Setting next_dagrun for process_gold_layer to None, run_after=None
[2026-07-29T00:15:34.541+0000] {processor.py:183} INFO - Processing /opt/airflow/dags/gold_processing_dag.py took 0.231 seconds
[2026-07-29T00:16:04.738+0000] {processor.py:161} INFO - Started process (PID=16392) to work on /opt/airflow/dags/gold_processing_dag.py
[2026-07-29T00:16:04.741+0000] {processor.py:830} INFO - Processing file /opt/airflow/dags/gold_processing_dag.py for tasks to queue
[2026-07-29T00:16:04.745+0000] {logging_mixin.py:188} INFO - [2026-07-29T00:16:04.744+0000] {dagbag.py:545} INFO - Filling up the DagBag from /opt/airflow/dags/gold_processing_dag.py
[2026-07-29T00:16:04.817+0000] {processor.py:840} INFO - DAG(s) 'process_gold_layer' retrieved from /opt/airflow/dags/gold_processing_dag.py
[2026-07-29T00:16:04.880+0000] {logging_mixin.py:188} INFO - [2026-07-29T00:16:04.879+0000] {dag.py:3096} INFO - Sync 1 DAGs
[2026-07-29T00:16:04.922+0000] {logging_mixin.py:188} INFO - [2026-07-29T00:16:04.921+0000] {dag.py:3954} INFO - Setting next_dagrun for process_gold_layer to None, run_after=None
[2026-07-29T00:16:04.975+0000] {processor.py:183} INFO - Processing /opt/airflow/dags/gold_processing_dag.py took 0.255 seconds
[2026-07-29T00:16:35.149+0000] {processor.py:161} INFO - Started process (PID=16407) to work on /opt/airflow/dags/gold_processing_dag.py
[2026-07-29T00:16:35.153+0000] {processor.py:830} INFO - Processing file /opt/airflow/dags/gold_processing_dag.py for tasks to queue
[2026-07-29T00:16:35.158+0000] {logging_mixin.py:188} INFO - [2026-07-29T00:16:35.157+0000] {dagbag.py:545} INFO - Filling up the DagBag from /opt/airflow/dags/gold_processing_dag.py
[2026-07-29T00:16:35.291+0000] {processor.py:840} INFO - DAG(s) 'process_gold_layer' retrieved from /opt/airflow/dags/gold_processing_dag.py
[2026-07-29T00:16:35.399+0000] {logging_mixin.py:188} INFO - [2026-07-29T00:16:35.399+0000] {dag.py:3096} INFO - Sync 1 DAGs
[2026-07-29T00:16:35.434+0000] {logging_mixin.py:188} INFO - [2026-07-29T00:16:35.433+0000] {dag.py:3954} INFO - Setting next_dagrun for process_gold_layer to None, run_after=None
[2026-07-29T00:16:35.487+0000] {processor.py:183} INFO - Processing /opt/airflow/dags/gold_processing_dag.py took 0.357 seconds
[2026-07-29T00:17:06.034+0000] {processor.py:161} INFO - Started process (PID=16422) to work on /opt/airflow/dags/gold_processing_dag.py
[2026-07-29T00:17:06.038+0000] {processor.py:830} INFO - Processing file /opt/airflow/dags/gold_processing_dag.py for tasks to queue
[2026-07-29T00:17:06.065+0000] {logging_mixin.py:188} INFO - [2026-07-29T00:17:06.061+0000] {dagbag.py:545} INFO - Filling up the DagBag from /opt/airflow/dags/gold_processing_dag.py
[2026-07-29T00:17:06.193+0000] {processor.py:840} INFO - DAG(s) 'process_gold_layer' retrieved from /opt/airflow/dags/gold_processing_dag.py
[2026-07-29T00:17:06.290+0000] {logging_mixin.py:188} INFO - [2026-07-29T00:17:06.290+0000] {dag.py:3096} INFO - Sync 1 DAGs
[2026-07-29T00:17:06.355+0000] {logging_mixin.py:188} INFO - [2026-07-29T00:17:06.355+0000] {dag.py:3954} INFO - Setting next_dagrun for process_gold_layer to None, run_after=None
[2026-07-29T00:17:06.705+0000] {processor.py:183} INFO - Processing /opt/airflow/dags/gold_processing_dag.py took 0.704 seconds
[2026-07-29T00:17:37.093+0000] {processor.py:161} INFO - Started process (PID=16437) to work on /opt/airflow/dags/gold_processing_dag.py
[2026-07-29T00:17:37.095+0000] {processor.py:830} INFO - Processing file /opt/airflow/dags/gold_processing_dag.py for tasks to queue
[2026-07-29T00:17:37.101+0000] {logging_mixin.py:188} INFO - [2026-07-29T00:17:37.100+0000] {dagbag.py:545} INFO - Filling up the DagBag from /opt/airflow/dags/gold_processing_dag.py
[2026-07-29T00:17:37.156+0000] {processor.py:840} INFO - DAG(s) 'process_gold_layer' retrieved from /opt/airflow/dags/gold_processing_dag.py
[2026-07-29T00:17:37.223+0000] {logging_mixin.py:188} INFO - [2026-07-29T00:17:37.222+0000] {dag.py:3096} INFO - Sync 1 DAGs
[2026-07-29T00:17:37.258+0000] {logging_mixin.py:188} INFO - [2026-07-29T00:17:37.258+0000] {dag.py:3954} INFO - Setting next_dagrun for process_gold_layer to None, run_after=None
[2026-07-29T00:17:37.308+0000] {processor.py:183} INFO - Processing /opt/airflow/dags/gold_processing_dag.py took 0.233 seconds
[2026-07-29T00:18:07.496+0000] {processor.py:161} INFO - Started process (PID=16452) to work on /opt/airflow/dags/gold_processing_dag.py
[2026-07-29T00:18:07.499+0000] {processor.py:830} INFO - Processing file /opt/airflow/dags/gold_processing_dag.py for tasks to queue
[2026-07-29T00:18:07.503+0000] {logging_mixin.py:188} INFO - [2026-07-29T00:18:07.502+0000] {dagbag.py:545} INFO - Filling up the DagBag from /opt/airflow/dags/gold_processing_dag.py
[2026-07-29T00:18:07.549+0000] {processor.py:840} INFO - DAG(s) 'process_gold_layer' retrieved from /opt/airflow/dags/gold_processing_dag.py
[2026-07-29T00:18:07.604+0000] {logging_mixin.py:188} INFO - [2026-07-29T00:18:07.603+0000] {dag.py:3096} INFO - Sync 1 DAGs
[2026-07-29T00:18:07.662+0000] {logging_mixin.py:188} INFO - [2026-07-29T00:18:07.661+0000] {dag.py:3954} INFO - Setting next_dagrun for process_gold_layer to None, run_after=None
[2026-07-29T00:18:07.708+0000] {processor.py:183} INFO - Processing /opt/airflow/dags/gold_processing_dag.py took 0.227 seconds
[2026-07-29T00:18:37.851+0000] {processor.py:161} INFO - Started process (PID=16467) to work on /opt/airflow/dags/gold_processing_dag.py
[2026-07-29T00:18:37.854+0000] {processor.py:830} INFO - Processing file /opt/airflow/dags/gold_processing_dag.py for tasks to queue
[2026-07-29T00:18:37.857+0000] {logging_mixin.py:188} INFO - [2026-07-29T00:18:37.856+0000] {dagbag.py:545} INFO - Filling up the DagBag from /opt/airflow/dags/gold_processing_dag.py
[2026-07-29T00:18:37.897+0000] {processor.py:840} INFO - DAG(s) 'process_gold_layer' retrieved from /opt/airflow/dags/gold_processing_dag.py
[2026-07-29T00:18:37.960+0000] {logging_mixin.py:188} INFO - [2026-07-29T00:18:37.959+0000] {dag.py:3096} INFO - Sync 1 DAGs
[2026-07-29T00:18:37.993+0000] {logging_mixin.py:188} INFO - [2026-07-29T00:18:37.993+0000] {dag.py:3954} INFO - Setting next_dagrun for process_gold_layer to None, run_after=None
[2026-07-29T00:18:38.049+0000] {processor.py:183} INFO - Processing /opt/airflow/dags/gold_processing_dag.py took 0.209 seconds
[2026-07-29T00:19:08.912+0000] {processor.py:161} INFO - Started process (PID=16482) to work on /opt/airflow/dags/gold_processing_dag.py
[2026-07-29T00:19:08.920+0000] {processor.py:830} INFO - Processing file /opt/airflow/dags/gold_processing_dag.py for tasks to queue
[2026-07-29T00:19:08.924+0000] {logging_mixin.py:188} INFO - [2026-07-29T00:19:08.923+0000] {dagbag.py:545} INFO - Filling up the DagBag from /opt/airflow/dags/gold_processing_dag.py
[2026-07-29T00:19:08.975+0000] {processor.py:840} INFO - DAG(s) 'process_gold_layer' retrieved from /opt/airflow/dags/gold_processing_dag.py
[2026-07-29T00:19:09.030+0000] {logging_mixin.py:188} INFO - [2026-07-29T00:19:09.030+0000] {dag.py:3096} INFO - Sync 1 DAGs
[2026-07-29T00:19:09.086+0000] {logging_mixin.py:188} INFO - [2026-07-29T00:19:09.085+0000] {dag.py:3954} INFO - Setting next_dagrun for process_gold_layer to None, run_after=None
[2026-07-29T00:19:09.167+0000] {processor.py:183} INFO - Processing /opt/airflow/dags/gold_processing_dag.py took 0.280 seconds
[2026-07-29T00:19:39.454+0000] {processor.py:161} INFO - Started process (PID=16497) to work on /opt/airflow/dags/gold_processing_dag.py
[2026-07-29T00:19:39.457+0000] {processor.py:830} INFO - Processing file /opt/airflow/dags/gold_processing_dag.py for tasks to queue
[2026-07-29T00:19:39.461+0000] {logging_mixin.py:188} INFO - [2026-07-29T00:19:39.460+0000] {dagbag.py:545} INFO - Filling up the DagBag from /opt/airflow/dags/gold_processing_dag.py
[2026-07-29T00:19:39.512+0000] {processor.py:840} INFO - DAG(s) 'process_gold_layer' retrieved from /opt/airflow/dags/gold_processing_dag.py
[2026-07-29T00:19:39.563+0000] {logging_mixin.py:188} INFO - [2026-07-29T00:19:39.563+0000] {dag.py:3096} INFO - Sync 1 DAGs
[2026-07-29T00:19:39.601+0000] {logging_mixin.py:188} INFO - [2026-07-29T00:19:39.601+0000] {dag.py:3954} INFO - Setting next_dagrun for process_gold_layer to None, run_after=None
[2026-07-29T00:19:39.646+0000] {processor.py:183} INFO - Processing /opt/airflow/dags/gold_processing_dag.py took 0.213 seconds
[2026-07-29T00:20:09.829+0000] {processor.py:161} INFO - Started process (PID=16512) to work on /opt/airflow/dags/gold_processing_dag.py
[2026-07-29T00:20:09.833+0000] {processor.py:830} INFO - Processing file /opt/airflow/dags/gold_processing_dag.py for tasks to queue
[2026-07-29T00:20:09.838+0000] {logging_mixin.py:188} INFO - [2026-07-29T00:20:09.837+0000] {dagbag.py:545} INFO - Filling up the DagBag from /opt/airflow/dags/gold_processing_dag.py
[2026-07-29T00:20:09.904+0000] {processor.py:840} INFO - DAG(s) 'process_gold_layer' retrieved from /opt/airflow/dags/gold_processing_dag.py
[2026-07-29T00:20:10.001+0000] {logging_mixin.py:188} INFO - [2026-07-29T00:20:10.001+0000] {dag.py:3096} INFO - Sync 1 DAGs
[2026-07-29T00:20:10.037+0000] {logging_mixin.py:188} INFO - [2026-07-29T00:20:10.037+0000] {dag.py:3954} INFO - Setting next_dagrun for process_gold_layer to None, run_after=None
[2026-07-29T00:20:10.090+0000] {processor.py:183} INFO - Processing /opt/airflow/dags/gold_processing_dag.py took 0.277 seconds
[2026-07-29T00:20:40.337+0000] {processor.py:161} INFO - Started process (PID=16527) to work on /opt/airflow/dags/gold_processing_dag.py
[2026-07-29T00:20:40.340+0000] {processor.py:830} INFO - Processing file /opt/airflow/dags/gold_processing_dag.py for tasks to queue
[2026-07-29T00:20:40.345+0000] {logging_mixin.py:188} INFO - [2026-07-29T00:20:40.344+0000] {dagbag.py:545} INFO - Filling up the DagBag from /opt/airflow/dags/gold_processing_dag.py
[2026-07-29T00:20:40.389+0000] {processor.py:840} INFO - DAG(s) 'process_gold_layer' retrieved from /opt/airflow/dags/gold_processing_dag.py
[2026-07-29T00:20:40.449+0000] {logging_mixin.py:188} INFO - [2026-07-29T00:20:40.448+0000] {dag.py:3096} INFO - Sync 1 DAGs
[2026-07-29T00:20:40.483+0000] {logging_mixin.py:188} INFO - [2026-07-29T00:20:40.483+0000] {dag.py:3954} INFO - Setting next_dagrun for process_gold_layer to None, run_after=None
[2026-07-29T00:20:40.531+0000] {processor.py:183} INFO - Processing /opt/airflow/dags/gold_processing_dag.py took 0.216 seconds
[2026-07-29T00:21:11.011+0000] {processor.py:161} INFO - Started process (PID=16542) to work on /opt/airflow/dags/gold_processing_dag.py
[2026-07-29T00:21:11.014+0000] {processor.py:830} INFO - Processing file /opt/airflow/dags/gold_processing_dag.py for tasks to queue
[2026-07-29T00:21:11.018+0000] {logging_mixin.py:188} INFO - [2026-07-29T00:21:11.017+0000] {dagbag.py:545} INFO - Filling up the DagBag from /opt/airflow/dags/gold_processing_dag.py
[2026-07-29T00:21:11.065+0000] {processor.py:840} INFO - DAG(s) 'process_gold_layer' retrieved from /opt/airflow/dags/gold_processing_dag.py
[2026-07-29T00:21:11.125+0000] {logging_mixin.py:188} INFO - [2026-07-29T00:21:11.124+0000] {dag.py:3096} INFO - Sync 1 DAGs
[2026-07-29T00:21:11.163+0000] {logging_mixin.py:188} INFO - [2026-07-29T00:21:11.162+0000] {dag.py:3954} INFO - Setting next_dagrun for process_gold_layer to None, run_after=None
[2026-07-29T00:21:11.218+0000] {processor.py:183} INFO - Processing /opt/airflow/dags/gold_processing_dag.py took 0.226 seconds
[2026-07-29T00:21:41.609+0000] {processor.py:161} INFO - Started process (PID=16557) to work on /opt/airflow/dags/gold_processing_dag.py
[2026-07-29T00:21:41.612+0000] {processor.py:830} INFO - Processing file /opt/airflow/dags/gold_processing_dag.py for tasks to queue
[2026-07-29T00:21:41.616+0000] {logging_mixin.py:188} INFO - [2026-07-29T00:21:41.615+0000] {dagbag.py:545} INFO - Filling up the DagBag from /opt/airflow/dags/gold_processing_dag.py
[2026-07-29T00:21:41.670+0000] {processor.py:840} INFO - DAG(s) 'process_gold_layer' retrieved from /opt/airflow/dags/gold_processing_dag.py
[2026-07-29T00:21:41.726+0000] {logging_mixin.py:188} INFO - [2026-07-29T00:21:41.725+0000] {dag.py:3096} INFO - Sync 1 DAGs
[2026-07-29T00:21:41.760+0000] {logging_mixin.py:188} INFO - [2026-07-29T00:21:41.760+0000] {dag.py:3954} INFO - Setting next_dagrun for process_gold_layer to None, run_after=None
[2026-07-29T00:21:41.817+0000] {processor.py:183} INFO - Processing /opt/airflow/dags/gold_processing_dag.py took 0.225 seconds
[2026-07-29T00:22:11.956+0000] {processor.py:161} INFO - Started process (PID=16572) to work on /opt/airflow/dags/gold_processing_dag.py
[2026-07-29T00:22:11.959+0000] {processor.py:830} INFO - Processing file /opt/airflow/dags/gold_processing_dag.py for tasks to queue
[2026-07-29T00:22:11.962+0000] {logging_mixin.py:188} INFO - [2026-07-29T00:22:11.962+0000] {dagbag.py:545} INFO - Filling up the DagBag from /opt/airflow/dags/gold_processing_dag.py
[2026-07-29T00:22:12.000+0000] {processor.py:840} INFO - DAG(s) 'process_gold_layer' retrieved from /opt/airflow/dags/gold_processing_dag.py
[2026-07-29T00:22:12.042+0000] {logging_mixin.py:188} INFO - [2026-07-29T00:22:12.041+0000] {dag.py:3096} INFO - Sync 1 DAGs
[2026-07-29T00:22:12.074+0000] {logging_mixin.py:188} INFO - [2026-07-29T00:22:12.074+0000] {dag.py:3954} INFO - Setting next_dagrun for process_gold_layer to None, run_after=None
[2026-07-29T00:22:12.132+0000] {processor.py:183} INFO - Processing /opt/airflow/dags/gold_processing_dag.py took 0.231 seconds
[2026-07-29T00:22:42.252+0000] {processor.py:161} INFO - Started process (PID=16587) to work on /opt/airflow/dags/gold_processing_dag.py
[2026-07-29T00:22:42.254+0000] {processor.py:830} INFO - Processing file /opt/airflow/dags/gold_processing_dag.py for tasks to queue
[2026-07-29T00:22:42.257+0000] {logging_mixin.py:188} INFO - [2026-07-29T00:22:42.257+0000] {dagbag.py:545} INFO - Filling up the DagBag from /opt/airflow/dags/gold_processing_dag.py
[2026-07-29T00:22:42.301+0000] {processor.py:840} INFO - DAG(s) 'process_gold_layer' retrieved from /opt/airflow/dags/gold_processing_dag.py
[2026-07-29T00:22:42.348+0000] {logging_mixin.py:188} INFO - [2026-07-29T00:22:42.348+0000] {dag.py:3096} INFO - Sync 1 DAGs
[2026-07-29T00:22:42.376+0000] {logging_mixin.py:188} INFO - [2026-07-29T00:22:42.376+0000] {dag.py:3954} INFO - Setting next_dagrun for process_gold_layer to None, run_after=None
[2026-07-29T00:22:42.418+0000] {processor.py:183} INFO - Processing /opt/airflow/dags/gold_processing_dag.py took 0.181 seconds
[2026-07-29T00:23:13.176+0000] {processor.py:161} INFO - Started process (PID=16602) to work on /opt/airflow/dags/gold_processing_dag.py
[2026-07-29T00:23:13.184+0000] {processor.py:830} INFO - Processing file /opt/airflow/dags/gold_processing_dag.py for tasks to queue
[2026-07-29T00:23:13.190+0000] {logging_mixin.py:188} INFO - [2026-07-29T00:23:13.189+0000] {dagbag.py:545} INFO - Filling up the DagBag from /opt/airflow/dags/gold_processing_dag.py
[2026-07-29T00:23:13.240+0000] {processor.py:840} INFO - DAG(s) 'process_gold_layer' retrieved from /opt/airflow/dags/gold_processing_dag.py
[2026-07-29T00:23:13.297+0000] {logging_mixin.py:188} INFO - [2026-07-29T00:23:13.297+0000] {dag.py:3096} INFO - Sync 1 DAGs
[2026-07-29T00:23:13.332+0000] {logging_mixin.py:188} INFO - [2026-07-29T00:23:13.332+0000] {dag.py:3954} INFO - Setting next_dagrun for process_gold_layer to None, run_after=None
[2026-07-29T00:23:14.088+0000] {processor.py:183} INFO - Processing /opt/airflow/dags/gold_processing_dag.py took 0.931 seconds
[2026-07-29T00:23:44.391+0000] {processor.py:161} INFO - Started process (PID=16617) to work on /opt/airflow/dags/gold_processing_dag.py
[2026-07-29T00:23:44.394+0000] {processor.py:830} INFO - Processing file /opt/airflow/dags/gold_processing_dag.py for tasks to queue
[2026-07-29T00:23:44.399+0000] {logging_mixin.py:188} INFO - [2026-07-29T00:23:44.398+0000] {dagbag.py:545} INFO - Filling up the DagBag from /opt/airflow/dags/gold_processing_dag.py
[2026-07-29T00:23:44.444+0000] {processor.py:840} INFO - DAG(s) 'process_gold_layer' retrieved from /opt/airflow/dags/gold_processing_dag.py
[2026-07-29T00:23:44.511+0000] {logging_mixin.py:188} INFO - [2026-07-29T00:23:44.510+0000] {dag.py:3096} INFO - Sync 1 DAGs
[2026-07-29T00:23:44.549+0000] {logging_mixin.py:188} INFO - [2026-07-29T00:23:44.548+0000] {dag.py:3954} INFO - Setting next_dagrun for process_gold_layer to None, run_after=None
[2026-07-29T00:23:44.599+0000] {processor.py:183} INFO - Processing /opt/airflow/dags/gold_processing_dag.py took 0.226 seconds
[2026-07-29T00:24:14.931+0000] {processor.py:161} INFO - Started process (PID=16635) to work on /opt/airflow/dags/gold_processing_dag.py
[2026-07-29T00:24:14.936+0000] {processor.py:830} INFO - Processing file /opt/airflow/dags/gold_processing_dag.py for tasks to queue
[2026-07-29T00:24:14.941+0000] {logging_mixin.py:188} INFO - [2026-07-29T00:24:14.940+0000] {dagbag.py:545} INFO - Filling up the DagBag from /opt/airflow/dags/gold_processing_dag.py
[2026-07-29T00:24:14.979+0000] {processor.py:840} INFO - DAG(s) 'process_gold_layer' retrieved from /opt/airflow/dags/gold_processing_dag.py
[2026-07-29T00:24:15.034+0000] {logging_mixin.py:188} INFO - [2026-07-29T00:24:15.033+0000] {dag.py:3096} INFO - Sync 1 DAGs
[2026-07-29T00:24:15.076+0000] {logging_mixin.py:188} INFO - [2026-07-29T00:24:15.075+0000] {dag.py:3954} INFO - Setting next_dagrun for process_gold_layer to None, run_after=None
[2026-07-29T00:24:15.128+0000] {processor.py:183} INFO - Processing /opt/airflow/dags/gold_processing_dag.py took 0.225 seconds
[2026-07-29T00:24:45.327+0000] {processor.py:161} INFO - Started process (PID=16652) to work on /opt/airflow/dags/gold_processing_dag.py
[2026-07-29T00:24:45.330+0000] {processor.py:830} INFO - Processing file /opt/airflow/dags/gold_processing_dag.py for tasks to queue
[2026-07-29T00:24:45.333+0000] {logging_mixin.py:188} INFO - [2026-07-29T00:24:45.333+0000] {dagbag.py:545} INFO - Filling up the DagBag from /opt/airflow/dags/gold_processing_dag.py
[2026-07-29T00:24:45.366+0000] {processor.py:840} INFO - DAG(s) 'process_gold_layer' retrieved from /opt/airflow/dags/gold_processing_dag.py
[2026-07-29T00:24:45.411+0000] {logging_mixin.py:188} INFO - [2026-07-29T00:24:45.409+0000] {dag.py:3096} INFO - Sync 1 DAGs
[2026-07-29T00:24:45.437+0000] {logging_mixin.py:188} INFO - [2026-07-29T00:24:45.437+0000] {dag.py:3954} INFO - Setting next_dagrun for process_gold_layer to None, run_after=None
[2026-07-29T00:24:45.483+0000] {processor.py:183} INFO - Processing /opt/airflow/dags/gold_processing_dag.py took 0.169 seconds
[2026-07-29T00:25:15.606+0000] {processor.py:161} INFO - Started process (PID=16667) to work on /opt/airflow/dags/gold_processing_dag.py
[2026-07-29T00:25:15.611+0000] {processor.py:830} INFO - Processing file /opt/airflow/dags/gold_processing_dag.py for tasks to queue
[2026-07-29T00:25:15.622+0000] {logging_mixin.py:188} INFO - [2026-07-29T00:25:15.616+0000] {dagbag.py:545} INFO - Filling up the DagBag from /opt/airflow/dags/gold_processing_dag.py
[2026-07-29T00:25:15.743+0000] {processor.py:840} INFO - DAG(s) 'process_gold_layer' retrieved from /opt/airflow/dags/gold_processing_dag.py
[2026-07-29T00:25:15.849+0000] {logging_mixin.py:188} INFO - [2026-07-29T00:25:15.849+0000] {dag.py:3096} INFO - Sync 1 DAGs
[2026-07-29T00:25:15.892+0000] {logging_mixin.py:188} INFO - [2026-07-29T00:25:15.892+0000] {dag.py:3954} INFO - Setting next_dagrun for process_gold_layer to None, run_after=None
[2026-07-29T00:25:15.934+0000] {processor.py:183} INFO - Processing /opt/airflow/dags/gold_processing_dag.py took 0.344 seconds
[2026-07-29T00:25:46.196+0000] {processor.py:161} INFO - Started process (PID=16677) to work on /opt/airflow/dags/gold_processing_dag.py
[2026-07-29T00:25:46.199+0000] {processor.py:830} INFO - Processing file /opt/airflow/dags/gold_processing_dag.py for tasks to queue
[2026-07-29T00:25:46.202+0000] {logging_mixin.py:188} INFO - [2026-07-29T00:25:46.201+0000] {dagbag.py:545} INFO - Filling up the DagBag from /opt/airflow/dags/gold_processing_dag.py
[2026-07-29T00:25:46.253+0000] {processor.py:840} INFO - DAG(s) 'process_gold_layer' retrieved from /opt/airflow/dags/gold_processing_dag.py
[2026-07-29T00:25:46.300+0000] {logging_mixin.py:188} INFO - [2026-07-29T00:25:46.299+0000] {dag.py:3096} INFO - Sync 1 DAGs
[2026-07-29T00:25:46.328+0000] {logging_mixin.py:188} INFO - [2026-07-29T00:25:46.327+0000] {dag.py:3954} INFO - Setting next_dagrun for process_gold_layer to None, run_after=None
[2026-07-29T00:25:46.378+0000] {processor.py:183} INFO - Processing /opt/airflow/dags/gold_processing_dag.py took 0.198 seconds
[2026-07-29T00:26:16.707+0000] {processor.py:161} INFO - Started process (PID=16692) to work on /opt/airflow/dags/gold_processing_dag.py
[2026-07-29T00:26:16.711+0000] {processor.py:830} INFO - Processing file /opt/airflow/dags/gold_processing_dag.py for tasks to queue
[2026-07-29T00:26:16.715+0000] {logging_mixin.py:188} INFO - [2026-07-29T00:26:16.714+0000] {dagbag.py:545} INFO - Filling up the DagBag from /opt/airflow/dags/gold_processing_dag.py
[2026-07-29T00:26:16.757+0000] {processor.py:840} INFO - DAG(s) 'process_gold_layer' retrieved from /opt/airflow/dags/gold_processing_dag.py
[2026-07-29T00:26:16.827+0000] {logging_mixin.py:188} INFO - [2026-07-29T00:26:16.827+0000] {dag.py:3096} INFO - Sync 1 DAGs
[2026-07-29T00:26:16.861+0000] {logging_mixin.py:188} INFO - [2026-07-29T00:26:16.860+0000] {dag.py:3954} INFO - Setting next_dagrun for process_gold_layer to None, run_after=None
[2026-07-29T00:26:16.913+0000] {processor.py:183} INFO - Processing /opt/airflow/dags/gold_processing_dag.py took 0.229 seconds
[2026-07-29T00:26:47.029+0000] {processor.py:161} INFO - Started process (PID=16707) to work on /opt/airflow/dags/gold_processing_dag.py
[2026-07-29T00:26:47.032+0000] {processor.py:830} INFO - Processing file /opt/airflow/dags/gold_processing_dag.py for tasks to queue
[2026-07-29T00:26:47.036+0000] {logging_mixin.py:188} INFO - [2026-07-29T00:26:47.035+0000] {dagbag.py:545} INFO - Filling up the DagBag from /opt/airflow/dags/gold_processing_dag.py
[2026-07-29T00:26:47.083+0000] {processor.py:840} INFO - DAG(s) 'process_gold_layer' retrieved from /opt/airflow/dags/gold_processing_dag.py
[2026-07-29T00:26:47.138+0000] {logging_mixin.py:188} INFO - [2026-07-29T00:26:47.137+0000] {dag.py:3096} INFO - Sync 1 DAGs
[2026-07-29T00:26:47.169+0000] {logging_mixin.py:188} INFO - [2026-07-29T00:26:47.168+0000] {dag.py:3954} INFO - Setting next_dagrun for process_gold_layer to None, run_after=None
[2026-07-29T00:26:47.236+0000] {processor.py:183} INFO - Processing /opt/airflow/dags/gold_processing_dag.py took 0.226 seconds
[2026-07-29T00:27:18.211+0000] {processor.py:161} INFO - Started process (PID=16722) to work on /opt/airflow/dags/gold_processing_dag.py
[2026-07-29T00:27:18.214+0000] {processor.py:830} INFO - Processing file /opt/airflow/dags/gold_processing_dag.py for tasks to queue
[2026-07-29T00:27:18.218+0000] {logging_mixin.py:188} INFO - [2026-07-29T00:27:18.217+0000] {dagbag.py:545} INFO - Filling up the DagBag from /opt/airflow/dags/gold_processing_dag.py
[2026-07-29T00:27:18.263+0000] {processor.py:840} INFO - DAG(s) 'process_gold_layer' retrieved from /opt/airflow/dags/gold_processing_dag.py
[2026-07-29T00:27:18.319+0000] {logging_mixin.py:188} INFO - [2026-07-29T00:27:18.319+0000] {dag.py:3096} INFO - Sync 1 DAGs
[2026-07-29T00:27:18.349+0000] {logging_mixin.py:188} INFO - [2026-07-29T00:27:18.349+0000] {dag.py:3954} INFO - Setting next_dagrun for process_gold_layer to None, run_after=None
[2026-07-29T00:27:18.401+0000] {processor.py:183} INFO - Processing /opt/airflow/dags/gold_processing_dag.py took 0.213 seconds
[2026-07-29T00:27:48.715+0000] {processor.py:161} INFO - Started process (PID=16737) to work on /opt/airflow/dags/gold_processing_dag.py
[2026-07-29T00:27:48.720+0000] {processor.py:830} INFO - Processing file /opt/airflow/dags/gold_processing_dag.py for tasks to queue
[2026-07-29T00:27:48.724+0000] {logging_mixin.py:188} INFO - [2026-07-29T00:27:48.723+0000] {dagbag.py:545} INFO - Filling up the DagBag from /opt/airflow/dags/gold_processing_dag.py
[2026-07-29T00:27:48.785+0000] {processor.py:840} INFO - DAG(s) 'process_gold_layer' retrieved from /opt/airflow/dags/gold_processing_dag.py
[2026-07-29T00:27:48.863+0000] {logging_mixin.py:188} INFO - [2026-07-29T00:27:48.862+0000] {dag.py:3096} INFO - Sync 1 DAGs
[2026-07-29T00:27:48.918+0000] {logging_mixin.py:188} INFO - [2026-07-29T00:27:48.917+0000] {dag.py:3954} INFO - Setting next_dagrun for process_gold_layer to None, run_after=None
[2026-07-29T00:27:49.006+0000] {processor.py:183} INFO - Processing /opt/airflow/dags/gold_processing_dag.py took 0.313 seconds
[2026-07-29T00:28:19.347+0000] {processor.py:161} INFO - Started process (PID=16757) to work on /opt/airflow/dags/gold_processing_dag.py
[2026-07-29T00:28:19.350+0000] {processor.py:830} INFO - Processing file /opt/airflow/dags/gold_processing_dag.py for tasks to queue
[2026-07-29T00:28:19.353+0000] {logging_mixin.py:188} INFO - [2026-07-29T00:28:19.352+0000] {dagbag.py:545} INFO - Filling up the DagBag from /opt/airflow/dags/gold_processing_dag.py
[2026-07-29T00:28:19.386+0000] {processor.py:840} INFO - DAG(s) 'process_gold_layer' retrieved from /opt/airflow/dags/gold_processing_dag.py
[2026-07-29T00:28:19.427+0000] {logging_mixin.py:188} INFO - [2026-07-29T00:28:19.427+0000] {dag.py:3096} INFO - Sync 1 DAGs
[2026-07-29T00:28:19.457+0000] {logging_mixin.py:188} INFO - [2026-07-29T00:28:19.456+0000] {dag.py:3954} INFO - Setting next_dagrun for process_gold_layer to None, run_after=None
[2026-07-29T00:28:19.510+0000] {processor.py:183} INFO - Processing /opt/airflow/dags/gold_processing_dag.py took 0.176 seconds
[2026-07-29T00:28:50.107+0000] {processor.py:161} INFO - Started process (PID=16767) to work on /opt/airflow/dags/gold_processing_dag.py
[2026-07-29T00:28:50.112+0000] {processor.py:830} INFO - Processing file /opt/airflow/dags/gold_processing_dag.py for tasks to queue
[2026-07-29T00:28:50.116+0000] {logging_mixin.py:188} INFO - [2026-07-29T00:28:50.115+0000] {dagbag.py:545} INFO - Filling up the DagBag from /opt/airflow/dags/gold_processing_dag.py
[2026-07-29T00:28:50.159+0000] {processor.py:840} INFO - DAG(s) 'process_gold_layer' retrieved from /opt/airflow/dags/gold_processing_dag.py
[2026-07-29T00:28:50.221+0000] {logging_mixin.py:188} INFO - [2026-07-29T00:28:50.220+0000] {dag.py:3096} INFO - Sync 1 DAGs
[2026-07-29T00:28:50.251+0000] {logging_mixin.py:188} INFO - [2026-07-29T00:28:50.251+0000] {dag.py:3954} INFO - Setting next_dagrun for process_gold_layer to None, run_after=None
[2026-07-29T00:28:50.301+0000] {processor.py:183} INFO - Processing /opt/airflow/dags/gold_processing_dag.py took 0.214 seconds
[2026-07-29T00:29:20.809+0000] {processor.py:161} INFO - Started process (PID=16782) to work on /opt/airflow/dags/gold_processing_dag.py
[2026-07-29T00:29:20.812+0000] {processor.py:830} INFO - Processing file /opt/airflow/dags/gold_processing_dag.py for tasks to queue
[2026-07-29T00:29:20.816+0000] {logging_mixin.py:188} INFO - [2026-07-29T00:29:20.814+0000] {dagbag.py:545} INFO - Filling up the DagBag from /opt/airflow/dags/gold_processing_dag.py
[2026-07-29T00:29:20.862+0000] {processor.py:840} INFO - DAG(s) 'process_gold_layer' retrieved from /opt/airflow/dags/gold_processing_dag.py
[2026-07-29T00:29:20.917+0000] {logging_mixin.py:188} INFO - [2026-07-29T00:29:20.916+0000] {dag.py:3096} INFO - Sync 1 DAGs
[2026-07-29T00:29:20.952+0000] {logging_mixin.py:188} INFO - [2026-07-29T00:29:20.952+0000] {dag.py:3954} INFO - Setting next_dagrun for process_gold_layer to None, run_after=None
[2026-07-29T00:29:21.002+0000] {processor.py:183} INFO - Processing /opt/airflow/dags/gold_processing_dag.py took 0.225 seconds
[2026-07-29T00:29:51.198+0000] {processor.py:161} INFO - Started process (PID=16797) to work on /opt/airflow/dags/gold_processing_dag.py
[2026-07-29T00:29:51.201+0000] {processor.py:830} INFO - Processing file /opt/airflow/dags/gold_processing_dag.py for tasks to queue
[2026-07-29T00:29:51.207+0000] {logging_mixin.py:188} INFO - [2026-07-29T00:29:51.205+0000] {dagbag.py:545} INFO - Filling up the DagBag from /opt/airflow/dags/gold_processing_dag.py
[2026-07-29T00:29:51.255+0000] {processor.py:840} INFO - DAG(s) 'process_gold_layer' retrieved from /opt/airflow/dags/gold_processing_dag.py
[2026-07-29T00:29:51.325+0000] {logging_mixin.py:188} INFO - [2026-07-29T00:29:51.325+0000] {dag.py:3096} INFO - Sync 1 DAGs
[2026-07-29T00:29:51.371+0000] {logging_mixin.py:188} INFO - [2026-07-29T00:29:51.370+0000] {dag.py:3954} INFO - Setting next_dagrun for process_gold_layer to None, run_after=None
[2026-07-29T00:29:51.420+0000] {processor.py:183} INFO - Processing /opt/airflow/dags/gold_processing_dag.py took 0.238 seconds
[2026-07-29T00:30:21.530+0000] {processor.py:161} INFO - Started process (PID=16812) to work on /opt/airflow/dags/gold_processing_dag.py
[2026-07-29T00:30:21.533+0000] {processor.py:830} INFO - Processing file /opt/airflow/dags/gold_processing_dag.py for tasks to queue
[2026-07-29T00:30:21.537+0000] {logging_mixin.py:188} INFO - [2026-07-29T00:30:21.536+0000] {dagbag.py:545} INFO - Filling up the DagBag from /opt/airflow/dags/gold_processing_dag.py
[2026-07-29T00:30:21.585+0000] {processor.py:840} INFO - DAG(s) 'process_gold_layer' retrieved from /opt/airflow/dags/gold_processing_dag.py
[2026-07-29T00:30:21.650+0000] {logging_mixin.py:188} INFO - [2026-07-29T00:30:21.650+0000] {dag.py:3096} INFO - Sync 1 DAGs
[2026-07-29T00:30:21.685+0000] {logging_mixin.py:188} INFO - [2026-07-29T00:30:21.685+0000] {dag.py:3954} INFO - Setting next_dagrun for process_gold_layer to None, run_after=None
[2026-07-29T00:30:21.725+0000] {processor.py:183} INFO - Processing /opt/airflow/dags/gold_processing_dag.py took 0.213 seconds
[2026-07-29T00:30:52.209+0000] {processor.py:161} INFO - Started process (PID=16827) to work on /opt/airflow/dags/gold_processing_dag.py
[2026-07-29T00:30:52.216+0000] {processor.py:830} INFO - Processing file /opt/airflow/dags/gold_processing_dag.py for tasks to queue
[2026-07-29T00:30:52.222+0000] {logging_mixin.py:188} INFO - [2026-07-29T00:30:52.221+0000] {dagbag.py:545} INFO - Filling up the DagBag from /opt/airflow/dags/gold_processing_dag.py
[2026-07-29T00:30:52.268+0000] {processor.py:840} INFO - DAG(s) 'process_gold_layer' retrieved from /opt/airflow/dags/gold_processing_dag.py
[2026-07-29T00:30:52.334+0000] {logging_mixin.py:188} INFO - [2026-07-29T00:30:52.334+0000] {dag.py:3096} INFO - Sync 1 DAGs
[2026-07-29T00:30:52.368+0000] {logging_mixin.py:188} INFO - [2026-07-29T00:30:52.368+0000] {dag.py:3954} INFO - Setting next_dagrun for process_gold_layer to None, run_after=None
[2026-07-29T00:30:52.414+0000] {processor.py:183} INFO - Processing /opt/airflow/dags/gold_processing_dag.py took 0.233 seconds
[2026-07-29T00:31:23.914+0000] {processor.py:161} INFO - Started process (PID=16842) to work on /opt/airflow/dags/gold_processing_dag.py
[2026-07-29T00:31:23.918+0000] {processor.py:830} INFO - Processing file /opt/airflow/dags/gold_processing_dag.py for tasks to queue
[2026-07-29T00:31:23.923+0000] {logging_mixin.py:188} INFO - [2026-07-29T00:31:23.921+0000] {dagbag.py:545} INFO - Filling up the DagBag from /opt/airflow/dags/gold_processing_dag.py
[2026-07-29T00:31:23.973+0000] {processor.py:840} INFO - DAG(s) 'process_gold_layer' retrieved from /opt/airflow/dags/gold_processing_dag.py
[2026-07-29T00:31:24.033+0000] {logging_mixin.py:188} INFO - [2026-07-29T00:31:24.033+0000] {dag.py:3096} INFO - Sync 1 DAGs
[2026-07-29T00:31:24.068+0000] {logging_mixin.py:188} INFO - [2026-07-29T00:31:24.068+0000] {dag.py:3954} INFO - Setting next_dagrun for process_gold_layer to None, run_after=None
[2026-07-29T00:31:24.118+0000] {processor.py:183} INFO - Processing /opt/airflow/dags/gold_processing_dag.py took 0.220 seconds
[2026-07-29T00:31:54.451+0000] {processor.py:161} INFO - Started process (PID=16857) to work on /opt/airflow/dags/gold_processing_dag.py
[2026-07-29T00:31:54.455+0000] {processor.py:830} INFO - Processing file /opt/airflow/dags/gold_processing_dag.py for tasks to queue
[2026-07-29T00:31:54.460+0000] {logging_mixin.py:188} INFO - [2026-07-29T00:31:54.458+0000] {dagbag.py:545} INFO - Filling up the DagBag from /opt/airflow/dags/gold_processing_dag.py
[2026-07-29T00:31:54.506+0000] {processor.py:840} INFO - DAG(s) 'process_gold_layer' retrieved from /opt/airflow/dags/gold_processing_dag.py
[2026-07-29T00:31:54.562+0000] {logging_mixin.py:188} INFO - [2026-07-29T00:31:54.561+0000] {dag.py:3096} INFO - Sync 1 DAGs
[2026-07-29T00:31:54.600+0000] {logging_mixin.py:188} INFO - [2026-07-29T00:31:54.599+0000] {dag.py:3954} INFO - Setting next_dagrun for process_gold_layer to None, run_after=None
[2026-07-29T00:31:54.653+0000] {processor.py:183} INFO - Processing /opt/airflow/dags/gold_processing_dag.py took 0.218 seconds
[2026-07-29T00:32:24.926+0000] {processor.py:161} INFO - Started process (PID=16872) to work on /opt/airflow/dags/gold_processing_dag.py
[2026-07-29T00:32:24.929+0000] {processor.py:830} INFO - Processing file /opt/airflow/dags/gold_processing_dag.py for tasks to queue
[2026-07-29T00:32:24.933+0000] {logging_mixin.py:188} INFO - [2026-07-29T00:32:24.932+0000] {dagbag.py:545} INFO - Filling up the DagBag from /opt/airflow/dags/gold_processing_dag.py
[2026-07-29T00:32:24.984+0000] {processor.py:840} INFO - DAG(s) 'process_gold_layer' retrieved from /opt/airflow/dags/gold_processing_dag.py
[2026-07-29T00:32:25.037+0000] {logging_mixin.py:188} INFO - [2026-07-29T00:32:25.036+0000] {dag.py:3096} INFO - Sync 1 DAGs
[2026-07-29T00:32:25.075+0000] {logging_mixin.py:188} INFO - [2026-07-29T00:32:25.075+0000] {dag.py:3954} INFO - Setting next_dagrun for process_gold_layer to None, run_after=None
[2026-07-29T00:32:25.127+0000] {processor.py:183} INFO - Processing /opt/airflow/dags/gold_processing_dag.py took 0.225 seconds
[2026-07-29T00:32:55.701+0000] {processor.py:161} INFO - Started process (PID=16887) to work on /opt/airflow/dags/gold_processing_dag.py
[2026-07-29T00:32:55.707+0000] {processor.py:830} INFO - Processing file /opt/airflow/dags/gold_processing_dag.py for tasks to queue
[2026-07-29T00:32:55.712+0000] {logging_mixin.py:188} INFO - [2026-07-29T00:32:55.710+0000] {dagbag.py:545} INFO - Filling up the DagBag from /opt/airflow/dags/gold_processing_dag.py
[2026-07-29T00:32:55.788+0000] {processor.py:840} INFO - DAG(s) 'process_gold_layer' retrieved from /opt/airflow/dags/gold_processing_dag.py
[2026-07-29T00:32:55.936+0000] {logging_mixin.py:188} INFO - [2026-07-29T00:32:55.936+0000] {dag.py:3096} INFO - Sync 1 DAGs
[2026-07-29T00:32:56.054+0000] {logging_mixin.py:188} INFO - [2026-07-29T00:32:56.054+0000] {dag.py:3954} INFO - Setting next_dagrun for process_gold_layer to None, run_after=None
[2026-07-29T00:32:56.287+0000] {processor.py:183} INFO - Processing /opt/airflow/dags/gold_processing_dag.py took 0.614 seconds
[2026-07-29T00:33:26.737+0000] {processor.py:161} INFO - Started process (PID=16902) to work on /opt/airflow/dags/gold_processing_dag.py
[2026-07-29T00:33:26.740+0000] {processor.py:830} INFO - Processing file /opt/airflow/dags/gold_processing_dag.py for tasks to queue
[2026-07-29T00:33:26.744+0000] {logging_mixin.py:188} INFO - [2026-07-29T00:33:26.743+0000] {dagbag.py:545} INFO - Filling up the DagBag from /opt/airflow/dags/gold_processing_dag.py
[2026-07-29T00:33:26.793+0000] {processor.py:840} INFO - DAG(s) 'process_gold_layer' retrieved from /opt/airflow/dags/gold_processing_dag.py
[2026-07-29T00:33:26.851+0000] {logging_mixin.py:188} INFO - [2026-07-29T00:33:26.851+0000] {dag.py:3096} INFO - Sync 1 DAGs
[2026-07-29T00:33:26.888+0000] {logging_mixin.py:188} INFO - [2026-07-29T00:33:26.888+0000] {dag.py:3954} INFO - Setting next_dagrun for process_gold_layer to None, run_after=None
[2026-07-29T00:33:27.126+0000] {processor.py:183} INFO - Processing /opt/airflow/dags/gold_processing_dag.py took 0.409 seconds
[2026-07-29T00:33:57.993+0000] {processor.py:161} INFO - Started process (PID=16917) to work on /opt/airflow/dags/gold_processing_dag.py
[2026-07-29T00:33:57.998+0000] {processor.py:830} INFO - Processing file /opt/airflow/dags/gold_processing_dag.py for tasks to queue
[2026-07-29T00:33:58.007+0000] {logging_mixin.py:188} INFO - [2026-07-29T00:33:58.006+0000] {dagbag.py:545} INFO - Filling up the DagBag from /opt/airflow/dags/gold_processing_dag.py
[2026-07-29T00:33:58.056+0000] {processor.py:840} INFO - DAG(s) 'process_gold_layer' retrieved from /opt/airflow/dags/gold_processing_dag.py
[2026-07-29T00:33:58.124+0000] {logging_mixin.py:188} INFO - [2026-07-29T00:33:58.124+0000] {dag.py:3096} INFO - Sync 1 DAGs
[2026-07-29T00:33:58.154+0000] {logging_mixin.py:188} INFO - [2026-07-29T00:33:58.154+0000] {dag.py:3954} INFO - Setting next_dagrun for process_gold_layer to None, run_after=None
[2026-07-29T00:33:58.202+0000] {processor.py:183} INFO - Processing /opt/airflow/dags/gold_processing_dag.py took 0.256 seconds
[2026-07-29T00:34:28.494+0000] {processor.py:161} INFO - Started process (PID=16932) to work on /opt/airflow/dags/gold_processing_dag.py
[2026-07-29T00:34:28.504+0000] {processor.py:830} INFO - Processing file /opt/airflow/dags/gold_processing_dag.py for tasks to queue
[2026-07-29T00:34:28.508+0000] {logging_mixin.py:188} INFO - [2026-07-29T00:34:28.507+0000] {dagbag.py:545} INFO - Filling up the DagBag from /opt/airflow/dags/gold_processing_dag.py
[2026-07-29T00:34:28.553+0000] {processor.py:840} INFO - DAG(s) 'process_gold_layer' retrieved from /opt/airflow/dags/gold_processing_dag.py
[2026-07-29T00:34:28.605+0000] {logging_mixin.py:188} INFO - [2026-07-29T00:34:28.605+0000] {dag.py:3096} INFO - Sync 1 DAGs
[2026-07-29T00:34:28.640+0000] {logging_mixin.py:188} INFO - [2026-07-29T00:34:28.639+0000] {dag.py:3954} INFO - Setting next_dagrun for process_gold_layer to None, run_after=None
[2026-07-29T00:34:28.691+0000] {processor.py:183} INFO - Processing /opt/airflow/dags/gold_processing_dag.py took 0.221 seconds
[2026-07-29T00:34:59.212+0000] {processor.py:161} INFO - Started process (PID=16947) to work on /opt/airflow/dags/gold_processing_dag.py
[2026-07-29T00:34:59.215+0000] {processor.py:830} INFO - Processing file /opt/airflow/dags/gold_processing_dag.py for tasks to queue
[2026-07-29T00:34:59.219+0000] {logging_mixin.py:188} INFO - [2026-07-29T00:34:59.218+0000] {dagbag.py:545} INFO - Filling up the DagBag from /opt/airflow/dags/gold_processing_dag.py
[2026-07-29T00:34:59.262+0000] {processor.py:840} INFO - DAG(s) 'process_gold_layer' retrieved from /opt/airflow/dags/gold_processing_dag.py
[2026-07-29T00:34:59.337+0000] {logging_mixin.py:188} INFO - [2026-07-29T00:34:59.336+0000] {dag.py:3096} INFO - Sync 1 DAGs
[2026-07-29T00:34:59.374+0000] {logging_mixin.py:188} INFO - [2026-07-29T00:34:59.374+0000] {dag.py:3954} INFO - Setting next_dagrun for process_gold_layer to None, run_after=None
[2026-07-29T00:34:59.719+0000] {processor.py:183} INFO - Processing /opt/airflow/dags/gold_processing_dag.py took 0.526 seconds
[2026-07-29T00:35:30.048+0000] {processor.py:161} INFO - Started process (PID=16962) to work on /opt/airflow/dags/gold_processing_dag.py
[2026-07-29T00:35:30.051+0000] {processor.py:830} INFO - Processing file /opt/airflow/dags/gold_processing_dag.py for tasks to queue
[2026-07-29T00:35:30.059+0000] {logging_mixin.py:188} INFO - [2026-07-29T00:35:30.057+0000] {dagbag.py:545} INFO - Filling up the DagBag from /opt/airflow/dags/gold_processing_dag.py
[2026-07-29T00:35:30.105+0000] {processor.py:840} INFO - DAG(s) 'process_gold_layer' retrieved from /opt/airflow/dags/gold_processing_dag.py
[2026-07-29T00:35:30.173+0000] {logging_mixin.py:188} INFO - [2026-07-29T00:35:30.172+0000] {dag.py:3096} INFO - Sync 1 DAGs
[2026-07-29T00:35:30.210+0000] {logging_mixin.py:188} INFO - [2026-07-29T00:35:30.209+0000] {dag.py:3954} INFO - Setting next_dagrun for process_gold_layer to None, run_after=None
[2026-07-29T00:35:30.573+0000] {processor.py:183} INFO - Processing /opt/airflow/dags/gold_processing_dag.py took 0.540 seconds
[2026-07-29T00:36:01.172+0000] {processor.py:161} INFO - Started process (PID=16977) to work on /opt/airflow/dags/gold_processing_dag.py
[2026-07-29T00:36:01.175+0000] {processor.py:830} INFO - Processing file /opt/airflow/dags/gold_processing_dag.py for tasks to queue
[2026-07-29T00:36:01.179+0000] {logging_mixin.py:188} INFO - [2026-07-29T00:36:01.178+0000] {dagbag.py:545} INFO - Filling up the DagBag from /opt/airflow/dags/gold_processing_dag.py
[2026-07-29T00:36:01.225+0000] {processor.py:840} INFO - DAG(s) 'process_gold_layer' retrieved from /opt/airflow/dags/gold_processing_dag.py
[2026-07-29T00:36:01.282+0000] {logging_mixin.py:188} INFO - [2026-07-29T00:36:01.282+0000] {dag.py:3096} INFO - Sync 1 DAGs
[2026-07-29T00:36:01.314+0000] {logging_mixin.py:188} INFO - [2026-07-29T00:36:01.313+0000] {dag.py:3954} INFO - Setting next_dagrun for process_gold_layer to None, run_after=None
[2026-07-29T00:36:01.864+0000] {processor.py:183} INFO - Processing /opt/airflow/dags/gold_processing_dag.py took 0.713 seconds
[2026-07-29T00:36:32.045+0000] {processor.py:161} INFO - Started process (PID=16992) to work on /opt/airflow/dags/gold_processing_dag.py
[2026-07-29T00:36:32.048+0000] {processor.py:830} INFO - Processing file /opt/airflow/dags/gold_processing_dag.py for tasks to queue
[2026-07-29T00:36:32.051+0000] {logging_mixin.py:188} INFO - [2026-07-29T00:36:32.050+0000] {dagbag.py:545} INFO - Filling up the DagBag from /opt/airflow/dags/gold_processing_dag.py
[2026-07-29T00:36:32.085+0000] {processor.py:840} INFO - DAG(s) 'process_gold_layer' retrieved from /opt/airflow/dags/gold_processing_dag.py
[2026-07-29T00:36:32.128+0000] {logging_mixin.py:188} INFO - [2026-07-29T00:36:32.128+0000] {dag.py:3096} INFO - Sync 1 DAGs
[2026-07-29T00:36:32.158+0000] {logging_mixin.py:188} INFO - [2026-07-29T00:36:32.158+0000] {dag.py:3954} INFO - Setting next_dagrun for process_gold_layer to None, run_after=None
[2026-07-29T00:36:32.206+0000] {processor.py:183} INFO - Processing /opt/airflow/dags/gold_processing_dag.py took 0.196 seconds
[2026-07-29T00:37:02.708+0000] {processor.py:161} INFO - Started process (PID=17007) to work on /opt/airflow/dags/gold_processing_dag.py
[2026-07-29T00:37:02.711+0000] {processor.py:830} INFO - Processing file /opt/airflow/dags/gold_processing_dag.py for tasks to queue
[2026-07-29T00:37:02.716+0000] {logging_mixin.py:188} INFO - [2026-07-29T00:37:02.715+0000] {dagbag.py:545} INFO - Filling up the DagBag from /opt/airflow/dags/gold_processing_dag.py
[2026-07-29T00:37:02.760+0000] {processor.py:840} INFO - DAG(s) 'process_gold_layer' retrieved from /opt/airflow/dags/gold_processing_dag.py
[2026-07-29T00:37:02.801+0000] {logging_mixin.py:188} INFO - [2026-07-29T00:37:02.800+0000] {dag.py:3096} INFO - Sync 1 DAGs
[2026-07-29T00:37:02.833+0000] {logging_mixin.py:188} INFO - [2026-07-29T00:37:02.833+0000] {dag.py:3954} INFO - Setting next_dagrun for process_gold_layer to None, run_after=None
[2026-07-29T00:37:02.870+0000] {processor.py:183} INFO - Processing /opt/airflow/dags/gold_processing_dag.py took 0.175 seconds
[2026-07-29T00:37:33.431+0000] {processor.py:161} INFO - Started process (PID=17022) to work on /opt/airflow/dags/gold_processing_dag.py
[2026-07-29T00:37:33.433+0000] {processor.py:830} INFO - Processing file /opt/airflow/dags/gold_processing_dag.py for tasks to queue
[2026-07-29T00:37:33.436+0000] {logging_mixin.py:188} INFO - [2026-07-29T00:37:33.436+0000] {dagbag.py:545} INFO - Filling up the DagBag from /opt/airflow/dags/gold_processing_dag.py
[2026-07-29T00:37:33.488+0000] {processor.py:840} INFO - DAG(s) 'process_gold_layer' retrieved from /opt/airflow/dags/gold_processing_dag.py
[2026-07-29T00:37:33.542+0000] {logging_mixin.py:188} INFO - [2026-07-29T00:37:33.541+0000] {dag.py:3096} INFO - Sync 1 DAGs
[2026-07-29T00:37:33.582+0000] {logging_mixin.py:188} INFO - [2026-07-29T00:37:33.581+0000] {dag.py:3954} INFO - Setting next_dagrun for process_gold_layer to None, run_after=None
[2026-07-29T00:37:33.627+0000] {processor.py:183} INFO - Processing /opt/airflow/dags/gold_processing_dag.py took 0.209 seconds
[2026-07-29T00:38:04.875+0000] {processor.py:161} INFO - Started process (PID=17037) to work on /opt/airflow/dags/gold_processing_dag.py
[2026-07-29T00:38:04.878+0000] {processor.py:830} INFO - Processing file /opt/airflow/dags/gold_processing_dag.py for tasks to queue
[2026-07-29T00:38:04.881+0000] {logging_mixin.py:188} INFO - [2026-07-29T00:38:04.880+0000] {dagbag.py:545} INFO - Filling up the DagBag from /opt/airflow/dags/gold_processing_dag.py
[2026-07-29T00:38:04.933+0000] {processor.py:840} INFO - DAG(s) 'process_gold_layer' retrieved from /opt/airflow/dags/gold_processing_dag.py
[2026-07-29T00:38:04.999+0000] {logging_mixin.py:188} INFO - [2026-07-29T00:38:04.999+0000] {dag.py:3096} INFO - Sync 1 DAGs
[2026-07-29T00:38:05.034+0000] {logging_mixin.py:188} INFO - [2026-07-29T00:38:05.034+0000] {dag.py:3954} INFO - Setting next_dagrun for process_gold_layer to None, run_after=None
[2026-07-29T00:38:05.082+0000] {processor.py:183} INFO - Processing /opt/airflow/dags/gold_processing_dag.py took 0.227 seconds
[2026-07-29T00:38:35.266+0000] {processor.py:161} INFO - Started process (PID=17052) to work on /opt/airflow/dags/gold_processing_dag.py
[2026-07-29T00:38:35.270+0000] {processor.py:830} INFO - Processing file /opt/airflow/dags/gold_processing_dag.py for tasks to queue
[2026-07-29T00:38:35.273+0000] {logging_mixin.py:188} INFO - [2026-07-29T00:38:35.272+0000] {dagbag.py:545} INFO - Filling up the DagBag from /opt/airflow/dags/gold_processing_dag.py
[2026-07-29T00:38:35.321+0000] {processor.py:840} INFO - DAG(s) 'process_gold_layer' retrieved from /opt/airflow/dags/gold_processing_dag.py
[2026-07-29T00:38:35.380+0000] {logging_mixin.py:188} INFO - [2026-07-29T00:38:35.379+0000] {dag.py:3096} INFO - Sync 1 DAGs
[2026-07-29T00:38:35.416+0000] {logging_mixin.py:188} INFO - [2026-07-29T00:38:35.416+0000] {dag.py:3954} INFO - Setting next_dagrun for process_gold_layer to None, run_after=None
[2026-07-29T00:38:35.463+0000] {processor.py:183} INFO - Processing /opt/airflow/dags/gold_processing_dag.py took 0.216 seconds
[2026-07-29T00:39:05.984+0000] {processor.py:161} INFO - Started process (PID=17067) to work on /opt/airflow/dags/gold_processing_dag.py
[2026-07-29T00:39:05.988+0000] {processor.py:830} INFO - Processing file /opt/airflow/dags/gold_processing_dag.py for tasks to queue
[2026-07-29T00:39:05.992+0000] {logging_mixin.py:188} INFO - [2026-07-29T00:39:05.991+0000] {dagbag.py:545} INFO - Filling up the DagBag from /opt/airflow/dags/gold_processing_dag.py
[2026-07-29T00:39:06.040+0000] {processor.py:840} INFO - DAG(s) 'process_gold_layer' retrieved from /opt/airflow/dags/gold_processing_dag.py
[2026-07-29T00:39:06.100+0000] {logging_mixin.py:188} INFO - [2026-07-29T00:39:06.099+0000] {dag.py:3096} INFO - Sync 1 DAGs
[2026-07-29T00:39:06.172+0000] {logging_mixin.py:188} INFO - [2026-07-29T00:39:06.171+0000] {dag.py:3954} INFO - Setting next_dagrun for process_gold_layer to None, run_after=None
[2026-07-29T00:39:06.306+0000] {processor.py:183} INFO - Processing /opt/airflow/dags/gold_processing_dag.py took 0.349 seconds
[2026-07-29T00:39:36.976+0000] {processor.py:161} INFO - Started process (PID=17082) to work on /opt/airflow/dags/gold_processing_dag.py
[2026-07-29T00:39:36.983+0000] {processor.py:830} INFO - Processing file /opt/airflow/dags/gold_processing_dag.py for tasks to queue
[2026-07-29T00:39:36.995+0000] {logging_mixin.py:188} INFO - [2026-07-29T00:39:36.991+0000] {dagbag.py:545} INFO - Filling up the DagBag from /opt/airflow/dags/gold_processing_dag.py
[2026-07-29T00:39:37.073+0000] {processor.py:840} INFO - DAG(s) 'process_gold_layer' retrieved from /opt/airflow/dags/gold_processing_dag.py
[2026-07-29T00:39:37.151+0000] {logging_mixin.py:188} INFO - [2026-07-29T00:39:37.150+0000] {dag.py:3096} INFO - Sync 1 DAGs
[2026-07-29T00:39:37.202+0000] {logging_mixin.py:188} INFO - [2026-07-29T00:39:37.201+0000] {dag.py:3954} INFO - Setting next_dagrun for process_gold_layer to None, run_after=None
[2026-07-29T00:39:37.275+0000] {processor.py:183} INFO - Processing /opt/airflow/dags/gold_processing_dag.py took 0.326 seconds
[2026-07-29T00:40:07.759+0000] {processor.py:161} INFO - Started process (PID=17097) to work on /opt/airflow/dags/gold_processing_dag.py
[2026-07-29T00:40:07.763+0000] {processor.py:830} INFO - Processing file /opt/airflow/dags/gold_processing_dag.py for tasks to queue
[2026-07-29T00:40:07.766+0000] {logging_mixin.py:188} INFO - [2026-07-29T00:40:07.765+0000] {dagbag.py:545} INFO - Filling up the DagBag from /opt/airflow/dags/gold_processing_dag.py
[2026-07-29T00:40:07.816+0000] {processor.py:840} INFO - DAG(s) 'process_gold_layer' retrieved from /opt/airflow/dags/gold_processing_dag.py
[2026-07-29T00:40:07.883+0000] {logging_mixin.py:188} INFO - [2026-07-29T00:40:07.882+0000] {dag.py:3096} INFO - Sync 1 DAGs
[2026-07-29T00:40:07.927+0000] {logging_mixin.py:188} INFO - [2026-07-29T00:40:07.927+0000] {dag.py:3954} INFO - Setting next_dagrun for process_gold_layer to None, run_after=None
[2026-07-29T00:40:07.976+0000] {processor.py:183} INFO - Processing /opt/airflow/dags/gold_processing_dag.py took 0.236 seconds
[2026-07-29T00:40:38.237+0000] {processor.py:161} INFO - Started process (PID=17112) to work on /opt/airflow/dags/gold_processing_dag.py
[2026-07-29T00:40:38.241+0000] {processor.py:830} INFO - Processing file /opt/airflow/dags/gold_processing_dag.py for tasks to queue
[2026-07-29T00:40:38.245+0000] {logging_mixin.py:188} INFO - [2026-07-29T00:40:38.244+0000] {dagbag.py:545} INFO - Filling up the DagBag from /opt/airflow/dags/gold_processing_dag.py
[2026-07-29T00:40:38.288+0000] {processor.py:840} INFO - DAG(s) 'process_gold_layer' retrieved from /opt/airflow/dags/gold_processing_dag.py
[2026-07-29T00:40:38.347+0000] {logging_mixin.py:188} INFO - [2026-07-29T00:40:38.346+0000] {dag.py:3096} INFO - Sync 1 DAGs
[2026-07-29T00:40:38.386+0000] {logging_mixin.py:188} INFO - [2026-07-29T00:40:38.386+0000] {dag.py:3954} INFO - Setting next_dagrun for process_gold_layer to None, run_after=None
[2026-07-29T00:40:38.432+0000] {processor.py:183} INFO - Processing /opt/airflow/dags/gold_processing_dag.py took 0.214 seconds
[2026-07-29T00:41:09.157+0000] {processor.py:161} INFO - Started process (PID=17127) to work on /opt/airflow/dags/gold_processing_dag.py
[2026-07-29T00:41:09.164+0000] {processor.py:830} INFO - Processing file /opt/airflow/dags/gold_processing_dag.py for tasks to queue
[2026-07-29T00:41:09.167+0000] {logging_mixin.py:188} INFO - [2026-07-29T00:41:09.167+0000] {dagbag.py:545} INFO - Filling up the DagBag from /opt/airflow/dags/gold_processing_dag.py
[2026-07-29T00:41:09.213+0000] {processor.py:840} INFO - DAG(s) 'process_gold_layer' retrieved from /opt/airflow/dags/gold_processing_dag.py
[2026-07-29T00:41:09.291+0000] {logging_mixin.py:188} INFO - [2026-07-29T00:41:09.291+0000] {dag.py:3096} INFO - Sync 1 DAGs
[2026-07-29T00:41:09.330+0000] {logging_mixin.py:188} INFO - [2026-07-29T00:41:09.329+0000] {dag.py:3954} INFO - Setting next_dagrun for process_gold_layer to None, run_after=None
[2026-07-29T00:41:09.378+0000] {processor.py:183} INFO - Processing /opt/airflow/dags/gold_processing_dag.py took 0.239 seconds
[2026-07-29T00:41:40.794+0000] {processor.py:161} INFO - Started process (PID=17142) to work on /opt/airflow/dags/gold_processing_dag.py
[2026-07-29T00:41:40.797+0000] {processor.py:830} INFO - Processing file /opt/airflow/dags/gold_processing_dag.py for tasks to queue
[2026-07-29T00:41:40.801+0000] {logging_mixin.py:188} INFO - [2026-07-29T00:41:40.800+0000] {dagbag.py:545} INFO - Filling up the DagBag from /opt/airflow/dags/gold_processing_dag.py
[2026-07-29T00:41:40.847+0000] {processor.py:840} INFO - DAG(s) 'process_gold_layer' retrieved from /opt/airflow/dags/gold_processing_dag.py
[2026-07-29T00:41:40.903+0000] {logging_mixin.py:188} INFO - [2026-07-29T00:41:40.902+0000] {dag.py:3096} INFO - Sync 1 DAGs
[2026-07-29T00:41:40.934+0000] {logging_mixin.py:188} INFO - [2026-07-29T00:41:40.934+0000] {dag.py:3954} INFO - Setting next_dagrun for process_gold_layer to None, run_after=None
[2026-07-29T00:41:40.998+0000] {processor.py:183} INFO - Processing /opt/airflow/dags/gold_processing_dag.py took 0.222 seconds
[2026-07-29T00:42:11.133+0000] {processor.py:161} INFO - Started process (PID=17157) to work on /opt/airflow/dags/gold_processing_dag.py
[2026-07-29T00:42:11.136+0000] {processor.py:830} INFO - Processing file /opt/airflow/dags/gold_processing_dag.py for tasks to queue
[2026-07-29T00:42:11.139+0000] {logging_mixin.py:188} INFO - [2026-07-29T00:42:11.139+0000] {dagbag.py:545} INFO - Filling up the DagBag from /opt/airflow/dags/gold_processing_dag.py
[2026-07-29T00:42:11.177+0000] {processor.py:840} INFO - DAG(s) 'process_gold_layer' retrieved from /opt/airflow/dags/gold_processing_dag.py
[2026-07-29T00:42:11.222+0000] {logging_mixin.py:188} INFO - [2026-07-29T00:42:11.222+0000] {dag.py:3096} INFO - Sync 1 DAGs
[2026-07-29T00:42:11.258+0000] {logging_mixin.py:188} INFO - [2026-07-29T00:42:11.257+0000] {dag.py:3954} INFO - Setting next_dagrun for process_gold_layer to None, run_after=None
[2026-07-29T00:42:11.301+0000] {processor.py:183} INFO - Processing /opt/airflow/dags/gold_processing_dag.py took 0.193 seconds
[2026-07-29T00:42:41.431+0000] {processor.py:161} INFO - Started process (PID=17172) to work on /opt/airflow/dags/gold_processing_dag.py
[2026-07-29T00:42:41.434+0000] {processor.py:830} INFO - Processing file /opt/airflow/dags/gold_processing_dag.py for tasks to queue
[2026-07-29T00:42:41.437+0000] {logging_mixin.py:188} INFO - [2026-07-29T00:42:41.436+0000] {dagbag.py:545} INFO - Filling up the DagBag from /opt/airflow/dags/gold_processing_dag.py
[2026-07-29T00:42:41.476+0000] {processor.py:840} INFO - DAG(s) 'process_gold_layer' retrieved from /opt/airflow/dags/gold_processing_dag.py
[2026-07-29T00:42:41.571+0000] {logging_mixin.py:188} INFO - [2026-07-29T00:42:41.570+0000] {dag.py:3096} INFO - Sync 1 DAGs
[2026-07-29T00:42:41.602+0000] {logging_mixin.py:188} INFO - [2026-07-29T00:42:41.601+0000] {dag.py:3954} INFO - Setting next_dagrun for process_gold_layer to None, run_after=None
[2026-07-29T00:42:41.656+0000] {processor.py:183} INFO - Processing /opt/airflow/dags/gold_processing_dag.py took 0.240 seconds
[2026-07-29T00:43:12.588+0000] {processor.py:161} INFO - Started process (PID=17187) to work on /opt/airflow/dags/gold_processing_dag.py
[2026-07-29T00:43:12.591+0000] {processor.py:830} INFO - Processing file /opt/airflow/dags/gold_processing_dag.py for tasks to queue
[2026-07-29T00:43:12.596+0000] {logging_mixin.py:188} INFO - [2026-07-29T00:43:12.595+0000] {dagbag.py:545} INFO - Filling up the DagBag from /opt/airflow/dags/gold_processing_dag.py
[2026-07-29T00:43:12.643+0000] {processor.py:840} INFO - DAG(s) 'process_gold_layer' retrieved from /opt/airflow/dags/gold_processing_dag.py
[2026-07-29T00:43:12.703+0000] {logging_mixin.py:188} INFO - [2026-07-29T00:43:12.702+0000] {dag.py:3096} INFO - Sync 1 DAGs
[2026-07-29T00:43:12.750+0000] {logging_mixin.py:188} INFO - [2026-07-29T00:43:12.749+0000] {dag.py:3954} INFO - Setting next_dagrun for process_gold_layer to None, run_after=None
[2026-07-29T00:43:12.816+0000] {processor.py:183} INFO - Processing /opt/airflow/dags/gold_processing_dag.py took 0.244 seconds
[2026-07-29T00:43:43.354+0000] {processor.py:161} INFO - Started process (PID=17202) to work on /opt/airflow/dags/gold_processing_dag.py
[2026-07-29T00:43:43.357+0000] {processor.py:830} INFO - Processing file /opt/airflow/dags/gold_processing_dag.py for tasks to queue
[2026-07-29T00:43:43.362+0000] {logging_mixin.py:188} INFO - [2026-07-29T00:43:43.361+0000] {dagbag.py:545} INFO - Filling up the DagBag from /opt/airflow/dags/gold_processing_dag.py
[2026-07-29T00:43:43.405+0000] {processor.py:840} INFO - DAG(s) 'process_gold_layer' retrieved from /opt/airflow/dags/gold_processing_dag.py
[2026-07-29T00:43:43.459+0000] {logging_mixin.py:188} INFO - [2026-07-29T00:43:43.458+0000] {dag.py:3096} INFO - Sync 1 DAGs
[2026-07-29T00:43:43.489+0000] {logging_mixin.py:188} INFO - [2026-07-29T00:43:43.489+0000] {dag.py:3954} INFO - Setting next_dagrun for process_gold_layer to None, run_after=None
[2026-07-29T00:43:43.538+0000] {processor.py:183} INFO - Processing /opt/airflow/dags/gold_processing_dag.py took 0.201 seconds
[2026-07-29T00:44:14.719+0000] {processor.py:161} INFO - Started process (PID=17217) to work on /opt/airflow/dags/gold_processing_dag.py
[2026-07-29T00:44:14.725+0000] {processor.py:830} INFO - Processing file /opt/airflow/dags/gold_processing_dag.py for tasks to queue
[2026-07-29T00:44:14.729+0000] {logging_mixin.py:188} INFO - [2026-07-29T00:44:14.728+0000] {dagbag.py:545} INFO - Filling up the DagBag from /opt/airflow/dags/gold_processing_dag.py
[2026-07-29T00:44:14.777+0000] {processor.py:840} INFO - DAG(s) 'process_gold_layer' retrieved from /opt/airflow/dags/gold_processing_dag.py
[2026-07-29T00:44:14.854+0000] {logging_mixin.py:188} INFO - [2026-07-29T00:44:14.853+0000] {dag.py:3096} INFO - Sync 1 DAGs
[2026-07-29T00:44:14.886+0000] {logging_mixin.py:188} INFO - [2026-07-29T00:44:14.886+0000] {dag.py:3954} INFO - Setting next_dagrun for process_gold_layer to None, run_after=None
[2026-07-29T00:44:14.941+0000] {processor.py:183} INFO - Processing /opt/airflow/dags/gold_processing_dag.py took 0.244 seconds
[2026-07-29T00:44:45.070+0000] {processor.py:161} INFO - Started process (PID=17232) to work on /opt/airflow/dags/gold_processing_dag.py
[2026-07-29T00:44:45.073+0000] {processor.py:830} INFO - Processing file /opt/airflow/dags/gold_processing_dag.py for tasks to queue
[2026-07-29T00:44:45.077+0000] {logging_mixin.py:188} INFO - [2026-07-29T00:44:45.076+0000] {dagbag.py:545} INFO - Filling up the DagBag from /opt/airflow/dags/gold_processing_dag.py
[2026-07-29T00:44:45.123+0000] {processor.py:840} INFO - DAG(s) 'process_gold_layer' retrieved from /opt/airflow/dags/gold_processing_dag.py
[2026-07-29T00:44:45.191+0000] {logging_mixin.py:188} INFO - [2026-07-29T00:44:45.190+0000] {dag.py:3096} INFO - Sync 1 DAGs
[2026-07-29T00:44:45.227+0000] {logging_mixin.py:188} INFO - [2026-07-29T00:44:45.226+0000] {dag.py:3954} INFO - Setting next_dagrun for process_gold_layer to None, run_after=None
[2026-07-29T00:44:45.273+0000] {processor.py:183} INFO - Processing /opt/airflow/dags/gold_processing_dag.py took 0.222 seconds
[2026-07-29T00:45:15.729+0000] {processor.py:161} INFO - Started process (PID=17247) to work on /opt/airflow/dags/gold_processing_dag.py
[2026-07-29T00:45:15.732+0000] {processor.py:830} INFO - Processing file /opt/airflow/dags/gold_processing_dag.py for tasks to queue
[2026-07-29T00:45:15.736+0000] {logging_mixin.py:188} INFO - [2026-07-29T00:45:15.735+0000] {dagbag.py:545} INFO - Filling up the DagBag from /opt/airflow/dags/gold_processing_dag.py
[2026-07-29T00:45:15.782+0000] {processor.py:840} INFO - DAG(s) 'process_gold_layer' retrieved from /opt/airflow/dags/gold_processing_dag.py
[2026-07-29T00:45:15.844+0000] {logging_mixin.py:188} INFO - [2026-07-29T00:45:15.843+0000] {dag.py:3096} INFO - Sync 1 DAGs
[2026-07-29T00:45:15.885+0000] {logging_mixin.py:188} INFO - [2026-07-29T00:45:15.884+0000] {dag.py:3954} INFO - Setting next_dagrun for process_gold_layer to None, run_after=None
[2026-07-29T00:45:15.940+0000] {processor.py:183} INFO - Processing /opt/airflow/dags/gold_processing_dag.py took 0.230 seconds
[2026-07-29T00:45:46.770+0000] {processor.py:161} INFO - Started process (PID=17262) to work on /opt/airflow/dags/gold_processing_dag.py
[2026-07-29T00:45:46.787+0000] {processor.py:830} INFO - Processing file /opt/airflow/dags/gold_processing_dag.py for tasks to queue
[2026-07-29T00:45:46.802+0000] {logging_mixin.py:188} INFO - [2026-07-29T00:45:46.801+0000] {dagbag.py:545} INFO - Filling up the DagBag from /opt/airflow/dags/gold_processing_dag.py
[2026-07-29T00:45:46.854+0000] {processor.py:840} INFO - DAG(s) 'process_gold_layer' retrieved from /opt/airflow/dags/gold_processing_dag.py
[2026-07-29T00:45:46.913+0000] {logging_mixin.py:188} INFO - [2026-07-29T00:45:46.913+0000] {dag.py:3096} INFO - Sync 1 DAGs
[2026-07-29T00:45:46.949+0000] {logging_mixin.py:188} INFO - [2026-07-29T00:45:46.948+0000] {dag.py:3954} INFO - Setting next_dagrun for process_gold_layer to None, run_after=None
[2026-07-29T00:45:47.174+0000] {processor.py:183} INFO - Processing /opt/airflow/dags/gold_processing_dag.py took 0.441 seconds
[2026-07-29T00:46:17.498+0000] {processor.py:161} INFO - Started process (PID=17277) to work on /opt/airflow/dags/gold_processing_dag.py
[2026-07-29T00:46:17.501+0000] {processor.py:830} INFO - Processing file /opt/airflow/dags/gold_processing_dag.py for tasks to queue
[2026-07-29T00:46:17.505+0000] {logging_mixin.py:188} INFO - [2026-07-29T00:46:17.504+0000] {dagbag.py:545} INFO - Filling up the DagBag from /opt/airflow/dags/gold_processing_dag.py
[2026-07-29T00:46:17.542+0000] {processor.py:840} INFO - DAG(s) 'process_gold_layer' retrieved from /opt/airflow/dags/gold_processing_dag.py
[2026-07-29T00:46:17.588+0000] {logging_mixin.py:188} INFO - [2026-07-29T00:46:17.587+0000] {dag.py:3096} INFO - Sync 1 DAGs
[2026-07-29T00:46:17.614+0000] {logging_mixin.py:188} INFO - [2026-07-29T00:46:17.613+0000] {dag.py:3954} INFO - Setting next_dagrun for process_gold_layer to None, run_after=None
[2026-07-29T00:46:18.154+0000] {processor.py:183} INFO - Processing /opt/airflow/dags/gold_processing_dag.py took 0.669 seconds
[2026-07-29T00:46:49.146+0000] {processor.py:161} INFO - Started process (PID=17292) to work on /opt/airflow/dags/gold_processing_dag.py
[2026-07-29T00:46:49.150+0000] {processor.py:830} INFO - Processing file /opt/airflow/dags/gold_processing_dag.py for tasks to queue
[2026-07-29T00:46:49.156+0000] {logging_mixin.py:188} INFO - [2026-07-29T00:46:49.155+0000] {dagbag.py:545} INFO - Filling up the DagBag from /opt/airflow/dags/gold_processing_dag.py
[2026-07-29T00:46:49.214+0000] {processor.py:840} INFO - DAG(s) 'process_gold_layer' retrieved from /opt/airflow/dags/gold_processing_dag.py
[2026-07-29T00:46:49.265+0000] {logging_mixin.py:188} INFO - [2026-07-29T00:46:49.265+0000] {dag.py:3096} INFO - Sync 1 DAGs
[2026-07-29T00:46:49.302+0000] {logging_mixin.py:188} INFO - [2026-07-29T00:46:49.302+0000] {dag.py:3954} INFO - Setting next_dagrun for process_gold_layer to None, run_after=None
[2026-07-29T00:46:51.164+0000] {processor.py:183} INFO - Processing /opt/airflow/dags/gold_processing_dag.py took 2.042 seconds
[2026-07-29T00:47:21.604+0000] {processor.py:161} INFO - Started process (PID=17307) to work on /opt/airflow/dags/gold_processing_dag.py
[2026-07-29T00:47:21.607+0000] {processor.py:830} INFO - Processing file /opt/airflow/dags/gold_processing_dag.py for tasks to queue
[2026-07-29T00:47:21.611+0000] {logging_mixin.py:188} INFO - [2026-07-29T00:47:21.610+0000] {dagbag.py:545} INFO - Filling up the DagBag from /opt/airflow/dags/gold_processing_dag.py
[2026-07-29T00:47:21.667+0000] {processor.py:840} INFO - DAG(s) 'process_gold_layer' retrieved from /opt/airflow/dags/gold_processing_dag.py
[2026-07-29T00:47:21.717+0000] {logging_mixin.py:188} INFO - [2026-07-29T00:47:21.717+0000] {dag.py:3096} INFO - Sync 1 DAGs
[2026-07-29T00:47:21.744+0000] {logging_mixin.py:188} INFO - [2026-07-29T00:47:21.744+0000] {dag.py:3954} INFO - Setting next_dagrun for process_gold_layer to None, run_after=None
[2026-07-29T00:47:21.782+0000] {processor.py:183} INFO - Processing /opt/airflow/dags/gold_processing_dag.py took 0.193 seconds
[2026-07-29T00:47:52.270+0000] {processor.py:161} INFO - Started process (PID=17322) to work on /opt/airflow/dags/gold_processing_dag.py
[2026-07-29T00:47:52.274+0000] {processor.py:830} INFO - Processing file /opt/airflow/dags/gold_processing_dag.py for tasks to queue
[2026-07-29T00:47:52.283+0000] {logging_mixin.py:188} INFO - [2026-07-29T00:47:52.281+0000] {dagbag.py:545} INFO - Filling up the DagBag from /opt/airflow/dags/gold_processing_dag.py
[2026-07-29T00:47:52.357+0000] {processor.py:840} INFO - DAG(s) 'process_gold_layer' retrieved from /opt/airflow/dags/gold_processing_dag.py
[2026-07-29T00:47:52.483+0000] {logging_mixin.py:188} INFO - [2026-07-29T00:47:52.483+0000] {dag.py:3096} INFO - Sync 1 DAGs
[2026-07-29T00:47:52.550+0000] {logging_mixin.py:188} INFO - [2026-07-29T00:47:52.549+0000] {dag.py:3954} INFO - Setting next_dagrun for process_gold_layer to None, run_after=None
[2026-07-29T00:47:52.654+0000] {processor.py:183} INFO - Processing /opt/airflow/dags/gold_processing_dag.py took 0.402 seconds
[2026-07-29T00:48:23.732+0000] {processor.py:161} INFO - Started process (PID=17337) to work on /opt/airflow/dags/gold_processing_dag.py
[2026-07-29T00:48:23.736+0000] {processor.py:830} INFO - Processing file /opt/airflow/dags/gold_processing_dag.py for tasks to queue
[2026-07-29T00:48:23.748+0000] {logging_mixin.py:188} INFO - [2026-07-29T00:48:23.747+0000] {dagbag.py:545} INFO - Filling up the DagBag from /opt/airflow/dags/gold_processing_dag.py
[2026-07-29T00:48:23.851+0000] {processor.py:840} INFO - DAG(s) 'process_gold_layer' retrieved from /opt/airflow/dags/gold_processing_dag.py
[2026-07-29T00:48:24.006+0000] {logging_mixin.py:188} INFO - [2026-07-29T00:48:24.006+0000] {dag.py:3096} INFO - Sync 1 DAGs
[2026-07-29T00:48:24.117+0000] {logging_mixin.py:188} INFO - [2026-07-29T00:48:24.116+0000] {dag.py:3954} INFO - Setting next_dagrun for process_gold_layer to None, run_after=None
[2026-07-29T00:48:24.242+0000] {processor.py:183} INFO - Processing /opt/airflow/dags/gold_processing_dag.py took 0.560 seconds
[2026-07-29T00:48:54.683+0000] {processor.py:161} INFO - Started process (PID=17352) to work on /opt/airflow/dags/gold_processing_dag.py
[2026-07-29T00:48:54.687+0000] {processor.py:830} INFO - Processing file /opt/airflow/dags/gold_processing_dag.py for tasks to queue
[2026-07-29T00:48:54.691+0000] {logging_mixin.py:188} INFO - [2026-07-29T00:48:54.690+0000] {dagbag.py:545} INFO - Filling up the DagBag from /opt/airflow/dags/gold_processing_dag.py
[2026-07-29T00:48:54.779+0000] {processor.py:840} INFO - DAG(s) 'process_gold_layer' retrieved from /opt/airflow/dags/gold_processing_dag.py
[2026-07-29T00:48:54.869+0000] {logging_mixin.py:188} INFO - [2026-07-29T00:48:54.869+0000] {dag.py:3096} INFO - Sync 1 DAGs
[2026-07-29T00:48:54.908+0000] {logging_mixin.py:188} INFO - [2026-07-29T00:48:54.908+0000] {dag.py:3954} INFO - Setting next_dagrun for process_gold_layer to None, run_after=None
[2026-07-29T00:48:54.960+0000] {processor.py:183} INFO - Processing /opt/airflow/dags/gold_processing_dag.py took 0.311 seconds
[2026-07-29T00:49:25.388+0000] {processor.py:161} INFO - Started process (PID=17367) to work on /opt/airflow/dags/gold_processing_dag.py
[2026-07-29T00:49:25.392+0000] {processor.py:830} INFO - Processing file /opt/airflow/dags/gold_processing_dag.py for tasks to queue
[2026-07-29T00:49:25.395+0000] {logging_mixin.py:188} INFO - [2026-07-29T00:49:25.394+0000] {dagbag.py:545} INFO - Filling up the DagBag from /opt/airflow/dags/gold_processing_dag.py
[2026-07-29T00:49:25.443+0000] {processor.py:840} INFO - DAG(s) 'process_gold_layer' retrieved from /opt/airflow/dags/gold_processing_dag.py
[2026-07-29T00:49:25.500+0000] {logging_mixin.py:188} INFO - [2026-07-29T00:49:25.499+0000] {dag.py:3096} INFO - Sync 1 DAGs
[2026-07-29T00:49:25.529+0000] {logging_mixin.py:188} INFO - [2026-07-29T00:49:25.529+0000] {dag.py:3954} INFO - Setting next_dagrun for process_gold_layer to None, run_after=None
[2026-07-29T00:49:25.578+0000] {processor.py:183} INFO - Processing /opt/airflow/dags/gold_processing_dag.py took 0.208 seconds
[2026-07-29T00:49:55.921+0000] {processor.py:161} INFO - Started process (PID=17382) to work on /opt/airflow/dags/gold_processing_dag.py
[2026-07-29T00:49:55.925+0000] {processor.py:830} INFO - Processing file /opt/airflow/dags/gold_processing_dag.py for tasks to queue
[2026-07-29T00:49:55.929+0000] {logging_mixin.py:188} INFO - [2026-07-29T00:49:55.928+0000] {dagbag.py:545} INFO - Filling up the DagBag from /opt/airflow/dags/gold_processing_dag.py
[2026-07-29T00:49:55.979+0000] {processor.py:840} INFO - DAG(s) 'process_gold_layer' retrieved from /opt/airflow/dags/gold_processing_dag.py
[2026-07-29T00:49:56.035+0000] {logging_mixin.py:188} INFO - [2026-07-29T00:49:56.034+0000] {dag.py:3096} INFO - Sync 1 DAGs
[2026-07-29T00:49:56.074+0000] {logging_mixin.py:188} INFO - [2026-07-29T00:49:56.074+0000] {dag.py:3954} INFO - Setting next_dagrun for process_gold_layer to None, run_after=None
[2026-07-29T00:49:56.142+0000] {processor.py:183} INFO - Processing /opt/airflow/dags/gold_processing_dag.py took 0.255 seconds
[2026-07-29T00:50:26.399+0000] {processor.py:161} INFO - Started process (PID=17397) to work on /opt/airflow/dags/gold_processing_dag.py
[2026-07-29T00:50:26.403+0000] {processor.py:830} INFO - Processing file /opt/airflow/dags/gold_processing_dag.py for tasks to queue
[2026-07-29T00:50:26.409+0000] {logging_mixin.py:188} INFO - [2026-07-29T00:50:26.407+0000] {dagbag.py:545} INFO - Filling up the DagBag from /opt/airflow/dags/gold_processing_dag.py
[2026-07-29T00:50:26.473+0000] {processor.py:840} INFO - DAG(s) 'process_gold_layer' retrieved from /opt/airflow/dags/gold_processing_dag.py
[2026-07-29T00:50:26.537+0000] {logging_mixin.py:188} INFO - [2026-07-29T00:50:26.537+0000] {dag.py:3096} INFO - Sync 1 DAGs
[2026-07-29T00:50:26.605+0000] {logging_mixin.py:188} INFO - [2026-07-29T00:50:26.605+0000] {dag.py:3954} INFO - Setting next_dagrun for process_gold_layer to None, run_after=None
[2026-07-29T00:50:26.670+0000] {processor.py:183} INFO - Processing /opt/airflow/dags/gold_processing_dag.py took 0.286 seconds
[2026-07-29T00:50:56.880+0000] {processor.py:161} INFO - Started process (PID=17412) to work on /opt/airflow/dags/gold_processing_dag.py
[2026-07-29T00:50:56.896+0000] {processor.py:830} INFO - Processing file /opt/airflow/dags/gold_processing_dag.py for tasks to queue
[2026-07-29T00:50:56.904+0000] {logging_mixin.py:188} INFO - [2026-07-29T00:50:56.903+0000] {dagbag.py:545} INFO - Filling up the DagBag from /opt/airflow/dags/gold_processing_dag.py
[2026-07-29T00:50:57.049+0000] {processor.py:840} INFO - DAG(s) 'process_gold_layer' retrieved from /opt/airflow/dags/gold_processing_dag.py
[2026-07-29T00:50:57.176+0000] {logging_mixin.py:188} INFO - [2026-07-29T00:50:57.176+0000] {dag.py:3096} INFO - Sync 1 DAGs
[2026-07-29T00:50:57.207+0000] {logging_mixin.py:188} INFO - [2026-07-29T00:50:57.207+0000] {dag.py:3954} INFO - Setting next_dagrun for process_gold_layer to None, run_after=None
[2026-07-29T00:50:57.259+0000] {processor.py:183} INFO - Processing /opt/airflow/dags/gold_processing_dag.py took 0.427 seconds
[2026-07-29T00:51:27.730+0000] {processor.py:161} INFO - Started process (PID=17427) to work on /opt/airflow/dags/gold_processing_dag.py
[2026-07-29T00:51:27.734+0000] {processor.py:830} INFO - Processing file /opt/airflow/dags/gold_processing_dag.py for tasks to queue
[2026-07-29T00:51:27.747+0000] {logging_mixin.py:188} INFO - [2026-07-29T00:51:27.746+0000] {dagbag.py:545} INFO - Filling up the DagBag from /opt/airflow/dags/gold_processing_dag.py
[2026-07-29T00:51:27.820+0000] {processor.py:840} INFO - DAG(s) 'process_gold_layer' retrieved from /opt/airflow/dags/gold_processing_dag.py
[2026-07-29T00:51:27.900+0000] {logging_mixin.py:188} INFO - [2026-07-29T00:51:27.899+0000] {dag.py:3096} INFO - Sync 1 DAGs
[2026-07-29T00:51:27.947+0000] {logging_mixin.py:188} INFO - [2026-07-29T00:51:27.946+0000] {dag.py:3954} INFO - Setting next_dagrun for process_gold_layer to None, run_after=None
[2026-07-29T00:51:28.018+0000] {processor.py:183} INFO - Processing /opt/airflow/dags/gold_processing_dag.py took 0.324 seconds
[2026-07-29T00:51:58.452+0000] {processor.py:161} INFO - Started process (PID=17442) to work on /opt/airflow/dags/gold_processing_dag.py
[2026-07-29T00:51:58.457+0000] {processor.py:830} INFO - Processing file /opt/airflow/dags/gold_processing_dag.py for tasks to queue
[2026-07-29T00:51:58.462+0000] {logging_mixin.py:188} INFO - [2026-07-29T00:51:58.461+0000] {dagbag.py:545} INFO - Filling up the DagBag from /opt/airflow/dags/gold_processing_dag.py
[2026-07-29T00:51:58.520+0000] {processor.py:840} INFO - DAG(s) 'process_gold_layer' retrieved from /opt/airflow/dags/gold_processing_dag.py
[2026-07-29T00:51:58.579+0000] {logging_mixin.py:188} INFO - [2026-07-29T00:51:58.578+0000] {dag.py:3096} INFO - Sync 1 DAGs
[2026-07-29T00:51:58.617+0000] {logging_mixin.py:188} INFO - [2026-07-29T00:51:58.616+0000] {dag.py:3954} INFO - Setting next_dagrun for process_gold_layer to None, run_after=None
[2026-07-29T00:51:58.667+0000] {processor.py:183} INFO - Processing /opt/airflow/dags/gold_processing_dag.py took 0.234 seconds
[2026-07-29T00:52:29.025+0000] {processor.py:161} INFO - Started process (PID=17457) to work on /opt/airflow/dags/gold_processing_dag.py
[2026-07-29T00:52:29.030+0000] {processor.py:830} INFO - Processing file /opt/airflow/dags/gold_processing_dag.py for tasks to queue
[2026-07-29T00:52:29.050+0000] {logging_mixin.py:188} INFO - [2026-07-29T00:52:29.049+0000] {dagbag.py:545} INFO - Filling up the DagBag from /opt/airflow/dags/gold_processing_dag.py
[2026-07-29T00:52:29.136+0000] {processor.py:840} INFO - DAG(s) 'process_gold_layer' retrieved from /opt/airflow/dags/gold_processing_dag.py
[2026-07-29T00:52:29.208+0000] {logging_mixin.py:188} INFO - [2026-07-29T00:52:29.207+0000] {dag.py:3096} INFO - Sync 1 DAGs
[2026-07-29T00:52:29.255+0000] {logging_mixin.py:188} INFO - [2026-07-29T00:52:29.255+0000] {dag.py:3954} INFO - Setting next_dagrun for process_gold_layer to None, run_after=None
[2026-07-29T00:52:29.323+0000] {processor.py:183} INFO - Processing /opt/airflow/dags/gold_processing_dag.py took 0.350 seconds
[2026-07-29T00:53:00.109+0000] {processor.py:161} INFO - Started process (PID=17472) to work on /opt/airflow/dags/gold_processing_dag.py
[2026-07-29T00:53:00.112+0000] {processor.py:830} INFO - Processing file /opt/airflow/dags/gold_processing_dag.py for tasks to queue
[2026-07-29T00:53:00.116+0000] {logging_mixin.py:188} INFO - [2026-07-29T00:53:00.115+0000] {dagbag.py:545} INFO - Filling up the DagBag from /opt/airflow/dags/gold_processing_dag.py
[2026-07-29T00:53:00.168+0000] {processor.py:840} INFO - DAG(s) 'process_gold_layer' retrieved from /opt/airflow/dags/gold_processing_dag.py
[2026-07-29T00:53:00.237+0000] {logging_mixin.py:188} INFO - [2026-07-29T00:53:00.237+0000] {dag.py:3096} INFO - Sync 1 DAGs
[2026-07-29T00:53:00.287+0000] {logging_mixin.py:188} INFO - [2026-07-29T00:53:00.286+0000] {dag.py:3954} INFO - Setting next_dagrun for process_gold_layer to None, run_after=None
[2026-07-29T00:53:00.337+0000] {processor.py:183} INFO - Processing /opt/airflow/dags/gold_processing_dag.py took 0.244 seconds
[2026-07-29T00:53:30.762+0000] {processor.py:161} INFO - Started process (PID=17487) to work on /opt/airflow/dags/gold_processing_dag.py
[2026-07-29T00:53:30.765+0000] {processor.py:830} INFO - Processing file /opt/airflow/dags/gold_processing_dag.py for tasks to queue
[2026-07-29T00:53:30.770+0000] {logging_mixin.py:188} INFO - [2026-07-29T00:53:30.769+0000] {dagbag.py:545} INFO - Filling up the DagBag from /opt/airflow/dags/gold_processing_dag.py
[2026-07-29T00:53:30.817+0000] {processor.py:840} INFO - DAG(s) 'process_gold_layer' retrieved from /opt/airflow/dags/gold_processing_dag.py
[2026-07-29T00:53:30.875+0000] {logging_mixin.py:188} INFO - [2026-07-29T00:53:30.874+0000] {dag.py:3096} INFO - Sync 1 DAGs
[2026-07-29T00:53:30.916+0000] {logging_mixin.py:188} INFO - [2026-07-29T00:53:30.916+0000] {dag.py:3954} INFO - Setting next_dagrun for process_gold_layer to None, run_after=None
[2026-07-29T00:53:31.041+0000] {processor.py:183} INFO - Processing /opt/airflow/dags/gold_processing_dag.py took 0.301 seconds
[2026-07-29T00:54:01.404+0000] {processor.py:161} INFO - Started process (PID=17502) to work on /opt/airflow/dags/gold_processing_dag.py
[2026-07-29T00:54:01.407+0000] {processor.py:830} INFO - Processing file /opt/airflow/dags/gold_processing_dag.py for tasks to queue
[2026-07-29T00:54:01.411+0000] {logging_mixin.py:188} INFO - [2026-07-29T00:54:01.410+0000] {dagbag.py:545} INFO - Filling up the DagBag from /opt/airflow/dags/gold_processing_dag.py
[2026-07-29T00:54:01.462+0000] {processor.py:840} INFO - DAG(s) 'process_gold_layer' retrieved from /opt/airflow/dags/gold_processing_dag.py
[2026-07-29T00:54:01.517+0000] {logging_mixin.py:188} INFO - [2026-07-29T00:54:01.516+0000] {dag.py:3096} INFO - Sync 1 DAGs
[2026-07-29T00:54:01.553+0000] {logging_mixin.py:188} INFO - [2026-07-29T00:54:01.552+0000] {dag.py:3954} INFO - Setting next_dagrun for process_gold_layer to None, run_after=None
[2026-07-29T00:54:01.611+0000] {processor.py:183} INFO - Processing /opt/airflow/dags/gold_processing_dag.py took 0.239 seconds
[2026-07-29T00:54:31.914+0000] {processor.py:161} INFO - Started process (PID=17517) to work on /opt/airflow/dags/gold_processing_dag.py
[2026-07-29T00:54:31.917+0000] {processor.py:830} INFO - Processing file /opt/airflow/dags/gold_processing_dag.py for tasks to queue
[2026-07-29T00:54:31.921+0000] {logging_mixin.py:188} INFO - [2026-07-29T00:54:31.920+0000] {dagbag.py:545} INFO - Filling up the DagBag from /opt/airflow/dags/gold_processing_dag.py
[2026-07-29T00:54:31.964+0000] {processor.py:840} INFO - DAG(s) 'process_gold_layer' retrieved from /opt/airflow/dags/gold_processing_dag.py
[2026-07-29T00:54:32.029+0000] {logging_mixin.py:188} INFO - [2026-07-29T00:54:32.028+0000] {dag.py:3096} INFO - Sync 1 DAGs
[2026-07-29T00:54:32.059+0000] {logging_mixin.py:188} INFO - [2026-07-29T00:54:32.058+0000] {dag.py:3954} INFO - Setting next_dagrun for process_gold_layer to None, run_after=None
[2026-07-29T00:54:32.111+0000] {processor.py:183} INFO - Processing /opt/airflow/dags/gold_processing_dag.py took 0.218 seconds
[2026-07-29T00:55:02.716+0000] {processor.py:161} INFO - Started process (PID=17532) to work on /opt/airflow/dags/gold_processing_dag.py
[2026-07-29T00:55:02.730+0000] {processor.py:830} INFO - Processing file /opt/airflow/dags/gold_processing_dag.py for tasks to queue
[2026-07-29T00:55:02.734+0000] {logging_mixin.py:188} INFO - [2026-07-29T00:55:02.733+0000] {dagbag.py:545} INFO - Filling up the DagBag from /opt/airflow/dags/gold_processing_dag.py
[2026-07-29T00:55:02.787+0000] {processor.py:840} INFO - DAG(s) 'process_gold_layer' retrieved from /opt/airflow/dags/gold_processing_dag.py
[2026-07-29T00:55:02.841+0000] {logging_mixin.py:188} INFO - [2026-07-29T00:55:02.841+0000] {dag.py:3096} INFO - Sync 1 DAGs
[2026-07-29T00:55:02.877+0000] {logging_mixin.py:188} INFO - [2026-07-29T00:55:02.877+0000] {dag.py:3954} INFO - Setting next_dagrun for process_gold_layer to None, run_after=None
[2026-07-29T00:55:02.924+0000] {processor.py:183} INFO - Processing /opt/airflow/dags/gold_processing_dag.py took 0.260 seconds
[2026-07-29T00:55:33.300+0000] {processor.py:161} INFO - Started process (PID=17547) to work on /opt/airflow/dags/gold_processing_dag.py
[2026-07-29T00:55:33.303+0000] {processor.py:830} INFO - Processing file /opt/airflow/dags/gold_processing_dag.py for tasks to queue
[2026-07-29T00:55:33.306+0000] {logging_mixin.py:188} INFO - [2026-07-29T00:55:33.305+0000] {dagbag.py:545} INFO - Filling up the DagBag from /opt/airflow/dags/gold_processing_dag.py
[2026-07-29T00:55:33.353+0000] {processor.py:840} INFO - DAG(s) 'process_gold_layer' retrieved from /opt/airflow/dags/gold_processing_dag.py
[2026-07-29T00:55:33.407+0000] {logging_mixin.py:188} INFO - [2026-07-29T00:55:33.406+0000] {dag.py:3096} INFO - Sync 1 DAGs
[2026-07-29T00:55:33.443+0000] {logging_mixin.py:188} INFO - [2026-07-29T00:55:33.442+0000] {dag.py:3954} INFO - Setting next_dagrun for process_gold_layer to None, run_after=None
[2026-07-29T00:55:33.489+0000] {processor.py:183} INFO - Processing /opt/airflow/dags/gold_processing_dag.py took 0.209 seconds
[2026-07-29T00:56:03.775+0000] {processor.py:161} INFO - Started process (PID=17562) to work on /opt/airflow/dags/gold_processing_dag.py
[2026-07-29T00:56:03.778+0000] {processor.py:830} INFO - Processing file /opt/airflow/dags/gold_processing_dag.py for tasks to queue
[2026-07-29T00:56:03.783+0000] {logging_mixin.py:188} INFO - [2026-07-29T00:56:03.781+0000] {dagbag.py:545} INFO - Filling up the DagBag from /opt/airflow/dags/gold_processing_dag.py
[2026-07-29T00:56:03.840+0000] {processor.py:840} INFO - DAG(s) 'process_gold_layer' retrieved from /opt/airflow/dags/gold_processing_dag.py
[2026-07-29T00:56:03.898+0000] {logging_mixin.py:188} INFO - [2026-07-29T00:56:03.898+0000] {dag.py:3096} INFO - Sync 1 DAGs
[2026-07-29T00:56:03.945+0000] {logging_mixin.py:188} INFO - [2026-07-29T00:56:03.945+0000] {dag.py:3954} INFO - Setting next_dagrun for process_gold_layer to None, run_after=None
[2026-07-29T00:56:04.025+0000] {processor.py:183} INFO - Processing /opt/airflow/dags/gold_processing_dag.py took 0.273 seconds
[2026-07-29T00:56:35.136+0000] {processor.py:161} INFO - Started process (PID=17577) to work on /opt/airflow/dags/gold_processing_dag.py
[2026-07-29T00:56:35.140+0000] {processor.py:830} INFO - Processing file /opt/airflow/dags/gold_processing_dag.py for tasks to queue
[2026-07-29T00:56:35.143+0000] {logging_mixin.py:188} INFO - [2026-07-29T00:56:35.142+0000] {dagbag.py:545} INFO - Filling up the DagBag from /opt/airflow/dags/gold_processing_dag.py
[2026-07-29T00:56:35.189+0000] {processor.py:840} INFO - DAG(s) 'process_gold_layer' retrieved from /opt/airflow/dags/gold_processing_dag.py
[2026-07-29T00:56:35.245+0000] {logging_mixin.py:188} INFO - [2026-07-29T00:56:35.244+0000] {dag.py:3096} INFO - Sync 1 DAGs
[2026-07-29T00:56:35.275+0000] {logging_mixin.py:188} INFO - [2026-07-29T00:56:35.275+0000] {dag.py:3954} INFO - Setting next_dagrun for process_gold_layer to None, run_after=None
[2026-07-29T00:56:35.316+0000] {processor.py:183} INFO - Processing /opt/airflow/dags/gold_processing_dag.py took 0.202 seconds
[2026-07-29T00:57:05.905+0000] {processor.py:161} INFO - Started process (PID=17592) to work on /opt/airflow/dags/gold_processing_dag.py
[2026-07-29T00:57:05.909+0000] {processor.py:830} INFO - Processing file /opt/airflow/dags/gold_processing_dag.py for tasks to queue
[2026-07-29T00:57:05.913+0000] {logging_mixin.py:188} INFO - [2026-07-29T00:57:05.913+0000] {dagbag.py:545} INFO - Filling up the DagBag from /opt/airflow/dags/gold_processing_dag.py
[2026-07-29T00:57:05.957+0000] {processor.py:840} INFO - DAG(s) 'process_gold_layer' retrieved from /opt/airflow/dags/gold_processing_dag.py
[2026-07-29T00:57:06.038+0000] {logging_mixin.py:188} INFO - [2026-07-29T00:57:06.037+0000] {dag.py:3096} INFO - Sync 1 DAGs
[2026-07-29T00:57:06.090+0000] {logging_mixin.py:188} INFO - [2026-07-29T00:57:06.090+0000] {dag.py:3954} INFO - Setting next_dagrun for process_gold_layer to None, run_after=None
[2026-07-29T00:57:06.186+0000] {processor.py:183} INFO - Processing /opt/airflow/dags/gold_processing_dag.py took 0.299 seconds
[2026-07-29T00:57:36.592+0000] {processor.py:161} INFO - Started process (PID=17607) to work on /opt/airflow/dags/gold_processing_dag.py
[2026-07-29T00:57:36.595+0000] {processor.py:830} INFO - Processing file /opt/airflow/dags/gold_processing_dag.py for tasks to queue
[2026-07-29T00:57:36.599+0000] {logging_mixin.py:188} INFO - [2026-07-29T00:57:36.598+0000] {dagbag.py:545} INFO - Filling up the DagBag from /opt/airflow/dags/gold_processing_dag.py
[2026-07-29T00:57:36.645+0000] {processor.py:840} INFO - DAG(s) 'process_gold_layer' retrieved from /opt/airflow/dags/gold_processing_dag.py
[2026-07-29T00:57:36.703+0000] {logging_mixin.py:188} INFO - [2026-07-29T00:57:36.702+0000] {dag.py:3096} INFO - Sync 1 DAGs
[2026-07-29T00:57:36.746+0000] {logging_mixin.py:188} INFO - [2026-07-29T00:57:36.746+0000] {dag.py:3954} INFO - Setting next_dagrun for process_gold_layer to None, run_after=None
[2026-07-29T00:57:36.814+0000] {processor.py:183} INFO - Processing /opt/airflow/dags/gold_processing_dag.py took 0.239 seconds
[2026-07-29T00:58:07.064+0000] {processor.py:161} INFO - Started process (PID=17622) to work on /opt/airflow/dags/gold_processing_dag.py
[2026-07-29T00:58:07.070+0000] {processor.py:830} INFO - Processing file /opt/airflow/dags/gold_processing_dag.py for tasks to queue
[2026-07-29T00:58:07.074+0000] {logging_mixin.py:188} INFO - [2026-07-29T00:58:07.073+0000] {dagbag.py:545} INFO - Filling up the DagBag from /opt/airflow/dags/gold_processing_dag.py
[2026-07-29T00:58:07.129+0000] {processor.py:840} INFO - DAG(s) 'process_gold_layer' retrieved from /opt/airflow/dags/gold_processing_dag.py
[2026-07-29T00:58:07.217+0000] {logging_mixin.py:188} INFO - [2026-07-29T00:58:07.216+0000] {dag.py:3096} INFO - Sync 1 DAGs
[2026-07-29T00:58:07.282+0000] {logging_mixin.py:188} INFO - [2026-07-29T00:58:07.282+0000] {dag.py:3954} INFO - Setting next_dagrun for process_gold_layer to None, run_after=None
[2026-07-29T00:58:07.381+0000] {processor.py:183} INFO - Processing /opt/airflow/dags/gold_processing_dag.py took 0.331 seconds
[2026-07-29T00:58:37.670+0000] {processor.py:161} INFO - Started process (PID=17637) to work on /opt/airflow/dags/gold_processing_dag.py
[2026-07-29T00:58:37.673+0000] {processor.py:830} INFO - Processing file /opt/airflow/dags/gold_processing_dag.py for tasks to queue
[2026-07-29T00:58:37.677+0000] {logging_mixin.py:188} INFO - [2026-07-29T00:58:37.676+0000] {dagbag.py:545} INFO - Filling up the DagBag from /opt/airflow/dags/gold_processing_dag.py
[2026-07-29T00:58:37.734+0000] {processor.py:840} INFO - DAG(s) 'process_gold_layer' retrieved from /opt/airflow/dags/gold_processing_dag.py
[2026-07-29T00:58:37.803+0000] {logging_mixin.py:188} INFO - [2026-07-29T00:58:37.802+0000] {dag.py:3096} INFO - Sync 1 DAGs
[2026-07-29T00:58:37.844+0000] {logging_mixin.py:188} INFO - [2026-07-29T00:58:37.843+0000] {dag.py:3954} INFO - Setting next_dagrun for process_gold_layer to None, run_after=None
[2026-07-29T00:58:37.971+0000] {processor.py:183} INFO - Processing /opt/airflow/dags/gold_processing_dag.py took 0.322 seconds
[2026-07-29T00:59:08.549+0000] {processor.py:161} INFO - Started process (PID=17652) to work on /opt/airflow/dags/gold_processing_dag.py
[2026-07-29T00:59:08.556+0000] {processor.py:830} INFO - Processing file /opt/airflow/dags/gold_processing_dag.py for tasks to queue
[2026-07-29T00:59:08.562+0000] {logging_mixin.py:188} INFO - [2026-07-29T00:59:08.560+0000] {dagbag.py:545} INFO - Filling up the DagBag from /opt/airflow/dags/gold_processing_dag.py
[2026-07-29T00:59:08.624+0000] {processor.py:840} INFO - DAG(s) 'process_gold_layer' retrieved from /opt/airflow/dags/gold_processing_dag.py
[2026-07-29T00:59:08.678+0000] {logging_mixin.py:188} INFO - [2026-07-29T00:59:08.678+0000] {dag.py:3096} INFO - Sync 1 DAGs
[2026-07-29T00:59:08.712+0000] {logging_mixin.py:188} INFO - [2026-07-29T00:59:08.712+0000] {dag.py:3954} INFO - Setting next_dagrun for process_gold_layer to None, run_after=None
[2026-07-29T00:59:08.815+0000] {processor.py:183} INFO - Processing /opt/airflow/dags/gold_processing_dag.py took 0.284 seconds
[2026-07-29T00:59:39.166+0000] {processor.py:161} INFO - Started process (PID=17667) to work on /opt/airflow/dags/gold_processing_dag.py
[2026-07-29T00:59:39.169+0000] {processor.py:830} INFO - Processing file /opt/airflow/dags/gold_processing_dag.py for tasks to queue
[2026-07-29T00:59:39.173+0000] {logging_mixin.py:188} INFO - [2026-07-29T00:59:39.172+0000] {dagbag.py:545} INFO - Filling up the DagBag from /opt/airflow/dags/gold_processing_dag.py
[2026-07-29T00:59:39.224+0000] {processor.py:840} INFO - DAG(s) 'process_gold_layer' retrieved from /opt/airflow/dags/gold_processing_dag.py
[2026-07-29T00:59:39.287+0000] {logging_mixin.py:188} INFO - [2026-07-29T00:59:39.287+0000] {dag.py:3096} INFO - Sync 1 DAGs
[2026-07-29T00:59:39.326+0000] {logging_mixin.py:188} INFO - [2026-07-29T00:59:39.325+0000] {dag.py:3954} INFO - Setting next_dagrun for process_gold_layer to None, run_after=None
[2026-07-29T00:59:39.374+0000] {processor.py:183} INFO - Processing /opt/airflow/dags/gold_processing_dag.py took 0.230 seconds
[2026-07-29T01:00:11.450+0000] {processor.py:161} INFO - Started process (PID=17686) to work on /opt/airflow/dags/gold_processing_dag.py
[2026-07-29T01:00:11.482+0000] {processor.py:830} INFO - Processing file /opt/airflow/dags/gold_processing_dag.py for tasks to queue
[2026-07-29T01:00:11.499+0000] {logging_mixin.py:188} INFO - [2026-07-29T01:00:11.496+0000] {dagbag.py:545} INFO - Filling up the DagBag from /opt/airflow/dags/gold_processing_dag.py
[2026-07-29T01:00:11.818+0000] {processor.py:840} INFO - DAG(s) 'process_gold_layer' retrieved from /opt/airflow/dags/gold_processing_dag.py
[2026-07-29T01:00:12.336+0000] {logging_mixin.py:188} INFO - [2026-07-29T01:00:12.333+0000] {dag.py:3096} INFO - Sync 1 DAGs
[2026-07-29T01:00:12.513+0000] {logging_mixin.py:188} INFO - [2026-07-29T01:00:12.512+0000] {dag.py:3954} INFO - Setting next_dagrun for process_gold_layer to None, run_after=None
[2026-07-29T01:00:12.834+0000] {processor.py:183} INFO - Processing /opt/airflow/dags/gold_processing_dag.py took 1.644 seconds
[2026-07-29T01:00:43.572+0000] {processor.py:161} INFO - Started process (PID=17818) to work on /opt/airflow/dags/gold_processing_dag.py
[2026-07-29T01:00:43.584+0000] {processor.py:830} INFO - Processing file /opt/airflow/dags/gold_processing_dag.py for tasks to queue
[2026-07-29T01:00:43.599+0000] {logging_mixin.py:188} INFO - [2026-07-29T01:00:43.594+0000] {dagbag.py:545} INFO - Filling up the DagBag from /opt/airflow/dags/gold_processing_dag.py
[2026-07-29T01:00:43.761+0000] {processor.py:840} INFO - DAG(s) 'process_gold_layer' retrieved from /opt/airflow/dags/gold_processing_dag.py
[2026-07-29T01:00:43.856+0000] {logging_mixin.py:188} INFO - [2026-07-29T01:00:43.855+0000] {dag.py:3096} INFO - Sync 1 DAGs
[2026-07-29T01:00:43.932+0000] {logging_mixin.py:188} INFO - [2026-07-29T01:00:43.931+0000] {dag.py:3954} INFO - Setting next_dagrun for process_gold_layer to None, run_after=None
[2026-07-29T01:00:44.123+0000] {processor.py:183} INFO - Processing /opt/airflow/dags/gold_processing_dag.py took 0.659 seconds
[2026-07-29T01:01:14.607+0000] {processor.py:161} INFO - Started process (PID=17869) to work on /opt/airflow/dags/gold_processing_dag.py
[2026-07-29T01:01:14.614+0000] {processor.py:830} INFO - Processing file /opt/airflow/dags/gold_processing_dag.py for tasks to queue
[2026-07-29T01:01:14.621+0000] {logging_mixin.py:188} INFO - [2026-07-29T01:01:14.618+0000] {dagbag.py:545} INFO - Filling up the DagBag from /opt/airflow/dags/gold_processing_dag.py
[2026-07-29T01:01:14.758+0000] {processor.py:840} INFO - DAG(s) 'process_gold_layer' retrieved from /opt/airflow/dags/gold_processing_dag.py
[2026-07-29T01:01:14.996+0000] {logging_mixin.py:188} INFO - [2026-07-29T01:01:14.995+0000] {dag.py:3096} INFO - Sync 1 DAGs
[2026-07-29T01:01:15.115+0000] {logging_mixin.py:188} INFO - [2026-07-29T01:01:15.114+0000] {dag.py:3954} INFO - Setting next_dagrun for process_gold_layer to None, run_after=None
[2026-07-29T01:01:15.219+0000] {processor.py:183} INFO - Processing /opt/airflow/dags/gold_processing_dag.py took 0.669 seconds
[2026-07-29T01:01:45.882+0000] {processor.py:161} INFO - Started process (PID=18008) to work on /opt/airflow/dags/gold_processing_dag.py
[2026-07-29T01:01:45.889+0000] {processor.py:830} INFO - Processing file /opt/airflow/dags/gold_processing_dag.py for tasks to queue
[2026-07-29T01:01:45.897+0000] {logging_mixin.py:188} INFO - [2026-07-29T01:01:45.895+0000] {dagbag.py:545} INFO - Filling up the DagBag from /opt/airflow/dags/gold_processing_dag.py
[2026-07-29T01:01:45.964+0000] {processor.py:840} INFO - DAG(s) 'process_gold_layer' retrieved from /opt/airflow/dags/gold_processing_dag.py
[2026-07-29T01:01:46.042+0000] {logging_mixin.py:188} INFO - [2026-07-29T01:01:46.041+0000] {dag.py:3096} INFO - Sync 1 DAGs
[2026-07-29T01:01:46.089+0000] {logging_mixin.py:188} INFO - [2026-07-29T01:01:46.089+0000] {dag.py:3954} INFO - Setting next_dagrun for process_gold_layer to None, run_after=None
[2026-07-29T01:01:46.191+0000] {processor.py:183} INFO - Processing /opt/airflow/dags/gold_processing_dag.py took 0.358 seconds
[2026-07-29T01:02:16.469+0000] {processor.py:161} INFO - Started process (PID=18076) to work on /opt/airflow/dags/gold_processing_dag.py
[2026-07-29T01:02:16.475+0000] {processor.py:830} INFO - Processing file /opt/airflow/dags/gold_processing_dag.py for tasks to queue
[2026-07-29T01:02:16.484+0000] {logging_mixin.py:188} INFO - [2026-07-29T01:02:16.483+0000] {dagbag.py:545} INFO - Filling up the DagBag from /opt/airflow/dags/gold_processing_dag.py
[2026-07-29T01:02:16.601+0000] {processor.py:840} INFO - DAG(s) 'process_gold_layer' retrieved from /opt/airflow/dags/gold_processing_dag.py
[2026-07-29T01:02:16.720+0000] {logging_mixin.py:188} INFO - [2026-07-29T01:02:16.720+0000] {dag.py:3096} INFO - Sync 1 DAGs
[2026-07-29T01:02:16.796+0000] {logging_mixin.py:188} INFO - [2026-07-29T01:02:16.795+0000] {dag.py:3954} INFO - Setting next_dagrun for process_gold_layer to None, run_after=None
[2026-07-29T01:02:16.905+0000] {processor.py:183} INFO - Processing /opt/airflow/dags/gold_processing_dag.py took 0.474 seconds
[2026-07-29T01:02:47.359+0000] {processor.py:161} INFO - Started process (PID=18164) to work on /opt/airflow/dags/gold_processing_dag.py
[2026-07-29T01:02:47.391+0000] {processor.py:830} INFO - Processing file /opt/airflow/dags/gold_processing_dag.py for tasks to queue
[2026-07-29T01:02:47.434+0000] {logging_mixin.py:188} INFO - [2026-07-29T01:02:47.432+0000] {dagbag.py:545} INFO - Filling up the DagBag from /opt/airflow/dags/gold_processing_dag.py
[2026-07-29T01:02:47.957+0000] {processor.py:840} INFO - DAG(s) 'process_gold_layer' retrieved from /opt/airflow/dags/gold_processing_dag.py
[2026-07-29T01:02:48.241+0000] {logging_mixin.py:188} INFO - [2026-07-29T01:02:48.240+0000] {dag.py:3096} INFO - Sync 1 DAGs
[2026-07-29T01:02:48.400+0000] {logging_mixin.py:188} INFO - [2026-07-29T01:02:48.400+0000] {dag.py:3954} INFO - Setting next_dagrun for process_gold_layer to None, run_after=None
[2026-07-29T01:02:48.725+0000] {processor.py:183} INFO - Processing /opt/airflow/dags/gold_processing_dag.py took 1.450 seconds
[2026-07-29T01:03:19.710+0000] {processor.py:161} INFO - Started process (PID=18223) to work on /opt/airflow/dags/gold_processing_dag.py
[2026-07-29T01:03:19.715+0000] {processor.py:830} INFO - Processing file /opt/airflow/dags/gold_processing_dag.py for tasks to queue
[2026-07-29T01:03:19.721+0000] {logging_mixin.py:188} INFO - [2026-07-29T01:03:19.719+0000] {dagbag.py:545} INFO - Filling up the DagBag from /opt/airflow/dags/gold_processing_dag.py
[2026-07-29T01:03:19.781+0000] {processor.py:840} INFO - DAG(s) 'process_gold_layer' retrieved from /opt/airflow/dags/gold_processing_dag.py
[2026-07-29T01:03:19.879+0000] {logging_mixin.py:188} INFO - [2026-07-29T01:03:19.879+0000] {dag.py:3096} INFO - Sync 1 DAGs
[2026-07-29T01:03:19.959+0000] {logging_mixin.py:188} INFO - [2026-07-29T01:03:19.958+0000] {dag.py:3954} INFO - Setting next_dagrun for process_gold_layer to None, run_after=None
[2026-07-29T01:03:20.032+0000] {processor.py:183} INFO - Processing /opt/airflow/dags/gold_processing_dag.py took 0.342 seconds
[2026-07-29T01:03:50.827+0000] {processor.py:161} INFO - Started process (PID=18349) to work on /opt/airflow/dags/gold_processing_dag.py
[2026-07-29T01:03:50.837+0000] {processor.py:830} INFO - Processing file /opt/airflow/dags/gold_processing_dag.py for tasks to queue
[2026-07-29T01:03:50.842+0000] {logging_mixin.py:188} INFO - [2026-07-29T01:03:50.841+0000] {dagbag.py:545} INFO - Filling up the DagBag from /opt/airflow/dags/gold_processing_dag.py
[2026-07-29T01:03:50.940+0000] {processor.py:840} INFO - DAG(s) 'process_gold_layer' retrieved from /opt/airflow/dags/gold_processing_dag.py
[2026-07-29T01:03:51.068+0000] {logging_mixin.py:188} INFO - [2026-07-29T01:03:51.067+0000] {dag.py:3096} INFO - Sync 1 DAGs
[2026-07-29T01:03:51.142+0000] {logging_mixin.py:188} INFO - [2026-07-29T01:03:51.141+0000] {dag.py:3954} INFO - Setting next_dagrun for process_gold_layer to None, run_after=None
[2026-07-29T01:03:51.327+0000] {processor.py:183} INFO - Processing /opt/airflow/dags/gold_processing_dag.py took 0.535 seconds
[2026-07-29T01:04:22.523+0000] {processor.py:161} INFO - Started process (PID=18968) to work on /opt/airflow/dags/gold_processing_dag.py
[2026-07-29T01:04:22.541+0000] {processor.py:830} INFO - Processing file /opt/airflow/dags/gold_processing_dag.py for tasks to queue
[2026-07-29T01:04:22.556+0000] {logging_mixin.py:188} INFO - [2026-07-29T01:04:22.552+0000] {dagbag.py:545} INFO - Filling up the DagBag from /opt/airflow/dags/gold_processing_dag.py
[2026-07-29T01:04:22.684+0000] {processor.py:840} INFO - DAG(s) 'process_gold_layer' retrieved from /opt/airflow/dags/gold_processing_dag.py
[2026-07-29T01:04:23.045+0000] {logging_mixin.py:188} INFO - [2026-07-29T01:04:23.044+0000] {dag.py:3096} INFO - Sync 1 DAGs
[2026-07-29T01:04:23.210+0000] {logging_mixin.py:188} INFO - [2026-07-29T01:04:23.209+0000] {dag.py:3954} INFO - Setting next_dagrun for process_gold_layer to None, run_after=None
[2026-07-29T01:04:23.404+0000] {processor.py:183} INFO - Processing /opt/airflow/dags/gold_processing_dag.py took 0.965 seconds
[2026-07-29T01:04:54.594+0000] {processor.py:161} INFO - Started process (PID=19032) to work on /opt/airflow/dags/gold_processing_dag.py
[2026-07-29T01:04:54.632+0000] {processor.py:830} INFO - Processing file /opt/airflow/dags/gold_processing_dag.py for tasks to queue
[2026-07-29T01:04:54.641+0000] {logging_mixin.py:188} INFO - [2026-07-29T01:04:54.640+0000] {dagbag.py:545} INFO - Filling up the DagBag from /opt/airflow/dags/gold_processing_dag.py
[2026-07-29T01:04:54.785+0000] {processor.py:840} INFO - DAG(s) 'process_gold_layer' retrieved from /opt/airflow/dags/gold_processing_dag.py
[2026-07-29T01:04:54.920+0000] {logging_mixin.py:188} INFO - [2026-07-29T01:04:54.918+0000] {dag.py:3096} INFO - Sync 1 DAGs
[2026-07-29T01:04:54.965+0000] {logging_mixin.py:188} INFO - [2026-07-29T01:04:54.965+0000] {dag.py:3954} INFO - Setting next_dagrun for process_gold_layer to None, run_after=None
[2026-07-29T01:04:55.036+0000] {processor.py:183} INFO - Processing /opt/airflow/dags/gold_processing_dag.py took 0.622 seconds
[2026-07-29T01:05:33.025+0000] {processor.py:161} INFO - Started process (PID=19131) to work on /opt/airflow/dags/gold_processing_dag.py
[2026-07-29T01:05:33.030+0000] {processor.py:830} INFO - Processing file /opt/airflow/dags/gold_processing_dag.py for tasks to queue
[2026-07-29T01:05:33.049+0000] {logging_mixin.py:188} INFO - [2026-07-29T01:05:33.048+0000] {dagbag.py:545} INFO - Filling up the DagBag from /opt/airflow/dags/gold_processing_dag.py
[2026-07-29T01:05:33.165+0000] {processor.py:840} INFO - DAG(s) 'process_gold_layer' retrieved from /opt/airflow/dags/gold_processing_dag.py
[2026-07-29T01:05:33.312+0000] {logging_mixin.py:188} INFO - [2026-07-29T01:05:33.311+0000] {dag.py:3096} INFO - Sync 1 DAGs
[2026-07-29T01:05:33.385+0000] {logging_mixin.py:188} INFO - [2026-07-29T01:05:33.385+0000] {dag.py:3954} INFO - Setting next_dagrun for process_gold_layer to None, run_after=None
[2026-07-29T01:05:33.483+0000] {processor.py:183} INFO - Processing /opt/airflow/dags/gold_processing_dag.py took 0.497 seconds
[2026-07-29T01:06:04.034+0000] {processor.py:161} INFO - Started process (PID=19207) to work on /opt/airflow/dags/gold_processing_dag.py
[2026-07-29T01:06:04.036+0000] {processor.py:830} INFO - Processing file /opt/airflow/dags/gold_processing_dag.py for tasks to queue
[2026-07-29T01:06:04.042+0000] {logging_mixin.py:188} INFO - [2026-07-29T01:06:04.039+0000] {dagbag.py:545} INFO - Filling up the DagBag from /opt/airflow/dags/gold_processing_dag.py
[2026-07-29T01:06:04.091+0000] {processor.py:840} INFO - DAG(s) 'process_gold_layer' retrieved from /opt/airflow/dags/gold_processing_dag.py
[2026-07-29T01:06:04.157+0000] {logging_mixin.py:188} INFO - [2026-07-29T01:06:04.157+0000] {dag.py:3096} INFO - Sync 1 DAGs
[2026-07-29T01:06:04.199+0000] {logging_mixin.py:188} INFO - [2026-07-29T01:06:04.199+0000] {dag.py:3954} INFO - Setting next_dagrun for process_gold_layer to None, run_after=None
[2026-07-29T01:06:04.260+0000] {processor.py:183} INFO - Processing /opt/airflow/dags/gold_processing_dag.py took 0.255 seconds
[2026-07-29T01:06:34.988+0000] {processor.py:161} INFO - Started process (PID=19269) to work on /opt/airflow/dags/gold_processing_dag.py
[2026-07-29T01:06:34.996+0000] {processor.py:830} INFO - Processing file /opt/airflow/dags/gold_processing_dag.py for tasks to queue
[2026-07-29T01:06:35.002+0000] {logging_mixin.py:188} INFO - [2026-07-29T01:06:35.000+0000] {dagbag.py:545} INFO - Filling up the DagBag from /opt/airflow/dags/gold_processing_dag.py
[2026-07-29T01:06:35.096+0000] {processor.py:840} INFO - DAG(s) 'process_gold_layer' retrieved from /opt/airflow/dags/gold_processing_dag.py
[2026-07-29T01:06:35.224+0000] {logging_mixin.py:188} INFO - [2026-07-29T01:06:35.224+0000] {dag.py:3096} INFO - Sync 1 DAGs
[2026-07-29T01:06:35.273+0000] {logging_mixin.py:188} INFO - [2026-07-29T01:06:35.272+0000] {dag.py:3954} INFO - Setting next_dagrun for process_gold_layer to None, run_after=None
[2026-07-29T01:06:35.340+0000] {processor.py:183} INFO - Processing /opt/airflow/dags/gold_processing_dag.py took 0.407 seconds
[2026-07-29T01:07:05.718+0000] {processor.py:161} INFO - Started process (PID=19284) to work on /opt/airflow/dags/gold_processing_dag.py
[2026-07-29T01:07:05.720+0000] {processor.py:830} INFO - Processing file /opt/airflow/dags/gold_processing_dag.py for tasks to queue
[2026-07-29T01:07:05.723+0000] {logging_mixin.py:188} INFO - [2026-07-29T01:07:05.723+0000] {dagbag.py:545} INFO - Filling up the DagBag from /opt/airflow/dags/gold_processing_dag.py
[2026-07-29T01:07:05.774+0000] {processor.py:840} INFO - DAG(s) 'process_gold_layer' retrieved from /opt/airflow/dags/gold_processing_dag.py
[2026-07-29T01:07:05.834+0000] {logging_mixin.py:188} INFO - [2026-07-29T01:07:05.833+0000] {dag.py:3096} INFO - Sync 1 DAGs
[2026-07-29T01:07:05.868+0000] {logging_mixin.py:188} INFO - [2026-07-29T01:07:05.867+0000] {dag.py:3954} INFO - Setting next_dagrun for process_gold_layer to None, run_after=None
[2026-07-29T01:07:05.914+0000] {processor.py:183} INFO - Processing /opt/airflow/dags/gold_processing_dag.py took 0.216 seconds
[2026-07-29T01:07:36.231+0000] {processor.py:161} INFO - Started process (PID=19299) to work on /opt/airflow/dags/gold_processing_dag.py
[2026-07-29T01:07:36.236+0000] {processor.py:830} INFO - Processing file /opt/airflow/dags/gold_processing_dag.py for tasks to queue
[2026-07-29T01:07:36.242+0000] {logging_mixin.py:188} INFO - [2026-07-29T01:07:36.240+0000] {dagbag.py:545} INFO - Filling up the DagBag from /opt/airflow/dags/gold_processing_dag.py
[2026-07-29T01:07:36.311+0000] {processor.py:840} INFO - DAG(s) 'process_gold_layer' retrieved from /opt/airflow/dags/gold_processing_dag.py
[2026-07-29T01:07:36.416+0000] {logging_mixin.py:188} INFO - [2026-07-29T01:07:36.415+0000] {dag.py:3096} INFO - Sync 1 DAGs
[2026-07-29T01:07:36.484+0000] {logging_mixin.py:188} INFO - [2026-07-29T01:07:36.484+0000] {dag.py:3954} INFO - Setting next_dagrun for process_gold_layer to None, run_after=None
[2026-07-29T01:07:36.604+0000] {processor.py:183} INFO - Processing /opt/airflow/dags/gold_processing_dag.py took 0.400 seconds
[2026-07-29T01:08:07.131+0000] {processor.py:161} INFO - Started process (PID=19314) to work on /opt/airflow/dags/gold_processing_dag.py
[2026-07-29T01:08:07.134+0000] {processor.py:830} INFO - Processing file /opt/airflow/dags/gold_processing_dag.py for tasks to queue
[2026-07-29T01:08:07.137+0000] {logging_mixin.py:188} INFO - [2026-07-29T01:08:07.136+0000] {dagbag.py:545} INFO - Filling up the DagBag from /opt/airflow/dags/gold_processing_dag.py
[2026-07-29T01:08:07.217+0000] {processor.py:840} INFO - DAG(s) 'process_gold_layer' retrieved from /opt/airflow/dags/gold_processing_dag.py
[2026-07-29T01:08:07.272+0000] {logging_mixin.py:188} INFO - [2026-07-29T01:08:07.272+0000] {dag.py:3096} INFO - Sync 1 DAGs
[2026-07-29T01:08:07.303+0000] {logging_mixin.py:188} INFO - [2026-07-29T01:08:07.303+0000] {dag.py:3954} INFO - Setting next_dagrun for process_gold_layer to None, run_after=None
[2026-07-29T01:08:07.350+0000] {processor.py:183} INFO - Processing /opt/airflow/dags/gold_processing_dag.py took 0.238 seconds
[2026-07-29T01:08:37.875+0000] {processor.py:161} INFO - Started process (PID=19329) to work on /opt/airflow/dags/gold_processing_dag.py
[2026-07-29T01:08:37.878+0000] {processor.py:830} INFO - Processing file /opt/airflow/dags/gold_processing_dag.py for tasks to queue
[2026-07-29T01:08:37.883+0000] {logging_mixin.py:188} INFO - [2026-07-29T01:08:37.882+0000] {dagbag.py:545} INFO - Filling up the DagBag from /opt/airflow/dags/gold_processing_dag.py
[2026-07-29T01:08:37.935+0000] {processor.py:840} INFO - DAG(s) 'process_gold_layer' retrieved from /opt/airflow/dags/gold_processing_dag.py
[2026-07-29T01:08:38.010+0000] {logging_mixin.py:188} INFO - [2026-07-29T01:08:38.009+0000] {dag.py:3096} INFO - Sync 1 DAGs
[2026-07-29T01:08:38.052+0000] {logging_mixin.py:188} INFO - [2026-07-29T01:08:38.051+0000] {dag.py:3954} INFO - Setting next_dagrun for process_gold_layer to None, run_after=None
[2026-07-29T01:08:38.116+0000] {processor.py:183} INFO - Processing /opt/airflow/dags/gold_processing_dag.py took 0.266 seconds
[2026-07-29T01:09:08.677+0000] {processor.py:161} INFO - Started process (PID=19344) to work on /opt/airflow/dags/gold_processing_dag.py
[2026-07-29T01:09:08.681+0000] {processor.py:830} INFO - Processing file /opt/airflow/dags/gold_processing_dag.py for tasks to queue
[2026-07-29T01:09:08.685+0000] {logging_mixin.py:188} INFO - [2026-07-29T01:09:08.684+0000] {dagbag.py:545} INFO - Filling up the DagBag from /opt/airflow/dags/gold_processing_dag.py
[2026-07-29T01:09:08.728+0000] {processor.py:840} INFO - DAG(s) 'process_gold_layer' retrieved from /opt/airflow/dags/gold_processing_dag.py
[2026-07-29T01:09:08.792+0000] {logging_mixin.py:188} INFO - [2026-07-29T01:09:08.790+0000] {dag.py:3096} INFO - Sync 1 DAGs
[2026-07-29T01:09:08.832+0000] {logging_mixin.py:188} INFO - [2026-07-29T01:09:08.832+0000] {dag.py:3954} INFO - Setting next_dagrun for process_gold_layer to None, run_after=None
[2026-07-29T01:09:08.883+0000] {processor.py:183} INFO - Processing /opt/airflow/dags/gold_processing_dag.py took 0.242 seconds
[2026-07-29T01:09:39.055+0000] {processor.py:161} INFO - Started process (PID=19359) to work on /opt/airflow/dags/gold_processing_dag.py
[2026-07-29T01:09:39.058+0000] {processor.py:830} INFO - Processing file /opt/airflow/dags/gold_processing_dag.py for tasks to queue
[2026-07-29T01:09:39.062+0000] {logging_mixin.py:188} INFO - [2026-07-29T01:09:39.061+0000] {dagbag.py:545} INFO - Filling up the DagBag from /opt/airflow/dags/gold_processing_dag.py
[2026-07-29T01:09:39.105+0000] {processor.py:840} INFO - DAG(s) 'process_gold_layer' retrieved from /opt/airflow/dags/gold_processing_dag.py
[2026-07-29T01:09:39.179+0000] {logging_mixin.py:188} INFO - [2026-07-29T01:09:39.179+0000] {dag.py:3096} INFO - Sync 1 DAGs
[2026-07-29T01:09:39.229+0000] {logging_mixin.py:188} INFO - [2026-07-29T01:09:39.228+0000] {dag.py:3954} INFO - Setting next_dagrun for process_gold_layer to None, run_after=None
[2026-07-29T01:09:39.299+0000] {processor.py:183} INFO - Processing /opt/airflow/dags/gold_processing_dag.py took 0.262 seconds
[2026-07-29T01:10:12.350+0000] {processor.py:161} INFO - Started process (PID=19374) to work on /opt/airflow/dags/gold_processing_dag.py
[2026-07-29T01:10:12.353+0000] {processor.py:830} INFO - Processing file /opt/airflow/dags/gold_processing_dag.py for tasks to queue
[2026-07-29T01:10:12.358+0000] {logging_mixin.py:188} INFO - [2026-07-29T01:10:12.357+0000] {dagbag.py:545} INFO - Filling up the DagBag from /opt/airflow/dags/gold_processing_dag.py
[2026-07-29T01:10:12.420+0000] {processor.py:840} INFO - DAG(s) 'process_gold_layer' retrieved from /opt/airflow/dags/gold_processing_dag.py
[2026-07-29T01:10:12.486+0000] {logging_mixin.py:188} INFO - [2026-07-29T01:10:12.486+0000] {dag.py:3096} INFO - Sync 1 DAGs
[2026-07-29T01:10:12.529+0000] {logging_mixin.py:188} INFO - [2026-07-29T01:10:12.529+0000] {dag.py:3954} INFO - Setting next_dagrun for process_gold_layer to None, run_after=None
[2026-07-29T01:10:12.578+0000] {processor.py:183} INFO - Processing /opt/airflow/dags/gold_processing_dag.py took 0.246 seconds
[2026-07-29T01:10:42.998+0000] {processor.py:161} INFO - Started process (PID=19389) to work on /opt/airflow/dags/gold_processing_dag.py
[2026-07-29T01:10:43.001+0000] {processor.py:830} INFO - Processing file /opt/airflow/dags/gold_processing_dag.py for tasks to queue
[2026-07-29T01:10:43.005+0000] {logging_mixin.py:188} INFO - [2026-07-29T01:10:43.004+0000] {dagbag.py:545} INFO - Filling up the DagBag from /opt/airflow/dags/gold_processing_dag.py
[2026-07-29T01:10:43.053+0000] {processor.py:840} INFO - DAG(s) 'process_gold_layer' retrieved from /opt/airflow/dags/gold_processing_dag.py
[2026-07-29T01:10:43.102+0000] {logging_mixin.py:188} INFO - [2026-07-29T01:10:43.101+0000] {dag.py:3096} INFO - Sync 1 DAGs
[2026-07-29T01:10:43.139+0000] {logging_mixin.py:188} INFO - [2026-07-29T01:10:43.138+0000] {dag.py:3954} INFO - Setting next_dagrun for process_gold_layer to None, run_after=None
[2026-07-29T01:10:43.208+0000] {processor.py:183} INFO - Processing /opt/airflow/dags/gold_processing_dag.py took 0.228 seconds
[2026-07-29T01:11:13.644+0000] {processor.py:161} INFO - Started process (PID=19404) to work on /opt/airflow/dags/gold_processing_dag.py
[2026-07-29T01:11:13.646+0000] {processor.py:830} INFO - Processing file /opt/airflow/dags/gold_processing_dag.py for tasks to queue
[2026-07-29T01:11:13.652+0000] {logging_mixin.py:188} INFO - [2026-07-29T01:11:13.651+0000] {dagbag.py:545} INFO - Filling up the DagBag from /opt/airflow/dags/gold_processing_dag.py
[2026-07-29T01:11:13.697+0000] {processor.py:840} INFO - DAG(s) 'process_gold_layer' retrieved from /opt/airflow/dags/gold_processing_dag.py
[2026-07-29T01:11:13.749+0000] {logging_mixin.py:188} INFO - [2026-07-29T01:11:13.748+0000] {dag.py:3096} INFO - Sync 1 DAGs
[2026-07-29T01:11:13.787+0000] {logging_mixin.py:188} INFO - [2026-07-29T01:11:13.786+0000] {dag.py:3954} INFO - Setting next_dagrun for process_gold_layer to None, run_after=None
[2026-07-29T01:11:13.842+0000] {processor.py:183} INFO - Processing /opt/airflow/dags/gold_processing_dag.py took 0.224 seconds
[2026-07-29T01:11:44.133+0000] {processor.py:161} INFO - Started process (PID=19419) to work on /opt/airflow/dags/gold_processing_dag.py
[2026-07-29T01:11:44.136+0000] {processor.py:830} INFO - Processing file /opt/airflow/dags/gold_processing_dag.py for tasks to queue
[2026-07-29T01:11:44.139+0000] {logging_mixin.py:188} INFO - [2026-07-29T01:11:44.138+0000] {dagbag.py:545} INFO - Filling up the DagBag from /opt/airflow/dags/gold_processing_dag.py
[2026-07-29T01:11:44.186+0000] {processor.py:840} INFO - DAG(s) 'process_gold_layer' retrieved from /opt/airflow/dags/gold_processing_dag.py
[2026-07-29T01:11:44.244+0000] {logging_mixin.py:188} INFO - [2026-07-29T01:11:44.243+0000] {dag.py:3096} INFO - Sync 1 DAGs
[2026-07-29T01:11:44.272+0000] {logging_mixin.py:188} INFO - [2026-07-29T01:11:44.272+0000] {dag.py:3954} INFO - Setting next_dagrun for process_gold_layer to None, run_after=None
[2026-07-29T01:11:44.323+0000] {processor.py:183} INFO - Processing /opt/airflow/dags/gold_processing_dag.py took 0.209 seconds
[2026-07-29T01:12:14.590+0000] {processor.py:161} INFO - Started process (PID=19434) to work on /opt/airflow/dags/gold_processing_dag.py
[2026-07-29T01:12:14.593+0000] {processor.py:830} INFO - Processing file /opt/airflow/dags/gold_processing_dag.py for tasks to queue
[2026-07-29T01:12:14.597+0000] {logging_mixin.py:188} INFO - [2026-07-29T01:12:14.596+0000] {dagbag.py:545} INFO - Filling up the DagBag from /opt/airflow/dags/gold_processing_dag.py
[2026-07-29T01:12:14.646+0000] {processor.py:840} INFO - DAG(s) 'process_gold_layer' retrieved from /opt/airflow/dags/gold_processing_dag.py
[2026-07-29T01:12:14.725+0000] {logging_mixin.py:188} INFO - [2026-07-29T01:12:14.724+0000] {dag.py:3096} INFO - Sync 1 DAGs
[2026-07-29T01:12:14.761+0000] {logging_mixin.py:188} INFO - [2026-07-29T01:12:14.761+0000] {dag.py:3954} INFO - Setting next_dagrun for process_gold_layer to None, run_after=None
[2026-07-29T01:12:14.811+0000] {processor.py:183} INFO - Processing /opt/airflow/dags/gold_processing_dag.py took 0.246 seconds
[2026-07-29T01:12:45.421+0000] {processor.py:161} INFO - Started process (PID=19449) to work on /opt/airflow/dags/gold_processing_dag.py
[2026-07-29T01:12:45.425+0000] {processor.py:830} INFO - Processing file /opt/airflow/dags/gold_processing_dag.py for tasks to queue
[2026-07-29T01:12:45.432+0000] {logging_mixin.py:188} INFO - [2026-07-29T01:12:45.430+0000] {dagbag.py:545} INFO - Filling up the DagBag from /opt/airflow/dags/gold_processing_dag.py
[2026-07-29T01:12:45.505+0000] {processor.py:840} INFO - DAG(s) 'process_gold_layer' retrieved from /opt/airflow/dags/gold_processing_dag.py
[2026-07-29T01:12:45.579+0000] {logging_mixin.py:188} INFO - [2026-07-29T01:12:45.577+0000] {dag.py:3096} INFO - Sync 1 DAGs
[2026-07-29T01:12:45.632+0000] {logging_mixin.py:188} INFO - [2026-07-29T01:12:45.631+0000] {dag.py:3954} INFO - Setting next_dagrun for process_gold_layer to None, run_after=None
[2026-07-29T01:12:45.767+0000] {processor.py:183} INFO - Processing /opt/airflow/dags/gold_processing_dag.py took 0.379 seconds
[2026-07-29T01:13:16.408+0000] {processor.py:161} INFO - Started process (PID=19464) to work on /opt/airflow/dags/gold_processing_dag.py
[2026-07-29T01:13:16.411+0000] {processor.py:830} INFO - Processing file /opt/airflow/dags/gold_processing_dag.py for tasks to queue
[2026-07-29T01:13:16.415+0000] {logging_mixin.py:188} INFO - [2026-07-29T01:13:16.414+0000] {dagbag.py:545} INFO - Filling up the DagBag from /opt/airflow/dags/gold_processing_dag.py
[2026-07-29T01:13:16.473+0000] {processor.py:840} INFO - DAG(s) 'process_gold_layer' retrieved from /opt/airflow/dags/gold_processing_dag.py
[2026-07-29T01:13:16.536+0000] {logging_mixin.py:188} INFO - [2026-07-29T01:13:16.535+0000] {dag.py:3096} INFO - Sync 1 DAGs
[2026-07-29T01:13:16.580+0000] {logging_mixin.py:188} INFO - [2026-07-29T01:13:16.580+0000] {dag.py:3954} INFO - Setting next_dagrun for process_gold_layer to None, run_after=None
[2026-07-29T01:13:16.751+0000] {processor.py:183} INFO - Processing /opt/airflow/dags/gold_processing_dag.py took 0.361 seconds
[2026-07-29T01:13:47.082+0000] {processor.py:161} INFO - Started process (PID=19479) to work on /opt/airflow/dags/gold_processing_dag.py
[2026-07-29T01:13:47.084+0000] {processor.py:830} INFO - Processing file /opt/airflow/dags/gold_processing_dag.py for tasks to queue
[2026-07-29T01:13:47.087+0000] {logging_mixin.py:188} INFO - [2026-07-29T01:13:47.087+0000] {dagbag.py:545} INFO - Filling up the DagBag from /opt/airflow/dags/gold_processing_dag.py
[2026-07-29T01:13:47.130+0000] {processor.py:840} INFO - DAG(s) 'process_gold_layer' retrieved from /opt/airflow/dags/gold_processing_dag.py
[2026-07-29T01:13:47.199+0000] {logging_mixin.py:188} INFO - [2026-07-29T01:13:47.198+0000] {dag.py:3096} INFO - Sync 1 DAGs
[2026-07-29T01:13:47.260+0000] {logging_mixin.py:188} INFO - [2026-07-29T01:13:47.259+0000] {dag.py:3954} INFO - Setting next_dagrun for process_gold_layer to None, run_after=None
[2026-07-29T01:13:47.331+0000] {processor.py:183} INFO - Processing /opt/airflow/dags/gold_processing_dag.py took 0.266 seconds
[2026-07-29T01:14:17.522+0000] {processor.py:161} INFO - Started process (PID=19494) to work on /opt/airflow/dags/gold_processing_dag.py
[2026-07-29T01:14:17.526+0000] {processor.py:830} INFO - Processing file /opt/airflow/dags/gold_processing_dag.py for tasks to queue
[2026-07-29T01:14:17.530+0000] {logging_mixin.py:188} INFO - [2026-07-29T01:14:17.529+0000] {dagbag.py:545} INFO - Filling up the DagBag from /opt/airflow/dags/gold_processing_dag.py
[2026-07-29T01:14:17.577+0000] {processor.py:840} INFO - DAG(s) 'process_gold_layer' retrieved from /opt/airflow/dags/gold_processing_dag.py
[2026-07-29T01:14:17.635+0000] {logging_mixin.py:188} INFO - [2026-07-29T01:14:17.635+0000] {dag.py:3096} INFO - Sync 1 DAGs
[2026-07-29T01:14:17.673+0000] {logging_mixin.py:188} INFO - [2026-07-29T01:14:17.672+0000] {dag.py:3954} INFO - Setting next_dagrun for process_gold_layer to None, run_after=None
[2026-07-29T01:14:17.762+0000] {processor.py:183} INFO - Processing /opt/airflow/dags/gold_processing_dag.py took 0.258 seconds
[2026-07-29T01:14:48.376+0000] {processor.py:161} INFO - Started process (PID=19509) to work on /opt/airflow/dags/gold_processing_dag.py
[2026-07-29T01:14:48.380+0000] {processor.py:830} INFO - Processing file /opt/airflow/dags/gold_processing_dag.py for tasks to queue
[2026-07-29T01:14:48.384+0000] {logging_mixin.py:188} INFO - [2026-07-29T01:14:48.383+0000] {dagbag.py:545} INFO - Filling up the DagBag from /opt/airflow/dags/gold_processing_dag.py
[2026-07-29T01:14:48.466+0000] {processor.py:840} INFO - DAG(s) 'process_gold_layer' retrieved from /opt/airflow/dags/gold_processing_dag.py
[2026-07-29T01:14:48.544+0000] {logging_mixin.py:188} INFO - [2026-07-29T01:14:48.543+0000] {dag.py:3096} INFO - Sync 1 DAGs
[2026-07-29T01:14:48.601+0000] {logging_mixin.py:188} INFO - [2026-07-29T01:14:48.600+0000] {dag.py:3954} INFO - Setting next_dagrun for process_gold_layer to None, run_after=None
[2026-07-29T01:14:48.686+0000] {processor.py:183} INFO - Processing /opt/airflow/dags/gold_processing_dag.py took 0.329 seconds
[2026-07-29T01:15:19.021+0000] {processor.py:161} INFO - Started process (PID=19524) to work on /opt/airflow/dags/gold_processing_dag.py
[2026-07-29T01:15:19.024+0000] {processor.py:830} INFO - Processing file /opt/airflow/dags/gold_processing_dag.py for tasks to queue
[2026-07-29T01:15:19.028+0000] {logging_mixin.py:188} INFO - [2026-07-29T01:15:19.027+0000] {dagbag.py:545} INFO - Filling up the DagBag from /opt/airflow/dags/gold_processing_dag.py
[2026-07-29T01:15:19.076+0000] {processor.py:840} INFO - DAG(s) 'process_gold_layer' retrieved from /opt/airflow/dags/gold_processing_dag.py
[2026-07-29T01:15:19.131+0000] {logging_mixin.py:188} INFO - [2026-07-29T01:15:19.130+0000] {dag.py:3096} INFO - Sync 1 DAGs
[2026-07-29T01:15:19.168+0000] {logging_mixin.py:188} INFO - [2026-07-29T01:15:19.167+0000] {dag.py:3954} INFO - Setting next_dagrun for process_gold_layer to None, run_after=None
[2026-07-29T01:15:19.218+0000] {processor.py:183} INFO - Processing /opt/airflow/dags/gold_processing_dag.py took 0.217 seconds
[2026-07-29T01:15:49.352+0000] {processor.py:161} INFO - Started process (PID=19539) to work on /opt/airflow/dags/gold_processing_dag.py
[2026-07-29T01:15:49.355+0000] {processor.py:830} INFO - Processing file /opt/airflow/dags/gold_processing_dag.py for tasks to queue
[2026-07-29T01:15:49.358+0000] {logging_mixin.py:188} INFO - [2026-07-29T01:15:49.357+0000] {dagbag.py:545} INFO - Filling up the DagBag from /opt/airflow/dags/gold_processing_dag.py
[2026-07-29T01:15:49.397+0000] {processor.py:840} INFO - DAG(s) 'process_gold_layer' retrieved from /opt/airflow/dags/gold_processing_dag.py
[2026-07-29T01:15:49.451+0000] {logging_mixin.py:188} INFO - [2026-07-29T01:15:49.450+0000] {dag.py:3096} INFO - Sync 1 DAGs
[2026-07-29T01:15:49.482+0000] {logging_mixin.py:188} INFO - [2026-07-29T01:15:49.482+0000] {dag.py:3954} INFO - Setting next_dagrun for process_gold_layer to None, run_after=None
[2026-07-29T01:15:49.533+0000] {processor.py:183} INFO - Processing /opt/airflow/dags/gold_processing_dag.py took 0.197 seconds
[2026-07-29T01:16:19.710+0000] {processor.py:161} INFO - Started process (PID=19554) to work on /opt/airflow/dags/gold_processing_dag.py
[2026-07-29T01:16:19.713+0000] {processor.py:830} INFO - Processing file /opt/airflow/dags/gold_processing_dag.py for tasks to queue
[2026-07-29T01:16:19.717+0000] {logging_mixin.py:188} INFO - [2026-07-29T01:16:19.716+0000] {dagbag.py:545} INFO - Filling up the DagBag from /opt/airflow/dags/gold_processing_dag.py
[2026-07-29T01:16:19.774+0000] {processor.py:840} INFO - DAG(s) 'process_gold_layer' retrieved from /opt/airflow/dags/gold_processing_dag.py
[2026-07-29T01:16:19.856+0000] {logging_mixin.py:188} INFO - [2026-07-29T01:16:19.856+0000] {dag.py:3096} INFO - Sync 1 DAGs
[2026-07-29T01:16:19.908+0000] {logging_mixin.py:188} INFO - [2026-07-29T01:16:19.908+0000] {dag.py:3954} INFO - Setting next_dagrun for process_gold_layer to None, run_after=None
[2026-07-29T01:16:19.964+0000] {processor.py:183} INFO - Processing /opt/airflow/dags/gold_processing_dag.py took 0.271 seconds
[2026-07-29T01:16:50.513+0000] {processor.py:161} INFO - Started process (PID=19569) to work on /opt/airflow/dags/gold_processing_dag.py
[2026-07-29T01:16:50.516+0000] {processor.py:830} INFO - Processing file /opt/airflow/dags/gold_processing_dag.py for tasks to queue
[2026-07-29T01:16:50.520+0000] {logging_mixin.py:188} INFO - [2026-07-29T01:16:50.519+0000] {dagbag.py:545} INFO - Filling up the DagBag from /opt/airflow/dags/gold_processing_dag.py
[2026-07-29T01:16:50.572+0000] {processor.py:840} INFO - DAG(s) 'process_gold_layer' retrieved from /opt/airflow/dags/gold_processing_dag.py
[2026-07-29T01:16:50.631+0000] {logging_mixin.py:188} INFO - [2026-07-29T01:16:50.630+0000] {dag.py:3096} INFO - Sync 1 DAGs
[2026-07-29T01:16:50.669+0000] {logging_mixin.py:188} INFO - [2026-07-29T01:16:50.669+0000] {dag.py:3954} INFO - Setting next_dagrun for process_gold_layer to None, run_after=None
[2026-07-29T01:16:50.718+0000] {processor.py:183} INFO - Processing /opt/airflow/dags/gold_processing_dag.py took 0.224 seconds
[2026-07-29T01:17:21.083+0000] {processor.py:161} INFO - Started process (PID=19584) to work on /opt/airflow/dags/gold_processing_dag.py
[2026-07-29T01:17:21.085+0000] {processor.py:830} INFO - Processing file /opt/airflow/dags/gold_processing_dag.py for tasks to queue
[2026-07-29T01:17:21.090+0000] {logging_mixin.py:188} INFO - [2026-07-29T01:17:21.089+0000] {dagbag.py:545} INFO - Filling up the DagBag from /opt/airflow/dags/gold_processing_dag.py
[2026-07-29T01:17:21.143+0000] {processor.py:840} INFO - DAG(s) 'process_gold_layer' retrieved from /opt/airflow/dags/gold_processing_dag.py
[2026-07-29T01:17:21.207+0000] {logging_mixin.py:188} INFO - [2026-07-29T01:17:21.207+0000] {dag.py:3096} INFO - Sync 1 DAGs
[2026-07-29T01:17:21.244+0000] {logging_mixin.py:188} INFO - [2026-07-29T01:17:21.243+0000] {dag.py:3954} INFO - Setting next_dagrun for process_gold_layer to None, run_after=None
[2026-07-29T01:17:21.293+0000] {processor.py:183} INFO - Processing /opt/airflow/dags/gold_processing_dag.py took 0.228 seconds
[2026-07-29T01:17:51.432+0000] {processor.py:161} INFO - Started process (PID=19599) to work on /opt/airflow/dags/gold_processing_dag.py
[2026-07-29T01:17:51.435+0000] {processor.py:830} INFO - Processing file /opt/airflow/dags/gold_processing_dag.py for tasks to queue
[2026-07-29T01:17:51.441+0000] {logging_mixin.py:188} INFO - [2026-07-29T01:17:51.440+0000] {dagbag.py:545} INFO - Filling up the DagBag from /opt/airflow/dags/gold_processing_dag.py
[2026-07-29T01:17:51.489+0000] {processor.py:840} INFO - DAG(s) 'process_gold_layer' retrieved from /opt/airflow/dags/gold_processing_dag.py
[2026-07-29T01:17:51.546+0000] {logging_mixin.py:188} INFO - [2026-07-29T01:17:51.546+0000] {dag.py:3096} INFO - Sync 1 DAGs
[2026-07-29T01:17:51.578+0000] {logging_mixin.py:188} INFO - [2026-07-29T01:17:51.578+0000] {dag.py:3954} INFO - Setting next_dagrun for process_gold_layer to None, run_after=None
[2026-07-29T01:17:51.626+0000] {processor.py:183} INFO - Processing /opt/airflow/dags/gold_processing_dag.py took 0.213 seconds
[2026-07-29T01:18:21.966+0000] {processor.py:161} INFO - Started process (PID=19614) to work on /opt/airflow/dags/gold_processing_dag.py
[2026-07-29T01:18:21.969+0000] {processor.py:830} INFO - Processing file /opt/airflow/dags/gold_processing_dag.py for tasks to queue
[2026-07-29T01:18:21.972+0000] {logging_mixin.py:188} INFO - [2026-07-29T01:18:21.971+0000] {dagbag.py:545} INFO - Filling up the DagBag from /opt/airflow/dags/gold_processing_dag.py
[2026-07-29T01:18:22.027+0000] {processor.py:840} INFO - DAG(s) 'process_gold_layer' retrieved from /opt/airflow/dags/gold_processing_dag.py
[2026-07-29T01:18:22.092+0000] {logging_mixin.py:188} INFO - [2026-07-29T01:18:22.091+0000] {dag.py:3096} INFO - Sync 1 DAGs
[2026-07-29T01:18:22.123+0000] {logging_mixin.py:188} INFO - [2026-07-29T01:18:22.123+0000] {dag.py:3954} INFO - Setting next_dagrun for process_gold_layer to None, run_after=None
[2026-07-29T01:18:22.168+0000] {processor.py:183} INFO - Processing /opt/airflow/dags/gold_processing_dag.py took 0.218 seconds
[2026-07-29T01:18:52.641+0000] {processor.py:161} INFO - Started process (PID=19629) to work on /opt/airflow/dags/gold_processing_dag.py
[2026-07-29T01:18:52.646+0000] {processor.py:830} INFO - Processing file /opt/airflow/dags/gold_processing_dag.py for tasks to queue
[2026-07-29T01:18:52.653+0000] {logging_mixin.py:188} INFO - [2026-07-29T01:18:52.652+0000] {dagbag.py:545} INFO - Filling up the DagBag from /opt/airflow/dags/gold_processing_dag.py
[2026-07-29T01:18:52.698+0000] {processor.py:840} INFO - DAG(s) 'process_gold_layer' retrieved from /opt/airflow/dags/gold_processing_dag.py
[2026-07-29T01:18:52.783+0000] {logging_mixin.py:188} INFO - [2026-07-29T01:18:52.783+0000] {dag.py:3096} INFO - Sync 1 DAGs
[2026-07-29T01:18:52.818+0000] {logging_mixin.py:188} INFO - [2026-07-29T01:18:52.818+0000] {dag.py:3954} INFO - Setting next_dagrun for process_gold_layer to None, run_after=None
[2026-07-29T01:18:52.864+0000] {processor.py:183} INFO - Processing /opt/airflow/dags/gold_processing_dag.py took 0.241 seconds
[2026-07-29T01:19:23.204+0000] {processor.py:161} INFO - Started process (PID=19644) to work on /opt/airflow/dags/gold_processing_dag.py
[2026-07-29T01:19:23.210+0000] {processor.py:830} INFO - Processing file /opt/airflow/dags/gold_processing_dag.py for tasks to queue
[2026-07-29T01:19:23.215+0000] {logging_mixin.py:188} INFO - [2026-07-29T01:19:23.214+0000] {dagbag.py:545} INFO - Filling up the DagBag from /opt/airflow/dags/gold_processing_dag.py
[2026-07-29T01:19:23.295+0000] {processor.py:840} INFO - DAG(s) 'process_gold_layer' retrieved from /opt/airflow/dags/gold_processing_dag.py
[2026-07-29T01:19:23.388+0000] {logging_mixin.py:188} INFO - [2026-07-29T01:19:23.387+0000] {dag.py:3096} INFO - Sync 1 DAGs
[2026-07-29T01:19:23.433+0000] {logging_mixin.py:188} INFO - [2026-07-29T01:19:23.432+0000] {dag.py:3954} INFO - Setting next_dagrun for process_gold_layer to None, run_after=None
[2026-07-29T01:19:23.510+0000] {processor.py:183} INFO - Processing /opt/airflow/dags/gold_processing_dag.py took 0.326 seconds
[2026-07-29T01:19:53.687+0000] {processor.py:161} INFO - Started process (PID=19659) to work on /opt/airflow/dags/gold_processing_dag.py
[2026-07-29T01:19:53.690+0000] {processor.py:830} INFO - Processing file /opt/airflow/dags/gold_processing_dag.py for tasks to queue
[2026-07-29T01:19:53.694+0000] {logging_mixin.py:188} INFO - [2026-07-29T01:19:53.693+0000] {dagbag.py:545} INFO - Filling up the DagBag from /opt/airflow/dags/gold_processing_dag.py
[2026-07-29T01:19:53.785+0000] {processor.py:840} INFO - DAG(s) 'process_gold_layer' retrieved from /opt/airflow/dags/gold_processing_dag.py
[2026-07-29T01:19:53.870+0000] {logging_mixin.py:188} INFO - [2026-07-29T01:19:53.869+0000] {dag.py:3096} INFO - Sync 1 DAGs
[2026-07-29T01:19:53.919+0000] {logging_mixin.py:188} INFO - [2026-07-29T01:19:53.918+0000] {dag.py:3954} INFO - Setting next_dagrun for process_gold_layer to None, run_after=None
[2026-07-29T01:19:54.010+0000] {processor.py:183} INFO - Processing /opt/airflow/dags/gold_processing_dag.py took 0.336 seconds
[2026-07-29T01:20:24.136+0000] {processor.py:161} INFO - Started process (PID=19674) to work on /opt/airflow/dags/gold_processing_dag.py
[2026-07-29T01:20:24.138+0000] {processor.py:830} INFO - Processing file /opt/airflow/dags/gold_processing_dag.py for tasks to queue
[2026-07-29T01:20:24.142+0000] {logging_mixin.py:188} INFO - [2026-07-29T01:20:24.141+0000] {dagbag.py:545} INFO - Filling up the DagBag from /opt/airflow/dags/gold_processing_dag.py
[2026-07-29T01:20:24.181+0000] {processor.py:840} INFO - DAG(s) 'process_gold_layer' retrieved from /opt/airflow/dags/gold_processing_dag.py
[2026-07-29T01:20:24.223+0000] {logging_mixin.py:188} INFO - [2026-07-29T01:20:24.223+0000] {dag.py:3096} INFO - Sync 1 DAGs
[2026-07-29T01:20:24.257+0000] {logging_mixin.py:188} INFO - [2026-07-29T01:20:24.256+0000] {dag.py:3954} INFO - Setting next_dagrun for process_gold_layer to None, run_after=None
[2026-07-29T01:20:24.528+0000] {processor.py:183} INFO - Processing /opt/airflow/dags/gold_processing_dag.py took 0.404 seconds
[2026-07-29T01:20:55.026+0000] {processor.py:161} INFO - Started process (PID=19689) to work on /opt/airflow/dags/gold_processing_dag.py
[2026-07-29T01:20:55.029+0000] {processor.py:830} INFO - Processing file /opt/airflow/dags/gold_processing_dag.py for tasks to queue
[2026-07-29T01:20:55.033+0000] {logging_mixin.py:188} INFO - [2026-07-29T01:20:55.032+0000] {dagbag.py:545} INFO - Filling up the DagBag from /opt/airflow/dags/gold_processing_dag.py
[2026-07-29T01:20:55.078+0000] {processor.py:840} INFO - DAG(s) 'process_gold_layer' retrieved from /opt/airflow/dags/gold_processing_dag.py
[2026-07-29T01:20:55.122+0000] {logging_mixin.py:188} INFO - [2026-07-29T01:20:55.121+0000] {dag.py:3096} INFO - Sync 1 DAGs
[2026-07-29T01:20:55.150+0000] {logging_mixin.py:188} INFO - [2026-07-29T01:20:55.149+0000] {dag.py:3954} INFO - Setting next_dagrun for process_gold_layer to None, run_after=None
[2026-07-29T01:20:55.192+0000] {processor.py:183} INFO - Processing /opt/airflow/dags/gold_processing_dag.py took 0.180 seconds
[2026-07-29T01:21:25.735+0000] {processor.py:161} INFO - Started process (PID=19704) to work on /opt/airflow/dags/gold_processing_dag.py
[2026-07-29T01:21:25.740+0000] {processor.py:830} INFO - Processing file /opt/airflow/dags/gold_processing_dag.py for tasks to queue
[2026-07-29T01:21:25.745+0000] {logging_mixin.py:188} INFO - [2026-07-29T01:21:25.743+0000] {dagbag.py:545} INFO - Filling up the DagBag from /opt/airflow/dags/gold_processing_dag.py
[2026-07-29T01:21:25.786+0000] {processor.py:840} INFO - DAG(s) 'process_gold_layer' retrieved from /opt/airflow/dags/gold_processing_dag.py
[2026-07-29T01:21:25.843+0000] {logging_mixin.py:188} INFO - [2026-07-29T01:21:25.843+0000] {dag.py:3096} INFO - Sync 1 DAGs
[2026-07-29T01:21:25.884+0000] {logging_mixin.py:188} INFO - [2026-07-29T01:21:25.884+0000] {dag.py:3954} INFO - Setting next_dagrun for process_gold_layer to None, run_after=None
[2026-07-29T01:21:25.962+0000] {processor.py:183} INFO - Processing /opt/airflow/dags/gold_processing_dag.py took 0.253 seconds
[2026-07-29T01:21:56.125+0000] {processor.py:161} INFO - Started process (PID=19719) to work on /opt/airflow/dags/gold_processing_dag.py
[2026-07-29T01:21:56.128+0000] {processor.py:830} INFO - Processing file /opt/airflow/dags/gold_processing_dag.py for tasks to queue
[2026-07-29T01:21:56.132+0000] {logging_mixin.py:188} INFO - [2026-07-29T01:21:56.131+0000] {dagbag.py:545} INFO - Filling up the DagBag from /opt/airflow/dags/gold_processing_dag.py
[2026-07-29T01:21:56.174+0000] {processor.py:840} INFO - DAG(s) 'process_gold_layer' retrieved from /opt/airflow/dags/gold_processing_dag.py
[2026-07-29T01:21:56.223+0000] {logging_mixin.py:188} INFO - [2026-07-29T01:21:56.222+0000] {dag.py:3096} INFO - Sync 1 DAGs
[2026-07-29T01:21:56.252+0000] {logging_mixin.py:188} INFO - [2026-07-29T01:21:56.252+0000] {dag.py:3954} INFO - Setting next_dagrun for process_gold_layer to None, run_after=None
[2026-07-29T01:21:56.292+0000] {processor.py:183} INFO - Processing /opt/airflow/dags/gold_processing_dag.py took 0.184 seconds
[2026-07-29T01:22:26.429+0000] {processor.py:161} INFO - Started process (PID=19734) to work on /opt/airflow/dags/gold_processing_dag.py
[2026-07-29T01:22:26.432+0000] {processor.py:830} INFO - Processing file /opt/airflow/dags/gold_processing_dag.py for tasks to queue
[2026-07-29T01:22:26.436+0000] {logging_mixin.py:188} INFO - [2026-07-29T01:22:26.435+0000] {dagbag.py:545} INFO - Filling up the DagBag from /opt/airflow/dags/gold_processing_dag.py
[2026-07-29T01:22:26.539+0000] {processor.py:840} INFO - DAG(s) 'process_gold_layer' retrieved from /opt/airflow/dags/gold_processing_dag.py
[2026-07-29T01:22:26.607+0000] {logging_mixin.py:188} INFO - [2026-07-29T01:22:26.607+0000] {dag.py:3096} INFO - Sync 1 DAGs
[2026-07-29T01:22:26.667+0000] {logging_mixin.py:188} INFO - [2026-07-29T01:22:26.667+0000] {dag.py:3954} INFO - Setting next_dagrun for process_gold_layer to None, run_after=None
[2026-07-29T01:22:27.654+0000] {processor.py:183} INFO - Processing /opt/airflow/dags/gold_processing_dag.py took 1.245 seconds
[2026-07-29T01:22:58.310+0000] {processor.py:161} INFO - Started process (PID=19749) to work on /opt/airflow/dags/gold_processing_dag.py
[2026-07-29T01:22:58.313+0000] {processor.py:830} INFO - Processing file /opt/airflow/dags/gold_processing_dag.py for tasks to queue
[2026-07-29T01:22:58.316+0000] {logging_mixin.py:188} INFO - [2026-07-29T01:22:58.315+0000] {dagbag.py:545} INFO - Filling up the DagBag from /opt/airflow/dags/gold_processing_dag.py
[2026-07-29T01:22:58.357+0000] {processor.py:840} INFO - DAG(s) 'process_gold_layer' retrieved from /opt/airflow/dags/gold_processing_dag.py
[2026-07-29T01:22:58.403+0000] {logging_mixin.py:188} INFO - [2026-07-29T01:22:58.402+0000] {dag.py:3096} INFO - Sync 1 DAGs
[2026-07-29T01:22:58.432+0000] {logging_mixin.py:188} INFO - [2026-07-29T01:22:58.431+0000] {dag.py:3954} INFO - Setting next_dagrun for process_gold_layer to None, run_after=None
[2026-07-29T01:22:58.474+0000] {processor.py:183} INFO - Processing /opt/airflow/dags/gold_processing_dag.py took 0.181 seconds
[2026-07-29T01:23:28.806+0000] {processor.py:161} INFO - Started process (PID=19764) to work on /opt/airflow/dags/gold_processing_dag.py
[2026-07-29T01:23:28.808+0000] {processor.py:830} INFO - Processing file /opt/airflow/dags/gold_processing_dag.py for tasks to queue
[2026-07-29T01:23:28.812+0000] {logging_mixin.py:188} INFO - [2026-07-29T01:23:28.811+0000] {dagbag.py:545} INFO - Filling up the DagBag from /opt/airflow/dags/gold_processing_dag.py
[2026-07-29T01:23:28.850+0000] {processor.py:840} INFO - DAG(s) 'process_gold_layer' retrieved from /opt/airflow/dags/gold_processing_dag.py
[2026-07-29T01:23:28.889+0000] {logging_mixin.py:188} INFO - [2026-07-29T01:23:28.888+0000] {dag.py:3096} INFO - Sync 1 DAGs
[2026-07-29T01:23:28.918+0000] {logging_mixin.py:188} INFO - [2026-07-29T01:23:28.918+0000] {dag.py:3954} INFO - Setting next_dagrun for process_gold_layer to None, run_after=None
[2026-07-29T01:23:28.962+0000] {processor.py:183} INFO - Processing /opt/airflow/dags/gold_processing_dag.py took 0.170 seconds
[2026-07-29T01:23:59.199+0000] {processor.py:161} INFO - Started process (PID=19779) to work on /opt/airflow/dags/gold_processing_dag.py
[2026-07-29T01:23:59.201+0000] {processor.py:830} INFO - Processing file /opt/airflow/dags/gold_processing_dag.py for tasks to queue
[2026-07-29T01:23:59.205+0000] {logging_mixin.py:188} INFO - [2026-07-29T01:23:59.204+0000] {dagbag.py:545} INFO - Filling up the DagBag from /opt/airflow/dags/gold_processing_dag.py
[2026-07-29T01:23:59.251+0000] {processor.py:840} INFO - DAG(s) 'process_gold_layer' retrieved from /opt/airflow/dags/gold_processing_dag.py
[2026-07-29T01:23:59.291+0000] {logging_mixin.py:188} INFO - [2026-07-29T01:23:59.291+0000] {dag.py:3096} INFO - Sync 1 DAGs
[2026-07-29T01:23:59.317+0000] {logging_mixin.py:188} INFO - [2026-07-29T01:23:59.316+0000] {dag.py:3954} INFO - Setting next_dagrun for process_gold_layer to None, run_after=None
[2026-07-29T01:23:59.354+0000] {processor.py:183} INFO - Processing /opt/airflow/dags/gold_processing_dag.py took 0.168 seconds
[2026-07-29T01:24:29.487+0000] {processor.py:161} INFO - Started process (PID=19794) to work on /opt/airflow/dags/gold_processing_dag.py
[2026-07-29T01:24:29.490+0000] {processor.py:830} INFO - Processing file /opt/airflow/dags/gold_processing_dag.py for tasks to queue
[2026-07-29T01:24:29.493+0000] {logging_mixin.py:188} INFO - [2026-07-29T01:24:29.492+0000] {dagbag.py:545} INFO - Filling up the DagBag from /opt/airflow/dags/gold_processing_dag.py
[2026-07-29T01:24:29.530+0000] {processor.py:840} INFO - DAG(s) 'process_gold_layer' retrieved from /opt/airflow/dags/gold_processing_dag.py
[2026-07-29T01:24:29.572+0000] {logging_mixin.py:188} INFO - [2026-07-29T01:24:29.571+0000] {dag.py:3096} INFO - Sync 1 DAGs
[2026-07-29T01:24:29.601+0000] {logging_mixin.py:188} INFO - [2026-07-29T01:24:29.601+0000] {dag.py:3954} INFO - Setting next_dagrun for process_gold_layer to None, run_after=None
[2026-07-29T01:24:29.652+0000] {processor.py:183} INFO - Processing /opt/airflow/dags/gold_processing_dag.py took 0.178 seconds
[2026-07-29T01:25:00.432+0000] {processor.py:161} INFO - Started process (PID=19809) to work on /opt/airflow/dags/gold_processing_dag.py
[2026-07-29T01:25:00.435+0000] {processor.py:830} INFO - Processing file /opt/airflow/dags/gold_processing_dag.py for tasks to queue
[2026-07-29T01:25:00.438+0000] {logging_mixin.py:188} INFO - [2026-07-29T01:25:00.437+0000] {dagbag.py:545} INFO - Filling up the DagBag from /opt/airflow/dags/gold_processing_dag.py
[2026-07-29T01:25:00.477+0000] {processor.py:840} INFO - DAG(s) 'process_gold_layer' retrieved from /opt/airflow/dags/gold_processing_dag.py
[2026-07-29T01:25:00.539+0000] {logging_mixin.py:188} INFO - [2026-07-29T01:25:00.539+0000] {dag.py:3096} INFO - Sync 1 DAGs
[2026-07-29T01:25:00.573+0000] {logging_mixin.py:188} INFO - [2026-07-29T01:25:00.572+0000] {dag.py:3954} INFO - Setting next_dagrun for process_gold_layer to None, run_after=None
[2026-07-29T01:25:00.625+0000] {processor.py:183} INFO - Processing /opt/airflow/dags/gold_processing_dag.py took 0.208 seconds
[2026-07-29T01:25:31.217+0000] {processor.py:161} INFO - Started process (PID=19824) to work on /opt/airflow/dags/gold_processing_dag.py
[2026-07-29T01:25:31.220+0000] {processor.py:830} INFO - Processing file /opt/airflow/dags/gold_processing_dag.py for tasks to queue
[2026-07-29T01:25:31.223+0000] {logging_mixin.py:188} INFO - [2026-07-29T01:25:31.222+0000] {dagbag.py:545} INFO - Filling up the DagBag from /opt/airflow/dags/gold_processing_dag.py
[2026-07-29T01:25:31.264+0000] {processor.py:840} INFO - DAG(s) 'process_gold_layer' retrieved from /opt/airflow/dags/gold_processing_dag.py
[2026-07-29T01:25:31.304+0000] {logging_mixin.py:188} INFO - [2026-07-29T01:25:31.304+0000] {dag.py:3096} INFO - Sync 1 DAGs
[2026-07-29T01:25:31.333+0000] {logging_mixin.py:188} INFO - [2026-07-29T01:25:31.333+0000] {dag.py:3954} INFO - Setting next_dagrun for process_gold_layer to None, run_after=None
[2026-07-29T01:25:31.375+0000] {processor.py:183} INFO - Processing /opt/airflow/dags/gold_processing_dag.py took 0.173 seconds
[2026-07-29T01:26:01.474+0000] {processor.py:161} INFO - Started process (PID=19839) to work on /opt/airflow/dags/gold_processing_dag.py
[2026-07-29T01:26:01.477+0000] {processor.py:830} INFO - Processing file /opt/airflow/dags/gold_processing_dag.py for tasks to queue
[2026-07-29T01:26:01.480+0000] {logging_mixin.py:188} INFO - [2026-07-29T01:26:01.480+0000] {dagbag.py:545} INFO - Filling up the DagBag from /opt/airflow/dags/gold_processing_dag.py
[2026-07-29T01:26:01.518+0000] {processor.py:840} INFO - DAG(s) 'process_gold_layer' retrieved from /opt/airflow/dags/gold_processing_dag.py
[2026-07-29T01:26:01.562+0000] {logging_mixin.py:188} INFO - [2026-07-29T01:26:01.561+0000] {dag.py:3096} INFO - Sync 1 DAGs
[2026-07-29T01:26:01.584+0000] {logging_mixin.py:188} INFO - [2026-07-29T01:26:01.584+0000] {dag.py:3954} INFO - Setting next_dagrun for process_gold_layer to None, run_after=None
[2026-07-29T01:26:01.623+0000] {processor.py:183} INFO - Processing /opt/airflow/dags/gold_processing_dag.py took 0.164 seconds
[2026-07-29T01:26:31.836+0000] {processor.py:161} INFO - Started process (PID=19854) to work on /opt/airflow/dags/gold_processing_dag.py
[2026-07-29T01:26:31.838+0000] {processor.py:830} INFO - Processing file /opt/airflow/dags/gold_processing_dag.py for tasks to queue
[2026-07-29T01:26:31.841+0000] {logging_mixin.py:188} INFO - [2026-07-29T01:26:31.840+0000] {dagbag.py:545} INFO - Filling up the DagBag from /opt/airflow/dags/gold_processing_dag.py
[2026-07-29T01:26:31.881+0000] {processor.py:840} INFO - DAG(s) 'process_gold_layer' retrieved from /opt/airflow/dags/gold_processing_dag.py
[2026-07-29T01:26:31.923+0000] {logging_mixin.py:188} INFO - [2026-07-29T01:26:31.922+0000] {dag.py:3096} INFO - Sync 1 DAGs
[2026-07-29T01:26:31.950+0000] {logging_mixin.py:188} INFO - [2026-07-29T01:26:31.950+0000] {dag.py:3954} INFO - Setting next_dagrun for process_gold_layer to None, run_after=None
[2026-07-29T01:26:31.984+0000] {processor.py:183} INFO - Processing /opt/airflow/dags/gold_processing_dag.py took 0.163 seconds
[2026-07-29T01:27:02.641+0000] {processor.py:161} INFO - Started process (PID=19869) to work on /opt/airflow/dags/gold_processing_dag.py
[2026-07-29T01:27:02.644+0000] {processor.py:830} INFO - Processing file /opt/airflow/dags/gold_processing_dag.py for tasks to queue
[2026-07-29T01:27:02.648+0000] {logging_mixin.py:188} INFO - [2026-07-29T01:27:02.646+0000] {dagbag.py:545} INFO - Filling up the DagBag from /opt/airflow/dags/gold_processing_dag.py
[2026-07-29T01:27:02.689+0000] {processor.py:840} INFO - DAG(s) 'process_gold_layer' retrieved from /opt/airflow/dags/gold_processing_dag.py
[2026-07-29T01:27:02.768+0000] {logging_mixin.py:188} INFO - [2026-07-29T01:27:02.767+0000] {dag.py:3096} INFO - Sync 1 DAGs
[2026-07-29T01:27:02.800+0000] {logging_mixin.py:188} INFO - [2026-07-29T01:27:02.799+0000] {dag.py:3954} INFO - Setting next_dagrun for process_gold_layer to None, run_after=None
[2026-07-29T01:27:02.844+0000] {processor.py:183} INFO - Processing /opt/airflow/dags/gold_processing_dag.py took 0.217 seconds
[2026-07-29T01:27:33.255+0000] {processor.py:161} INFO - Started process (PID=19884) to work on /opt/airflow/dags/gold_processing_dag.py
[2026-07-29T01:27:33.257+0000] {processor.py:830} INFO - Processing file /opt/airflow/dags/gold_processing_dag.py for tasks to queue
[2026-07-29T01:27:33.260+0000] {logging_mixin.py:188} INFO - [2026-07-29T01:27:33.260+0000] {dagbag.py:545} INFO - Filling up the DagBag from /opt/airflow/dags/gold_processing_dag.py
[2026-07-29T01:27:33.291+0000] {processor.py:840} INFO - DAG(s) 'process_gold_layer' retrieved from /opt/airflow/dags/gold_processing_dag.py
[2026-07-29T01:27:33.329+0000] {logging_mixin.py:188} INFO - [2026-07-29T01:27:33.328+0000] {dag.py:3096} INFO - Sync 1 DAGs
[2026-07-29T01:27:33.353+0000] {logging_mixin.py:188} INFO - [2026-07-29T01:27:33.353+0000] {dag.py:3954} INFO - Setting next_dagrun for process_gold_layer to None, run_after=None
[2026-07-29T01:27:33.633+0000] {processor.py:183} INFO - Processing /opt/airflow/dags/gold_processing_dag.py took 0.390 seconds
[2026-07-29T01:28:03.775+0000] {processor.py:161} INFO - Started process (PID=19899) to work on /opt/airflow/dags/gold_processing_dag.py
[2026-07-29T01:28:03.777+0000] {processor.py:830} INFO - Processing file /opt/airflow/dags/gold_processing_dag.py for tasks to queue
[2026-07-29T01:28:03.780+0000] {logging_mixin.py:188} INFO - [2026-07-29T01:28:03.779+0000] {dagbag.py:545} INFO - Filling up the DagBag from /opt/airflow/dags/gold_processing_dag.py
[2026-07-29T01:28:03.815+0000] {processor.py:840} INFO - DAG(s) 'process_gold_layer' retrieved from /opt/airflow/dags/gold_processing_dag.py
[2026-07-29T01:28:03.869+0000] {logging_mixin.py:188} INFO - [2026-07-29T01:28:03.869+0000] {dag.py:3096} INFO - Sync 1 DAGs
[2026-07-29T01:28:03.904+0000] {logging_mixin.py:188} INFO - [2026-07-29T01:28:03.903+0000] {dag.py:3954} INFO - Setting next_dagrun for process_gold_layer to None, run_after=None
[2026-07-29T01:28:03.950+0000] {processor.py:183} INFO - Processing /opt/airflow/dags/gold_processing_dag.py took 0.191 seconds
[2026-07-29T01:28:34.067+0000] {processor.py:161} INFO - Started process (PID=19914) to work on /opt/airflow/dags/gold_processing_dag.py
[2026-07-29T01:28:34.070+0000] {processor.py:830} INFO - Processing file /opt/airflow/dags/gold_processing_dag.py for tasks to queue
[2026-07-29T01:28:34.073+0000] {logging_mixin.py:188} INFO - [2026-07-29T01:28:34.072+0000] {dagbag.py:545} INFO - Filling up the DagBag from /opt/airflow/dags/gold_processing_dag.py
[2026-07-29T01:28:34.114+0000] {processor.py:840} INFO - DAG(s) 'process_gold_layer' retrieved from /opt/airflow/dags/gold_processing_dag.py
[2026-07-29T01:28:34.173+0000] {logging_mixin.py:188} INFO - [2026-07-29T01:28:34.173+0000] {dag.py:3096} INFO - Sync 1 DAGs
[2026-07-29T01:28:34.232+0000] {logging_mixin.py:188} INFO - [2026-07-29T01:28:34.232+0000] {dag.py:3954} INFO - Setting next_dagrun for process_gold_layer to None, run_after=None
[2026-07-29T01:28:34.299+0000] {processor.py:183} INFO - Processing /opt/airflow/dags/gold_processing_dag.py took 0.246 seconds
[2026-07-29T01:29:05.076+0000] {processor.py:161} INFO - Started process (PID=19929) to work on /opt/airflow/dags/gold_processing_dag.py
[2026-07-29T01:29:05.079+0000] {processor.py:830} INFO - Processing file /opt/airflow/dags/gold_processing_dag.py for tasks to queue
[2026-07-29T01:29:05.083+0000] {logging_mixin.py:188} INFO - [2026-07-29T01:29:05.082+0000] {dagbag.py:545} INFO - Filling up the DagBag from /opt/airflow/dags/gold_processing_dag.py
[2026-07-29T01:29:05.124+0000] {processor.py:840} INFO - DAG(s) 'process_gold_layer' retrieved from /opt/airflow/dags/gold_processing_dag.py
[2026-07-29T01:29:05.166+0000] {logging_mixin.py:188} INFO - [2026-07-29T01:29:05.165+0000] {dag.py:3096} INFO - Sync 1 DAGs
[2026-07-29T01:29:05.202+0000] {logging_mixin.py:188} INFO - [2026-07-29T01:29:05.202+0000] {dag.py:3954} INFO - Setting next_dagrun for process_gold_layer to None, run_after=None
[2026-07-29T01:29:05.262+0000] {processor.py:183} INFO - Processing /opt/airflow/dags/gold_processing_dag.py took 0.205 seconds
[2026-07-29T01:29:35.649+0000] {processor.py:161} INFO - Started process (PID=19944) to work on /opt/airflow/dags/gold_processing_dag.py
[2026-07-29T01:29:35.652+0000] {processor.py:830} INFO - Processing file /opt/airflow/dags/gold_processing_dag.py for tasks to queue
[2026-07-29T01:29:35.656+0000] {logging_mixin.py:188} INFO - [2026-07-29T01:29:35.655+0000] {dagbag.py:545} INFO - Filling up the DagBag from /opt/airflow/dags/gold_processing_dag.py
[2026-07-29T01:29:35.701+0000] {processor.py:840} INFO - DAG(s) 'process_gold_layer' retrieved from /opt/airflow/dags/gold_processing_dag.py
[2026-07-29T01:29:35.758+0000] {logging_mixin.py:188} INFO - [2026-07-29T01:29:35.757+0000] {dag.py:3096} INFO - Sync 1 DAGs
[2026-07-29T01:29:35.785+0000] {logging_mixin.py:188} INFO - [2026-07-29T01:29:35.785+0000] {dag.py:3954} INFO - Setting next_dagrun for process_gold_layer to None, run_after=None
[2026-07-29T01:29:35.840+0000] {processor.py:183} INFO - Processing /opt/airflow/dags/gold_processing_dag.py took 0.214 seconds
[2026-07-29T01:30:06.914+0000] {processor.py:161} INFO - Started process (PID=19959) to work on /opt/airflow/dags/gold_processing_dag.py
[2026-07-29T01:30:06.917+0000] {processor.py:830} INFO - Processing file /opt/airflow/dags/gold_processing_dag.py for tasks to queue
[2026-07-29T01:30:06.921+0000] {logging_mixin.py:188} INFO - [2026-07-29T01:30:06.920+0000] {dagbag.py:545} INFO - Filling up the DagBag from /opt/airflow/dags/gold_processing_dag.py
[2026-07-29T01:30:06.962+0000] {processor.py:840} INFO - DAG(s) 'process_gold_layer' retrieved from /opt/airflow/dags/gold_processing_dag.py
[2026-07-29T01:30:07.019+0000] {logging_mixin.py:188} INFO - [2026-07-29T01:30:07.018+0000] {dag.py:3096} INFO - Sync 1 DAGs
[2026-07-29T01:30:07.074+0000] {logging_mixin.py:188} INFO - [2026-07-29T01:30:07.073+0000] {dag.py:3954} INFO - Setting next_dagrun for process_gold_layer to None, run_after=None
[2026-07-29T01:30:07.310+0000] {processor.py:183} INFO - Processing /opt/airflow/dags/gold_processing_dag.py took 0.411 seconds
[2026-07-29T01:30:38.330+0000] {processor.py:161} INFO - Started process (PID=19974) to work on /opt/airflow/dags/gold_processing_dag.py
[2026-07-29T01:30:38.334+0000] {processor.py:830} INFO - Processing file /opt/airflow/dags/gold_processing_dag.py for tasks to queue
[2026-07-29T01:30:38.338+0000] {logging_mixin.py:188} INFO - [2026-07-29T01:30:38.337+0000] {dagbag.py:545} INFO - Filling up the DagBag from /opt/airflow/dags/gold_processing_dag.py
[2026-07-29T01:30:38.386+0000] {processor.py:840} INFO - DAG(s) 'process_gold_layer' retrieved from /opt/airflow/dags/gold_processing_dag.py
[2026-07-29T01:30:38.438+0000] {logging_mixin.py:188} INFO - [2026-07-29T01:30:38.438+0000] {dag.py:3096} INFO - Sync 1 DAGs
[2026-07-29T01:30:38.477+0000] {logging_mixin.py:188} INFO - [2026-07-29T01:30:38.477+0000] {dag.py:3954} INFO - Setting next_dagrun for process_gold_layer to None, run_after=None
[2026-07-29T01:30:38.529+0000] {processor.py:183} INFO - Processing /opt/airflow/dags/gold_processing_dag.py took 0.219 seconds
[2026-07-29T01:31:08.968+0000] {processor.py:161} INFO - Started process (PID=19989) to work on /opt/airflow/dags/gold_processing_dag.py
[2026-07-29T01:31:08.971+0000] {processor.py:830} INFO - Processing file /opt/airflow/dags/gold_processing_dag.py for tasks to queue
[2026-07-29T01:31:08.975+0000] {logging_mixin.py:188} INFO - [2026-07-29T01:31:08.974+0000] {dagbag.py:545} INFO - Filling up the DagBag from /opt/airflow/dags/gold_processing_dag.py
[2026-07-29T01:31:09.023+0000] {processor.py:840} INFO - DAG(s) 'process_gold_layer' retrieved from /opt/airflow/dags/gold_processing_dag.py
[2026-07-29T01:31:09.096+0000] {logging_mixin.py:188} INFO - [2026-07-29T01:31:09.095+0000] {dag.py:3096} INFO - Sync 1 DAGs
[2026-07-29T01:31:09.130+0000] {logging_mixin.py:188} INFO - [2026-07-29T01:31:09.129+0000] {dag.py:3954} INFO - Setting next_dagrun for process_gold_layer to None, run_after=None
[2026-07-29T01:31:09.197+0000] {processor.py:183} INFO - Processing /opt/airflow/dags/gold_processing_dag.py took 0.247 seconds
[2026-07-29T01:31:39.401+0000] {processor.py:161} INFO - Started process (PID=20004) to work on /opt/airflow/dags/gold_processing_dag.py
[2026-07-29T01:31:39.404+0000] {processor.py:830} INFO - Processing file /opt/airflow/dags/gold_processing_dag.py for tasks to queue
[2026-07-29T01:31:39.408+0000] {logging_mixin.py:188} INFO - [2026-07-29T01:31:39.407+0000] {dagbag.py:545} INFO - Filling up the DagBag from /opt/airflow/dags/gold_processing_dag.py
[2026-07-29T01:31:39.455+0000] {processor.py:840} INFO - DAG(s) 'process_gold_layer' retrieved from /opt/airflow/dags/gold_processing_dag.py
[2026-07-29T01:31:39.506+0000] {logging_mixin.py:188} INFO - [2026-07-29T01:31:39.505+0000] {dag.py:3096} INFO - Sync 1 DAGs
[2026-07-29T01:31:39.544+0000] {logging_mixin.py:188} INFO - [2026-07-29T01:31:39.544+0000] {dag.py:3954} INFO - Setting next_dagrun for process_gold_layer to None, run_after=None
[2026-07-29T01:31:39.597+0000] {processor.py:183} INFO - Processing /opt/airflow/dags/gold_processing_dag.py took 0.215 seconds
[2026-07-29T01:32:09.725+0000] {processor.py:161} INFO - Started process (PID=20019) to work on /opt/airflow/dags/gold_processing_dag.py
[2026-07-29T01:32:09.729+0000] {processor.py:830} INFO - Processing file /opt/airflow/dags/gold_processing_dag.py for tasks to queue
[2026-07-29T01:32:09.735+0000] {logging_mixin.py:188} INFO - [2026-07-29T01:32:09.733+0000] {dagbag.py:545} INFO - Filling up the DagBag from /opt/airflow/dags/gold_processing_dag.py
[2026-07-29T01:32:09.799+0000] {processor.py:840} INFO - DAG(s) 'process_gold_layer' retrieved from /opt/airflow/dags/gold_processing_dag.py
[2026-07-29T01:32:09.851+0000] {logging_mixin.py:188} INFO - [2026-07-29T01:32:09.851+0000] {dag.py:3096} INFO - Sync 1 DAGs
[2026-07-29T01:32:09.884+0000] {logging_mixin.py:188} INFO - [2026-07-29T01:32:09.884+0000] {dag.py:3954} INFO - Setting next_dagrun for process_gold_layer to None, run_after=None
[2026-07-29T01:32:09.938+0000] {processor.py:183} INFO - Processing /opt/airflow/dags/gold_processing_dag.py took 0.228 seconds
[2026-07-29T01:32:40.674+0000] {processor.py:161} INFO - Started process (PID=20034) to work on /opt/airflow/dags/gold_processing_dag.py
[2026-07-29T01:32:40.679+0000] {processor.py:830} INFO - Processing file /opt/airflow/dags/gold_processing_dag.py for tasks to queue
[2026-07-29T01:32:40.683+0000] {logging_mixin.py:188} INFO - [2026-07-29T01:32:40.682+0000] {dagbag.py:545} INFO - Filling up the DagBag from /opt/airflow/dags/gold_processing_dag.py
[2026-07-29T01:32:40.747+0000] {processor.py:840} INFO - DAG(s) 'process_gold_layer' retrieved from /opt/airflow/dags/gold_processing_dag.py
[2026-07-29T01:32:40.856+0000] {logging_mixin.py:188} INFO - [2026-07-29T01:32:40.855+0000] {dag.py:3096} INFO - Sync 1 DAGs
[2026-07-29T01:32:40.958+0000] {logging_mixin.py:188} INFO - [2026-07-29T01:32:40.958+0000] {dag.py:3954} INFO - Setting next_dagrun for process_gold_layer to None, run_after=None
[2026-07-29T01:32:42.153+0000] {processor.py:183} INFO - Processing /opt/airflow/dags/gold_processing_dag.py took 1.502 seconds
[2026-07-29T01:33:13.000+0000] {processor.py:161} INFO - Started process (PID=20054) to work on /opt/airflow/dags/gold_processing_dag.py
[2026-07-29T01:33:13.003+0000] {processor.py:830} INFO - Processing file /opt/airflow/dags/gold_processing_dag.py for tasks to queue
[2026-07-29T01:33:13.006+0000] {logging_mixin.py:188} INFO - [2026-07-29T01:33:13.005+0000] {dagbag.py:545} INFO - Filling up the DagBag from /opt/airflow/dags/gold_processing_dag.py
[2026-07-29T01:33:13.051+0000] {processor.py:840} INFO - DAG(s) 'process_gold_layer' retrieved from /opt/airflow/dags/gold_processing_dag.py
[2026-07-29T01:33:13.123+0000] {logging_mixin.py:188} INFO - [2026-07-29T01:33:13.122+0000] {dag.py:3096} INFO - Sync 1 DAGs
[2026-07-29T01:33:13.161+0000] {logging_mixin.py:188} INFO - [2026-07-29T01:33:13.160+0000] {dag.py:3954} INFO - Setting next_dagrun for process_gold_layer to None, run_after=None
[2026-07-29T01:33:13.219+0000] {processor.py:183} INFO - Processing /opt/airflow/dags/gold_processing_dag.py took 0.238 seconds
[2026-07-29T01:33:43.375+0000] {processor.py:161} INFO - Started process (PID=20069) to work on /opt/airflow/dags/gold_processing_dag.py
[2026-07-29T01:33:43.379+0000] {processor.py:830} INFO - Processing file /opt/airflow/dags/gold_processing_dag.py for tasks to queue
[2026-07-29T01:33:43.382+0000] {logging_mixin.py:188} INFO - [2026-07-29T01:33:43.382+0000] {dagbag.py:545} INFO - Filling up the DagBag from /opt/airflow/dags/gold_processing_dag.py
[2026-07-29T01:33:43.424+0000] {processor.py:840} INFO - DAG(s) 'process_gold_layer' retrieved from /opt/airflow/dags/gold_processing_dag.py
[2026-07-29T01:33:43.470+0000] {logging_mixin.py:188} INFO - [2026-07-29T01:33:43.469+0000] {dag.py:3096} INFO - Sync 1 DAGs
[2026-07-29T01:33:43.495+0000] {logging_mixin.py:188} INFO - [2026-07-29T01:33:43.494+0000] {dag.py:3954} INFO - Setting next_dagrun for process_gold_layer to None, run_after=None
[2026-07-29T01:33:44.583+0000] {processor.py:183} INFO - Processing /opt/airflow/dags/gold_processing_dag.py took 1.220 seconds
[2026-07-29T01:34:14.884+0000] {processor.py:161} INFO - Started process (PID=20084) to work on /opt/airflow/dags/gold_processing_dag.py
[2026-07-29T01:34:14.886+0000] {processor.py:830} INFO - Processing file /opt/airflow/dags/gold_processing_dag.py for tasks to queue
[2026-07-29T01:34:14.890+0000] {logging_mixin.py:188} INFO - [2026-07-29T01:34:14.889+0000] {dagbag.py:545} INFO - Filling up the DagBag from /opt/airflow/dags/gold_processing_dag.py
[2026-07-29T01:34:14.931+0000] {processor.py:840} INFO - DAG(s) 'process_gold_layer' retrieved from /opt/airflow/dags/gold_processing_dag.py
[2026-07-29T01:34:14.974+0000] {logging_mixin.py:188} INFO - [2026-07-29T01:34:14.973+0000] {dag.py:3096} INFO - Sync 1 DAGs
[2026-07-29T01:34:14.999+0000] {logging_mixin.py:188} INFO - [2026-07-29T01:34:14.999+0000] {dag.py:3954} INFO - Setting next_dagrun for process_gold_layer to None, run_after=None
[2026-07-29T01:34:15.039+0000] {processor.py:183} INFO - Processing /opt/airflow/dags/gold_processing_dag.py took 0.170 seconds
[2026-07-29T01:34:45.833+0000] {processor.py:161} INFO - Started process (PID=20099) to work on /opt/airflow/dags/gold_processing_dag.py
[2026-07-29T01:34:45.835+0000] {processor.py:830} INFO - Processing file /opt/airflow/dags/gold_processing_dag.py for tasks to queue
[2026-07-29T01:34:45.839+0000] {logging_mixin.py:188} INFO - [2026-07-29T01:34:45.838+0000] {dagbag.py:545} INFO - Filling up the DagBag from /opt/airflow/dags/gold_processing_dag.py
[2026-07-29T01:34:45.891+0000] {processor.py:840} INFO - DAG(s) 'process_gold_layer' retrieved from /opt/airflow/dags/gold_processing_dag.py
[2026-07-29T01:34:45.957+0000] {logging_mixin.py:188} INFO - [2026-07-29T01:34:45.956+0000] {dag.py:3096} INFO - Sync 1 DAGs
[2026-07-29T01:34:45.999+0000] {logging_mixin.py:188} INFO - [2026-07-29T01:34:45.999+0000] {dag.py:3954} INFO - Setting next_dagrun for process_gold_layer to None, run_after=None
[2026-07-29T01:34:46.094+0000] {processor.py:183} INFO - Processing /opt/airflow/dags/gold_processing_dag.py took 0.280 seconds
[2026-07-29T01:35:16.485+0000] {processor.py:161} INFO - Started process (PID=20114) to work on /opt/airflow/dags/gold_processing_dag.py
[2026-07-29T01:35:16.488+0000] {processor.py:830} INFO - Processing file /opt/airflow/dags/gold_processing_dag.py for tasks to queue
[2026-07-29T01:35:16.493+0000] {logging_mixin.py:188} INFO - [2026-07-29T01:35:16.492+0000] {dagbag.py:545} INFO - Filling up the DagBag from /opt/airflow/dags/gold_processing_dag.py
[2026-07-29T01:35:16.541+0000] {processor.py:840} INFO - DAG(s) 'process_gold_layer' retrieved from /opt/airflow/dags/gold_processing_dag.py
[2026-07-29T01:35:16.599+0000] {logging_mixin.py:188} INFO - [2026-07-29T01:35:16.598+0000] {dag.py:3096} INFO - Sync 1 DAGs
[2026-07-29T01:35:16.647+0000] {logging_mixin.py:188} INFO - [2026-07-29T01:35:16.647+0000] {dag.py:3954} INFO - Setting next_dagrun for process_gold_layer to None, run_after=None
[2026-07-29T01:35:16.749+0000] {processor.py:183} INFO - Processing /opt/airflow/dags/gold_processing_dag.py took 0.282 seconds
[2026-07-29T01:35:46.996+0000] {processor.py:161} INFO - Started process (PID=20129) to work on /opt/airflow/dags/gold_processing_dag.py
[2026-07-29T01:35:47.000+0000] {processor.py:830} INFO - Processing file /opt/airflow/dags/gold_processing_dag.py for tasks to queue
[2026-07-29T01:35:47.007+0000] {logging_mixin.py:188} INFO - [2026-07-29T01:35:47.006+0000] {dagbag.py:545} INFO - Filling up the DagBag from /opt/airflow/dags/gold_processing_dag.py
[2026-07-29T01:35:47.054+0000] {processor.py:840} INFO - DAG(s) 'process_gold_layer' retrieved from /opt/airflow/dags/gold_processing_dag.py
[2026-07-29T01:35:47.112+0000] {logging_mixin.py:188} INFO - [2026-07-29T01:35:47.112+0000] {dag.py:3096} INFO - Sync 1 DAGs
[2026-07-29T01:35:47.153+0000] {logging_mixin.py:188} INFO - [2026-07-29T01:35:47.153+0000] {dag.py:3954} INFO - Setting next_dagrun for process_gold_layer to None, run_after=None
[2026-07-29T01:35:47.199+0000] {processor.py:183} INFO - Processing /opt/airflow/dags/gold_processing_dag.py took 0.222 seconds
[2026-07-29T01:36:17.362+0000] {processor.py:161} INFO - Started process (PID=20144) to work on /opt/airflow/dags/gold_processing_dag.py
[2026-07-29T01:36:17.365+0000] {processor.py:830} INFO - Processing file /opt/airflow/dags/gold_processing_dag.py for tasks to queue
[2026-07-29T01:36:17.369+0000] {logging_mixin.py:188} INFO - [2026-07-29T01:36:17.368+0000] {dagbag.py:545} INFO - Filling up the DagBag from /opt/airflow/dags/gold_processing_dag.py
[2026-07-29T01:36:17.426+0000] {processor.py:840} INFO - DAG(s) 'process_gold_layer' retrieved from /opt/airflow/dags/gold_processing_dag.py
[2026-07-29T01:36:17.498+0000] {logging_mixin.py:188} INFO - [2026-07-29T01:36:17.498+0000] {dag.py:3096} INFO - Sync 1 DAGs
[2026-07-29T01:36:17.588+0000] {logging_mixin.py:188} INFO - [2026-07-29T01:36:17.588+0000] {dag.py:3954} INFO - Setting next_dagrun for process_gold_layer to None, run_after=None
[2026-07-29T01:36:17.698+0000] {processor.py:183} INFO - Processing /opt/airflow/dags/gold_processing_dag.py took 0.355 seconds
[2026-07-29T01:36:48.308+0000] {processor.py:161} INFO - Started process (PID=20154) to work on /opt/airflow/dags/gold_processing_dag.py
[2026-07-29T01:36:48.311+0000] {processor.py:830} INFO - Processing file /opt/airflow/dags/gold_processing_dag.py for tasks to queue
[2026-07-29T01:36:48.317+0000] {logging_mixin.py:188} INFO - [2026-07-29T01:36:48.316+0000] {dagbag.py:545} INFO - Filling up the DagBag from /opt/airflow/dags/gold_processing_dag.py
[2026-07-29T01:36:48.358+0000] {processor.py:840} INFO - DAG(s) 'process_gold_layer' retrieved from /opt/airflow/dags/gold_processing_dag.py
[2026-07-29T01:36:48.456+0000] {logging_mixin.py:188} INFO - [2026-07-29T01:36:48.456+0000] {dag.py:3096} INFO - Sync 1 DAGs
[2026-07-29T01:36:48.510+0000] {logging_mixin.py:188} INFO - [2026-07-29T01:36:48.510+0000] {dag.py:3954} INFO - Setting next_dagrun for process_gold_layer to None, run_after=None
[2026-07-29T01:36:48.669+0000] {processor.py:183} INFO - Processing /opt/airflow/dags/gold_processing_dag.py took 0.388 seconds
[2026-07-29T01:37:19.002+0000] {processor.py:161} INFO - Started process (PID=20169) to work on /opt/airflow/dags/gold_processing_dag.py
[2026-07-29T01:37:19.005+0000] {processor.py:830} INFO - Processing file /opt/airflow/dags/gold_processing_dag.py for tasks to queue
[2026-07-29T01:37:19.009+0000] {logging_mixin.py:188} INFO - [2026-07-29T01:37:19.008+0000] {dagbag.py:545} INFO - Filling up the DagBag from /opt/airflow/dags/gold_processing_dag.py
[2026-07-29T01:37:19.058+0000] {processor.py:840} INFO - DAG(s) 'process_gold_layer' retrieved from /opt/airflow/dags/gold_processing_dag.py
[2026-07-29T01:37:19.123+0000] {logging_mixin.py:188} INFO - [2026-07-29T01:37:19.123+0000] {dag.py:3096} INFO - Sync 1 DAGs
[2026-07-29T01:37:19.156+0000] {logging_mixin.py:188} INFO - [2026-07-29T01:37:19.155+0000] {dag.py:3954} INFO - Setting next_dagrun for process_gold_layer to None, run_after=None
[2026-07-29T01:37:19.201+0000] {processor.py:183} INFO - Processing /opt/airflow/dags/gold_processing_dag.py took 0.218 seconds
[2026-07-29T01:37:49.416+0000] {processor.py:161} INFO - Started process (PID=20184) to work on /opt/airflow/dags/gold_processing_dag.py
[2026-07-29T01:37:49.422+0000] {processor.py:830} INFO - Processing file /opt/airflow/dags/gold_processing_dag.py for tasks to queue
[2026-07-29T01:37:49.427+0000] {logging_mixin.py:188} INFO - [2026-07-29T01:37:49.426+0000] {dagbag.py:545} INFO - Filling up the DagBag from /opt/airflow/dags/gold_processing_dag.py
[2026-07-29T01:37:49.471+0000] {processor.py:840} INFO - DAG(s) 'process_gold_layer' retrieved from /opt/airflow/dags/gold_processing_dag.py
[2026-07-29T01:37:49.545+0000] {logging_mixin.py:188} INFO - [2026-07-29T01:37:49.544+0000] {dag.py:3096} INFO - Sync 1 DAGs
[2026-07-29T01:37:49.581+0000] {logging_mixin.py:188} INFO - [2026-07-29T01:37:49.580+0000] {dag.py:3954} INFO - Setting next_dagrun for process_gold_layer to None, run_after=None
[2026-07-29T01:37:49.639+0000] {processor.py:183} INFO - Processing /opt/airflow/dags/gold_processing_dag.py took 0.238 seconds
[2026-07-29T01:38:26.708+0000] {processor.py:161} INFO - Started process (PID=20199) to work on /opt/airflow/dags/gold_processing_dag.py
[2026-07-29T01:38:26.712+0000] {processor.py:830} INFO - Processing file /opt/airflow/dags/gold_processing_dag.py for tasks to queue
[2026-07-29T01:38:26.716+0000] {logging_mixin.py:188} INFO - [2026-07-29T01:38:26.715+0000] {dagbag.py:545} INFO - Filling up the DagBag from /opt/airflow/dags/gold_processing_dag.py
[2026-07-29T01:38:26.764+0000] {processor.py:840} INFO - DAG(s) 'process_gold_layer' retrieved from /opt/airflow/dags/gold_processing_dag.py
[2026-07-29T01:38:26.837+0000] {logging_mixin.py:188} INFO - [2026-07-29T01:38:26.836+0000] {dag.py:3096} INFO - Sync 1 DAGs
[2026-07-29T01:38:26.889+0000] {logging_mixin.py:188} INFO - [2026-07-29T01:38:26.889+0000] {dag.py:3954} INFO - Setting next_dagrun for process_gold_layer to None, run_after=None
[2026-07-29T01:38:26.943+0000] {processor.py:183} INFO - Processing /opt/airflow/dags/gold_processing_dag.py took 0.255 seconds
[2026-07-29T01:38:57.321+0000] {processor.py:161} INFO - Started process (PID=20214) to work on /opt/airflow/dags/gold_processing_dag.py
[2026-07-29T01:38:57.324+0000] {processor.py:830} INFO - Processing file /opt/airflow/dags/gold_processing_dag.py for tasks to queue
[2026-07-29T01:38:57.328+0000] {logging_mixin.py:188} INFO - [2026-07-29T01:38:57.327+0000] {dagbag.py:545} INFO - Filling up the DagBag from /opt/airflow/dags/gold_processing_dag.py
[2026-07-29T01:38:57.374+0000] {processor.py:840} INFO - DAG(s) 'process_gold_layer' retrieved from /opt/airflow/dags/gold_processing_dag.py
[2026-07-29T01:38:57.432+0000] {logging_mixin.py:188} INFO - [2026-07-29T01:38:57.432+0000] {dag.py:3096} INFO - Sync 1 DAGs
[2026-07-29T01:38:57.468+0000] {logging_mixin.py:188} INFO - [2026-07-29T01:38:57.468+0000] {dag.py:3954} INFO - Setting next_dagrun for process_gold_layer to None, run_after=None
[2026-07-29T01:38:57.515+0000] {processor.py:183} INFO - Processing /opt/airflow/dags/gold_processing_dag.py took 0.216 seconds
[2026-07-29T01:39:27.980+0000] {processor.py:161} INFO - Started process (PID=20229) to work on /opt/airflow/dags/gold_processing_dag.py
[2026-07-29T01:39:27.983+0000] {processor.py:830} INFO - Processing file /opt/airflow/dags/gold_processing_dag.py for tasks to queue
[2026-07-29T01:39:27.987+0000] {logging_mixin.py:188} INFO - [2026-07-29T01:39:27.986+0000] {dagbag.py:545} INFO - Filling up the DagBag from /opt/airflow/dags/gold_processing_dag.py
[2026-07-29T01:39:28.038+0000] {processor.py:840} INFO - DAG(s) 'process_gold_layer' retrieved from /opt/airflow/dags/gold_processing_dag.py
[2026-07-29T01:39:28.096+0000] {logging_mixin.py:188} INFO - [2026-07-29T01:39:28.095+0000] {dag.py:3096} INFO - Sync 1 DAGs
[2026-07-29T01:39:28.128+0000] {logging_mixin.py:188} INFO - [2026-07-29T01:39:28.128+0000] {dag.py:3954} INFO - Setting next_dagrun for process_gold_layer to None, run_after=None
[2026-07-29T01:39:28.181+0000] {processor.py:183} INFO - Processing /opt/airflow/dags/gold_processing_dag.py took 0.218 seconds
[2026-07-29T01:39:58.299+0000] {processor.py:161} INFO - Started process (PID=20244) to work on /opt/airflow/dags/gold_processing_dag.py
[2026-07-29T01:39:58.302+0000] {processor.py:830} INFO - Processing file /opt/airflow/dags/gold_processing_dag.py for tasks to queue
[2026-07-29T01:39:58.306+0000] {logging_mixin.py:188} INFO - [2026-07-29T01:39:58.305+0000] {dagbag.py:545} INFO - Filling up the DagBag from /opt/airflow/dags/gold_processing_dag.py
[2026-07-29T01:39:58.348+0000] {processor.py:840} INFO - DAG(s) 'process_gold_layer' retrieved from /opt/airflow/dags/gold_processing_dag.py
[2026-07-29T01:39:58.399+0000] {logging_mixin.py:188} INFO - [2026-07-29T01:39:58.399+0000] {dag.py:3096} INFO - Sync 1 DAGs
[2026-07-29T01:39:58.426+0000] {logging_mixin.py:188} INFO - [2026-07-29T01:39:58.425+0000] {dag.py:3954} INFO - Setting next_dagrun for process_gold_layer to None, run_after=None
[2026-07-29T01:39:58.466+0000] {processor.py:183} INFO - Processing /opt/airflow/dags/gold_processing_dag.py took 0.182 seconds
[2026-07-29T01:40:28.673+0000] {processor.py:161} INFO - Started process (PID=20259) to work on /opt/airflow/dags/gold_processing_dag.py
[2026-07-29T01:40:28.676+0000] {processor.py:830} INFO - Processing file /opt/airflow/dags/gold_processing_dag.py for tasks to queue
[2026-07-29T01:40:28.679+0000] {logging_mixin.py:188} INFO - [2026-07-29T01:40:28.678+0000] {dagbag.py:545} INFO - Filling up the DagBag from /opt/airflow/dags/gold_processing_dag.py
[2026-07-29T01:40:28.726+0000] {processor.py:840} INFO - DAG(s) 'process_gold_layer' retrieved from /opt/airflow/dags/gold_processing_dag.py
[2026-07-29T01:40:28.775+0000] {logging_mixin.py:188} INFO - [2026-07-29T01:40:28.775+0000] {dag.py:3096} INFO - Sync 1 DAGs
[2026-07-29T01:40:28.804+0000] {logging_mixin.py:188} INFO - [2026-07-29T01:40:28.804+0000] {dag.py:3954} INFO - Setting next_dagrun for process_gold_layer to None, run_after=None
[2026-07-29T01:40:28.851+0000] {processor.py:183} INFO - Processing /opt/airflow/dags/gold_processing_dag.py took 0.191 seconds
[2026-07-29T01:40:59.557+0000] {processor.py:161} INFO - Started process (PID=20274) to work on /opt/airflow/dags/gold_processing_dag.py
[2026-07-29T01:40:59.559+0000] {processor.py:830} INFO - Processing file /opt/airflow/dags/gold_processing_dag.py for tasks to queue
[2026-07-29T01:40:59.563+0000] {logging_mixin.py:188} INFO - [2026-07-29T01:40:59.562+0000] {dagbag.py:545} INFO - Filling up the DagBag from /opt/airflow/dags/gold_processing_dag.py
[2026-07-29T01:40:59.612+0000] {processor.py:840} INFO - DAG(s) 'process_gold_layer' retrieved from /opt/airflow/dags/gold_processing_dag.py
[2026-07-29T01:40:59.663+0000] {logging_mixin.py:188} INFO - [2026-07-29T01:40:59.662+0000] {dag.py:3096} INFO - Sync 1 DAGs
[2026-07-29T01:40:59.690+0000] {logging_mixin.py:188} INFO - [2026-07-29T01:40:59.690+0000] {dag.py:3954} INFO - Setting next_dagrun for process_gold_layer to None, run_after=None
[2026-07-29T01:40:59.741+0000] {processor.py:183} INFO - Processing /opt/airflow/dags/gold_processing_dag.py took 0.202 seconds
[2026-07-29T01:41:30.045+0000] {processor.py:161} INFO - Started process (PID=20289) to work on /opt/airflow/dags/gold_processing_dag.py
[2026-07-29T01:41:30.048+0000] {processor.py:830} INFO - Processing file /opt/airflow/dags/gold_processing_dag.py for tasks to queue
[2026-07-29T01:41:30.052+0000] {logging_mixin.py:188} INFO - [2026-07-29T01:41:30.051+0000] {dagbag.py:545} INFO - Filling up the DagBag from /opt/airflow/dags/gold_processing_dag.py
[2026-07-29T01:41:30.102+0000] {processor.py:840} INFO - DAG(s) 'process_gold_layer' retrieved from /opt/airflow/dags/gold_processing_dag.py
[2026-07-29T01:41:30.159+0000] {logging_mixin.py:188} INFO - [2026-07-29T01:41:30.158+0000] {dag.py:3096} INFO - Sync 1 DAGs
[2026-07-29T01:41:30.192+0000] {logging_mixin.py:188} INFO - [2026-07-29T01:41:30.191+0000] {dag.py:3954} INFO - Setting next_dagrun for process_gold_layer to None, run_after=None
[2026-07-29T01:41:30.245+0000] {processor.py:183} INFO - Processing /opt/airflow/dags/gold_processing_dag.py took 0.221 seconds
[2026-07-29T01:42:00.468+0000] {processor.py:161} INFO - Started process (PID=20304) to work on /opt/airflow/dags/gold_processing_dag.py
[2026-07-29T01:42:00.471+0000] {processor.py:830} INFO - Processing file /opt/airflow/dags/gold_processing_dag.py for tasks to queue
[2026-07-29T01:42:00.475+0000] {logging_mixin.py:188} INFO - [2026-07-29T01:42:00.474+0000] {dagbag.py:545} INFO - Filling up the DagBag from /opt/airflow/dags/gold_processing_dag.py
[2026-07-29T01:42:00.538+0000] {processor.py:840} INFO - DAG(s) 'process_gold_layer' retrieved from /opt/airflow/dags/gold_processing_dag.py
[2026-07-29T01:42:00.597+0000] {logging_mixin.py:188} INFO - [2026-07-29T01:42:00.596+0000] {dag.py:3096} INFO - Sync 1 DAGs
[2026-07-29T01:42:00.634+0000] {logging_mixin.py:188} INFO - [2026-07-29T01:42:00.633+0000] {dag.py:3954} INFO - Setting next_dagrun for process_gold_layer to None, run_after=None
[2026-07-29T01:42:00.681+0000] {processor.py:183} INFO - Processing /opt/airflow/dags/gold_processing_dag.py took 0.232 seconds
[2026-07-29T01:42:30.828+0000] {processor.py:161} INFO - Started process (PID=20319) to work on /opt/airflow/dags/gold_processing_dag.py
[2026-07-29T01:42:30.831+0000] {processor.py:830} INFO - Processing file /opt/airflow/dags/gold_processing_dag.py for tasks to queue
[2026-07-29T01:42:30.834+0000] {logging_mixin.py:188} INFO - [2026-07-29T01:42:30.833+0000] {dagbag.py:545} INFO - Filling up the DagBag from /opt/airflow/dags/gold_processing_dag.py
[2026-07-29T01:42:30.880+0000] {processor.py:840} INFO - DAG(s) 'process_gold_layer' retrieved from /opt/airflow/dags/gold_processing_dag.py
[2026-07-29T01:42:30.932+0000] {logging_mixin.py:188} INFO - [2026-07-29T01:42:30.932+0000] {dag.py:3096} INFO - Sync 1 DAGs
[2026-07-29T01:42:30.964+0000] {logging_mixin.py:188} INFO - [2026-07-29T01:42:30.963+0000] {dag.py:3954} INFO - Setting next_dagrun for process_gold_layer to None, run_after=None
[2026-07-29T01:42:31.009+0000] {processor.py:183} INFO - Processing /opt/airflow/dags/gold_processing_dag.py took 0.207 seconds
[2026-07-29T01:43:01.497+0000] {processor.py:161} INFO - Started process (PID=20334) to work on /opt/airflow/dags/gold_processing_dag.py
[2026-07-29T01:43:01.501+0000] {processor.py:830} INFO - Processing file /opt/airflow/dags/gold_processing_dag.py for tasks to queue
[2026-07-29T01:43:01.509+0000] {logging_mixin.py:188} INFO - [2026-07-29T01:43:01.508+0000] {dagbag.py:545} INFO - Filling up the DagBag from /opt/airflow/dags/gold_processing_dag.py
[2026-07-29T01:43:01.570+0000] {processor.py:840} INFO - DAG(s) 'process_gold_layer' retrieved from /opt/airflow/dags/gold_processing_dag.py
[2026-07-29T01:43:01.630+0000] {logging_mixin.py:188} INFO - [2026-07-29T01:43:01.630+0000] {dag.py:3096} INFO - Sync 1 DAGs
[2026-07-29T01:43:01.684+0000] {logging_mixin.py:188} INFO - [2026-07-29T01:43:01.683+0000] {dag.py:3954} INFO - Setting next_dagrun for process_gold_layer to None, run_after=None
[2026-07-29T01:43:01.734+0000] {processor.py:183} INFO - Processing /opt/airflow/dags/gold_processing_dag.py took 0.257 seconds
[2026-07-29T01:43:32.044+0000] {processor.py:161} INFO - Started process (PID=20349) to work on /opt/airflow/dags/gold_processing_dag.py
[2026-07-29T01:43:32.048+0000] {processor.py:830} INFO - Processing file /opt/airflow/dags/gold_processing_dag.py for tasks to queue
[2026-07-29T01:43:32.052+0000] {logging_mixin.py:188} INFO - [2026-07-29T01:43:32.050+0000] {dagbag.py:545} INFO - Filling up the DagBag from /opt/airflow/dags/gold_processing_dag.py
[2026-07-29T01:43:32.128+0000] {processor.py:840} INFO - DAG(s) 'process_gold_layer' retrieved from /opt/airflow/dags/gold_processing_dag.py
[2026-07-29T01:43:32.184+0000] {logging_mixin.py:188} INFO - [2026-07-29T01:43:32.183+0000] {dag.py:3096} INFO - Sync 1 DAGs
[2026-07-29T01:43:32.218+0000] {logging_mixin.py:188} INFO - [2026-07-29T01:43:32.218+0000] {dag.py:3954} INFO - Setting next_dagrun for process_gold_layer to None, run_after=None
[2026-07-29T01:43:32.260+0000] {processor.py:183} INFO - Processing /opt/airflow/dags/gold_processing_dag.py took 0.236 seconds
[2026-07-29T01:44:02.442+0000] {processor.py:161} INFO - Started process (PID=20364) to work on /opt/airflow/dags/gold_processing_dag.py
[2026-07-29T01:44:02.445+0000] {processor.py:830} INFO - Processing file /opt/airflow/dags/gold_processing_dag.py for tasks to queue
[2026-07-29T01:44:02.451+0000] {logging_mixin.py:188} INFO - [2026-07-29T01:44:02.449+0000] {dagbag.py:545} INFO - Filling up the DagBag from /opt/airflow/dags/gold_processing_dag.py
[2026-07-29T01:44:02.496+0000] {processor.py:840} INFO - DAG(s) 'process_gold_layer' retrieved from /opt/airflow/dags/gold_processing_dag.py
[2026-07-29T01:44:02.581+0000] {logging_mixin.py:188} INFO - [2026-07-29T01:44:02.580+0000] {dag.py:3096} INFO - Sync 1 DAGs
[2026-07-29T01:44:02.636+0000] {logging_mixin.py:188} INFO - [2026-07-29T01:44:02.635+0000] {dag.py:3954} INFO - Setting next_dagrun for process_gold_layer to None, run_after=None
[2026-07-29T01:44:02.717+0000] {processor.py:183} INFO - Processing /opt/airflow/dags/gold_processing_dag.py took 0.298 seconds
[2026-07-29T01:44:32.913+0000] {processor.py:161} INFO - Started process (PID=20379) to work on /opt/airflow/dags/gold_processing_dag.py
[2026-07-29T01:44:32.916+0000] {processor.py:830} INFO - Processing file /opt/airflow/dags/gold_processing_dag.py for tasks to queue
[2026-07-29T01:44:32.919+0000] {logging_mixin.py:188} INFO - [2026-07-29T01:44:32.919+0000] {dagbag.py:545} INFO - Filling up the DagBag from /opt/airflow/dags/gold_processing_dag.py
[2026-07-29T01:44:32.957+0000] {processor.py:840} INFO - DAG(s) 'process_gold_layer' retrieved from /opt/airflow/dags/gold_processing_dag.py
[2026-07-29T01:44:33.002+0000] {logging_mixin.py:188} INFO - [2026-07-29T01:44:33.002+0000] {dag.py:3096} INFO - Sync 1 DAGs
[2026-07-29T01:44:33.038+0000] {logging_mixin.py:188} INFO - [2026-07-29T01:44:33.037+0000] {dag.py:3954} INFO - Setting next_dagrun for process_gold_layer to None, run_after=None
[2026-07-29T01:44:33.084+0000] {processor.py:183} INFO - Processing /opt/airflow/dags/gold_processing_dag.py took 0.187 seconds
[2026-07-29T01:45:03.763+0000] {processor.py:161} INFO - Started process (PID=20394) to work on /opt/airflow/dags/gold_processing_dag.py
[2026-07-29T01:45:03.766+0000] {processor.py:830} INFO - Processing file /opt/airflow/dags/gold_processing_dag.py for tasks to queue
[2026-07-29T01:45:03.770+0000] {logging_mixin.py:188} INFO - [2026-07-29T01:45:03.769+0000] {dagbag.py:545} INFO - Filling up the DagBag from /opt/airflow/dags/gold_processing_dag.py
[2026-07-29T01:45:03.813+0000] {processor.py:840} INFO - DAG(s) 'process_gold_layer' retrieved from /opt/airflow/dags/gold_processing_dag.py
[2026-07-29T01:45:03.869+0000] {logging_mixin.py:188} INFO - [2026-07-29T01:45:03.869+0000] {dag.py:3096} INFO - Sync 1 DAGs
[2026-07-29T01:45:03.905+0000] {logging_mixin.py:188} INFO - [2026-07-29T01:45:03.904+0000] {dag.py:3954} INFO - Setting next_dagrun for process_gold_layer to None, run_after=None
[2026-07-29T01:45:03.960+0000] {processor.py:183} INFO - Processing /opt/airflow/dags/gold_processing_dag.py took 0.215 seconds
[2026-07-29T01:45:34.257+0000] {processor.py:161} INFO - Started process (PID=20409) to work on /opt/airflow/dags/gold_processing_dag.py
[2026-07-29T01:45:34.260+0000] {processor.py:830} INFO - Processing file /opt/airflow/dags/gold_processing_dag.py for tasks to queue
[2026-07-29T01:45:34.265+0000] {logging_mixin.py:188} INFO - [2026-07-29T01:45:34.264+0000] {dagbag.py:545} INFO - Filling up the DagBag from /opt/airflow/dags/gold_processing_dag.py
[2026-07-29T01:45:34.318+0000] {processor.py:840} INFO - DAG(s) 'process_gold_layer' retrieved from /opt/airflow/dags/gold_processing_dag.py
[2026-07-29T01:45:34.406+0000] {logging_mixin.py:188} INFO - [2026-07-29T01:45:34.406+0000] {dag.py:3096} INFO - Sync 1 DAGs
[2026-07-29T01:45:34.469+0000] {logging_mixin.py:188} INFO - [2026-07-29T01:45:34.468+0000] {dag.py:3954} INFO - Setting next_dagrun for process_gold_layer to None, run_after=None
[2026-07-29T01:45:34.519+0000] {processor.py:183} INFO - Processing /opt/airflow/dags/gold_processing_dag.py took 0.284 seconds
[2026-07-29T01:46:04.629+0000] {processor.py:161} INFO - Started process (PID=20424) to work on /opt/airflow/dags/gold_processing_dag.py
[2026-07-29T01:46:04.631+0000] {processor.py:830} INFO - Processing file /opt/airflow/dags/gold_processing_dag.py for tasks to queue
[2026-07-29T01:46:04.634+0000] {logging_mixin.py:188} INFO - [2026-07-29T01:46:04.633+0000] {dagbag.py:545} INFO - Filling up the DagBag from /opt/airflow/dags/gold_processing_dag.py
[2026-07-29T01:46:04.671+0000] {processor.py:840} INFO - DAG(s) 'process_gold_layer' retrieved from /opt/airflow/dags/gold_processing_dag.py
[2026-07-29T01:46:04.716+0000] {logging_mixin.py:188} INFO - [2026-07-29T01:46:04.716+0000] {dag.py:3096} INFO - Sync 1 DAGs
[2026-07-29T01:46:04.746+0000] {logging_mixin.py:188} INFO - [2026-07-29T01:46:04.745+0000] {dag.py:3954} INFO - Setting next_dagrun for process_gold_layer to None, run_after=None
[2026-07-29T01:46:04.851+0000] {processor.py:183} INFO - Processing /opt/airflow/dags/gold_processing_dag.py took 0.233 seconds
[2026-07-29T01:46:35.261+0000] {processor.py:161} INFO - Started process (PID=20439) to work on /opt/airflow/dags/gold_processing_dag.py
[2026-07-29T01:46:35.264+0000] {processor.py:830} INFO - Processing file /opt/airflow/dags/gold_processing_dag.py for tasks to queue
[2026-07-29T01:46:35.267+0000] {logging_mixin.py:188} INFO - [2026-07-29T01:46:35.266+0000] {dagbag.py:545} INFO - Filling up the DagBag from /opt/airflow/dags/gold_processing_dag.py
[2026-07-29T01:46:35.307+0000] {processor.py:840} INFO - DAG(s) 'process_gold_layer' retrieved from /opt/airflow/dags/gold_processing_dag.py
[2026-07-29T01:46:35.356+0000] {logging_mixin.py:188} INFO - [2026-07-29T01:46:35.355+0000] {dag.py:3096} INFO - Sync 1 DAGs
[2026-07-29T01:46:35.385+0000] {logging_mixin.py:188} INFO - [2026-07-29T01:46:35.385+0000] {dag.py:3954} INFO - Setting next_dagrun for process_gold_layer to None, run_after=None
[2026-07-29T01:46:35.425+0000] {processor.py:183} INFO - Processing /opt/airflow/dags/gold_processing_dag.py took 0.177 seconds
[2026-07-29T01:47:06.231+0000] {processor.py:161} INFO - Started process (PID=20454) to work on /opt/airflow/dags/gold_processing_dag.py
[2026-07-29T01:47:06.237+0000] {processor.py:830} INFO - Processing file /opt/airflow/dags/gold_processing_dag.py for tasks to queue
[2026-07-29T01:47:06.243+0000] {logging_mixin.py:188} INFO - [2026-07-29T01:47:06.242+0000] {dagbag.py:545} INFO - Filling up the DagBag from /opt/airflow/dags/gold_processing_dag.py
[2026-07-29T01:47:06.303+0000] {processor.py:840} INFO - DAG(s) 'process_gold_layer' retrieved from /opt/airflow/dags/gold_processing_dag.py
[2026-07-29T01:47:06.373+0000] {logging_mixin.py:188} INFO - [2026-07-29T01:47:06.373+0000] {dag.py:3096} INFO - Sync 1 DAGs
[2026-07-29T01:47:06.408+0000] {logging_mixin.py:188} INFO - [2026-07-29T01:47:06.408+0000] {dag.py:3954} INFO - Setting next_dagrun for process_gold_layer to None, run_after=None
[2026-07-29T01:47:06.506+0000] {processor.py:183} INFO - Processing /opt/airflow/dags/gold_processing_dag.py took 0.302 seconds
[2026-07-29T01:47:36.826+0000] {processor.py:161} INFO - Started process (PID=20469) to work on /opt/airflow/dags/gold_processing_dag.py
[2026-07-29T01:47:36.829+0000] {processor.py:830} INFO - Processing file /opt/airflow/dags/gold_processing_dag.py for tasks to queue
[2026-07-29T01:47:36.834+0000] {logging_mixin.py:188} INFO - [2026-07-29T01:47:36.833+0000] {dagbag.py:545} INFO - Filling up the DagBag from /opt/airflow/dags/gold_processing_dag.py
[2026-07-29T01:47:36.878+0000] {processor.py:840} INFO - DAG(s) 'process_gold_layer' retrieved from /opt/airflow/dags/gold_processing_dag.py
[2026-07-29T01:47:36.948+0000] {logging_mixin.py:188} INFO - [2026-07-29T01:47:36.947+0000] {dag.py:3096} INFO - Sync 1 DAGs
[2026-07-29T01:47:36.987+0000] {logging_mixin.py:188} INFO - [2026-07-29T01:47:36.987+0000] {dag.py:3954} INFO - Setting next_dagrun for process_gold_layer to None, run_after=None
[2026-07-29T01:47:37.033+0000] {processor.py:183} INFO - Processing /opt/airflow/dags/gold_processing_dag.py took 0.228 seconds
[2026-07-29T01:48:07.466+0000] {processor.py:161} INFO - Started process (PID=20484) to work on /opt/airflow/dags/gold_processing_dag.py
[2026-07-29T01:48:07.473+0000] {processor.py:830} INFO - Processing file /opt/airflow/dags/gold_processing_dag.py for tasks to queue
[2026-07-29T01:48:07.478+0000] {logging_mixin.py:188} INFO - [2026-07-29T01:48:07.477+0000] {dagbag.py:545} INFO - Filling up the DagBag from /opt/airflow/dags/gold_processing_dag.py
[2026-07-29T01:48:07.531+0000] {processor.py:840} INFO - DAG(s) 'process_gold_layer' retrieved from /opt/airflow/dags/gold_processing_dag.py
[2026-07-29T01:48:07.617+0000] {logging_mixin.py:188} INFO - [2026-07-29T01:48:07.616+0000] {dag.py:3096} INFO - Sync 1 DAGs
[2026-07-29T01:48:07.657+0000] {logging_mixin.py:188} INFO - [2026-07-29T01:48:07.656+0000] {dag.py:3954} INFO - Setting next_dagrun for process_gold_layer to None, run_after=None
[2026-07-29T01:48:07.748+0000] {processor.py:183} INFO - Processing /opt/airflow/dags/gold_processing_dag.py took 0.323 seconds
[2026-07-29T01:48:38.011+0000] {processor.py:161} INFO - Started process (PID=20499) to work on /opt/airflow/dags/gold_processing_dag.py
[2026-07-29T01:48:38.014+0000] {processor.py:830} INFO - Processing file /opt/airflow/dags/gold_processing_dag.py for tasks to queue
[2026-07-29T01:48:38.019+0000] {logging_mixin.py:188} INFO - [2026-07-29T01:48:38.017+0000] {dagbag.py:545} INFO - Filling up the DagBag from /opt/airflow/dags/gold_processing_dag.py
[2026-07-29T01:48:38.080+0000] {processor.py:840} INFO - DAG(s) 'process_gold_layer' retrieved from /opt/airflow/dags/gold_processing_dag.py
[2026-07-29T01:48:38.189+0000] {logging_mixin.py:188} INFO - [2026-07-29T01:48:38.188+0000] {dag.py:3096} INFO - Sync 1 DAGs
[2026-07-29T01:48:38.277+0000] {logging_mixin.py:188} INFO - [2026-07-29T01:48:38.277+0000] {dag.py:3954} INFO - Setting next_dagrun for process_gold_layer to None, run_after=None
[2026-07-29T01:48:38.360+0000] {processor.py:183} INFO - Processing /opt/airflow/dags/gold_processing_dag.py took 0.380 seconds
[2026-07-29T01:49:09.067+0000] {processor.py:161} INFO - Started process (PID=20514) to work on /opt/airflow/dags/gold_processing_dag.py
[2026-07-29T01:49:09.073+0000] {processor.py:830} INFO - Processing file /opt/airflow/dags/gold_processing_dag.py for tasks to queue
[2026-07-29T01:49:09.082+0000] {logging_mixin.py:188} INFO - [2026-07-29T01:49:09.081+0000] {dagbag.py:545} INFO - Filling up the DagBag from /opt/airflow/dags/gold_processing_dag.py
[2026-07-29T01:49:09.128+0000] {processor.py:840} INFO - DAG(s) 'process_gold_layer' retrieved from /opt/airflow/dags/gold_processing_dag.py
[2026-07-29T01:49:09.193+0000] {logging_mixin.py:188} INFO - [2026-07-29T01:49:09.193+0000] {dag.py:3096} INFO - Sync 1 DAGs
[2026-07-29T01:49:09.225+0000] {logging_mixin.py:188} INFO - [2026-07-29T01:49:09.224+0000] {dag.py:3954} INFO - Setting next_dagrun for process_gold_layer to None, run_after=None
[2026-07-29T01:49:09.272+0000] {processor.py:183} INFO - Processing /opt/airflow/dags/gold_processing_dag.py took 0.251 seconds
[2026-07-29T01:49:39.512+0000] {processor.py:161} INFO - Started process (PID=20529) to work on /opt/airflow/dags/gold_processing_dag.py
[2026-07-29T01:49:39.515+0000] {processor.py:830} INFO - Processing file /opt/airflow/dags/gold_processing_dag.py for tasks to queue
[2026-07-29T01:49:39.519+0000] {logging_mixin.py:188} INFO - [2026-07-29T01:49:39.518+0000] {dagbag.py:545} INFO - Filling up the DagBag from /opt/airflow/dags/gold_processing_dag.py
[2026-07-29T01:49:39.568+0000] {processor.py:840} INFO - DAG(s) 'process_gold_layer' retrieved from /opt/airflow/dags/gold_processing_dag.py
[2026-07-29T01:49:39.625+0000] {logging_mixin.py:188} INFO - [2026-07-29T01:49:39.624+0000] {dag.py:3096} INFO - Sync 1 DAGs
[2026-07-29T01:49:39.664+0000] {logging_mixin.py:188} INFO - [2026-07-29T01:49:39.664+0000] {dag.py:3954} INFO - Setting next_dagrun for process_gold_layer to None, run_after=None
[2026-07-29T01:49:39.712+0000] {processor.py:183} INFO - Processing /opt/airflow/dags/gold_processing_dag.py took 0.218 seconds
[2026-07-29T01:50:09.887+0000] {processor.py:161} INFO - Started process (PID=20544) to work on /opt/airflow/dags/gold_processing_dag.py
[2026-07-29T01:50:09.890+0000] {processor.py:830} INFO - Processing file /opt/airflow/dags/gold_processing_dag.py for tasks to queue
[2026-07-29T01:50:09.895+0000] {logging_mixin.py:188} INFO - [2026-07-29T01:50:09.893+0000] {dagbag.py:545} INFO - Filling up the DagBag from /opt/airflow/dags/gold_processing_dag.py
[2026-07-29T01:50:09.937+0000] {processor.py:840} INFO - DAG(s) 'process_gold_layer' retrieved from /opt/airflow/dags/gold_processing_dag.py
[2026-07-29T01:50:10.003+0000] {logging_mixin.py:188} INFO - [2026-07-29T01:50:10.003+0000] {dag.py:3096} INFO - Sync 1 DAGs
[2026-07-29T01:50:10.036+0000] {logging_mixin.py:188} INFO - [2026-07-29T01:50:10.036+0000] {dag.py:3954} INFO - Setting next_dagrun for process_gold_layer to None, run_after=None
[2026-07-29T01:50:10.129+0000] {processor.py:183} INFO - Processing /opt/airflow/dags/gold_processing_dag.py took 0.267 seconds
[2026-07-29T01:50:40.308+0000] {processor.py:161} INFO - Started process (PID=20559) to work on /opt/airflow/dags/gold_processing_dag.py
[2026-07-29T01:50:40.311+0000] {processor.py:830} INFO - Processing file /opt/airflow/dags/gold_processing_dag.py for tasks to queue
[2026-07-29T01:50:40.317+0000] {logging_mixin.py:188} INFO - [2026-07-29T01:50:40.316+0000] {dagbag.py:545} INFO - Filling up the DagBag from /opt/airflow/dags/gold_processing_dag.py
[2026-07-29T01:50:40.370+0000] {processor.py:840} INFO - DAG(s) 'process_gold_layer' retrieved from /opt/airflow/dags/gold_processing_dag.py
[2026-07-29T01:50:40.462+0000] {logging_mixin.py:188} INFO - [2026-07-29T01:50:40.462+0000] {dag.py:3096} INFO - Sync 1 DAGs
[2026-07-29T01:50:40.508+0000] {logging_mixin.py:188} INFO - [2026-07-29T01:50:40.507+0000] {dag.py:3954} INFO - Setting next_dagrun for process_gold_layer to None, run_after=None
[2026-07-29T01:50:40.552+0000] {processor.py:183} INFO - Processing /opt/airflow/dags/gold_processing_dag.py took 0.267 seconds
[2026-07-29T01:51:11.011+0000] {processor.py:161} INFO - Started process (PID=20574) to work on /opt/airflow/dags/gold_processing_dag.py
[2026-07-29T01:51:11.014+0000] {processor.py:830} INFO - Processing file /opt/airflow/dags/gold_processing_dag.py for tasks to queue
[2026-07-29T01:51:11.018+0000] {logging_mixin.py:188} INFO - [2026-07-29T01:51:11.017+0000] {dagbag.py:545} INFO - Filling up the DagBag from /opt/airflow/dags/gold_processing_dag.py
[2026-07-29T01:51:11.064+0000] {processor.py:840} INFO - DAG(s) 'process_gold_layer' retrieved from /opt/airflow/dags/gold_processing_dag.py
[2026-07-29T01:51:11.124+0000] {logging_mixin.py:188} INFO - [2026-07-29T01:51:11.123+0000] {dag.py:3096} INFO - Sync 1 DAGs
[2026-07-29T01:51:11.154+0000] {logging_mixin.py:188} INFO - [2026-07-29T01:51:11.154+0000] {dag.py:3954} INFO - Setting next_dagrun for process_gold_layer to None, run_after=None
[2026-07-29T01:51:11.197+0000] {processor.py:183} INFO - Processing /opt/airflow/dags/gold_processing_dag.py took 0.208 seconds
[2026-07-29T01:51:41.555+0000] {processor.py:161} INFO - Started process (PID=20589) to work on /opt/airflow/dags/gold_processing_dag.py
[2026-07-29T01:51:41.558+0000] {processor.py:830} INFO - Processing file /opt/airflow/dags/gold_processing_dag.py for tasks to queue
[2026-07-29T01:51:41.562+0000] {logging_mixin.py:188} INFO - [2026-07-29T01:51:41.561+0000] {dagbag.py:545} INFO - Filling up the DagBag from /opt/airflow/dags/gold_processing_dag.py
[2026-07-29T01:51:41.625+0000] {processor.py:840} INFO - DAG(s) 'process_gold_layer' retrieved from /opt/airflow/dags/gold_processing_dag.py
[2026-07-29T01:51:41.679+0000] {logging_mixin.py:188} INFO - [2026-07-29T01:51:41.678+0000] {dag.py:3096} INFO - Sync 1 DAGs
[2026-07-29T01:51:41.717+0000] {logging_mixin.py:188} INFO - [2026-07-29T01:51:41.716+0000] {dag.py:3954} INFO - Setting next_dagrun for process_gold_layer to None, run_after=None
[2026-07-29T01:51:41.775+0000] {processor.py:183} INFO - Processing /opt/airflow/dags/gold_processing_dag.py took 0.242 seconds
[2026-07-29T01:52:16.830+0000] {processor.py:161} INFO - Started process (PID=20604) to work on /opt/airflow/dags/gold_processing_dag.py
[2026-07-29T01:52:16.833+0000] {processor.py:830} INFO - Processing file /opt/airflow/dags/gold_processing_dag.py for tasks to queue
[2026-07-29T01:52:16.836+0000] {logging_mixin.py:188} INFO - [2026-07-29T01:52:16.835+0000] {dagbag.py:545} INFO - Filling up the DagBag from /opt/airflow/dags/gold_processing_dag.py
[2026-07-29T01:52:16.877+0000] {processor.py:840} INFO - DAG(s) 'process_gold_layer' retrieved from /opt/airflow/dags/gold_processing_dag.py
[2026-07-29T01:52:16.959+0000] {logging_mixin.py:188} INFO - [2026-07-29T01:52:16.959+0000] {dag.py:3096} INFO - Sync 1 DAGs
[2026-07-29T01:52:16.990+0000] {logging_mixin.py:188} INFO - [2026-07-29T01:52:16.990+0000] {dag.py:3954} INFO - Setting next_dagrun for process_gold_layer to None, run_after=None
[2026-07-29T01:52:17.042+0000] {processor.py:183} INFO - Processing /opt/airflow/dags/gold_processing_dag.py took 0.229 seconds
[2026-07-29T01:52:47.487+0000] {processor.py:161} INFO - Started process (PID=20619) to work on /opt/airflow/dags/gold_processing_dag.py
[2026-07-29T01:52:47.507+0000] {processor.py:830} INFO - Processing file /opt/airflow/dags/gold_processing_dag.py for tasks to queue
[2026-07-29T01:52:47.529+0000] {logging_mixin.py:188} INFO - [2026-07-29T01:52:47.527+0000] {dagbag.py:545} INFO - Filling up the DagBag from /opt/airflow/dags/gold_processing_dag.py
[2026-07-29T01:52:47.598+0000] {processor.py:840} INFO - DAG(s) 'process_gold_layer' retrieved from /opt/airflow/dags/gold_processing_dag.py
[2026-07-29T01:52:47.657+0000] {logging_mixin.py:188} INFO - [2026-07-29T01:52:47.656+0000] {dag.py:3096} INFO - Sync 1 DAGs
[2026-07-29T01:52:47.693+0000] {logging_mixin.py:188} INFO - [2026-07-29T01:52:47.692+0000] {dag.py:3954} INFO - Setting next_dagrun for process_gold_layer to None, run_after=None
[2026-07-29T01:52:47.766+0000] {processor.py:183} INFO - Processing /opt/airflow/dags/gold_processing_dag.py took 0.296 seconds
[2026-07-29T01:53:18.248+0000] {processor.py:161} INFO - Started process (PID=20634) to work on /opt/airflow/dags/gold_processing_dag.py
[2026-07-29T01:53:18.251+0000] {processor.py:830} INFO - Processing file /opt/airflow/dags/gold_processing_dag.py for tasks to queue
[2026-07-29T01:53:18.255+0000] {logging_mixin.py:188} INFO - [2026-07-29T01:53:18.254+0000] {dagbag.py:545} INFO - Filling up the DagBag from /opt/airflow/dags/gold_processing_dag.py
[2026-07-29T01:53:18.300+0000] {processor.py:840} INFO - DAG(s) 'process_gold_layer' retrieved from /opt/airflow/dags/gold_processing_dag.py
[2026-07-29T01:53:18.354+0000] {logging_mixin.py:188} INFO - [2026-07-29T01:53:18.354+0000] {dag.py:3096} INFO - Sync 1 DAGs
[2026-07-29T01:53:18.391+0000] {logging_mixin.py:188} INFO - [2026-07-29T01:53:18.390+0000] {dag.py:3954} INFO - Setting next_dagrun for process_gold_layer to None, run_after=None
[2026-07-29T01:53:18.447+0000] {processor.py:183} INFO - Processing /opt/airflow/dags/gold_processing_dag.py took 0.222 seconds
[2026-07-29T01:53:48.665+0000] {processor.py:161} INFO - Started process (PID=20649) to work on /opt/airflow/dags/gold_processing_dag.py
[2026-07-29T01:53:48.672+0000] {processor.py:830} INFO - Processing file /opt/airflow/dags/gold_processing_dag.py for tasks to queue
[2026-07-29T01:53:48.679+0000] {logging_mixin.py:188} INFO - [2026-07-29T01:53:48.677+0000] {dagbag.py:545} INFO - Filling up the DagBag from /opt/airflow/dags/gold_processing_dag.py
[2026-07-29T01:53:48.739+0000] {processor.py:840} INFO - DAG(s) 'process_gold_layer' retrieved from /opt/airflow/dags/gold_processing_dag.py
[2026-07-29T01:53:48.837+0000] {logging_mixin.py:188} INFO - [2026-07-29T01:53:48.837+0000] {dag.py:3096} INFO - Sync 1 DAGs
[2026-07-29T01:53:48.876+0000] {logging_mixin.py:188} INFO - [2026-07-29T01:53:48.876+0000] {dag.py:3954} INFO - Setting next_dagrun for process_gold_layer to None, run_after=None
[2026-07-29T01:53:48.925+0000] {processor.py:183} INFO - Processing /opt/airflow/dags/gold_processing_dag.py took 0.286 seconds
[2026-07-29T01:54:19.183+0000] {processor.py:161} INFO - Started process (PID=20664) to work on /opt/airflow/dags/gold_processing_dag.py
[2026-07-29T01:54:19.187+0000] {processor.py:830} INFO - Processing file /opt/airflow/dags/gold_processing_dag.py for tasks to queue
[2026-07-29T01:54:19.201+0000] {logging_mixin.py:188} INFO - [2026-07-29T01:54:19.200+0000] {dagbag.py:545} INFO - Filling up the DagBag from /opt/airflow/dags/gold_processing_dag.py
[2026-07-29T01:54:19.289+0000] {processor.py:840} INFO - DAG(s) 'process_gold_layer' retrieved from /opt/airflow/dags/gold_processing_dag.py
[2026-07-29T01:54:19.349+0000] {logging_mixin.py:188} INFO - [2026-07-29T01:54:19.348+0000] {dag.py:3096} INFO - Sync 1 DAGs
[2026-07-29T01:54:19.390+0000] {logging_mixin.py:188} INFO - [2026-07-29T01:54:19.389+0000] {dag.py:3954} INFO - Setting next_dagrun for process_gold_layer to None, run_after=None
[2026-07-29T01:54:19.441+0000] {processor.py:183} INFO - Processing /opt/airflow/dags/gold_processing_dag.py took 0.289 seconds
[2026-07-29T01:54:50.020+0000] {processor.py:161} INFO - Started process (PID=20679) to work on /opt/airflow/dags/gold_processing_dag.py
[2026-07-29T01:54:50.024+0000] {processor.py:830} INFO - Processing file /opt/airflow/dags/gold_processing_dag.py for tasks to queue
[2026-07-29T01:54:50.028+0000] {logging_mixin.py:188} INFO - [2026-07-29T01:54:50.027+0000] {dagbag.py:545} INFO - Filling up the DagBag from /opt/airflow/dags/gold_processing_dag.py
[2026-07-29T01:54:50.070+0000] {processor.py:840} INFO - DAG(s) 'process_gold_layer' retrieved from /opt/airflow/dags/gold_processing_dag.py
[2026-07-29T01:54:50.131+0000] {logging_mixin.py:188} INFO - [2026-07-29T01:54:50.131+0000] {dag.py:3096} INFO - Sync 1 DAGs
[2026-07-29T01:54:50.166+0000] {logging_mixin.py:188} INFO - [2026-07-29T01:54:50.166+0000] {dag.py:3954} INFO - Setting next_dagrun for process_gold_layer to None, run_after=None
[2026-07-29T01:54:50.215+0000] {processor.py:183} INFO - Processing /opt/airflow/dags/gold_processing_dag.py took 0.211 seconds
[2026-07-29T01:55:20.615+0000] {processor.py:161} INFO - Started process (PID=20694) to work on /opt/airflow/dags/gold_processing_dag.py
[2026-07-29T01:55:20.619+0000] {processor.py:830} INFO - Processing file /opt/airflow/dags/gold_processing_dag.py for tasks to queue
[2026-07-29T01:55:20.627+0000] {logging_mixin.py:188} INFO - [2026-07-29T01:55:20.625+0000] {dagbag.py:545} INFO - Filling up the DagBag from /opt/airflow/dags/gold_processing_dag.py
[2026-07-29T01:55:20.689+0000] {processor.py:840} INFO - DAG(s) 'process_gold_layer' retrieved from /opt/airflow/dags/gold_processing_dag.py
[2026-07-29T01:55:20.785+0000] {logging_mixin.py:188} INFO - [2026-07-29T01:55:20.785+0000] {dag.py:3096} INFO - Sync 1 DAGs
[2026-07-29T01:55:20.830+0000] {logging_mixin.py:188} INFO - [2026-07-29T01:55:20.830+0000] {dag.py:3954} INFO - Setting next_dagrun for process_gold_layer to None, run_after=None
[2026-07-29T01:55:20.880+0000] {processor.py:183} INFO - Processing /opt/airflow/dags/gold_processing_dag.py took 0.286 seconds
[2026-07-29T01:55:51.076+0000] {processor.py:161} INFO - Started process (PID=20709) to work on /opt/airflow/dags/gold_processing_dag.py
[2026-07-29T01:55:51.081+0000] {processor.py:830} INFO - Processing file /opt/airflow/dags/gold_processing_dag.py for tasks to queue
[2026-07-29T01:55:51.093+0000] {logging_mixin.py:188} INFO - [2026-07-29T01:55:51.091+0000] {dagbag.py:545} INFO - Filling up the DagBag from /opt/airflow/dags/gold_processing_dag.py
[2026-07-29T01:55:51.149+0000] {processor.py:840} INFO - DAG(s) 'process_gold_layer' retrieved from /opt/airflow/dags/gold_processing_dag.py
[2026-07-29T01:55:51.229+0000] {logging_mixin.py:188} INFO - [2026-07-29T01:55:51.228+0000] {dag.py:3096} INFO - Sync 1 DAGs
[2026-07-29T01:55:51.277+0000] {logging_mixin.py:188} INFO - [2026-07-29T01:55:51.277+0000] {dag.py:3954} INFO - Setting next_dagrun for process_gold_layer to None, run_after=None
[2026-07-29T01:55:51.384+0000] {processor.py:183} INFO - Processing /opt/airflow/dags/gold_processing_dag.py took 0.336 seconds
[2026-07-29T01:56:21.784+0000] {processor.py:161} INFO - Started process (PID=20724) to work on /opt/airflow/dags/gold_processing_dag.py
[2026-07-29T01:56:21.790+0000] {processor.py:830} INFO - Processing file /opt/airflow/dags/gold_processing_dag.py for tasks to queue
[2026-07-29T01:56:21.794+0000] {logging_mixin.py:188} INFO - [2026-07-29T01:56:21.793+0000] {dagbag.py:545} INFO - Filling up the DagBag from /opt/airflow/dags/gold_processing_dag.py
[2026-07-29T01:56:21.859+0000] {processor.py:840} INFO - DAG(s) 'process_gold_layer' retrieved from /opt/airflow/dags/gold_processing_dag.py
[2026-07-29T01:56:21.913+0000] {logging_mixin.py:188} INFO - [2026-07-29T01:56:21.913+0000] {dag.py:3096} INFO - Sync 1 DAGs
[2026-07-29T01:56:21.942+0000] {logging_mixin.py:188} INFO - [2026-07-29T01:56:21.941+0000] {dag.py:3954} INFO - Setting next_dagrun for process_gold_layer to None, run_after=None
[2026-07-29T01:56:21.989+0000] {processor.py:183} INFO - Processing /opt/airflow/dags/gold_processing_dag.py took 0.229 seconds
[2026-07-29T01:56:52.719+0000] {processor.py:161} INFO - Started process (PID=20739) to work on /opt/airflow/dags/gold_processing_dag.py
[2026-07-29T01:56:52.722+0000] {processor.py:830} INFO - Processing file /opt/airflow/dags/gold_processing_dag.py for tasks to queue
[2026-07-29T01:56:52.729+0000] {logging_mixin.py:188} INFO - [2026-07-29T01:56:52.728+0000] {dagbag.py:545} INFO - Filling up the DagBag from /opt/airflow/dags/gold_processing_dag.py
[2026-07-29T01:56:52.800+0000] {processor.py:840} INFO - DAG(s) 'process_gold_layer' retrieved from /opt/airflow/dags/gold_processing_dag.py
[2026-07-29T01:56:52.894+0000] {logging_mixin.py:188} INFO - [2026-07-29T01:56:52.893+0000] {dag.py:3096} INFO - Sync 1 DAGs
[2026-07-29T01:56:52.931+0000] {logging_mixin.py:188} INFO - [2026-07-29T01:56:52.931+0000] {dag.py:3954} INFO - Setting next_dagrun for process_gold_layer to None, run_after=None
[2026-07-29T01:56:52.984+0000] {processor.py:183} INFO - Processing /opt/airflow/dags/gold_processing_dag.py took 0.315 seconds
[2026-07-29T01:57:23.343+0000] {processor.py:161} INFO - Started process (PID=20754) to work on /opt/airflow/dags/gold_processing_dag.py
[2026-07-29T01:57:23.346+0000] {processor.py:830} INFO - Processing file /opt/airflow/dags/gold_processing_dag.py for tasks to queue
[2026-07-29T01:57:23.350+0000] {logging_mixin.py:188} INFO - [2026-07-29T01:57:23.349+0000] {dagbag.py:545} INFO - Filling up the DagBag from /opt/airflow/dags/gold_processing_dag.py
[2026-07-29T01:57:23.399+0000] {processor.py:840} INFO - DAG(s) 'process_gold_layer' retrieved from /opt/airflow/dags/gold_processing_dag.py
[2026-07-29T01:57:23.454+0000] {logging_mixin.py:188} INFO - [2026-07-29T01:57:23.454+0000] {dag.py:3096} INFO - Sync 1 DAGs
[2026-07-29T01:57:23.489+0000] {logging_mixin.py:188} INFO - [2026-07-29T01:57:23.488+0000] {dag.py:3954} INFO - Setting next_dagrun for process_gold_layer to None, run_after=None
[2026-07-29T01:57:23.535+0000] {processor.py:183} INFO - Processing /opt/airflow/dags/gold_processing_dag.py took 0.210 seconds
[2026-07-29T01:57:53.719+0000] {processor.py:161} INFO - Started process (PID=20769) to work on /opt/airflow/dags/gold_processing_dag.py
[2026-07-29T01:57:53.725+0000] {processor.py:830} INFO - Processing file /opt/airflow/dags/gold_processing_dag.py for tasks to queue
[2026-07-29T01:57:53.733+0000] {logging_mixin.py:188} INFO - [2026-07-29T01:57:53.728+0000] {dagbag.py:545} INFO - Filling up the DagBag from /opt/airflow/dags/gold_processing_dag.py
[2026-07-29T01:57:53.822+0000] {processor.py:840} INFO - DAG(s) 'process_gold_layer' retrieved from /opt/airflow/dags/gold_processing_dag.py
[2026-07-29T01:57:53.926+0000] {logging_mixin.py:188} INFO - [2026-07-29T01:57:53.925+0000] {dag.py:3096} INFO - Sync 1 DAGs
[2026-07-29T01:57:53.980+0000] {logging_mixin.py:188} INFO - [2026-07-29T01:57:53.978+0000] {dag.py:3954} INFO - Setting next_dagrun for process_gold_layer to None, run_after=None
[2026-07-29T01:57:54.077+0000] {processor.py:183} INFO - Processing /opt/airflow/dags/gold_processing_dag.py took 0.387 seconds
[2026-07-29T01:58:24.376+0000] {processor.py:161} INFO - Started process (PID=20784) to work on /opt/airflow/dags/gold_processing_dag.py
[2026-07-29T01:58:24.379+0000] {processor.py:830} INFO - Processing file /opt/airflow/dags/gold_processing_dag.py for tasks to queue
[2026-07-29T01:58:24.383+0000] {logging_mixin.py:188} INFO - [2026-07-29T01:58:24.382+0000] {dagbag.py:545} INFO - Filling up the DagBag from /opt/airflow/dags/gold_processing_dag.py
[2026-07-29T01:58:24.428+0000] {processor.py:840} INFO - DAG(s) 'process_gold_layer' retrieved from /opt/airflow/dags/gold_processing_dag.py
[2026-07-29T01:58:24.482+0000] {logging_mixin.py:188} INFO - [2026-07-29T01:58:24.482+0000] {dag.py:3096} INFO - Sync 1 DAGs
[2026-07-29T01:58:24.530+0000] {logging_mixin.py:188} INFO - [2026-07-29T01:58:24.529+0000] {dag.py:3954} INFO - Setting next_dagrun for process_gold_layer to None, run_after=None
[2026-07-29T01:58:24.609+0000] {processor.py:183} INFO - Processing /opt/airflow/dags/gold_processing_dag.py took 0.253 seconds
[2026-07-29T01:58:55.162+0000] {processor.py:161} INFO - Started process (PID=20799) to work on /opt/airflow/dags/gold_processing_dag.py
[2026-07-29T01:58:55.166+0000] {processor.py:830} INFO - Processing file /opt/airflow/dags/gold_processing_dag.py for tasks to queue
[2026-07-29T01:58:55.170+0000] {logging_mixin.py:188} INFO - [2026-07-29T01:58:55.169+0000] {dagbag.py:545} INFO - Filling up the DagBag from /opt/airflow/dags/gold_processing_dag.py
[2026-07-29T01:58:55.218+0000] {processor.py:840} INFO - DAG(s) 'process_gold_layer' retrieved from /opt/airflow/dags/gold_processing_dag.py
[2026-07-29T01:58:55.277+0000] {logging_mixin.py:188} INFO - [2026-07-29T01:58:55.277+0000] {dag.py:3096} INFO - Sync 1 DAGs
[2026-07-29T01:58:55.309+0000] {logging_mixin.py:188} INFO - [2026-07-29T01:58:55.309+0000] {dag.py:3954} INFO - Setting next_dagrun for process_gold_layer to None, run_after=None
[2026-07-29T01:58:55.359+0000] {processor.py:183} INFO - Processing /opt/airflow/dags/gold_processing_dag.py took 0.216 seconds
[2026-07-29T01:59:25.710+0000] {processor.py:161} INFO - Started process (PID=20814) to work on /opt/airflow/dags/gold_processing_dag.py
[2026-07-29T01:59:25.714+0000] {processor.py:830} INFO - Processing file /opt/airflow/dags/gold_processing_dag.py for tasks to queue
[2026-07-29T01:59:25.718+0000] {logging_mixin.py:188} INFO - [2026-07-29T01:59:25.717+0000] {dagbag.py:545} INFO - Filling up the DagBag from /opt/airflow/dags/gold_processing_dag.py
[2026-07-29T01:59:25.813+0000] {processor.py:840} INFO - DAG(s) 'process_gold_layer' retrieved from /opt/airflow/dags/gold_processing_dag.py
[2026-07-29T01:59:25.905+0000] {logging_mixin.py:188} INFO - [2026-07-29T01:59:25.904+0000] {dag.py:3096} INFO - Sync 1 DAGs
[2026-07-29T01:59:25.987+0000] {logging_mixin.py:188} INFO - [2026-07-29T01:59:25.987+0000] {dag.py:3954} INFO - Setting next_dagrun for process_gold_layer to None, run_after=None
[2026-07-29T01:59:26.037+0000] {processor.py:183} INFO - Processing /opt/airflow/dags/gold_processing_dag.py took 0.356 seconds
[2026-07-29T01:59:56.205+0000] {processor.py:161} INFO - Started process (PID=20829) to work on /opt/airflow/dags/gold_processing_dag.py
[2026-07-29T01:59:56.207+0000] {processor.py:830} INFO - Processing file /opt/airflow/dags/gold_processing_dag.py for tasks to queue
[2026-07-29T01:59:56.215+0000] {logging_mixin.py:188} INFO - [2026-07-29T01:59:56.212+0000] {dagbag.py:545} INFO - Filling up the DagBag from /opt/airflow/dags/gold_processing_dag.py
[2026-07-29T01:59:56.285+0000] {processor.py:840} INFO - DAG(s) 'process_gold_layer' retrieved from /opt/airflow/dags/gold_processing_dag.py
[2026-07-29T01:59:56.364+0000] {logging_mixin.py:188} INFO - [2026-07-29T01:59:56.363+0000] {dag.py:3096} INFO - Sync 1 DAGs
[2026-07-29T01:59:56.408+0000] {logging_mixin.py:188} INFO - [2026-07-29T01:59:56.408+0000] {dag.py:3954} INFO - Setting next_dagrun for process_gold_layer to None, run_after=None
[2026-07-29T01:59:56.493+0000] {processor.py:183} INFO - Processing /opt/airflow/dags/gold_processing_dag.py took 0.309 seconds
[2026-07-29T02:00:26.710+0000] {processor.py:161} INFO - Started process (PID=20852) to work on /opt/airflow/dags/gold_processing_dag.py
[2026-07-29T02:00:26.714+0000] {processor.py:830} INFO - Processing file /opt/airflow/dags/gold_processing_dag.py for tasks to queue
[2026-07-29T02:00:26.719+0000] {logging_mixin.py:188} INFO - [2026-07-29T02:00:26.718+0000] {dagbag.py:545} INFO - Filling up the DagBag from /opt/airflow/dags/gold_processing_dag.py
[2026-07-29T02:00:26.775+0000] {processor.py:840} INFO - DAG(s) 'process_gold_layer' retrieved from /opt/airflow/dags/gold_processing_dag.py
[2026-07-29T02:00:26.846+0000] {logging_mixin.py:188} INFO - [2026-07-29T02:00:26.845+0000] {dag.py:3096} INFO - Sync 1 DAGs
[2026-07-29T02:00:26.889+0000] {logging_mixin.py:188} INFO - [2026-07-29T02:00:26.889+0000] {dag.py:3954} INFO - Setting next_dagrun for process_gold_layer to None, run_after=None
[2026-07-29T02:00:27.030+0000] {processor.py:183} INFO - Processing /opt/airflow/dags/gold_processing_dag.py took 0.343 seconds
[2026-07-29T02:00:57.785+0000] {processor.py:161} INFO - Started process (PID=21000) to work on /opt/airflow/dags/gold_processing_dag.py
[2026-07-29T02:00:57.796+0000] {processor.py:830} INFO - Processing file /opt/airflow/dags/gold_processing_dag.py for tasks to queue
[2026-07-29T02:00:57.805+0000] {logging_mixin.py:188} INFO - [2026-07-29T02:00:57.801+0000] {dagbag.py:545} INFO - Filling up the DagBag from /opt/airflow/dags/gold_processing_dag.py
[2026-07-29T02:00:58.045+0000] {processor.py:840} INFO - DAG(s) 'process_gold_layer' retrieved from /opt/airflow/dags/gold_processing_dag.py
[2026-07-29T02:00:58.299+0000] {logging_mixin.py:188} INFO - [2026-07-29T02:00:58.297+0000] {dag.py:3096} INFO - Sync 1 DAGs
[2026-07-29T02:00:58.416+0000] {logging_mixin.py:188} INFO - [2026-07-29T02:00:58.416+0000] {dag.py:3954} INFO - Setting next_dagrun for process_gold_layer to None, run_after=None
[2026-07-29T02:00:58.548+0000] {processor.py:183} INFO - Processing /opt/airflow/dags/gold_processing_dag.py took 0.822 seconds
[2026-07-29T02:01:28.937+0000] {processor.py:161} INFO - Started process (PID=21100) to work on /opt/airflow/dags/gold_processing_dag.py
[2026-07-29T02:01:29.026+0000] {processor.py:830} INFO - Processing file /opt/airflow/dags/gold_processing_dag.py for tasks to queue
[2026-07-29T02:01:29.035+0000] {logging_mixin.py:188} INFO - [2026-07-29T02:01:29.030+0000] {dagbag.py:545} INFO - Filling up the DagBag from /opt/airflow/dags/gold_processing_dag.py
[2026-07-29T02:01:29.451+0000] {processor.py:840} INFO - DAG(s) 'process_gold_layer' retrieved from /opt/airflow/dags/gold_processing_dag.py
[2026-07-29T02:01:29.660+0000] {logging_mixin.py:188} INFO - [2026-07-29T02:01:29.660+0000] {dag.py:3096} INFO - Sync 1 DAGs
[2026-07-29T02:01:29.809+0000] {logging_mixin.py:188} INFO - [2026-07-29T02:01:29.809+0000] {dag.py:3954} INFO - Setting next_dagrun for process_gold_layer to None, run_after=None
[2026-07-29T02:01:31.228+0000] {processor.py:183} INFO - Processing /opt/airflow/dags/gold_processing_dag.py took 2.328 seconds
[2026-07-29T02:02:01.823+0000] {processor.py:161} INFO - Started process (PID=21199) to work on /opt/airflow/dags/gold_processing_dag.py
[2026-07-29T02:02:01.826+0000] {processor.py:830} INFO - Processing file /opt/airflow/dags/gold_processing_dag.py for tasks to queue
[2026-07-29T02:02:01.831+0000] {logging_mixin.py:188} INFO - [2026-07-29T02:02:01.830+0000] {dagbag.py:545} INFO - Filling up the DagBag from /opt/airflow/dags/gold_processing_dag.py
[2026-07-29T02:02:01.877+0000] {processor.py:840} INFO - DAG(s) 'process_gold_layer' retrieved from /opt/airflow/dags/gold_processing_dag.py
[2026-07-29T02:02:01.922+0000] {logging_mixin.py:188} INFO - [2026-07-29T02:02:01.922+0000] {dag.py:3096} INFO - Sync 1 DAGs
[2026-07-29T02:02:01.947+0000] {logging_mixin.py:188} INFO - [2026-07-29T02:02:01.946+0000] {dag.py:3954} INFO - Setting next_dagrun for process_gold_layer to None, run_after=None
[2026-07-29T02:02:02.000+0000] {processor.py:183} INFO - Processing /opt/airflow/dags/gold_processing_dag.py took 0.197 seconds
[2026-07-29T02:02:32.791+0000] {processor.py:161} INFO - Started process (PID=21228) to work on /opt/airflow/dags/gold_processing_dag.py
[2026-07-29T02:02:32.812+0000] {processor.py:830} INFO - Processing file /opt/airflow/dags/gold_processing_dag.py for tasks to queue
[2026-07-29T02:02:32.821+0000] {logging_mixin.py:188} INFO - [2026-07-29T02:02:32.820+0000] {dagbag.py:545} INFO - Filling up the DagBag from /opt/airflow/dags/gold_processing_dag.py
[2026-07-29T02:02:32.985+0000] {processor.py:840} INFO - DAG(s) 'process_gold_layer' retrieved from /opt/airflow/dags/gold_processing_dag.py
[2026-07-29T02:02:33.198+0000] {logging_mixin.py:188} INFO - [2026-07-29T02:02:33.196+0000] {dag.py:3096} INFO - Sync 1 DAGs
[2026-07-29T02:02:33.248+0000] {logging_mixin.py:188} INFO - [2026-07-29T02:02:33.247+0000] {dag.py:3954} INFO - Setting next_dagrun for process_gold_layer to None, run_after=None
[2026-07-29T02:02:33.394+0000] {processor.py:183} INFO - Processing /opt/airflow/dags/gold_processing_dag.py took 0.638 seconds
[2026-07-29T02:03:03.789+0000] {processor.py:161} INFO - Started process (PID=21322) to work on /opt/airflow/dags/gold_processing_dag.py
[2026-07-29T02:03:03.795+0000] {processor.py:830} INFO - Processing file /opt/airflow/dags/gold_processing_dag.py for tasks to queue
[2026-07-29T02:03:03.803+0000] {logging_mixin.py:188} INFO - [2026-07-29T02:03:03.801+0000] {dagbag.py:545} INFO - Filling up the DagBag from /opt/airflow/dags/gold_processing_dag.py
[2026-07-29T02:03:03.977+0000] {processor.py:840} INFO - DAG(s) 'process_gold_layer' retrieved from /opt/airflow/dags/gold_processing_dag.py
[2026-07-29T02:03:04.089+0000] {logging_mixin.py:188} INFO - [2026-07-29T02:03:04.087+0000] {dag.py:3096} INFO - Sync 1 DAGs
[2026-07-29T02:03:04.142+0000] {logging_mixin.py:188} INFO - [2026-07-29T02:03:04.141+0000] {dag.py:3954} INFO - Setting next_dagrun for process_gold_layer to None, run_after=None
[2026-07-29T02:03:04.235+0000] {processor.py:183} INFO - Processing /opt/airflow/dags/gold_processing_dag.py took 0.475 seconds
[2026-07-29T02:03:34.533+0000] {processor.py:161} INFO - Started process (PID=21374) to work on /opt/airflow/dags/gold_processing_dag.py
[2026-07-29T02:03:34.536+0000] {processor.py:830} INFO - Processing file /opt/airflow/dags/gold_processing_dag.py for tasks to queue
[2026-07-29T02:03:34.541+0000] {logging_mixin.py:188} INFO - [2026-07-29T02:03:34.539+0000] {dagbag.py:545} INFO - Filling up the DagBag from /opt/airflow/dags/gold_processing_dag.py
[2026-07-29T02:03:34.591+0000] {processor.py:840} INFO - DAG(s) 'process_gold_layer' retrieved from /opt/airflow/dags/gold_processing_dag.py
[2026-07-29T02:03:34.651+0000] {logging_mixin.py:188} INFO - [2026-07-29T02:03:34.651+0000] {dag.py:3096} INFO - Sync 1 DAGs
[2026-07-29T02:03:34.696+0000] {logging_mixin.py:188} INFO - [2026-07-29T02:03:34.695+0000] {dag.py:3954} INFO - Setting next_dagrun for process_gold_layer to None, run_after=None
[2026-07-29T02:03:34.744+0000] {processor.py:183} INFO - Processing /opt/airflow/dags/gold_processing_dag.py took 0.232 seconds
[2026-07-29T02:04:04.992+0000] {processor.py:161} INFO - Started process (PID=21486) to work on /opt/airflow/dags/gold_processing_dag.py
[2026-07-29T02:04:05.001+0000] {processor.py:830} INFO - Processing file /opt/airflow/dags/gold_processing_dag.py for tasks to queue
[2026-07-29T02:04:05.006+0000] {logging_mixin.py:188} INFO - [2026-07-29T02:04:05.004+0000] {dagbag.py:545} INFO - Filling up the DagBag from /opt/airflow/dags/gold_processing_dag.py
[2026-07-29T02:04:05.131+0000] {processor.py:840} INFO - DAG(s) 'process_gold_layer' retrieved from /opt/airflow/dags/gold_processing_dag.py
[2026-07-29T02:04:05.315+0000] {logging_mixin.py:188} INFO - [2026-07-29T02:04:05.314+0000] {dag.py:3096} INFO - Sync 1 DAGs
[2026-07-29T02:04:05.395+0000] {logging_mixin.py:188} INFO - [2026-07-29T02:04:05.395+0000] {dag.py:3954} INFO - Setting next_dagrun for process_gold_layer to None, run_after=None
[2026-07-29T02:04:05.524+0000] {processor.py:183} INFO - Processing /opt/airflow/dags/gold_processing_dag.py took 0.570 seconds
[2026-07-29T02:04:35.941+0000] {processor.py:161} INFO - Started process (PID=22138) to work on /opt/airflow/dags/gold_processing_dag.py
[2026-07-29T02:04:35.954+0000] {processor.py:830} INFO - Processing file /opt/airflow/dags/gold_processing_dag.py for tasks to queue
[2026-07-29T02:04:35.960+0000] {logging_mixin.py:188} INFO - [2026-07-29T02:04:35.958+0000] {dagbag.py:545} INFO - Filling up the DagBag from /opt/airflow/dags/gold_processing_dag.py
[2026-07-29T02:04:36.068+0000] {processor.py:840} INFO - DAG(s) 'process_gold_layer' retrieved from /opt/airflow/dags/gold_processing_dag.py
[2026-07-29T02:04:36.154+0000] {logging_mixin.py:188} INFO - [2026-07-29T02:04:36.151+0000] {dag.py:3096} INFO - Sync 1 DAGs
[2026-07-29T02:04:36.236+0000] {logging_mixin.py:188} INFO - [2026-07-29T02:04:36.235+0000] {dag.py:3954} INFO - Setting next_dagrun for process_gold_layer to None, run_after=None
[2026-07-29T02:04:36.361+0000] {processor.py:183} INFO - Processing /opt/airflow/dags/gold_processing_dag.py took 0.457 seconds
[2026-07-29T02:05:07.451+0000] {processor.py:161} INFO - Started process (PID=22225) to work on /opt/airflow/dags/gold_processing_dag.py
[2026-07-29T02:05:07.464+0000] {processor.py:830} INFO - Processing file /opt/airflow/dags/gold_processing_dag.py for tasks to queue
[2026-07-29T02:05:07.475+0000] {logging_mixin.py:188} INFO - [2026-07-29T02:05:07.474+0000] {dagbag.py:545} INFO - Filling up the DagBag from /opt/airflow/dags/gold_processing_dag.py
[2026-07-29T02:05:07.585+0000] {processor.py:840} INFO - DAG(s) 'process_gold_layer' retrieved from /opt/airflow/dags/gold_processing_dag.py
[2026-07-29T02:05:07.676+0000] {logging_mixin.py:188} INFO - [2026-07-29T02:05:07.675+0000] {dag.py:3096} INFO - Sync 1 DAGs
[2026-07-29T02:05:07.730+0000] {logging_mixin.py:188} INFO - [2026-07-29T02:05:07.729+0000] {dag.py:3954} INFO - Setting next_dagrun for process_gold_layer to None, run_after=None
[2026-07-29T02:05:07.816+0000] {processor.py:183} INFO - Processing /opt/airflow/dags/gold_processing_dag.py took 0.429 seconds
[2026-07-29T02:05:38.290+0000] {processor.py:161} INFO - Started process (PID=22331) to work on /opt/airflow/dags/gold_processing_dag.py
[2026-07-29T02:05:38.297+0000] {processor.py:830} INFO - Processing file /opt/airflow/dags/gold_processing_dag.py for tasks to queue
[2026-07-29T02:05:38.303+0000] {logging_mixin.py:188} INFO - [2026-07-29T02:05:38.302+0000] {dagbag.py:545} INFO - Filling up the DagBag from /opt/airflow/dags/gold_processing_dag.py
[2026-07-29T02:05:38.440+0000] {processor.py:840} INFO - DAG(s) 'process_gold_layer' retrieved from /opt/airflow/dags/gold_processing_dag.py
[2026-07-29T02:05:38.561+0000] {logging_mixin.py:188} INFO - [2026-07-29T02:05:38.560+0000] {dag.py:3096} INFO - Sync 1 DAGs
[2026-07-29T02:05:38.632+0000] {logging_mixin.py:188} INFO - [2026-07-29T02:05:38.632+0000] {dag.py:3954} INFO - Setting next_dagrun for process_gold_layer to None, run_after=None
[2026-07-29T02:05:38.715+0000] {processor.py:183} INFO - Processing /opt/airflow/dags/gold_processing_dag.py took 0.450 seconds
[2026-07-29T02:06:08.862+0000] {processor.py:161} INFO - Started process (PID=22414) to work on /opt/airflow/dags/gold_processing_dag.py
[2026-07-29T02:06:08.864+0000] {processor.py:830} INFO - Processing file /opt/airflow/dags/gold_processing_dag.py for tasks to queue
[2026-07-29T02:06:08.868+0000] {logging_mixin.py:188} INFO - [2026-07-29T02:06:08.867+0000] {dagbag.py:545} INFO - Filling up the DagBag from /opt/airflow/dags/gold_processing_dag.py
[2026-07-29T02:06:08.906+0000] {processor.py:840} INFO - DAG(s) 'process_gold_layer' retrieved from /opt/airflow/dags/gold_processing_dag.py
[2026-07-29T02:06:08.958+0000] {logging_mixin.py:188} INFO - [2026-07-29T02:06:08.958+0000] {dag.py:3096} INFO - Sync 1 DAGs
[2026-07-29T02:06:08.993+0000] {logging_mixin.py:188} INFO - [2026-07-29T02:06:08.993+0000] {dag.py:3954} INFO - Setting next_dagrun for process_gold_layer to None, run_after=None
[2026-07-29T02:06:09.045+0000] {processor.py:183} INFO - Processing /opt/airflow/dags/gold_processing_dag.py took 0.202 seconds
[2026-07-29T02:06:39.157+0000] {processor.py:161} INFO - Started process (PID=22429) to work on /opt/airflow/dags/gold_processing_dag.py
[2026-07-29T02:06:39.160+0000] {processor.py:830} INFO - Processing file /opt/airflow/dags/gold_processing_dag.py for tasks to queue
[2026-07-29T02:06:39.164+0000] {logging_mixin.py:188} INFO - [2026-07-29T02:06:39.163+0000] {dagbag.py:545} INFO - Filling up the DagBag from /opt/airflow/dags/gold_processing_dag.py
[2026-07-29T02:06:39.241+0000] {processor.py:840} INFO - DAG(s) 'process_gold_layer' retrieved from /opt/airflow/dags/gold_processing_dag.py
[2026-07-29T02:06:39.289+0000] {logging_mixin.py:188} INFO - [2026-07-29T02:06:39.289+0000] {dag.py:3096} INFO - Sync 1 DAGs
[2026-07-29T02:06:39.317+0000] {logging_mixin.py:188} INFO - [2026-07-29T02:06:39.317+0000] {dag.py:3954} INFO - Setting next_dagrun for process_gold_layer to None, run_after=None
[2026-07-29T02:06:39.360+0000] {processor.py:183} INFO - Processing /opt/airflow/dags/gold_processing_dag.py took 0.222 seconds
[2026-07-29T02:07:10.032+0000] {processor.py:161} INFO - Started process (PID=22444) to work on /opt/airflow/dags/gold_processing_dag.py
[2026-07-29T02:07:10.036+0000] {processor.py:830} INFO - Processing file /opt/airflow/dags/gold_processing_dag.py for tasks to queue
[2026-07-29T02:07:10.040+0000] {logging_mixin.py:188} INFO - [2026-07-29T02:07:10.039+0000] {dagbag.py:545} INFO - Filling up the DagBag from /opt/airflow/dags/gold_processing_dag.py
[2026-07-29T02:07:10.087+0000] {processor.py:840} INFO - DAG(s) 'process_gold_layer' retrieved from /opt/airflow/dags/gold_processing_dag.py
[2026-07-29T02:07:10.161+0000] {logging_mixin.py:188} INFO - [2026-07-29T02:07:10.160+0000] {dag.py:3096} INFO - Sync 1 DAGs
[2026-07-29T02:07:10.207+0000] {logging_mixin.py:188} INFO - [2026-07-29T02:07:10.206+0000] {dag.py:3954} INFO - Setting next_dagrun for process_gold_layer to None, run_after=None
[2026-07-29T02:07:10.263+0000] {processor.py:183} INFO - Processing /opt/airflow/dags/gold_processing_dag.py took 0.251 seconds
[2026-07-29T02:07:40.509+0000] {processor.py:161} INFO - Started process (PID=22459) to work on /opt/airflow/dags/gold_processing_dag.py
[2026-07-29T02:07:40.515+0000] {processor.py:830} INFO - Processing file /opt/airflow/dags/gold_processing_dag.py for tasks to queue
[2026-07-29T02:07:40.520+0000] {logging_mixin.py:188} INFO - [2026-07-29T02:07:40.518+0000] {dagbag.py:545} INFO - Filling up the DagBag from /opt/airflow/dags/gold_processing_dag.py
[2026-07-29T02:07:40.659+0000] {processor.py:840} INFO - DAG(s) 'process_gold_layer' retrieved from /opt/airflow/dags/gold_processing_dag.py
[2026-07-29T02:07:40.719+0000] {logging_mixin.py:188} INFO - [2026-07-29T02:07:40.719+0000] {dag.py:3096} INFO - Sync 1 DAGs
[2026-07-29T02:07:40.753+0000] {logging_mixin.py:188} INFO - [2026-07-29T02:07:40.753+0000] {dag.py:3954} INFO - Setting next_dagrun for process_gold_layer to None, run_after=None
[2026-07-29T02:07:42.698+0000] {processor.py:183} INFO - Processing /opt/airflow/dags/gold_processing_dag.py took 2.223 seconds
[2026-07-29T02:08:13.022+0000] {processor.py:161} INFO - Started process (PID=22479) to work on /opt/airflow/dags/gold_processing_dag.py
[2026-07-29T02:08:13.024+0000] {processor.py:830} INFO - Processing file /opt/airflow/dags/gold_processing_dag.py for tasks to queue
[2026-07-29T02:08:13.028+0000] {logging_mixin.py:188} INFO - [2026-07-29T02:08:13.028+0000] {dagbag.py:545} INFO - Filling up the DagBag from /opt/airflow/dags/gold_processing_dag.py
[2026-07-29T02:08:13.068+0000] {processor.py:840} INFO - DAG(s) 'process_gold_layer' retrieved from /opt/airflow/dags/gold_processing_dag.py
[2026-07-29T02:08:13.116+0000] {logging_mixin.py:188} INFO - [2026-07-29T02:08:13.116+0000] {dag.py:3096} INFO - Sync 1 DAGs
[2026-07-29T02:08:13.161+0000] {logging_mixin.py:188} INFO - [2026-07-29T02:08:13.160+0000] {dag.py:3954} INFO - Setting next_dagrun for process_gold_layer to None, run_after=None
[2026-07-29T02:08:13.204+0000] {processor.py:183} INFO - Processing /opt/airflow/dags/gold_processing_dag.py took 0.195 seconds
[2026-07-29T02:08:43.821+0000] {processor.py:161} INFO - Started process (PID=22494) to work on /opt/airflow/dags/gold_processing_dag.py
[2026-07-29T02:08:43.824+0000] {processor.py:830} INFO - Processing file /opt/airflow/dags/gold_processing_dag.py for tasks to queue
[2026-07-29T02:08:43.827+0000] {logging_mixin.py:188} INFO - [2026-07-29T02:08:43.827+0000] {dagbag.py:545} INFO - Filling up the DagBag from /opt/airflow/dags/gold_processing_dag.py
[2026-07-29T02:08:43.865+0000] {processor.py:840} INFO - DAG(s) 'process_gold_layer' retrieved from /opt/airflow/dags/gold_processing_dag.py
[2026-07-29T02:08:43.926+0000] {logging_mixin.py:188} INFO - [2026-07-29T02:08:43.925+0000] {dag.py:3096} INFO - Sync 1 DAGs
[2026-07-29T02:08:43.949+0000] {logging_mixin.py:188} INFO - [2026-07-29T02:08:43.949+0000] {dag.py:3954} INFO - Setting next_dagrun for process_gold_layer to None, run_after=None
[2026-07-29T02:08:44.005+0000] {processor.py:183} INFO - Processing /opt/airflow/dags/gold_processing_dag.py took 0.208 seconds
[2026-07-29T02:09:14.432+0000] {processor.py:161} INFO - Started process (PID=22509) to work on /opt/airflow/dags/gold_processing_dag.py
[2026-07-29T02:09:14.436+0000] {processor.py:830} INFO - Processing file /opt/airflow/dags/gold_processing_dag.py for tasks to queue
[2026-07-29T02:09:14.438+0000] {logging_mixin.py:188} INFO - [2026-07-29T02:09:14.438+0000] {dagbag.py:545} INFO - Filling up the DagBag from /opt/airflow/dags/gold_processing_dag.py
[2026-07-29T02:09:14.475+0000] {processor.py:840} INFO - DAG(s) 'process_gold_layer' retrieved from /opt/airflow/dags/gold_processing_dag.py
[2026-07-29T02:09:14.534+0000] {logging_mixin.py:188} INFO - [2026-07-29T02:09:14.533+0000] {dag.py:3096} INFO - Sync 1 DAGs
[2026-07-29T02:09:14.564+0000] {logging_mixin.py:188} INFO - [2026-07-29T02:09:14.564+0000] {dag.py:3954} INFO - Setting next_dagrun for process_gold_layer to None, run_after=None
[2026-07-29T02:09:14.601+0000] {processor.py:183} INFO - Processing /opt/airflow/dags/gold_processing_dag.py took 0.182 seconds
[2026-07-29T02:09:45.005+0000] {processor.py:161} INFO - Started process (PID=22524) to work on /opt/airflow/dags/gold_processing_dag.py
[2026-07-29T02:09:45.008+0000] {processor.py:830} INFO - Processing file /opt/airflow/dags/gold_processing_dag.py for tasks to queue
[2026-07-29T02:09:45.010+0000] {logging_mixin.py:188} INFO - [2026-07-29T02:09:45.010+0000] {dagbag.py:545} INFO - Filling up the DagBag from /opt/airflow/dags/gold_processing_dag.py
[2026-07-29T02:09:45.050+0000] {processor.py:840} INFO - DAG(s) 'process_gold_layer' retrieved from /opt/airflow/dags/gold_processing_dag.py
[2026-07-29T02:09:45.095+0000] {logging_mixin.py:188} INFO - [2026-07-29T02:09:45.095+0000] {dag.py:3096} INFO - Sync 1 DAGs
[2026-07-29T02:09:45.133+0000] {logging_mixin.py:188} INFO - [2026-07-29T02:09:45.132+0000] {dag.py:3954} INFO - Setting next_dagrun for process_gold_layer to None, run_after=None
[2026-07-29T02:09:45.186+0000] {processor.py:183} INFO - Processing /opt/airflow/dags/gold_processing_dag.py took 0.193 seconds
[2026-07-29T02:10:15.437+0000] {processor.py:161} INFO - Started process (PID=22539) to work on /opt/airflow/dags/gold_processing_dag.py
[2026-07-29T02:10:15.440+0000] {processor.py:830} INFO - Processing file /opt/airflow/dags/gold_processing_dag.py for tasks to queue
[2026-07-29T02:10:15.444+0000] {logging_mixin.py:188} INFO - [2026-07-29T02:10:15.443+0000] {dagbag.py:545} INFO - Filling up the DagBag from /opt/airflow/dags/gold_processing_dag.py
[2026-07-29T02:10:15.485+0000] {processor.py:840} INFO - DAG(s) 'process_gold_layer' retrieved from /opt/airflow/dags/gold_processing_dag.py
[2026-07-29T02:10:15.531+0000] {logging_mixin.py:188} INFO - [2026-07-29T02:10:15.531+0000] {dag.py:3096} INFO - Sync 1 DAGs
[2026-07-29T02:10:15.562+0000] {logging_mixin.py:188} INFO - [2026-07-29T02:10:15.562+0000] {dag.py:3954} INFO - Setting next_dagrun for process_gold_layer to None, run_after=None
[2026-07-29T02:10:15.610+0000] {processor.py:183} INFO - Processing /opt/airflow/dags/gold_processing_dag.py took 0.190 seconds
[2026-07-29T02:10:46.083+0000] {processor.py:161} INFO - Started process (PID=22554) to work on /opt/airflow/dags/gold_processing_dag.py
[2026-07-29T02:10:46.086+0000] {processor.py:830} INFO - Processing file /opt/airflow/dags/gold_processing_dag.py for tasks to queue
[2026-07-29T02:10:46.089+0000] {logging_mixin.py:188} INFO - [2026-07-29T02:10:46.089+0000] {dagbag.py:545} INFO - Filling up the DagBag from /opt/airflow/dags/gold_processing_dag.py
[2026-07-29T02:10:46.129+0000] {processor.py:840} INFO - DAG(s) 'process_gold_layer' retrieved from /opt/airflow/dags/gold_processing_dag.py
[2026-07-29T02:10:46.183+0000] {logging_mixin.py:188} INFO - [2026-07-29T02:10:46.182+0000] {dag.py:3096} INFO - Sync 1 DAGs
[2026-07-29T02:10:46.216+0000] {logging_mixin.py:188} INFO - [2026-07-29T02:10:46.215+0000] {dag.py:3954} INFO - Setting next_dagrun for process_gold_layer to None, run_after=None
[2026-07-29T02:10:46.262+0000] {processor.py:183} INFO - Processing /opt/airflow/dags/gold_processing_dag.py took 0.192 seconds
[2026-07-29T02:11:16.854+0000] {processor.py:161} INFO - Started process (PID=22569) to work on /opt/airflow/dags/gold_processing_dag.py
[2026-07-29T02:11:16.858+0000] {processor.py:830} INFO - Processing file /opt/airflow/dags/gold_processing_dag.py for tasks to queue
[2026-07-29T02:11:16.863+0000] {logging_mixin.py:188} INFO - [2026-07-29T02:11:16.862+0000] {dagbag.py:545} INFO - Filling up the DagBag from /opt/airflow/dags/gold_processing_dag.py
[2026-07-29T02:11:16.935+0000] {processor.py:840} INFO - DAG(s) 'process_gold_layer' retrieved from /opt/airflow/dags/gold_processing_dag.py
[2026-07-29T02:11:17.029+0000] {logging_mixin.py:188} INFO - [2026-07-29T02:11:17.029+0000] {dag.py:3096} INFO - Sync 1 DAGs
[2026-07-29T02:11:17.076+0000] {logging_mixin.py:188} INFO - [2026-07-29T02:11:17.075+0000] {dag.py:3954} INFO - Setting next_dagrun for process_gold_layer to None, run_after=None
[2026-07-29T02:11:17.124+0000] {processor.py:183} INFO - Processing /opt/airflow/dags/gold_processing_dag.py took 0.318 seconds
[2026-07-29T02:11:47.264+0000] {processor.py:161} INFO - Started process (PID=22584) to work on /opt/airflow/dags/gold_processing_dag.py
[2026-07-29T02:11:47.267+0000] {processor.py:830} INFO - Processing file /opt/airflow/dags/gold_processing_dag.py for tasks to queue
[2026-07-29T02:11:47.270+0000] {logging_mixin.py:188} INFO - [2026-07-29T02:11:47.269+0000] {dagbag.py:545} INFO - Filling up the DagBag from /opt/airflow/dags/gold_processing_dag.py
[2026-07-29T02:11:47.314+0000] {processor.py:840} INFO - DAG(s) 'process_gold_layer' retrieved from /opt/airflow/dags/gold_processing_dag.py
[2026-07-29T02:11:47.366+0000] {logging_mixin.py:188} INFO - [2026-07-29T02:11:47.365+0000] {dag.py:3096} INFO - Sync 1 DAGs
[2026-07-29T02:11:47.396+0000] {logging_mixin.py:188} INFO - [2026-07-29T02:11:47.396+0000] {dag.py:3954} INFO - Setting next_dagrun for process_gold_layer to None, run_after=None
[2026-07-29T02:11:47.440+0000] {processor.py:183} INFO - Processing /opt/airflow/dags/gold_processing_dag.py took 0.191 seconds
[2026-07-29T02:12:17.557+0000] {processor.py:161} INFO - Started process (PID=22599) to work on /opt/airflow/dags/gold_processing_dag.py
[2026-07-29T02:12:17.560+0000] {processor.py:830} INFO - Processing file /opt/airflow/dags/gold_processing_dag.py for tasks to queue
[2026-07-29T02:12:17.563+0000] {logging_mixin.py:188} INFO - [2026-07-29T02:12:17.563+0000] {dagbag.py:545} INFO - Filling up the DagBag from /opt/airflow/dags/gold_processing_dag.py
[2026-07-29T02:12:17.602+0000] {processor.py:840} INFO - DAG(s) 'process_gold_layer' retrieved from /opt/airflow/dags/gold_processing_dag.py
[2026-07-29T02:12:17.646+0000] {logging_mixin.py:188} INFO - [2026-07-29T02:12:17.645+0000] {dag.py:3096} INFO - Sync 1 DAGs
[2026-07-29T02:12:17.678+0000] {logging_mixin.py:188} INFO - [2026-07-29T02:12:17.678+0000] {dag.py:3954} INFO - Setting next_dagrun for process_gold_layer to None, run_after=None
[2026-07-29T02:12:17.754+0000] {processor.py:183} INFO - Processing /opt/airflow/dags/gold_processing_dag.py took 0.212 seconds
[2026-07-29T02:12:47.958+0000] {processor.py:161} INFO - Started process (PID=22614) to work on /opt/airflow/dags/gold_processing_dag.py
[2026-07-29T02:12:47.970+0000] {processor.py:830} INFO - Processing file /opt/airflow/dags/gold_processing_dag.py for tasks to queue
[2026-07-29T02:12:47.976+0000] {logging_mixin.py:188} INFO - [2026-07-29T02:12:47.975+0000] {dagbag.py:545} INFO - Filling up the DagBag from /opt/airflow/dags/gold_processing_dag.py
[2026-07-29T02:12:48.037+0000] {processor.py:840} INFO - DAG(s) 'process_gold_layer' retrieved from /opt/airflow/dags/gold_processing_dag.py
[2026-07-29T02:12:48.109+0000] {logging_mixin.py:188} INFO - [2026-07-29T02:12:48.108+0000] {dag.py:3096} INFO - Sync 1 DAGs
[2026-07-29T02:12:48.160+0000] {logging_mixin.py:188} INFO - [2026-07-29T02:12:48.159+0000] {dag.py:3954} INFO - Setting next_dagrun for process_gold_layer to None, run_after=None
[2026-07-29T02:12:48.224+0000] {processor.py:183} INFO - Processing /opt/airflow/dags/gold_processing_dag.py took 0.312 seconds
[2026-07-29T02:13:18.662+0000] {processor.py:161} INFO - Started process (PID=22624) to work on /opt/airflow/dags/gold_processing_dag.py
[2026-07-29T02:13:18.665+0000] {processor.py:830} INFO - Processing file /opt/airflow/dags/gold_processing_dag.py for tasks to queue
[2026-07-29T02:13:18.668+0000] {logging_mixin.py:188} INFO - [2026-07-29T02:13:18.667+0000] {dagbag.py:545} INFO - Filling up the DagBag from /opt/airflow/dags/gold_processing_dag.py
[2026-07-29T02:13:18.717+0000] {processor.py:840} INFO - DAG(s) 'process_gold_layer' retrieved from /opt/airflow/dags/gold_processing_dag.py
[2026-07-29T02:13:18.773+0000] {logging_mixin.py:188} INFO - [2026-07-29T02:13:18.772+0000] {dag.py:3096} INFO - Sync 1 DAGs
[2026-07-29T02:13:18.806+0000] {logging_mixin.py:188} INFO - [2026-07-29T02:13:18.805+0000] {dag.py:3954} INFO - Setting next_dagrun for process_gold_layer to None, run_after=None
[2026-07-29T02:13:18.856+0000] {processor.py:183} INFO - Processing /opt/airflow/dags/gold_processing_dag.py took 0.224 seconds
[2026-07-29T02:13:49.136+0000] {processor.py:161} INFO - Started process (PID=22639) to work on /opt/airflow/dags/gold_processing_dag.py
[2026-07-29T02:13:49.141+0000] {processor.py:830} INFO - Processing file /opt/airflow/dags/gold_processing_dag.py for tasks to queue
[2026-07-29T02:13:49.146+0000] {logging_mixin.py:188} INFO - [2026-07-29T02:13:49.145+0000] {dagbag.py:545} INFO - Filling up the DagBag from /opt/airflow/dags/gold_processing_dag.py
[2026-07-29T02:13:49.255+0000] {processor.py:840} INFO - DAG(s) 'process_gold_layer' retrieved from /opt/airflow/dags/gold_processing_dag.py
[2026-07-29T02:13:49.343+0000] {logging_mixin.py:188} INFO - [2026-07-29T02:13:49.343+0000] {dag.py:3096} INFO - Sync 1 DAGs
[2026-07-29T02:13:49.407+0000] {logging_mixin.py:188} INFO - [2026-07-29T02:13:49.406+0000] {dag.py:3954} INFO - Setting next_dagrun for process_gold_layer to None, run_after=None
[2026-07-29T02:13:49.487+0000] {processor.py:183} INFO - Processing /opt/airflow/dags/gold_processing_dag.py took 0.384 seconds
[2026-07-29T02:14:19.742+0000] {processor.py:161} INFO - Started process (PID=22654) to work on /opt/airflow/dags/gold_processing_dag.py
[2026-07-29T02:14:19.745+0000] {processor.py:830} INFO - Processing file /opt/airflow/dags/gold_processing_dag.py for tasks to queue
[2026-07-29T02:14:19.749+0000] {logging_mixin.py:188} INFO - [2026-07-29T02:14:19.748+0000] {dagbag.py:545} INFO - Filling up the DagBag from /opt/airflow/dags/gold_processing_dag.py
[2026-07-29T02:14:19.793+0000] {processor.py:840} INFO - DAG(s) 'process_gold_layer' retrieved from /opt/airflow/dags/gold_processing_dag.py
[2026-07-29T02:14:19.849+0000] {logging_mixin.py:188} INFO - [2026-07-29T02:14:19.849+0000] {dag.py:3096} INFO - Sync 1 DAGs
[2026-07-29T02:14:19.889+0000] {logging_mixin.py:188} INFO - [2026-07-29T02:14:19.888+0000] {dag.py:3954} INFO - Setting next_dagrun for process_gold_layer to None, run_after=None
[2026-07-29T02:14:19.942+0000] {processor.py:183} INFO - Processing /opt/airflow/dags/gold_processing_dag.py took 0.217 seconds
[2026-07-29T02:14:50.485+0000] {processor.py:161} INFO - Started process (PID=22669) to work on /opt/airflow/dags/gold_processing_dag.py
[2026-07-29T02:14:50.488+0000] {processor.py:830} INFO - Processing file /opt/airflow/dags/gold_processing_dag.py for tasks to queue
[2026-07-29T02:14:50.491+0000] {logging_mixin.py:188} INFO - [2026-07-29T02:14:50.490+0000] {dagbag.py:545} INFO - Filling up the DagBag from /opt/airflow/dags/gold_processing_dag.py
[2026-07-29T02:14:50.537+0000] {processor.py:840} INFO - DAG(s) 'process_gold_layer' retrieved from /opt/airflow/dags/gold_processing_dag.py
[2026-07-29T02:14:50.600+0000] {logging_mixin.py:188} INFO - [2026-07-29T02:14:50.599+0000] {dag.py:3096} INFO - Sync 1 DAGs
[2026-07-29T02:14:50.636+0000] {logging_mixin.py:188} INFO - [2026-07-29T02:14:50.635+0000] {dag.py:3954} INFO - Setting next_dagrun for process_gold_layer to None, run_after=None
[2026-07-29T02:14:50.683+0000] {processor.py:183} INFO - Processing /opt/airflow/dags/gold_processing_dag.py took 0.219 seconds
[2026-07-29T02:15:21.070+0000] {processor.py:161} INFO - Started process (PID=22684) to work on /opt/airflow/dags/gold_processing_dag.py
[2026-07-29T02:15:21.073+0000] {processor.py:830} INFO - Processing file /opt/airflow/dags/gold_processing_dag.py for tasks to queue
[2026-07-29T02:15:21.076+0000] {logging_mixin.py:188} INFO - [2026-07-29T02:15:21.075+0000] {dagbag.py:545} INFO - Filling up the DagBag from /opt/airflow/dags/gold_processing_dag.py
[2026-07-29T02:15:21.121+0000] {processor.py:840} INFO - DAG(s) 'process_gold_layer' retrieved from /opt/airflow/dags/gold_processing_dag.py
[2026-07-29T02:15:21.179+0000] {logging_mixin.py:188} INFO - [2026-07-29T02:15:21.179+0000] {dag.py:3096} INFO - Sync 1 DAGs
[2026-07-29T02:15:21.227+0000] {logging_mixin.py:188} INFO - [2026-07-29T02:15:21.226+0000] {dag.py:3954} INFO - Setting next_dagrun for process_gold_layer to None, run_after=None
[2026-07-29T02:15:21.287+0000] {processor.py:183} INFO - Processing /opt/airflow/dags/gold_processing_dag.py took 0.244 seconds
[2026-07-29T02:15:51.483+0000] {processor.py:161} INFO - Started process (PID=22699) to work on /opt/airflow/dags/gold_processing_dag.py
[2026-07-29T02:15:51.487+0000] {processor.py:830} INFO - Processing file /opt/airflow/dags/gold_processing_dag.py for tasks to queue
[2026-07-29T02:15:51.492+0000] {logging_mixin.py:188} INFO - [2026-07-29T02:15:51.491+0000] {dagbag.py:545} INFO - Filling up the DagBag from /opt/airflow/dags/gold_processing_dag.py
[2026-07-29T02:15:51.558+0000] {processor.py:840} INFO - DAG(s) 'process_gold_layer' retrieved from /opt/airflow/dags/gold_processing_dag.py
[2026-07-29T02:15:51.661+0000] {logging_mixin.py:188} INFO - [2026-07-29T02:15:51.661+0000] {dag.py:3096} INFO - Sync 1 DAGs
[2026-07-29T02:15:51.716+0000] {logging_mixin.py:188} INFO - [2026-07-29T02:15:51.716+0000] {dag.py:3954} INFO - Setting next_dagrun for process_gold_layer to None, run_after=None
[2026-07-29T02:15:51.781+0000] {processor.py:183} INFO - Processing /opt/airflow/dags/gold_processing_dag.py took 0.321 seconds
[2026-07-29T02:16:22.245+0000] {processor.py:161} INFO - Started process (PID=22714) to work on /opt/airflow/dags/gold_processing_dag.py
[2026-07-29T02:16:22.252+0000] {processor.py:830} INFO - Processing file /opt/airflow/dags/gold_processing_dag.py for tasks to queue
[2026-07-29T02:16:22.263+0000] {logging_mixin.py:188} INFO - [2026-07-29T02:16:22.260+0000] {dagbag.py:545} INFO - Filling up the DagBag from /opt/airflow/dags/gold_processing_dag.py
[2026-07-29T02:16:22.329+0000] {processor.py:840} INFO - DAG(s) 'process_gold_layer' retrieved from /opt/airflow/dags/gold_processing_dag.py
[2026-07-29T02:16:22.441+0000] {logging_mixin.py:188} INFO - [2026-07-29T02:16:22.440+0000] {dag.py:3096} INFO - Sync 1 DAGs
[2026-07-29T02:16:22.521+0000] {logging_mixin.py:188} INFO - [2026-07-29T02:16:22.521+0000] {dag.py:3954} INFO - Setting next_dagrun for process_gold_layer to None, run_after=None
[2026-07-29T02:16:22.631+0000] {processor.py:183} INFO - Processing /opt/airflow/dags/gold_processing_dag.py took 0.410 seconds
[2026-07-29T02:16:53.282+0000] {processor.py:161} INFO - Started process (PID=22729) to work on /opt/airflow/dags/gold_processing_dag.py
[2026-07-29T02:16:53.287+0000] {processor.py:830} INFO - Processing file /opt/airflow/dags/gold_processing_dag.py for tasks to queue
[2026-07-29T02:16:53.291+0000] {logging_mixin.py:188} INFO - [2026-07-29T02:16:53.290+0000] {dagbag.py:545} INFO - Filling up the DagBag from /opt/airflow/dags/gold_processing_dag.py
[2026-07-29T02:16:53.350+0000] {processor.py:840} INFO - DAG(s) 'process_gold_layer' retrieved from /opt/airflow/dags/gold_processing_dag.py
[2026-07-29T02:16:53.408+0000] {logging_mixin.py:188} INFO - [2026-07-29T02:16:53.408+0000] {dag.py:3096} INFO - Sync 1 DAGs
[2026-07-29T02:16:53.455+0000] {logging_mixin.py:188} INFO - [2026-07-29T02:16:53.453+0000] {dag.py:3954} INFO - Setting next_dagrun for process_gold_layer to None, run_after=None
[2026-07-29T02:16:53.546+0000] {processor.py:183} INFO - Processing /opt/airflow/dags/gold_processing_dag.py took 0.283 seconds
[2026-07-29T02:17:24.016+0000] {processor.py:161} INFO - Started process (PID=22744) to work on /opt/airflow/dags/gold_processing_dag.py
[2026-07-29T02:17:24.019+0000] {processor.py:830} INFO - Processing file /opt/airflow/dags/gold_processing_dag.py for tasks to queue
[2026-07-29T02:17:24.024+0000] {logging_mixin.py:188} INFO - [2026-07-29T02:17:24.023+0000] {dagbag.py:545} INFO - Filling up the DagBag from /opt/airflow/dags/gold_processing_dag.py
[2026-07-29T02:17:24.095+0000] {processor.py:840} INFO - DAG(s) 'process_gold_layer' retrieved from /opt/airflow/dags/gold_processing_dag.py
[2026-07-29T02:17:24.184+0000] {logging_mixin.py:188} INFO - [2026-07-29T02:17:24.183+0000] {dag.py:3096} INFO - Sync 1 DAGs
[2026-07-29T02:17:24.229+0000] {logging_mixin.py:188} INFO - [2026-07-29T02:17:24.228+0000] {dag.py:3954} INFO - Setting next_dagrun for process_gold_layer to None, run_after=None
[2026-07-29T02:17:24.301+0000] {processor.py:183} INFO - Processing /opt/airflow/dags/gold_processing_dag.py took 0.331 seconds
[2026-07-29T02:17:54.475+0000] {processor.py:161} INFO - Started process (PID=22759) to work on /opt/airflow/dags/gold_processing_dag.py
[2026-07-29T02:17:54.477+0000] {processor.py:830} INFO - Processing file /opt/airflow/dags/gold_processing_dag.py for tasks to queue
[2026-07-29T02:17:54.481+0000] {logging_mixin.py:188} INFO - [2026-07-29T02:17:54.480+0000] {dagbag.py:545} INFO - Filling up the DagBag from /opt/airflow/dags/gold_processing_dag.py
[2026-07-29T02:17:54.525+0000] {processor.py:840} INFO - DAG(s) 'process_gold_layer' retrieved from /opt/airflow/dags/gold_processing_dag.py
[2026-07-29T02:17:54.583+0000] {logging_mixin.py:188} INFO - [2026-07-29T02:17:54.582+0000] {dag.py:3096} INFO - Sync 1 DAGs
[2026-07-29T02:17:54.616+0000] {logging_mixin.py:188} INFO - [2026-07-29T02:17:54.615+0000] {dag.py:3954} INFO - Setting next_dagrun for process_gold_layer to None, run_after=None
[2026-07-29T02:17:54.666+0000] {processor.py:183} INFO - Processing /opt/airflow/dags/gold_processing_dag.py took 0.211 seconds
[2026-07-29T02:18:25.126+0000] {processor.py:161} INFO - Started process (PID=22774) to work on /opt/airflow/dags/gold_processing_dag.py
[2026-07-29T02:18:25.130+0000] {processor.py:830} INFO - Processing file /opt/airflow/dags/gold_processing_dag.py for tasks to queue
[2026-07-29T02:18:25.135+0000] {logging_mixin.py:188} INFO - [2026-07-29T02:18:25.133+0000] {dagbag.py:545} INFO - Filling up the DagBag from /opt/airflow/dags/gold_processing_dag.py
[2026-07-29T02:18:25.183+0000] {processor.py:840} INFO - DAG(s) 'process_gold_layer' retrieved from /opt/airflow/dags/gold_processing_dag.py
[2026-07-29T02:18:25.240+0000] {logging_mixin.py:188} INFO - [2026-07-29T02:18:25.239+0000] {dag.py:3096} INFO - Sync 1 DAGs
[2026-07-29T02:18:25.278+0000] {logging_mixin.py:188} INFO - [2026-07-29T02:18:25.278+0000] {dag.py:3954} INFO - Setting next_dagrun for process_gold_layer to None, run_after=None
[2026-07-29T02:18:25.328+0000] {processor.py:183} INFO - Processing /opt/airflow/dags/gold_processing_dag.py took 0.230 seconds
[2026-07-29T02:18:55.917+0000] {processor.py:161} INFO - Started process (PID=22789) to work on /opt/airflow/dags/gold_processing_dag.py
[2026-07-29T02:18:55.920+0000] {processor.py:830} INFO - Processing file /opt/airflow/dags/gold_processing_dag.py for tasks to queue
[2026-07-29T02:18:55.924+0000] {logging_mixin.py:188} INFO - [2026-07-29T02:18:55.923+0000] {dagbag.py:545} INFO - Filling up the DagBag from /opt/airflow/dags/gold_processing_dag.py
[2026-07-29T02:18:55.969+0000] {processor.py:840} INFO - DAG(s) 'process_gold_layer' retrieved from /opt/airflow/dags/gold_processing_dag.py
[2026-07-29T02:18:56.015+0000] {logging_mixin.py:188} INFO - [2026-07-29T02:18:56.015+0000] {dag.py:3096} INFO - Sync 1 DAGs
[2026-07-29T02:18:56.047+0000] {logging_mixin.py:188} INFO - [2026-07-29T02:18:56.046+0000] {dag.py:3954} INFO - Setting next_dagrun for process_gold_layer to None, run_after=None
[2026-07-29T02:18:56.090+0000] {processor.py:183} INFO - Processing /opt/airflow/dags/gold_processing_dag.py took 0.190 seconds
[2026-07-29T02:19:26.449+0000] {processor.py:161} INFO - Started process (PID=22804) to work on /opt/airflow/dags/gold_processing_dag.py
[2026-07-29T02:19:26.451+0000] {processor.py:830} INFO - Processing file /opt/airflow/dags/gold_processing_dag.py for tasks to queue
[2026-07-29T02:19:26.455+0000] {logging_mixin.py:188} INFO - [2026-07-29T02:19:26.454+0000] {dagbag.py:545} INFO - Filling up the DagBag from /opt/airflow/dags/gold_processing_dag.py
[2026-07-29T02:19:26.501+0000] {processor.py:840} INFO - DAG(s) 'process_gold_layer' retrieved from /opt/airflow/dags/gold_processing_dag.py
[2026-07-29T02:19:26.559+0000] {logging_mixin.py:188} INFO - [2026-07-29T02:19:26.559+0000] {dag.py:3096} INFO - Sync 1 DAGs
[2026-07-29T02:19:26.597+0000] {logging_mixin.py:188} INFO - [2026-07-29T02:19:26.597+0000] {dag.py:3954} INFO - Setting next_dagrun for process_gold_layer to None, run_after=None
[2026-07-29T02:19:26.646+0000] {processor.py:183} INFO - Processing /opt/airflow/dags/gold_processing_dag.py took 0.216 seconds
[2026-07-29T02:19:56.768+0000] {processor.py:161} INFO - Started process (PID=22819) to work on /opt/airflow/dags/gold_processing_dag.py
[2026-07-29T02:19:56.771+0000] {processor.py:830} INFO - Processing file /opt/airflow/dags/gold_processing_dag.py for tasks to queue
[2026-07-29T02:19:56.774+0000] {logging_mixin.py:188} INFO - [2026-07-29T02:19:56.773+0000] {dagbag.py:545} INFO - Filling up the DagBag from /opt/airflow/dags/gold_processing_dag.py
[2026-07-29T02:19:56.818+0000] {processor.py:840} INFO - DAG(s) 'process_gold_layer' retrieved from /opt/airflow/dags/gold_processing_dag.py
[2026-07-29T02:19:56.864+0000] {logging_mixin.py:188} INFO - [2026-07-29T02:19:56.864+0000] {dag.py:3096} INFO - Sync 1 DAGs
[2026-07-29T02:19:56.980+0000] {logging_mixin.py:188} INFO - [2026-07-29T02:19:56.979+0000] {dag.py:3954} INFO - Setting next_dagrun for process_gold_layer to None, run_after=None
[2026-07-29T02:19:57.096+0000] {processor.py:183} INFO - Processing /opt/airflow/dags/gold_processing_dag.py took 0.343 seconds
[2026-07-29T02:20:27.333+0000] {processor.py:161} INFO - Started process (PID=22834) to work on /opt/airflow/dags/gold_processing_dag.py
[2026-07-29T02:20:27.336+0000] {processor.py:830} INFO - Processing file /opt/airflow/dags/gold_processing_dag.py for tasks to queue
[2026-07-29T02:20:27.339+0000] {logging_mixin.py:188} INFO - [2026-07-29T02:20:27.338+0000] {dagbag.py:545} INFO - Filling up the DagBag from /opt/airflow/dags/gold_processing_dag.py
[2026-07-29T02:20:27.376+0000] {processor.py:840} INFO - DAG(s) 'process_gold_layer' retrieved from /opt/airflow/dags/gold_processing_dag.py
[2026-07-29T02:20:27.416+0000] {logging_mixin.py:188} INFO - [2026-07-29T02:20:27.416+0000] {dag.py:3096} INFO - Sync 1 DAGs
[2026-07-29T02:20:27.447+0000] {logging_mixin.py:188} INFO - [2026-07-29T02:20:27.447+0000] {dag.py:3954} INFO - Setting next_dagrun for process_gold_layer to None, run_after=None
[2026-07-29T02:20:27.493+0000] {processor.py:183} INFO - Processing /opt/airflow/dags/gold_processing_dag.py took 0.185 seconds
[2026-07-29T02:20:58.197+0000] {processor.py:161} INFO - Started process (PID=22849) to work on /opt/airflow/dags/gold_processing_dag.py
[2026-07-29T02:20:58.201+0000] {processor.py:830} INFO - Processing file /opt/airflow/dags/gold_processing_dag.py for tasks to queue
[2026-07-29T02:20:58.206+0000] {logging_mixin.py:188} INFO - [2026-07-29T02:20:58.205+0000] {dagbag.py:545} INFO - Filling up the DagBag from /opt/airflow/dags/gold_processing_dag.py
[2026-07-29T02:20:58.254+0000] {processor.py:840} INFO - DAG(s) 'process_gold_layer' retrieved from /opt/airflow/dags/gold_processing_dag.py
[2026-07-29T02:20:58.317+0000] {logging_mixin.py:188} INFO - [2026-07-29T02:20:58.316+0000] {dag.py:3096} INFO - Sync 1 DAGs
[2026-07-29T02:20:58.357+0000] {logging_mixin.py:188} INFO - [2026-07-29T02:20:58.357+0000] {dag.py:3954} INFO - Setting next_dagrun for process_gold_layer to None, run_after=None
[2026-07-29T02:20:58.405+0000] {processor.py:183} INFO - Processing /opt/airflow/dags/gold_processing_dag.py took 0.227 seconds
[2026-07-29T02:21:28.700+0000] {processor.py:161} INFO - Started process (PID=22864) to work on /opt/airflow/dags/gold_processing_dag.py
[2026-07-29T02:21:28.704+0000] {processor.py:830} INFO - Processing file /opt/airflow/dags/gold_processing_dag.py for tasks to queue
[2026-07-29T02:21:28.708+0000] {logging_mixin.py:188} INFO - [2026-07-29T02:21:28.707+0000] {dagbag.py:545} INFO - Filling up the DagBag from /opt/airflow/dags/gold_processing_dag.py
[2026-07-29T02:21:28.764+0000] {processor.py:840} INFO - DAG(s) 'process_gold_layer' retrieved from /opt/airflow/dags/gold_processing_dag.py
[2026-07-29T02:21:28.824+0000] {logging_mixin.py:188} INFO - [2026-07-29T02:21:28.823+0000] {dag.py:3096} INFO - Sync 1 DAGs
[2026-07-29T02:21:28.861+0000] {logging_mixin.py:188} INFO - [2026-07-29T02:21:28.861+0000] {dag.py:3954} INFO - Setting next_dagrun for process_gold_layer to None, run_after=None
[2026-07-29T02:21:28.917+0000] {processor.py:183} INFO - Processing /opt/airflow/dags/gold_processing_dag.py took 0.241 seconds
[2026-07-29T02:21:59.553+0000] {processor.py:161} INFO - Started process (PID=22879) to work on /opt/airflow/dags/gold_processing_dag.py
[2026-07-29T02:21:59.567+0000] {processor.py:830} INFO - Processing file /opt/airflow/dags/gold_processing_dag.py for tasks to queue
[2026-07-29T02:21:59.579+0000] {logging_mixin.py:188} INFO - [2026-07-29T02:21:59.577+0000] {dagbag.py:545} INFO - Filling up the DagBag from /opt/airflow/dags/gold_processing_dag.py
[2026-07-29T02:21:59.677+0000] {processor.py:840} INFO - DAG(s) 'process_gold_layer' retrieved from /opt/airflow/dags/gold_processing_dag.py
[2026-07-29T02:21:59.796+0000] {logging_mixin.py:188} INFO - [2026-07-29T02:21:59.796+0000] {dag.py:3096} INFO - Sync 1 DAGs
[2026-07-29T02:21:59.865+0000] {logging_mixin.py:188} INFO - [2026-07-29T02:21:59.865+0000] {dag.py:3954} INFO - Setting next_dagrun for process_gold_layer to None, run_after=None
[2026-07-29T02:21:59.969+0000] {processor.py:183} INFO - Processing /opt/airflow/dags/gold_processing_dag.py took 0.452 seconds
[2026-07-29T02:22:30.367+0000] {processor.py:161} INFO - Started process (PID=22894) to work on /opt/airflow/dags/gold_processing_dag.py
[2026-07-29T02:22:30.371+0000] {processor.py:830} INFO - Processing file /opt/airflow/dags/gold_processing_dag.py for tasks to queue
[2026-07-29T02:22:30.376+0000] {logging_mixin.py:188} INFO - [2026-07-29T02:22:30.375+0000] {dagbag.py:545} INFO - Filling up the DagBag from /opt/airflow/dags/gold_processing_dag.py
[2026-07-29T02:22:30.427+0000] {processor.py:840} INFO - DAG(s) 'process_gold_layer' retrieved from /opt/airflow/dags/gold_processing_dag.py
[2026-07-29T02:22:30.503+0000] {logging_mixin.py:188} INFO - [2026-07-29T02:22:30.502+0000] {dag.py:3096} INFO - Sync 1 DAGs
[2026-07-29T02:22:30.541+0000] {logging_mixin.py:188} INFO - [2026-07-29T02:22:30.540+0000] {dag.py:3954} INFO - Setting next_dagrun for process_gold_layer to None, run_after=None
[2026-07-29T02:22:30.598+0000] {processor.py:183} INFO - Processing /opt/airflow/dags/gold_processing_dag.py took 0.252 seconds
[2026-07-29T02:23:01.229+0000] {processor.py:161} INFO - Started process (PID=22909) to work on /opt/airflow/dags/gold_processing_dag.py
[2026-07-29T02:23:01.233+0000] {processor.py:830} INFO - Processing file /opt/airflow/dags/gold_processing_dag.py for tasks to queue
[2026-07-29T02:23:01.239+0000] {logging_mixin.py:188} INFO - [2026-07-29T02:23:01.238+0000] {dagbag.py:545} INFO - Filling up the DagBag from /opt/airflow/dags/gold_processing_dag.py
[2026-07-29T02:23:01.293+0000] {processor.py:840} INFO - DAG(s) 'process_gold_layer' retrieved from /opt/airflow/dags/gold_processing_dag.py
[2026-07-29T02:23:01.371+0000] {logging_mixin.py:188} INFO - [2026-07-29T02:23:01.371+0000] {dag.py:3096} INFO - Sync 1 DAGs
[2026-07-29T02:23:01.418+0000] {logging_mixin.py:188} INFO - [2026-07-29T02:23:01.417+0000] {dag.py:3954} INFO - Setting next_dagrun for process_gold_layer to None, run_after=None
[2026-07-29T02:23:01.472+0000] {processor.py:183} INFO - Processing /opt/airflow/dags/gold_processing_dag.py took 0.265 seconds
[2026-07-29T02:23:31.813+0000] {processor.py:161} INFO - Started process (PID=22924) to work on /opt/airflow/dags/gold_processing_dag.py
[2026-07-29T02:23:31.828+0000] {processor.py:830} INFO - Processing file /opt/airflow/dags/gold_processing_dag.py for tasks to queue
[2026-07-29T02:23:31.832+0000] {logging_mixin.py:188} INFO - [2026-07-29T02:23:31.831+0000] {dagbag.py:545} INFO - Filling up the DagBag from /opt/airflow/dags/gold_processing_dag.py
[2026-07-29T02:23:31.945+0000] {processor.py:840} INFO - DAG(s) 'process_gold_layer' retrieved from /opt/airflow/dags/gold_processing_dag.py
[2026-07-29T02:23:32.068+0000] {logging_mixin.py:188} INFO - [2026-07-29T02:23:32.068+0000] {dag.py:3096} INFO - Sync 1 DAGs
[2026-07-29T02:23:32.140+0000] {logging_mixin.py:188} INFO - [2026-07-29T02:23:32.140+0000] {dag.py:3954} INFO - Setting next_dagrun for process_gold_layer to None, run_after=None
[2026-07-29T02:23:32.252+0000] {processor.py:183} INFO - Processing /opt/airflow/dags/gold_processing_dag.py took 0.477 seconds
[2026-07-29T02:24:02.536+0000] {processor.py:161} INFO - Started process (PID=22939) to work on /opt/airflow/dags/gold_processing_dag.py
[2026-07-29T02:24:02.549+0000] {processor.py:830} INFO - Processing file /opt/airflow/dags/gold_processing_dag.py for tasks to queue
[2026-07-29T02:24:02.552+0000] {logging_mixin.py:188} INFO - [2026-07-29T02:24:02.551+0000] {dagbag.py:545} INFO - Filling up the DagBag from /opt/airflow/dags/gold_processing_dag.py
[2026-07-29T02:24:02.619+0000] {processor.py:840} INFO - DAG(s) 'process_gold_layer' retrieved from /opt/airflow/dags/gold_processing_dag.py
[2026-07-29T02:24:02.741+0000] {logging_mixin.py:188} INFO - [2026-07-29T02:24:02.740+0000] {dag.py:3096} INFO - Sync 1 DAGs
[2026-07-29T02:24:02.827+0000] {logging_mixin.py:188} INFO - [2026-07-29T02:24:02.827+0000] {dag.py:3954} INFO - Setting next_dagrun for process_gold_layer to None, run_after=None
[2026-07-29T02:24:02.940+0000] {processor.py:183} INFO - Processing /opt/airflow/dags/gold_processing_dag.py took 0.429 seconds
[2026-07-29T02:24:33.463+0000] {processor.py:161} INFO - Started process (PID=22954) to work on /opt/airflow/dags/gold_processing_dag.py
[2026-07-29T02:24:33.466+0000] {processor.py:830} INFO - Processing file /opt/airflow/dags/gold_processing_dag.py for tasks to queue
[2026-07-29T02:24:33.470+0000] {logging_mixin.py:188} INFO - [2026-07-29T02:24:33.469+0000] {dagbag.py:545} INFO - Filling up the DagBag from /opt/airflow/dags/gold_processing_dag.py
[2026-07-29T02:24:33.598+0000] {processor.py:840} INFO - DAG(s) 'process_gold_layer' retrieved from /opt/airflow/dags/gold_processing_dag.py
[2026-07-29T02:24:33.747+0000] {logging_mixin.py:188} INFO - [2026-07-29T02:24:33.747+0000] {dag.py:3096} INFO - Sync 1 DAGs
[2026-07-29T02:24:33.848+0000] {logging_mixin.py:188} INFO - [2026-07-29T02:24:33.847+0000] {dag.py:3954} INFO - Setting next_dagrun for process_gold_layer to None, run_after=None
[2026-07-29T02:24:33.984+0000] {processor.py:183} INFO - Processing /opt/airflow/dags/gold_processing_dag.py took 0.556 seconds
[2026-07-29T02:25:04.567+0000] {processor.py:161} INFO - Started process (PID=22969) to work on /opt/airflow/dags/gold_processing_dag.py
[2026-07-29T02:25:04.580+0000] {processor.py:830} INFO - Processing file /opt/airflow/dags/gold_processing_dag.py for tasks to queue
[2026-07-29T02:25:04.583+0000] {logging_mixin.py:188} INFO - [2026-07-29T02:25:04.582+0000] {dagbag.py:545} INFO - Filling up the DagBag from /opt/airflow/dags/gold_processing_dag.py
[2026-07-29T02:25:04.675+0000] {processor.py:840} INFO - DAG(s) 'process_gold_layer' retrieved from /opt/airflow/dags/gold_processing_dag.py
[2026-07-29T02:25:04.850+0000] {logging_mixin.py:188} INFO - [2026-07-29T02:25:04.849+0000] {dag.py:3096} INFO - Sync 1 DAGs
[2026-07-29T02:25:04.948+0000] {logging_mixin.py:188} INFO - [2026-07-29T02:25:04.948+0000] {dag.py:3954} INFO - Setting next_dagrun for process_gold_layer to None, run_after=None
[2026-07-29T02:25:05.052+0000] {processor.py:183} INFO - Processing /opt/airflow/dags/gold_processing_dag.py took 0.534 seconds
[2026-07-29T02:25:35.460+0000] {processor.py:161} INFO - Started process (PID=22984) to work on /opt/airflow/dags/gold_processing_dag.py
[2026-07-29T02:25:35.462+0000] {processor.py:830} INFO - Processing file /opt/airflow/dags/gold_processing_dag.py for tasks to queue
[2026-07-29T02:25:35.467+0000] {logging_mixin.py:188} INFO - [2026-07-29T02:25:35.466+0000] {dagbag.py:545} INFO - Filling up the DagBag from /opt/airflow/dags/gold_processing_dag.py
[2026-07-29T02:25:35.528+0000] {processor.py:840} INFO - DAG(s) 'process_gold_layer' retrieved from /opt/airflow/dags/gold_processing_dag.py
[2026-07-29T02:25:35.618+0000] {logging_mixin.py:188} INFO - [2026-07-29T02:25:35.617+0000] {dag.py:3096} INFO - Sync 1 DAGs
[2026-07-29T02:25:35.666+0000] {logging_mixin.py:188} INFO - [2026-07-29T02:25:35.665+0000] {dag.py:3954} INFO - Setting next_dagrun for process_gold_layer to None, run_after=None
[2026-07-29T02:25:36.193+0000] {processor.py:183} INFO - Processing /opt/airflow/dags/gold_processing_dag.py took 0.786 seconds
[2026-07-29T02:26:11.256+0000] {processor.py:161} INFO - Started process (PID=22999) to work on /opt/airflow/dags/gold_processing_dag.py
[2026-07-29T02:26:11.259+0000] {processor.py:830} INFO - Processing file /opt/airflow/dags/gold_processing_dag.py for tasks to queue
[2026-07-29T02:26:11.262+0000] {logging_mixin.py:188} INFO - [2026-07-29T02:26:11.261+0000] {dagbag.py:545} INFO - Filling up the DagBag from /opt/airflow/dags/gold_processing_dag.py
[2026-07-29T02:26:11.308+0000] {processor.py:840} INFO - DAG(s) 'process_gold_layer' retrieved from /opt/airflow/dags/gold_processing_dag.py
[2026-07-29T02:26:11.371+0000] {logging_mixin.py:188} INFO - [2026-07-29T02:26:11.371+0000] {dag.py:3096} INFO - Sync 1 DAGs
[2026-07-29T02:26:11.405+0000] {logging_mixin.py:188} INFO - [2026-07-29T02:26:11.403+0000] {dag.py:3954} INFO - Setting next_dagrun for process_gold_layer to None, run_after=None
[2026-07-29T02:26:11.451+0000] {processor.py:183} INFO - Processing /opt/airflow/dags/gold_processing_dag.py took 0.213 seconds
[2026-07-29T02:26:41.879+0000] {processor.py:161} INFO - Started process (PID=23014) to work on /opt/airflow/dags/gold_processing_dag.py
[2026-07-29T02:26:41.881+0000] {processor.py:830} INFO - Processing file /opt/airflow/dags/gold_processing_dag.py for tasks to queue
[2026-07-29T02:26:41.885+0000] {logging_mixin.py:188} INFO - [2026-07-29T02:26:41.884+0000] {dagbag.py:545} INFO - Filling up the DagBag from /opt/airflow/dags/gold_processing_dag.py
[2026-07-29T02:26:41.930+0000] {processor.py:840} INFO - DAG(s) 'process_gold_layer' retrieved from /opt/airflow/dags/gold_processing_dag.py
[2026-07-29T02:26:41.987+0000] {logging_mixin.py:188} INFO - [2026-07-29T02:26:41.986+0000] {dag.py:3096} INFO - Sync 1 DAGs
[2026-07-29T02:26:42.017+0000] {logging_mixin.py:188} INFO - [2026-07-29T02:26:42.017+0000] {dag.py:3954} INFO - Setting next_dagrun for process_gold_layer to None, run_after=None
[2026-07-29T02:26:42.068+0000] {processor.py:183} INFO - Processing /opt/airflow/dags/gold_processing_dag.py took 0.208 seconds
[2026-07-29T02:27:12.514+0000] {processor.py:161} INFO - Started process (PID=23029) to work on /opt/airflow/dags/gold_processing_dag.py
[2026-07-29T02:27:12.517+0000] {processor.py:830} INFO - Processing file /opt/airflow/dags/gold_processing_dag.py for tasks to queue
[2026-07-29T02:27:12.520+0000] {logging_mixin.py:188} INFO - [2026-07-29T02:27:12.519+0000] {dagbag.py:545} INFO - Filling up the DagBag from /opt/airflow/dags/gold_processing_dag.py
[2026-07-29T02:27:12.563+0000] {processor.py:840} INFO - DAG(s) 'process_gold_layer' retrieved from /opt/airflow/dags/gold_processing_dag.py
[2026-07-29T02:27:12.645+0000] {logging_mixin.py:188} INFO - [2026-07-29T02:27:12.644+0000] {dag.py:3096} INFO - Sync 1 DAGs
[2026-07-29T02:27:12.695+0000] {logging_mixin.py:188} INFO - [2026-07-29T02:27:12.694+0000] {dag.py:3954} INFO - Setting next_dagrun for process_gold_layer to None, run_after=None
[2026-07-29T02:27:12.780+0000] {processor.py:183} INFO - Processing /opt/airflow/dags/gold_processing_dag.py took 0.285 seconds
[2026-07-29T02:27:43.000+0000] {processor.py:161} INFO - Started process (PID=23044) to work on /opt/airflow/dags/gold_processing_dag.py
[2026-07-29T02:27:43.004+0000] {processor.py:830} INFO - Processing file /opt/airflow/dags/gold_processing_dag.py for tasks to queue
[2026-07-29T02:27:43.015+0000] {logging_mixin.py:188} INFO - [2026-07-29T02:27:43.014+0000] {dagbag.py:545} INFO - Filling up the DagBag from /opt/airflow/dags/gold_processing_dag.py
[2026-07-29T02:27:43.064+0000] {processor.py:840} INFO - DAG(s) 'process_gold_layer' retrieved from /opt/airflow/dags/gold_processing_dag.py
[2026-07-29T02:27:43.136+0000] {logging_mixin.py:188} INFO - [2026-07-29T02:27:43.134+0000] {dag.py:3096} INFO - Sync 1 DAGs
[2026-07-29T02:27:43.176+0000] {logging_mixin.py:188} INFO - [2026-07-29T02:27:43.175+0000] {dag.py:3954} INFO - Setting next_dagrun for process_gold_layer to None, run_after=None
[2026-07-29T02:27:43.225+0000] {processor.py:183} INFO - Processing /opt/airflow/dags/gold_processing_dag.py took 0.253 seconds
[2026-07-29T02:28:13.476+0000] {processor.py:161} INFO - Started process (PID=23059) to work on /opt/airflow/dags/gold_processing_dag.py
[2026-07-29T02:28:13.478+0000] {processor.py:830} INFO - Processing file /opt/airflow/dags/gold_processing_dag.py for tasks to queue
[2026-07-29T02:28:13.484+0000] {logging_mixin.py:188} INFO - [2026-07-29T02:28:13.483+0000] {dagbag.py:545} INFO - Filling up the DagBag from /opt/airflow/dags/gold_processing_dag.py
[2026-07-29T02:28:13.530+0000] {processor.py:840} INFO - DAG(s) 'process_gold_layer' retrieved from /opt/airflow/dags/gold_processing_dag.py
[2026-07-29T02:28:13.586+0000] {logging_mixin.py:188} INFO - [2026-07-29T02:28:13.586+0000] {dag.py:3096} INFO - Sync 1 DAGs
[2026-07-29T02:28:13.621+0000] {logging_mixin.py:188} INFO - [2026-07-29T02:28:13.621+0000] {dag.py:3954} INFO - Setting next_dagrun for process_gold_layer to None, run_after=None
[2026-07-29T02:28:13.667+0000] {processor.py:183} INFO - Processing /opt/airflow/dags/gold_processing_dag.py took 0.214 seconds
[2026-07-29T02:28:44.285+0000] {processor.py:161} INFO - Started process (PID=23074) to work on /opt/airflow/dags/gold_processing_dag.py
[2026-07-29T02:28:44.288+0000] {processor.py:830} INFO - Processing file /opt/airflow/dags/gold_processing_dag.py for tasks to queue
[2026-07-29T02:28:44.296+0000] {logging_mixin.py:188} INFO - [2026-07-29T02:28:44.293+0000] {dagbag.py:545} INFO - Filling up the DagBag from /opt/airflow/dags/gold_processing_dag.py
[2026-07-29T02:28:44.363+0000] {processor.py:840} INFO - DAG(s) 'process_gold_layer' retrieved from /opt/airflow/dags/gold_processing_dag.py
[2026-07-29T02:28:44.424+0000] {logging_mixin.py:188} INFO - [2026-07-29T02:28:44.424+0000] {dag.py:3096} INFO - Sync 1 DAGs
[2026-07-29T02:28:44.457+0000] {logging_mixin.py:188} INFO - [2026-07-29T02:28:44.457+0000] {dag.py:3954} INFO - Setting next_dagrun for process_gold_layer to None, run_after=None
[2026-07-29T02:28:44.503+0000] {processor.py:183} INFO - Processing /opt/airflow/dags/gold_processing_dag.py took 0.233 seconds
[2026-07-29T02:29:14.933+0000] {processor.py:161} INFO - Started process (PID=23089) to work on /opt/airflow/dags/gold_processing_dag.py
[2026-07-29T02:29:14.947+0000] {processor.py:830} INFO - Processing file /opt/airflow/dags/gold_processing_dag.py for tasks to queue
[2026-07-29T02:29:14.953+0000] {logging_mixin.py:188} INFO - [2026-07-29T02:29:14.952+0000] {dagbag.py:545} INFO - Filling up the DagBag from /opt/airflow/dags/gold_processing_dag.py
[2026-07-29T02:29:15.016+0000] {processor.py:840} INFO - DAG(s) 'process_gold_layer' retrieved from /opt/airflow/dags/gold_processing_dag.py
[2026-07-29T02:29:15.096+0000] {logging_mixin.py:188} INFO - [2026-07-29T02:29:15.095+0000] {dag.py:3096} INFO - Sync 1 DAGs
[2026-07-29T02:29:15.146+0000] {logging_mixin.py:188} INFO - [2026-07-29T02:29:15.145+0000] {dag.py:3954} INFO - Setting next_dagrun for process_gold_layer to None, run_after=None
[2026-07-29T02:29:15.226+0000] {processor.py:183} INFO - Processing /opt/airflow/dags/gold_processing_dag.py took 0.330 seconds
[2026-07-29T02:29:45.475+0000] {processor.py:161} INFO - Started process (PID=23104) to work on /opt/airflow/dags/gold_processing_dag.py
[2026-07-29T02:29:45.478+0000] {processor.py:830} INFO - Processing file /opt/airflow/dags/gold_processing_dag.py for tasks to queue
[2026-07-29T02:29:45.484+0000] {logging_mixin.py:188} INFO - [2026-07-29T02:29:45.483+0000] {dagbag.py:545} INFO - Filling up the DagBag from /opt/airflow/dags/gold_processing_dag.py
[2026-07-29T02:29:45.530+0000] {processor.py:840} INFO - DAG(s) 'process_gold_layer' retrieved from /opt/airflow/dags/gold_processing_dag.py
[2026-07-29T02:29:45.591+0000] {logging_mixin.py:188} INFO - [2026-07-29T02:29:45.590+0000] {dag.py:3096} INFO - Sync 1 DAGs
[2026-07-29T02:29:45.628+0000] {logging_mixin.py:188} INFO - [2026-07-29T02:29:45.627+0000] {dag.py:3954} INFO - Setting next_dagrun for process_gold_layer to None, run_after=None
[2026-07-29T02:29:45.673+0000] {processor.py:183} INFO - Processing /opt/airflow/dags/gold_processing_dag.py took 0.219 seconds
[2026-07-29T02:30:15.947+0000] {processor.py:161} INFO - Started process (PID=23119) to work on /opt/airflow/dags/gold_processing_dag.py
[2026-07-29T02:30:15.949+0000] {processor.py:830} INFO - Processing file /opt/airflow/dags/gold_processing_dag.py for tasks to queue
[2026-07-29T02:30:15.953+0000] {logging_mixin.py:188} INFO - [2026-07-29T02:30:15.952+0000] {dagbag.py:545} INFO - Filling up the DagBag from /opt/airflow/dags/gold_processing_dag.py
[2026-07-29T02:30:16.014+0000] {processor.py:840} INFO - DAG(s) 'process_gold_layer' retrieved from /opt/airflow/dags/gold_processing_dag.py
[2026-07-29T02:30:16.113+0000] {logging_mixin.py:188} INFO - [2026-07-29T02:30:16.112+0000] {dag.py:3096} INFO - Sync 1 DAGs
[2026-07-29T02:30:16.157+0000] {logging_mixin.py:188} INFO - [2026-07-29T02:30:16.157+0000] {dag.py:3954} INFO - Setting next_dagrun for process_gold_layer to None, run_after=None
[2026-07-29T02:30:16.209+0000] {processor.py:183} INFO - Processing /opt/airflow/dags/gold_processing_dag.py took 0.301 seconds
[2026-07-29T02:30:46.897+0000] {processor.py:161} INFO - Started process (PID=23134) to work on /opt/airflow/dags/gold_processing_dag.py
[2026-07-29T02:30:46.911+0000] {processor.py:830} INFO - Processing file /opt/airflow/dags/gold_processing_dag.py for tasks to queue
[2026-07-29T02:30:46.924+0000] {logging_mixin.py:188} INFO - [2026-07-29T02:30:46.918+0000] {dagbag.py:545} INFO - Filling up the DagBag from /opt/airflow/dags/gold_processing_dag.py
[2026-07-29T02:30:47.084+0000] {processor.py:840} INFO - DAG(s) 'process_gold_layer' retrieved from /opt/airflow/dags/gold_processing_dag.py
[2026-07-29T02:30:47.159+0000] {logging_mixin.py:188} INFO - [2026-07-29T02:30:47.158+0000] {dag.py:3096} INFO - Sync 1 DAGs
[2026-07-29T02:30:47.200+0000] {logging_mixin.py:188} INFO - [2026-07-29T02:30:47.199+0000] {dag.py:3954} INFO - Setting next_dagrun for process_gold_layer to None, run_after=None
[2026-07-29T02:30:47.255+0000] {processor.py:183} INFO - Processing /opt/airflow/dags/gold_processing_dag.py took 0.446 seconds
[2026-07-29T02:31:17.668+0000] {processor.py:161} INFO - Started process (PID=23149) to work on /opt/airflow/dags/gold_processing_dag.py
[2026-07-29T02:31:17.683+0000] {processor.py:830} INFO - Processing file /opt/airflow/dags/gold_processing_dag.py for tasks to queue
[2026-07-29T02:31:17.689+0000] {logging_mixin.py:188} INFO - [2026-07-29T02:31:17.688+0000] {dagbag.py:545} INFO - Filling up the DagBag from /opt/airflow/dags/gold_processing_dag.py
[2026-07-29T02:31:17.798+0000] {processor.py:840} INFO - DAG(s) 'process_gold_layer' retrieved from /opt/airflow/dags/gold_processing_dag.py
[2026-07-29T02:31:17.911+0000] {logging_mixin.py:188} INFO - [2026-07-29T02:31:17.910+0000] {dag.py:3096} INFO - Sync 1 DAGs
[2026-07-29T02:31:17.992+0000] {logging_mixin.py:188} INFO - [2026-07-29T02:31:17.992+0000] {dag.py:3954} INFO - Setting next_dagrun for process_gold_layer to None, run_after=None
[2026-07-29T02:31:18.040+0000] {processor.py:183} INFO - Processing /opt/airflow/dags/gold_processing_dag.py took 0.395 seconds
[2026-07-29T02:31:48.226+0000] {processor.py:161} INFO - Started process (PID=23164) to work on /opt/airflow/dags/gold_processing_dag.py
[2026-07-29T02:31:48.233+0000] {processor.py:830} INFO - Processing file /opt/airflow/dags/gold_processing_dag.py for tasks to queue
[2026-07-29T02:31:48.239+0000] {logging_mixin.py:188} INFO - [2026-07-29T02:31:48.237+0000] {dagbag.py:545} INFO - Filling up the DagBag from /opt/airflow/dags/gold_processing_dag.py
[2026-07-29T02:31:48.290+0000] {processor.py:840} INFO - DAG(s) 'process_gold_layer' retrieved from /opt/airflow/dags/gold_processing_dag.py
[2026-07-29T02:31:48.348+0000] {logging_mixin.py:188} INFO - [2026-07-29T02:31:48.348+0000] {dag.py:3096} INFO - Sync 1 DAGs
[2026-07-29T02:31:48.381+0000] {logging_mixin.py:188} INFO - [2026-07-29T02:31:48.381+0000] {dag.py:3954} INFO - Setting next_dagrun for process_gold_layer to None, run_after=None
[2026-07-29T02:31:48.431+0000] {processor.py:183} INFO - Processing /opt/airflow/dags/gold_processing_dag.py took 0.231 seconds
[2026-07-29T02:32:19.475+0000] {processor.py:161} INFO - Started process (PID=23179) to work on /opt/airflow/dags/gold_processing_dag.py
[2026-07-29T02:32:19.478+0000] {processor.py:830} INFO - Processing file /opt/airflow/dags/gold_processing_dag.py for tasks to queue
[2026-07-29T02:32:19.482+0000] {logging_mixin.py:188} INFO - [2026-07-29T02:32:19.481+0000] {dagbag.py:545} INFO - Filling up the DagBag from /opt/airflow/dags/gold_processing_dag.py
[2026-07-29T02:32:19.534+0000] {processor.py:840} INFO - DAG(s) 'process_gold_layer' retrieved from /opt/airflow/dags/gold_processing_dag.py
[2026-07-29T02:32:19.596+0000] {logging_mixin.py:188} INFO - [2026-07-29T02:32:19.595+0000] {dag.py:3096} INFO - Sync 1 DAGs
[2026-07-29T02:32:19.626+0000] {logging_mixin.py:188} INFO - [2026-07-29T02:32:19.625+0000] {dag.py:3954} INFO - Setting next_dagrun for process_gold_layer to None, run_after=None
[2026-07-29T02:32:19.673+0000] {processor.py:183} INFO - Processing /opt/airflow/dags/gold_processing_dag.py took 0.219 seconds
[2026-07-29T02:32:50.336+0000] {processor.py:161} INFO - Started process (PID=23194) to work on /opt/airflow/dags/gold_processing_dag.py
[2026-07-29T02:32:50.338+0000] {processor.py:830} INFO - Processing file /opt/airflow/dags/gold_processing_dag.py for tasks to queue
[2026-07-29T02:32:50.342+0000] {logging_mixin.py:188} INFO - [2026-07-29T02:32:50.341+0000] {dagbag.py:545} INFO - Filling up the DagBag from /opt/airflow/dags/gold_processing_dag.py
[2026-07-29T02:32:50.419+0000] {processor.py:840} INFO - DAG(s) 'process_gold_layer' retrieved from /opt/airflow/dags/gold_processing_dag.py
[2026-07-29T02:32:50.524+0000] {logging_mixin.py:188} INFO - [2026-07-29T02:32:50.523+0000] {dag.py:3096} INFO - Sync 1 DAGs
[2026-07-29T02:32:50.593+0000] {logging_mixin.py:188} INFO - [2026-07-29T02:32:50.592+0000] {dag.py:3954} INFO - Setting next_dagrun for process_gold_layer to None, run_after=None
[2026-07-29T02:32:50.661+0000] {processor.py:183} INFO - Processing /opt/airflow/dags/gold_processing_dag.py took 0.360 seconds
[2026-07-29T02:33:21.076+0000] {processor.py:161} INFO - Started process (PID=23209) to work on /opt/airflow/dags/gold_processing_dag.py
[2026-07-29T02:33:21.078+0000] {processor.py:830} INFO - Processing file /opt/airflow/dags/gold_processing_dag.py for tasks to queue
[2026-07-29T02:33:21.083+0000] {logging_mixin.py:188} INFO - [2026-07-29T02:33:21.082+0000] {dagbag.py:545} INFO - Filling up the DagBag from /opt/airflow/dags/gold_processing_dag.py
[2026-07-29T02:33:21.126+0000] {processor.py:840} INFO - DAG(s) 'process_gold_layer' retrieved from /opt/airflow/dags/gold_processing_dag.py
[2026-07-29T02:33:21.185+0000] {logging_mixin.py:188} INFO - [2026-07-29T02:33:21.184+0000] {dag.py:3096} INFO - Sync 1 DAGs
[2026-07-29T02:33:21.221+0000] {logging_mixin.py:188} INFO - [2026-07-29T02:33:21.220+0000] {dag.py:3954} INFO - Setting next_dagrun for process_gold_layer to None, run_after=None
[2026-07-29T02:33:21.282+0000] {processor.py:183} INFO - Processing /opt/airflow/dags/gold_processing_dag.py took 0.227 seconds
[2026-07-29T02:33:51.502+0000] {processor.py:161} INFO - Started process (PID=23224) to work on /opt/airflow/dags/gold_processing_dag.py
[2026-07-29T02:33:51.506+0000] {processor.py:830} INFO - Processing file /opt/airflow/dags/gold_processing_dag.py for tasks to queue
[2026-07-29T02:33:51.511+0000] {logging_mixin.py:188} INFO - [2026-07-29T02:33:51.510+0000] {dagbag.py:545} INFO - Filling up the DagBag from /opt/airflow/dags/gold_processing_dag.py
[2026-07-29T02:33:51.558+0000] {processor.py:840} INFO - DAG(s) 'process_gold_layer' retrieved from /opt/airflow/dags/gold_processing_dag.py
[2026-07-29T02:33:51.621+0000] {logging_mixin.py:188} INFO - [2026-07-29T02:33:51.621+0000] {dag.py:3096} INFO - Sync 1 DAGs
[2026-07-29T02:33:51.661+0000] {logging_mixin.py:188} INFO - [2026-07-29T02:33:51.660+0000] {dag.py:3954} INFO - Setting next_dagrun for process_gold_layer to None, run_after=None
[2026-07-29T02:33:51.718+0000] {processor.py:183} INFO - Processing /opt/airflow/dags/gold_processing_dag.py took 0.234 seconds
[2026-07-29T02:34:21.998+0000] {processor.py:161} INFO - Started process (PID=23239) to work on /opt/airflow/dags/gold_processing_dag.py
[2026-07-29T02:34:22.001+0000] {processor.py:830} INFO - Processing file /opt/airflow/dags/gold_processing_dag.py for tasks to queue
[2026-07-29T02:34:22.004+0000] {logging_mixin.py:188} INFO - [2026-07-29T02:34:22.003+0000] {dagbag.py:545} INFO - Filling up the DagBag from /opt/airflow/dags/gold_processing_dag.py
[2026-07-29T02:34:22.050+0000] {processor.py:840} INFO - DAG(s) 'process_gold_layer' retrieved from /opt/airflow/dags/gold_processing_dag.py
[2026-07-29T02:34:22.113+0000] {logging_mixin.py:188} INFO - [2026-07-29T02:34:22.113+0000] {dag.py:3096} INFO - Sync 1 DAGs
[2026-07-29T02:34:22.147+0000] {logging_mixin.py:188} INFO - [2026-07-29T02:34:22.147+0000] {dag.py:3954} INFO - Setting next_dagrun for process_gold_layer to None, run_after=None
[2026-07-29T02:34:22.197+0000] {processor.py:183} INFO - Processing /opt/airflow/dags/gold_processing_dag.py took 0.218 seconds
[2026-07-29T02:34:52.823+0000] {processor.py:161} INFO - Started process (PID=23254) to work on /opt/airflow/dags/gold_processing_dag.py
[2026-07-29T02:34:52.839+0000] {processor.py:830} INFO - Processing file /opt/airflow/dags/gold_processing_dag.py for tasks to queue
[2026-07-29T02:34:52.857+0000] {logging_mixin.py:188} INFO - [2026-07-29T02:34:52.848+0000] {dagbag.py:545} INFO - Filling up the DagBag from /opt/airflow/dags/gold_processing_dag.py
[2026-07-29T02:34:52.954+0000] {processor.py:840} INFO - DAG(s) 'process_gold_layer' retrieved from /opt/airflow/dags/gold_processing_dag.py
[2026-07-29T02:34:53.021+0000] {logging_mixin.py:188} INFO - [2026-07-29T02:34:53.021+0000] {dag.py:3096} INFO - Sync 1 DAGs
[2026-07-29T02:34:53.058+0000] {logging_mixin.py:188} INFO - [2026-07-29T02:34:53.058+0000] {dag.py:3954} INFO - Setting next_dagrun for process_gold_layer to None, run_after=None
[2026-07-29T02:34:53.112+0000] {processor.py:183} INFO - Processing /opt/airflow/dags/gold_processing_dag.py took 0.349 seconds
[2026-07-29T02:35:23.518+0000] {processor.py:161} INFO - Started process (PID=23269) to work on /opt/airflow/dags/gold_processing_dag.py
[2026-07-29T02:35:23.521+0000] {processor.py:830} INFO - Processing file /opt/airflow/dags/gold_processing_dag.py for tasks to queue
[2026-07-29T02:35:23.524+0000] {logging_mixin.py:188} INFO - [2026-07-29T02:35:23.523+0000] {dagbag.py:545} INFO - Filling up the DagBag from /opt/airflow/dags/gold_processing_dag.py
[2026-07-29T02:35:23.567+0000] {processor.py:840} INFO - DAG(s) 'process_gold_layer' retrieved from /opt/airflow/dags/gold_processing_dag.py
[2026-07-29T02:35:23.626+0000] {logging_mixin.py:188} INFO - [2026-07-29T02:35:23.625+0000] {dag.py:3096} INFO - Sync 1 DAGs
[2026-07-29T02:35:23.656+0000] {logging_mixin.py:188} INFO - [2026-07-29T02:35:23.655+0000] {dag.py:3954} INFO - Setting next_dagrun for process_gold_layer to None, run_after=None
[2026-07-29T02:35:23.808+0000] {processor.py:183} INFO - Processing /opt/airflow/dags/gold_processing_dag.py took 0.309 seconds
[2026-07-29T02:35:54.083+0000] {processor.py:161} INFO - Started process (PID=23284) to work on /opt/airflow/dags/gold_processing_dag.py
[2026-07-29T02:35:54.088+0000] {processor.py:830} INFO - Processing file /opt/airflow/dags/gold_processing_dag.py for tasks to queue
[2026-07-29T02:35:54.095+0000] {logging_mixin.py:188} INFO - [2026-07-29T02:35:54.092+0000] {dagbag.py:545} INFO - Filling up the DagBag from /opt/airflow/dags/gold_processing_dag.py
[2026-07-29T02:35:54.190+0000] {processor.py:840} INFO - DAG(s) 'process_gold_layer' retrieved from /opt/airflow/dags/gold_processing_dag.py
[2026-07-29T02:35:54.310+0000] {logging_mixin.py:188} INFO - [2026-07-29T02:35:54.309+0000] {dag.py:3096} INFO - Sync 1 DAGs
[2026-07-29T02:35:54.369+0000] {logging_mixin.py:188} INFO - [2026-07-29T02:35:54.368+0000] {dag.py:3954} INFO - Setting next_dagrun for process_gold_layer to None, run_after=None
[2026-07-29T02:35:54.481+0000] {processor.py:183} INFO - Processing /opt/airflow/dags/gold_processing_dag.py took 0.423 seconds
[2026-07-29T02:36:24.762+0000] {processor.py:161} INFO - Started process (PID=23299) to work on /opt/airflow/dags/gold_processing_dag.py
[2026-07-29T02:36:24.765+0000] {processor.py:830} INFO - Processing file /opt/airflow/dags/gold_processing_dag.py for tasks to queue
[2026-07-29T02:36:24.770+0000] {logging_mixin.py:188} INFO - [2026-07-29T02:36:24.769+0000] {dagbag.py:545} INFO - Filling up the DagBag from /opt/airflow/dags/gold_processing_dag.py
[2026-07-29T02:36:24.820+0000] {processor.py:840} INFO - DAG(s) 'process_gold_layer' retrieved from /opt/airflow/dags/gold_processing_dag.py
[2026-07-29T02:36:24.892+0000] {logging_mixin.py:188} INFO - [2026-07-29T02:36:24.891+0000] {dag.py:3096} INFO - Sync 1 DAGs
[2026-07-29T02:36:24.950+0000] {logging_mixin.py:188} INFO - [2026-07-29T02:36:24.949+0000] {dag.py:3954} INFO - Setting next_dagrun for process_gold_layer to None, run_after=None
[2026-07-29T02:36:25.013+0000] {processor.py:183} INFO - Processing /opt/airflow/dags/gold_processing_dag.py took 0.270 seconds
[2026-07-29T02:36:55.712+0000] {processor.py:161} INFO - Started process (PID=23314) to work on /opt/airflow/dags/gold_processing_dag.py
[2026-07-29T02:36:55.715+0000] {processor.py:830} INFO - Processing file /opt/airflow/dags/gold_processing_dag.py for tasks to queue
[2026-07-29T02:36:55.722+0000] {logging_mixin.py:188} INFO - [2026-07-29T02:36:55.719+0000] {dagbag.py:545} INFO - Filling up the DagBag from /opt/airflow/dags/gold_processing_dag.py
[2026-07-29T02:36:55.796+0000] {processor.py:840} INFO - DAG(s) 'process_gold_layer' retrieved from /opt/airflow/dags/gold_processing_dag.py
[2026-07-29T02:36:55.846+0000] {logging_mixin.py:188} INFO - [2026-07-29T02:36:55.845+0000] {dag.py:3096} INFO - Sync 1 DAGs
[2026-07-29T02:36:55.882+0000] {logging_mixin.py:188} INFO - [2026-07-29T02:36:55.882+0000] {dag.py:3954} INFO - Setting next_dagrun for process_gold_layer to None, run_after=None
[2026-07-29T02:36:55.929+0000] {processor.py:183} INFO - Processing /opt/airflow/dags/gold_processing_dag.py took 0.235 seconds
[2026-07-29T02:37:26.291+0000] {processor.py:161} INFO - Started process (PID=23329) to work on /opt/airflow/dags/gold_processing_dag.py
[2026-07-29T02:37:26.296+0000] {processor.py:830} INFO - Processing file /opt/airflow/dags/gold_processing_dag.py for tasks to queue
[2026-07-29T02:37:26.300+0000] {logging_mixin.py:188} INFO - [2026-07-29T02:37:26.299+0000] {dagbag.py:545} INFO - Filling up the DagBag from /opt/airflow/dags/gold_processing_dag.py
[2026-07-29T02:37:26.346+0000] {processor.py:840} INFO - DAG(s) 'process_gold_layer' retrieved from /opt/airflow/dags/gold_processing_dag.py
[2026-07-29T02:37:26.402+0000] {logging_mixin.py:188} INFO - [2026-07-29T02:37:26.402+0000] {dag.py:3096} INFO - Sync 1 DAGs
[2026-07-29T02:37:26.434+0000] {logging_mixin.py:188} INFO - [2026-07-29T02:37:26.434+0000] {dag.py:3954} INFO - Setting next_dagrun for process_gold_layer to None, run_after=None
[2026-07-29T02:37:26.481+0000] {processor.py:183} INFO - Processing /opt/airflow/dags/gold_processing_dag.py took 0.215 seconds
[2026-07-29T02:37:56.646+0000] {processor.py:161} INFO - Started process (PID=23344) to work on /opt/airflow/dags/gold_processing_dag.py
[2026-07-29T02:37:56.649+0000] {processor.py:830} INFO - Processing file /opt/airflow/dags/gold_processing_dag.py for tasks to queue
[2026-07-29T02:37:56.653+0000] {logging_mixin.py:188} INFO - [2026-07-29T02:37:56.652+0000] {dagbag.py:545} INFO - Filling up the DagBag from /opt/airflow/dags/gold_processing_dag.py
[2026-07-29T02:37:56.701+0000] {processor.py:840} INFO - DAG(s) 'process_gold_layer' retrieved from /opt/airflow/dags/gold_processing_dag.py
[2026-07-29T02:37:56.775+0000] {logging_mixin.py:188} INFO - [2026-07-29T02:37:56.774+0000] {dag.py:3096} INFO - Sync 1 DAGs
[2026-07-29T02:37:56.824+0000] {logging_mixin.py:188} INFO - [2026-07-29T02:37:56.824+0000] {dag.py:3954} INFO - Setting next_dagrun for process_gold_layer to None, run_after=None
[2026-07-29T02:37:56.888+0000] {processor.py:183} INFO - Processing /opt/airflow/dags/gold_processing_dag.py took 0.265 seconds
[2026-07-29T02:38:27.075+0000] {processor.py:161} INFO - Started process (PID=23359) to work on /opt/airflow/dags/gold_processing_dag.py
[2026-07-29T02:38:27.082+0000] {processor.py:830} INFO - Processing file /opt/airflow/dags/gold_processing_dag.py for tasks to queue
[2026-07-29T02:38:27.086+0000] {logging_mixin.py:188} INFO - [2026-07-29T02:38:27.085+0000] {dagbag.py:545} INFO - Filling up the DagBag from /opt/airflow/dags/gold_processing_dag.py
[2026-07-29T02:38:27.132+0000] {processor.py:840} INFO - DAG(s) 'process_gold_layer' retrieved from /opt/airflow/dags/gold_processing_dag.py
[2026-07-29T02:38:27.196+0000] {logging_mixin.py:188} INFO - [2026-07-29T02:38:27.195+0000] {dag.py:3096} INFO - Sync 1 DAGs
[2026-07-29T02:38:27.237+0000] {logging_mixin.py:188} INFO - [2026-07-29T02:38:27.237+0000] {dag.py:3954} INFO - Setting next_dagrun for process_gold_layer to None, run_after=None
[2026-07-29T02:38:27.284+0000] {processor.py:183} INFO - Processing /opt/airflow/dags/gold_processing_dag.py took 0.220 seconds
[2026-07-29T02:38:57.809+0000] {processor.py:161} INFO - Started process (PID=23374) to work on /opt/airflow/dags/gold_processing_dag.py
[2026-07-29T02:38:57.811+0000] {processor.py:830} INFO - Processing file /opt/airflow/dags/gold_processing_dag.py for tasks to queue
[2026-07-29T02:38:57.816+0000] {logging_mixin.py:188} INFO - [2026-07-29T02:38:57.815+0000] {dagbag.py:545} INFO - Filling up the DagBag from /opt/airflow/dags/gold_processing_dag.py
[2026-07-29T02:38:57.865+0000] {processor.py:840} INFO - DAG(s) 'process_gold_layer' retrieved from /opt/airflow/dags/gold_processing_dag.py
[2026-07-29T02:38:57.972+0000] {logging_mixin.py:188} INFO - [2026-07-29T02:38:57.971+0000] {dag.py:3096} INFO - Sync 1 DAGs
[2026-07-29T02:38:58.010+0000] {logging_mixin.py:188} INFO - [2026-07-29T02:38:58.009+0000] {dag.py:3954} INFO - Setting next_dagrun for process_gold_layer to None, run_after=None
[2026-07-29T02:38:58.119+0000] {processor.py:183} INFO - Processing /opt/airflow/dags/gold_processing_dag.py took 0.328 seconds
[2026-07-29T02:39:28.492+0000] {processor.py:161} INFO - Started process (PID=23389) to work on /opt/airflow/dags/gold_processing_dag.py
[2026-07-29T02:39:28.495+0000] {processor.py:830} INFO - Processing file /opt/airflow/dags/gold_processing_dag.py for tasks to queue
[2026-07-29T02:39:28.498+0000] {logging_mixin.py:188} INFO - [2026-07-29T02:39:28.497+0000] {dagbag.py:545} INFO - Filling up the DagBag from /opt/airflow/dags/gold_processing_dag.py
[2026-07-29T02:39:28.547+0000] {processor.py:840} INFO - DAG(s) 'process_gold_layer' retrieved from /opt/airflow/dags/gold_processing_dag.py
[2026-07-29T02:39:28.621+0000] {logging_mixin.py:188} INFO - [2026-07-29T02:39:28.621+0000] {dag.py:3096} INFO - Sync 1 DAGs
[2026-07-29T02:39:28.669+0000] {logging_mixin.py:188} INFO - [2026-07-29T02:39:28.668+0000] {dag.py:3954} INFO - Setting next_dagrun for process_gold_layer to None, run_after=None
[2026-07-29T02:39:28.750+0000] {processor.py:183} INFO - Processing /opt/airflow/dags/gold_processing_dag.py took 0.288 seconds
[2026-07-29T02:39:58.900+0000] {processor.py:161} INFO - Started process (PID=23404) to work on /opt/airflow/dags/gold_processing_dag.py
[2026-07-29T02:39:58.904+0000] {processor.py:830} INFO - Processing file /opt/airflow/dags/gold_processing_dag.py for tasks to queue
[2026-07-29T02:39:58.909+0000] {logging_mixin.py:188} INFO - [2026-07-29T02:39:58.908+0000] {dagbag.py:545} INFO - Filling up the DagBag from /opt/airflow/dags/gold_processing_dag.py
[2026-07-29T02:39:59.010+0000] {processor.py:840} INFO - DAG(s) 'process_gold_layer' retrieved from /opt/airflow/dags/gold_processing_dag.py
[2026-07-29T02:39:59.118+0000] {logging_mixin.py:188} INFO - [2026-07-29T02:39:59.118+0000] {dag.py:3096} INFO - Sync 1 DAGs
[2026-07-29T02:39:59.164+0000] {logging_mixin.py:188} INFO - [2026-07-29T02:39:59.164+0000] {dag.py:3954} INFO - Setting next_dagrun for process_gold_layer to None, run_after=None
[2026-07-29T02:39:59.245+0000] {processor.py:183} INFO - Processing /opt/airflow/dags/gold_processing_dag.py took 0.365 seconds
[2026-07-29T02:40:29.551+0000] {processor.py:161} INFO - Started process (PID=23419) to work on /opt/airflow/dags/gold_processing_dag.py
[2026-07-29T02:40:29.554+0000] {processor.py:830} INFO - Processing file /opt/airflow/dags/gold_processing_dag.py for tasks to queue
[2026-07-29T02:40:29.558+0000] {logging_mixin.py:188} INFO - [2026-07-29T02:40:29.557+0000] {dagbag.py:545} INFO - Filling up the DagBag from /opt/airflow/dags/gold_processing_dag.py
[2026-07-29T02:40:29.607+0000] {processor.py:840} INFO - DAG(s) 'process_gold_layer' retrieved from /opt/airflow/dags/gold_processing_dag.py
[2026-07-29T02:40:29.663+0000] {logging_mixin.py:188} INFO - [2026-07-29T02:40:29.662+0000] {dag.py:3096} INFO - Sync 1 DAGs
[2026-07-29T02:40:29.711+0000] {logging_mixin.py:188} INFO - [2026-07-29T02:40:29.711+0000] {dag.py:3954} INFO - Setting next_dagrun for process_gold_layer to None, run_after=None
[2026-07-29T02:40:29.785+0000] {processor.py:183} INFO - Processing /opt/airflow/dags/gold_processing_dag.py took 0.254 seconds
[2026-07-29T02:41:00.304+0000] {processor.py:161} INFO - Started process (PID=23434) to work on /opt/airflow/dags/gold_processing_dag.py
[2026-07-29T02:41:00.313+0000] {processor.py:830} INFO - Processing file /opt/airflow/dags/gold_processing_dag.py for tasks to queue
[2026-07-29T02:41:00.320+0000] {logging_mixin.py:188} INFO - [2026-07-29T02:41:00.317+0000] {dagbag.py:545} INFO - Filling up the DagBag from /opt/airflow/dags/gold_processing_dag.py
[2026-07-29T02:41:00.510+0000] {processor.py:840} INFO - DAG(s) 'process_gold_layer' retrieved from /opt/airflow/dags/gold_processing_dag.py
[2026-07-29T02:41:00.637+0000] {logging_mixin.py:188} INFO - [2026-07-29T02:41:00.635+0000] {dag.py:3096} INFO - Sync 1 DAGs
[2026-07-29T02:41:00.709+0000] {logging_mixin.py:188} INFO - [2026-07-29T02:41:00.708+0000] {dag.py:3954} INFO - Setting next_dagrun for process_gold_layer to None, run_after=None
[2026-07-29T02:41:00.845+0000] {processor.py:183} INFO - Processing /opt/airflow/dags/gold_processing_dag.py took 0.589 seconds
[2026-07-29T02:41:31.153+0000] {processor.py:161} INFO - Started process (PID=23449) to work on /opt/airflow/dags/gold_processing_dag.py
[2026-07-29T02:41:31.160+0000] {processor.py:830} INFO - Processing file /opt/airflow/dags/gold_processing_dag.py for tasks to queue
[2026-07-29T02:41:31.168+0000] {logging_mixin.py:188} INFO - [2026-07-29T02:41:31.167+0000] {dagbag.py:545} INFO - Filling up the DagBag from /opt/airflow/dags/gold_processing_dag.py
[2026-07-29T02:41:31.215+0000] {processor.py:840} INFO - DAG(s) 'process_gold_layer' retrieved from /opt/airflow/dags/gold_processing_dag.py
[2026-07-29T02:41:31.267+0000] {logging_mixin.py:188} INFO - [2026-07-29T02:41:31.267+0000] {dag.py:3096} INFO - Sync 1 DAGs
[2026-07-29T02:41:31.298+0000] {logging_mixin.py:188} INFO - [2026-07-29T02:41:31.297+0000] {dag.py:3954} INFO - Setting next_dagrun for process_gold_layer to None, run_after=None
[2026-07-29T02:41:31.346+0000] {processor.py:183} INFO - Processing /opt/airflow/dags/gold_processing_dag.py took 0.221 seconds
[2026-07-29T02:42:01.594+0000] {processor.py:161} INFO - Started process (PID=23464) to work on /opt/airflow/dags/gold_processing_dag.py
[2026-07-29T02:42:01.598+0000] {processor.py:830} INFO - Processing file /opt/airflow/dags/gold_processing_dag.py for tasks to queue
[2026-07-29T02:42:01.602+0000] {logging_mixin.py:188} INFO - [2026-07-29T02:42:01.601+0000] {dagbag.py:545} INFO - Filling up the DagBag from /opt/airflow/dags/gold_processing_dag.py
[2026-07-29T02:42:01.651+0000] {processor.py:840} INFO - DAG(s) 'process_gold_layer' retrieved from /opt/airflow/dags/gold_processing_dag.py
[2026-07-29T02:42:01.708+0000] {logging_mixin.py:188} INFO - [2026-07-29T02:42:01.708+0000] {dag.py:3096} INFO - Sync 1 DAGs
[2026-07-29T02:42:01.741+0000] {logging_mixin.py:188} INFO - [2026-07-29T02:42:01.741+0000] {dag.py:3954} INFO - Setting next_dagrun for process_gold_layer to None, run_after=None
[2026-07-29T02:42:01.789+0000] {processor.py:183} INFO - Processing /opt/airflow/dags/gold_processing_dag.py took 0.215 seconds
[2026-07-29T02:42:31.902+0000] {processor.py:161} INFO - Started process (PID=23479) to work on /opt/airflow/dags/gold_processing_dag.py
[2026-07-29T02:42:31.905+0000] {processor.py:830} INFO - Processing file /opt/airflow/dags/gold_processing_dag.py for tasks to queue
[2026-07-29T02:42:31.910+0000] {logging_mixin.py:188} INFO - [2026-07-29T02:42:31.909+0000] {dagbag.py:545} INFO - Filling up the DagBag from /opt/airflow/dags/gold_processing_dag.py
[2026-07-29T02:42:31.958+0000] {processor.py:840} INFO - DAG(s) 'process_gold_layer' retrieved from /opt/airflow/dags/gold_processing_dag.py
[2026-07-29T02:42:32.016+0000] {logging_mixin.py:188} INFO - [2026-07-29T02:42:32.015+0000] {dag.py:3096} INFO - Sync 1 DAGs
[2026-07-29T02:42:32.051+0000] {logging_mixin.py:188} INFO - [2026-07-29T02:42:32.051+0000] {dag.py:3954} INFO - Setting next_dagrun for process_gold_layer to None, run_after=None
[2026-07-29T02:42:32.101+0000] {processor.py:183} INFO - Processing /opt/airflow/dags/gold_processing_dag.py took 0.217 seconds
[2026-07-29T02:43:02.614+0000] {processor.py:161} INFO - Started process (PID=23494) to work on /opt/airflow/dags/gold_processing_dag.py
[2026-07-29T02:43:02.620+0000] {processor.py:830} INFO - Processing file /opt/airflow/dags/gold_processing_dag.py for tasks to queue
[2026-07-29T02:43:02.626+0000] {logging_mixin.py:188} INFO - [2026-07-29T02:43:02.625+0000] {dagbag.py:545} INFO - Filling up the DagBag from /opt/airflow/dags/gold_processing_dag.py
[2026-07-29T02:43:02.717+0000] {processor.py:840} INFO - DAG(s) 'process_gold_layer' retrieved from /opt/airflow/dags/gold_processing_dag.py
[2026-07-29T02:43:02.831+0000] {logging_mixin.py:188} INFO - [2026-07-29T02:43:02.830+0000] {dag.py:3096} INFO - Sync 1 DAGs
[2026-07-29T02:43:02.910+0000] {logging_mixin.py:188} INFO - [2026-07-29T02:43:02.910+0000] {dag.py:3954} INFO - Setting next_dagrun for process_gold_layer to None, run_after=None
[2026-07-29T02:43:02.992+0000] {processor.py:183} INFO - Processing /opt/airflow/dags/gold_processing_dag.py took 0.401 seconds
[2026-07-29T02:43:33.334+0000] {processor.py:161} INFO - Started process (PID=23509) to work on /opt/airflow/dags/gold_processing_dag.py
[2026-07-29T02:43:33.339+0000] {processor.py:830} INFO - Processing file /opt/airflow/dags/gold_processing_dag.py for tasks to queue
[2026-07-29T02:43:33.348+0000] {logging_mixin.py:188} INFO - [2026-07-29T02:43:33.346+0000] {dagbag.py:545} INFO - Filling up the DagBag from /opt/airflow/dags/gold_processing_dag.py
[2026-07-29T02:43:33.417+0000] {processor.py:840} INFO - DAG(s) 'process_gold_layer' retrieved from /opt/airflow/dags/gold_processing_dag.py
[2026-07-29T02:43:33.489+0000] {logging_mixin.py:188} INFO - [2026-07-29T02:43:33.488+0000] {dag.py:3096} INFO - Sync 1 DAGs
[2026-07-29T02:43:33.523+0000] {logging_mixin.py:188} INFO - [2026-07-29T02:43:33.523+0000] {dag.py:3954} INFO - Setting next_dagrun for process_gold_layer to None, run_after=None
[2026-07-29T02:43:33.585+0000] {processor.py:183} INFO - Processing /opt/airflow/dags/gold_processing_dag.py took 0.279 seconds
[2026-07-29T02:44:03.698+0000] {processor.py:161} INFO - Started process (PID=23524) to work on /opt/airflow/dags/gold_processing_dag.py
[2026-07-29T02:44:03.701+0000] {processor.py:830} INFO - Processing file /opt/airflow/dags/gold_processing_dag.py for tasks to queue
[2026-07-29T02:44:03.704+0000] {logging_mixin.py:188} INFO - [2026-07-29T02:44:03.703+0000] {dagbag.py:545} INFO - Filling up the DagBag from /opt/airflow/dags/gold_processing_dag.py
[2026-07-29T02:44:03.744+0000] {processor.py:840} INFO - DAG(s) 'process_gold_layer' retrieved from /opt/airflow/dags/gold_processing_dag.py
[2026-07-29T02:44:03.785+0000] {logging_mixin.py:188} INFO - [2026-07-29T02:44:03.785+0000] {dag.py:3096} INFO - Sync 1 DAGs
[2026-07-29T02:44:03.816+0000] {logging_mixin.py:188} INFO - [2026-07-29T02:44:03.815+0000] {dag.py:3954} INFO - Setting next_dagrun for process_gold_layer to None, run_after=None
[2026-07-29T02:44:03.869+0000] {processor.py:183} INFO - Processing /opt/airflow/dags/gold_processing_dag.py took 0.184 seconds
[2026-07-29T02:44:34.019+0000] {processor.py:161} INFO - Started process (PID=23539) to work on /opt/airflow/dags/gold_processing_dag.py
[2026-07-29T02:44:34.022+0000] {processor.py:830} INFO - Processing file /opt/airflow/dags/gold_processing_dag.py for tasks to queue
[2026-07-29T02:44:34.025+0000] {logging_mixin.py:188} INFO - [2026-07-29T02:44:34.024+0000] {dagbag.py:545} INFO - Filling up the DagBag from /opt/airflow/dags/gold_processing_dag.py
[2026-07-29T02:44:34.064+0000] {processor.py:840} INFO - DAG(s) 'process_gold_layer' retrieved from /opt/airflow/dags/gold_processing_dag.py
[2026-07-29T02:44:34.106+0000] {logging_mixin.py:188} INFO - [2026-07-29T02:44:34.106+0000] {dag.py:3096} INFO - Sync 1 DAGs
[2026-07-29T02:44:34.140+0000] {logging_mixin.py:188} INFO - [2026-07-29T02:44:34.139+0000] {dag.py:3954} INFO - Setting next_dagrun for process_gold_layer to None, run_after=None
[2026-07-29T02:44:34.199+0000] {processor.py:183} INFO - Processing /opt/airflow/dags/gold_processing_dag.py took 0.193 seconds
[2026-07-29T02:45:04.859+0000] {processor.py:161} INFO - Started process (PID=23554) to work on /opt/airflow/dags/gold_processing_dag.py
[2026-07-29T02:45:04.867+0000] {processor.py:830} INFO - Processing file /opt/airflow/dags/gold_processing_dag.py for tasks to queue
[2026-07-29T02:45:04.871+0000] {logging_mixin.py:188} INFO - [2026-07-29T02:45:04.870+0000] {dagbag.py:545} INFO - Filling up the DagBag from /opt/airflow/dags/gold_processing_dag.py
[2026-07-29T02:45:04.916+0000] {processor.py:840} INFO - DAG(s) 'process_gold_layer' retrieved from /opt/airflow/dags/gold_processing_dag.py
[2026-07-29T02:45:04.980+0000] {logging_mixin.py:188} INFO - [2026-07-29T02:45:04.980+0000] {dag.py:3096} INFO - Sync 1 DAGs
[2026-07-29T02:45:05.015+0000] {logging_mixin.py:188} INFO - [2026-07-29T02:45:05.014+0000] {dag.py:3954} INFO - Setting next_dagrun for process_gold_layer to None, run_after=None
[2026-07-29T02:45:05.063+0000] {processor.py:183} INFO - Processing /opt/airflow/dags/gold_processing_dag.py took 0.234 seconds
[2026-07-29T02:45:35.409+0000] {processor.py:161} INFO - Started process (PID=23569) to work on /opt/airflow/dags/gold_processing_dag.py
[2026-07-29T02:45:35.413+0000] {processor.py:830} INFO - Processing file /opt/airflow/dags/gold_processing_dag.py for tasks to queue
[2026-07-29T02:45:35.417+0000] {logging_mixin.py:188} INFO - [2026-07-29T02:45:35.416+0000] {dagbag.py:545} INFO - Filling up the DagBag from /opt/airflow/dags/gold_processing_dag.py
[2026-07-29T02:45:35.465+0000] {processor.py:840} INFO - DAG(s) 'process_gold_layer' retrieved from /opt/airflow/dags/gold_processing_dag.py
[2026-07-29T02:45:35.519+0000] {logging_mixin.py:188} INFO - [2026-07-29T02:45:35.519+0000] {dag.py:3096} INFO - Sync 1 DAGs
[2026-07-29T02:45:35.557+0000] {logging_mixin.py:188} INFO - [2026-07-29T02:45:35.556+0000] {dag.py:3954} INFO - Setting next_dagrun for process_gold_layer to None, run_after=None
[2026-07-29T02:45:35.601+0000] {processor.py:183} INFO - Processing /opt/airflow/dags/gold_processing_dag.py took 0.210 seconds
[2026-07-29T02:46:05.709+0000] {processor.py:161} INFO - Started process (PID=23584) to work on /opt/airflow/dags/gold_processing_dag.py
[2026-07-29T02:46:05.712+0000] {processor.py:830} INFO - Processing file /opt/airflow/dags/gold_processing_dag.py for tasks to queue
[2026-07-29T02:46:05.716+0000] {logging_mixin.py:188} INFO - [2026-07-29T02:46:05.715+0000] {dagbag.py:545} INFO - Filling up the DagBag from /opt/airflow/dags/gold_processing_dag.py
[2026-07-29T02:46:05.764+0000] {processor.py:840} INFO - DAG(s) 'process_gold_layer' retrieved from /opt/airflow/dags/gold_processing_dag.py
[2026-07-29T02:46:05.821+0000] {logging_mixin.py:188} INFO - [2026-07-29T02:46:05.820+0000] {dag.py:3096} INFO - Sync 1 DAGs
[2026-07-29T02:46:05.860+0000] {logging_mixin.py:188} INFO - [2026-07-29T02:46:05.859+0000] {dag.py:3954} INFO - Setting next_dagrun for process_gold_layer to None, run_after=None
[2026-07-29T02:46:05.913+0000] {processor.py:183} INFO - Processing /opt/airflow/dags/gold_processing_dag.py took 0.218 seconds
[2026-07-29T02:46:36.091+0000] {processor.py:161} INFO - Started process (PID=23599) to work on /opt/airflow/dags/gold_processing_dag.py
[2026-07-29T02:46:36.093+0000] {processor.py:830} INFO - Processing file /opt/airflow/dags/gold_processing_dag.py for tasks to queue
[2026-07-29T02:46:36.097+0000] {logging_mixin.py:188} INFO - [2026-07-29T02:46:36.096+0000] {dagbag.py:545} INFO - Filling up the DagBag from /opt/airflow/dags/gold_processing_dag.py
[2026-07-29T02:46:36.136+0000] {processor.py:840} INFO - DAG(s) 'process_gold_layer' retrieved from /opt/airflow/dags/gold_processing_dag.py
[2026-07-29T02:46:36.188+0000] {logging_mixin.py:188} INFO - [2026-07-29T02:46:36.187+0000] {dag.py:3096} INFO - Sync 1 DAGs
[2026-07-29T02:46:36.216+0000] {logging_mixin.py:188} INFO - [2026-07-29T02:46:36.216+0000] {dag.py:3954} INFO - Setting next_dagrun for process_gold_layer to None, run_after=None
[2026-07-29T02:46:36.258+0000] {processor.py:183} INFO - Processing /opt/airflow/dags/gold_processing_dag.py took 0.182 seconds
[2026-07-29T02:47:06.636+0000] {processor.py:161} INFO - Started process (PID=23614) to work on /opt/airflow/dags/gold_processing_dag.py
[2026-07-29T02:47:06.640+0000] {processor.py:830} INFO - Processing file /opt/airflow/dags/gold_processing_dag.py for tasks to queue
[2026-07-29T02:47:06.645+0000] {logging_mixin.py:188} INFO - [2026-07-29T02:47:06.644+0000] {dagbag.py:545} INFO - Filling up the DagBag from /opt/airflow/dags/gold_processing_dag.py
[2026-07-29T02:47:06.702+0000] {processor.py:840} INFO - DAG(s) 'process_gold_layer' retrieved from /opt/airflow/dags/gold_processing_dag.py
[2026-07-29T02:47:06.784+0000] {logging_mixin.py:188} INFO - [2026-07-29T02:47:06.783+0000] {dag.py:3096} INFO - Sync 1 DAGs
[2026-07-29T02:47:06.823+0000] {logging_mixin.py:188} INFO - [2026-07-29T02:47:06.823+0000] {dag.py:3954} INFO - Setting next_dagrun for process_gold_layer to None, run_after=None
[2026-07-29T02:47:06.869+0000] {processor.py:183} INFO - Processing /opt/airflow/dags/gold_processing_dag.py took 0.255 seconds
[2026-07-29T02:47:37.120+0000] {processor.py:161} INFO - Started process (PID=23629) to work on /opt/airflow/dags/gold_processing_dag.py
[2026-07-29T02:47:37.124+0000] {processor.py:830} INFO - Processing file /opt/airflow/dags/gold_processing_dag.py for tasks to queue
[2026-07-29T02:47:37.129+0000] {logging_mixin.py:188} INFO - [2026-07-29T02:47:37.128+0000] {dagbag.py:545} INFO - Filling up the DagBag from /opt/airflow/dags/gold_processing_dag.py
[2026-07-29T02:47:37.172+0000] {processor.py:840} INFO - DAG(s) 'process_gold_layer' retrieved from /opt/airflow/dags/gold_processing_dag.py
[2026-07-29T02:47:37.237+0000] {logging_mixin.py:188} INFO - [2026-07-29T02:47:37.236+0000] {dag.py:3096} INFO - Sync 1 DAGs
[2026-07-29T02:47:37.273+0000] {logging_mixin.py:188} INFO - [2026-07-29T02:47:37.272+0000] {dag.py:3954} INFO - Setting next_dagrun for process_gold_layer to None, run_after=None
[2026-07-29T02:47:37.324+0000] {processor.py:183} INFO - Processing /opt/airflow/dags/gold_processing_dag.py took 0.220 seconds
[2026-07-29T02:48:07.508+0000] {processor.py:161} INFO - Started process (PID=23644) to work on /opt/airflow/dags/gold_processing_dag.py
[2026-07-29T02:48:07.515+0000] {processor.py:830} INFO - Processing file /opt/airflow/dags/gold_processing_dag.py for tasks to queue
[2026-07-29T02:48:07.519+0000] {logging_mixin.py:188} INFO - [2026-07-29T02:48:07.518+0000] {dagbag.py:545} INFO - Filling up the DagBag from /opt/airflow/dags/gold_processing_dag.py
[2026-07-29T02:48:07.562+0000] {processor.py:840} INFO - DAG(s) 'process_gold_layer' retrieved from /opt/airflow/dags/gold_processing_dag.py
[2026-07-29T02:48:07.619+0000] {logging_mixin.py:188} INFO - [2026-07-29T02:48:07.618+0000] {dag.py:3096} INFO - Sync 1 DAGs
[2026-07-29T02:48:07.650+0000] {logging_mixin.py:188} INFO - [2026-07-29T02:48:07.649+0000] {dag.py:3954} INFO - Setting next_dagrun for process_gold_layer to None, run_after=None
[2026-07-29T02:48:07.697+0000] {processor.py:183} INFO - Processing /opt/airflow/dags/gold_processing_dag.py took 0.206 seconds
[2026-07-29T02:48:38.876+0000] {processor.py:161} INFO - Started process (PID=23659) to work on /opt/airflow/dags/gold_processing_dag.py
[2026-07-29T02:48:38.884+0000] {processor.py:830} INFO - Processing file /opt/airflow/dags/gold_processing_dag.py for tasks to queue
[2026-07-29T02:48:38.924+0000] {logging_mixin.py:188} INFO - [2026-07-29T02:48:38.920+0000] {dagbag.py:545} INFO - Filling up the DagBag from /opt/airflow/dags/gold_processing_dag.py
[2026-07-29T02:48:39.295+0000] {processor.py:840} INFO - DAG(s) 'process_gold_layer' retrieved from /opt/airflow/dags/gold_processing_dag.py
[2026-07-29T02:48:39.401+0000] {logging_mixin.py:188} INFO - [2026-07-29T02:48:39.401+0000] {dag.py:3096} INFO - Sync 1 DAGs
[2026-07-29T02:48:39.477+0000] {logging_mixin.py:188} INFO - [2026-07-29T02:48:39.477+0000] {dag.py:3954} INFO - Setting next_dagrun for process_gold_layer to None, run_after=None
[2026-07-29T02:48:39.814+0000] {processor.py:183} INFO - Processing /opt/airflow/dags/gold_processing_dag.py took 0.963 seconds
[2026-07-29T02:49:10.524+0000] {processor.py:161} INFO - Started process (PID=23674) to work on /opt/airflow/dags/gold_processing_dag.py
[2026-07-29T02:49:10.527+0000] {processor.py:830} INFO - Processing file /opt/airflow/dags/gold_processing_dag.py for tasks to queue
[2026-07-29T02:49:10.531+0000] {logging_mixin.py:188} INFO - [2026-07-29T02:49:10.531+0000] {dagbag.py:545} INFO - Filling up the DagBag from /opt/airflow/dags/gold_processing_dag.py
[2026-07-29T02:49:10.580+0000] {processor.py:840} INFO - DAG(s) 'process_gold_layer' retrieved from /opt/airflow/dags/gold_processing_dag.py
[2026-07-29T02:49:10.639+0000] {logging_mixin.py:188} INFO - [2026-07-29T02:49:10.639+0000] {dag.py:3096} INFO - Sync 1 DAGs
[2026-07-29T02:49:10.687+0000] {logging_mixin.py:188} INFO - [2026-07-29T02:49:10.687+0000] {dag.py:3954} INFO - Setting next_dagrun for process_gold_layer to None, run_after=None
[2026-07-29T02:49:10.752+0000] {processor.py:183} INFO - Processing /opt/airflow/dags/gold_processing_dag.py took 0.252 seconds
[2026-07-29T02:49:41.100+0000] {processor.py:161} INFO - Started process (PID=23689) to work on /opt/airflow/dags/gold_processing_dag.py
[2026-07-29T02:49:41.105+0000] {processor.py:830} INFO - Processing file /opt/airflow/dags/gold_processing_dag.py for tasks to queue
[2026-07-29T02:49:41.109+0000] {logging_mixin.py:188} INFO - [2026-07-29T02:49:41.108+0000] {dagbag.py:545} INFO - Filling up the DagBag from /opt/airflow/dags/gold_processing_dag.py
[2026-07-29T02:49:41.178+0000] {processor.py:840} INFO - DAG(s) 'process_gold_layer' retrieved from /opt/airflow/dags/gold_processing_dag.py
[2026-07-29T02:49:41.253+0000] {logging_mixin.py:188} INFO - [2026-07-29T02:49:41.252+0000] {dag.py:3096} INFO - Sync 1 DAGs
[2026-07-29T02:49:41.290+0000] {logging_mixin.py:188} INFO - [2026-07-29T02:49:41.289+0000] {dag.py:3954} INFO - Setting next_dagrun for process_gold_layer to None, run_after=None
[2026-07-29T02:49:41.340+0000] {processor.py:183} INFO - Processing /opt/airflow/dags/gold_processing_dag.py took 0.262 seconds
[2026-07-29T02:50:11.521+0000] {processor.py:161} INFO - Started process (PID=23704) to work on /opt/airflow/dags/gold_processing_dag.py
[2026-07-29T02:50:11.525+0000] {processor.py:830} INFO - Processing file /opt/airflow/dags/gold_processing_dag.py for tasks to queue
[2026-07-29T02:50:11.528+0000] {logging_mixin.py:188} INFO - [2026-07-29T02:50:11.527+0000] {dagbag.py:545} INFO - Filling up the DagBag from /opt/airflow/dags/gold_processing_dag.py
[2026-07-29T02:50:11.578+0000] {processor.py:840} INFO - DAG(s) 'process_gold_layer' retrieved from /opt/airflow/dags/gold_processing_dag.py
[2026-07-29T02:50:11.639+0000] {logging_mixin.py:188} INFO - [2026-07-29T02:50:11.638+0000] {dag.py:3096} INFO - Sync 1 DAGs
[2026-07-29T02:50:11.678+0000] {logging_mixin.py:188} INFO - [2026-07-29T02:50:11.678+0000] {dag.py:3954} INFO - Setting next_dagrun for process_gold_layer to None, run_after=None
[2026-07-29T02:50:11.725+0000] {processor.py:183} INFO - Processing /opt/airflow/dags/gold_processing_dag.py took 0.224 seconds
[2026-07-29T02:50:42.311+0000] {processor.py:161} INFO - Started process (PID=23719) to work on /opt/airflow/dags/gold_processing_dag.py
[2026-07-29T02:50:42.316+0000] {processor.py:830} INFO - Processing file /opt/airflow/dags/gold_processing_dag.py for tasks to queue
[2026-07-29T02:50:42.323+0000] {logging_mixin.py:188} INFO - [2026-07-29T02:50:42.320+0000] {dagbag.py:545} INFO - Filling up the DagBag from /opt/airflow/dags/gold_processing_dag.py
[2026-07-29T02:50:42.379+0000] {processor.py:840} INFO - DAG(s) 'process_gold_layer' retrieved from /opt/airflow/dags/gold_processing_dag.py
[2026-07-29T02:50:42.459+0000] {logging_mixin.py:188} INFO - [2026-07-29T02:50:42.458+0000] {dag.py:3096} INFO - Sync 1 DAGs
[2026-07-29T02:50:42.506+0000] {logging_mixin.py:188} INFO - [2026-07-29T02:50:42.505+0000] {dag.py:3954} INFO - Setting next_dagrun for process_gold_layer to None, run_after=None
[2026-07-29T02:50:42.588+0000] {processor.py:183} INFO - Processing /opt/airflow/dags/gold_processing_dag.py took 0.301 seconds
[2026-07-29T02:51:13.102+0000] {processor.py:161} INFO - Started process (PID=23734) to work on /opt/airflow/dags/gold_processing_dag.py
[2026-07-29T02:51:13.107+0000] {processor.py:830} INFO - Processing file /opt/airflow/dags/gold_processing_dag.py for tasks to queue
[2026-07-29T02:51:13.112+0000] {logging_mixin.py:188} INFO - [2026-07-29T02:51:13.111+0000] {dagbag.py:545} INFO - Filling up the DagBag from /opt/airflow/dags/gold_processing_dag.py
[2026-07-29T02:51:13.253+0000] {processor.py:840} INFO - DAG(s) 'process_gold_layer' retrieved from /opt/airflow/dags/gold_processing_dag.py
[2026-07-29T02:51:13.323+0000] {logging_mixin.py:188} INFO - [2026-07-29T02:51:13.322+0000] {dag.py:3096} INFO - Sync 1 DAGs
[2026-07-29T02:51:13.372+0000] {logging_mixin.py:188} INFO - [2026-07-29T02:51:13.372+0000] {dag.py:3954} INFO - Setting next_dagrun for process_gold_layer to None, run_after=None
[2026-07-29T02:51:13.427+0000] {processor.py:183} INFO - Processing /opt/airflow/dags/gold_processing_dag.py took 0.350 seconds
[2026-07-29T02:51:43.878+0000] {processor.py:161} INFO - Started process (PID=23749) to work on /opt/airflow/dags/gold_processing_dag.py
[2026-07-29T02:51:43.881+0000] {processor.py:830} INFO - Processing file /opt/airflow/dags/gold_processing_dag.py for tasks to queue
[2026-07-29T02:51:43.886+0000] {logging_mixin.py:188} INFO - [2026-07-29T02:51:43.885+0000] {dagbag.py:545} INFO - Filling up the DagBag from /opt/airflow/dags/gold_processing_dag.py
[2026-07-29T02:51:43.970+0000] {processor.py:840} INFO - DAG(s) 'process_gold_layer' retrieved from /opt/airflow/dags/gold_processing_dag.py
[2026-07-29T02:51:44.047+0000] {logging_mixin.py:188} INFO - [2026-07-29T02:51:44.047+0000] {dag.py:3096} INFO - Sync 1 DAGs
[2026-07-29T02:51:44.092+0000] {logging_mixin.py:188} INFO - [2026-07-29T02:51:44.091+0000] {dag.py:3954} INFO - Setting next_dagrun for process_gold_layer to None, run_after=None
[2026-07-29T02:51:44.167+0000] {processor.py:183} INFO - Processing /opt/airflow/dags/gold_processing_dag.py took 0.364 seconds
[2026-07-29T02:52:14.539+0000] {processor.py:161} INFO - Started process (PID=23769) to work on /opt/airflow/dags/gold_processing_dag.py
[2026-07-29T02:52:14.542+0000] {processor.py:830} INFO - Processing file /opt/airflow/dags/gold_processing_dag.py for tasks to queue
[2026-07-29T02:52:14.545+0000] {logging_mixin.py:188} INFO - [2026-07-29T02:52:14.544+0000] {dagbag.py:545} INFO - Filling up the DagBag from /opt/airflow/dags/gold_processing_dag.py
[2026-07-29T02:52:14.591+0000] {processor.py:840} INFO - DAG(s) 'process_gold_layer' retrieved from /opt/airflow/dags/gold_processing_dag.py
[2026-07-29T02:52:14.642+0000] {logging_mixin.py:188} INFO - [2026-07-29T02:52:14.641+0000] {dag.py:3096} INFO - Sync 1 DAGs
[2026-07-29T02:52:14.672+0000] {logging_mixin.py:188} INFO - [2026-07-29T02:52:14.672+0000] {dag.py:3954} INFO - Setting next_dagrun for process_gold_layer to None, run_after=None
[2026-07-29T02:52:14.728+0000] {processor.py:183} INFO - Processing /opt/airflow/dags/gold_processing_dag.py took 0.222 seconds
[2026-07-29T02:52:45.277+0000] {processor.py:161} INFO - Started process (PID=23779) to work on /opt/airflow/dags/gold_processing_dag.py
[2026-07-29T02:52:45.280+0000] {processor.py:830} INFO - Processing file /opt/airflow/dags/gold_processing_dag.py for tasks to queue
[2026-07-29T02:52:45.284+0000] {logging_mixin.py:188} INFO - [2026-07-29T02:52:45.283+0000] {dagbag.py:545} INFO - Filling up the DagBag from /opt/airflow/dags/gold_processing_dag.py
[2026-07-29T02:52:45.334+0000] {processor.py:840} INFO - DAG(s) 'process_gold_layer' retrieved from /opt/airflow/dags/gold_processing_dag.py
[2026-07-29T02:52:45.409+0000] {logging_mixin.py:188} INFO - [2026-07-29T02:52:45.409+0000] {dag.py:3096} INFO - Sync 1 DAGs
[2026-07-29T02:52:45.441+0000] {logging_mixin.py:188} INFO - [2026-07-29T02:52:45.441+0000] {dag.py:3954} INFO - Setting next_dagrun for process_gold_layer to None, run_after=None
[2026-07-29T02:52:45.484+0000] {processor.py:183} INFO - Processing /opt/airflow/dags/gold_processing_dag.py took 0.230 seconds
[2026-07-29T02:53:15.908+0000] {processor.py:161} INFO - Started process (PID=23794) to work on /opt/airflow/dags/gold_processing_dag.py
[2026-07-29T02:53:15.914+0000] {processor.py:830} INFO - Processing file /opt/airflow/dags/gold_processing_dag.py for tasks to queue
[2026-07-29T02:53:15.918+0000] {logging_mixin.py:188} INFO - [2026-07-29T02:53:15.917+0000] {dagbag.py:545} INFO - Filling up the DagBag from /opt/airflow/dags/gold_processing_dag.py
[2026-07-29T02:53:15.964+0000] {processor.py:840} INFO - DAG(s) 'process_gold_layer' retrieved from /opt/airflow/dags/gold_processing_dag.py
[2026-07-29T02:53:16.017+0000] {logging_mixin.py:188} INFO - [2026-07-29T02:53:16.017+0000] {dag.py:3096} INFO - Sync 1 DAGs
[2026-07-29T02:53:16.057+0000] {logging_mixin.py:188} INFO - [2026-07-29T02:53:16.056+0000] {dag.py:3954} INFO - Setting next_dagrun for process_gold_layer to None, run_after=None
[2026-07-29T02:53:16.109+0000] {processor.py:183} INFO - Processing /opt/airflow/dags/gold_processing_dag.py took 0.216 seconds
[2026-07-29T02:53:46.400+0000] {processor.py:161} INFO - Started process (PID=23809) to work on /opt/airflow/dags/gold_processing_dag.py
[2026-07-29T02:53:46.403+0000] {processor.py:830} INFO - Processing file /opt/airflow/dags/gold_processing_dag.py for tasks to queue
[2026-07-29T02:53:46.407+0000] {logging_mixin.py:188} INFO - [2026-07-29T02:53:46.406+0000] {dagbag.py:545} INFO - Filling up the DagBag from /opt/airflow/dags/gold_processing_dag.py
[2026-07-29T02:53:46.454+0000] {processor.py:840} INFO - DAG(s) 'process_gold_layer' retrieved from /opt/airflow/dags/gold_processing_dag.py
[2026-07-29T02:53:46.512+0000] {logging_mixin.py:188} INFO - [2026-07-29T02:53:46.512+0000] {dag.py:3096} INFO - Sync 1 DAGs
[2026-07-29T02:53:46.551+0000] {logging_mixin.py:188} INFO - [2026-07-29T02:53:46.550+0000] {dag.py:3954} INFO - Setting next_dagrun for process_gold_layer to None, run_after=None
[2026-07-29T02:53:46.598+0000] {processor.py:183} INFO - Processing /opt/airflow/dags/gold_processing_dag.py took 0.219 seconds
[2026-07-29T02:54:16.945+0000] {processor.py:161} INFO - Started process (PID=23824) to work on /opt/airflow/dags/gold_processing_dag.py
[2026-07-29T02:54:16.948+0000] {processor.py:830} INFO - Processing file /opt/airflow/dags/gold_processing_dag.py for tasks to queue
[2026-07-29T02:54:16.952+0000] {logging_mixin.py:188} INFO - [2026-07-29T02:54:16.951+0000] {dagbag.py:545} INFO - Filling up the DagBag from /opt/airflow/dags/gold_processing_dag.py
[2026-07-29T02:54:17.023+0000] {processor.py:840} INFO - DAG(s) 'process_gold_layer' retrieved from /opt/airflow/dags/gold_processing_dag.py
[2026-07-29T02:54:17.077+0000] {logging_mixin.py:188} INFO - [2026-07-29T02:54:17.076+0000] {dag.py:3096} INFO - Sync 1 DAGs
[2026-07-29T02:54:17.108+0000] {logging_mixin.py:188} INFO - [2026-07-29T02:54:17.107+0000] {dag.py:3954} INFO - Setting next_dagrun for process_gold_layer to None, run_after=None
[2026-07-29T02:54:17.158+0000] {processor.py:183} INFO - Processing /opt/airflow/dags/gold_processing_dag.py took 0.227 seconds
[2026-07-29T02:54:47.750+0000] {processor.py:161} INFO - Started process (PID=23839) to work on /opt/airflow/dags/gold_processing_dag.py
[2026-07-29T02:54:47.754+0000] {processor.py:830} INFO - Processing file /opt/airflow/dags/gold_processing_dag.py for tasks to queue
[2026-07-29T02:54:47.758+0000] {logging_mixin.py:188} INFO - [2026-07-29T02:54:47.757+0000] {dagbag.py:545} INFO - Filling up the DagBag from /opt/airflow/dags/gold_processing_dag.py
[2026-07-29T02:54:47.806+0000] {processor.py:840} INFO - DAG(s) 'process_gold_layer' retrieved from /opt/airflow/dags/gold_processing_dag.py
[2026-07-29T02:54:47.868+0000] {logging_mixin.py:188} INFO - [2026-07-29T02:54:47.868+0000] {dag.py:3096} INFO - Sync 1 DAGs
[2026-07-29T02:54:47.947+0000] {logging_mixin.py:188} INFO - [2026-07-29T02:54:47.946+0000] {dag.py:3954} INFO - Setting next_dagrun for process_gold_layer to None, run_after=None
[2026-07-29T02:54:47.999+0000] {processor.py:183} INFO - Processing /opt/airflow/dags/gold_processing_dag.py took 0.269 seconds
[2026-07-29T02:55:18.388+0000] {processor.py:161} INFO - Started process (PID=23854) to work on /opt/airflow/dags/gold_processing_dag.py
[2026-07-29T02:55:18.391+0000] {processor.py:830} INFO - Processing file /opt/airflow/dags/gold_processing_dag.py for tasks to queue
[2026-07-29T02:55:18.395+0000] {logging_mixin.py:188} INFO - [2026-07-29T02:55:18.394+0000] {dagbag.py:545} INFO - Filling up the DagBag from /opt/airflow/dags/gold_processing_dag.py
[2026-07-29T02:55:18.448+0000] {processor.py:840} INFO - DAG(s) 'process_gold_layer' retrieved from /opt/airflow/dags/gold_processing_dag.py
[2026-07-29T02:55:18.515+0000] {logging_mixin.py:188} INFO - [2026-07-29T02:55:18.514+0000] {dag.py:3096} INFO - Sync 1 DAGs
[2026-07-29T02:55:18.565+0000] {logging_mixin.py:188} INFO - [2026-07-29T02:55:18.564+0000] {dag.py:3954} INFO - Setting next_dagrun for process_gold_layer to None, run_after=None
[2026-07-29T02:55:18.633+0000] {processor.py:183} INFO - Processing /opt/airflow/dags/gold_processing_dag.py took 0.265 seconds
[2026-07-29T02:55:48.875+0000] {processor.py:161} INFO - Started process (PID=23869) to work on /opt/airflow/dags/gold_processing_dag.py
[2026-07-29T02:55:48.887+0000] {processor.py:830} INFO - Processing file /opt/airflow/dags/gold_processing_dag.py for tasks to queue
[2026-07-29T02:55:48.891+0000] {logging_mixin.py:188} INFO - [2026-07-29T02:55:48.890+0000] {dagbag.py:545} INFO - Filling up the DagBag from /opt/airflow/dags/gold_processing_dag.py
[2026-07-29T02:55:48.956+0000] {processor.py:840} INFO - DAG(s) 'process_gold_layer' retrieved from /opt/airflow/dags/gold_processing_dag.py
[2026-07-29T02:55:49.077+0000] {logging_mixin.py:188} INFO - [2026-07-29T02:55:49.077+0000] {dag.py:3096} INFO - Sync 1 DAGs
[2026-07-29T02:55:49.129+0000] {logging_mixin.py:188} INFO - [2026-07-29T02:55:49.129+0000] {dag.py:3954} INFO - Setting next_dagrun for process_gold_layer to None, run_after=None
[2026-07-29T02:55:49.235+0000] {processor.py:183} INFO - Processing /opt/airflow/dags/gold_processing_dag.py took 0.410 seconds
[2026-07-29T02:56:19.446+0000] {processor.py:161} INFO - Started process (PID=23884) to work on /opt/airflow/dags/gold_processing_dag.py
[2026-07-29T02:56:19.451+0000] {processor.py:830} INFO - Processing file /opt/airflow/dags/gold_processing_dag.py for tasks to queue
[2026-07-29T02:56:19.458+0000] {logging_mixin.py:188} INFO - [2026-07-29T02:56:19.457+0000] {dagbag.py:545} INFO - Filling up the DagBag from /opt/airflow/dags/gold_processing_dag.py
[2026-07-29T02:56:19.549+0000] {processor.py:840} INFO - DAG(s) 'process_gold_layer' retrieved from /opt/airflow/dags/gold_processing_dag.py
[2026-07-29T02:56:19.612+0000] {logging_mixin.py:188} INFO - [2026-07-29T02:56:19.611+0000] {dag.py:3096} INFO - Sync 1 DAGs
[2026-07-29T02:56:19.646+0000] {logging_mixin.py:188} INFO - [2026-07-29T02:56:19.645+0000] {dag.py:3954} INFO - Setting next_dagrun for process_gold_layer to None, run_after=None
[2026-07-29T02:56:19.697+0000] {processor.py:183} INFO - Processing /opt/airflow/dags/gold_processing_dag.py took 0.270 seconds
[2026-07-29T02:56:50.348+0000] {processor.py:161} INFO - Started process (PID=23899) to work on /opt/airflow/dags/gold_processing_dag.py
[2026-07-29T02:56:50.351+0000] {processor.py:830} INFO - Processing file /opt/airflow/dags/gold_processing_dag.py for tasks to queue
[2026-07-29T02:56:50.355+0000] {logging_mixin.py:188} INFO - [2026-07-29T02:56:50.354+0000] {dagbag.py:545} INFO - Filling up the DagBag from /opt/airflow/dags/gold_processing_dag.py
[2026-07-29T02:56:50.405+0000] {processor.py:840} INFO - DAG(s) 'process_gold_layer' retrieved from /opt/airflow/dags/gold_processing_dag.py
[2026-07-29T02:56:50.464+0000] {logging_mixin.py:188} INFO - [2026-07-29T02:56:50.464+0000] {dag.py:3096} INFO - Sync 1 DAGs
[2026-07-29T02:56:50.505+0000] {logging_mixin.py:188} INFO - [2026-07-29T02:56:50.505+0000] {dag.py:3954} INFO - Setting next_dagrun for process_gold_layer to None, run_after=None
[2026-07-29T02:56:50.561+0000] {processor.py:183} INFO - Processing /opt/airflow/dags/gold_processing_dag.py took 0.234 seconds
[2026-07-29T02:57:21.004+0000] {processor.py:161} INFO - Started process (PID=23914) to work on /opt/airflow/dags/gold_processing_dag.py
[2026-07-29T02:57:21.009+0000] {processor.py:830} INFO - Processing file /opt/airflow/dags/gold_processing_dag.py for tasks to queue
[2026-07-29T02:57:21.014+0000] {logging_mixin.py:188} INFO - [2026-07-29T02:57:21.013+0000] {dagbag.py:545} INFO - Filling up the DagBag from /opt/airflow/dags/gold_processing_dag.py
[2026-07-29T02:57:21.064+0000] {processor.py:840} INFO - DAG(s) 'process_gold_layer' retrieved from /opt/airflow/dags/gold_processing_dag.py
[2026-07-29T02:57:21.142+0000] {logging_mixin.py:188} INFO - [2026-07-29T02:57:21.141+0000] {dag.py:3096} INFO - Sync 1 DAGs
[2026-07-29T02:57:21.184+0000] {logging_mixin.py:188} INFO - [2026-07-29T02:57:21.184+0000] {dag.py:3954} INFO - Setting next_dagrun for process_gold_layer to None, run_after=None
[2026-07-29T02:57:21.246+0000] {processor.py:183} INFO - Processing /opt/airflow/dags/gold_processing_dag.py took 0.263 seconds
[2026-07-29T02:57:51.483+0000] {processor.py:161} INFO - Started process (PID=23929) to work on /opt/airflow/dags/gold_processing_dag.py
[2026-07-29T02:57:51.487+0000] {processor.py:830} INFO - Processing file /opt/airflow/dags/gold_processing_dag.py for tasks to queue
[2026-07-29T02:57:51.492+0000] {logging_mixin.py:188} INFO - [2026-07-29T02:57:51.491+0000] {dagbag.py:545} INFO - Filling up the DagBag from /opt/airflow/dags/gold_processing_dag.py
[2026-07-29T02:57:51.540+0000] {processor.py:840} INFO - DAG(s) 'process_gold_layer' retrieved from /opt/airflow/dags/gold_processing_dag.py
[2026-07-29T02:57:51.605+0000] {logging_mixin.py:188} INFO - [2026-07-29T02:57:51.605+0000] {dag.py:3096} INFO - Sync 1 DAGs
[2026-07-29T02:57:51.640+0000] {logging_mixin.py:188} INFO - [2026-07-29T02:57:51.640+0000] {dag.py:3954} INFO - Setting next_dagrun for process_gold_layer to None, run_after=None
[2026-07-29T02:57:51.693+0000] {processor.py:183} INFO - Processing /opt/airflow/dags/gold_processing_dag.py took 0.244 seconds
[2026-07-29T02:58:21.934+0000] {processor.py:161} INFO - Started process (PID=23944) to work on /opt/airflow/dags/gold_processing_dag.py
[2026-07-29T02:58:21.937+0000] {processor.py:830} INFO - Processing file /opt/airflow/dags/gold_processing_dag.py for tasks to queue
[2026-07-29T02:58:21.943+0000] {logging_mixin.py:188} INFO - [2026-07-29T02:58:21.941+0000] {dagbag.py:545} INFO - Filling up the DagBag from /opt/airflow/dags/gold_processing_dag.py
[2026-07-29T02:58:21.994+0000] {processor.py:840} INFO - DAG(s) 'process_gold_layer' retrieved from /opt/airflow/dags/gold_processing_dag.py
[2026-07-29T02:58:22.060+0000] {logging_mixin.py:188} INFO - [2026-07-29T02:58:22.059+0000] {dag.py:3096} INFO - Sync 1 DAGs
[2026-07-29T02:58:22.095+0000] {logging_mixin.py:188} INFO - [2026-07-29T02:58:22.095+0000] {dag.py:3954} INFO - Setting next_dagrun for process_gold_layer to None, run_after=None
[2026-07-29T02:58:22.146+0000] {processor.py:183} INFO - Processing /opt/airflow/dags/gold_processing_dag.py took 0.234 seconds
[2026-07-29T02:58:52.683+0000] {processor.py:161} INFO - Started process (PID=23959) to work on /opt/airflow/dags/gold_processing_dag.py
[2026-07-29T02:58:52.686+0000] {processor.py:830} INFO - Processing file /opt/airflow/dags/gold_processing_dag.py for tasks to queue
[2026-07-29T02:58:52.690+0000] {logging_mixin.py:188} INFO - [2026-07-29T02:58:52.689+0000] {dagbag.py:545} INFO - Filling up the DagBag from /opt/airflow/dags/gold_processing_dag.py
[2026-07-29T02:58:52.738+0000] {processor.py:840} INFO - DAG(s) 'process_gold_layer' retrieved from /opt/airflow/dags/gold_processing_dag.py
[2026-07-29T02:58:52.791+0000] {logging_mixin.py:188} INFO - [2026-07-29T02:58:52.790+0000] {dag.py:3096} INFO - Sync 1 DAGs
[2026-07-29T02:58:52.822+0000] {logging_mixin.py:188} INFO - [2026-07-29T02:58:52.822+0000] {dag.py:3954} INFO - Setting next_dagrun for process_gold_layer to None, run_after=None
[2026-07-29T02:58:52.902+0000] {processor.py:183} INFO - Processing /opt/airflow/dags/gold_processing_dag.py took 0.238 seconds
[2026-07-29T02:59:23.409+0000] {processor.py:161} INFO - Started process (PID=23974) to work on /opt/airflow/dags/gold_processing_dag.py
[2026-07-29T02:59:23.418+0000] {processor.py:830} INFO - Processing file /opt/airflow/dags/gold_processing_dag.py for tasks to queue
[2026-07-29T02:59:23.430+0000] {logging_mixin.py:188} INFO - [2026-07-29T02:59:23.429+0000] {dagbag.py:545} INFO - Filling up the DagBag from /opt/airflow/dags/gold_processing_dag.py
[2026-07-29T02:59:23.533+0000] {processor.py:840} INFO - DAG(s) 'process_gold_layer' retrieved from /opt/airflow/dags/gold_processing_dag.py
[2026-07-29T02:59:23.592+0000] {logging_mixin.py:188} INFO - [2026-07-29T02:59:23.591+0000] {dag.py:3096} INFO - Sync 1 DAGs
[2026-07-29T02:59:23.627+0000] {logging_mixin.py:188} INFO - [2026-07-29T02:59:23.627+0000] {dag.py:3954} INFO - Setting next_dagrun for process_gold_layer to None, run_after=None
[2026-07-29T02:59:23.678+0000] {processor.py:183} INFO - Processing /opt/airflow/dags/gold_processing_dag.py took 0.294 seconds
[2026-07-29T02:59:53.863+0000] {processor.py:161} INFO - Started process (PID=23989) to work on /opt/airflow/dags/gold_processing_dag.py
[2026-07-29T02:59:53.865+0000] {processor.py:830} INFO - Processing file /opt/airflow/dags/gold_processing_dag.py for tasks to queue
[2026-07-29T02:59:53.869+0000] {logging_mixin.py:188} INFO - [2026-07-29T02:59:53.868+0000] {dagbag.py:545} INFO - Filling up the DagBag from /opt/airflow/dags/gold_processing_dag.py
[2026-07-29T02:59:53.917+0000] {processor.py:840} INFO - DAG(s) 'process_gold_layer' retrieved from /opt/airflow/dags/gold_processing_dag.py
[2026-07-29T02:59:53.972+0000] {logging_mixin.py:188} INFO - [2026-07-29T02:59:53.972+0000] {dag.py:3096} INFO - Sync 1 DAGs
[2026-07-29T02:59:54.011+0000] {logging_mixin.py:188} INFO - [2026-07-29T02:59:54.010+0000] {dag.py:3954} INFO - Setting next_dagrun for process_gold_layer to None, run_after=None
[2026-07-29T02:59:54.058+0000] {processor.py:183} INFO - Processing /opt/airflow/dags/gold_processing_dag.py took 0.213 seconds
[2026-07-29T03:00:24.419+0000] {processor.py:161} INFO - Started process (PID=24012) to work on /opt/airflow/dags/gold_processing_dag.py
[2026-07-29T03:00:24.423+0000] {processor.py:830} INFO - Processing file /opt/airflow/dags/gold_processing_dag.py for tasks to queue
[2026-07-29T03:00:24.428+0000] {logging_mixin.py:188} INFO - [2026-07-29T03:00:24.427+0000] {dagbag.py:545} INFO - Filling up the DagBag from /opt/airflow/dags/gold_processing_dag.py
[2026-07-29T03:00:24.485+0000] {processor.py:840} INFO - DAG(s) 'process_gold_layer' retrieved from /opt/airflow/dags/gold_processing_dag.py
[2026-07-29T03:00:24.556+0000] {logging_mixin.py:188} INFO - [2026-07-29T03:00:24.555+0000] {dag.py:3096} INFO - Sync 1 DAGs
[2026-07-29T03:00:24.617+0000] {logging_mixin.py:188} INFO - [2026-07-29T03:00:24.617+0000] {dag.py:3954} INFO - Setting next_dagrun for process_gold_layer to None, run_after=None
[2026-07-29T03:00:24.690+0000] {processor.py:183} INFO - Processing /opt/airflow/dags/gold_processing_dag.py took 0.292 seconds
[2026-07-29T03:00:55.464+0000] {processor.py:161} INFO - Started process (PID=24161) to work on /opt/airflow/dags/gold_processing_dag.py
[2026-07-29T03:00:55.467+0000] {processor.py:830} INFO - Processing file /opt/airflow/dags/gold_processing_dag.py for tasks to queue
[2026-07-29T03:00:55.471+0000] {logging_mixin.py:188} INFO - [2026-07-29T03:00:55.470+0000] {dagbag.py:545} INFO - Filling up the DagBag from /opt/airflow/dags/gold_processing_dag.py
[2026-07-29T03:00:55.523+0000] {processor.py:840} INFO - DAG(s) 'process_gold_layer' retrieved from /opt/airflow/dags/gold_processing_dag.py
[2026-07-29T03:00:55.582+0000] {logging_mixin.py:188} INFO - [2026-07-29T03:00:55.581+0000] {dag.py:3096} INFO - Sync 1 DAGs
[2026-07-29T03:00:55.619+0000] {logging_mixin.py:188} INFO - [2026-07-29T03:00:55.619+0000] {dag.py:3954} INFO - Setting next_dagrun for process_gold_layer to None, run_after=None
[2026-07-29T03:00:55.677+0000] {processor.py:183} INFO - Processing /opt/airflow/dags/gold_processing_dag.py took 0.296 seconds
[2026-07-29T03:01:26.378+0000] {processor.py:161} INFO - Started process (PID=24272) to work on /opt/airflow/dags/gold_processing_dag.py
[2026-07-29T03:01:26.386+0000] {processor.py:830} INFO - Processing file /opt/airflow/dags/gold_processing_dag.py for tasks to queue
[2026-07-29T03:01:26.391+0000] {logging_mixin.py:188} INFO - [2026-07-29T03:01:26.390+0000] {dagbag.py:545} INFO - Filling up the DagBag from /opt/airflow/dags/gold_processing_dag.py
[2026-07-29T03:01:26.474+0000] {processor.py:840} INFO - DAG(s) 'process_gold_layer' retrieved from /opt/airflow/dags/gold_processing_dag.py
[2026-07-29T03:01:26.646+0000] {logging_mixin.py:188} INFO - [2026-07-29T03:01:26.635+0000] {dag.py:3096} INFO - Sync 1 DAGs
[2026-07-29T03:01:26.803+0000] {logging_mixin.py:188} INFO - [2026-07-29T03:01:26.803+0000] {dag.py:3954} INFO - Setting next_dagrun for process_gold_layer to None, run_after=None
[2026-07-29T03:01:26.889+0000] {processor.py:183} INFO - Processing /opt/airflow/dags/gold_processing_dag.py took 0.555 seconds
[2026-07-29T03:01:57.438+0000] {processor.py:161} INFO - Started process (PID=24377) to work on /opt/airflow/dags/gold_processing_dag.py
[2026-07-29T03:01:57.442+0000] {processor.py:830} INFO - Processing file /opt/airflow/dags/gold_processing_dag.py for tasks to queue
[2026-07-29T03:01:57.448+0000] {logging_mixin.py:188} INFO - [2026-07-29T03:01:57.447+0000] {dagbag.py:545} INFO - Filling up the DagBag from /opt/airflow/dags/gold_processing_dag.py
[2026-07-29T03:01:57.532+0000] {processor.py:840} INFO - DAG(s) 'process_gold_layer' retrieved from /opt/airflow/dags/gold_processing_dag.py
[2026-07-29T03:01:57.647+0000] {logging_mixin.py:188} INFO - [2026-07-29T03:01:57.646+0000] {dag.py:3096} INFO - Sync 1 DAGs
[2026-07-29T03:01:57.717+0000] {logging_mixin.py:188} INFO - [2026-07-29T03:01:57.710+0000] {dag.py:3954} INFO - Setting next_dagrun for process_gold_layer to None, run_after=None
[2026-07-29T03:01:57.798+0000] {processor.py:183} INFO - Processing /opt/airflow/dags/gold_processing_dag.py took 0.419 seconds
[2026-07-29T03:02:28.269+0000] {processor.py:161} INFO - Started process (PID=24411) to work on /opt/airflow/dags/gold_processing_dag.py
[2026-07-29T03:02:28.282+0000] {processor.py:830} INFO - Processing file /opt/airflow/dags/gold_processing_dag.py for tasks to queue
[2026-07-29T03:02:28.290+0000] {logging_mixin.py:188} INFO - [2026-07-29T03:02:28.288+0000] {dagbag.py:545} INFO - Filling up the DagBag from /opt/airflow/dags/gold_processing_dag.py
[2026-07-29T03:02:28.393+0000] {processor.py:840} INFO - DAG(s) 'process_gold_layer' retrieved from /opt/airflow/dags/gold_processing_dag.py
[2026-07-29T03:02:28.509+0000] {logging_mixin.py:188} INFO - [2026-07-29T03:02:28.507+0000] {dag.py:3096} INFO - Sync 1 DAGs
[2026-07-29T03:02:28.653+0000] {logging_mixin.py:188} INFO - [2026-07-29T03:02:28.652+0000] {dag.py:3954} INFO - Setting next_dagrun for process_gold_layer to None, run_after=None
[2026-07-29T03:02:28.797+0000] {processor.py:183} INFO - Processing /opt/airflow/dags/gold_processing_dag.py took 0.557 seconds
[2026-07-29T03:02:59.646+0000] {processor.py:161} INFO - Started process (PID=24502) to work on /opt/airflow/dags/gold_processing_dag.py
[2026-07-29T03:02:59.668+0000] {processor.py:830} INFO - Processing file /opt/airflow/dags/gold_processing_dag.py for tasks to queue
[2026-07-29T03:02:59.687+0000] {logging_mixin.py:188} INFO - [2026-07-29T03:02:59.680+0000] {dagbag.py:545} INFO - Filling up the DagBag from /opt/airflow/dags/gold_processing_dag.py
[2026-07-29T03:02:59.937+0000] {processor.py:840} INFO - DAG(s) 'process_gold_layer' retrieved from /opt/airflow/dags/gold_processing_dag.py
[2026-07-29T03:03:00.121+0000] {logging_mixin.py:188} INFO - [2026-07-29T03:03:00.120+0000] {dag.py:3096} INFO - Sync 1 DAGs
[2026-07-29T03:03:00.231+0000] {logging_mixin.py:188} INFO - [2026-07-29T03:03:00.230+0000] {dag.py:3954} INFO - Setting next_dagrun for process_gold_layer to None, run_after=None
[2026-07-29T03:03:00.482+0000] {processor.py:183} INFO - Processing /opt/airflow/dags/gold_processing_dag.py took 1.017 seconds
[2026-07-29T03:03:30.787+0000] {processor.py:161} INFO - Started process (PID=24577) to work on /opt/airflow/dags/gold_processing_dag.py
[2026-07-29T03:03:30.790+0000] {processor.py:830} INFO - Processing file /opt/airflow/dags/gold_processing_dag.py for tasks to queue
[2026-07-29T03:03:30.798+0000] {logging_mixin.py:188} INFO - [2026-07-29T03:03:30.797+0000] {dagbag.py:545} INFO - Filling up the DagBag from /opt/airflow/dags/gold_processing_dag.py
[2026-07-29T03:03:30.904+0000] {processor.py:840} INFO - DAG(s) 'process_gold_layer' retrieved from /opt/airflow/dags/gold_processing_dag.py
[2026-07-29T03:03:31.045+0000] {logging_mixin.py:188} INFO - [2026-07-29T03:03:31.044+0000] {dag.py:3096} INFO - Sync 1 DAGs
[2026-07-29T03:03:31.197+0000] {logging_mixin.py:188} INFO - [2026-07-29T03:03:31.197+0000] {dag.py:3954} INFO - Setting next_dagrun for process_gold_layer to None, run_after=None
[2026-07-29T03:03:31.370+0000] {processor.py:183} INFO - Processing /opt/airflow/dags/gold_processing_dag.py took 0.621 seconds
[2026-07-29T03:04:02.078+0000] {processor.py:161} INFO - Started process (PID=24724) to work on /opt/airflow/dags/gold_processing_dag.py
[2026-07-29T03:04:02.088+0000] {processor.py:830} INFO - Processing file /opt/airflow/dags/gold_processing_dag.py for tasks to queue
[2026-07-29T03:04:02.103+0000] {logging_mixin.py:188} INFO - [2026-07-29T03:04:02.100+0000] {dagbag.py:545} INFO - Filling up the DagBag from /opt/airflow/dags/gold_processing_dag.py
[2026-07-29T03:04:02.220+0000] {processor.py:840} INFO - DAG(s) 'process_gold_layer' retrieved from /opt/airflow/dags/gold_processing_dag.py
[2026-07-29T03:04:02.353+0000] {logging_mixin.py:188} INFO - [2026-07-29T03:04:02.353+0000] {dag.py:3096} INFO - Sync 1 DAGs
[2026-07-29T03:04:02.460+0000] {logging_mixin.py:188} INFO - [2026-07-29T03:04:02.459+0000] {dag.py:3954} INFO - Setting next_dagrun for process_gold_layer to None, run_after=None
[2026-07-29T03:04:02.557+0000] {processor.py:183} INFO - Processing /opt/airflow/dags/gold_processing_dag.py took 0.543 seconds
[2026-07-29T03:04:33.485+0000] {processor.py:161} INFO - Started process (PID=25326) to work on /opt/airflow/dags/gold_processing_dag.py
[2026-07-29T03:04:33.510+0000] {processor.py:830} INFO - Processing file /opt/airflow/dags/gold_processing_dag.py for tasks to queue
[2026-07-29T03:04:33.530+0000] {logging_mixin.py:188} INFO - [2026-07-29T03:04:33.528+0000] {dagbag.py:545} INFO - Filling up the DagBag from /opt/airflow/dags/gold_processing_dag.py
[2026-07-29T03:04:33.751+0000] {processor.py:840} INFO - DAG(s) 'process_gold_layer' retrieved from /opt/airflow/dags/gold_processing_dag.py
[2026-07-29T03:04:33.896+0000] {logging_mixin.py:188} INFO - [2026-07-29T03:04:33.895+0000] {dag.py:3096} INFO - Sync 1 DAGs
[2026-07-29T03:04:34.012+0000] {logging_mixin.py:188} INFO - [2026-07-29T03:04:34.011+0000] {dag.py:3954} INFO - Setting next_dagrun for process_gold_layer to None, run_after=None
[2026-07-29T03:04:34.166+0000] {processor.py:183} INFO - Processing /opt/airflow/dags/gold_processing_dag.py took 0.963 seconds
[2026-07-29T03:05:04.441+0000] {processor.py:161} INFO - Started process (PID=25409) to work on /opt/airflow/dags/gold_processing_dag.py
[2026-07-29T03:05:04.445+0000] {processor.py:830} INFO - Processing file /opt/airflow/dags/gold_processing_dag.py for tasks to queue
[2026-07-29T03:05:04.449+0000] {logging_mixin.py:188} INFO - [2026-07-29T03:05:04.449+0000] {dagbag.py:545} INFO - Filling up the DagBag from /opt/airflow/dags/gold_processing_dag.py
[2026-07-29T03:05:04.523+0000] {processor.py:840} INFO - DAG(s) 'process_gold_layer' retrieved from /opt/airflow/dags/gold_processing_dag.py
[2026-07-29T03:05:04.597+0000] {logging_mixin.py:188} INFO - [2026-07-29T03:05:04.597+0000] {dag.py:3096} INFO - Sync 1 DAGs
[2026-07-29T03:05:04.662+0000] {logging_mixin.py:188} INFO - [2026-07-29T03:05:04.661+0000] {dag.py:3954} INFO - Setting next_dagrun for process_gold_layer to None, run_after=None
[2026-07-29T03:05:04.775+0000] {processor.py:183} INFO - Processing /opt/airflow/dags/gold_processing_dag.py took 0.363 seconds
[2026-07-29T03:05:35.156+0000] {processor.py:161} INFO - Started process (PID=25477) to work on /opt/airflow/dags/gold_processing_dag.py
[2026-07-29T03:05:35.159+0000] {processor.py:830} INFO - Processing file /opt/airflow/dags/gold_processing_dag.py for tasks to queue
[2026-07-29T03:05:35.162+0000] {logging_mixin.py:188} INFO - [2026-07-29T03:05:35.161+0000] {dagbag.py:545} INFO - Filling up the DagBag from /opt/airflow/dags/gold_processing_dag.py
[2026-07-29T03:05:35.209+0000] {processor.py:840} INFO - DAG(s) 'process_gold_layer' retrieved from /opt/airflow/dags/gold_processing_dag.py
[2026-07-29T03:05:35.273+0000] {logging_mixin.py:188} INFO - [2026-07-29T03:05:35.272+0000] {dag.py:3096} INFO - Sync 1 DAGs
[2026-07-29T03:05:35.355+0000] {logging_mixin.py:188} INFO - [2026-07-29T03:05:35.354+0000] {dag.py:3954} INFO - Setting next_dagrun for process_gold_layer to None, run_after=None
[2026-07-29T03:05:35.430+0000] {processor.py:183} INFO - Processing /opt/airflow/dags/gold_processing_dag.py took 0.295 seconds
[2026-07-29T03:06:05.751+0000] {processor.py:161} INFO - Started process (PID=25548) to work on /opt/airflow/dags/gold_processing_dag.py
[2026-07-29T03:06:05.754+0000] {processor.py:830} INFO - Processing file /opt/airflow/dags/gold_processing_dag.py for tasks to queue
[2026-07-29T03:06:05.758+0000] {logging_mixin.py:188} INFO - [2026-07-29T03:06:05.757+0000] {dagbag.py:545} INFO - Filling up the DagBag from /opt/airflow/dags/gold_processing_dag.py
[2026-07-29T03:06:05.814+0000] {processor.py:840} INFO - DAG(s) 'process_gold_layer' retrieved from /opt/airflow/dags/gold_processing_dag.py
[2026-07-29T03:06:05.878+0000] {logging_mixin.py:188} INFO - [2026-07-29T03:06:05.877+0000] {dag.py:3096} INFO - Sync 1 DAGs
[2026-07-29T03:06:05.924+0000] {logging_mixin.py:188} INFO - [2026-07-29T03:06:05.923+0000] {dag.py:3954} INFO - Setting next_dagrun for process_gold_layer to None, run_after=None
[2026-07-29T03:06:05.970+0000] {processor.py:183} INFO - Processing /opt/airflow/dags/gold_processing_dag.py took 0.246 seconds
[2026-07-29T03:06:36.400+0000] {processor.py:161} INFO - Started process (PID=25629) to work on /opt/airflow/dags/gold_processing_dag.py
[2026-07-29T03:06:36.404+0000] {processor.py:830} INFO - Processing file /opt/airflow/dags/gold_processing_dag.py for tasks to queue
[2026-07-29T03:06:36.413+0000] {logging_mixin.py:188} INFO - [2026-07-29T03:06:36.409+0000] {dagbag.py:545} INFO - Filling up the DagBag from /opt/airflow/dags/gold_processing_dag.py
[2026-07-29T03:06:36.488+0000] {processor.py:840} INFO - DAG(s) 'process_gold_layer' retrieved from /opt/airflow/dags/gold_processing_dag.py
[2026-07-29T03:06:36.575+0000] {logging_mixin.py:188} INFO - [2026-07-29T03:06:36.574+0000] {dag.py:3096} INFO - Sync 1 DAGs
[2026-07-29T03:06:36.612+0000] {logging_mixin.py:188} INFO - [2026-07-29T03:06:36.612+0000] {dag.py:3954} INFO - Setting next_dagrun for process_gold_layer to None, run_after=None
[2026-07-29T03:06:36.683+0000] {processor.py:183} INFO - Processing /opt/airflow/dags/gold_processing_dag.py took 0.315 seconds
[2026-07-29T03:07:07.425+0000] {processor.py:161} INFO - Started process (PID=25644) to work on /opt/airflow/dags/gold_processing_dag.py
[2026-07-29T03:07:07.429+0000] {processor.py:830} INFO - Processing file /opt/airflow/dags/gold_processing_dag.py for tasks to queue
[2026-07-29T03:07:07.433+0000] {logging_mixin.py:188} INFO - [2026-07-29T03:07:07.432+0000] {dagbag.py:545} INFO - Filling up the DagBag from /opt/airflow/dags/gold_processing_dag.py
[2026-07-29T03:07:07.476+0000] {processor.py:840} INFO - DAG(s) 'process_gold_layer' retrieved from /opt/airflow/dags/gold_processing_dag.py
[2026-07-29T03:07:07.539+0000] {logging_mixin.py:188} INFO - [2026-07-29T03:07:07.538+0000] {dag.py:3096} INFO - Sync 1 DAGs
[2026-07-29T03:07:07.584+0000] {logging_mixin.py:188} INFO - [2026-07-29T03:07:07.584+0000] {dag.py:3954} INFO - Setting next_dagrun for process_gold_layer to None, run_after=None
[2026-07-29T03:07:07.841+0000] {processor.py:183} INFO - Processing /opt/airflow/dags/gold_processing_dag.py took 0.464 seconds
[2026-07-29T03:07:38.226+0000] {processor.py:161} INFO - Started process (PID=25659) to work on /opt/airflow/dags/gold_processing_dag.py
[2026-07-29T03:07:38.231+0000] {processor.py:830} INFO - Processing file /opt/airflow/dags/gold_processing_dag.py for tasks to queue
[2026-07-29T03:07:38.235+0000] {logging_mixin.py:188} INFO - [2026-07-29T03:07:38.234+0000] {dagbag.py:545} INFO - Filling up the DagBag from /opt/airflow/dags/gold_processing_dag.py
[2026-07-29T03:07:38.411+0000] {processor.py:840} INFO - DAG(s) 'process_gold_layer' retrieved from /opt/airflow/dags/gold_processing_dag.py
[2026-07-29T03:07:38.613+0000] {logging_mixin.py:188} INFO - [2026-07-29T03:07:38.612+0000] {dag.py:3096} INFO - Sync 1 DAGs
[2026-07-29T03:07:38.673+0000] {logging_mixin.py:188} INFO - [2026-07-29T03:07:38.673+0000] {dag.py:3954} INFO - Setting next_dagrun for process_gold_layer to None, run_after=None
[2026-07-29T03:07:38.815+0000] {processor.py:183} INFO - Processing /opt/airflow/dags/gold_processing_dag.py took 0.634 seconds
[2026-07-29T03:08:09.067+0000] {processor.py:161} INFO - Started process (PID=25677) to work on /opt/airflow/dags/gold_processing_dag.py
[2026-07-29T03:08:09.069+0000] {processor.py:830} INFO - Processing file /opt/airflow/dags/gold_processing_dag.py for tasks to queue
[2026-07-29T03:08:09.073+0000] {logging_mixin.py:188} INFO - [2026-07-29T03:08:09.072+0000] {dagbag.py:545} INFO - Filling up the DagBag from /opt/airflow/dags/gold_processing_dag.py
[2026-07-29T03:08:09.167+0000] {processor.py:840} INFO - DAG(s) 'process_gold_layer' retrieved from /opt/airflow/dags/gold_processing_dag.py
[2026-07-29T03:08:09.213+0000] {logging_mixin.py:188} INFO - [2026-07-29T03:08:09.213+0000] {dag.py:3096} INFO - Sync 1 DAGs
[2026-07-29T03:08:09.265+0000] {logging_mixin.py:188} INFO - [2026-07-29T03:08:09.264+0000] {dag.py:3954} INFO - Setting next_dagrun for process_gold_layer to None, run_after=None
[2026-07-29T03:08:09.403+0000] {processor.py:183} INFO - Processing /opt/airflow/dags/gold_processing_dag.py took 0.365 seconds
[2026-07-29T03:08:39.760+0000] {processor.py:161} INFO - Started process (PID=25689) to work on /opt/airflow/dags/gold_processing_dag.py
[2026-07-29T03:08:39.773+0000] {processor.py:830} INFO - Processing file /opt/airflow/dags/gold_processing_dag.py for tasks to queue
[2026-07-29T03:08:39.779+0000] {logging_mixin.py:188} INFO - [2026-07-29T03:08:39.778+0000] {dagbag.py:545} INFO - Filling up the DagBag from /opt/airflow/dags/gold_processing_dag.py
[2026-07-29T03:08:39.840+0000] {processor.py:840} INFO - DAG(s) 'process_gold_layer' retrieved from /opt/airflow/dags/gold_processing_dag.py
[2026-07-29T03:08:39.962+0000] {logging_mixin.py:188} INFO - [2026-07-29T03:08:39.961+0000] {dag.py:3096} INFO - Sync 1 DAGs
[2026-07-29T03:08:40.002+0000] {logging_mixin.py:188} INFO - [2026-07-29T03:08:40.001+0000] {dag.py:3954} INFO - Setting next_dagrun for process_gold_layer to None, run_after=None
[2026-07-29T03:08:40.225+0000] {processor.py:183} INFO - Processing /opt/airflow/dags/gold_processing_dag.py took 0.524 seconds
[2026-07-29T03:09:11.155+0000] {processor.py:161} INFO - Started process (PID=25704) to work on /opt/airflow/dags/gold_processing_dag.py
[2026-07-29T03:09:11.159+0000] {processor.py:830} INFO - Processing file /opt/airflow/dags/gold_processing_dag.py for tasks to queue
[2026-07-29T03:09:11.163+0000] {logging_mixin.py:188} INFO - [2026-07-29T03:09:11.162+0000] {dagbag.py:545} INFO - Filling up the DagBag from /opt/airflow/dags/gold_processing_dag.py
[2026-07-29T03:09:11.291+0000] {processor.py:840} INFO - DAG(s) 'process_gold_layer' retrieved from /opt/airflow/dags/gold_processing_dag.py
[2026-07-29T03:09:11.381+0000] {logging_mixin.py:188} INFO - [2026-07-29T03:09:11.381+0000] {dag.py:3096} INFO - Sync 1 DAGs
[2026-07-29T03:09:11.425+0000] {logging_mixin.py:188} INFO - [2026-07-29T03:09:11.417+0000] {dag.py:3954} INFO - Setting next_dagrun for process_gold_layer to None, run_after=None
[2026-07-29T03:09:11.487+0000] {processor.py:183} INFO - Processing /opt/airflow/dags/gold_processing_dag.py took 0.364 seconds
[2026-07-29T03:10:00.033+0000] {processor.py:161} INFO - Started process (PID=25719) to work on /opt/airflow/dags/gold_processing_dag.py
[2026-07-29T03:10:00.037+0000] {processor.py:830} INFO - Processing file /opt/airflow/dags/gold_processing_dag.py for tasks to queue
[2026-07-29T03:10:00.051+0000] {logging_mixin.py:188} INFO - [2026-07-29T03:10:00.045+0000] {dagbag.py:545} INFO - Filling up the DagBag from /opt/airflow/dags/gold_processing_dag.py
[2026-07-29T03:10:00.288+0000] {processor.py:840} INFO - DAG(s) 'process_gold_layer' retrieved from /opt/airflow/dags/gold_processing_dag.py
[2026-07-29T03:10:00.689+0000] {logging_mixin.py:188} INFO - [2026-07-29T03:10:00.688+0000] {dag.py:3096} INFO - Sync 1 DAGs
[2026-07-29T03:10:00.817+0000] {logging_mixin.py:188} INFO - [2026-07-29T03:10:00.817+0000] {dag.py:3954} INFO - Setting next_dagrun for process_gold_layer to None, run_after=None
[2026-07-29T03:10:00.962+0000] {processor.py:183} INFO - Processing /opt/airflow/dags/gold_processing_dag.py took 1.067 seconds
[2026-07-29T03:10:31.602+0000] {processor.py:161} INFO - Started process (PID=25735) to work on /opt/airflow/dags/gold_processing_dag.py
[2026-07-29T03:10:31.616+0000] {processor.py:830} INFO - Processing file /opt/airflow/dags/gold_processing_dag.py for tasks to queue
[2026-07-29T03:10:31.621+0000] {logging_mixin.py:188} INFO - [2026-07-29T03:10:31.620+0000] {dagbag.py:545} INFO - Filling up the DagBag from /opt/airflow/dags/gold_processing_dag.py
[2026-07-29T03:10:31.675+0000] {processor.py:840} INFO - DAG(s) 'process_gold_layer' retrieved from /opt/airflow/dags/gold_processing_dag.py
[2026-07-29T03:10:31.759+0000] {logging_mixin.py:188} INFO - [2026-07-29T03:10:31.759+0000] {dag.py:3096} INFO - Sync 1 DAGs
[2026-07-29T03:10:31.805+0000] {logging_mixin.py:188} INFO - [2026-07-29T03:10:31.805+0000] {dag.py:3954} INFO - Setting next_dagrun for process_gold_layer to None, run_after=None
[2026-07-29T03:10:31.863+0000] {processor.py:183} INFO - Processing /opt/airflow/dags/gold_processing_dag.py took 0.279 seconds
[2026-07-29T03:11:02.035+0000] {processor.py:161} INFO - Started process (PID=25750) to work on /opt/airflow/dags/gold_processing_dag.py
[2026-07-29T03:11:02.041+0000] {processor.py:830} INFO - Processing file /opt/airflow/dags/gold_processing_dag.py for tasks to queue
[2026-07-29T03:11:02.046+0000] {logging_mixin.py:188} INFO - [2026-07-29T03:11:02.045+0000] {dagbag.py:545} INFO - Filling up the DagBag from /opt/airflow/dags/gold_processing_dag.py
[2026-07-29T03:11:02.091+0000] {processor.py:840} INFO - DAG(s) 'process_gold_layer' retrieved from /opt/airflow/dags/gold_processing_dag.py
[2026-07-29T03:11:02.164+0000] {logging_mixin.py:188} INFO - [2026-07-29T03:11:02.164+0000] {dag.py:3096} INFO - Sync 1 DAGs
[2026-07-29T03:11:02.204+0000] {logging_mixin.py:188} INFO - [2026-07-29T03:11:02.204+0000] {dag.py:3954} INFO - Setting next_dagrun for process_gold_layer to None, run_after=None
[2026-07-29T03:11:02.275+0000] {processor.py:183} INFO - Processing /opt/airflow/dags/gold_processing_dag.py took 0.258 seconds
[2026-07-29T03:11:32.534+0000] {processor.py:161} INFO - Started process (PID=25765) to work on /opt/airflow/dags/gold_processing_dag.py
[2026-07-29T03:11:32.540+0000] {processor.py:830} INFO - Processing file /opt/airflow/dags/gold_processing_dag.py for tasks to queue
[2026-07-29T03:11:32.546+0000] {logging_mixin.py:188} INFO - [2026-07-29T03:11:32.545+0000] {dagbag.py:545} INFO - Filling up the DagBag from /opt/airflow/dags/gold_processing_dag.py
[2026-07-29T03:11:32.620+0000] {processor.py:840} INFO - DAG(s) 'process_gold_layer' retrieved from /opt/airflow/dags/gold_processing_dag.py
[2026-07-29T03:11:32.705+0000] {logging_mixin.py:188} INFO - [2026-07-29T03:11:32.704+0000] {dag.py:3096} INFO - Sync 1 DAGs
[2026-07-29T03:11:32.778+0000] {logging_mixin.py:188} INFO - [2026-07-29T03:11:32.778+0000] {dag.py:3954} INFO - Setting next_dagrun for process_gold_layer to None, run_after=None
[2026-07-29T03:11:32.899+0000] {processor.py:183} INFO - Processing /opt/airflow/dags/gold_processing_dag.py took 0.394 seconds
[2026-07-29T03:12:03.556+0000] {processor.py:161} INFO - Started process (PID=25780) to work on /opt/airflow/dags/gold_processing_dag.py
[2026-07-29T03:12:03.563+0000] {processor.py:830} INFO - Processing file /opt/airflow/dags/gold_processing_dag.py for tasks to queue
[2026-07-29T03:12:03.568+0000] {logging_mixin.py:188} INFO - [2026-07-29T03:12:03.566+0000] {dagbag.py:545} INFO - Filling up the DagBag from /opt/airflow/dags/gold_processing_dag.py
[2026-07-29T03:12:03.641+0000] {processor.py:840} INFO - DAG(s) 'process_gold_layer' retrieved from /opt/airflow/dags/gold_processing_dag.py
[2026-07-29T03:12:03.683+0000] {logging_mixin.py:188} INFO - [2026-07-29T03:12:03.682+0000] {dag.py:3096} INFO - Sync 1 DAGs
[2026-07-29T03:12:03.739+0000] {logging_mixin.py:188} INFO - [2026-07-29T03:12:03.739+0000] {dag.py:3954} INFO - Setting next_dagrun for process_gold_layer to None, run_after=None
[2026-07-29T03:12:03.849+0000] {processor.py:183} INFO - Processing /opt/airflow/dags/gold_processing_dag.py took 0.307 seconds
[2026-07-29T03:12:34.318+0000] {processor.py:161} INFO - Started process (PID=25795) to work on /opt/airflow/dags/gold_processing_dag.py
[2026-07-29T03:12:34.321+0000] {processor.py:830} INFO - Processing file /opt/airflow/dags/gold_processing_dag.py for tasks to queue
[2026-07-29T03:12:34.325+0000] {logging_mixin.py:188} INFO - [2026-07-29T03:12:34.324+0000] {dagbag.py:545} INFO - Filling up the DagBag from /opt/airflow/dags/gold_processing_dag.py
[2026-07-29T03:12:34.359+0000] {processor.py:840} INFO - DAG(s) 'process_gold_layer' retrieved from /opt/airflow/dags/gold_processing_dag.py
[2026-07-29T03:12:34.433+0000] {logging_mixin.py:188} INFO - [2026-07-29T03:12:34.433+0000] {dag.py:3096} INFO - Sync 1 DAGs
[2026-07-29T03:12:34.461+0000] {logging_mixin.py:188} INFO - [2026-07-29T03:12:34.461+0000] {dag.py:3954} INFO - Setting next_dagrun for process_gold_layer to None, run_after=None
[2026-07-29T03:12:34.503+0000] {processor.py:183} INFO - Processing /opt/airflow/dags/gold_processing_dag.py took 0.199 seconds
[2026-07-29T03:13:04.637+0000] {processor.py:161} INFO - Started process (PID=25810) to work on /opt/airflow/dags/gold_processing_dag.py
[2026-07-29T03:13:04.639+0000] {processor.py:830} INFO - Processing file /opt/airflow/dags/gold_processing_dag.py for tasks to queue
[2026-07-29T03:13:04.643+0000] {logging_mixin.py:188} INFO - [2026-07-29T03:13:04.643+0000] {dagbag.py:545} INFO - Filling up the DagBag from /opt/airflow/dags/gold_processing_dag.py
[2026-07-29T03:13:04.681+0000] {processor.py:840} INFO - DAG(s) 'process_gold_layer' retrieved from /opt/airflow/dags/gold_processing_dag.py
[2026-07-29T03:13:04.735+0000] {logging_mixin.py:188} INFO - [2026-07-29T03:13:04.734+0000] {dag.py:3096} INFO - Sync 1 DAGs
[2026-07-29T03:13:04.761+0000] {logging_mixin.py:188} INFO - [2026-07-29T03:13:04.761+0000] {dag.py:3954} INFO - Setting next_dagrun for process_gold_layer to None, run_after=None
[2026-07-29T03:13:04.803+0000] {processor.py:183} INFO - Processing /opt/airflow/dags/gold_processing_dag.py took 0.181 seconds
[2026-07-29T03:13:34.911+0000] {processor.py:161} INFO - Started process (PID=25825) to work on /opt/airflow/dags/gold_processing_dag.py
[2026-07-29T03:13:34.914+0000] {processor.py:830} INFO - Processing file /opt/airflow/dags/gold_processing_dag.py for tasks to queue
[2026-07-29T03:13:34.919+0000] {logging_mixin.py:188} INFO - [2026-07-29T03:13:34.918+0000] {dagbag.py:545} INFO - Filling up the DagBag from /opt/airflow/dags/gold_processing_dag.py
[2026-07-29T03:13:34.963+0000] {processor.py:840} INFO - DAG(s) 'process_gold_layer' retrieved from /opt/airflow/dags/gold_processing_dag.py
[2026-07-29T03:13:35.014+0000] {logging_mixin.py:188} INFO - [2026-07-29T03:13:35.014+0000] {dag.py:3096} INFO - Sync 1 DAGs
[2026-07-29T03:13:35.043+0000] {logging_mixin.py:188} INFO - [2026-07-29T03:13:35.043+0000] {dag.py:3954} INFO - Setting next_dagrun for process_gold_layer to None, run_after=None
[2026-07-29T03:13:35.085+0000] {processor.py:183} INFO - Processing /opt/airflow/dags/gold_processing_dag.py took 0.191 seconds
[2026-07-29T03:14:05.733+0000] {processor.py:161} INFO - Started process (PID=25840) to work on /opt/airflow/dags/gold_processing_dag.py
[2026-07-29T03:14:05.735+0000] {processor.py:830} INFO - Processing file /opt/airflow/dags/gold_processing_dag.py for tasks to queue
[2026-07-29T03:14:05.738+0000] {logging_mixin.py:188} INFO - [2026-07-29T03:14:05.738+0000] {dagbag.py:545} INFO - Filling up the DagBag from /opt/airflow/dags/gold_processing_dag.py
[2026-07-29T03:14:05.776+0000] {processor.py:840} INFO - DAG(s) 'process_gold_layer' retrieved from /opt/airflow/dags/gold_processing_dag.py
[2026-07-29T03:14:05.824+0000] {logging_mixin.py:188} INFO - [2026-07-29T03:14:05.824+0000] {dag.py:3096} INFO - Sync 1 DAGs
[2026-07-29T03:14:05.855+0000] {logging_mixin.py:188} INFO - [2026-07-29T03:14:05.854+0000] {dag.py:3954} INFO - Setting next_dagrun for process_gold_layer to None, run_after=None
[2026-07-29T03:14:05.899+0000] {processor.py:183} INFO - Processing /opt/airflow/dags/gold_processing_dag.py took 0.185 seconds
[2026-07-29T03:14:36.447+0000] {processor.py:161} INFO - Started process (PID=25855) to work on /opt/airflow/dags/gold_processing_dag.py
[2026-07-29T03:14:36.450+0000] {processor.py:830} INFO - Processing file /opt/airflow/dags/gold_processing_dag.py for tasks to queue
[2026-07-29T03:14:36.453+0000] {logging_mixin.py:188} INFO - [2026-07-29T03:14:36.452+0000] {dagbag.py:545} INFO - Filling up the DagBag from /opt/airflow/dags/gold_processing_dag.py
[2026-07-29T03:14:36.490+0000] {processor.py:840} INFO - DAG(s) 'process_gold_layer' retrieved from /opt/airflow/dags/gold_processing_dag.py
[2026-07-29T03:14:36.530+0000] {logging_mixin.py:188} INFO - [2026-07-29T03:14:36.530+0000] {dag.py:3096} INFO - Sync 1 DAGs
[2026-07-29T03:14:36.558+0000] {logging_mixin.py:188} INFO - [2026-07-29T03:14:36.558+0000] {dag.py:3954} INFO - Setting next_dagrun for process_gold_layer to None, run_after=None
[2026-07-29T03:14:36.595+0000] {processor.py:183} INFO - Processing /opt/airflow/dags/gold_processing_dag.py took 0.162 seconds
[2026-07-29T03:15:07.866+0000] {processor.py:161} INFO - Started process (PID=25870) to work on /opt/airflow/dags/gold_processing_dag.py
[2026-07-29T03:15:07.868+0000] {processor.py:830} INFO - Processing file /opt/airflow/dags/gold_processing_dag.py for tasks to queue
[2026-07-29T03:15:07.873+0000] {logging_mixin.py:188} INFO - [2026-07-29T03:15:07.872+0000] {dagbag.py:545} INFO - Filling up the DagBag from /opt/airflow/dags/gold_processing_dag.py
[2026-07-29T03:15:07.923+0000] {processor.py:840} INFO - DAG(s) 'process_gold_layer' retrieved from /opt/airflow/dags/gold_processing_dag.py
[2026-07-29T03:15:08.005+0000] {logging_mixin.py:188} INFO - [2026-07-29T03:15:08.004+0000] {dag.py:3096} INFO - Sync 1 DAGs
[2026-07-29T03:15:08.039+0000] {logging_mixin.py:188} INFO - [2026-07-29T03:15:08.039+0000] {dag.py:3954} INFO - Setting next_dagrun for process_gold_layer to None, run_after=None
[2026-07-29T03:15:08.089+0000] {processor.py:183} INFO - Processing /opt/airflow/dags/gold_processing_dag.py took 0.238 seconds
[2026-07-29T03:15:38.275+0000] {processor.py:161} INFO - Started process (PID=25885) to work on /opt/airflow/dags/gold_processing_dag.py
[2026-07-29T03:15:38.277+0000] {processor.py:830} INFO - Processing file /opt/airflow/dags/gold_processing_dag.py for tasks to queue
[2026-07-29T03:15:38.281+0000] {logging_mixin.py:188} INFO - [2026-07-29T03:15:38.280+0000] {dagbag.py:545} INFO - Filling up the DagBag from /opt/airflow/dags/gold_processing_dag.py
[2026-07-29T03:15:38.343+0000] {processor.py:840} INFO - DAG(s) 'process_gold_layer' retrieved from /opt/airflow/dags/gold_processing_dag.py
[2026-07-29T03:15:38.446+0000] {logging_mixin.py:188} INFO - [2026-07-29T03:15:38.445+0000] {dag.py:3096} INFO - Sync 1 DAGs
[2026-07-29T03:15:38.473+0000] {logging_mixin.py:188} INFO - [2026-07-29T03:15:38.473+0000] {dag.py:3954} INFO - Setting next_dagrun for process_gold_layer to None, run_after=None
[2026-07-29T03:15:38.521+0000] {processor.py:183} INFO - Processing /opt/airflow/dags/gold_processing_dag.py took 0.260 seconds
[2026-07-29T03:16:08.759+0000] {processor.py:161} INFO - Started process (PID=25900) to work on /opt/airflow/dags/gold_processing_dag.py
[2026-07-29T03:16:08.762+0000] {processor.py:830} INFO - Processing file /opt/airflow/dags/gold_processing_dag.py for tasks to queue
[2026-07-29T03:16:08.767+0000] {logging_mixin.py:188} INFO - [2026-07-29T03:16:08.766+0000] {dagbag.py:545} INFO - Filling up the DagBag from /opt/airflow/dags/gold_processing_dag.py
[2026-07-29T03:16:08.871+0000] {processor.py:840} INFO - DAG(s) 'process_gold_layer' retrieved from /opt/airflow/dags/gold_processing_dag.py
[2026-07-29T03:16:08.946+0000] {logging_mixin.py:188} INFO - [2026-07-29T03:16:08.945+0000] {dag.py:3096} INFO - Sync 1 DAGs
[2026-07-29T03:16:09.014+0000] {logging_mixin.py:188} INFO - [2026-07-29T03:16:09.014+0000] {dag.py:3954} INFO - Setting next_dagrun for process_gold_layer to None, run_after=None
[2026-07-29T03:16:09.061+0000] {processor.py:183} INFO - Processing /opt/airflow/dags/gold_processing_dag.py took 0.335 seconds
[2026-07-29T03:16:40.265+0000] {processor.py:161} INFO - Started process (PID=25915) to work on /opt/airflow/dags/gold_processing_dag.py
[2026-07-29T03:16:40.271+0000] {processor.py:830} INFO - Processing file /opt/airflow/dags/gold_processing_dag.py for tasks to queue
[2026-07-29T03:16:40.278+0000] {logging_mixin.py:188} INFO - [2026-07-29T03:16:40.277+0000] {dagbag.py:545} INFO - Filling up the DagBag from /opt/airflow/dags/gold_processing_dag.py
[2026-07-29T03:16:40.334+0000] {processor.py:840} INFO - DAG(s) 'process_gold_layer' retrieved from /opt/airflow/dags/gold_processing_dag.py
[2026-07-29T03:16:40.394+0000] {logging_mixin.py:188} INFO - [2026-07-29T03:16:40.394+0000] {dag.py:3096} INFO - Sync 1 DAGs
[2026-07-29T03:16:40.435+0000] {logging_mixin.py:188} INFO - [2026-07-29T03:16:40.434+0000] {dag.py:3954} INFO - Setting next_dagrun for process_gold_layer to None, run_after=None
[2026-07-29T03:16:40.490+0000] {processor.py:183} INFO - Processing /opt/airflow/dags/gold_processing_dag.py took 0.245 seconds
[2026-07-29T03:17:10.678+0000] {processor.py:161} INFO - Started process (PID=25930) to work on /opt/airflow/dags/gold_processing_dag.py
[2026-07-29T03:17:10.681+0000] {processor.py:830} INFO - Processing file /opt/airflow/dags/gold_processing_dag.py for tasks to queue
[2026-07-29T03:17:10.685+0000] {logging_mixin.py:188} INFO - [2026-07-29T03:17:10.684+0000] {dagbag.py:545} INFO - Filling up the DagBag from /opt/airflow/dags/gold_processing_dag.py
[2026-07-29T03:17:10.728+0000] {processor.py:840} INFO - DAG(s) 'process_gold_layer' retrieved from /opt/airflow/dags/gold_processing_dag.py
[2026-07-29T03:17:10.821+0000] {logging_mixin.py:188} INFO - [2026-07-29T03:17:10.820+0000] {dag.py:3096} INFO - Sync 1 DAGs
[2026-07-29T03:17:10.890+0000] {logging_mixin.py:188} INFO - [2026-07-29T03:17:10.889+0000] {dag.py:3954} INFO - Setting next_dagrun for process_gold_layer to None, run_after=None
[2026-07-29T03:17:10.996+0000] {processor.py:183} INFO - Processing /opt/airflow/dags/gold_processing_dag.py took 0.338 seconds
[2026-07-29T03:17:41.308+0000] {processor.py:161} INFO - Started process (PID=25945) to work on /opt/airflow/dags/gold_processing_dag.py
[2026-07-29T03:17:41.312+0000] {processor.py:830} INFO - Processing file /opt/airflow/dags/gold_processing_dag.py for tasks to queue
[2026-07-29T03:17:41.317+0000] {logging_mixin.py:188} INFO - [2026-07-29T03:17:41.315+0000] {dagbag.py:545} INFO - Filling up the DagBag from /opt/airflow/dags/gold_processing_dag.py
[2026-07-29T03:17:41.362+0000] {processor.py:840} INFO - DAG(s) 'process_gold_layer' retrieved from /opt/airflow/dags/gold_processing_dag.py
[2026-07-29T03:17:41.428+0000] {logging_mixin.py:188} INFO - [2026-07-29T03:17:41.427+0000] {dag.py:3096} INFO - Sync 1 DAGs
[2026-07-29T03:17:41.471+0000] {logging_mixin.py:188} INFO - [2026-07-29T03:17:41.470+0000] {dag.py:3954} INFO - Setting next_dagrun for process_gold_layer to None, run_after=None
[2026-07-29T03:17:41.529+0000] {processor.py:183} INFO - Processing /opt/airflow/dags/gold_processing_dag.py took 0.279 seconds
[2026-07-29T03:18:12.021+0000] {processor.py:161} INFO - Started process (PID=25960) to work on /opt/airflow/dags/gold_processing_dag.py
[2026-07-29T03:18:12.025+0000] {processor.py:830} INFO - Processing file /opt/airflow/dags/gold_processing_dag.py for tasks to queue
[2026-07-29T03:18:12.029+0000] {logging_mixin.py:188} INFO - [2026-07-29T03:18:12.028+0000] {dagbag.py:545} INFO - Filling up the DagBag from /opt/airflow/dags/gold_processing_dag.py
[2026-07-29T03:18:12.077+0000] {processor.py:840} INFO - DAG(s) 'process_gold_layer' retrieved from /opt/airflow/dags/gold_processing_dag.py
[2026-07-29T03:18:12.134+0000] {logging_mixin.py:188} INFO - [2026-07-29T03:18:12.134+0000] {dag.py:3096} INFO - Sync 1 DAGs
[2026-07-29T03:18:12.166+0000] {logging_mixin.py:188} INFO - [2026-07-29T03:18:12.166+0000] {dag.py:3954} INFO - Setting next_dagrun for process_gold_layer to None, run_after=None
[2026-07-29T03:18:12.211+0000] {processor.py:183} INFO - Processing /opt/airflow/dags/gold_processing_dag.py took 0.206 seconds
[2026-07-29T03:18:42.796+0000] {processor.py:161} INFO - Started process (PID=25975) to work on /opt/airflow/dags/gold_processing_dag.py
[2026-07-29T03:18:42.800+0000] {processor.py:830} INFO - Processing file /opt/airflow/dags/gold_processing_dag.py for tasks to queue
[2026-07-29T03:18:42.807+0000] {logging_mixin.py:188} INFO - [2026-07-29T03:18:42.805+0000] {dagbag.py:545} INFO - Filling up the DagBag from /opt/airflow/dags/gold_processing_dag.py
[2026-07-29T03:18:42.865+0000] {processor.py:840} INFO - DAG(s) 'process_gold_layer' retrieved from /opt/airflow/dags/gold_processing_dag.py
[2026-07-29T03:18:43.025+0000] {logging_mixin.py:188} INFO - [2026-07-29T03:18:43.024+0000] {dag.py:3096} INFO - Sync 1 DAGs
[2026-07-29T03:18:43.146+0000] {logging_mixin.py:188} INFO - [2026-07-29T03:18:43.145+0000] {dag.py:3954} INFO - Setting next_dagrun for process_gold_layer to None, run_after=None
[2026-07-29T03:18:43.294+0000] {processor.py:183} INFO - Processing /opt/airflow/dags/gold_processing_dag.py took 0.520 seconds
[2026-07-29T03:19:13.499+0000] {processor.py:161} INFO - Started process (PID=25990) to work on /opt/airflow/dags/gold_processing_dag.py
[2026-07-29T03:19:13.502+0000] {processor.py:830} INFO - Processing file /opt/airflow/dags/gold_processing_dag.py for tasks to queue
[2026-07-29T03:19:13.505+0000] {logging_mixin.py:188} INFO - [2026-07-29T03:19:13.504+0000] {dagbag.py:545} INFO - Filling up the DagBag from /opt/airflow/dags/gold_processing_dag.py
[2026-07-29T03:19:13.545+0000] {processor.py:840} INFO - DAG(s) 'process_gold_layer' retrieved from /opt/airflow/dags/gold_processing_dag.py
[2026-07-29T03:19:13.589+0000] {logging_mixin.py:188} INFO - [2026-07-29T03:19:13.588+0000] {dag.py:3096} INFO - Sync 1 DAGs
[2026-07-29T03:19:13.618+0000] {logging_mixin.py:188} INFO - [2026-07-29T03:19:13.618+0000] {dag.py:3954} INFO - Setting next_dagrun for process_gold_layer to None, run_after=None
[2026-07-29T03:19:13.657+0000] {processor.py:183} INFO - Processing /opt/airflow/dags/gold_processing_dag.py took 0.175 seconds
[2026-07-29T03:19:44.195+0000] {processor.py:161} INFO - Started process (PID=26005) to work on /opt/airflow/dags/gold_processing_dag.py
[2026-07-29T03:19:44.207+0000] {processor.py:830} INFO - Processing file /opt/airflow/dags/gold_processing_dag.py for tasks to queue
[2026-07-29T03:19:44.216+0000] {logging_mixin.py:188} INFO - [2026-07-29T03:19:44.212+0000] {dagbag.py:545} INFO - Filling up the DagBag from /opt/airflow/dags/gold_processing_dag.py
[2026-07-29T03:19:44.343+0000] {processor.py:840} INFO - DAG(s) 'process_gold_layer' retrieved from /opt/airflow/dags/gold_processing_dag.py
[2026-07-29T03:19:44.453+0000] {logging_mixin.py:188} INFO - [2026-07-29T03:19:44.452+0000] {dag.py:3096} INFO - Sync 1 DAGs
[2026-07-29T03:19:44.497+0000] {logging_mixin.py:188} INFO - [2026-07-29T03:19:44.496+0000] {dag.py:3954} INFO - Setting next_dagrun for process_gold_layer to None, run_after=None
[2026-07-29T03:19:44.543+0000] {processor.py:183} INFO - Processing /opt/airflow/dags/gold_processing_dag.py took 0.402 seconds
[2026-07-29T03:20:15.101+0000] {processor.py:161} INFO - Started process (PID=26020) to work on /opt/airflow/dags/gold_processing_dag.py
[2026-07-29T03:20:15.105+0000] {processor.py:830} INFO - Processing file /opt/airflow/dags/gold_processing_dag.py for tasks to queue
[2026-07-29T03:20:15.109+0000] {logging_mixin.py:188} INFO - [2026-07-29T03:20:15.108+0000] {dagbag.py:545} INFO - Filling up the DagBag from /opt/airflow/dags/gold_processing_dag.py
[2026-07-29T03:20:15.170+0000] {processor.py:840} INFO - DAG(s) 'process_gold_layer' retrieved from /opt/airflow/dags/gold_processing_dag.py
[2026-07-29T03:20:15.266+0000] {logging_mixin.py:188} INFO - [2026-07-29T03:20:15.265+0000] {dag.py:3096} INFO - Sync 1 DAGs
[2026-07-29T03:20:15.320+0000] {logging_mixin.py:188} INFO - [2026-07-29T03:20:15.320+0000] {dag.py:3954} INFO - Setting next_dagrun for process_gold_layer to None, run_after=None
[2026-07-29T03:20:15.376+0000] {processor.py:183} INFO - Processing /opt/airflow/dags/gold_processing_dag.py took 0.299 seconds
[2026-07-29T03:20:45.875+0000] {processor.py:161} INFO - Started process (PID=26035) to work on /opt/airflow/dags/gold_processing_dag.py
[2026-07-29T03:20:45.878+0000] {processor.py:830} INFO - Processing file /opt/airflow/dags/gold_processing_dag.py for tasks to queue
[2026-07-29T03:20:45.883+0000] {logging_mixin.py:188} INFO - [2026-07-29T03:20:45.882+0000] {dagbag.py:545} INFO - Filling up the DagBag from /opt/airflow/dags/gold_processing_dag.py
[2026-07-29T03:20:45.935+0000] {processor.py:840} INFO - DAG(s) 'process_gold_layer' retrieved from /opt/airflow/dags/gold_processing_dag.py
[2026-07-29T03:20:45.996+0000] {logging_mixin.py:188} INFO - [2026-07-29T03:20:45.996+0000] {dag.py:3096} INFO - Sync 1 DAGs
[2026-07-29T03:20:46.031+0000] {logging_mixin.py:188} INFO - [2026-07-29T03:20:46.031+0000] {dag.py:3954} INFO - Setting next_dagrun for process_gold_layer to None, run_after=None
[2026-07-29T03:20:46.079+0000] {processor.py:183} INFO - Processing /opt/airflow/dags/gold_processing_dag.py took 0.224 seconds
[2026-07-29T03:21:17.290+0000] {processor.py:161} INFO - Started process (PID=26050) to work on /opt/airflow/dags/gold_processing_dag.py
[2026-07-29T03:21:17.293+0000] {processor.py:830} INFO - Processing file /opt/airflow/dags/gold_processing_dag.py for tasks to queue
[2026-07-29T03:21:17.297+0000] {logging_mixin.py:188} INFO - [2026-07-29T03:21:17.296+0000] {dagbag.py:545} INFO - Filling up the DagBag from /opt/airflow/dags/gold_processing_dag.py
[2026-07-29T03:21:17.345+0000] {processor.py:840} INFO - DAG(s) 'process_gold_layer' retrieved from /opt/airflow/dags/gold_processing_dag.py
[2026-07-29T03:21:17.401+0000] {logging_mixin.py:188} INFO - [2026-07-29T03:21:17.401+0000] {dag.py:3096} INFO - Sync 1 DAGs
[2026-07-29T03:21:17.441+0000] {logging_mixin.py:188} INFO - [2026-07-29T03:21:17.440+0000] {dag.py:3954} INFO - Setting next_dagrun for process_gold_layer to None, run_after=None
[2026-07-29T03:21:17.505+0000] {processor.py:183} INFO - Processing /opt/airflow/dags/gold_processing_dag.py took 0.232 seconds
[2026-07-29T03:21:47.730+0000] {processor.py:161} INFO - Started process (PID=26065) to work on /opt/airflow/dags/gold_processing_dag.py
[2026-07-29T03:21:47.733+0000] {processor.py:830} INFO - Processing file /opt/airflow/dags/gold_processing_dag.py for tasks to queue
[2026-07-29T03:21:47.736+0000] {logging_mixin.py:188} INFO - [2026-07-29T03:21:47.736+0000] {dagbag.py:545} INFO - Filling up the DagBag from /opt/airflow/dags/gold_processing_dag.py
[2026-07-29T03:21:47.785+0000] {processor.py:840} INFO - DAG(s) 'process_gold_layer' retrieved from /opt/airflow/dags/gold_processing_dag.py
[2026-07-29T03:21:47.840+0000] {logging_mixin.py:188} INFO - [2026-07-29T03:21:47.839+0000] {dag.py:3096} INFO - Sync 1 DAGs
[2026-07-29T03:21:47.870+0000] {logging_mixin.py:188} INFO - [2026-07-29T03:21:47.869+0000] {dag.py:3954} INFO - Setting next_dagrun for process_gold_layer to None, run_after=None
[2026-07-29T03:21:47.919+0000] {processor.py:183} INFO - Processing /opt/airflow/dags/gold_processing_dag.py took 0.230 seconds
[2026-07-29T03:22:18.382+0000] {processor.py:161} INFO - Started process (PID=26080) to work on /opt/airflow/dags/gold_processing_dag.py
[2026-07-29T03:22:18.385+0000] {processor.py:830} INFO - Processing file /opt/airflow/dags/gold_processing_dag.py for tasks to queue
[2026-07-29T03:22:18.389+0000] {logging_mixin.py:188} INFO - [2026-07-29T03:22:18.388+0000] {dagbag.py:545} INFO - Filling up the DagBag from /opt/airflow/dags/gold_processing_dag.py
[2026-07-29T03:22:18.436+0000] {processor.py:840} INFO - DAG(s) 'process_gold_layer' retrieved from /opt/airflow/dags/gold_processing_dag.py
[2026-07-29T03:22:18.492+0000] {logging_mixin.py:188} INFO - [2026-07-29T03:22:18.492+0000] {dag.py:3096} INFO - Sync 1 DAGs
[2026-07-29T03:22:18.535+0000] {logging_mixin.py:188} INFO - [2026-07-29T03:22:18.534+0000] {dag.py:3954} INFO - Setting next_dagrun for process_gold_layer to None, run_after=None
[2026-07-29T03:22:18.596+0000] {processor.py:183} INFO - Processing /opt/airflow/dags/gold_processing_dag.py took 0.232 seconds
[2026-07-29T03:22:48.897+0000] {processor.py:161} INFO - Started process (PID=26095) to work on /opt/airflow/dags/gold_processing_dag.py
[2026-07-29T03:22:48.900+0000] {processor.py:830} INFO - Processing file /opt/airflow/dags/gold_processing_dag.py for tasks to queue
[2026-07-29T03:22:48.905+0000] {logging_mixin.py:188} INFO - [2026-07-29T03:22:48.904+0000] {dagbag.py:545} INFO - Filling up the DagBag from /opt/airflow/dags/gold_processing_dag.py
[2026-07-29T03:22:49.034+0000] {processor.py:840} INFO - DAG(s) 'process_gold_layer' retrieved from /opt/airflow/dags/gold_processing_dag.py
[2026-07-29T03:22:49.164+0000] {logging_mixin.py:188} INFO - [2026-07-29T03:22:49.163+0000] {dag.py:3096} INFO - Sync 1 DAGs
[2026-07-29T03:22:49.221+0000] {logging_mixin.py:188} INFO - [2026-07-29T03:22:49.221+0000] {dag.py:3954} INFO - Setting next_dagrun for process_gold_layer to None, run_after=None
[2026-07-29T03:22:49.321+0000] {processor.py:183} INFO - Processing /opt/airflow/dags/gold_processing_dag.py took 0.447 seconds
[2026-07-29T03:23:19.646+0000] {processor.py:161} INFO - Started process (PID=26110) to work on /opt/airflow/dags/gold_processing_dag.py
[2026-07-29T03:23:19.651+0000] {processor.py:830} INFO - Processing file /opt/airflow/dags/gold_processing_dag.py for tasks to queue
[2026-07-29T03:23:19.655+0000] {logging_mixin.py:188} INFO - [2026-07-29T03:23:19.654+0000] {dagbag.py:545} INFO - Filling up the DagBag from /opt/airflow/dags/gold_processing_dag.py
[2026-07-29T03:23:19.699+0000] {processor.py:840} INFO - DAG(s) 'process_gold_layer' retrieved from /opt/airflow/dags/gold_processing_dag.py
[2026-07-29T03:23:19.893+0000] {logging_mixin.py:188} INFO - [2026-07-29T03:23:19.892+0000] {dag.py:3096} INFO - Sync 1 DAGs
[2026-07-29T03:23:20.048+0000] {logging_mixin.py:188} INFO - [2026-07-29T03:23:20.047+0000] {dag.py:3954} INFO - Setting next_dagrun for process_gold_layer to None, run_after=None
[2026-07-29T03:23:20.144+0000] {processor.py:183} INFO - Processing /opt/airflow/dags/gold_processing_dag.py took 0.547 seconds
[2026-07-29T03:23:50.281+0000] {processor.py:161} INFO - Started process (PID=26130) to work on /opt/airflow/dags/gold_processing_dag.py
[2026-07-29T03:23:50.284+0000] {processor.py:830} INFO - Processing file /opt/airflow/dags/gold_processing_dag.py for tasks to queue
[2026-07-29T03:23:50.287+0000] {logging_mixin.py:188} INFO - [2026-07-29T03:23:50.286+0000] {dagbag.py:545} INFO - Filling up the DagBag from /opt/airflow/dags/gold_processing_dag.py
[2026-07-29T03:23:50.324+0000] {processor.py:840} INFO - DAG(s) 'process_gold_layer' retrieved from /opt/airflow/dags/gold_processing_dag.py
[2026-07-29T03:23:50.393+0000] {logging_mixin.py:188} INFO - [2026-07-29T03:23:50.393+0000] {dag.py:3096} INFO - Sync 1 DAGs
[2026-07-29T03:23:50.421+0000] {logging_mixin.py:188} INFO - [2026-07-29T03:23:50.420+0000] {dag.py:3954} INFO - Setting next_dagrun for process_gold_layer to None, run_after=None
[2026-07-29T03:23:50.462+0000] {processor.py:183} INFO - Processing /opt/airflow/dags/gold_processing_dag.py took 0.196 seconds
[2026-07-29T03:24:21.102+0000] {processor.py:161} INFO - Started process (PID=26140) to work on /opt/airflow/dags/gold_processing_dag.py
[2026-07-29T03:24:21.107+0000] {processor.py:830} INFO - Processing file /opt/airflow/dags/gold_processing_dag.py for tasks to queue
[2026-07-29T03:24:21.115+0000] {logging_mixin.py:188} INFO - [2026-07-29T03:24:21.114+0000] {dagbag.py:545} INFO - Filling up the DagBag from /opt/airflow/dags/gold_processing_dag.py
[2026-07-29T03:24:21.178+0000] {processor.py:840} INFO - DAG(s) 'process_gold_layer' retrieved from /opt/airflow/dags/gold_processing_dag.py
[2026-07-29T03:24:21.235+0000] {logging_mixin.py:188} INFO - [2026-07-29T03:24:21.234+0000] {dag.py:3096} INFO - Sync 1 DAGs
[2026-07-29T03:24:21.277+0000] {logging_mixin.py:188} INFO - [2026-07-29T03:24:21.277+0000] {dag.py:3954} INFO - Setting next_dagrun for process_gold_layer to None, run_after=None
[2026-07-29T03:24:21.325+0000] {processor.py:183} INFO - Processing /opt/airflow/dags/gold_processing_dag.py took 0.241 seconds
[2026-07-29T03:24:51.760+0000] {processor.py:161} INFO - Started process (PID=26155) to work on /opt/airflow/dags/gold_processing_dag.py
[2026-07-29T03:24:51.763+0000] {processor.py:830} INFO - Processing file /opt/airflow/dags/gold_processing_dag.py for tasks to queue
[2026-07-29T03:24:51.768+0000] {logging_mixin.py:188} INFO - [2026-07-29T03:24:51.767+0000] {dagbag.py:545} INFO - Filling up the DagBag from /opt/airflow/dags/gold_processing_dag.py
[2026-07-29T03:24:51.817+0000] {processor.py:840} INFO - DAG(s) 'process_gold_layer' retrieved from /opt/airflow/dags/gold_processing_dag.py
[2026-07-29T03:24:51.872+0000] {logging_mixin.py:188} INFO - [2026-07-29T03:24:51.871+0000] {dag.py:3096} INFO - Sync 1 DAGs
[2026-07-29T03:24:51.906+0000] {logging_mixin.py:188} INFO - [2026-07-29T03:24:51.906+0000] {dag.py:3954} INFO - Setting next_dagrun for process_gold_layer to None, run_after=None
[2026-07-29T03:24:51.974+0000] {processor.py:183} INFO - Processing /opt/airflow/dags/gold_processing_dag.py took 0.228 seconds
[2026-07-29T03:25:23.108+0000] {processor.py:161} INFO - Started process (PID=26170) to work on /opt/airflow/dags/gold_processing_dag.py
[2026-07-29T03:25:23.110+0000] {processor.py:830} INFO - Processing file /opt/airflow/dags/gold_processing_dag.py for tasks to queue
[2026-07-29T03:25:23.114+0000] {logging_mixin.py:188} INFO - [2026-07-29T03:25:23.113+0000] {dagbag.py:545} INFO - Filling up the DagBag from /opt/airflow/dags/gold_processing_dag.py
[2026-07-29T03:25:23.167+0000] {processor.py:840} INFO - DAG(s) 'process_gold_layer' retrieved from /opt/airflow/dags/gold_processing_dag.py
[2026-07-29T03:25:23.233+0000] {logging_mixin.py:188} INFO - [2026-07-29T03:25:23.233+0000] {dag.py:3096} INFO - Sync 1 DAGs
[2026-07-29T03:25:23.272+0000] {logging_mixin.py:188} INFO - [2026-07-29T03:25:23.272+0000] {dag.py:3954} INFO - Setting next_dagrun for process_gold_layer to None, run_after=None
[2026-07-29T03:25:23.320+0000] {processor.py:183} INFO - Processing /opt/airflow/dags/gold_processing_dag.py took 0.227 seconds
[2026-07-29T03:25:53.934+0000] {processor.py:161} INFO - Started process (PID=26185) to work on /opt/airflow/dags/gold_processing_dag.py
[2026-07-29T03:25:53.937+0000] {processor.py:830} INFO - Processing file /opt/airflow/dags/gold_processing_dag.py for tasks to queue
[2026-07-29T03:25:53.940+0000] {logging_mixin.py:188} INFO - [2026-07-29T03:25:53.939+0000] {dagbag.py:545} INFO - Filling up the DagBag from /opt/airflow/dags/gold_processing_dag.py
[2026-07-29T03:25:53.985+0000] {processor.py:840} INFO - DAG(s) 'process_gold_layer' retrieved from /opt/airflow/dags/gold_processing_dag.py
[2026-07-29T03:25:54.033+0000] {logging_mixin.py:188} INFO - [2026-07-29T03:25:54.033+0000] {dag.py:3096} INFO - Sync 1 DAGs
[2026-07-29T03:25:54.070+0000] {logging_mixin.py:188} INFO - [2026-07-29T03:25:54.070+0000] {dag.py:3954} INFO - Setting next_dagrun for process_gold_layer to None, run_after=None
[2026-07-29T03:25:54.117+0000] {processor.py:183} INFO - Processing /opt/airflow/dags/gold_processing_dag.py took 0.207 seconds
[2026-07-29T03:26:24.707+0000] {processor.py:161} INFO - Started process (PID=26200) to work on /opt/airflow/dags/gold_processing_dag.py
[2026-07-29T03:26:24.712+0000] {processor.py:830} INFO - Processing file /opt/airflow/dags/gold_processing_dag.py for tasks to queue
[2026-07-29T03:26:24.717+0000] {logging_mixin.py:188} INFO - [2026-07-29T03:26:24.716+0000] {dagbag.py:545} INFO - Filling up the DagBag from /opt/airflow/dags/gold_processing_dag.py
[2026-07-29T03:26:24.764+0000] {processor.py:840} INFO - DAG(s) 'process_gold_layer' retrieved from /opt/airflow/dags/gold_processing_dag.py
[2026-07-29T03:26:24.818+0000] {logging_mixin.py:188} INFO - [2026-07-29T03:26:24.818+0000] {dag.py:3096} INFO - Sync 1 DAGs
[2026-07-29T03:26:24.856+0000] {logging_mixin.py:188} INFO - [2026-07-29T03:26:24.856+0000] {dag.py:3954} INFO - Setting next_dagrun for process_gold_layer to None, run_after=None
[2026-07-29T03:26:24.906+0000] {processor.py:183} INFO - Processing /opt/airflow/dags/gold_processing_dag.py took 0.223 seconds
[2026-07-29T03:26:55.392+0000] {processor.py:161} INFO - Started process (PID=26215) to work on /opt/airflow/dags/gold_processing_dag.py
[2026-07-29T03:26:55.395+0000] {processor.py:830} INFO - Processing file /opt/airflow/dags/gold_processing_dag.py for tasks to queue
[2026-07-29T03:26:55.399+0000] {logging_mixin.py:188} INFO - [2026-07-29T03:26:55.398+0000] {dagbag.py:545} INFO - Filling up the DagBag from /opt/airflow/dags/gold_processing_dag.py
[2026-07-29T03:26:55.454+0000] {processor.py:840} INFO - DAG(s) 'process_gold_layer' retrieved from /opt/airflow/dags/gold_processing_dag.py
[2026-07-29T03:26:55.530+0000] {logging_mixin.py:188} INFO - [2026-07-29T03:26:55.529+0000] {dag.py:3096} INFO - Sync 1 DAGs
[2026-07-29T03:26:55.576+0000] {logging_mixin.py:188} INFO - [2026-07-29T03:26:55.575+0000] {dag.py:3954} INFO - Setting next_dagrun for process_gold_layer to None, run_after=None
[2026-07-29T03:26:55.628+0000] {processor.py:183} INFO - Processing /opt/airflow/dags/gold_processing_dag.py took 0.255 seconds
[2026-07-29T03:27:26.625+0000] {processor.py:161} INFO - Started process (PID=26230) to work on /opt/airflow/dags/gold_processing_dag.py
[2026-07-29T03:27:26.628+0000] {processor.py:830} INFO - Processing file /opt/airflow/dags/gold_processing_dag.py for tasks to queue
[2026-07-29T03:27:26.633+0000] {logging_mixin.py:188} INFO - [2026-07-29T03:27:26.632+0000] {dagbag.py:545} INFO - Filling up the DagBag from /opt/airflow/dags/gold_processing_dag.py
[2026-07-29T03:27:26.681+0000] {processor.py:840} INFO - DAG(s) 'process_gold_layer' retrieved from /opt/airflow/dags/gold_processing_dag.py
[2026-07-29T03:27:26.736+0000] {logging_mixin.py:188} INFO - [2026-07-29T03:27:26.736+0000] {dag.py:3096} INFO - Sync 1 DAGs
[2026-07-29T03:27:26.775+0000] {logging_mixin.py:188} INFO - [2026-07-29T03:27:26.774+0000] {dag.py:3954} INFO - Setting next_dagrun for process_gold_layer to None, run_after=None
[2026-07-29T03:27:26.833+0000] {processor.py:183} INFO - Processing /opt/airflow/dags/gold_processing_dag.py took 0.220 seconds
[2026-07-29T03:27:57.417+0000] {processor.py:161} INFO - Started process (PID=26245) to work on /opt/airflow/dags/gold_processing_dag.py
[2026-07-29T03:27:57.419+0000] {processor.py:830} INFO - Processing file /opt/airflow/dags/gold_processing_dag.py for tasks to queue
[2026-07-29T03:27:57.427+0000] {logging_mixin.py:188} INFO - [2026-07-29T03:27:57.426+0000] {dagbag.py:545} INFO - Filling up the DagBag from /opt/airflow/dags/gold_processing_dag.py
[2026-07-29T03:27:57.472+0000] {processor.py:840} INFO - DAG(s) 'process_gold_layer' retrieved from /opt/airflow/dags/gold_processing_dag.py
[2026-07-29T03:27:57.534+0000] {logging_mixin.py:188} INFO - [2026-07-29T03:27:57.533+0000] {dag.py:3096} INFO - Sync 1 DAGs
[2026-07-29T03:27:57.572+0000] {logging_mixin.py:188} INFO - [2026-07-29T03:27:57.572+0000] {dag.py:3954} INFO - Setting next_dagrun for process_gold_layer to None, run_after=None
[2026-07-29T03:27:57.618+0000] {processor.py:183} INFO - Processing /opt/airflow/dags/gold_processing_dag.py took 0.218 seconds
[2026-07-29T03:28:28.238+0000] {processor.py:161} INFO - Started process (PID=26260) to work on /opt/airflow/dags/gold_processing_dag.py
[2026-07-29T03:28:28.243+0000] {processor.py:830} INFO - Processing file /opt/airflow/dags/gold_processing_dag.py for tasks to queue
[2026-07-29T03:28:28.247+0000] {logging_mixin.py:188} INFO - [2026-07-29T03:28:28.246+0000] {dagbag.py:545} INFO - Filling up the DagBag from /opt/airflow/dags/gold_processing_dag.py
[2026-07-29T03:28:28.297+0000] {processor.py:840} INFO - DAG(s) 'process_gold_layer' retrieved from /opt/airflow/dags/gold_processing_dag.py
[2026-07-29T03:28:28.364+0000] {logging_mixin.py:188} INFO - [2026-07-29T03:28:28.363+0000] {dag.py:3096} INFO - Sync 1 DAGs
[2026-07-29T03:28:28.406+0000] {logging_mixin.py:188} INFO - [2026-07-29T03:28:28.405+0000] {dag.py:3954} INFO - Setting next_dagrun for process_gold_layer to None, run_after=None
[2026-07-29T03:28:28.466+0000] {processor.py:183} INFO - Processing /opt/airflow/dags/gold_processing_dag.py took 0.253 seconds
[2026-07-29T03:28:59.137+0000] {processor.py:161} INFO - Started process (PID=26275) to work on /opt/airflow/dags/gold_processing_dag.py
[2026-07-29T03:28:59.142+0000] {processor.py:830} INFO - Processing file /opt/airflow/dags/gold_processing_dag.py for tasks to queue
[2026-07-29T03:28:59.160+0000] {logging_mixin.py:188} INFO - [2026-07-29T03:28:59.157+0000] {dagbag.py:545} INFO - Filling up the DagBag from /opt/airflow/dags/gold_processing_dag.py
[2026-07-29T03:28:59.486+0000] {processor.py:840} INFO - DAG(s) 'process_gold_layer' retrieved from /opt/airflow/dags/gold_processing_dag.py
[2026-07-29T03:28:59.620+0000] {logging_mixin.py:188} INFO - [2026-07-29T03:28:59.619+0000] {dag.py:3096} INFO - Sync 1 DAGs
[2026-07-29T03:28:59.725+0000] {logging_mixin.py:188} INFO - [2026-07-29T03:28:59.725+0000] {dag.py:3954} INFO - Setting next_dagrun for process_gold_layer to None, run_after=None
[2026-07-29T03:28:59.789+0000] {processor.py:183} INFO - Processing /opt/airflow/dags/gold_processing_dag.py took 0.691 seconds
[2026-07-29T03:29:30.307+0000] {processor.py:161} INFO - Started process (PID=26290) to work on /opt/airflow/dags/gold_processing_dag.py
[2026-07-29T03:29:30.311+0000] {processor.py:830} INFO - Processing file /opt/airflow/dags/gold_processing_dag.py for tasks to queue
[2026-07-29T03:29:30.315+0000] {logging_mixin.py:188} INFO - [2026-07-29T03:29:30.314+0000] {dagbag.py:545} INFO - Filling up the DagBag from /opt/airflow/dags/gold_processing_dag.py
[2026-07-29T03:29:30.386+0000] {processor.py:840} INFO - DAG(s) 'process_gold_layer' retrieved from /opt/airflow/dags/gold_processing_dag.py
[2026-07-29T03:29:30.457+0000] {logging_mixin.py:188} INFO - [2026-07-29T03:29:30.457+0000] {dag.py:3096} INFO - Sync 1 DAGs
[2026-07-29T03:29:30.491+0000] {logging_mixin.py:188} INFO - [2026-07-29T03:29:30.490+0000] {dag.py:3954} INFO - Setting next_dagrun for process_gold_layer to None, run_after=None
[2026-07-29T03:29:30.543+0000] {processor.py:183} INFO - Processing /opt/airflow/dags/gold_processing_dag.py took 0.252 seconds
[2026-07-29T03:30:01.099+0000] {processor.py:161} INFO - Started process (PID=26305) to work on /opt/airflow/dags/gold_processing_dag.py
[2026-07-29T03:30:01.102+0000] {processor.py:830} INFO - Processing file /opt/airflow/dags/gold_processing_dag.py for tasks to queue
[2026-07-29T03:30:01.107+0000] {logging_mixin.py:188} INFO - [2026-07-29T03:30:01.106+0000] {dagbag.py:545} INFO - Filling up the DagBag from /opt/airflow/dags/gold_processing_dag.py
[2026-07-29T03:30:01.154+0000] {processor.py:840} INFO - DAG(s) 'process_gold_layer' retrieved from /opt/airflow/dags/gold_processing_dag.py
[2026-07-29T03:30:01.217+0000] {logging_mixin.py:188} INFO - [2026-07-29T03:30:01.216+0000] {dag.py:3096} INFO - Sync 1 DAGs
[2026-07-29T03:30:01.274+0000] {logging_mixin.py:188} INFO - [2026-07-29T03:30:01.273+0000] {dag.py:3954} INFO - Setting next_dagrun for process_gold_layer to None, run_after=None
[2026-07-29T03:30:01.351+0000] {processor.py:183} INFO - Processing /opt/airflow/dags/gold_processing_dag.py took 0.295 seconds
[2026-07-29T03:30:31.751+0000] {processor.py:161} INFO - Started process (PID=26320) to work on /opt/airflow/dags/gold_processing_dag.py
[2026-07-29T03:30:31.757+0000] {processor.py:830} INFO - Processing file /opt/airflow/dags/gold_processing_dag.py for tasks to queue
[2026-07-29T03:30:31.765+0000] {logging_mixin.py:188} INFO - [2026-07-29T03:30:31.764+0000] {dagbag.py:545} INFO - Filling up the DagBag from /opt/airflow/dags/gold_processing_dag.py
[2026-07-29T03:30:31.832+0000] {processor.py:840} INFO - DAG(s) 'process_gold_layer' retrieved from /opt/airflow/dags/gold_processing_dag.py
[2026-07-29T03:30:31.945+0000] {logging_mixin.py:188} INFO - [2026-07-29T03:30:31.944+0000] {dag.py:3096} INFO - Sync 1 DAGs
[2026-07-29T03:30:32.094+0000] {logging_mixin.py:188} INFO - [2026-07-29T03:30:32.094+0000] {dag.py:3954} INFO - Setting next_dagrun for process_gold_layer to None, run_after=None
[2026-07-29T03:30:32.218+0000] {processor.py:183} INFO - Processing /opt/airflow/dags/gold_processing_dag.py took 0.532 seconds
[2026-07-29T03:31:02.544+0000] {processor.py:161} INFO - Started process (PID=26335) to work on /opt/airflow/dags/gold_processing_dag.py
[2026-07-29T03:31:02.548+0000] {processor.py:830} INFO - Processing file /opt/airflow/dags/gold_processing_dag.py for tasks to queue
[2026-07-29T03:31:02.553+0000] {logging_mixin.py:188} INFO - [2026-07-29T03:31:02.552+0000] {dagbag.py:545} INFO - Filling up the DagBag from /opt/airflow/dags/gold_processing_dag.py
[2026-07-29T03:31:02.614+0000] {processor.py:840} INFO - DAG(s) 'process_gold_layer' retrieved from /opt/airflow/dags/gold_processing_dag.py
[2026-07-29T03:31:02.683+0000] {logging_mixin.py:188} INFO - [2026-07-29T03:31:02.682+0000] {dag.py:3096} INFO - Sync 1 DAGs
[2026-07-29T03:31:02.717+0000] {logging_mixin.py:188} INFO - [2026-07-29T03:31:02.716+0000] {dag.py:3954} INFO - Setting next_dagrun for process_gold_layer to None, run_after=None
[2026-07-29T03:31:02.766+0000] {processor.py:183} INFO - Processing /opt/airflow/dags/gold_processing_dag.py took 0.243 seconds
[2026-07-29T03:31:33.027+0000] {processor.py:161} INFO - Started process (PID=26350) to work on /opt/airflow/dags/gold_processing_dag.py
[2026-07-29T03:31:33.034+0000] {processor.py:830} INFO - Processing file /opt/airflow/dags/gold_processing_dag.py for tasks to queue
[2026-07-29T03:31:33.039+0000] {logging_mixin.py:188} INFO - [2026-07-29T03:31:33.037+0000] {dagbag.py:545} INFO - Filling up the DagBag from /opt/airflow/dags/gold_processing_dag.py
[2026-07-29T03:31:33.103+0000] {processor.py:840} INFO - DAG(s) 'process_gold_layer' retrieved from /opt/airflow/dags/gold_processing_dag.py
[2026-07-29T03:31:33.219+0000] {logging_mixin.py:188} INFO - [2026-07-29T03:31:33.218+0000] {dag.py:3096} INFO - Sync 1 DAGs
[2026-07-29T03:31:33.326+0000] {logging_mixin.py:188} INFO - [2026-07-29T03:31:33.326+0000] {dag.py:3954} INFO - Setting next_dagrun for process_gold_layer to None, run_after=None
[2026-07-29T03:31:33.502+0000] {processor.py:183} INFO - Processing /opt/airflow/dags/gold_processing_dag.py took 0.486 seconds
[2026-07-29T03:32:04.596+0000] {processor.py:161} INFO - Started process (PID=26365) to work on /opt/airflow/dags/gold_processing_dag.py
[2026-07-29T03:32:04.599+0000] {processor.py:830} INFO - Processing file /opt/airflow/dags/gold_processing_dag.py for tasks to queue
[2026-07-29T03:32:04.603+0000] {logging_mixin.py:188} INFO - [2026-07-29T03:32:04.602+0000] {dagbag.py:545} INFO - Filling up the DagBag from /opt/airflow/dags/gold_processing_dag.py
[2026-07-29T03:32:04.654+0000] {processor.py:840} INFO - DAG(s) 'process_gold_layer' retrieved from /opt/airflow/dags/gold_processing_dag.py
[2026-07-29T03:32:04.714+0000] {logging_mixin.py:188} INFO - [2026-07-29T03:32:04.713+0000] {dag.py:3096} INFO - Sync 1 DAGs
[2026-07-29T03:32:04.754+0000] {logging_mixin.py:188} INFO - [2026-07-29T03:32:04.753+0000] {dag.py:3954} INFO - Setting next_dagrun for process_gold_layer to None, run_after=None
[2026-07-29T03:32:04.804+0000] {processor.py:183} INFO - Processing /opt/airflow/dags/gold_processing_dag.py took 0.231 seconds
[2026-07-29T03:32:35.432+0000] {processor.py:161} INFO - Started process (PID=26380) to work on /opt/airflow/dags/gold_processing_dag.py
[2026-07-29T03:32:35.435+0000] {processor.py:830} INFO - Processing file /opt/airflow/dags/gold_processing_dag.py for tasks to queue
[2026-07-29T03:32:35.440+0000] {logging_mixin.py:188} INFO - [2026-07-29T03:32:35.439+0000] {dagbag.py:545} INFO - Filling up the DagBag from /opt/airflow/dags/gold_processing_dag.py
[2026-07-29T03:32:35.494+0000] {processor.py:840} INFO - DAG(s) 'process_gold_layer' retrieved from /opt/airflow/dags/gold_processing_dag.py
[2026-07-29T03:32:35.549+0000] {logging_mixin.py:188} INFO - [2026-07-29T03:32:35.548+0000] {dag.py:3096} INFO - Sync 1 DAGs
[2026-07-29T03:32:35.597+0000] {logging_mixin.py:188} INFO - [2026-07-29T03:32:35.597+0000] {dag.py:3954} INFO - Setting next_dagrun for process_gold_layer to None, run_after=None
[2026-07-29T03:32:35.684+0000] {processor.py:183} INFO - Processing /opt/airflow/dags/gold_processing_dag.py took 0.334 seconds
[2026-07-29T03:33:05.848+0000] {processor.py:161} INFO - Started process (PID=26395) to work on /opt/airflow/dags/gold_processing_dag.py
[2026-07-29T03:33:05.851+0000] {processor.py:830} INFO - Processing file /opt/airflow/dags/gold_processing_dag.py for tasks to queue
[2026-07-29T03:33:05.856+0000] {logging_mixin.py:188} INFO - [2026-07-29T03:33:05.854+0000] {dagbag.py:545} INFO - Filling up the DagBag from /opt/airflow/dags/gold_processing_dag.py
[2026-07-29T03:33:05.915+0000] {processor.py:840} INFO - DAG(s) 'process_gold_layer' retrieved from /opt/airflow/dags/gold_processing_dag.py
[2026-07-29T03:33:05.979+0000] {logging_mixin.py:188} INFO - [2026-07-29T03:33:05.978+0000] {dag.py:3096} INFO - Sync 1 DAGs
[2026-07-29T03:33:06.016+0000] {logging_mixin.py:188} INFO - [2026-07-29T03:33:06.015+0000] {dag.py:3954} INFO - Setting next_dagrun for process_gold_layer to None, run_after=None
[2026-07-29T03:33:06.078+0000] {processor.py:183} INFO - Processing /opt/airflow/dags/gold_processing_dag.py took 0.257 seconds
[2026-07-29T03:33:37.141+0000] {processor.py:161} INFO - Started process (PID=26410) to work on /opt/airflow/dags/gold_processing_dag.py
[2026-07-29T03:33:37.144+0000] {processor.py:830} INFO - Processing file /opt/airflow/dags/gold_processing_dag.py for tasks to queue
[2026-07-29T03:33:37.147+0000] {logging_mixin.py:188} INFO - [2026-07-29T03:33:37.146+0000] {dagbag.py:545} INFO - Filling up the DagBag from /opt/airflow/dags/gold_processing_dag.py
[2026-07-29T03:33:37.188+0000] {processor.py:840} INFO - DAG(s) 'process_gold_layer' retrieved from /opt/airflow/dags/gold_processing_dag.py
[2026-07-29T03:33:37.242+0000] {logging_mixin.py:188} INFO - [2026-07-29T03:33:37.242+0000] {dag.py:3096} INFO - Sync 1 DAGs
[2026-07-29T03:33:37.292+0000] {logging_mixin.py:188} INFO - [2026-07-29T03:33:37.291+0000] {dag.py:3954} INFO - Setting next_dagrun for process_gold_layer to None, run_after=None
[2026-07-29T03:33:37.342+0000] {processor.py:183} INFO - Processing /opt/airflow/dags/gold_processing_dag.py took 0.249 seconds
[2026-07-29T03:34:07.955+0000] {processor.py:161} INFO - Started process (PID=26425) to work on /opt/airflow/dags/gold_processing_dag.py
[2026-07-29T03:34:07.994+0000] {processor.py:830} INFO - Processing file /opt/airflow/dags/gold_processing_dag.py for tasks to queue
[2026-07-29T03:34:07.998+0000] {logging_mixin.py:188} INFO - [2026-07-29T03:34:07.997+0000] {dagbag.py:545} INFO - Filling up the DagBag from /opt/airflow/dags/gold_processing_dag.py
[2026-07-29T03:34:08.074+0000] {processor.py:840} INFO - DAG(s) 'process_gold_layer' retrieved from /opt/airflow/dags/gold_processing_dag.py
[2026-07-29T03:34:08.160+0000] {logging_mixin.py:188} INFO - [2026-07-29T03:34:08.159+0000] {dag.py:3096} INFO - Sync 1 DAGs
[2026-07-29T03:34:08.206+0000] {logging_mixin.py:188} INFO - [2026-07-29T03:34:08.205+0000] {dag.py:3954} INFO - Setting next_dagrun for process_gold_layer to None, run_after=None
[2026-07-29T03:34:08.715+0000] {processor.py:183} INFO - Processing /opt/airflow/dags/gold_processing_dag.py took 0.778 seconds
[2026-07-29T03:34:39.319+0000] {processor.py:161} INFO - Started process (PID=26440) to work on /opt/airflow/dags/gold_processing_dag.py
[2026-07-29T03:34:39.322+0000] {processor.py:830} INFO - Processing file /opt/airflow/dags/gold_processing_dag.py for tasks to queue
[2026-07-29T03:34:39.329+0000] {logging_mixin.py:188} INFO - [2026-07-29T03:34:39.327+0000] {dagbag.py:545} INFO - Filling up the DagBag from /opt/airflow/dags/gold_processing_dag.py
[2026-07-29T03:34:39.393+0000] {processor.py:840} INFO - DAG(s) 'process_gold_layer' retrieved from /opt/airflow/dags/gold_processing_dag.py
[2026-07-29T03:34:39.584+0000] {logging_mixin.py:188} INFO - [2026-07-29T03:34:39.583+0000] {dag.py:3096} INFO - Sync 1 DAGs
[2026-07-29T03:34:39.695+0000] {logging_mixin.py:188} INFO - [2026-07-29T03:34:39.695+0000] {dag.py:3954} INFO - Setting next_dagrun for process_gold_layer to None, run_after=None
[2026-07-29T03:34:39.783+0000] {processor.py:183} INFO - Processing /opt/airflow/dags/gold_processing_dag.py took 0.486 seconds
[2026-07-29T03:35:09.975+0000] {processor.py:161} INFO - Started process (PID=26455) to work on /opt/airflow/dags/gold_processing_dag.py
[2026-07-29T03:35:09.978+0000] {processor.py:830} INFO - Processing file /opt/airflow/dags/gold_processing_dag.py for tasks to queue
[2026-07-29T03:35:09.982+0000] {logging_mixin.py:188} INFO - [2026-07-29T03:35:09.981+0000] {dagbag.py:545} INFO - Filling up the DagBag from /opt/airflow/dags/gold_processing_dag.py
[2026-07-29T03:35:10.026+0000] {processor.py:840} INFO - DAG(s) 'process_gold_layer' retrieved from /opt/airflow/dags/gold_processing_dag.py
[2026-07-29T03:35:10.092+0000] {logging_mixin.py:188} INFO - [2026-07-29T03:35:10.091+0000] {dag.py:3096} INFO - Sync 1 DAGs
[2026-07-29T03:35:10.130+0000] {logging_mixin.py:188} INFO - [2026-07-29T03:35:10.129+0000] {dag.py:3954} INFO - Setting next_dagrun for process_gold_layer to None, run_after=None
[2026-07-29T03:35:10.175+0000] {processor.py:183} INFO - Processing /opt/airflow/dags/gold_processing_dag.py took 0.227 seconds
[2026-07-29T03:35:40.421+0000] {processor.py:161} INFO - Started process (PID=26470) to work on /opt/airflow/dags/gold_processing_dag.py
[2026-07-29T03:35:40.424+0000] {processor.py:830} INFO - Processing file /opt/airflow/dags/gold_processing_dag.py for tasks to queue
[2026-07-29T03:35:40.428+0000] {logging_mixin.py:188} INFO - [2026-07-29T03:35:40.427+0000] {dagbag.py:545} INFO - Filling up the DagBag from /opt/airflow/dags/gold_processing_dag.py
[2026-07-29T03:35:40.476+0000] {processor.py:840} INFO - DAG(s) 'process_gold_layer' retrieved from /opt/airflow/dags/gold_processing_dag.py
[2026-07-29T03:35:40.528+0000] {logging_mixin.py:188} INFO - [2026-07-29T03:35:40.527+0000] {dag.py:3096} INFO - Sync 1 DAGs
[2026-07-29T03:35:40.576+0000] {logging_mixin.py:188} INFO - [2026-07-29T03:35:40.575+0000] {dag.py:3954} INFO - Setting next_dagrun for process_gold_layer to None, run_after=None
[2026-07-29T03:35:40.656+0000] {processor.py:183} INFO - Processing /opt/airflow/dags/gold_processing_dag.py took 0.270 seconds
[2026-07-29T03:36:11.159+0000] {processor.py:161} INFO - Started process (PID=26485) to work on /opt/airflow/dags/gold_processing_dag.py
[2026-07-29T03:36:11.163+0000] {processor.py:830} INFO - Processing file /opt/airflow/dags/gold_processing_dag.py for tasks to queue
[2026-07-29T03:36:11.167+0000] {logging_mixin.py:188} INFO - [2026-07-29T03:36:11.166+0000] {dagbag.py:545} INFO - Filling up the DagBag from /opt/airflow/dags/gold_processing_dag.py
[2026-07-29T03:36:11.213+0000] {processor.py:840} INFO - DAG(s) 'process_gold_layer' retrieved from /opt/airflow/dags/gold_processing_dag.py
[2026-07-29T03:36:11.271+0000] {logging_mixin.py:188} INFO - [2026-07-29T03:36:11.270+0000] {dag.py:3096} INFO - Sync 1 DAGs
[2026-07-29T03:36:11.308+0000] {logging_mixin.py:188} INFO - [2026-07-29T03:36:11.308+0000] {dag.py:3954} INFO - Setting next_dagrun for process_gold_layer to None, run_after=None
[2026-07-29T03:36:11.359+0000] {processor.py:183} INFO - Processing /opt/airflow/dags/gold_processing_dag.py took 0.227 seconds
[2026-07-29T03:36:41.863+0000] {processor.py:161} INFO - Started process (PID=26500) to work on /opt/airflow/dags/gold_processing_dag.py
[2026-07-29T03:36:41.865+0000] {processor.py:830} INFO - Processing file /opt/airflow/dags/gold_processing_dag.py for tasks to queue
[2026-07-29T03:36:41.870+0000] {logging_mixin.py:188} INFO - [2026-07-29T03:36:41.869+0000] {dagbag.py:545} INFO - Filling up the DagBag from /opt/airflow/dags/gold_processing_dag.py
[2026-07-29T03:36:41.925+0000] {processor.py:840} INFO - DAG(s) 'process_gold_layer' retrieved from /opt/airflow/dags/gold_processing_dag.py
[2026-07-29T03:36:42.019+0000] {logging_mixin.py:188} INFO - [2026-07-29T03:36:42.018+0000] {dag.py:3096} INFO - Sync 1 DAGs
[2026-07-29T03:36:42.065+0000] {logging_mixin.py:188} INFO - [2026-07-29T03:36:42.064+0000] {dag.py:3954} INFO - Setting next_dagrun for process_gold_layer to None, run_after=None
[2026-07-29T03:36:42.114+0000] {processor.py:183} INFO - Processing /opt/airflow/dags/gold_processing_dag.py took 0.267 seconds
[2026-07-29T03:37:12.621+0000] {processor.py:161} INFO - Started process (PID=26515) to work on /opt/airflow/dags/gold_processing_dag.py
[2026-07-29T03:37:12.624+0000] {processor.py:830} INFO - Processing file /opt/airflow/dags/gold_processing_dag.py for tasks to queue
[2026-07-29T03:37:12.629+0000] {logging_mixin.py:188} INFO - [2026-07-29T03:37:12.627+0000] {dagbag.py:545} INFO - Filling up the DagBag from /opt/airflow/dags/gold_processing_dag.py
[2026-07-29T03:37:12.689+0000] {processor.py:840} INFO - DAG(s) 'process_gold_layer' retrieved from /opt/airflow/dags/gold_processing_dag.py
[2026-07-29T03:37:12.744+0000] {logging_mixin.py:188} INFO - [2026-07-29T03:37:12.744+0000] {dag.py:3096} INFO - Sync 1 DAGs
[2026-07-29T03:37:12.781+0000] {logging_mixin.py:188} INFO - [2026-07-29T03:37:12.781+0000] {dag.py:3954} INFO - Setting next_dagrun for process_gold_layer to None, run_after=None
[2026-07-29T03:37:12.828+0000] {processor.py:183} INFO - Processing /opt/airflow/dags/gold_processing_dag.py took 0.230 seconds
[2026-07-29T03:37:43.811+0000] {processor.py:161} INFO - Started process (PID=26530) to work on /opt/airflow/dags/gold_processing_dag.py
[2026-07-29T03:37:43.815+0000] {processor.py:830} INFO - Processing file /opt/airflow/dags/gold_processing_dag.py for tasks to queue
[2026-07-29T03:37:43.819+0000] {logging_mixin.py:188} INFO - [2026-07-29T03:37:43.818+0000] {dagbag.py:545} INFO - Filling up the DagBag from /opt/airflow/dags/gold_processing_dag.py
[2026-07-29T03:37:43.864+0000] {processor.py:840} INFO - DAG(s) 'process_gold_layer' retrieved from /opt/airflow/dags/gold_processing_dag.py
[2026-07-29T03:37:43.922+0000] {logging_mixin.py:188} INFO - [2026-07-29T03:37:43.921+0000] {dag.py:3096} INFO - Sync 1 DAGs
[2026-07-29T03:37:43.959+0000] {logging_mixin.py:188} INFO - [2026-07-29T03:37:43.959+0000] {dag.py:3954} INFO - Setting next_dagrun for process_gold_layer to None, run_after=None
[2026-07-29T03:37:44.009+0000] {processor.py:183} INFO - Processing /opt/airflow/dags/gold_processing_dag.py took 0.217 seconds
[2026-07-29T03:38:14.474+0000] {processor.py:161} INFO - Started process (PID=26545) to work on /opt/airflow/dags/gold_processing_dag.py
[2026-07-29T03:38:14.478+0000] {processor.py:830} INFO - Processing file /opt/airflow/dags/gold_processing_dag.py for tasks to queue
[2026-07-29T03:38:14.484+0000] {logging_mixin.py:188} INFO - [2026-07-29T03:38:14.483+0000] {dagbag.py:545} INFO - Filling up the DagBag from /opt/airflow/dags/gold_processing_dag.py
[2026-07-29T03:38:14.554+0000] {processor.py:840} INFO - DAG(s) 'process_gold_layer' retrieved from /opt/airflow/dags/gold_processing_dag.py
[2026-07-29T03:38:14.622+0000] {logging_mixin.py:188} INFO - [2026-07-29T03:38:14.621+0000] {dag.py:3096} INFO - Sync 1 DAGs
[2026-07-29T03:38:14.657+0000] {logging_mixin.py:188} INFO - [2026-07-29T03:38:14.657+0000] {dag.py:3954} INFO - Setting next_dagrun for process_gold_layer to None, run_after=None
[2026-07-29T03:38:14.718+0000] {processor.py:183} INFO - Processing /opt/airflow/dags/gold_processing_dag.py took 0.264 seconds
[2026-07-29T03:38:45.033+0000] {processor.py:161} INFO - Started process (PID=26560) to work on /opt/airflow/dags/gold_processing_dag.py
[2026-07-29T03:38:45.036+0000] {processor.py:830} INFO - Processing file /opt/airflow/dags/gold_processing_dag.py for tasks to queue
[2026-07-29T03:38:45.041+0000] {logging_mixin.py:188} INFO - [2026-07-29T03:38:45.040+0000] {dagbag.py:545} INFO - Filling up the DagBag from /opt/airflow/dags/gold_processing_dag.py
[2026-07-29T03:38:45.091+0000] {processor.py:840} INFO - DAG(s) 'process_gold_layer' retrieved from /opt/airflow/dags/gold_processing_dag.py
[2026-07-29T03:38:45.179+0000] {logging_mixin.py:188} INFO - [2026-07-29T03:38:45.179+0000] {dag.py:3096} INFO - Sync 1 DAGs
[2026-07-29T03:38:45.208+0000] {logging_mixin.py:188} INFO - [2026-07-29T03:38:45.208+0000] {dag.py:3954} INFO - Setting next_dagrun for process_gold_layer to None, run_after=None
[2026-07-29T03:38:45.260+0000] {processor.py:183} INFO - Processing /opt/airflow/dags/gold_processing_dag.py took 0.245 seconds
[2026-07-29T03:39:16.382+0000] {processor.py:161} INFO - Started process (PID=26575) to work on /opt/airflow/dags/gold_processing_dag.py
[2026-07-29T03:39:16.385+0000] {processor.py:830} INFO - Processing file /opt/airflow/dags/gold_processing_dag.py for tasks to queue
[2026-07-29T03:39:16.391+0000] {logging_mixin.py:188} INFO - [2026-07-29T03:39:16.390+0000] {dagbag.py:545} INFO - Filling up the DagBag from /opt/airflow/dags/gold_processing_dag.py
[2026-07-29T03:39:16.474+0000] {processor.py:840} INFO - DAG(s) 'process_gold_layer' retrieved from /opt/airflow/dags/gold_processing_dag.py
[2026-07-29T03:39:16.591+0000] {logging_mixin.py:188} INFO - [2026-07-29T03:39:16.590+0000] {dag.py:3096} INFO - Sync 1 DAGs
[2026-07-29T03:39:16.670+0000] {logging_mixin.py:188} INFO - [2026-07-29T03:39:16.670+0000] {dag.py:3954} INFO - Setting next_dagrun for process_gold_layer to None, run_after=None
[2026-07-29T03:39:16.742+0000] {processor.py:183} INFO - Processing /opt/airflow/dags/gold_processing_dag.py took 0.388 seconds
[2026-07-29T03:39:46.983+0000] {processor.py:161} INFO - Started process (PID=26590) to work on /opt/airflow/dags/gold_processing_dag.py
[2026-07-29T03:39:46.987+0000] {processor.py:830} INFO - Processing file /opt/airflow/dags/gold_processing_dag.py for tasks to queue
[2026-07-29T03:39:46.991+0000] {logging_mixin.py:188} INFO - [2026-07-29T03:39:46.990+0000] {dagbag.py:545} INFO - Filling up the DagBag from /opt/airflow/dags/gold_processing_dag.py
[2026-07-29T03:39:47.038+0000] {processor.py:840} INFO - DAG(s) 'process_gold_layer' retrieved from /opt/airflow/dags/gold_processing_dag.py
[2026-07-29T03:39:47.097+0000] {logging_mixin.py:188} INFO - [2026-07-29T03:39:47.096+0000] {dag.py:3096} INFO - Sync 1 DAGs
[2026-07-29T03:39:47.133+0000] {logging_mixin.py:188} INFO - [2026-07-29T03:39:47.132+0000] {dag.py:3954} INFO - Setting next_dagrun for process_gold_layer to None, run_after=None
[2026-07-29T03:39:47.176+0000] {processor.py:183} INFO - Processing /opt/airflow/dags/gold_processing_dag.py took 0.211 seconds
[2026-07-29T03:40:17.708+0000] {processor.py:161} INFO - Started process (PID=26605) to work on /opt/airflow/dags/gold_processing_dag.py
[2026-07-29T03:40:17.711+0000] {processor.py:830} INFO - Processing file /opt/airflow/dags/gold_processing_dag.py for tasks to queue
[2026-07-29T03:40:17.715+0000] {logging_mixin.py:188} INFO - [2026-07-29T03:40:17.714+0000] {dagbag.py:545} INFO - Filling up the DagBag from /opt/airflow/dags/gold_processing_dag.py
[2026-07-29T03:40:17.762+0000] {processor.py:840} INFO - DAG(s) 'process_gold_layer' retrieved from /opt/airflow/dags/gold_processing_dag.py
[2026-07-29T03:40:17.836+0000] {logging_mixin.py:188} INFO - [2026-07-29T03:40:17.836+0000] {dag.py:3096} INFO - Sync 1 DAGs
[2026-07-29T03:40:17.869+0000] {logging_mixin.py:188} INFO - [2026-07-29T03:40:17.869+0000] {dag.py:3954} INFO - Setting next_dagrun for process_gold_layer to None, run_after=None
[2026-07-29T03:40:17.912+0000] {processor.py:183} INFO - Processing /opt/airflow/dags/gold_processing_dag.py took 0.223 seconds
[2026-07-29T03:40:48.213+0000] {processor.py:161} INFO - Started process (PID=26620) to work on /opt/airflow/dags/gold_processing_dag.py
[2026-07-29T03:40:48.216+0000] {processor.py:830} INFO - Processing file /opt/airflow/dags/gold_processing_dag.py for tasks to queue
[2026-07-29T03:40:48.220+0000] {logging_mixin.py:188} INFO - [2026-07-29T03:40:48.219+0000] {dagbag.py:545} INFO - Filling up the DagBag from /opt/airflow/dags/gold_processing_dag.py
[2026-07-29T03:40:48.269+0000] {processor.py:840} INFO - DAG(s) 'process_gold_layer' retrieved from /opt/airflow/dags/gold_processing_dag.py
[2026-07-29T03:40:48.339+0000] {logging_mixin.py:188} INFO - [2026-07-29T03:40:48.338+0000] {dag.py:3096} INFO - Sync 1 DAGs
[2026-07-29T03:40:48.386+0000] {logging_mixin.py:188} INFO - [2026-07-29T03:40:48.385+0000] {dag.py:3954} INFO - Setting next_dagrun for process_gold_layer to None, run_after=None
[2026-07-29T03:40:48.578+0000] {processor.py:183} INFO - Processing /opt/airflow/dags/gold_processing_dag.py took 0.383 seconds
[2026-07-29T03:41:19.018+0000] {processor.py:161} INFO - Started process (PID=26635) to work on /opt/airflow/dags/gold_processing_dag.py
[2026-07-29T03:41:19.021+0000] {processor.py:830} INFO - Processing file /opt/airflow/dags/gold_processing_dag.py for tasks to queue
[2026-07-29T03:41:19.025+0000] {logging_mixin.py:188} INFO - [2026-07-29T03:41:19.024+0000] {dagbag.py:545} INFO - Filling up the DagBag from /opt/airflow/dags/gold_processing_dag.py
[2026-07-29T03:41:19.073+0000] {processor.py:840} INFO - DAG(s) 'process_gold_layer' retrieved from /opt/airflow/dags/gold_processing_dag.py
[2026-07-29T03:41:19.127+0000] {logging_mixin.py:188} INFO - [2026-07-29T03:41:19.127+0000] {dag.py:3096} INFO - Sync 1 DAGs
[2026-07-29T03:41:19.160+0000] {logging_mixin.py:188} INFO - [2026-07-29T03:41:19.160+0000] {dag.py:3954} INFO - Setting next_dagrun for process_gold_layer to None, run_after=None
[2026-07-29T03:41:19.216+0000] {processor.py:183} INFO - Processing /opt/airflow/dags/gold_processing_dag.py took 0.243 seconds
[2026-07-29T03:41:49.612+0000] {processor.py:161} INFO - Started process (PID=26655) to work on /opt/airflow/dags/gold_processing_dag.py
[2026-07-29T03:41:49.615+0000] {processor.py:830} INFO - Processing file /opt/airflow/dags/gold_processing_dag.py for tasks to queue
[2026-07-29T03:41:49.619+0000] {logging_mixin.py:188} INFO - [2026-07-29T03:41:49.618+0000] {dagbag.py:545} INFO - Filling up the DagBag from /opt/airflow/dags/gold_processing_dag.py
[2026-07-29T03:41:49.667+0000] {processor.py:840} INFO - DAG(s) 'process_gold_layer' retrieved from /opt/airflow/dags/gold_processing_dag.py
[2026-07-29T03:41:49.715+0000] {logging_mixin.py:188} INFO - [2026-07-29T03:41:49.714+0000] {dag.py:3096} INFO - Sync 1 DAGs
[2026-07-29T03:41:49.752+0000] {logging_mixin.py:188} INFO - [2026-07-29T03:41:49.752+0000] {dag.py:3954} INFO - Setting next_dagrun for process_gold_layer to None, run_after=None
[2026-07-29T03:41:49.805+0000] {processor.py:183} INFO - Processing /opt/airflow/dags/gold_processing_dag.py took 0.212 seconds
[2026-07-29T03:42:21.340+0000] {processor.py:161} INFO - Started process (PID=26665) to work on /opt/airflow/dags/gold_processing_dag.py
[2026-07-29T03:42:21.345+0000] {processor.py:830} INFO - Processing file /opt/airflow/dags/gold_processing_dag.py for tasks to queue
[2026-07-29T03:42:21.350+0000] {logging_mixin.py:188} INFO - [2026-07-29T03:42:21.349+0000] {dagbag.py:545} INFO - Filling up the DagBag from /opt/airflow/dags/gold_processing_dag.py
[2026-07-29T03:42:21.425+0000] {processor.py:840} INFO - DAG(s) 'process_gold_layer' retrieved from /opt/airflow/dags/gold_processing_dag.py
[2026-07-29T03:42:21.497+0000] {logging_mixin.py:188} INFO - [2026-07-29T03:42:21.495+0000] {dag.py:3096} INFO - Sync 1 DAGs
[2026-07-29T03:42:21.538+0000] {logging_mixin.py:188} INFO - [2026-07-29T03:42:21.538+0000] {dag.py:3954} INFO - Setting next_dagrun for process_gold_layer to None, run_after=None
[2026-07-29T03:42:21.628+0000] {processor.py:183} INFO - Processing /opt/airflow/dags/gold_processing_dag.py took 0.323 seconds
[2026-07-29T03:42:51.915+0000] {processor.py:161} INFO - Started process (PID=26680) to work on /opt/airflow/dags/gold_processing_dag.py
[2026-07-29T03:42:51.918+0000] {processor.py:830} INFO - Processing file /opt/airflow/dags/gold_processing_dag.py for tasks to queue
[2026-07-29T03:42:51.923+0000] {logging_mixin.py:188} INFO - [2026-07-29T03:42:51.922+0000] {dagbag.py:545} INFO - Filling up the DagBag from /opt/airflow/dags/gold_processing_dag.py
[2026-07-29T03:42:52.000+0000] {processor.py:840} INFO - DAG(s) 'process_gold_layer' retrieved from /opt/airflow/dags/gold_processing_dag.py
[2026-07-29T03:42:52.073+0000] {logging_mixin.py:188} INFO - [2026-07-29T03:42:52.072+0000] {dag.py:3096} INFO - Sync 1 DAGs
[2026-07-29T03:42:52.108+0000] {logging_mixin.py:188} INFO - [2026-07-29T03:42:52.108+0000] {dag.py:3954} INFO - Setting next_dagrun for process_gold_layer to None, run_after=None
[2026-07-29T03:42:52.155+0000] {processor.py:183} INFO - Processing /opt/airflow/dags/gold_processing_dag.py took 0.261 seconds
[2026-07-29T03:43:22.338+0000] {processor.py:161} INFO - Started process (PID=26695) to work on /opt/airflow/dags/gold_processing_dag.py
[2026-07-29T03:43:22.341+0000] {processor.py:830} INFO - Processing file /opt/airflow/dags/gold_processing_dag.py for tasks to queue
[2026-07-29T03:43:22.345+0000] {logging_mixin.py:188} INFO - [2026-07-29T03:43:22.344+0000] {dagbag.py:545} INFO - Filling up the DagBag from /opt/airflow/dags/gold_processing_dag.py
[2026-07-29T03:43:22.398+0000] {processor.py:840} INFO - DAG(s) 'process_gold_layer' retrieved from /opt/airflow/dags/gold_processing_dag.py
[2026-07-29T03:43:22.489+0000] {logging_mixin.py:188} INFO - [2026-07-29T03:43:22.488+0000] {dag.py:3096} INFO - Sync 1 DAGs
[2026-07-29T03:43:22.566+0000] {logging_mixin.py:188} INFO - [2026-07-29T03:43:22.566+0000] {dag.py:3954} INFO - Setting next_dagrun for process_gold_layer to None, run_after=None
[2026-07-29T03:43:22.657+0000] {processor.py:183} INFO - Processing /opt/airflow/dags/gold_processing_dag.py took 0.337 seconds
[2026-07-29T03:43:52.957+0000] {processor.py:161} INFO - Started process (PID=26710) to work on /opt/airflow/dags/gold_processing_dag.py
[2026-07-29T03:43:52.960+0000] {processor.py:830} INFO - Processing file /opt/airflow/dags/gold_processing_dag.py for tasks to queue
[2026-07-29T03:43:52.963+0000] {logging_mixin.py:188} INFO - [2026-07-29T03:43:52.962+0000] {dagbag.py:545} INFO - Filling up the DagBag from /opt/airflow/dags/gold_processing_dag.py
[2026-07-29T03:43:53.026+0000] {processor.py:840} INFO - DAG(s) 'process_gold_layer' retrieved from /opt/airflow/dags/gold_processing_dag.py
[2026-07-29T03:43:53.076+0000] {logging_mixin.py:188} INFO - [2026-07-29T03:43:53.075+0000] {dag.py:3096} INFO - Sync 1 DAGs
[2026-07-29T03:43:53.104+0000] {logging_mixin.py:188} INFO - [2026-07-29T03:43:53.103+0000] {dag.py:3954} INFO - Setting next_dagrun for process_gold_layer to None, run_after=None
[2026-07-29T03:43:53.157+0000] {processor.py:183} INFO - Processing /opt/airflow/dags/gold_processing_dag.py took 0.214 seconds
[2026-07-29T03:44:23.817+0000] {processor.py:161} INFO - Started process (PID=26725) to work on /opt/airflow/dags/gold_processing_dag.py
[2026-07-29T03:44:23.821+0000] {processor.py:830} INFO - Processing file /opt/airflow/dags/gold_processing_dag.py for tasks to queue
[2026-07-29T03:44:23.825+0000] {logging_mixin.py:188} INFO - [2026-07-29T03:44:23.824+0000] {dagbag.py:545} INFO - Filling up the DagBag from /opt/airflow/dags/gold_processing_dag.py
[2026-07-29T03:44:23.873+0000] {processor.py:840} INFO - DAG(s) 'process_gold_layer' retrieved from /opt/airflow/dags/gold_processing_dag.py
[2026-07-29T03:44:23.932+0000] {logging_mixin.py:188} INFO - [2026-07-29T03:44:23.931+0000] {dag.py:3096} INFO - Sync 1 DAGs
[2026-07-29T03:44:23.966+0000] {logging_mixin.py:188} INFO - [2026-07-29T03:44:23.966+0000] {dag.py:3954} INFO - Setting next_dagrun for process_gold_layer to None, run_after=None
[2026-07-29T03:44:24.014+0000] {processor.py:183} INFO - Processing /opt/airflow/dags/gold_processing_dag.py took 0.234 seconds
[2026-07-29T03:44:54.439+0000] {processor.py:161} INFO - Started process (PID=26740) to work on /opt/airflow/dags/gold_processing_dag.py
[2026-07-29T03:44:54.442+0000] {processor.py:830} INFO - Processing file /opt/airflow/dags/gold_processing_dag.py for tasks to queue
[2026-07-29T03:44:54.447+0000] {logging_mixin.py:188} INFO - [2026-07-29T03:44:54.446+0000] {dagbag.py:545} INFO - Filling up the DagBag from /opt/airflow/dags/gold_processing_dag.py
[2026-07-29T03:44:54.572+0000] {processor.py:840} INFO - DAG(s) 'process_gold_layer' retrieved from /opt/airflow/dags/gold_processing_dag.py
[2026-07-29T03:44:54.657+0000] {logging_mixin.py:188} INFO - [2026-07-29T03:44:54.656+0000] {dag.py:3096} INFO - Sync 1 DAGs
[2026-07-29T03:44:54.686+0000] {logging_mixin.py:188} INFO - [2026-07-29T03:44:54.686+0000] {dag.py:3954} INFO - Setting next_dagrun for process_gold_layer to None, run_after=None
[2026-07-29T03:44:54.731+0000] {processor.py:183} INFO - Processing /opt/airflow/dags/gold_processing_dag.py took 0.307 seconds
[2026-07-29T03:45:25.054+0000] {processor.py:161} INFO - Started process (PID=26755) to work on /opt/airflow/dags/gold_processing_dag.py
[2026-07-29T03:45:25.057+0000] {processor.py:830} INFO - Processing file /opt/airflow/dags/gold_processing_dag.py for tasks to queue
[2026-07-29T03:45:25.060+0000] {logging_mixin.py:188} INFO - [2026-07-29T03:45:25.059+0000] {dagbag.py:545} INFO - Filling up the DagBag from /opt/airflow/dags/gold_processing_dag.py
[2026-07-29T03:45:25.108+0000] {processor.py:840} INFO - DAG(s) 'process_gold_layer' retrieved from /opt/airflow/dags/gold_processing_dag.py
[2026-07-29T03:45:25.164+0000] {logging_mixin.py:188} INFO - [2026-07-29T03:45:25.163+0000] {dag.py:3096} INFO - Sync 1 DAGs
[2026-07-29T03:45:25.196+0000] {logging_mixin.py:188} INFO - [2026-07-29T03:45:25.195+0000] {dag.py:3954} INFO - Setting next_dagrun for process_gold_layer to None, run_after=None
[2026-07-29T03:45:25.238+0000] {processor.py:183} INFO - Processing /opt/airflow/dags/gold_processing_dag.py took 0.226 seconds
[2026-07-29T03:46:11.301+0000] {processor.py:161} INFO - Started process (PID=26770) to work on /opt/airflow/dags/gold_processing_dag.py
[2026-07-29T03:46:11.304+0000] {processor.py:830} INFO - Processing file /opt/airflow/dags/gold_processing_dag.py for tasks to queue
[2026-07-29T03:46:11.309+0000] {logging_mixin.py:188} INFO - [2026-07-29T03:46:11.308+0000] {dagbag.py:545} INFO - Filling up the DagBag from /opt/airflow/dags/gold_processing_dag.py
[2026-07-29T03:46:11.378+0000] {processor.py:840} INFO - DAG(s) 'process_gold_layer' retrieved from /opt/airflow/dags/gold_processing_dag.py
[2026-07-29T03:46:11.572+0000] {logging_mixin.py:188} INFO - [2026-07-29T03:46:11.571+0000] {dag.py:3096} INFO - Sync 1 DAGs
[2026-07-29T03:46:11.634+0000] {logging_mixin.py:188} INFO - [2026-07-29T03:46:11.634+0000] {dag.py:3954} INFO - Setting next_dagrun for process_gold_layer to None, run_after=None
[2026-07-29T03:46:11.694+0000] {processor.py:183} INFO - Processing /opt/airflow/dags/gold_processing_dag.py took 0.415 seconds
[2026-07-29T03:46:42.183+0000] {processor.py:161} INFO - Started process (PID=26785) to work on /opt/airflow/dags/gold_processing_dag.py
[2026-07-29T03:46:42.185+0000] {processor.py:830} INFO - Processing file /opt/airflow/dags/gold_processing_dag.py for tasks to queue
[2026-07-29T03:46:42.189+0000] {logging_mixin.py:188} INFO - [2026-07-29T03:46:42.188+0000] {dagbag.py:545} INFO - Filling up the DagBag from /opt/airflow/dags/gold_processing_dag.py
[2026-07-29T03:46:42.229+0000] {processor.py:840} INFO - DAG(s) 'process_gold_layer' retrieved from /opt/airflow/dags/gold_processing_dag.py
[2026-07-29T03:46:42.302+0000] {logging_mixin.py:188} INFO - [2026-07-29T03:46:42.301+0000] {dag.py:3096} INFO - Sync 1 DAGs
[2026-07-29T03:46:42.345+0000] {logging_mixin.py:188} INFO - [2026-07-29T03:46:42.345+0000] {dag.py:3954} INFO - Setting next_dagrun for process_gold_layer to None, run_after=None
[2026-07-29T03:46:42.393+0000] {processor.py:183} INFO - Processing /opt/airflow/dags/gold_processing_dag.py took 0.227 seconds
[2026-07-29T03:47:12.604+0000] {processor.py:161} INFO - Started process (PID=26800) to work on /opt/airflow/dags/gold_processing_dag.py
[2026-07-29T03:47:12.607+0000] {processor.py:830} INFO - Processing file /opt/airflow/dags/gold_processing_dag.py for tasks to queue
[2026-07-29T03:47:12.611+0000] {logging_mixin.py:188} INFO - [2026-07-29T03:47:12.610+0000] {dagbag.py:545} INFO - Filling up the DagBag from /opt/airflow/dags/gold_processing_dag.py
[2026-07-29T03:47:12.663+0000] {processor.py:840} INFO - DAG(s) 'process_gold_layer' retrieved from /opt/airflow/dags/gold_processing_dag.py
[2026-07-29T03:47:12.719+0000] {logging_mixin.py:188} INFO - [2026-07-29T03:47:12.718+0000] {dag.py:3096} INFO - Sync 1 DAGs
[2026-07-29T03:47:12.755+0000] {logging_mixin.py:188} INFO - [2026-07-29T03:47:12.755+0000] {dag.py:3954} INFO - Setting next_dagrun for process_gold_layer to None, run_after=None
[2026-07-29T03:47:12.805+0000] {processor.py:183} INFO - Processing /opt/airflow/dags/gold_processing_dag.py took 0.239 seconds
[2026-07-29T03:47:43.211+0000] {processor.py:161} INFO - Started process (PID=26815) to work on /opt/airflow/dags/gold_processing_dag.py
[2026-07-29T03:47:43.216+0000] {processor.py:830} INFO - Processing file /opt/airflow/dags/gold_processing_dag.py for tasks to queue
[2026-07-29T03:47:43.220+0000] {logging_mixin.py:188} INFO - [2026-07-29T03:47:43.219+0000] {dagbag.py:545} INFO - Filling up the DagBag from /opt/airflow/dags/gold_processing_dag.py
[2026-07-29T03:47:43.287+0000] {processor.py:840} INFO - DAG(s) 'process_gold_layer' retrieved from /opt/airflow/dags/gold_processing_dag.py
[2026-07-29T03:47:43.374+0000] {logging_mixin.py:188} INFO - [2026-07-29T03:47:43.374+0000] {dag.py:3096} INFO - Sync 1 DAGs
[2026-07-29T03:47:43.434+0000] {logging_mixin.py:188} INFO - [2026-07-29T03:47:43.434+0000] {dag.py:3954} INFO - Setting next_dagrun for process_gold_layer to None, run_after=None
[2026-07-29T03:47:43.520+0000] {processor.py:183} INFO - Processing /opt/airflow/dags/gold_processing_dag.py took 0.349 seconds
[2026-07-29T03:48:13.992+0000] {processor.py:161} INFO - Started process (PID=26830) to work on /opt/airflow/dags/gold_processing_dag.py
[2026-07-29T03:48:13.995+0000] {processor.py:830} INFO - Processing file /opt/airflow/dags/gold_processing_dag.py for tasks to queue
[2026-07-29T03:48:14.001+0000] {logging_mixin.py:188} INFO - [2026-07-29T03:48:14.000+0000] {dagbag.py:545} INFO - Filling up the DagBag from /opt/airflow/dags/gold_processing_dag.py
[2026-07-29T03:48:14.064+0000] {processor.py:840} INFO - DAG(s) 'process_gold_layer' retrieved from /opt/airflow/dags/gold_processing_dag.py
[2026-07-29T03:48:14.146+0000] {logging_mixin.py:188} INFO - [2026-07-29T03:48:14.145+0000] {dag.py:3096} INFO - Sync 1 DAGs
[2026-07-29T03:48:14.195+0000] {logging_mixin.py:188} INFO - [2026-07-29T03:48:14.195+0000] {dag.py:3954} INFO - Setting next_dagrun for process_gold_layer to None, run_after=None
[2026-07-29T03:48:14.256+0000] {processor.py:183} INFO - Processing /opt/airflow/dags/gold_processing_dag.py took 0.287 seconds
[2026-07-29T03:48:44.843+0000] {processor.py:161} INFO - Started process (PID=26845) to work on /opt/airflow/dags/gold_processing_dag.py
[2026-07-29T03:48:44.880+0000] {processor.py:830} INFO - Processing file /opt/airflow/dags/gold_processing_dag.py for tasks to queue
[2026-07-29T03:48:44.892+0000] {logging_mixin.py:188} INFO - [2026-07-29T03:48:44.890+0000] {dagbag.py:545} INFO - Filling up the DagBag from /opt/airflow/dags/gold_processing_dag.py
[2026-07-29T03:48:45.008+0000] {processor.py:840} INFO - DAG(s) 'process_gold_layer' retrieved from /opt/airflow/dags/gold_processing_dag.py
[2026-07-29T03:48:45.168+0000] {logging_mixin.py:188} INFO - [2026-07-29T03:48:45.156+0000] {dag.py:3096} INFO - Sync 1 DAGs
[2026-07-29T03:48:45.454+0000] {logging_mixin.py:188} INFO - [2026-07-29T03:48:45.442+0000] {dag.py:3954} INFO - Setting next_dagrun for process_gold_layer to None, run_after=None
[2026-07-29T03:48:45.697+0000] {processor.py:183} INFO - Processing /opt/airflow/dags/gold_processing_dag.py took 0.911 seconds
[2026-07-29T03:49:16.010+0000] {processor.py:161} INFO - Started process (PID=26860) to work on /opt/airflow/dags/gold_processing_dag.py
[2026-07-29T03:49:16.014+0000] {processor.py:830} INFO - Processing file /opt/airflow/dags/gold_processing_dag.py for tasks to queue
[2026-07-29T03:49:16.017+0000] {logging_mixin.py:188} INFO - [2026-07-29T03:49:16.016+0000] {dagbag.py:545} INFO - Filling up the DagBag from /opt/airflow/dags/gold_processing_dag.py
[2026-07-29T03:49:16.060+0000] {processor.py:840} INFO - DAG(s) 'process_gold_layer' retrieved from /opt/airflow/dags/gold_processing_dag.py
[2026-07-29T03:49:16.124+0000] {logging_mixin.py:188} INFO - [2026-07-29T03:49:16.123+0000] {dag.py:3096} INFO - Sync 1 DAGs
[2026-07-29T03:49:16.163+0000] {logging_mixin.py:188} INFO - [2026-07-29T03:49:16.163+0000] {dag.py:3954} INFO - Setting next_dagrun for process_gold_layer to None, run_after=None
[2026-07-29T03:49:16.211+0000] {processor.py:183} INFO - Processing /opt/airflow/dags/gold_processing_dag.py took 0.223 seconds
[2026-07-29T03:49:46.614+0000] {processor.py:161} INFO - Started process (PID=26875) to work on /opt/airflow/dags/gold_processing_dag.py
[2026-07-29T03:49:46.619+0000] {processor.py:830} INFO - Processing file /opt/airflow/dags/gold_processing_dag.py for tasks to queue
[2026-07-29T03:49:46.626+0000] {logging_mixin.py:188} INFO - [2026-07-29T03:49:46.625+0000] {dagbag.py:545} INFO - Filling up the DagBag from /opt/airflow/dags/gold_processing_dag.py
[2026-07-29T03:49:46.681+0000] {processor.py:840} INFO - DAG(s) 'process_gold_layer' retrieved from /opt/airflow/dags/gold_processing_dag.py
[2026-07-29T03:49:46.763+0000] {logging_mixin.py:188} INFO - [2026-07-29T03:49:46.762+0000] {dag.py:3096} INFO - Sync 1 DAGs
[2026-07-29T03:49:46.810+0000] {logging_mixin.py:188} INFO - [2026-07-29T03:49:46.809+0000] {dag.py:3954} INFO - Setting next_dagrun for process_gold_layer to None, run_after=None
[2026-07-29T03:49:46.886+0000] {processor.py:183} INFO - Processing /opt/airflow/dags/gold_processing_dag.py took 0.311 seconds
[2026-07-29T03:50:17.061+0000] {processor.py:161} INFO - Started process (PID=26890) to work on /opt/airflow/dags/gold_processing_dag.py
[2026-07-29T03:50:17.065+0000] {processor.py:830} INFO - Processing file /opt/airflow/dags/gold_processing_dag.py for tasks to queue
[2026-07-29T03:50:17.069+0000] {logging_mixin.py:188} INFO - [2026-07-29T03:50:17.068+0000] {dagbag.py:545} INFO - Filling up the DagBag from /opt/airflow/dags/gold_processing_dag.py
[2026-07-29T03:50:17.122+0000] {processor.py:840} INFO - DAG(s) 'process_gold_layer' retrieved from /opt/airflow/dags/gold_processing_dag.py
[2026-07-29T03:50:17.174+0000] {logging_mixin.py:188} INFO - [2026-07-29T03:50:17.174+0000] {dag.py:3096} INFO - Sync 1 DAGs
[2026-07-29T03:50:17.207+0000] {logging_mixin.py:188} INFO - [2026-07-29T03:50:17.206+0000] {dag.py:3954} INFO - Setting next_dagrun for process_gold_layer to None, run_after=None
[2026-07-29T03:50:17.251+0000] {processor.py:183} INFO - Processing /opt/airflow/dags/gold_processing_dag.py took 0.214 seconds
[2026-07-29T03:50:47.922+0000] {processor.py:161} INFO - Started process (PID=26905) to work on /opt/airflow/dags/gold_processing_dag.py
[2026-07-29T03:50:47.924+0000] {processor.py:830} INFO - Processing file /opt/airflow/dags/gold_processing_dag.py for tasks to queue
[2026-07-29T03:50:47.928+0000] {logging_mixin.py:188} INFO - [2026-07-29T03:50:47.927+0000] {dagbag.py:545} INFO - Filling up the DagBag from /opt/airflow/dags/gold_processing_dag.py
[2026-07-29T03:50:47.978+0000] {processor.py:840} INFO - DAG(s) 'process_gold_layer' retrieved from /opt/airflow/dags/gold_processing_dag.py
[2026-07-29T03:50:48.058+0000] {logging_mixin.py:188} INFO - [2026-07-29T03:50:48.058+0000] {dag.py:3096} INFO - Sync 1 DAGs
[2026-07-29T03:50:48.093+0000] {logging_mixin.py:188} INFO - [2026-07-29T03:50:48.093+0000] {dag.py:3954} INFO - Setting next_dagrun for process_gold_layer to None, run_after=None
[2026-07-29T03:50:48.142+0000] {processor.py:183} INFO - Processing /opt/airflow/dags/gold_processing_dag.py took 0.239 seconds
[2026-07-29T03:51:18.415+0000] {processor.py:161} INFO - Started process (PID=26920) to work on /opt/airflow/dags/gold_processing_dag.py
[2026-07-29T03:51:18.418+0000] {processor.py:830} INFO - Processing file /opt/airflow/dags/gold_processing_dag.py for tasks to queue
[2026-07-29T03:51:18.426+0000] {logging_mixin.py:188} INFO - [2026-07-29T03:51:18.425+0000] {dagbag.py:545} INFO - Filling up the DagBag from /opt/airflow/dags/gold_processing_dag.py
[2026-07-29T03:51:18.515+0000] {processor.py:840} INFO - DAG(s) 'process_gold_layer' retrieved from /opt/airflow/dags/gold_processing_dag.py
[2026-07-29T03:51:18.604+0000] {logging_mixin.py:188} INFO - [2026-07-29T03:51:18.603+0000] {dag.py:3096} INFO - Sync 1 DAGs
[2026-07-29T03:51:18.650+0000] {logging_mixin.py:188} INFO - [2026-07-29T03:51:18.649+0000] {dag.py:3954} INFO - Setting next_dagrun for process_gold_layer to None, run_after=None
[2026-07-29T03:51:18.732+0000] {processor.py:183} INFO - Processing /opt/airflow/dags/gold_processing_dag.py took 0.368 seconds
[2026-07-29T03:51:49.184+0000] {processor.py:161} INFO - Started process (PID=26935) to work on /opt/airflow/dags/gold_processing_dag.py
[2026-07-29T03:51:49.188+0000] {processor.py:830} INFO - Processing file /opt/airflow/dags/gold_processing_dag.py for tasks to queue
[2026-07-29T03:51:49.191+0000] {logging_mixin.py:188} INFO - [2026-07-29T03:51:49.191+0000] {dagbag.py:545} INFO - Filling up the DagBag from /opt/airflow/dags/gold_processing_dag.py
[2026-07-29T03:51:49.242+0000] {processor.py:840} INFO - DAG(s) 'process_gold_layer' retrieved from /opt/airflow/dags/gold_processing_dag.py
[2026-07-29T03:51:49.331+0000] {logging_mixin.py:188} INFO - [2026-07-29T03:51:49.330+0000] {dag.py:3096} INFO - Sync 1 DAGs
[2026-07-29T03:51:49.378+0000] {logging_mixin.py:188} INFO - [2026-07-29T03:51:49.378+0000] {dag.py:3954} INFO - Setting next_dagrun for process_gold_layer to None, run_after=None
[2026-07-29T03:51:49.426+0000] {processor.py:183} INFO - Processing /opt/airflow/dags/gold_processing_dag.py took 0.260 seconds
[2026-07-29T03:52:20.074+0000] {processor.py:161} INFO - Started process (PID=26950) to work on /opt/airflow/dags/gold_processing_dag.py
[2026-07-29T03:52:20.077+0000] {processor.py:830} INFO - Processing file /opt/airflow/dags/gold_processing_dag.py for tasks to queue
[2026-07-29T03:52:20.081+0000] {logging_mixin.py:188} INFO - [2026-07-29T03:52:20.080+0000] {dagbag.py:545} INFO - Filling up the DagBag from /opt/airflow/dags/gold_processing_dag.py
[2026-07-29T03:52:20.127+0000] {processor.py:840} INFO - DAG(s) 'process_gold_layer' retrieved from /opt/airflow/dags/gold_processing_dag.py
[2026-07-29T03:52:20.187+0000] {logging_mixin.py:188} INFO - [2026-07-29T03:52:20.186+0000] {dag.py:3096} INFO - Sync 1 DAGs
[2026-07-29T03:52:20.225+0000] {logging_mixin.py:188} INFO - [2026-07-29T03:52:20.224+0000] {dag.py:3954} INFO - Setting next_dagrun for process_gold_layer to None, run_after=None
[2026-07-29T03:52:20.284+0000] {processor.py:183} INFO - Processing /opt/airflow/dags/gold_processing_dag.py took 0.233 seconds
[2026-07-29T03:52:50.709+0000] {processor.py:161} INFO - Started process (PID=26965) to work on /opt/airflow/dags/gold_processing_dag.py
[2026-07-29T03:52:50.712+0000] {processor.py:830} INFO - Processing file /opt/airflow/dags/gold_processing_dag.py for tasks to queue
[2026-07-29T03:52:50.718+0000] {logging_mixin.py:188} INFO - [2026-07-29T03:52:50.716+0000] {dagbag.py:545} INFO - Filling up the DagBag from /opt/airflow/dags/gold_processing_dag.py
[2026-07-29T03:52:50.770+0000] {processor.py:840} INFO - DAG(s) 'process_gold_layer' retrieved from /opt/airflow/dags/gold_processing_dag.py
[2026-07-29T03:52:50.838+0000] {logging_mixin.py:188} INFO - [2026-07-29T03:52:50.838+0000] {dag.py:3096} INFO - Sync 1 DAGs
[2026-07-29T03:52:50.877+0000] {logging_mixin.py:188} INFO - [2026-07-29T03:52:50.877+0000] {dag.py:3954} INFO - Setting next_dagrun for process_gold_layer to None, run_after=None
[2026-07-29T03:52:50.921+0000] {processor.py:183} INFO - Processing /opt/airflow/dags/gold_processing_dag.py took 0.236 seconds
[2026-07-29T03:53:21.144+0000] {processor.py:161} INFO - Started process (PID=26980) to work on /opt/airflow/dags/gold_processing_dag.py
[2026-07-29T03:53:21.147+0000] {processor.py:830} INFO - Processing file /opt/airflow/dags/gold_processing_dag.py for tasks to queue
[2026-07-29T03:53:21.151+0000] {logging_mixin.py:188} INFO - [2026-07-29T03:53:21.150+0000] {dagbag.py:545} INFO - Filling up the DagBag from /opt/airflow/dags/gold_processing_dag.py
[2026-07-29T03:53:21.195+0000] {processor.py:840} INFO - DAG(s) 'process_gold_layer' retrieved from /opt/airflow/dags/gold_processing_dag.py
[2026-07-29T03:53:21.258+0000] {logging_mixin.py:188} INFO - [2026-07-29T03:53:21.257+0000] {dag.py:3096} INFO - Sync 1 DAGs
[2026-07-29T03:53:21.298+0000] {logging_mixin.py:188} INFO - [2026-07-29T03:53:21.298+0000] {dag.py:3954} INFO - Setting next_dagrun for process_gold_layer to None, run_after=None
[2026-07-29T03:53:21.345+0000] {processor.py:183} INFO - Processing /opt/airflow/dags/gold_processing_dag.py took 0.223 seconds
[2026-07-29T03:53:51.728+0000] {processor.py:161} INFO - Started process (PID=26995) to work on /opt/airflow/dags/gold_processing_dag.py
[2026-07-29T03:53:51.732+0000] {processor.py:830} INFO - Processing file /opt/airflow/dags/gold_processing_dag.py for tasks to queue
[2026-07-29T03:53:51.738+0000] {logging_mixin.py:188} INFO - [2026-07-29T03:53:51.737+0000] {dagbag.py:545} INFO - Filling up the DagBag from /opt/airflow/dags/gold_processing_dag.py
[2026-07-29T03:53:51.791+0000] {processor.py:840} INFO - DAG(s) 'process_gold_layer' retrieved from /opt/airflow/dags/gold_processing_dag.py
[2026-07-29T03:53:51.851+0000] {logging_mixin.py:188} INFO - [2026-07-29T03:53:51.850+0000] {dag.py:3096} INFO - Sync 1 DAGs
[2026-07-29T03:53:51.888+0000] {logging_mixin.py:188} INFO - [2026-07-29T03:53:51.888+0000] {dag.py:3954} INFO - Setting next_dagrun for process_gold_layer to None, run_after=None
[2026-07-29T03:53:51.941+0000] {processor.py:183} INFO - Processing /opt/airflow/dags/gold_processing_dag.py took 0.230 seconds
[2026-07-29T03:54:22.571+0000] {processor.py:161} INFO - Started process (PID=27010) to work on /opt/airflow/dags/gold_processing_dag.py
[2026-07-29T03:54:22.574+0000] {processor.py:830} INFO - Processing file /opt/airflow/dags/gold_processing_dag.py for tasks to queue
[2026-07-29T03:54:22.580+0000] {logging_mixin.py:188} INFO - [2026-07-29T03:54:22.579+0000] {dagbag.py:545} INFO - Filling up the DagBag from /opt/airflow/dags/gold_processing_dag.py
[2026-07-29T03:54:22.625+0000] {processor.py:840} INFO - DAG(s) 'process_gold_layer' retrieved from /opt/airflow/dags/gold_processing_dag.py
[2026-07-29T03:54:22.712+0000] {logging_mixin.py:188} INFO - [2026-07-29T03:54:22.712+0000] {dag.py:3096} INFO - Sync 1 DAGs
[2026-07-29T03:54:22.744+0000] {logging_mixin.py:188} INFO - [2026-07-29T03:54:22.744+0000] {dag.py:3954} INFO - Setting next_dagrun for process_gold_layer to None, run_after=None
[2026-07-29T03:54:22.792+0000] {processor.py:183} INFO - Processing /opt/airflow/dags/gold_processing_dag.py took 0.241 seconds
[2026-07-29T03:54:53.128+0000] {processor.py:161} INFO - Started process (PID=27025) to work on /opt/airflow/dags/gold_processing_dag.py
[2026-07-29T03:54:53.131+0000] {processor.py:830} INFO - Processing file /opt/airflow/dags/gold_processing_dag.py for tasks to queue
[2026-07-29T03:54:53.136+0000] {logging_mixin.py:188} INFO - [2026-07-29T03:54:53.135+0000] {dagbag.py:545} INFO - Filling up the DagBag from /opt/airflow/dags/gold_processing_dag.py
[2026-07-29T03:54:53.181+0000] {processor.py:840} INFO - DAG(s) 'process_gold_layer' retrieved from /opt/airflow/dags/gold_processing_dag.py
[2026-07-29T03:54:53.233+0000] {logging_mixin.py:188} INFO - [2026-07-29T03:54:53.233+0000] {dag.py:3096} INFO - Sync 1 DAGs
[2026-07-29T03:54:53.266+0000] {logging_mixin.py:188} INFO - [2026-07-29T03:54:53.266+0000] {dag.py:3954} INFO - Setting next_dagrun for process_gold_layer to None, run_after=None
[2026-07-29T03:54:53.328+0000] {processor.py:183} INFO - Processing /opt/airflow/dags/gold_processing_dag.py took 0.218 seconds
[2026-07-29T03:55:23.522+0000] {processor.py:161} INFO - Started process (PID=27040) to work on /opt/airflow/dags/gold_processing_dag.py
[2026-07-29T03:55:23.528+0000] {processor.py:830} INFO - Processing file /opt/airflow/dags/gold_processing_dag.py for tasks to queue
[2026-07-29T03:55:23.533+0000] {logging_mixin.py:188} INFO - [2026-07-29T03:55:23.532+0000] {dagbag.py:545} INFO - Filling up the DagBag from /opt/airflow/dags/gold_processing_dag.py
[2026-07-29T03:55:23.595+0000] {processor.py:840} INFO - DAG(s) 'process_gold_layer' retrieved from /opt/airflow/dags/gold_processing_dag.py
[2026-07-29T03:55:23.672+0000] {logging_mixin.py:188} INFO - [2026-07-29T03:55:23.671+0000] {dag.py:3096} INFO - Sync 1 DAGs
[2026-07-29T03:55:23.715+0000] {logging_mixin.py:188} INFO - [2026-07-29T03:55:23.715+0000] {dag.py:3954} INFO - Setting next_dagrun for process_gold_layer to None, run_after=None
[2026-07-29T03:55:23.770+0000] {processor.py:183} INFO - Processing /opt/airflow/dags/gold_processing_dag.py took 0.275 seconds
[2026-07-29T03:55:53.984+0000] {processor.py:161} INFO - Started process (PID=27055) to work on /opt/airflow/dags/gold_processing_dag.py
[2026-07-29T03:55:53.988+0000] {processor.py:830} INFO - Processing file /opt/airflow/dags/gold_processing_dag.py for tasks to queue
[2026-07-29T03:55:53.992+0000] {logging_mixin.py:188} INFO - [2026-07-29T03:55:53.991+0000] {dagbag.py:545} INFO - Filling up the DagBag from /opt/airflow/dags/gold_processing_dag.py
[2026-07-29T03:55:54.035+0000] {processor.py:840} INFO - DAG(s) 'process_gold_layer' retrieved from /opt/airflow/dags/gold_processing_dag.py
[2026-07-29T03:55:54.098+0000] {logging_mixin.py:188} INFO - [2026-07-29T03:55:54.097+0000] {dag.py:3096} INFO - Sync 1 DAGs
[2026-07-29T03:55:54.137+0000] {logging_mixin.py:188} INFO - [2026-07-29T03:55:54.137+0000] {dag.py:3954} INFO - Setting next_dagrun for process_gold_layer to None, run_after=None
[2026-07-29T03:55:54.186+0000] {processor.py:183} INFO - Processing /opt/airflow/dags/gold_processing_dag.py took 0.221 seconds
[2026-07-29T03:56:24.740+0000] {processor.py:161} INFO - Started process (PID=27070) to work on /opt/airflow/dags/gold_processing_dag.py
[2026-07-29T03:56:24.743+0000] {processor.py:830} INFO - Processing file /opt/airflow/dags/gold_processing_dag.py for tasks to queue
[2026-07-29T03:56:24.747+0000] {logging_mixin.py:188} INFO - [2026-07-29T03:56:24.746+0000] {dagbag.py:545} INFO - Filling up the DagBag from /opt/airflow/dags/gold_processing_dag.py
[2026-07-29T03:56:24.791+0000] {processor.py:840} INFO - DAG(s) 'process_gold_layer' retrieved from /opt/airflow/dags/gold_processing_dag.py
[2026-07-29T03:56:24.884+0000] {logging_mixin.py:188} INFO - [2026-07-29T03:56:24.883+0000] {dag.py:3096} INFO - Sync 1 DAGs
[2026-07-29T03:56:24.919+0000] {logging_mixin.py:188} INFO - [2026-07-29T03:56:24.919+0000] {dag.py:3954} INFO - Setting next_dagrun for process_gold_layer to None, run_after=None
[2026-07-29T03:56:24.974+0000] {processor.py:183} INFO - Processing /opt/airflow/dags/gold_processing_dag.py took 0.255 seconds
[2026-07-29T03:56:55.445+0000] {processor.py:161} INFO - Started process (PID=27085) to work on /opt/airflow/dags/gold_processing_dag.py
[2026-07-29T03:56:55.448+0000] {processor.py:830} INFO - Processing file /opt/airflow/dags/gold_processing_dag.py for tasks to queue
[2026-07-29T03:56:55.452+0000] {logging_mixin.py:188} INFO - [2026-07-29T03:56:55.451+0000] {dagbag.py:545} INFO - Filling up the DagBag from /opt/airflow/dags/gold_processing_dag.py
[2026-07-29T03:56:55.501+0000] {processor.py:840} INFO - DAG(s) 'process_gold_layer' retrieved from /opt/airflow/dags/gold_processing_dag.py
[2026-07-29T03:56:55.558+0000] {logging_mixin.py:188} INFO - [2026-07-29T03:56:55.557+0000] {dag.py:3096} INFO - Sync 1 DAGs
[2026-07-29T03:56:55.588+0000] {logging_mixin.py:188} INFO - [2026-07-29T03:56:55.588+0000] {dag.py:3954} INFO - Setting next_dagrun for process_gold_layer to None, run_after=None
[2026-07-29T03:56:55.634+0000] {processor.py:183} INFO - Processing /opt/airflow/dags/gold_processing_dag.py took 0.219 seconds
[2026-07-29T03:57:25.853+0000] {processor.py:161} INFO - Started process (PID=27100) to work on /opt/airflow/dags/gold_processing_dag.py
[2026-07-29T03:57:25.857+0000] {processor.py:830} INFO - Processing file /opt/airflow/dags/gold_processing_dag.py for tasks to queue
[2026-07-29T03:57:25.865+0000] {logging_mixin.py:188} INFO - [2026-07-29T03:57:25.863+0000] {dagbag.py:545} INFO - Filling up the DagBag from /opt/airflow/dags/gold_processing_dag.py
[2026-07-29T03:57:25.927+0000] {processor.py:840} INFO - DAG(s) 'process_gold_layer' retrieved from /opt/airflow/dags/gold_processing_dag.py
[2026-07-29T03:57:25.993+0000] {logging_mixin.py:188} INFO - [2026-07-29T03:57:25.992+0000] {dag.py:3096} INFO - Sync 1 DAGs
[2026-07-29T03:57:26.034+0000] {logging_mixin.py:188} INFO - [2026-07-29T03:57:26.034+0000] {dag.py:3954} INFO - Setting next_dagrun for process_gold_layer to None, run_after=None
[2026-07-29T03:57:26.086+0000] {processor.py:183} INFO - Processing /opt/airflow/dags/gold_processing_dag.py took 0.272 seconds
[2026-07-29T03:57:56.630+0000] {processor.py:161} INFO - Started process (PID=27115) to work on /opt/airflow/dags/gold_processing_dag.py
[2026-07-29T03:57:56.634+0000] {processor.py:830} INFO - Processing file /opt/airflow/dags/gold_processing_dag.py for tasks to queue
[2026-07-29T03:57:56.639+0000] {logging_mixin.py:188} INFO - [2026-07-29T03:57:56.637+0000] {dagbag.py:545} INFO - Filling up the DagBag from /opt/airflow/dags/gold_processing_dag.py
[2026-07-29T03:57:56.687+0000] {processor.py:840} INFO - DAG(s) 'process_gold_layer' retrieved from /opt/airflow/dags/gold_processing_dag.py
[2026-07-29T03:57:56.741+0000] {logging_mixin.py:188} INFO - [2026-07-29T03:57:56.739+0000] {dag.py:3096} INFO - Sync 1 DAGs
[2026-07-29T03:57:56.778+0000] {logging_mixin.py:188} INFO - [2026-07-29T03:57:56.777+0000] {dag.py:3954} INFO - Setting next_dagrun for process_gold_layer to None, run_after=None
[2026-07-29T03:57:56.829+0000] {processor.py:183} INFO - Processing /opt/airflow/dags/gold_processing_dag.py took 0.220 seconds
[2026-07-29T03:58:27.389+0000] {processor.py:161} INFO - Started process (PID=27130) to work on /opt/airflow/dags/gold_processing_dag.py
[2026-07-29T03:58:27.397+0000] {processor.py:830} INFO - Processing file /opt/airflow/dags/gold_processing_dag.py for tasks to queue
[2026-07-29T03:58:27.405+0000] {logging_mixin.py:188} INFO - [2026-07-29T03:58:27.404+0000] {dagbag.py:545} INFO - Filling up the DagBag from /opt/airflow/dags/gold_processing_dag.py
[2026-07-29T03:58:27.478+0000] {processor.py:840} INFO - DAG(s) 'process_gold_layer' retrieved from /opt/airflow/dags/gold_processing_dag.py
[2026-07-29T03:58:27.589+0000] {logging_mixin.py:188} INFO - [2026-07-29T03:58:27.588+0000] {dag.py:3096} INFO - Sync 1 DAGs
[2026-07-29T03:58:27.652+0000] {logging_mixin.py:188} INFO - [2026-07-29T03:58:27.652+0000] {dag.py:3954} INFO - Setting next_dagrun for process_gold_layer to None, run_after=None
[2026-07-29T03:58:27.982+0000] {processor.py:183} INFO - Processing /opt/airflow/dags/gold_processing_dag.py took 0.621 seconds
[2026-07-29T03:58:58.330+0000] {processor.py:161} INFO - Started process (PID=27145) to work on /opt/airflow/dags/gold_processing_dag.py
[2026-07-29T03:58:58.338+0000] {processor.py:830} INFO - Processing file /opt/airflow/dags/gold_processing_dag.py for tasks to queue
[2026-07-29T03:58:58.344+0000] {logging_mixin.py:188} INFO - [2026-07-29T03:58:58.343+0000] {dagbag.py:545} INFO - Filling up the DagBag from /opt/airflow/dags/gold_processing_dag.py
[2026-07-29T03:58:58.416+0000] {processor.py:840} INFO - DAG(s) 'process_gold_layer' retrieved from /opt/airflow/dags/gold_processing_dag.py
[2026-07-29T03:58:58.472+0000] {logging_mixin.py:188} INFO - [2026-07-29T03:58:58.472+0000] {dag.py:3096} INFO - Sync 1 DAGs
[2026-07-29T03:58:58.504+0000] {logging_mixin.py:188} INFO - [2026-07-29T03:58:58.502+0000] {dag.py:3954} INFO - Setting next_dagrun for process_gold_layer to None, run_after=None
[2026-07-29T03:58:58.554+0000] {processor.py:183} INFO - Processing /opt/airflow/dags/gold_processing_dag.py took 0.249 seconds
[2026-07-29T03:59:28.724+0000] {processor.py:161} INFO - Started process (PID=27160) to work on /opt/airflow/dags/gold_processing_dag.py
[2026-07-29T03:59:28.728+0000] {processor.py:830} INFO - Processing file /opt/airflow/dags/gold_processing_dag.py for tasks to queue
[2026-07-29T03:59:28.733+0000] {logging_mixin.py:188} INFO - [2026-07-29T03:59:28.732+0000] {dagbag.py:545} INFO - Filling up the DagBag from /opt/airflow/dags/gold_processing_dag.py
[2026-07-29T03:59:28.809+0000] {processor.py:840} INFO - DAG(s) 'process_gold_layer' retrieved from /opt/airflow/dags/gold_processing_dag.py
[2026-07-29T03:59:29.035+0000] {logging_mixin.py:188} INFO - [2026-07-29T03:59:29.033+0000] {dag.py:3096} INFO - Sync 1 DAGs
[2026-07-29T03:59:29.176+0000] {logging_mixin.py:188} INFO - [2026-07-29T03:59:29.175+0000] {dag.py:3954} INFO - Setting next_dagrun for process_gold_layer to None, run_after=None
[2026-07-29T03:59:29.289+0000] {processor.py:183} INFO - Processing /opt/airflow/dags/gold_processing_dag.py took 0.591 seconds
[2026-07-29T03:59:59.602+0000] {processor.py:161} INFO - Started process (PID=27175) to work on /opt/airflow/dags/gold_processing_dag.py
[2026-07-29T03:59:59.614+0000] {processor.py:830} INFO - Processing file /opt/airflow/dags/gold_processing_dag.py for tasks to queue
[2026-07-29T03:59:59.625+0000] {logging_mixin.py:188} INFO - [2026-07-29T03:59:59.620+0000] {dagbag.py:545} INFO - Filling up the DagBag from /opt/airflow/dags/gold_processing_dag.py
[2026-07-29T03:59:59.729+0000] {processor.py:840} INFO - DAG(s) 'process_gold_layer' retrieved from /opt/airflow/dags/gold_processing_dag.py
[2026-07-29T03:59:59.791+0000] {logging_mixin.py:188} INFO - [2026-07-29T03:59:59.790+0000] {dag.py:3096} INFO - Sync 1 DAGs
[2026-07-29T03:59:59.825+0000] {logging_mixin.py:188} INFO - [2026-07-29T03:59:59.825+0000] {dag.py:3954} INFO - Setting next_dagrun for process_gold_layer to None, run_after=None
[2026-07-29T03:59:59.872+0000] {processor.py:183} INFO - Processing /opt/airflow/dags/gold_processing_dag.py took 0.364 seconds
[2026-07-29T04:00:30.506+0000] {processor.py:161} INFO - Started process (PID=27206) to work on /opt/airflow/dags/gold_processing_dag.py
[2026-07-29T04:00:30.511+0000] {processor.py:830} INFO - Processing file /opt/airflow/dags/gold_processing_dag.py for tasks to queue
[2026-07-29T04:00:30.516+0000] {logging_mixin.py:188} INFO - [2026-07-29T04:00:30.515+0000] {dagbag.py:545} INFO - Filling up the DagBag from /opt/airflow/dags/gold_processing_dag.py
[2026-07-29T04:00:30.574+0000] {processor.py:840} INFO - DAG(s) 'process_gold_layer' retrieved from /opt/airflow/dags/gold_processing_dag.py
[2026-07-29T04:00:30.663+0000] {logging_mixin.py:188} INFO - [2026-07-29T04:00:30.662+0000] {dag.py:3096} INFO - Sync 1 DAGs
[2026-07-29T04:00:30.708+0000] {logging_mixin.py:188} INFO - [2026-07-29T04:00:30.708+0000] {dag.py:3954} INFO - Setting next_dagrun for process_gold_layer to None, run_after=None
[2026-07-29T04:00:30.868+0000] {processor.py:183} INFO - Processing /opt/airflow/dags/gold_processing_dag.py took 0.386 seconds
[2026-07-29T04:01:01.634+0000] {processor.py:161} INFO - Started process (PID=27351) to work on /opt/airflow/dags/gold_processing_dag.py
[2026-07-29T04:01:01.637+0000] {processor.py:830} INFO - Processing file /opt/airflow/dags/gold_processing_dag.py for tasks to queue
[2026-07-29T04:01:01.642+0000] {logging_mixin.py:188} INFO - [2026-07-29T04:01:01.642+0000] {dagbag.py:545} INFO - Filling up the DagBag from /opt/airflow/dags/gold_processing_dag.py
[2026-07-29T04:01:01.685+0000] {processor.py:840} INFO - DAG(s) 'process_gold_layer' retrieved from /opt/airflow/dags/gold_processing_dag.py
[2026-07-29T04:01:01.766+0000] {logging_mixin.py:188} INFO - [2026-07-29T04:01:01.765+0000] {dag.py:3096} INFO - Sync 1 DAGs
[2026-07-29T04:01:01.807+0000] {logging_mixin.py:188} INFO - [2026-07-29T04:01:01.806+0000] {dag.py:3954} INFO - Setting next_dagrun for process_gold_layer to None, run_after=None
[2026-07-29T04:01:01.860+0000] {processor.py:183} INFO - Processing /opt/airflow/dags/gold_processing_dag.py took 0.247 seconds
[2026-07-29T04:01:32.646+0000] {processor.py:161} INFO - Started process (PID=27448) to work on /opt/airflow/dags/gold_processing_dag.py
[2026-07-29T04:01:32.663+0000] {processor.py:830} INFO - Processing file /opt/airflow/dags/gold_processing_dag.py for tasks to queue
[2026-07-29T04:01:32.686+0000] {logging_mixin.py:188} INFO - [2026-07-29T04:01:32.675+0000] {dagbag.py:545} INFO - Filling up the DagBag from /opt/airflow/dags/gold_processing_dag.py
[2026-07-29T04:01:32.909+0000] {processor.py:840} INFO - DAG(s) 'process_gold_layer' retrieved from /opt/airflow/dags/gold_processing_dag.py
[2026-07-29T04:01:33.105+0000] {logging_mixin.py:188} INFO - [2026-07-29T04:01:33.104+0000] {dag.py:3096} INFO - Sync 1 DAGs
[2026-07-29T04:01:33.270+0000] {logging_mixin.py:188} INFO - [2026-07-29T04:01:33.269+0000] {dag.py:3954} INFO - Setting next_dagrun for process_gold_layer to None, run_after=None
[2026-07-29T04:01:33.502+0000] {processor.py:183} INFO - Processing /opt/airflow/dags/gold_processing_dag.py took 1.063 seconds
[2026-07-29T04:02:03.795+0000] {processor.py:161} INFO - Started process (PID=27511) to work on /opt/airflow/dags/gold_processing_dag.py
[2026-07-29T04:02:03.798+0000] {processor.py:830} INFO - Processing file /opt/airflow/dags/gold_processing_dag.py for tasks to queue
[2026-07-29T04:02:03.803+0000] {logging_mixin.py:188} INFO - [2026-07-29T04:02:03.802+0000] {dagbag.py:545} INFO - Filling up the DagBag from /opt/airflow/dags/gold_processing_dag.py
[2026-07-29T04:02:03.845+0000] {processor.py:840} INFO - DAG(s) 'process_gold_layer' retrieved from /opt/airflow/dags/gold_processing_dag.py
[2026-07-29T04:02:03.902+0000] {logging_mixin.py:188} INFO - [2026-07-29T04:02:03.902+0000] {dag.py:3096} INFO - Sync 1 DAGs
[2026-07-29T04:02:03.936+0000] {logging_mixin.py:188} INFO - [2026-07-29T04:02:03.936+0000] {dag.py:3954} INFO - Setting next_dagrun for process_gold_layer to None, run_after=None
[2026-07-29T04:02:03.980+0000] {processor.py:183} INFO - Processing /opt/airflow/dags/gold_processing_dag.py took 0.199 seconds
[2026-07-29T04:02:34.389+0000] {processor.py:161} INFO - Started process (PID=27567) to work on /opt/airflow/dags/gold_processing_dag.py
[2026-07-29T04:02:34.403+0000] {processor.py:830} INFO - Processing file /opt/airflow/dags/gold_processing_dag.py for tasks to queue
[2026-07-29T04:02:34.416+0000] {logging_mixin.py:188} INFO - [2026-07-29T04:02:34.415+0000] {dagbag.py:545} INFO - Filling up the DagBag from /opt/airflow/dags/gold_processing_dag.py
[2026-07-29T04:02:34.549+0000] {processor.py:840} INFO - DAG(s) 'process_gold_layer' retrieved from /opt/airflow/dags/gold_processing_dag.py
[2026-07-29T04:02:34.611+0000] {logging_mixin.py:188} INFO - [2026-07-29T04:02:34.610+0000] {dag.py:3096} INFO - Sync 1 DAGs
[2026-07-29T04:02:34.648+0000] {logging_mixin.py:188} INFO - [2026-07-29T04:02:34.647+0000] {dag.py:3954} INFO - Setting next_dagrun for process_gold_layer to None, run_after=None
[2026-07-29T04:02:34.709+0000] {processor.py:183} INFO - Processing /opt/airflow/dags/gold_processing_dag.py took 0.350 seconds
[2026-07-29T04:03:05.388+0000] {processor.py:161} INFO - Started process (PID=27659) to work on /opt/airflow/dags/gold_processing_dag.py
[2026-07-29T04:03:05.392+0000] {processor.py:830} INFO - Processing file /opt/airflow/dags/gold_processing_dag.py for tasks to queue
[2026-07-29T04:03:05.396+0000] {logging_mixin.py:188} INFO - [2026-07-29T04:03:05.395+0000] {dagbag.py:545} INFO - Filling up the DagBag from /opt/airflow/dags/gold_processing_dag.py
[2026-07-29T04:03:05.489+0000] {processor.py:840} INFO - DAG(s) 'process_gold_layer' retrieved from /opt/airflow/dags/gold_processing_dag.py
[2026-07-29T04:03:05.594+0000] {logging_mixin.py:188} INFO - [2026-07-29T04:03:05.593+0000] {dag.py:3096} INFO - Sync 1 DAGs
[2026-07-29T04:03:05.665+0000] {logging_mixin.py:188} INFO - [2026-07-29T04:03:05.664+0000] {dag.py:3954} INFO - Setting next_dagrun for process_gold_layer to None, run_after=None
[2026-07-29T04:03:05.773+0000] {processor.py:183} INFO - Processing /opt/airflow/dags/gold_processing_dag.py took 0.409 seconds
[2026-07-29T04:03:36.535+0000] {processor.py:161} INFO - Started process (PID=27710) to work on /opt/airflow/dags/gold_processing_dag.py
[2026-07-29T04:03:36.538+0000] {processor.py:830} INFO - Processing file /opt/airflow/dags/gold_processing_dag.py for tasks to queue
[2026-07-29T04:03:36.543+0000] {logging_mixin.py:188} INFO - [2026-07-29T04:03:36.542+0000] {dagbag.py:545} INFO - Filling up the DagBag from /opt/airflow/dags/gold_processing_dag.py
[2026-07-29T04:03:36.593+0000] {processor.py:840} INFO - DAG(s) 'process_gold_layer' retrieved from /opt/airflow/dags/gold_processing_dag.py
[2026-07-29T04:03:36.649+0000] {logging_mixin.py:188} INFO - [2026-07-29T04:03:36.649+0000] {dag.py:3096} INFO - Sync 1 DAGs
[2026-07-29T04:03:36.685+0000] {logging_mixin.py:188} INFO - [2026-07-29T04:03:36.684+0000] {dag.py:3954} INFO - Setting next_dagrun for process_gold_layer to None, run_after=None
[2026-07-29T04:03:36.740+0000] {processor.py:183} INFO - Processing /opt/airflow/dags/gold_processing_dag.py took 0.221 seconds
[2026-07-29T04:04:07.543+0000] {processor.py:161} INFO - Started process (PID=27826) to work on /opt/airflow/dags/gold_processing_dag.py
[2026-07-29T04:04:07.591+0000] {processor.py:830} INFO - Processing file /opt/airflow/dags/gold_processing_dag.py for tasks to queue
[2026-07-29T04:04:07.625+0000] {logging_mixin.py:188} INFO - [2026-07-29T04:04:07.597+0000] {dagbag.py:545} INFO - Filling up the DagBag from /opt/airflow/dags/gold_processing_dag.py
[2026-07-29T04:04:07.793+0000] {processor.py:840} INFO - DAG(s) 'process_gold_layer' retrieved from /opt/airflow/dags/gold_processing_dag.py
[2026-07-29T04:04:07.901+0000] {logging_mixin.py:188} INFO - [2026-07-29T04:04:07.901+0000] {dag.py:3096} INFO - Sync 1 DAGs
[2026-07-29T04:04:07.977+0000] {logging_mixin.py:188} INFO - [2026-07-29T04:04:07.977+0000] {dag.py:3954} INFO - Setting next_dagrun for process_gold_layer to None, run_after=None
[2026-07-29T04:04:08.109+0000] {processor.py:183} INFO - Processing /opt/airflow/dags/gold_processing_dag.py took 0.651 seconds
[2026-07-29T04:04:38.571+0000] {processor.py:161} INFO - Started process (PID=28445) to work on /opt/airflow/dags/gold_processing_dag.py
[2026-07-29T04:04:38.595+0000] {processor.py:830} INFO - Processing file /opt/airflow/dags/gold_processing_dag.py for tasks to queue
[2026-07-29T04:04:38.607+0000] {logging_mixin.py:188} INFO - [2026-07-29T04:04:38.604+0000] {dagbag.py:545} INFO - Filling up the DagBag from /opt/airflow/dags/gold_processing_dag.py
[2026-07-29T04:04:38.772+0000] {processor.py:840} INFO - DAG(s) 'process_gold_layer' retrieved from /opt/airflow/dags/gold_processing_dag.py
[2026-07-29T04:04:38.930+0000] {logging_mixin.py:188} INFO - [2026-07-29T04:04:38.929+0000] {dag.py:3096} INFO - Sync 1 DAGs
[2026-07-29T04:04:39.101+0000] {logging_mixin.py:188} INFO - [2026-07-29T04:04:39.100+0000] {dag.py:3954} INFO - Setting next_dagrun for process_gold_layer to None, run_after=None
[2026-07-29T04:04:39.336+0000] {processor.py:183} INFO - Processing /opt/airflow/dags/gold_processing_dag.py took 0.797 seconds
[2026-07-29T04:05:10.563+0000] {processor.py:161} INFO - Started process (PID=28527) to work on /opt/airflow/dags/gold_processing_dag.py
[2026-07-29T04:05:10.577+0000] {processor.py:830} INFO - Processing file /opt/airflow/dags/gold_processing_dag.py for tasks to queue
[2026-07-29T04:05:10.587+0000] {logging_mixin.py:188} INFO - [2026-07-29T04:05:10.582+0000] {dagbag.py:545} INFO - Filling up the DagBag from /opt/airflow/dags/gold_processing_dag.py
[2026-07-29T04:05:10.733+0000] {processor.py:840} INFO - DAG(s) 'process_gold_layer' retrieved from /opt/airflow/dags/gold_processing_dag.py
[2026-07-29T04:05:10.995+0000] {logging_mixin.py:188} INFO - [2026-07-29T04:05:10.995+0000] {dag.py:3096} INFO - Sync 1 DAGs
[2026-07-29T04:05:11.056+0000] {logging_mixin.py:188} INFO - [2026-07-29T04:05:11.056+0000] {dag.py:3954} INFO - Setting next_dagrun for process_gold_layer to None, run_after=None
[2026-07-29T04:05:11.394+0000] {processor.py:183} INFO - Processing /opt/airflow/dags/gold_processing_dag.py took 0.941 seconds
[2026-07-29T04:05:41.874+0000] {processor.py:161} INFO - Started process (PID=28616) to work on /opt/airflow/dags/gold_processing_dag.py
[2026-07-29T04:05:41.878+0000] {processor.py:830} INFO - Processing file /opt/airflow/dags/gold_processing_dag.py for tasks to queue
[2026-07-29T04:05:41.882+0000] {logging_mixin.py:188} INFO - [2026-07-29T04:05:41.881+0000] {dagbag.py:545} INFO - Filling up the DagBag from /opt/airflow/dags/gold_processing_dag.py
[2026-07-29T04:05:41.932+0000] {processor.py:840} INFO - DAG(s) 'process_gold_layer' retrieved from /opt/airflow/dags/gold_processing_dag.py
[2026-07-29T04:05:41.999+0000] {logging_mixin.py:188} INFO - [2026-07-29T04:05:41.998+0000] {dag.py:3096} INFO - Sync 1 DAGs
[2026-07-29T04:05:42.031+0000] {logging_mixin.py:188} INFO - [2026-07-29T04:05:42.031+0000] {dag.py:3954} INFO - Setting next_dagrun for process_gold_layer to None, run_after=None
[2026-07-29T04:05:42.075+0000] {processor.py:183} INFO - Processing /opt/airflow/dags/gold_processing_dag.py took 0.225 seconds
[2026-07-29T04:06:13.031+0000] {processor.py:161} INFO - Started process (PID=28710) to work on /opt/airflow/dags/gold_processing_dag.py
[2026-07-29T04:06:13.035+0000] {processor.py:830} INFO - Processing file /opt/airflow/dags/gold_processing_dag.py for tasks to queue
[2026-07-29T04:06:13.040+0000] {logging_mixin.py:188} INFO - [2026-07-29T04:06:13.039+0000] {dagbag.py:545} INFO - Filling up the DagBag from /opt/airflow/dags/gold_processing_dag.py
[2026-07-29T04:06:13.090+0000] {processor.py:840} INFO - DAG(s) 'process_gold_layer' retrieved from /opt/airflow/dags/gold_processing_dag.py
[2026-07-29T04:06:13.158+0000] {logging_mixin.py:188} INFO - [2026-07-29T04:06:13.158+0000] {dag.py:3096} INFO - Sync 1 DAGs
[2026-07-29T04:06:13.218+0000] {logging_mixin.py:188} INFO - [2026-07-29T04:06:13.217+0000] {dag.py:3954} INFO - Setting next_dagrun for process_gold_layer to None, run_after=None
[2026-07-29T04:06:13.270+0000] {processor.py:183} INFO - Processing /opt/airflow/dags/gold_processing_dag.py took 0.259 seconds
[2026-07-29T04:06:44.200+0000] {processor.py:161} INFO - Started process (PID=28768) to work on /opt/airflow/dags/gold_processing_dag.py
[2026-07-29T04:06:44.203+0000] {processor.py:830} INFO - Processing file /opt/airflow/dags/gold_processing_dag.py for tasks to queue
[2026-07-29T04:06:44.208+0000] {logging_mixin.py:188} INFO - [2026-07-29T04:06:44.207+0000] {dagbag.py:545} INFO - Filling up the DagBag from /opt/airflow/dags/gold_processing_dag.py
[2026-07-29T04:06:44.290+0000] {processor.py:840} INFO - DAG(s) 'process_gold_layer' retrieved from /opt/airflow/dags/gold_processing_dag.py
[2026-07-29T04:06:44.418+0000] {logging_mixin.py:188} INFO - [2026-07-29T04:06:44.418+0000] {dag.py:3096} INFO - Sync 1 DAGs
[2026-07-29T04:06:44.484+0000] {logging_mixin.py:188} INFO - [2026-07-29T04:06:44.484+0000] {dag.py:3954} INFO - Setting next_dagrun for process_gold_layer to None, run_after=None
[2026-07-29T04:06:44.528+0000] {processor.py:183} INFO - Processing /opt/airflow/dags/gold_processing_dag.py took 0.367 seconds
[2026-07-29T04:07:15.112+0000] {processor.py:161} INFO - Started process (PID=28783) to work on /opt/airflow/dags/gold_processing_dag.py
[2026-07-29T04:07:15.115+0000] {processor.py:830} INFO - Processing file /opt/airflow/dags/gold_processing_dag.py for tasks to queue
[2026-07-29T04:07:15.118+0000] {logging_mixin.py:188} INFO - [2026-07-29T04:07:15.117+0000] {dagbag.py:545} INFO - Filling up the DagBag from /opt/airflow/dags/gold_processing_dag.py
[2026-07-29T04:07:15.166+0000] {processor.py:840} INFO - DAG(s) 'process_gold_layer' retrieved from /opt/airflow/dags/gold_processing_dag.py
[2026-07-29T04:07:15.258+0000] {logging_mixin.py:188} INFO - [2026-07-29T04:07:15.257+0000] {dag.py:3096} INFO - Sync 1 DAGs
[2026-07-29T04:07:15.289+0000] {logging_mixin.py:188} INFO - [2026-07-29T04:07:15.289+0000] {dag.py:3954} INFO - Setting next_dagrun for process_gold_layer to None, run_after=None
[2026-07-29T04:07:15.361+0000] {processor.py:183} INFO - Processing /opt/airflow/dags/gold_processing_dag.py took 0.261 seconds
[2026-07-29T04:07:45.657+0000] {processor.py:161} INFO - Started process (PID=28798) to work on /opt/airflow/dags/gold_processing_dag.py
[2026-07-29T04:07:45.661+0000] {processor.py:830} INFO - Processing file /opt/airflow/dags/gold_processing_dag.py for tasks to queue
[2026-07-29T04:07:45.665+0000] {logging_mixin.py:188} INFO - [2026-07-29T04:07:45.664+0000] {dagbag.py:545} INFO - Filling up the DagBag from /opt/airflow/dags/gold_processing_dag.py
[2026-07-29T04:07:45.709+0000] {processor.py:840} INFO - DAG(s) 'process_gold_layer' retrieved from /opt/airflow/dags/gold_processing_dag.py
[2026-07-29T04:07:45.760+0000] {logging_mixin.py:188} INFO - [2026-07-29T04:07:45.759+0000] {dag.py:3096} INFO - Sync 1 DAGs
[2026-07-29T04:07:45.793+0000] {logging_mixin.py:188} INFO - [2026-07-29T04:07:45.793+0000] {dag.py:3954} INFO - Setting next_dagrun for process_gold_layer to None, run_after=None
[2026-07-29T04:07:45.831+0000] {processor.py:183} INFO - Processing /opt/airflow/dags/gold_processing_dag.py took 0.198 seconds
[2026-07-29T04:08:16.716+0000] {processor.py:161} INFO - Started process (PID=28813) to work on /opt/airflow/dags/gold_processing_dag.py
[2026-07-29T04:08:16.718+0000] {processor.py:830} INFO - Processing file /opt/airflow/dags/gold_processing_dag.py for tasks to queue
[2026-07-29T04:08:16.722+0000] {logging_mixin.py:188} INFO - [2026-07-29T04:08:16.721+0000] {dagbag.py:545} INFO - Filling up the DagBag from /opt/airflow/dags/gold_processing_dag.py
[2026-07-29T04:08:16.760+0000] {processor.py:840} INFO - DAG(s) 'process_gold_layer' retrieved from /opt/airflow/dags/gold_processing_dag.py
[2026-07-29T04:08:16.820+0000] {logging_mixin.py:188} INFO - [2026-07-29T04:08:16.819+0000] {dag.py:3096} INFO - Sync 1 DAGs
[2026-07-29T04:08:16.860+0000] {logging_mixin.py:188} INFO - [2026-07-29T04:08:16.860+0000] {dag.py:3954} INFO - Setting next_dagrun for process_gold_layer to None, run_after=None
[2026-07-29T04:08:16.914+0000] {processor.py:183} INFO - Processing /opt/airflow/dags/gold_processing_dag.py took 0.215 seconds
[2026-07-29T04:08:47.450+0000] {processor.py:161} INFO - Started process (PID=28828) to work on /opt/airflow/dags/gold_processing_dag.py
[2026-07-29T04:08:47.458+0000] {processor.py:830} INFO - Processing file /opt/airflow/dags/gold_processing_dag.py for tasks to queue
[2026-07-29T04:08:47.463+0000] {logging_mixin.py:188} INFO - [2026-07-29T04:08:47.462+0000] {dagbag.py:545} INFO - Filling up the DagBag from /opt/airflow/dags/gold_processing_dag.py
[2026-07-29T04:08:47.537+0000] {processor.py:840} INFO - DAG(s) 'process_gold_layer' retrieved from /opt/airflow/dags/gold_processing_dag.py
[2026-07-29T04:08:47.582+0000] {logging_mixin.py:188} INFO - [2026-07-29T04:08:47.582+0000] {dag.py:3096} INFO - Sync 1 DAGs
[2026-07-29T04:08:47.611+0000] {logging_mixin.py:188} INFO - [2026-07-29T04:08:47.610+0000] {dag.py:3954} INFO - Setting next_dagrun for process_gold_layer to None, run_after=None
[2026-07-29T04:08:47.664+0000] {processor.py:183} INFO - Processing /opt/airflow/dags/gold_processing_dag.py took 0.246 seconds
[2026-07-29T04:09:17.954+0000] {processor.py:161} INFO - Started process (PID=28843) to work on /opt/airflow/dags/gold_processing_dag.py
[2026-07-29T04:09:17.956+0000] {processor.py:830} INFO - Processing file /opt/airflow/dags/gold_processing_dag.py for tasks to queue
[2026-07-29T04:09:17.960+0000] {logging_mixin.py:188} INFO - [2026-07-29T04:09:17.958+0000] {dagbag.py:545} INFO - Filling up the DagBag from /opt/airflow/dags/gold_processing_dag.py
[2026-07-29T04:09:18.003+0000] {processor.py:840} INFO - DAG(s) 'process_gold_layer' retrieved from /opt/airflow/dags/gold_processing_dag.py
[2026-07-29T04:09:18.073+0000] {logging_mixin.py:188} INFO - [2026-07-29T04:09:18.072+0000] {dag.py:3096} INFO - Sync 1 DAGs
[2026-07-29T04:09:18.120+0000] {logging_mixin.py:188} INFO - [2026-07-29T04:09:18.120+0000] {dag.py:3954} INFO - Setting next_dagrun for process_gold_layer to None, run_after=None
[2026-07-29T04:09:18.193+0000] {processor.py:183} INFO - Processing /opt/airflow/dags/gold_processing_dag.py took 0.254 seconds
[2026-07-29T04:09:49.201+0000] {processor.py:161} INFO - Started process (PID=28858) to work on /opt/airflow/dags/gold_processing_dag.py
[2026-07-29T04:09:49.204+0000] {processor.py:830} INFO - Processing file /opt/airflow/dags/gold_processing_dag.py for tasks to queue
[2026-07-29T04:09:49.208+0000] {logging_mixin.py:188} INFO - [2026-07-29T04:09:49.208+0000] {dagbag.py:545} INFO - Filling up the DagBag from /opt/airflow/dags/gold_processing_dag.py
[2026-07-29T04:09:49.245+0000] {processor.py:840} INFO - DAG(s) 'process_gold_layer' retrieved from /opt/airflow/dags/gold_processing_dag.py
[2026-07-29T04:09:49.297+0000] {logging_mixin.py:188} INFO - [2026-07-29T04:09:49.297+0000] {dag.py:3096} INFO - Sync 1 DAGs
[2026-07-29T04:09:49.326+0000] {logging_mixin.py:188} INFO - [2026-07-29T04:09:49.326+0000] {dag.py:3954} INFO - Setting next_dagrun for process_gold_layer to None, run_after=None
[2026-07-29T04:09:49.375+0000] {processor.py:183} INFO - Processing /opt/airflow/dags/gold_processing_dag.py took 0.187 seconds
[2026-07-29T04:10:20.216+0000] {processor.py:161} INFO - Started process (PID=28873) to work on /opt/airflow/dags/gold_processing_dag.py
[2026-07-29T04:10:20.221+0000] {processor.py:830} INFO - Processing file /opt/airflow/dags/gold_processing_dag.py for tasks to queue
[2026-07-29T04:10:20.234+0000] {logging_mixin.py:188} INFO - [2026-07-29T04:10:20.225+0000] {dagbag.py:545} INFO - Filling up the DagBag from /opt/airflow/dags/gold_processing_dag.py
[2026-07-29T04:10:20.292+0000] {processor.py:840} INFO - DAG(s) 'process_gold_layer' retrieved from /opt/airflow/dags/gold_processing_dag.py
[2026-07-29T04:10:20.429+0000] {logging_mixin.py:188} INFO - [2026-07-29T04:10:20.428+0000] {dag.py:3096} INFO - Sync 1 DAGs
[2026-07-29T04:10:20.496+0000] {logging_mixin.py:188} INFO - [2026-07-29T04:10:20.495+0000] {dag.py:3954} INFO - Setting next_dagrun for process_gold_layer to None, run_after=None
[2026-07-29T04:10:20.571+0000] {processor.py:183} INFO - Processing /opt/airflow/dags/gold_processing_dag.py took 0.372 seconds
[2026-07-29T04:10:50.878+0000] {processor.py:161} INFO - Started process (PID=28888) to work on /opt/airflow/dags/gold_processing_dag.py
[2026-07-29T04:10:50.880+0000] {processor.py:830} INFO - Processing file /opt/airflow/dags/gold_processing_dag.py for tasks to queue
[2026-07-29T04:10:50.883+0000] {logging_mixin.py:188} INFO - [2026-07-29T04:10:50.883+0000] {dagbag.py:545} INFO - Filling up the DagBag from /opt/airflow/dags/gold_processing_dag.py
[2026-07-29T04:10:50.919+0000] {processor.py:840} INFO - DAG(s) 'process_gold_layer' retrieved from /opt/airflow/dags/gold_processing_dag.py
[2026-07-29T04:10:50.962+0000] {logging_mixin.py:188} INFO - [2026-07-29T04:10:50.961+0000] {dag.py:3096} INFO - Sync 1 DAGs
[2026-07-29T04:10:50.992+0000] {logging_mixin.py:188} INFO - [2026-07-29T04:10:50.991+0000] {dag.py:3954} INFO - Setting next_dagrun for process_gold_layer to None, run_after=None
[2026-07-29T04:10:51.038+0000] {processor.py:183} INFO - Processing /opt/airflow/dags/gold_processing_dag.py took 0.173 seconds
[2026-07-29T04:11:21.198+0000] {processor.py:161} INFO - Started process (PID=28903) to work on /opt/airflow/dags/gold_processing_dag.py
[2026-07-29T04:11:21.204+0000] {processor.py:830} INFO - Processing file /opt/airflow/dags/gold_processing_dag.py for tasks to queue
[2026-07-29T04:11:21.210+0000] {logging_mixin.py:188} INFO - [2026-07-29T04:11:21.207+0000] {dagbag.py:545} INFO - Filling up the DagBag from /opt/airflow/dags/gold_processing_dag.py
[2026-07-29T04:11:21.249+0000] {processor.py:840} INFO - DAG(s) 'process_gold_layer' retrieved from /opt/airflow/dags/gold_processing_dag.py
[2026-07-29T04:11:21.306+0000] {logging_mixin.py:188} INFO - [2026-07-29T04:11:21.305+0000] {dag.py:3096} INFO - Sync 1 DAGs
[2026-07-29T04:11:21.337+0000] {logging_mixin.py:188} INFO - [2026-07-29T04:11:21.337+0000] {dag.py:3954} INFO - Setting next_dagrun for process_gold_layer to None, run_after=None
[2026-07-29T04:11:21.377+0000] {processor.py:183} INFO - Processing /opt/airflow/dags/gold_processing_dag.py took 0.211 seconds
[2026-07-29T04:11:51.636+0000] {processor.py:161} INFO - Started process (PID=28918) to work on /opt/airflow/dags/gold_processing_dag.py
[2026-07-29T04:11:51.639+0000] {processor.py:830} INFO - Processing file /opt/airflow/dags/gold_processing_dag.py for tasks to queue
[2026-07-29T04:11:51.643+0000] {logging_mixin.py:188} INFO - [2026-07-29T04:11:51.643+0000] {dagbag.py:545} INFO - Filling up the DagBag from /opt/airflow/dags/gold_processing_dag.py
[2026-07-29T04:11:51.692+0000] {processor.py:840} INFO - DAG(s) 'process_gold_layer' retrieved from /opt/airflow/dags/gold_processing_dag.py
[2026-07-29T04:11:51.745+0000] {logging_mixin.py:188} INFO - [2026-07-29T04:11:51.745+0000] {dag.py:3096} INFO - Sync 1 DAGs
[2026-07-29T04:11:51.777+0000] {logging_mixin.py:188} INFO - [2026-07-29T04:11:51.777+0000] {dag.py:3954} INFO - Setting next_dagrun for process_gold_layer to None, run_after=None
[2026-07-29T04:11:51.818+0000] {processor.py:183} INFO - Processing /opt/airflow/dags/gold_processing_dag.py took 0.199 seconds
[2026-07-29T04:12:22.341+0000] {processor.py:161} INFO - Started process (PID=28933) to work on /opt/airflow/dags/gold_processing_dag.py
[2026-07-29T04:12:22.344+0000] {processor.py:830} INFO - Processing file /opt/airflow/dags/gold_processing_dag.py for tasks to queue
[2026-07-29T04:12:22.347+0000] {logging_mixin.py:188} INFO - [2026-07-29T04:12:22.346+0000] {dagbag.py:545} INFO - Filling up the DagBag from /opt/airflow/dags/gold_processing_dag.py
[2026-07-29T04:12:22.410+0000] {processor.py:840} INFO - DAG(s) 'process_gold_layer' retrieved from /opt/airflow/dags/gold_processing_dag.py
[2026-07-29T04:12:22.463+0000] {logging_mixin.py:188} INFO - [2026-07-29T04:12:22.463+0000] {dag.py:3096} INFO - Sync 1 DAGs
[2026-07-29T04:12:22.493+0000] {logging_mixin.py:188} INFO - [2026-07-29T04:12:22.493+0000] {dag.py:3954} INFO - Setting next_dagrun for process_gold_layer to None, run_after=None
[2026-07-29T04:12:22.535+0000] {processor.py:183} INFO - Processing /opt/airflow/dags/gold_processing_dag.py took 0.211 seconds
[2026-07-29T04:12:52.993+0000] {processor.py:161} INFO - Started process (PID=28948) to work on /opt/airflow/dags/gold_processing_dag.py
[2026-07-29T04:12:53.005+0000] {processor.py:830} INFO - Processing file /opt/airflow/dags/gold_processing_dag.py for tasks to queue
[2026-07-29T04:12:53.012+0000] {logging_mixin.py:188} INFO - [2026-07-29T04:12:53.011+0000] {dagbag.py:545} INFO - Filling up the DagBag from /opt/airflow/dags/gold_processing_dag.py
[2026-07-29T04:12:53.100+0000] {processor.py:840} INFO - DAG(s) 'process_gold_layer' retrieved from /opt/airflow/dags/gold_processing_dag.py
[2026-07-29T04:12:53.192+0000] {logging_mixin.py:188} INFO - [2026-07-29T04:12:53.192+0000] {dag.py:3096} INFO - Sync 1 DAGs
[2026-07-29T04:12:53.231+0000] {logging_mixin.py:188} INFO - [2026-07-29T04:12:53.230+0000] {dag.py:3954} INFO - Setting next_dagrun for process_gold_layer to None, run_after=None
[2026-07-29T04:12:53.282+0000] {processor.py:183} INFO - Processing /opt/airflow/dags/gold_processing_dag.py took 0.313 seconds
[2026-07-29T04:13:23.414+0000] {processor.py:161} INFO - Started process (PID=28963) to work on /opt/airflow/dags/gold_processing_dag.py
[2026-07-29T04:13:23.417+0000] {processor.py:830} INFO - Processing file /opt/airflow/dags/gold_processing_dag.py for tasks to queue
[2026-07-29T04:13:23.420+0000] {logging_mixin.py:188} INFO - [2026-07-29T04:13:23.420+0000] {dagbag.py:545} INFO - Filling up the DagBag from /opt/airflow/dags/gold_processing_dag.py
[2026-07-29T04:13:23.469+0000] {processor.py:840} INFO - DAG(s) 'process_gold_layer' retrieved from /opt/airflow/dags/gold_processing_dag.py
[2026-07-29T04:13:23.516+0000] {logging_mixin.py:188} INFO - [2026-07-29T04:13:23.516+0000] {dag.py:3096} INFO - Sync 1 DAGs
[2026-07-29T04:13:23.541+0000] {logging_mixin.py:188} INFO - [2026-07-29T04:13:23.541+0000] {dag.py:3954} INFO - Setting next_dagrun for process_gold_layer to None, run_after=None
[2026-07-29T04:13:23.583+0000] {processor.py:183} INFO - Processing /opt/airflow/dags/gold_processing_dag.py took 0.189 seconds
[2026-07-29T04:13:53.759+0000] {processor.py:161} INFO - Started process (PID=28978) to work on /opt/airflow/dags/gold_processing_dag.py
[2026-07-29T04:13:53.762+0000] {processor.py:830} INFO - Processing file /opt/airflow/dags/gold_processing_dag.py for tasks to queue
[2026-07-29T04:13:53.765+0000] {logging_mixin.py:188} INFO - [2026-07-29T04:13:53.764+0000] {dagbag.py:545} INFO - Filling up the DagBag from /opt/airflow/dags/gold_processing_dag.py
[2026-07-29T04:13:53.825+0000] {processor.py:840} INFO - DAG(s) 'process_gold_layer' retrieved from /opt/airflow/dags/gold_processing_dag.py
[2026-07-29T04:13:53.881+0000] {logging_mixin.py:188} INFO - [2026-07-29T04:13:53.880+0000] {dag.py:3096} INFO - Sync 1 DAGs
[2026-07-29T04:13:53.906+0000] {logging_mixin.py:188} INFO - [2026-07-29T04:13:53.906+0000] {dag.py:3954} INFO - Setting next_dagrun for process_gold_layer to None, run_after=None
[2026-07-29T04:13:53.950+0000] {processor.py:183} INFO - Processing /opt/airflow/dags/gold_processing_dag.py took 0.203 seconds
[2026-07-29T04:14:24.473+0000] {processor.py:161} INFO - Started process (PID=28993) to work on /opt/airflow/dags/gold_processing_dag.py
[2026-07-29T04:14:24.476+0000] {processor.py:830} INFO - Processing file /opt/airflow/dags/gold_processing_dag.py for tasks to queue
[2026-07-29T04:14:24.479+0000] {logging_mixin.py:188} INFO - [2026-07-29T04:14:24.478+0000] {dagbag.py:545} INFO - Filling up the DagBag from /opt/airflow/dags/gold_processing_dag.py
[2026-07-29T04:14:24.520+0000] {processor.py:840} INFO - DAG(s) 'process_gold_layer' retrieved from /opt/airflow/dags/gold_processing_dag.py
[2026-07-29T04:14:24.562+0000] {logging_mixin.py:188} INFO - [2026-07-29T04:14:24.561+0000] {dag.py:3096} INFO - Sync 1 DAGs
[2026-07-29T04:14:24.589+0000] {logging_mixin.py:188} INFO - [2026-07-29T04:14:24.588+0000] {dag.py:3954} INFO - Setting next_dagrun for process_gold_layer to None, run_after=None
[2026-07-29T04:14:24.630+0000] {processor.py:183} INFO - Processing /opt/airflow/dags/gold_processing_dag.py took 0.172 seconds
[2026-07-29T04:14:54.989+0000] {processor.py:161} INFO - Started process (PID=29008) to work on /opt/airflow/dags/gold_processing_dag.py
[2026-07-29T04:14:54.991+0000] {processor.py:830} INFO - Processing file /opt/airflow/dags/gold_processing_dag.py for tasks to queue
[2026-07-29T04:14:54.999+0000] {logging_mixin.py:188} INFO - [2026-07-29T04:14:54.993+0000] {dagbag.py:545} INFO - Filling up the DagBag from /opt/airflow/dags/gold_processing_dag.py
[2026-07-29T04:14:55.064+0000] {processor.py:840} INFO - DAG(s) 'process_gold_layer' retrieved from /opt/airflow/dags/gold_processing_dag.py
[2026-07-29T04:14:55.106+0000] {logging_mixin.py:188} INFO - [2026-07-29T04:14:55.106+0000] {dag.py:3096} INFO - Sync 1 DAGs
[2026-07-29T04:14:55.140+0000] {logging_mixin.py:188} INFO - [2026-07-29T04:14:55.139+0000] {dag.py:3954} INFO - Setting next_dagrun for process_gold_layer to None, run_after=None
[2026-07-29T04:14:55.185+0000] {processor.py:183} INFO - Processing /opt/airflow/dags/gold_processing_dag.py took 0.210 seconds
[2026-07-29T04:15:25.439+0000] {processor.py:161} INFO - Started process (PID=29023) to work on /opt/airflow/dags/gold_processing_dag.py
[2026-07-29T04:15:25.442+0000] {processor.py:830} INFO - Processing file /opt/airflow/dags/gold_processing_dag.py for tasks to queue
[2026-07-29T04:15:25.446+0000] {logging_mixin.py:188} INFO - [2026-07-29T04:15:25.445+0000] {dagbag.py:545} INFO - Filling up the DagBag from /opt/airflow/dags/gold_processing_dag.py
[2026-07-29T04:15:25.495+0000] {processor.py:840} INFO - DAG(s) 'process_gold_layer' retrieved from /opt/airflow/dags/gold_processing_dag.py
[2026-07-29T04:15:25.542+0000] {logging_mixin.py:188} INFO - [2026-07-29T04:15:25.541+0000] {dag.py:3096} INFO - Sync 1 DAGs
[2026-07-29T04:15:25.567+0000] {logging_mixin.py:188} INFO - [2026-07-29T04:15:25.567+0000] {dag.py:3954} INFO - Setting next_dagrun for process_gold_layer to None, run_after=None
[2026-07-29T04:15:25.613+0000] {processor.py:183} INFO - Processing /opt/airflow/dags/gold_processing_dag.py took 0.189 seconds
[2026-07-29T04:15:55.930+0000] {processor.py:161} INFO - Started process (PID=29038) to work on /opt/airflow/dags/gold_processing_dag.py
[2026-07-29T04:15:55.933+0000] {processor.py:830} INFO - Processing file /opt/airflow/dags/gold_processing_dag.py for tasks to queue
[2026-07-29T04:15:55.936+0000] {logging_mixin.py:188} INFO - [2026-07-29T04:15:55.935+0000] {dagbag.py:545} INFO - Filling up the DagBag from /opt/airflow/dags/gold_processing_dag.py
[2026-07-29T04:15:55.977+0000] {processor.py:840} INFO - DAG(s) 'process_gold_layer' retrieved from /opt/airflow/dags/gold_processing_dag.py
[2026-07-29T04:15:56.033+0000] {logging_mixin.py:188} INFO - [2026-07-29T04:15:56.033+0000] {dag.py:3096} INFO - Sync 1 DAGs
[2026-07-29T04:15:56.078+0000] {logging_mixin.py:188} INFO - [2026-07-29T04:15:56.077+0000] {dag.py:3954} INFO - Setting next_dagrun for process_gold_layer to None, run_after=None
[2026-07-29T04:15:56.145+0000] {processor.py:183} INFO - Processing /opt/airflow/dags/gold_processing_dag.py took 0.227 seconds
[2026-07-29T04:16:26.904+0000] {processor.py:161} INFO - Started process (PID=29053) to work on /opt/airflow/dags/gold_processing_dag.py
[2026-07-29T04:16:26.907+0000] {processor.py:830} INFO - Processing file /opt/airflow/dags/gold_processing_dag.py for tasks to queue
[2026-07-29T04:16:26.910+0000] {logging_mixin.py:188} INFO - [2026-07-29T04:16:26.910+0000] {dagbag.py:545} INFO - Filling up the DagBag from /opt/airflow/dags/gold_processing_dag.py
[2026-07-29T04:16:26.946+0000] {processor.py:840} INFO - DAG(s) 'process_gold_layer' retrieved from /opt/airflow/dags/gold_processing_dag.py
[2026-07-29T04:16:26.990+0000] {logging_mixin.py:188} INFO - [2026-07-29T04:16:26.989+0000] {dag.py:3096} INFO - Sync 1 DAGs
[2026-07-29T04:16:27.018+0000] {logging_mixin.py:188} INFO - [2026-07-29T04:16:27.017+0000] {dag.py:3954} INFO - Setting next_dagrun for process_gold_layer to None, run_after=None
[2026-07-29T04:16:27.067+0000] {processor.py:183} INFO - Processing /opt/airflow/dags/gold_processing_dag.py took 0.175 seconds
[2026-07-29T04:16:57.779+0000] {processor.py:161} INFO - Started process (PID=29068) to work on /opt/airflow/dags/gold_processing_dag.py
[2026-07-29T04:16:57.782+0000] {processor.py:830} INFO - Processing file /opt/airflow/dags/gold_processing_dag.py for tasks to queue
[2026-07-29T04:16:57.785+0000] {logging_mixin.py:188} INFO - [2026-07-29T04:16:57.784+0000] {dagbag.py:545} INFO - Filling up the DagBag from /opt/airflow/dags/gold_processing_dag.py
[2026-07-29T04:16:57.823+0000] {processor.py:840} INFO - DAG(s) 'process_gold_layer' retrieved from /opt/airflow/dags/gold_processing_dag.py
[2026-07-29T04:16:57.867+0000] {logging_mixin.py:188} INFO - [2026-07-29T04:16:57.866+0000] {dag.py:3096} INFO - Sync 1 DAGs
[2026-07-29T04:16:57.895+0000] {logging_mixin.py:188} INFO - [2026-07-29T04:16:57.895+0000] {dag.py:3954} INFO - Setting next_dagrun for process_gold_layer to None, run_after=None
[2026-07-29T04:16:57.947+0000] {processor.py:183} INFO - Processing /opt/airflow/dags/gold_processing_dag.py took 0.181 seconds
[2026-07-29T04:17:28.125+0000] {processor.py:161} INFO - Started process (PID=29083) to work on /opt/airflow/dags/gold_processing_dag.py
[2026-07-29T04:17:28.128+0000] {processor.py:830} INFO - Processing file /opt/airflow/dags/gold_processing_dag.py for tasks to queue
[2026-07-29T04:17:28.132+0000] {logging_mixin.py:188} INFO - [2026-07-29T04:17:28.131+0000] {dagbag.py:545} INFO - Filling up the DagBag from /opt/airflow/dags/gold_processing_dag.py
[2026-07-29T04:17:28.168+0000] {processor.py:840} INFO - DAG(s) 'process_gold_layer' retrieved from /opt/airflow/dags/gold_processing_dag.py
[2026-07-29T04:17:28.211+0000] {logging_mixin.py:188} INFO - [2026-07-29T04:17:28.211+0000] {dag.py:3096} INFO - Sync 1 DAGs
[2026-07-29T04:17:28.248+0000] {logging_mixin.py:188} INFO - [2026-07-29T04:17:28.248+0000] {dag.py:3954} INFO - Setting next_dagrun for process_gold_layer to None, run_after=None
[2026-07-29T04:17:28.295+0000] {processor.py:183} INFO - Processing /opt/airflow/dags/gold_processing_dag.py took 0.184 seconds
[2026-07-29T04:17:58.438+0000] {processor.py:161} INFO - Started process (PID=29098) to work on /opt/airflow/dags/gold_processing_dag.py
[2026-07-29T04:17:58.440+0000] {processor.py:830} INFO - Processing file /opt/airflow/dags/gold_processing_dag.py for tasks to queue
[2026-07-29T04:17:58.444+0000] {logging_mixin.py:188} INFO - [2026-07-29T04:17:58.443+0000] {dagbag.py:545} INFO - Filling up the DagBag from /opt/airflow/dags/gold_processing_dag.py
[2026-07-29T04:17:58.486+0000] {processor.py:840} INFO - DAG(s) 'process_gold_layer' retrieved from /opt/airflow/dags/gold_processing_dag.py
[2026-07-29T04:17:58.534+0000] {logging_mixin.py:188} INFO - [2026-07-29T04:17:58.533+0000] {dag.py:3096} INFO - Sync 1 DAGs
[2026-07-29T04:17:58.588+0000] {logging_mixin.py:188} INFO - [2026-07-29T04:17:58.588+0000] {dag.py:3954} INFO - Setting next_dagrun for process_gold_layer to None, run_after=None
[2026-07-29T04:17:58.641+0000] {processor.py:183} INFO - Processing /opt/airflow/dags/gold_processing_dag.py took 0.217 seconds
[2026-07-29T04:18:29.186+0000] {processor.py:161} INFO - Started process (PID=29113) to work on /opt/airflow/dags/gold_processing_dag.py
[2026-07-29T04:18:29.188+0000] {processor.py:830} INFO - Processing file /opt/airflow/dags/gold_processing_dag.py for tasks to queue
[2026-07-29T04:18:29.192+0000] {logging_mixin.py:188} INFO - [2026-07-29T04:18:29.191+0000] {dagbag.py:545} INFO - Filling up the DagBag from /opt/airflow/dags/gold_processing_dag.py
[2026-07-29T04:18:29.245+0000] {processor.py:840} INFO - DAG(s) 'process_gold_layer' retrieved from /opt/airflow/dags/gold_processing_dag.py
[2026-07-29T04:18:29.297+0000] {logging_mixin.py:188} INFO - [2026-07-29T04:18:29.296+0000] {dag.py:3096} INFO - Sync 1 DAGs
[2026-07-29T04:18:29.328+0000] {logging_mixin.py:188} INFO - [2026-07-29T04:18:29.328+0000] {dag.py:3954} INFO - Setting next_dagrun for process_gold_layer to None, run_after=None
[2026-07-29T04:18:29.381+0000] {processor.py:183} INFO - Processing /opt/airflow/dags/gold_processing_dag.py took 0.205 seconds
[2026-07-29T04:18:59.865+0000] {processor.py:161} INFO - Started process (PID=29128) to work on /opt/airflow/dags/gold_processing_dag.py
[2026-07-29T04:18:59.868+0000] {processor.py:830} INFO - Processing file /opt/airflow/dags/gold_processing_dag.py for tasks to queue
[2026-07-29T04:18:59.872+0000] {logging_mixin.py:188} INFO - [2026-07-29T04:18:59.872+0000] {dagbag.py:545} INFO - Filling up the DagBag from /opt/airflow/dags/gold_processing_dag.py
[2026-07-29T04:18:59.916+0000] {processor.py:840} INFO - DAG(s) 'process_gold_layer' retrieved from /opt/airflow/dags/gold_processing_dag.py
[2026-07-29T04:18:59.976+0000] {logging_mixin.py:188} INFO - [2026-07-29T04:18:59.975+0000] {dag.py:3096} INFO - Sync 1 DAGs
[2026-07-29T04:19:00.009+0000] {logging_mixin.py:188} INFO - [2026-07-29T04:19:00.008+0000] {dag.py:3954} INFO - Setting next_dagrun for process_gold_layer to None, run_after=None
[2026-07-29T04:19:00.057+0000] {processor.py:183} INFO - Processing /opt/airflow/dags/gold_processing_dag.py took 0.206 seconds
[2026-07-29T04:19:30.163+0000] {processor.py:161} INFO - Started process (PID=29143) to work on /opt/airflow/dags/gold_processing_dag.py
[2026-07-29T04:19:30.166+0000] {processor.py:830} INFO - Processing file /opt/airflow/dags/gold_processing_dag.py for tasks to queue
[2026-07-29T04:19:30.170+0000] {logging_mixin.py:188} INFO - [2026-07-29T04:19:30.169+0000] {dagbag.py:545} INFO - Filling up the DagBag from /opt/airflow/dags/gold_processing_dag.py
[2026-07-29T04:19:30.214+0000] {processor.py:840} INFO - DAG(s) 'process_gold_layer' retrieved from /opt/airflow/dags/gold_processing_dag.py
[2026-07-29T04:19:30.254+0000] {logging_mixin.py:188} INFO - [2026-07-29T04:19:30.254+0000] {dag.py:3096} INFO - Sync 1 DAGs
[2026-07-29T04:19:30.280+0000] {logging_mixin.py:188} INFO - [2026-07-29T04:19:30.280+0000] {dag.py:3954} INFO - Setting next_dagrun for process_gold_layer to None, run_after=None
[2026-07-29T04:19:30.318+0000] {processor.py:183} INFO - Processing /opt/airflow/dags/gold_processing_dag.py took 0.169 seconds
[2026-07-29T04:20:00.608+0000] {processor.py:161} INFO - Started process (PID=29158) to work on /opt/airflow/dags/gold_processing_dag.py
[2026-07-29T04:20:00.612+0000] {processor.py:830} INFO - Processing file /opt/airflow/dags/gold_processing_dag.py for tasks to queue
[2026-07-29T04:20:00.615+0000] {logging_mixin.py:188} INFO - [2026-07-29T04:20:00.614+0000] {dagbag.py:545} INFO - Filling up the DagBag from /opt/airflow/dags/gold_processing_dag.py
[2026-07-29T04:20:00.663+0000] {processor.py:840} INFO - DAG(s) 'process_gold_layer' retrieved from /opt/airflow/dags/gold_processing_dag.py
[2026-07-29T04:20:00.718+0000] {logging_mixin.py:188} INFO - [2026-07-29T04:20:00.717+0000] {dag.py:3096} INFO - Sync 1 DAGs
[2026-07-29T04:20:00.749+0000] {logging_mixin.py:188} INFO - [2026-07-29T04:20:00.749+0000] {dag.py:3954} INFO - Setting next_dagrun for process_gold_layer to None, run_after=None
[2026-07-29T04:20:00.809+0000] {processor.py:183} INFO - Processing /opt/airflow/dags/gold_processing_dag.py took 0.224 seconds
[2026-07-29T04:20:31.024+0000] {processor.py:161} INFO - Started process (PID=29173) to work on /opt/airflow/dags/gold_processing_dag.py
[2026-07-29T04:20:31.027+0000] {processor.py:830} INFO - Processing file /opt/airflow/dags/gold_processing_dag.py for tasks to queue
[2026-07-29T04:20:31.030+0000] {logging_mixin.py:188} INFO - [2026-07-29T04:20:31.029+0000] {dagbag.py:545} INFO - Filling up the DagBag from /opt/airflow/dags/gold_processing_dag.py
[2026-07-29T04:20:31.069+0000] {processor.py:840} INFO - DAG(s) 'process_gold_layer' retrieved from /opt/airflow/dags/gold_processing_dag.py
[2026-07-29T04:20:31.113+0000] {logging_mixin.py:188} INFO - [2026-07-29T04:20:31.113+0000] {dag.py:3096} INFO - Sync 1 DAGs
[2026-07-29T04:20:31.143+0000] {logging_mixin.py:188} INFO - [2026-07-29T04:20:31.142+0000] {dag.py:3954} INFO - Setting next_dagrun for process_gold_layer to None, run_after=None
[2026-07-29T04:20:31.179+0000] {processor.py:183} INFO - Processing /opt/airflow/dags/gold_processing_dag.py took 0.170 seconds
[2026-07-29T04:21:01.556+0000] {processor.py:161} INFO - Started process (PID=29188) to work on /opt/airflow/dags/gold_processing_dag.py
[2026-07-29T04:21:01.559+0000] {processor.py:830} INFO - Processing file /opt/airflow/dags/gold_processing_dag.py for tasks to queue
[2026-07-29T04:21:01.562+0000] {logging_mixin.py:188} INFO - [2026-07-29T04:21:01.562+0000] {dagbag.py:545} INFO - Filling up the DagBag from /opt/airflow/dags/gold_processing_dag.py
[2026-07-29T04:21:01.599+0000] {processor.py:840} INFO - DAG(s) 'process_gold_layer' retrieved from /opt/airflow/dags/gold_processing_dag.py
[2026-07-29T04:21:01.639+0000] {logging_mixin.py:188} INFO - [2026-07-29T04:21:01.639+0000] {dag.py:3096} INFO - Sync 1 DAGs
[2026-07-29T04:21:01.668+0000] {logging_mixin.py:188} INFO - [2026-07-29T04:21:01.668+0000] {dag.py:3954} INFO - Setting next_dagrun for process_gold_layer to None, run_after=None
[2026-07-29T04:21:01.708+0000] {processor.py:183} INFO - Processing /opt/airflow/dags/gold_processing_dag.py took 0.164 seconds
[2026-07-29T04:21:32.022+0000] {processor.py:161} INFO - Started process (PID=29203) to work on /opt/airflow/dags/gold_processing_dag.py
[2026-07-29T04:21:32.027+0000] {processor.py:830} INFO - Processing file /opt/airflow/dags/gold_processing_dag.py for tasks to queue
[2026-07-29T04:21:32.031+0000] {logging_mixin.py:188} INFO - [2026-07-29T04:21:32.030+0000] {dagbag.py:545} INFO - Filling up the DagBag from /opt/airflow/dags/gold_processing_dag.py
[2026-07-29T04:21:32.081+0000] {processor.py:840} INFO - DAG(s) 'process_gold_layer' retrieved from /opt/airflow/dags/gold_processing_dag.py
[2026-07-29T04:21:32.129+0000] {logging_mixin.py:188} INFO - [2026-07-29T04:21:32.128+0000] {dag.py:3096} INFO - Sync 1 DAGs
[2026-07-29T04:21:32.153+0000] {logging_mixin.py:188} INFO - [2026-07-29T04:21:32.152+0000] {dag.py:3954} INFO - Setting next_dagrun for process_gold_layer to None, run_after=None
[2026-07-29T04:21:32.203+0000] {processor.py:183} INFO - Processing /opt/airflow/dags/gold_processing_dag.py took 0.207 seconds
[2026-07-29T04:22:02.473+0000] {processor.py:161} INFO - Started process (PID=29218) to work on /opt/airflow/dags/gold_processing_dag.py
[2026-07-29T04:22:02.476+0000] {processor.py:830} INFO - Processing file /opt/airflow/dags/gold_processing_dag.py for tasks to queue
[2026-07-29T04:22:02.479+0000] {logging_mixin.py:188} INFO - [2026-07-29T04:22:02.478+0000] {dagbag.py:545} INFO - Filling up the DagBag from /opt/airflow/dags/gold_processing_dag.py
[2026-07-29T04:22:02.519+0000] {processor.py:840} INFO - DAG(s) 'process_gold_layer' retrieved from /opt/airflow/dags/gold_processing_dag.py
[2026-07-29T04:22:02.556+0000] {logging_mixin.py:188} INFO - [2026-07-29T04:22:02.556+0000] {dag.py:3096} INFO - Sync 1 DAGs
[2026-07-29T04:22:02.581+0000] {logging_mixin.py:188} INFO - [2026-07-29T04:22:02.581+0000] {dag.py:3954} INFO - Setting next_dagrun for process_gold_layer to None, run_after=None
[2026-07-29T04:22:02.625+0000] {processor.py:183} INFO - Processing /opt/airflow/dags/gold_processing_dag.py took 0.187 seconds
[2026-07-29T04:22:33.103+0000] {processor.py:161} INFO - Started process (PID=29233) to work on /opt/airflow/dags/gold_processing_dag.py
[2026-07-29T04:22:33.106+0000] {processor.py:830} INFO - Processing file /opt/airflow/dags/gold_processing_dag.py for tasks to queue
[2026-07-29T04:22:33.110+0000] {logging_mixin.py:188} INFO - [2026-07-29T04:22:33.109+0000] {dagbag.py:545} INFO - Filling up the DagBag from /opt/airflow/dags/gold_processing_dag.py
[2026-07-29T04:22:33.146+0000] {processor.py:840} INFO - DAG(s) 'process_gold_layer' retrieved from /opt/airflow/dags/gold_processing_dag.py
[2026-07-29T04:22:33.194+0000] {logging_mixin.py:188} INFO - [2026-07-29T04:22:33.194+0000] {dag.py:3096} INFO - Sync 1 DAGs
[2026-07-29T04:22:33.221+0000] {logging_mixin.py:188} INFO - [2026-07-29T04:22:33.221+0000] {dag.py:3954} INFO - Setting next_dagrun for process_gold_layer to None, run_after=None
[2026-07-29T04:22:33.261+0000] {processor.py:183} INFO - Processing /opt/airflow/dags/gold_processing_dag.py took 0.173 seconds
[2026-07-29T04:23:03.735+0000] {processor.py:161} INFO - Started process (PID=29248) to work on /opt/airflow/dags/gold_processing_dag.py
[2026-07-29T04:23:03.738+0000] {processor.py:830} INFO - Processing file /opt/airflow/dags/gold_processing_dag.py for tasks to queue
[2026-07-29T04:23:03.741+0000] {logging_mixin.py:188} INFO - [2026-07-29T04:23:03.740+0000] {dagbag.py:545} INFO - Filling up the DagBag from /opt/airflow/dags/gold_processing_dag.py
[2026-07-29T04:23:03.780+0000] {processor.py:840} INFO - DAG(s) 'process_gold_layer' retrieved from /opt/airflow/dags/gold_processing_dag.py
[2026-07-29T04:23:03.823+0000] {logging_mixin.py:188} INFO - [2026-07-29T04:23:03.823+0000] {dag.py:3096} INFO - Sync 1 DAGs
[2026-07-29T04:23:03.860+0000] {logging_mixin.py:188} INFO - [2026-07-29T04:23:03.859+0000] {dag.py:3954} INFO - Setting next_dagrun for process_gold_layer to None, run_after=None
[2026-07-29T04:23:03.915+0000] {processor.py:183} INFO - Processing /opt/airflow/dags/gold_processing_dag.py took 0.194 seconds
[2026-07-29T04:23:34.049+0000] {processor.py:161} INFO - Started process (PID=29263) to work on /opt/airflow/dags/gold_processing_dag.py
[2026-07-29T04:23:34.052+0000] {processor.py:830} INFO - Processing file /opt/airflow/dags/gold_processing_dag.py for tasks to queue
[2026-07-29T04:23:34.055+0000] {logging_mixin.py:188} INFO - [2026-07-29T04:23:34.054+0000] {dagbag.py:545} INFO - Filling up the DagBag from /opt/airflow/dags/gold_processing_dag.py
[2026-07-29T04:23:34.092+0000] {processor.py:840} INFO - DAG(s) 'process_gold_layer' retrieved from /opt/airflow/dags/gold_processing_dag.py
[2026-07-29T04:23:34.133+0000] {logging_mixin.py:188} INFO - [2026-07-29T04:23:34.133+0000] {dag.py:3096} INFO - Sync 1 DAGs
[2026-07-29T04:23:34.159+0000] {logging_mixin.py:188} INFO - [2026-07-29T04:23:34.159+0000] {dag.py:3954} INFO - Setting next_dagrun for process_gold_layer to None, run_after=None
[2026-07-29T04:23:34.204+0000] {processor.py:183} INFO - Processing /opt/airflow/dags/gold_processing_dag.py took 0.170 seconds
[2026-07-29T04:24:04.343+0000] {processor.py:161} INFO - Started process (PID=29278) to work on /opt/airflow/dags/gold_processing_dag.py
[2026-07-29T04:24:04.346+0000] {processor.py:830} INFO - Processing file /opt/airflow/dags/gold_processing_dag.py for tasks to queue
[2026-07-29T04:24:04.349+0000] {logging_mixin.py:188} INFO - [2026-07-29T04:24:04.348+0000] {dagbag.py:545} INFO - Filling up the DagBag from /opt/airflow/dags/gold_processing_dag.py
[2026-07-29T04:24:04.394+0000] {processor.py:840} INFO - DAG(s) 'process_gold_layer' retrieved from /opt/airflow/dags/gold_processing_dag.py
[2026-07-29T04:24:04.438+0000] {logging_mixin.py:188} INFO - [2026-07-29T04:24:04.437+0000] {dag.py:3096} INFO - Sync 1 DAGs
[2026-07-29T04:24:04.462+0000] {logging_mixin.py:188} INFO - [2026-07-29T04:24:04.462+0000] {dag.py:3954} INFO - Setting next_dagrun for process_gold_layer to None, run_after=None
[2026-07-29T04:24:04.502+0000] {processor.py:183} INFO - Processing /opt/airflow/dags/gold_processing_dag.py took 0.174 seconds
[2026-07-29T04:24:35.187+0000] {processor.py:161} INFO - Started process (PID=29293) to work on /opt/airflow/dags/gold_processing_dag.py
[2026-07-29T04:24:35.195+0000] {processor.py:830} INFO - Processing file /opt/airflow/dags/gold_processing_dag.py for tasks to queue
[2026-07-29T04:24:35.201+0000] {logging_mixin.py:188} INFO - [2026-07-29T04:24:35.199+0000] {dagbag.py:545} INFO - Filling up the DagBag from /opt/airflow/dags/gold_processing_dag.py
[2026-07-29T04:24:35.243+0000] {processor.py:840} INFO - DAG(s) 'process_gold_layer' retrieved from /opt/airflow/dags/gold_processing_dag.py
[2026-07-29T04:24:35.285+0000] {logging_mixin.py:188} INFO - [2026-07-29T04:24:35.284+0000] {dag.py:3096} INFO - Sync 1 DAGs
[2026-07-29T04:24:35.322+0000] {logging_mixin.py:188} INFO - [2026-07-29T04:24:35.321+0000] {dag.py:3954} INFO - Setting next_dagrun for process_gold_layer to None, run_after=None
[2026-07-29T04:24:35.689+0000] {processor.py:183} INFO - Processing /opt/airflow/dags/gold_processing_dag.py took 0.518 seconds
[2026-07-29T04:25:06.046+0000] {processor.py:161} INFO - Started process (PID=29308) to work on /opt/airflow/dags/gold_processing_dag.py
[2026-07-29T04:25:06.048+0000] {processor.py:830} INFO - Processing file /opt/airflow/dags/gold_processing_dag.py for tasks to queue
[2026-07-29T04:25:06.051+0000] {logging_mixin.py:188} INFO - [2026-07-29T04:25:06.051+0000] {dagbag.py:545} INFO - Filling up the DagBag from /opt/airflow/dags/gold_processing_dag.py
[2026-07-29T04:25:06.086+0000] {processor.py:840} INFO - DAG(s) 'process_gold_layer' retrieved from /opt/airflow/dags/gold_processing_dag.py
[2026-07-29T04:25:06.130+0000] {logging_mixin.py:188} INFO - [2026-07-29T04:25:06.130+0000] {dag.py:3096} INFO - Sync 1 DAGs
[2026-07-29T04:25:06.159+0000] {logging_mixin.py:188} INFO - [2026-07-29T04:25:06.158+0000] {dag.py:3954} INFO - Setting next_dagrun for process_gold_layer to None, run_after=None
[2026-07-29T04:25:06.202+0000] {processor.py:183} INFO - Processing /opt/airflow/dags/gold_processing_dag.py took 0.167 seconds
[2026-07-29T04:25:36.437+0000] {processor.py:161} INFO - Started process (PID=29323) to work on /opt/airflow/dags/gold_processing_dag.py
[2026-07-29T04:25:36.439+0000] {processor.py:830} INFO - Processing file /opt/airflow/dags/gold_processing_dag.py for tasks to queue
[2026-07-29T04:25:36.443+0000] {logging_mixin.py:188} INFO - [2026-07-29T04:25:36.442+0000] {dagbag.py:545} INFO - Filling up the DagBag from /opt/airflow/dags/gold_processing_dag.py
[2026-07-29T04:25:36.505+0000] {processor.py:840} INFO - DAG(s) 'process_gold_layer' retrieved from /opt/airflow/dags/gold_processing_dag.py
[2026-07-29T04:25:36.571+0000] {logging_mixin.py:188} INFO - [2026-07-29T04:25:36.570+0000] {dag.py:3096} INFO - Sync 1 DAGs
[2026-07-29T04:25:36.596+0000] {logging_mixin.py:188} INFO - [2026-07-29T04:25:36.596+0000] {dag.py:3954} INFO - Setting next_dagrun for process_gold_layer to None, run_after=None
[2026-07-29T04:25:36.634+0000] {processor.py:183} INFO - Processing /opt/airflow/dags/gold_processing_dag.py took 0.210 seconds
[2026-07-29T04:26:07.510+0000] {processor.py:161} INFO - Started process (PID=29338) to work on /opt/airflow/dags/gold_processing_dag.py
[2026-07-29T04:26:07.514+0000] {processor.py:830} INFO - Processing file /opt/airflow/dags/gold_processing_dag.py for tasks to queue
[2026-07-29T04:26:07.517+0000] {logging_mixin.py:188} INFO - [2026-07-29T04:26:07.517+0000] {dagbag.py:545} INFO - Filling up the DagBag from /opt/airflow/dags/gold_processing_dag.py
[2026-07-29T04:26:07.556+0000] {processor.py:840} INFO - DAG(s) 'process_gold_layer' retrieved from /opt/airflow/dags/gold_processing_dag.py
[2026-07-29T04:26:07.597+0000] {logging_mixin.py:188} INFO - [2026-07-29T04:26:07.596+0000] {dag.py:3096} INFO - Sync 1 DAGs
[2026-07-29T04:26:07.633+0000] {logging_mixin.py:188} INFO - [2026-07-29T04:26:07.631+0000] {dag.py:3954} INFO - Setting next_dagrun for process_gold_layer to None, run_after=None
[2026-07-29T04:26:07.678+0000] {processor.py:183} INFO - Processing /opt/airflow/dags/gold_processing_dag.py took 0.183 seconds
[2026-07-29T04:26:38.163+0000] {processor.py:161} INFO - Started process (PID=29353) to work on /opt/airflow/dags/gold_processing_dag.py
[2026-07-29T04:26:38.165+0000] {processor.py:830} INFO - Processing file /opt/airflow/dags/gold_processing_dag.py for tasks to queue
[2026-07-29T04:26:38.170+0000] {logging_mixin.py:188} INFO - [2026-07-29T04:26:38.169+0000] {dagbag.py:545} INFO - Filling up the DagBag from /opt/airflow/dags/gold_processing_dag.py
[2026-07-29T04:26:38.212+0000] {processor.py:840} INFO - DAG(s) 'process_gold_layer' retrieved from /opt/airflow/dags/gold_processing_dag.py
[2026-07-29T04:26:38.254+0000] {logging_mixin.py:188} INFO - [2026-07-29T04:26:38.254+0000] {dag.py:3096} INFO - Sync 1 DAGs
[2026-07-29T04:26:38.286+0000] {logging_mixin.py:188} INFO - [2026-07-29T04:26:38.286+0000] {dag.py:3954} INFO - Setting next_dagrun for process_gold_layer to None, run_after=None
[2026-07-29T04:26:38.331+0000] {processor.py:183} INFO - Processing /opt/airflow/dags/gold_processing_dag.py took 0.181 seconds
[2026-07-29T04:27:08.868+0000] {processor.py:161} INFO - Started process (PID=29368) to work on /opt/airflow/dags/gold_processing_dag.py
[2026-07-29T04:27:08.870+0000] {processor.py:830} INFO - Processing file /opt/airflow/dags/gold_processing_dag.py for tasks to queue
[2026-07-29T04:27:08.873+0000] {logging_mixin.py:188} INFO - [2026-07-29T04:27:08.873+0000] {dagbag.py:545} INFO - Filling up the DagBag from /opt/airflow/dags/gold_processing_dag.py
[2026-07-29T04:27:08.914+0000] {processor.py:840} INFO - DAG(s) 'process_gold_layer' retrieved from /opt/airflow/dags/gold_processing_dag.py
[2026-07-29T04:27:08.955+0000] {logging_mixin.py:188} INFO - [2026-07-29T04:27:08.954+0000] {dag.py:3096} INFO - Sync 1 DAGs
[2026-07-29T04:27:08.984+0000] {logging_mixin.py:188} INFO - [2026-07-29T04:27:08.984+0000] {dag.py:3954} INFO - Setting next_dagrun for process_gold_layer to None, run_after=None
[2026-07-29T04:27:09.039+0000] {processor.py:183} INFO - Processing /opt/airflow/dags/gold_processing_dag.py took 0.206 seconds
[2026-07-29T04:27:40.095+0000] {processor.py:161} INFO - Started process (PID=29383) to work on /opt/airflow/dags/gold_processing_dag.py
[2026-07-29T04:27:40.099+0000] {processor.py:830} INFO - Processing file /opt/airflow/dags/gold_processing_dag.py for tasks to queue
[2026-07-29T04:27:40.106+0000] {logging_mixin.py:188} INFO - [2026-07-29T04:27:40.102+0000] {dagbag.py:545} INFO - Filling up the DagBag from /opt/airflow/dags/gold_processing_dag.py
[2026-07-29T04:27:40.143+0000] {processor.py:840} INFO - DAG(s) 'process_gold_layer' retrieved from /opt/airflow/dags/gold_processing_dag.py
[2026-07-29T04:27:40.195+0000] {logging_mixin.py:188} INFO - [2026-07-29T04:27:40.194+0000] {dag.py:3096} INFO - Sync 1 DAGs
[2026-07-29T04:27:40.228+0000] {logging_mixin.py:188} INFO - [2026-07-29T04:27:40.228+0000] {dag.py:3954} INFO - Setting next_dagrun for process_gold_layer to None, run_after=None
[2026-07-29T04:27:40.267+0000] {processor.py:183} INFO - Processing /opt/airflow/dags/gold_processing_dag.py took 0.188 seconds
[2026-07-29T04:28:11.098+0000] {processor.py:161} INFO - Started process (PID=29398) to work on /opt/airflow/dags/gold_processing_dag.py
[2026-07-29T04:28:11.103+0000] {processor.py:830} INFO - Processing file /opt/airflow/dags/gold_processing_dag.py for tasks to queue
[2026-07-29T04:28:11.109+0000] {logging_mixin.py:188} INFO - [2026-07-29T04:28:11.108+0000] {dagbag.py:545} INFO - Filling up the DagBag from /opt/airflow/dags/gold_processing_dag.py
[2026-07-29T04:28:11.152+0000] {processor.py:840} INFO - DAG(s) 'process_gold_layer' retrieved from /opt/airflow/dags/gold_processing_dag.py
[2026-07-29T04:28:11.200+0000] {logging_mixin.py:188} INFO - [2026-07-29T04:28:11.199+0000] {dag.py:3096} INFO - Sync 1 DAGs
[2026-07-29T04:28:11.234+0000] {logging_mixin.py:188} INFO - [2026-07-29T04:28:11.233+0000] {dag.py:3954} INFO - Setting next_dagrun for process_gold_layer to None, run_after=None
[2026-07-29T04:28:11.276+0000] {processor.py:183} INFO - Processing /opt/airflow/dags/gold_processing_dag.py took 0.191 seconds
[2026-07-29T04:28:41.821+0000] {processor.py:161} INFO - Started process (PID=29413) to work on /opt/airflow/dags/gold_processing_dag.py
[2026-07-29T04:28:41.824+0000] {processor.py:830} INFO - Processing file /opt/airflow/dags/gold_processing_dag.py for tasks to queue
[2026-07-29T04:28:41.828+0000] {logging_mixin.py:188} INFO - [2026-07-29T04:28:41.827+0000] {dagbag.py:545} INFO - Filling up the DagBag from /opt/airflow/dags/gold_processing_dag.py
[2026-07-29T04:28:41.936+0000] {processor.py:840} INFO - DAG(s) 'process_gold_layer' retrieved from /opt/airflow/dags/gold_processing_dag.py
[2026-07-29T04:28:42.013+0000] {logging_mixin.py:188} INFO - [2026-07-29T04:28:42.013+0000] {dag.py:3096} INFO - Sync 1 DAGs
[2026-07-29T04:28:42.044+0000] {logging_mixin.py:188} INFO - [2026-07-29T04:28:42.044+0000] {dag.py:3954} INFO - Setting next_dagrun for process_gold_layer to None, run_after=None
[2026-07-29T04:28:42.099+0000] {processor.py:183} INFO - Processing /opt/airflow/dags/gold_processing_dag.py took 0.294 seconds
[2026-07-29T04:29:12.236+0000] {processor.py:161} INFO - Started process (PID=29428) to work on /opt/airflow/dags/gold_processing_dag.py
[2026-07-29T04:29:12.239+0000] {processor.py:830} INFO - Processing file /opt/airflow/dags/gold_processing_dag.py for tasks to queue
[2026-07-29T04:29:12.242+0000] {logging_mixin.py:188} INFO - [2026-07-29T04:29:12.241+0000] {dagbag.py:545} INFO - Filling up the DagBag from /opt/airflow/dags/gold_processing_dag.py
[2026-07-29T04:29:12.281+0000] {processor.py:840} INFO - DAG(s) 'process_gold_layer' retrieved from /opt/airflow/dags/gold_processing_dag.py
[2026-07-29T04:29:12.325+0000] {logging_mixin.py:188} INFO - [2026-07-29T04:29:12.324+0000] {dag.py:3096} INFO - Sync 1 DAGs
[2026-07-29T04:29:12.352+0000] {logging_mixin.py:188} INFO - [2026-07-29T04:29:12.351+0000] {dag.py:3954} INFO - Setting next_dagrun for process_gold_layer to None, run_after=None
[2026-07-29T04:29:12.394+0000] {processor.py:183} INFO - Processing /opt/airflow/dags/gold_processing_dag.py took 0.184 seconds
[2026-07-29T04:29:42.768+0000] {processor.py:161} INFO - Started process (PID=29443) to work on /opt/airflow/dags/gold_processing_dag.py
[2026-07-29T04:29:42.775+0000] {processor.py:830} INFO - Processing file /opt/airflow/dags/gold_processing_dag.py for tasks to queue
[2026-07-29T04:29:42.780+0000] {logging_mixin.py:188} INFO - [2026-07-29T04:29:42.778+0000] {dagbag.py:545} INFO - Filling up the DagBag from /opt/airflow/dags/gold_processing_dag.py
[2026-07-29T04:29:42.821+0000] {processor.py:840} INFO - DAG(s) 'process_gold_layer' retrieved from /opt/airflow/dags/gold_processing_dag.py
[2026-07-29T04:29:42.859+0000] {logging_mixin.py:188} INFO - [2026-07-29T04:29:42.859+0000] {dag.py:3096} INFO - Sync 1 DAGs
[2026-07-29T04:29:42.888+0000] {logging_mixin.py:188} INFO - [2026-07-29T04:29:42.888+0000] {dag.py:3954} INFO - Setting next_dagrun for process_gold_layer to None, run_after=None
[2026-07-29T04:29:42.923+0000] {processor.py:183} INFO - Processing /opt/airflow/dags/gold_processing_dag.py took 0.192 seconds
[2026-07-29T04:30:13.353+0000] {processor.py:161} INFO - Started process (PID=29458) to work on /opt/airflow/dags/gold_processing_dag.py
[2026-07-29T04:30:13.356+0000] {processor.py:830} INFO - Processing file /opt/airflow/dags/gold_processing_dag.py for tasks to queue
[2026-07-29T04:30:13.359+0000] {logging_mixin.py:188} INFO - [2026-07-29T04:30:13.359+0000] {dagbag.py:545} INFO - Filling up the DagBag from /opt/airflow/dags/gold_processing_dag.py
[2026-07-29T04:30:13.403+0000] {processor.py:840} INFO - DAG(s) 'process_gold_layer' retrieved from /opt/airflow/dags/gold_processing_dag.py
[2026-07-29T04:30:13.453+0000] {logging_mixin.py:188} INFO - [2026-07-29T04:30:13.453+0000] {dag.py:3096} INFO - Sync 1 DAGs
[2026-07-29T04:30:13.480+0000] {logging_mixin.py:188} INFO - [2026-07-29T04:30:13.479+0000] {dag.py:3954} INFO - Setting next_dagrun for process_gold_layer to None, run_after=None
[2026-07-29T04:30:13.524+0000] {processor.py:183} INFO - Processing /opt/airflow/dags/gold_processing_dag.py took 0.191 seconds
[2026-07-29T04:30:43.929+0000] {processor.py:161} INFO - Started process (PID=29473) to work on /opt/airflow/dags/gold_processing_dag.py
[2026-07-29T04:30:43.931+0000] {processor.py:830} INFO - Processing file /opt/airflow/dags/gold_processing_dag.py for tasks to queue
[2026-07-29T04:30:43.935+0000] {logging_mixin.py:188} INFO - [2026-07-29T04:30:43.934+0000] {dagbag.py:545} INFO - Filling up the DagBag from /opt/airflow/dags/gold_processing_dag.py
[2026-07-29T04:30:43.984+0000] {processor.py:840} INFO - DAG(s) 'process_gold_layer' retrieved from /opt/airflow/dags/gold_processing_dag.py
[2026-07-29T04:30:44.059+0000] {logging_mixin.py:188} INFO - [2026-07-29T04:30:44.058+0000] {dag.py:3096} INFO - Sync 1 DAGs
[2026-07-29T04:30:44.098+0000] {logging_mixin.py:188} INFO - [2026-07-29T04:30:44.098+0000] {dag.py:3954} INFO - Setting next_dagrun for process_gold_layer to None, run_after=None
[2026-07-29T04:30:44.146+0000] {processor.py:183} INFO - Processing /opt/airflow/dags/gold_processing_dag.py took 0.234 seconds
[2026-07-29T04:31:14.704+0000] {processor.py:161} INFO - Started process (PID=29488) to work on /opt/airflow/dags/gold_processing_dag.py
[2026-07-29T04:31:14.707+0000] {processor.py:830} INFO - Processing file /opt/airflow/dags/gold_processing_dag.py for tasks to queue
[2026-07-29T04:31:14.710+0000] {logging_mixin.py:188} INFO - [2026-07-29T04:31:14.709+0000] {dagbag.py:545} INFO - Filling up the DagBag from /opt/airflow/dags/gold_processing_dag.py
[2026-07-29T04:31:14.747+0000] {processor.py:840} INFO - DAG(s) 'process_gold_layer' retrieved from /opt/airflow/dags/gold_processing_dag.py
[2026-07-29T04:31:14.792+0000] {logging_mixin.py:188} INFO - [2026-07-29T04:31:14.791+0000] {dag.py:3096} INFO - Sync 1 DAGs
[2026-07-29T04:31:14.817+0000] {logging_mixin.py:188} INFO - [2026-07-29T04:31:14.816+0000] {dag.py:3954} INFO - Setting next_dagrun for process_gold_layer to None, run_after=None
[2026-07-29T04:31:14.855+0000] {processor.py:183} INFO - Processing /opt/airflow/dags/gold_processing_dag.py took 0.162 seconds
[2026-07-29T04:31:45.927+0000] {processor.py:161} INFO - Started process (PID=29503) to work on /opt/airflow/dags/gold_processing_dag.py
[2026-07-29T04:31:45.930+0000] {processor.py:830} INFO - Processing file /opt/airflow/dags/gold_processing_dag.py for tasks to queue
[2026-07-29T04:31:45.933+0000] {logging_mixin.py:188} INFO - [2026-07-29T04:31:45.932+0000] {dagbag.py:545} INFO - Filling up the DagBag from /opt/airflow/dags/gold_processing_dag.py
[2026-07-29T04:31:45.977+0000] {processor.py:840} INFO - DAG(s) 'process_gold_layer' retrieved from /opt/airflow/dags/gold_processing_dag.py
[2026-07-29T04:31:46.025+0000] {logging_mixin.py:188} INFO - [2026-07-29T04:31:46.024+0000] {dag.py:3096} INFO - Sync 1 DAGs
[2026-07-29T04:31:46.051+0000] {logging_mixin.py:188} INFO - [2026-07-29T04:31:46.051+0000] {dag.py:3954} INFO - Setting next_dagrun for process_gold_layer to None, run_after=None
[2026-07-29T04:31:46.092+0000] {processor.py:183} INFO - Processing /opt/airflow/dags/gold_processing_dag.py took 0.178 seconds
[2026-07-29T04:32:17.088+0000] {processor.py:161} INFO - Started process (PID=29518) to work on /opt/airflow/dags/gold_processing_dag.py
[2026-07-29T04:32:17.091+0000] {processor.py:830} INFO - Processing file /opt/airflow/dags/gold_processing_dag.py for tasks to queue
[2026-07-29T04:32:17.095+0000] {logging_mixin.py:188} INFO - [2026-07-29T04:32:17.094+0000] {dagbag.py:545} INFO - Filling up the DagBag from /opt/airflow/dags/gold_processing_dag.py
[2026-07-29T04:32:17.144+0000] {processor.py:840} INFO - DAG(s) 'process_gold_layer' retrieved from /opt/airflow/dags/gold_processing_dag.py
[2026-07-29T04:32:17.199+0000] {logging_mixin.py:188} INFO - [2026-07-29T04:32:17.198+0000] {dag.py:3096} INFO - Sync 1 DAGs
[2026-07-29T04:32:17.235+0000] {logging_mixin.py:188} INFO - [2026-07-29T04:32:17.234+0000] {dag.py:3954} INFO - Setting next_dagrun for process_gold_layer to None, run_after=None
[2026-07-29T04:32:17.282+0000] {processor.py:183} INFO - Processing /opt/airflow/dags/gold_processing_dag.py took 0.218 seconds
[2026-07-29T04:32:47.809+0000] {processor.py:161} INFO - Started process (PID=29533) to work on /opt/airflow/dags/gold_processing_dag.py
[2026-07-29T04:32:47.812+0000] {processor.py:830} INFO - Processing file /opt/airflow/dags/gold_processing_dag.py for tasks to queue
[2026-07-29T04:32:47.817+0000] {logging_mixin.py:188} INFO - [2026-07-29T04:32:47.816+0000] {dagbag.py:545} INFO - Filling up the DagBag from /opt/airflow/dags/gold_processing_dag.py
[2026-07-29T04:32:47.862+0000] {processor.py:840} INFO - DAG(s) 'process_gold_layer' retrieved from /opt/airflow/dags/gold_processing_dag.py
[2026-07-29T04:32:47.915+0000] {logging_mixin.py:188} INFO - [2026-07-29T04:32:47.914+0000] {dag.py:3096} INFO - Sync 1 DAGs
[2026-07-29T04:32:47.955+0000] {logging_mixin.py:188} INFO - [2026-07-29T04:32:47.954+0000] {dag.py:3954} INFO - Setting next_dagrun for process_gold_layer to None, run_after=None
[2026-07-29T04:32:48.018+0000] {processor.py:183} INFO - Processing /opt/airflow/dags/gold_processing_dag.py took 0.230 seconds
[2026-07-29T04:33:18.336+0000] {processor.py:161} INFO - Started process (PID=29548) to work on /opt/airflow/dags/gold_processing_dag.py
[2026-07-29T04:33:18.339+0000] {processor.py:830} INFO - Processing file /opt/airflow/dags/gold_processing_dag.py for tasks to queue
[2026-07-29T04:33:18.342+0000] {logging_mixin.py:188} INFO - [2026-07-29T04:33:18.341+0000] {dagbag.py:545} INFO - Filling up the DagBag from /opt/airflow/dags/gold_processing_dag.py
[2026-07-29T04:33:18.390+0000] {processor.py:840} INFO - DAG(s) 'process_gold_layer' retrieved from /opt/airflow/dags/gold_processing_dag.py
[2026-07-29T04:33:18.482+0000] {logging_mixin.py:188} INFO - [2026-07-29T04:33:18.482+0000] {dag.py:3096} INFO - Sync 1 DAGs
[2026-07-29T04:33:18.520+0000] {logging_mixin.py:188} INFO - [2026-07-29T04:33:18.518+0000] {dag.py:3954} INFO - Setting next_dagrun for process_gold_layer to None, run_after=None
[2026-07-29T04:33:18.585+0000] {processor.py:183} INFO - Processing /opt/airflow/dags/gold_processing_dag.py took 0.270 seconds
[2026-07-29T04:33:48.904+0000] {processor.py:161} INFO - Started process (PID=29563) to work on /opt/airflow/dags/gold_processing_dag.py
[2026-07-29T04:33:48.908+0000] {processor.py:830} INFO - Processing file /opt/airflow/dags/gold_processing_dag.py for tasks to queue
[2026-07-29T04:33:48.912+0000] {logging_mixin.py:188} INFO - [2026-07-29T04:33:48.911+0000] {dagbag.py:545} INFO - Filling up the DagBag from /opt/airflow/dags/gold_processing_dag.py
[2026-07-29T04:33:48.952+0000] {processor.py:840} INFO - DAG(s) 'process_gold_layer' retrieved from /opt/airflow/dags/gold_processing_dag.py
[2026-07-29T04:33:49.007+0000] {logging_mixin.py:188} INFO - [2026-07-29T04:33:49.006+0000] {dag.py:3096} INFO - Sync 1 DAGs
[2026-07-29T04:33:49.045+0000] {logging_mixin.py:188} INFO - [2026-07-29T04:33:49.045+0000] {dag.py:3954} INFO - Setting next_dagrun for process_gold_layer to None, run_after=None
[2026-07-29T04:33:49.093+0000] {processor.py:183} INFO - Processing /opt/airflow/dags/gold_processing_dag.py took 0.209 seconds
[2026-07-29T04:34:19.623+0000] {processor.py:161} INFO - Started process (PID=29578) to work on /opt/airflow/dags/gold_processing_dag.py
[2026-07-29T04:34:19.626+0000] {processor.py:830} INFO - Processing file /opt/airflow/dags/gold_processing_dag.py for tasks to queue
[2026-07-29T04:34:19.631+0000] {logging_mixin.py:188} INFO - [2026-07-29T04:34:19.630+0000] {dagbag.py:545} INFO - Filling up the DagBag from /opt/airflow/dags/gold_processing_dag.py
[2026-07-29T04:34:19.677+0000] {processor.py:840} INFO - DAG(s) 'process_gold_layer' retrieved from /opt/airflow/dags/gold_processing_dag.py
[2026-07-29T04:34:19.773+0000] {logging_mixin.py:188} INFO - [2026-07-29T04:34:19.772+0000] {dag.py:3096} INFO - Sync 1 DAGs
[2026-07-29T04:34:19.850+0000] {logging_mixin.py:188} INFO - [2026-07-29T04:34:19.849+0000] {dag.py:3954} INFO - Setting next_dagrun for process_gold_layer to None, run_after=None
[2026-07-29T04:34:19.908+0000] {processor.py:183} INFO - Processing /opt/airflow/dags/gold_processing_dag.py took 0.306 seconds
[2026-07-29T04:34:50.252+0000] {processor.py:161} INFO - Started process (PID=29593) to work on /opt/airflow/dags/gold_processing_dag.py
[2026-07-29T04:34:50.255+0000] {processor.py:830} INFO - Processing file /opt/airflow/dags/gold_processing_dag.py for tasks to queue
[2026-07-29T04:34:50.260+0000] {logging_mixin.py:188} INFO - [2026-07-29T04:34:50.259+0000] {dagbag.py:545} INFO - Filling up the DagBag from /opt/airflow/dags/gold_processing_dag.py
[2026-07-29T04:34:50.340+0000] {processor.py:840} INFO - DAG(s) 'process_gold_layer' retrieved from /opt/airflow/dags/gold_processing_dag.py
[2026-07-29T04:34:50.425+0000] {logging_mixin.py:188} INFO - [2026-07-29T04:34:50.425+0000] {dag.py:3096} INFO - Sync 1 DAGs
[2026-07-29T04:34:50.469+0000] {logging_mixin.py:188} INFO - [2026-07-29T04:34:50.469+0000] {dag.py:3954} INFO - Setting next_dagrun for process_gold_layer to None, run_after=None
[2026-07-29T04:34:50.543+0000] {processor.py:183} INFO - Processing /opt/airflow/dags/gold_processing_dag.py took 0.314 seconds
[2026-07-29T04:35:20.749+0000] {processor.py:161} INFO - Started process (PID=29608) to work on /opt/airflow/dags/gold_processing_dag.py
[2026-07-29T04:35:20.753+0000] {processor.py:830} INFO - Processing file /opt/airflow/dags/gold_processing_dag.py for tasks to queue
[2026-07-29T04:35:20.759+0000] {logging_mixin.py:188} INFO - [2026-07-29T04:35:20.758+0000] {dagbag.py:545} INFO - Filling up the DagBag from /opt/airflow/dags/gold_processing_dag.py
[2026-07-29T04:35:20.807+0000] {processor.py:840} INFO - DAG(s) 'process_gold_layer' retrieved from /opt/airflow/dags/gold_processing_dag.py
[2026-07-29T04:35:20.876+0000] {logging_mixin.py:188} INFO - [2026-07-29T04:35:20.876+0000] {dag.py:3096} INFO - Sync 1 DAGs
[2026-07-29T04:35:20.945+0000] {logging_mixin.py:188} INFO - [2026-07-29T04:35:20.945+0000] {dag.py:3954} INFO - Setting next_dagrun for process_gold_layer to None, run_after=None
[2026-07-29T04:35:21.016+0000] {processor.py:183} INFO - Processing /opt/airflow/dags/gold_processing_dag.py took 0.286 seconds
[2026-07-29T04:35:51.213+0000] {processor.py:161} INFO - Started process (PID=29623) to work on /opt/airflow/dags/gold_processing_dag.py
[2026-07-29T04:35:51.218+0000] {processor.py:830} INFO - Processing file /opt/airflow/dags/gold_processing_dag.py for tasks to queue
[2026-07-29T04:35:51.225+0000] {logging_mixin.py:188} INFO - [2026-07-29T04:35:51.223+0000] {dagbag.py:545} INFO - Filling up the DagBag from /opt/airflow/dags/gold_processing_dag.py
[2026-07-29T04:35:51.282+0000] {processor.py:840} INFO - DAG(s) 'process_gold_layer' retrieved from /opt/airflow/dags/gold_processing_dag.py
[2026-07-29T04:35:51.351+0000] {logging_mixin.py:188} INFO - [2026-07-29T04:35:51.350+0000] {dag.py:3096} INFO - Sync 1 DAGs
[2026-07-29T04:35:51.394+0000] {logging_mixin.py:188} INFO - [2026-07-29T04:35:51.394+0000] {dag.py:3954} INFO - Setting next_dagrun for process_gold_layer to None, run_after=None
[2026-07-29T04:35:51.452+0000] {processor.py:183} INFO - Processing /opt/airflow/dags/gold_processing_dag.py took 0.260 seconds
[2026-07-29T04:36:21.979+0000] {processor.py:161} INFO - Started process (PID=29638) to work on /opt/airflow/dags/gold_processing_dag.py
[2026-07-29T04:36:21.983+0000] {processor.py:830} INFO - Processing file /opt/airflow/dags/gold_processing_dag.py for tasks to queue
[2026-07-29T04:36:21.990+0000] {logging_mixin.py:188} INFO - [2026-07-29T04:36:21.987+0000] {dagbag.py:545} INFO - Filling up the DagBag from /opt/airflow/dags/gold_processing_dag.py
[2026-07-29T04:36:22.051+0000] {processor.py:840} INFO - DAG(s) 'process_gold_layer' retrieved from /opt/airflow/dags/gold_processing_dag.py
[2026-07-29T04:36:22.137+0000] {logging_mixin.py:188} INFO - [2026-07-29T04:36:22.136+0000] {dag.py:3096} INFO - Sync 1 DAGs
[2026-07-29T04:36:22.175+0000] {logging_mixin.py:188} INFO - [2026-07-29T04:36:22.174+0000] {dag.py:3954} INFO - Setting next_dagrun for process_gold_layer to None, run_after=None
[2026-07-29T04:36:22.306+0000] {processor.py:183} INFO - Processing /opt/airflow/dags/gold_processing_dag.py took 0.347 seconds
[2026-07-29T04:36:52.825+0000] {processor.py:161} INFO - Started process (PID=29653) to work on /opt/airflow/dags/gold_processing_dag.py
[2026-07-29T04:36:52.828+0000] {processor.py:830} INFO - Processing file /opt/airflow/dags/gold_processing_dag.py for tasks to queue
[2026-07-29T04:36:52.835+0000] {logging_mixin.py:188} INFO - [2026-07-29T04:36:52.832+0000] {dagbag.py:545} INFO - Filling up the DagBag from /opt/airflow/dags/gold_processing_dag.py
[2026-07-29T04:36:52.885+0000] {processor.py:840} INFO - DAG(s) 'process_gold_layer' retrieved from /opt/airflow/dags/gold_processing_dag.py
[2026-07-29T04:36:52.945+0000] {logging_mixin.py:188} INFO - [2026-07-29T04:36:52.944+0000] {dag.py:3096} INFO - Sync 1 DAGs
[2026-07-29T04:36:52.987+0000] {logging_mixin.py:188} INFO - [2026-07-29T04:36:52.986+0000] {dag.py:3954} INFO - Setting next_dagrun for process_gold_layer to None, run_after=None
[2026-07-29T04:36:53.044+0000] {processor.py:183} INFO - Processing /opt/airflow/dags/gold_processing_dag.py took 0.239 seconds
[2026-07-29T04:37:23.205+0000] {processor.py:161} INFO - Started process (PID=29668) to work on /opt/airflow/dags/gold_processing_dag.py
[2026-07-29T04:37:23.208+0000] {processor.py:830} INFO - Processing file /opt/airflow/dags/gold_processing_dag.py for tasks to queue
[2026-07-29T04:37:23.212+0000] {logging_mixin.py:188} INFO - [2026-07-29T04:37:23.211+0000] {dagbag.py:545} INFO - Filling up the DagBag from /opt/airflow/dags/gold_processing_dag.py
[2026-07-29T04:37:23.249+0000] {processor.py:840} INFO - DAG(s) 'process_gold_layer' retrieved from /opt/airflow/dags/gold_processing_dag.py
[2026-07-29T04:37:23.321+0000] {logging_mixin.py:188} INFO - [2026-07-29T04:37:23.320+0000] {dag.py:3096} INFO - Sync 1 DAGs
[2026-07-29T04:37:23.356+0000] {logging_mixin.py:188} INFO - [2026-07-29T04:37:23.355+0000] {dag.py:3954} INFO - Setting next_dagrun for process_gold_layer to None, run_after=None
[2026-07-29T04:37:23.409+0000] {processor.py:183} INFO - Processing /opt/airflow/dags/gold_processing_dag.py took 0.216 seconds
[2026-07-29T04:37:53.706+0000] {processor.py:161} INFO - Started process (PID=29683) to work on /opt/airflow/dags/gold_processing_dag.py
[2026-07-29T04:37:53.709+0000] {processor.py:830} INFO - Processing file /opt/airflow/dags/gold_processing_dag.py for tasks to queue
[2026-07-29T04:37:53.718+0000] {logging_mixin.py:188} INFO - [2026-07-29T04:37:53.716+0000] {dagbag.py:545} INFO - Filling up the DagBag from /opt/airflow/dags/gold_processing_dag.py
[2026-07-29T04:37:53.776+0000] {processor.py:840} INFO - DAG(s) 'process_gold_layer' retrieved from /opt/airflow/dags/gold_processing_dag.py
[2026-07-29T04:37:53.877+0000] {logging_mixin.py:188} INFO - [2026-07-29T04:37:53.877+0000] {dag.py:3096} INFO - Sync 1 DAGs
[2026-07-29T04:37:53.964+0000] {logging_mixin.py:188} INFO - [2026-07-29T04:37:53.953+0000] {dag.py:3954} INFO - Setting next_dagrun for process_gold_layer to None, run_after=None
[2026-07-29T04:37:54.141+0000] {processor.py:183} INFO - Processing /opt/airflow/dags/gold_processing_dag.py took 0.461 seconds
[2026-07-29T04:38:24.417+0000] {processor.py:161} INFO - Started process (PID=29698) to work on /opt/airflow/dags/gold_processing_dag.py
[2026-07-29T04:38:24.420+0000] {processor.py:830} INFO - Processing file /opt/airflow/dags/gold_processing_dag.py for tasks to queue
[2026-07-29T04:38:24.424+0000] {logging_mixin.py:188} INFO - [2026-07-29T04:38:24.423+0000] {dagbag.py:545} INFO - Filling up the DagBag from /opt/airflow/dags/gold_processing_dag.py
[2026-07-29T04:38:24.468+0000] {processor.py:840} INFO - DAG(s) 'process_gold_layer' retrieved from /opt/airflow/dags/gold_processing_dag.py
[2026-07-29T04:38:24.517+0000] {logging_mixin.py:188} INFO - [2026-07-29T04:38:24.517+0000] {dag.py:3096} INFO - Sync 1 DAGs
[2026-07-29T04:38:24.554+0000] {logging_mixin.py:188} INFO - [2026-07-29T04:38:24.554+0000] {dag.py:3954} INFO - Setting next_dagrun for process_gold_layer to None, run_after=None
[2026-07-29T04:38:24.605+0000] {processor.py:183} INFO - Processing /opt/airflow/dags/gold_processing_dag.py took 0.204 seconds
[2026-07-29T04:38:55.162+0000] {processor.py:161} INFO - Started process (PID=29713) to work on /opt/airflow/dags/gold_processing_dag.py
[2026-07-29T04:38:55.165+0000] {processor.py:830} INFO - Processing file /opt/airflow/dags/gold_processing_dag.py for tasks to queue
[2026-07-29T04:38:55.168+0000] {logging_mixin.py:188} INFO - [2026-07-29T04:38:55.167+0000] {dagbag.py:545} INFO - Filling up the DagBag from /opt/airflow/dags/gold_processing_dag.py
[2026-07-29T04:38:55.223+0000] {processor.py:840} INFO - DAG(s) 'process_gold_layer' retrieved from /opt/airflow/dags/gold_processing_dag.py
[2026-07-29T04:38:55.275+0000] {logging_mixin.py:188} INFO - [2026-07-29T04:38:55.275+0000] {dag.py:3096} INFO - Sync 1 DAGs
[2026-07-29T04:38:55.303+0000] {logging_mixin.py:188} INFO - [2026-07-29T04:38:55.303+0000] {dag.py:3954} INFO - Setting next_dagrun for process_gold_layer to None, run_after=None
[2026-07-29T04:38:55.346+0000] {processor.py:183} INFO - Processing /opt/airflow/dags/gold_processing_dag.py took 0.196 seconds
[2026-07-29T04:39:25.612+0000] {processor.py:161} INFO - Started process (PID=29728) to work on /opt/airflow/dags/gold_processing_dag.py
[2026-07-29T04:39:25.615+0000] {processor.py:830} INFO - Processing file /opt/airflow/dags/gold_processing_dag.py for tasks to queue
[2026-07-29T04:39:25.618+0000] {logging_mixin.py:188} INFO - [2026-07-29T04:39:25.618+0000] {dagbag.py:545} INFO - Filling up the DagBag from /opt/airflow/dags/gold_processing_dag.py
[2026-07-29T04:39:25.657+0000] {processor.py:840} INFO - DAG(s) 'process_gold_layer' retrieved from /opt/airflow/dags/gold_processing_dag.py
[2026-07-29T04:39:25.707+0000] {logging_mixin.py:188} INFO - [2026-07-29T04:39:25.707+0000] {dag.py:3096} INFO - Sync 1 DAGs
[2026-07-29T04:39:25.739+0000] {logging_mixin.py:188} INFO - [2026-07-29T04:39:25.738+0000] {dag.py:3954} INFO - Setting next_dagrun for process_gold_layer to None, run_after=None
[2026-07-29T04:39:25.781+0000] {processor.py:183} INFO - Processing /opt/airflow/dags/gold_processing_dag.py took 0.185 seconds
[2026-07-29T04:39:56.826+0000] {processor.py:161} INFO - Started process (PID=29743) to work on /opt/airflow/dags/gold_processing_dag.py
[2026-07-29T04:39:56.828+0000] {processor.py:830} INFO - Processing file /opt/airflow/dags/gold_processing_dag.py for tasks to queue
[2026-07-29T04:39:56.831+0000] {logging_mixin.py:188} INFO - [2026-07-29T04:39:56.831+0000] {dagbag.py:545} INFO - Filling up the DagBag from /opt/airflow/dags/gold_processing_dag.py
[2026-07-29T04:39:56.869+0000] {processor.py:840} INFO - DAG(s) 'process_gold_layer' retrieved from /opt/airflow/dags/gold_processing_dag.py
[2026-07-29T04:39:56.910+0000] {logging_mixin.py:188} INFO - [2026-07-29T04:39:56.910+0000] {dag.py:3096} INFO - Sync 1 DAGs
[2026-07-29T04:39:56.941+0000] {logging_mixin.py:188} INFO - [2026-07-29T04:39:56.940+0000] {dag.py:3954} INFO - Setting next_dagrun for process_gold_layer to None, run_after=None
[2026-07-29T04:39:56.983+0000] {processor.py:183} INFO - Processing /opt/airflow/dags/gold_processing_dag.py took 0.170 seconds
[2026-07-29T04:40:27.959+0000] {processor.py:161} INFO - Started process (PID=29758) to work on /opt/airflow/dags/gold_processing_dag.py
[2026-07-29T04:40:27.969+0000] {processor.py:830} INFO - Processing file /opt/airflow/dags/gold_processing_dag.py for tasks to queue
[2026-07-29T04:40:27.974+0000] {logging_mixin.py:188} INFO - [2026-07-29T04:40:27.973+0000] {dagbag.py:545} INFO - Filling up the DagBag from /opt/airflow/dags/gold_processing_dag.py
[2026-07-29T04:40:28.119+0000] {processor.py:840} INFO - DAG(s) 'process_gold_layer' retrieved from /opt/airflow/dags/gold_processing_dag.py
[2026-07-29T04:40:28.231+0000] {logging_mixin.py:188} INFO - [2026-07-29T04:40:28.231+0000] {dag.py:3096} INFO - Sync 1 DAGs
[2026-07-29T04:40:28.339+0000] {logging_mixin.py:188} INFO - [2026-07-29T04:40:28.339+0000] {dag.py:3954} INFO - Setting next_dagrun for process_gold_layer to None, run_after=None
[2026-07-29T04:40:28.415+0000] {processor.py:183} INFO - Processing /opt/airflow/dags/gold_processing_dag.py took 0.482 seconds
[2026-07-29T04:40:58.798+0000] {processor.py:161} INFO - Started process (PID=29773) to work on /opt/airflow/dags/gold_processing_dag.py
[2026-07-29T04:40:58.802+0000] {processor.py:830} INFO - Processing file /opt/airflow/dags/gold_processing_dag.py for tasks to queue
[2026-07-29T04:40:58.806+0000] {logging_mixin.py:188} INFO - [2026-07-29T04:40:58.805+0000] {dagbag.py:545} INFO - Filling up the DagBag from /opt/airflow/dags/gold_processing_dag.py
[2026-07-29T04:40:58.869+0000] {processor.py:840} INFO - DAG(s) 'process_gold_layer' retrieved from /opt/airflow/dags/gold_processing_dag.py
[2026-07-29T04:40:58.941+0000] {logging_mixin.py:188} INFO - [2026-07-29T04:40:58.940+0000] {dag.py:3096} INFO - Sync 1 DAGs
[2026-07-29T04:40:58.976+0000] {logging_mixin.py:188} INFO - [2026-07-29T04:40:58.976+0000] {dag.py:3954} INFO - Setting next_dagrun for process_gold_layer to None, run_after=None
[2026-07-29T04:40:59.033+0000] {processor.py:183} INFO - Processing /opt/airflow/dags/gold_processing_dag.py took 0.274 seconds
[2026-07-29T04:41:29.237+0000] {processor.py:161} INFO - Started process (PID=29788) to work on /opt/airflow/dags/gold_processing_dag.py
[2026-07-29T04:41:29.240+0000] {processor.py:830} INFO - Processing file /opt/airflow/dags/gold_processing_dag.py for tasks to queue
[2026-07-29T04:41:29.248+0000] {logging_mixin.py:188} INFO - [2026-07-29T04:41:29.247+0000] {dagbag.py:545} INFO - Filling up the DagBag from /opt/airflow/dags/gold_processing_dag.py
[2026-07-29T04:41:29.339+0000] {processor.py:840} INFO - DAG(s) 'process_gold_layer' retrieved from /opt/airflow/dags/gold_processing_dag.py
[2026-07-29T04:41:29.530+0000] {logging_mixin.py:188} INFO - [2026-07-29T04:41:29.529+0000] {dag.py:3096} INFO - Sync 1 DAGs
[2026-07-29T04:41:29.744+0000] {logging_mixin.py:188} INFO - [2026-07-29T04:41:29.743+0000] {dag.py:3954} INFO - Setting next_dagrun for process_gold_layer to None, run_after=None
[2026-07-29T04:41:29.901+0000] {processor.py:183} INFO - Processing /opt/airflow/dags/gold_processing_dag.py took 0.686 seconds
[2026-07-29T04:42:11.183+0000] {processor.py:161} INFO - Started process (PID=29803) to work on /opt/airflow/dags/gold_processing_dag.py
[2026-07-29T04:42:11.186+0000] {processor.py:830} INFO - Processing file /opt/airflow/dags/gold_processing_dag.py for tasks to queue
[2026-07-29T04:42:11.190+0000] {logging_mixin.py:188} INFO - [2026-07-29T04:42:11.189+0000] {dagbag.py:545} INFO - Filling up the DagBag from /opt/airflow/dags/gold_processing_dag.py
[2026-07-29T04:42:11.237+0000] {processor.py:840} INFO - DAG(s) 'process_gold_layer' retrieved from /opt/airflow/dags/gold_processing_dag.py
[2026-07-29T04:42:11.302+0000] {logging_mixin.py:188} INFO - [2026-07-29T04:42:11.302+0000] {dag.py:3096} INFO - Sync 1 DAGs
[2026-07-29T04:42:11.342+0000] {logging_mixin.py:188} INFO - [2026-07-29T04:42:11.342+0000] {dag.py:3954} INFO - Setting next_dagrun for process_gold_layer to None, run_after=None
[2026-07-29T04:42:11.395+0000] {processor.py:183} INFO - Processing /opt/airflow/dags/gold_processing_dag.py took 0.232 seconds
[2026-07-29T04:42:41.935+0000] {processor.py:161} INFO - Started process (PID=29818) to work on /opt/airflow/dags/gold_processing_dag.py
[2026-07-29T04:42:41.951+0000] {processor.py:830} INFO - Processing file /opt/airflow/dags/gold_processing_dag.py for tasks to queue
[2026-07-29T04:42:41.956+0000] {logging_mixin.py:188} INFO - [2026-07-29T04:42:41.955+0000] {dagbag.py:545} INFO - Filling up the DagBag from /opt/airflow/dags/gold_processing_dag.py
[2026-07-29T04:42:42.003+0000] {processor.py:840} INFO - DAG(s) 'process_gold_layer' retrieved from /opt/airflow/dags/gold_processing_dag.py
[2026-07-29T04:42:42.060+0000] {logging_mixin.py:188} INFO - [2026-07-29T04:42:42.060+0000] {dag.py:3096} INFO - Sync 1 DAGs
[2026-07-29T04:42:42.112+0000] {logging_mixin.py:188} INFO - [2026-07-29T04:42:42.112+0000] {dag.py:3954} INFO - Setting next_dagrun for process_gold_layer to None, run_after=None
[2026-07-29T04:42:42.185+0000] {processor.py:183} INFO - Processing /opt/airflow/dags/gold_processing_dag.py took 0.307 seconds
[2026-07-29T04:43:12.467+0000] {processor.py:161} INFO - Started process (PID=29833) to work on /opt/airflow/dags/gold_processing_dag.py
[2026-07-29T04:43:12.470+0000] {processor.py:830} INFO - Processing file /opt/airflow/dags/gold_processing_dag.py for tasks to queue
[2026-07-29T04:43:12.474+0000] {logging_mixin.py:188} INFO - [2026-07-29T04:43:12.473+0000] {dagbag.py:545} INFO - Filling up the DagBag from /opt/airflow/dags/gold_processing_dag.py
[2026-07-29T04:43:12.522+0000] {processor.py:840} INFO - DAG(s) 'process_gold_layer' retrieved from /opt/airflow/dags/gold_processing_dag.py
[2026-07-29T04:43:12.577+0000] {logging_mixin.py:188} INFO - [2026-07-29T04:43:12.576+0000] {dag.py:3096} INFO - Sync 1 DAGs
[2026-07-29T04:43:12.614+0000] {logging_mixin.py:188} INFO - [2026-07-29T04:43:12.613+0000] {dag.py:3954} INFO - Setting next_dagrun for process_gold_layer to None, run_after=None
[2026-07-29T04:43:12.663+0000] {processor.py:183} INFO - Processing /opt/airflow/dags/gold_processing_dag.py took 0.215 seconds
[2026-07-29T04:43:42.793+0000] {processor.py:161} INFO - Started process (PID=29848) to work on /opt/airflow/dags/gold_processing_dag.py
[2026-07-29T04:43:42.796+0000] {processor.py:830} INFO - Processing file /opt/airflow/dags/gold_processing_dag.py for tasks to queue
[2026-07-29T04:43:42.800+0000] {logging_mixin.py:188} INFO - [2026-07-29T04:43:42.799+0000] {dagbag.py:545} INFO - Filling up the DagBag from /opt/airflow/dags/gold_processing_dag.py
[2026-07-29T04:43:42.839+0000] {processor.py:840} INFO - DAG(s) 'process_gold_layer' retrieved from /opt/airflow/dags/gold_processing_dag.py
[2026-07-29T04:43:42.885+0000] {logging_mixin.py:188} INFO - [2026-07-29T04:43:42.885+0000] {dag.py:3096} INFO - Sync 1 DAGs
[2026-07-29T04:43:42.911+0000] {logging_mixin.py:188} INFO - [2026-07-29T04:43:42.910+0000] {dag.py:3954} INFO - Setting next_dagrun for process_gold_layer to None, run_after=None
[2026-07-29T04:43:42.970+0000] {processor.py:183} INFO - Processing /opt/airflow/dags/gold_processing_dag.py took 0.190 seconds
[2026-07-29T04:44:13.223+0000] {processor.py:161} INFO - Started process (PID=29863) to work on /opt/airflow/dags/gold_processing_dag.py
[2026-07-29T04:44:13.226+0000] {processor.py:830} INFO - Processing file /opt/airflow/dags/gold_processing_dag.py for tasks to queue
[2026-07-29T04:44:13.230+0000] {logging_mixin.py:188} INFO - [2026-07-29T04:44:13.229+0000] {dagbag.py:545} INFO - Filling up the DagBag from /opt/airflow/dags/gold_processing_dag.py
[2026-07-29T04:44:13.289+0000] {processor.py:840} INFO - DAG(s) 'process_gold_layer' retrieved from /opt/airflow/dags/gold_processing_dag.py
[2026-07-29T04:44:13.352+0000] {logging_mixin.py:188} INFO - [2026-07-29T04:44:13.351+0000] {dag.py:3096} INFO - Sync 1 DAGs
[2026-07-29T04:44:13.386+0000] {logging_mixin.py:188} INFO - [2026-07-29T04:44:13.386+0000] {dag.py:3954} INFO - Setting next_dagrun for process_gold_layer to None, run_after=None
[2026-07-29T04:44:13.446+0000] {processor.py:183} INFO - Processing /opt/airflow/dags/gold_processing_dag.py took 0.246 seconds
[2026-07-29T04:44:44.491+0000] {processor.py:161} INFO - Started process (PID=29878) to work on /opt/airflow/dags/gold_processing_dag.py
[2026-07-29T04:44:44.496+0000] {processor.py:830} INFO - Processing file /opt/airflow/dags/gold_processing_dag.py for tasks to queue
[2026-07-29T04:44:44.502+0000] {logging_mixin.py:188} INFO - [2026-07-29T04:44:44.501+0000] {dagbag.py:545} INFO - Filling up the DagBag from /opt/airflow/dags/gold_processing_dag.py
[2026-07-29T04:44:44.562+0000] {processor.py:840} INFO - DAG(s) 'process_gold_layer' retrieved from /opt/airflow/dags/gold_processing_dag.py
[2026-07-29T04:44:44.646+0000] {logging_mixin.py:188} INFO - [2026-07-29T04:44:44.646+0000] {dag.py:3096} INFO - Sync 1 DAGs
[2026-07-29T04:44:44.704+0000] {logging_mixin.py:188} INFO - [2026-07-29T04:44:44.703+0000] {dag.py:3954} INFO - Setting next_dagrun for process_gold_layer to None, run_after=None
[2026-07-29T04:44:44.773+0000] {processor.py:183} INFO - Processing /opt/airflow/dags/gold_processing_dag.py took 0.306 seconds
[2026-07-29T04:45:15.067+0000] {processor.py:161} INFO - Started process (PID=29893) to work on /opt/airflow/dags/gold_processing_dag.py
[2026-07-29T04:45:15.070+0000] {processor.py:830} INFO - Processing file /opt/airflow/dags/gold_processing_dag.py for tasks to queue
[2026-07-29T04:45:15.077+0000] {logging_mixin.py:188} INFO - [2026-07-29T04:45:15.076+0000] {dagbag.py:545} INFO - Filling up the DagBag from /opt/airflow/dags/gold_processing_dag.py
[2026-07-29T04:45:15.117+0000] {processor.py:840} INFO - DAG(s) 'process_gold_layer' retrieved from /opt/airflow/dags/gold_processing_dag.py
[2026-07-29T04:45:15.170+0000] {logging_mixin.py:188} INFO - [2026-07-29T04:45:15.169+0000] {dag.py:3096} INFO - Sync 1 DAGs
[2026-07-29T04:45:15.207+0000] {logging_mixin.py:188} INFO - [2026-07-29T04:45:15.206+0000] {dag.py:3954} INFO - Setting next_dagrun for process_gold_layer to None, run_after=None
[2026-07-29T04:45:15.260+0000] {processor.py:183} INFO - Processing /opt/airflow/dags/gold_processing_dag.py took 0.209 seconds
[2026-07-29T04:45:45.418+0000] {processor.py:161} INFO - Started process (PID=29908) to work on /opt/airflow/dags/gold_processing_dag.py
[2026-07-29T04:45:45.421+0000] {processor.py:830} INFO - Processing file /opt/airflow/dags/gold_processing_dag.py for tasks to queue
[2026-07-29T04:45:45.424+0000] {logging_mixin.py:188} INFO - [2026-07-29T04:45:45.423+0000] {dagbag.py:545} INFO - Filling up the DagBag from /opt/airflow/dags/gold_processing_dag.py
[2026-07-29T04:45:45.468+0000] {processor.py:840} INFO - DAG(s) 'process_gold_layer' retrieved from /opt/airflow/dags/gold_processing_dag.py
[2026-07-29T04:45:45.529+0000] {logging_mixin.py:188} INFO - [2026-07-29T04:45:45.529+0000] {dag.py:3096} INFO - Sync 1 DAGs
[2026-07-29T04:45:45.590+0000] {logging_mixin.py:188} INFO - [2026-07-29T04:45:45.589+0000] {dag.py:3954} INFO - Setting next_dagrun for process_gold_layer to None, run_after=None
[2026-07-29T04:45:45.683+0000] {processor.py:183} INFO - Processing /opt/airflow/dags/gold_processing_dag.py took 0.284 seconds
[2026-07-29T04:46:15.887+0000] {processor.py:161} INFO - Started process (PID=29923) to work on /opt/airflow/dags/gold_processing_dag.py
[2026-07-29T04:46:15.890+0000] {processor.py:830} INFO - Processing file /opt/airflow/dags/gold_processing_dag.py for tasks to queue
[2026-07-29T04:46:15.894+0000] {logging_mixin.py:188} INFO - [2026-07-29T04:46:15.893+0000] {dagbag.py:545} INFO - Filling up the DagBag from /opt/airflow/dags/gold_processing_dag.py
[2026-07-29T04:46:15.936+0000] {processor.py:840} INFO - DAG(s) 'process_gold_layer' retrieved from /opt/airflow/dags/gold_processing_dag.py
[2026-07-29T04:46:15.982+0000] {logging_mixin.py:188} INFO - [2026-07-29T04:46:15.981+0000] {dag.py:3096} INFO - Sync 1 DAGs
[2026-07-29T04:46:16.005+0000] {logging_mixin.py:188} INFO - [2026-07-29T04:46:16.005+0000] {dag.py:3954} INFO - Setting next_dagrun for process_gold_layer to None, run_after=None
[2026-07-29T04:46:16.045+0000] {processor.py:183} INFO - Processing /opt/airflow/dags/gold_processing_dag.py took 0.173 seconds
[2026-07-29T04:46:46.993+0000] {processor.py:161} INFO - Started process (PID=29938) to work on /opt/airflow/dags/gold_processing_dag.py
[2026-07-29T04:46:46.999+0000] {processor.py:830} INFO - Processing file /opt/airflow/dags/gold_processing_dag.py for tasks to queue
[2026-07-29T04:46:47.005+0000] {logging_mixin.py:188} INFO - [2026-07-29T04:46:47.004+0000] {dagbag.py:545} INFO - Filling up the DagBag from /opt/airflow/dags/gold_processing_dag.py
[2026-07-29T04:46:47.080+0000] {processor.py:840} INFO - DAG(s) 'process_gold_layer' retrieved from /opt/airflow/dags/gold_processing_dag.py
[2026-07-29T04:46:47.187+0000] {logging_mixin.py:188} INFO - [2026-07-29T04:46:47.186+0000] {dag.py:3096} INFO - Sync 1 DAGs
[2026-07-29T04:46:47.265+0000] {logging_mixin.py:188} INFO - [2026-07-29T04:46:47.264+0000] {dag.py:3954} INFO - Setting next_dagrun for process_gold_layer to None, run_after=None
[2026-07-29T04:46:47.364+0000] {processor.py:183} INFO - Processing /opt/airflow/dags/gold_processing_dag.py took 0.396 seconds
[2026-07-29T04:47:17.684+0000] {processor.py:161} INFO - Started process (PID=29953) to work on /opt/airflow/dags/gold_processing_dag.py
[2026-07-29T04:47:17.687+0000] {processor.py:830} INFO - Processing file /opt/airflow/dags/gold_processing_dag.py for tasks to queue
[2026-07-29T04:47:17.691+0000] {logging_mixin.py:188} INFO - [2026-07-29T04:47:17.690+0000] {dagbag.py:545} INFO - Filling up the DagBag from /opt/airflow/dags/gold_processing_dag.py
[2026-07-29T04:47:17.740+0000] {processor.py:840} INFO - DAG(s) 'process_gold_layer' retrieved from /opt/airflow/dags/gold_processing_dag.py
[2026-07-29T04:47:17.791+0000] {logging_mixin.py:188} INFO - [2026-07-29T04:47:17.790+0000] {dag.py:3096} INFO - Sync 1 DAGs
[2026-07-29T04:47:17.829+0000] {logging_mixin.py:188} INFO - [2026-07-29T04:47:17.829+0000] {dag.py:3954} INFO - Setting next_dagrun for process_gold_layer to None, run_after=None
[2026-07-29T04:47:17.892+0000] {processor.py:183} INFO - Processing /opt/airflow/dags/gold_processing_dag.py took 0.228 seconds
[2026-07-29T04:47:48.045+0000] {processor.py:161} INFO - Started process (PID=29968) to work on /opt/airflow/dags/gold_processing_dag.py
[2026-07-29T04:47:48.048+0000] {processor.py:830} INFO - Processing file /opt/airflow/dags/gold_processing_dag.py for tasks to queue
[2026-07-29T04:47:48.052+0000] {logging_mixin.py:188} INFO - [2026-07-29T04:47:48.051+0000] {dagbag.py:545} INFO - Filling up the DagBag from /opt/airflow/dags/gold_processing_dag.py
[2026-07-29T04:47:48.106+0000] {processor.py:840} INFO - DAG(s) 'process_gold_layer' retrieved from /opt/airflow/dags/gold_processing_dag.py
[2026-07-29T04:47:48.172+0000] {logging_mixin.py:188} INFO - [2026-07-29T04:47:48.171+0000] {dag.py:3096} INFO - Sync 1 DAGs
[2026-07-29T04:47:48.215+0000] {logging_mixin.py:188} INFO - [2026-07-29T04:47:48.214+0000] {dag.py:3954} INFO - Setting next_dagrun for process_gold_layer to None, run_after=None
[2026-07-29T04:47:48.281+0000] {processor.py:183} INFO - Processing /opt/airflow/dags/gold_processing_dag.py took 0.251 seconds
[2026-07-29T04:48:19.064+0000] {processor.py:161} INFO - Started process (PID=29983) to work on /opt/airflow/dags/gold_processing_dag.py
[2026-07-29T04:48:19.068+0000] {processor.py:830} INFO - Processing file /opt/airflow/dags/gold_processing_dag.py for tasks to queue
[2026-07-29T04:48:19.072+0000] {logging_mixin.py:188} INFO - [2026-07-29T04:48:19.071+0000] {dagbag.py:545} INFO - Filling up the DagBag from /opt/airflow/dags/gold_processing_dag.py
[2026-07-29T04:48:19.129+0000] {processor.py:840} INFO - DAG(s) 'process_gold_layer' retrieved from /opt/airflow/dags/gold_processing_dag.py
[2026-07-29T04:48:19.190+0000] {logging_mixin.py:188} INFO - [2026-07-29T04:48:19.189+0000] {dag.py:3096} INFO - Sync 1 DAGs
[2026-07-29T04:48:19.225+0000] {logging_mixin.py:188} INFO - [2026-07-29T04:48:19.224+0000] {dag.py:3954} INFO - Setting next_dagrun for process_gold_layer to None, run_after=None
[2026-07-29T04:48:19.271+0000] {processor.py:183} INFO - Processing /opt/airflow/dags/gold_processing_dag.py took 0.229 seconds
[2026-07-29T04:48:49.723+0000] {processor.py:161} INFO - Started process (PID=29998) to work on /opt/airflow/dags/gold_processing_dag.py
[2026-07-29T04:48:49.726+0000] {processor.py:830} INFO - Processing file /opt/airflow/dags/gold_processing_dag.py for tasks to queue
[2026-07-29T04:48:49.731+0000] {logging_mixin.py:188} INFO - [2026-07-29T04:48:49.730+0000] {dagbag.py:545} INFO - Filling up the DagBag from /opt/airflow/dags/gold_processing_dag.py
[2026-07-29T04:48:49.780+0000] {processor.py:840} INFO - DAG(s) 'process_gold_layer' retrieved from /opt/airflow/dags/gold_processing_dag.py
[2026-07-29T04:48:49.840+0000] {logging_mixin.py:188} INFO - [2026-07-29T04:48:49.839+0000] {dag.py:3096} INFO - Sync 1 DAGs
[2026-07-29T04:48:49.877+0000] {logging_mixin.py:188} INFO - [2026-07-29T04:48:49.876+0000] {dag.py:3954} INFO - Setting next_dagrun for process_gold_layer to None, run_after=None
[2026-07-29T04:48:49.928+0000] {processor.py:183} INFO - Processing /opt/airflow/dags/gold_processing_dag.py took 0.226 seconds
[2026-07-29T04:49:20.057+0000] {processor.py:161} INFO - Started process (PID=30013) to work on /opt/airflow/dags/gold_processing_dag.py
[2026-07-29T04:49:20.060+0000] {processor.py:830} INFO - Processing file /opt/airflow/dags/gold_processing_dag.py for tasks to queue
[2026-07-29T04:49:20.064+0000] {logging_mixin.py:188} INFO - [2026-07-29T04:49:20.063+0000] {dagbag.py:545} INFO - Filling up the DagBag from /opt/airflow/dags/gold_processing_dag.py
[2026-07-29T04:49:20.112+0000] {processor.py:840} INFO - DAG(s) 'process_gold_layer' retrieved from /opt/airflow/dags/gold_processing_dag.py
[2026-07-29T04:49:20.175+0000] {logging_mixin.py:188} INFO - [2026-07-29T04:49:20.175+0000] {dag.py:3096} INFO - Sync 1 DAGs
[2026-07-29T04:49:20.207+0000] {logging_mixin.py:188} INFO - [2026-07-29T04:49:20.206+0000] {dag.py:3954} INFO - Setting next_dagrun for process_gold_layer to None, run_after=None
[2026-07-29T04:49:20.263+0000] {processor.py:183} INFO - Processing /opt/airflow/dags/gold_processing_dag.py took 0.229 seconds
[2026-07-29T04:49:50.359+0000] {processor.py:161} INFO - Started process (PID=30028) to work on /opt/airflow/dags/gold_processing_dag.py
[2026-07-29T04:49:50.362+0000] {processor.py:830} INFO - Processing file /opt/airflow/dags/gold_processing_dag.py for tasks to queue
[2026-07-29T04:49:50.365+0000] {logging_mixin.py:188} INFO - [2026-07-29T04:49:50.364+0000] {dagbag.py:545} INFO - Filling up the DagBag from /opt/airflow/dags/gold_processing_dag.py
[2026-07-29T04:49:50.411+0000] {processor.py:840} INFO - DAG(s) 'process_gold_layer' retrieved from /opt/airflow/dags/gold_processing_dag.py
[2026-07-29T04:49:50.461+0000] {logging_mixin.py:188} INFO - [2026-07-29T04:49:50.461+0000] {dag.py:3096} INFO - Sync 1 DAGs
[2026-07-29T04:49:50.486+0000] {logging_mixin.py:188} INFO - [2026-07-29T04:49:50.486+0000] {dag.py:3954} INFO - Setting next_dagrun for process_gold_layer to None, run_after=None
[2026-07-29T04:49:50.526+0000] {processor.py:183} INFO - Processing /opt/airflow/dags/gold_processing_dag.py took 0.180 seconds
[2026-07-29T04:50:20.684+0000] {processor.py:161} INFO - Started process (PID=30043) to work on /opt/airflow/dags/gold_processing_dag.py
[2026-07-29T04:50:20.690+0000] {processor.py:830} INFO - Processing file /opt/airflow/dags/gold_processing_dag.py for tasks to queue
[2026-07-29T04:50:20.695+0000] {logging_mixin.py:188} INFO - [2026-07-29T04:50:20.694+0000] {dagbag.py:545} INFO - Filling up the DagBag from /opt/airflow/dags/gold_processing_dag.py
[2026-07-29T04:50:20.753+0000] {processor.py:840} INFO - DAG(s) 'process_gold_layer' retrieved from /opt/airflow/dags/gold_processing_dag.py
[2026-07-29T04:50:20.827+0000] {logging_mixin.py:188} INFO - [2026-07-29T04:50:20.826+0000] {dag.py:3096} INFO - Sync 1 DAGs
[2026-07-29T04:50:20.864+0000] {logging_mixin.py:188} INFO - [2026-07-29T04:50:20.864+0000] {dag.py:3954} INFO - Setting next_dagrun for process_gold_layer to None, run_after=None
[2026-07-29T04:50:20.921+0000] {processor.py:183} INFO - Processing /opt/airflow/dags/gold_processing_dag.py took 0.261 seconds
[2026-07-29T04:50:51.298+0000] {processor.py:161} INFO - Started process (PID=30058) to work on /opt/airflow/dags/gold_processing_dag.py
[2026-07-29T04:50:51.302+0000] {processor.py:830} INFO - Processing file /opt/airflow/dags/gold_processing_dag.py for tasks to queue
[2026-07-29T04:50:51.310+0000] {logging_mixin.py:188} INFO - [2026-07-29T04:50:51.309+0000] {dagbag.py:545} INFO - Filling up the DagBag from /opt/airflow/dags/gold_processing_dag.py
[2026-07-29T04:50:51.368+0000] {processor.py:840} INFO - DAG(s) 'process_gold_layer' retrieved from /opt/airflow/dags/gold_processing_dag.py
[2026-07-29T04:50:51.417+0000] {logging_mixin.py:188} INFO - [2026-07-29T04:50:51.416+0000] {dag.py:3096} INFO - Sync 1 DAGs
[2026-07-29T04:50:51.454+0000] {logging_mixin.py:188} INFO - [2026-07-29T04:50:51.453+0000] {dag.py:3954} INFO - Setting next_dagrun for process_gold_layer to None, run_after=None
[2026-07-29T04:50:51.506+0000] {processor.py:183} INFO - Processing /opt/airflow/dags/gold_processing_dag.py took 0.234 seconds
[2026-07-29T04:51:22.349+0000] {processor.py:161} INFO - Started process (PID=30073) to work on /opt/airflow/dags/gold_processing_dag.py
[2026-07-29T04:51:22.367+0000] {processor.py:830} INFO - Processing file /opt/airflow/dags/gold_processing_dag.py for tasks to queue
[2026-07-29T04:51:22.377+0000] {logging_mixin.py:188} INFO - [2026-07-29T04:51:22.373+0000] {dagbag.py:545} INFO - Filling up the DagBag from /opt/airflow/dags/gold_processing_dag.py
[2026-07-29T04:51:22.526+0000] {processor.py:840} INFO - DAG(s) 'process_gold_layer' retrieved from /opt/airflow/dags/gold_processing_dag.py
[2026-07-29T04:51:22.706+0000] {logging_mixin.py:188} INFO - [2026-07-29T04:51:22.705+0000] {dag.py:3096} INFO - Sync 1 DAGs
[2026-07-29T04:51:22.800+0000] {logging_mixin.py:188} INFO - [2026-07-29T04:51:22.800+0000] {dag.py:3954} INFO - Setting next_dagrun for process_gold_layer to None, run_after=None
[2026-07-29T04:51:22.973+0000] {processor.py:183} INFO - Processing /opt/airflow/dags/gold_processing_dag.py took 0.682 seconds
[2026-07-29T04:51:53.169+0000] {processor.py:161} INFO - Started process (PID=30088) to work on /opt/airflow/dags/gold_processing_dag.py
[2026-07-29T04:51:53.174+0000] {processor.py:830} INFO - Processing file /opt/airflow/dags/gold_processing_dag.py for tasks to queue
[2026-07-29T04:51:53.179+0000] {logging_mixin.py:188} INFO - [2026-07-29T04:51:53.178+0000] {dagbag.py:545} INFO - Filling up the DagBag from /opt/airflow/dags/gold_processing_dag.py
[2026-07-29T04:51:53.228+0000] {processor.py:840} INFO - DAG(s) 'process_gold_layer' retrieved from /opt/airflow/dags/gold_processing_dag.py
[2026-07-29T04:51:53.318+0000] {logging_mixin.py:188} INFO - [2026-07-29T04:51:53.318+0000] {dag.py:3096} INFO - Sync 1 DAGs
[2026-07-29T04:51:53.356+0000] {logging_mixin.py:188} INFO - [2026-07-29T04:51:53.356+0000] {dag.py:3954} INFO - Setting next_dagrun for process_gold_layer to None, run_after=None
[2026-07-29T04:51:53.420+0000] {processor.py:183} INFO - Processing /opt/airflow/dags/gold_processing_dag.py took 0.282 seconds
[2026-07-29T04:52:23.715+0000] {processor.py:161} INFO - Started process (PID=30103) to work on /opt/airflow/dags/gold_processing_dag.py
[2026-07-29T04:52:23.725+0000] {processor.py:830} INFO - Processing file /opt/airflow/dags/gold_processing_dag.py for tasks to queue
[2026-07-29T04:52:23.742+0000] {logging_mixin.py:188} INFO - [2026-07-29T04:52:23.741+0000] {dagbag.py:545} INFO - Filling up the DagBag from /opt/airflow/dags/gold_processing_dag.py
[2026-07-29T04:52:24.159+0000] {processor.py:840} INFO - DAG(s) 'process_gold_layer' retrieved from /opt/airflow/dags/gold_processing_dag.py
[2026-07-29T04:52:24.330+0000] {logging_mixin.py:188} INFO - [2026-07-29T04:52:24.328+0000] {dag.py:3096} INFO - Sync 1 DAGs
[2026-07-29T04:52:24.508+0000] {logging_mixin.py:188} INFO - [2026-07-29T04:52:24.508+0000] {dag.py:3954} INFO - Setting next_dagrun for process_gold_layer to None, run_after=None
[2026-07-29T04:52:24.604+0000] {processor.py:183} INFO - Processing /opt/airflow/dags/gold_processing_dag.py took 0.930 seconds
[2026-07-29T04:52:54.935+0000] {processor.py:161} INFO - Started process (PID=30123) to work on /opt/airflow/dags/gold_processing_dag.py
[2026-07-29T04:52:54.938+0000] {processor.py:830} INFO - Processing file /opt/airflow/dags/gold_processing_dag.py for tasks to queue
[2026-07-29T04:52:54.941+0000] {logging_mixin.py:188} INFO - [2026-07-29T04:52:54.940+0000] {dagbag.py:545} INFO - Filling up the DagBag from /opt/airflow/dags/gold_processing_dag.py
[2026-07-29T04:52:55.035+0000] {processor.py:840} INFO - DAG(s) 'process_gold_layer' retrieved from /opt/airflow/dags/gold_processing_dag.py
[2026-07-29T04:52:55.075+0000] {logging_mixin.py:188} INFO - [2026-07-29T04:52:55.074+0000] {dag.py:3096} INFO - Sync 1 DAGs
[2026-07-29T04:52:55.102+0000] {logging_mixin.py:188} INFO - [2026-07-29T04:52:55.102+0000] {dag.py:3954} INFO - Setting next_dagrun for process_gold_layer to None, run_after=None
[2026-07-29T04:52:55.142+0000] {processor.py:183} INFO - Processing /opt/airflow/dags/gold_processing_dag.py took 0.222 seconds
[2026-07-29T04:53:25.339+0000] {processor.py:161} INFO - Started process (PID=30133) to work on /opt/airflow/dags/gold_processing_dag.py
[2026-07-29T04:53:25.342+0000] {processor.py:830} INFO - Processing file /opt/airflow/dags/gold_processing_dag.py for tasks to queue
[2026-07-29T04:53:25.347+0000] {logging_mixin.py:188} INFO - [2026-07-29T04:53:25.346+0000] {dagbag.py:545} INFO - Filling up the DagBag from /opt/airflow/dags/gold_processing_dag.py
[2026-07-29T04:53:25.441+0000] {processor.py:840} INFO - DAG(s) 'process_gold_layer' retrieved from /opt/airflow/dags/gold_processing_dag.py
[2026-07-29T04:53:25.529+0000] {logging_mixin.py:188} INFO - [2026-07-29T04:53:25.529+0000] {dag.py:3096} INFO - Sync 1 DAGs
[2026-07-29T04:53:25.566+0000] {logging_mixin.py:188} INFO - [2026-07-29T04:53:25.565+0000] {dag.py:3954} INFO - Setting next_dagrun for process_gold_layer to None, run_after=None
[2026-07-29T04:53:25.627+0000] {processor.py:183} INFO - Processing /opt/airflow/dags/gold_processing_dag.py took 0.308 seconds
[2026-07-29T04:53:55.895+0000] {processor.py:161} INFO - Started process (PID=30148) to work on /opt/airflow/dags/gold_processing_dag.py
[2026-07-29T04:53:55.909+0000] {processor.py:830} INFO - Processing file /opt/airflow/dags/gold_processing_dag.py for tasks to queue
[2026-07-29T04:53:55.916+0000] {logging_mixin.py:188} INFO - [2026-07-29T04:53:55.915+0000] {dagbag.py:545} INFO - Filling up the DagBag from /opt/airflow/dags/gold_processing_dag.py
[2026-07-29T04:53:55.974+0000] {processor.py:840} INFO - DAG(s) 'process_gold_layer' retrieved from /opt/airflow/dags/gold_processing_dag.py
[2026-07-29T04:53:56.037+0000] {logging_mixin.py:188} INFO - [2026-07-29T04:53:56.036+0000] {dag.py:3096} INFO - Sync 1 DAGs
[2026-07-29T04:53:56.074+0000] {logging_mixin.py:188} INFO - [2026-07-29T04:53:56.074+0000] {dag.py:3954} INFO - Setting next_dagrun for process_gold_layer to None, run_after=None
[2026-07-29T04:53:56.126+0000] {processor.py:183} INFO - Processing /opt/airflow/dags/gold_processing_dag.py took 0.255 seconds
[2026-07-29T04:54:26.689+0000] {processor.py:161} INFO - Started process (PID=30163) to work on /opt/airflow/dags/gold_processing_dag.py
[2026-07-29T04:54:26.692+0000] {processor.py:830} INFO - Processing file /opt/airflow/dags/gold_processing_dag.py for tasks to queue
[2026-07-29T04:54:26.697+0000] {logging_mixin.py:188} INFO - [2026-07-29T04:54:26.696+0000] {dagbag.py:545} INFO - Filling up the DagBag from /opt/airflow/dags/gold_processing_dag.py
[2026-07-29T04:54:26.788+0000] {processor.py:840} INFO - DAG(s) 'process_gold_layer' retrieved from /opt/airflow/dags/gold_processing_dag.py
[2026-07-29T04:54:26.920+0000] {logging_mixin.py:188} INFO - [2026-07-29T04:54:26.919+0000] {dag.py:3096} INFO - Sync 1 DAGs
[2026-07-29T04:54:26.982+0000] {logging_mixin.py:188} INFO - [2026-07-29T04:54:26.981+0000] {dag.py:3954} INFO - Setting next_dagrun for process_gold_layer to None, run_after=None
[2026-07-29T04:54:27.084+0000] {processor.py:183} INFO - Processing /opt/airflow/dags/gold_processing_dag.py took 0.429 seconds
[2026-07-29T04:54:57.585+0000] {processor.py:161} INFO - Started process (PID=30178) to work on /opt/airflow/dags/gold_processing_dag.py
[2026-07-29T04:54:57.590+0000] {processor.py:830} INFO - Processing file /opt/airflow/dags/gold_processing_dag.py for tasks to queue
[2026-07-29T04:54:57.593+0000] {logging_mixin.py:188} INFO - [2026-07-29T04:54:57.592+0000] {dagbag.py:545} INFO - Filling up the DagBag from /opt/airflow/dags/gold_processing_dag.py
[2026-07-29T04:54:57.635+0000] {processor.py:840} INFO - DAG(s) 'process_gold_layer' retrieved from /opt/airflow/dags/gold_processing_dag.py
[2026-07-29T04:54:57.728+0000] {logging_mixin.py:188} INFO - [2026-07-29T04:54:57.727+0000] {dag.py:3096} INFO - Sync 1 DAGs
[2026-07-29T04:54:57.889+0000] {logging_mixin.py:188} INFO - [2026-07-29T04:54:57.889+0000] {dag.py:3954} INFO - Setting next_dagrun for process_gold_layer to None, run_after=None
[2026-07-29T04:54:57.995+0000] {processor.py:183} INFO - Processing /opt/airflow/dags/gold_processing_dag.py took 0.427 seconds
[2026-07-29T04:55:28.197+0000] {processor.py:161} INFO - Started process (PID=30193) to work on /opt/airflow/dags/gold_processing_dag.py
[2026-07-29T04:55:28.202+0000] {processor.py:830} INFO - Processing file /opt/airflow/dags/gold_processing_dag.py for tasks to queue
[2026-07-29T04:55:28.208+0000] {logging_mixin.py:188} INFO - [2026-07-29T04:55:28.207+0000] {dagbag.py:545} INFO - Filling up the DagBag from /opt/airflow/dags/gold_processing_dag.py
[2026-07-29T04:55:28.276+0000] {processor.py:840} INFO - DAG(s) 'process_gold_layer' retrieved from /opt/airflow/dags/gold_processing_dag.py
[2026-07-29T04:55:28.404+0000] {logging_mixin.py:188} INFO - [2026-07-29T04:55:28.404+0000] {dag.py:3096} INFO - Sync 1 DAGs
[2026-07-29T04:55:28.443+0000] {logging_mixin.py:188} INFO - [2026-07-29T04:55:28.443+0000] {dag.py:3954} INFO - Setting next_dagrun for process_gold_layer to None, run_after=None
[2026-07-29T04:55:28.491+0000] {processor.py:183} INFO - Processing /opt/airflow/dags/gold_processing_dag.py took 0.317 seconds
[2026-07-29T04:55:58.752+0000] {processor.py:161} INFO - Started process (PID=30208) to work on /opt/airflow/dags/gold_processing_dag.py
[2026-07-29T04:55:58.755+0000] {processor.py:830} INFO - Processing file /opt/airflow/dags/gold_processing_dag.py for tasks to queue
[2026-07-29T04:55:58.759+0000] {logging_mixin.py:188} INFO - [2026-07-29T04:55:58.758+0000] {dagbag.py:545} INFO - Filling up the DagBag from /opt/airflow/dags/gold_processing_dag.py
[2026-07-29T04:55:58.807+0000] {processor.py:840} INFO - DAG(s) 'process_gold_layer' retrieved from /opt/airflow/dags/gold_processing_dag.py
[2026-07-29T04:55:58.905+0000] {logging_mixin.py:188} INFO - [2026-07-29T04:55:58.905+0000] {dag.py:3096} INFO - Sync 1 DAGs
[2026-07-29T04:55:58.938+0000] {logging_mixin.py:188} INFO - [2026-07-29T04:55:58.938+0000] {dag.py:3954} INFO - Setting next_dagrun for process_gold_layer to None, run_after=None
[2026-07-29T04:55:58.997+0000] {processor.py:183} INFO - Processing /opt/airflow/dags/gold_processing_dag.py took 0.266 seconds
[2026-07-29T04:56:29.614+0000] {processor.py:161} INFO - Started process (PID=30223) to work on /opt/airflow/dags/gold_processing_dag.py
[2026-07-29T04:56:29.619+0000] {processor.py:830} INFO - Processing file /opt/airflow/dags/gold_processing_dag.py for tasks to queue
[2026-07-29T04:56:29.626+0000] {logging_mixin.py:188} INFO - [2026-07-29T04:56:29.624+0000] {dagbag.py:545} INFO - Filling up the DagBag from /opt/airflow/dags/gold_processing_dag.py
[2026-07-29T04:56:29.674+0000] {processor.py:840} INFO - DAG(s) 'process_gold_layer' retrieved from /opt/airflow/dags/gold_processing_dag.py
[2026-07-29T04:56:29.734+0000] {logging_mixin.py:188} INFO - [2026-07-29T04:56:29.734+0000] {dag.py:3096} INFO - Sync 1 DAGs
[2026-07-29T04:56:29.775+0000] {logging_mixin.py:188} INFO - [2026-07-29T04:56:29.774+0000] {dag.py:3954} INFO - Setting next_dagrun for process_gold_layer to None, run_after=None
[2026-07-29T04:56:29.830+0000] {processor.py:183} INFO - Processing /opt/airflow/dags/gold_processing_dag.py took 0.236 seconds
[2026-07-29T04:57:00.264+0000] {processor.py:161} INFO - Started process (PID=30238) to work on /opt/airflow/dags/gold_processing_dag.py
[2026-07-29T04:57:00.268+0000] {processor.py:830} INFO - Processing file /opt/airflow/dags/gold_processing_dag.py for tasks to queue
[2026-07-29T04:57:00.274+0000] {logging_mixin.py:188} INFO - [2026-07-29T04:57:00.273+0000] {dagbag.py:545} INFO - Filling up the DagBag from /opt/airflow/dags/gold_processing_dag.py
[2026-07-29T04:57:00.325+0000] {processor.py:840} INFO - DAG(s) 'process_gold_layer' retrieved from /opt/airflow/dags/gold_processing_dag.py
[2026-07-29T04:57:00.422+0000] {logging_mixin.py:188} INFO - [2026-07-29T04:57:00.421+0000] {dag.py:3096} INFO - Sync 1 DAGs
[2026-07-29T04:57:00.455+0000] {logging_mixin.py:188} INFO - [2026-07-29T04:57:00.454+0000] {dag.py:3954} INFO - Setting next_dagrun for process_gold_layer to None, run_after=None
[2026-07-29T04:57:00.513+0000] {processor.py:183} INFO - Processing /opt/airflow/dags/gold_processing_dag.py took 0.272 seconds
[2026-07-29T04:57:30.672+0000] {processor.py:161} INFO - Started process (PID=30253) to work on /opt/airflow/dags/gold_processing_dag.py
[2026-07-29T04:57:30.675+0000] {processor.py:830} INFO - Processing file /opt/airflow/dags/gold_processing_dag.py for tasks to queue
[2026-07-29T04:57:30.684+0000] {logging_mixin.py:188} INFO - [2026-07-29T04:57:30.683+0000] {dagbag.py:545} INFO - Filling up the DagBag from /opt/airflow/dags/gold_processing_dag.py
[2026-07-29T04:57:30.754+0000] {processor.py:840} INFO - DAG(s) 'process_gold_layer' retrieved from /opt/airflow/dags/gold_processing_dag.py
[2026-07-29T04:57:30.823+0000] {logging_mixin.py:188} INFO - [2026-07-29T04:57:30.822+0000] {dag.py:3096} INFO - Sync 1 DAGs
[2026-07-29T04:57:30.863+0000] {logging_mixin.py:188} INFO - [2026-07-29T04:57:30.863+0000] {dag.py:3954} INFO - Setting next_dagrun for process_gold_layer to None, run_after=None
[2026-07-29T04:57:30.911+0000] {processor.py:183} INFO - Processing /opt/airflow/dags/gold_processing_dag.py took 0.274 seconds
[2026-07-29T04:58:01.299+0000] {processor.py:161} INFO - Started process (PID=30268) to work on /opt/airflow/dags/gold_processing_dag.py
[2026-07-29T04:58:01.302+0000] {processor.py:830} INFO - Processing file /opt/airflow/dags/gold_processing_dag.py for tasks to queue
[2026-07-29T04:58:01.306+0000] {logging_mixin.py:188} INFO - [2026-07-29T04:58:01.305+0000] {dagbag.py:545} INFO - Filling up the DagBag from /opt/airflow/dags/gold_processing_dag.py
[2026-07-29T04:58:01.360+0000] {processor.py:840} INFO - DAG(s) 'process_gold_layer' retrieved from /opt/airflow/dags/gold_processing_dag.py
[2026-07-29T04:58:01.425+0000] {logging_mixin.py:188} INFO - [2026-07-29T04:58:01.425+0000] {dag.py:3096} INFO - Sync 1 DAGs
[2026-07-29T04:58:01.472+0000] {logging_mixin.py:188} INFO - [2026-07-29T04:58:01.471+0000] {dag.py:3954} INFO - Setting next_dagrun for process_gold_layer to None, run_after=None
[2026-07-29T04:58:01.535+0000] {processor.py:183} INFO - Processing /opt/airflow/dags/gold_processing_dag.py took 0.272 seconds
[2026-07-29T04:58:32.159+0000] {processor.py:161} INFO - Started process (PID=30283) to work on /opt/airflow/dags/gold_processing_dag.py
[2026-07-29T04:58:32.161+0000] {processor.py:830} INFO - Processing file /opt/airflow/dags/gold_processing_dag.py for tasks to queue
[2026-07-29T04:58:32.165+0000] {logging_mixin.py:188} INFO - [2026-07-29T04:58:32.164+0000] {dagbag.py:545} INFO - Filling up the DagBag from /opt/airflow/dags/gold_processing_dag.py
[2026-07-29T04:58:32.215+0000] {processor.py:840} INFO - DAG(s) 'process_gold_layer' retrieved from /opt/airflow/dags/gold_processing_dag.py
[2026-07-29T04:58:32.271+0000] {logging_mixin.py:188} INFO - [2026-07-29T04:58:32.270+0000] {dag.py:3096} INFO - Sync 1 DAGs
[2026-07-29T04:58:32.307+0000] {logging_mixin.py:188} INFO - [2026-07-29T04:58:32.306+0000] {dag.py:3954} INFO - Setting next_dagrun for process_gold_layer to None, run_after=None
[2026-07-29T04:58:32.356+0000] {processor.py:183} INFO - Processing /opt/airflow/dags/gold_processing_dag.py took 0.219 seconds
[2026-07-29T04:59:02.736+0000] {processor.py:161} INFO - Started process (PID=30298) to work on /opt/airflow/dags/gold_processing_dag.py
[2026-07-29T04:59:02.739+0000] {processor.py:830} INFO - Processing file /opt/airflow/dags/gold_processing_dag.py for tasks to queue
[2026-07-29T04:59:02.743+0000] {logging_mixin.py:188} INFO - [2026-07-29T04:59:02.742+0000] {dagbag.py:545} INFO - Filling up the DagBag from /opt/airflow/dags/gold_processing_dag.py
[2026-07-29T04:59:02.793+0000] {processor.py:840} INFO - DAG(s) 'process_gold_layer' retrieved from /opt/airflow/dags/gold_processing_dag.py
[2026-07-29T04:59:02.851+0000] {logging_mixin.py:188} INFO - [2026-07-29T04:59:02.850+0000] {dag.py:3096} INFO - Sync 1 DAGs
[2026-07-29T04:59:02.891+0000] {logging_mixin.py:188} INFO - [2026-07-29T04:59:02.891+0000] {dag.py:3954} INFO - Setting next_dagrun for process_gold_layer to None, run_after=None
[2026-07-29T04:59:02.941+0000] {processor.py:183} INFO - Processing /opt/airflow/dags/gold_processing_dag.py took 0.224 seconds
[2026-07-29T04:59:33.165+0000] {processor.py:161} INFO - Started process (PID=30313) to work on /opt/airflow/dags/gold_processing_dag.py
[2026-07-29T04:59:33.169+0000] {processor.py:830} INFO - Processing file /opt/airflow/dags/gold_processing_dag.py for tasks to queue
[2026-07-29T04:59:33.173+0000] {logging_mixin.py:188} INFO - [2026-07-29T04:59:33.172+0000] {dagbag.py:545} INFO - Filling up the DagBag from /opt/airflow/dags/gold_processing_dag.py
[2026-07-29T04:59:33.223+0000] {processor.py:840} INFO - DAG(s) 'process_gold_layer' retrieved from /opt/airflow/dags/gold_processing_dag.py
[2026-07-29T04:59:33.287+0000] {logging_mixin.py:188} INFO - [2026-07-29T04:59:33.286+0000] {dag.py:3096} INFO - Sync 1 DAGs
[2026-07-29T04:59:33.324+0000] {logging_mixin.py:188} INFO - [2026-07-29T04:59:33.324+0000] {dag.py:3954} INFO - Setting next_dagrun for process_gold_layer to None, run_after=None
[2026-07-29T04:59:33.384+0000] {processor.py:183} INFO - Processing /opt/airflow/dags/gold_processing_dag.py took 0.245 seconds
[2026-07-29T05:00:03.649+0000] {processor.py:161} INFO - Started process (PID=30330) to work on /opt/airflow/dags/gold_processing_dag.py
[2026-07-29T05:00:03.659+0000] {processor.py:830} INFO - Processing file /opt/airflow/dags/gold_processing_dag.py for tasks to queue
[2026-07-29T05:00:03.663+0000] {logging_mixin.py:188} INFO - [2026-07-29T05:00:03.662+0000] {dagbag.py:545} INFO - Filling up the DagBag from /opt/airflow/dags/gold_processing_dag.py
[2026-07-29T05:00:03.725+0000] {processor.py:840} INFO - DAG(s) 'process_gold_layer' retrieved from /opt/airflow/dags/gold_processing_dag.py
[2026-07-29T05:00:03.808+0000] {logging_mixin.py:188} INFO - [2026-07-29T05:00:03.808+0000] {dag.py:3096} INFO - Sync 1 DAGs
[2026-07-29T05:00:03.870+0000] {logging_mixin.py:188} INFO - [2026-07-29T05:00:03.869+0000] {dag.py:3954} INFO - Setting next_dagrun for process_gold_layer to None, run_after=None
[2026-07-29T05:00:03.954+0000] {processor.py:183} INFO - Processing /opt/airflow/dags/gold_processing_dag.py took 0.331 seconds
[2026-07-29T05:00:34.863+0000] {processor.py:161} INFO - Started process (PID=30407) to work on /opt/airflow/dags/gold_processing_dag.py
[2026-07-29T05:00:34.877+0000] {processor.py:830} INFO - Processing file /opt/airflow/dags/gold_processing_dag.py for tasks to queue
[2026-07-29T05:00:34.886+0000] {logging_mixin.py:188} INFO - [2026-07-29T05:00:34.885+0000] {dagbag.py:545} INFO - Filling up the DagBag from /opt/airflow/dags/gold_processing_dag.py
[2026-07-29T05:00:35.019+0000] {processor.py:840} INFO - DAG(s) 'process_gold_layer' retrieved from /opt/airflow/dags/gold_processing_dag.py
[2026-07-29T05:00:35.157+0000] {logging_mixin.py:188} INFO - [2026-07-29T05:00:35.157+0000] {dag.py:3096} INFO - Sync 1 DAGs
[2026-07-29T05:00:35.240+0000] {logging_mixin.py:188} INFO - [2026-07-29T05:00:35.239+0000] {dag.py:3954} INFO - Setting next_dagrun for process_gold_layer to None, run_after=None
[2026-07-29T05:00:35.338+0000] {processor.py:183} INFO - Processing /opt/airflow/dags/gold_processing_dag.py took 0.565 seconds
[2026-07-29T05:01:05.727+0000] {processor.py:161} INFO - Started process (PID=30504) to work on /opt/airflow/dags/gold_processing_dag.py
[2026-07-29T05:01:05.730+0000] {processor.py:830} INFO - Processing file /opt/airflow/dags/gold_processing_dag.py for tasks to queue
[2026-07-29T05:01:05.734+0000] {logging_mixin.py:188} INFO - [2026-07-29T05:01:05.733+0000] {dagbag.py:545} INFO - Filling up the DagBag from /opt/airflow/dags/gold_processing_dag.py
[2026-07-29T05:01:05.817+0000] {processor.py:840} INFO - DAG(s) 'process_gold_layer' retrieved from /opt/airflow/dags/gold_processing_dag.py
[2026-07-29T05:01:06.029+0000] {logging_mixin.py:188} INFO - [2026-07-29T05:01:06.028+0000] {dag.py:3096} INFO - Sync 1 DAGs
[2026-07-29T05:01:06.119+0000] {logging_mixin.py:188} INFO - [2026-07-29T05:01:06.118+0000] {dag.py:3954} INFO - Setting next_dagrun for process_gold_layer to None, run_after=None
[2026-07-29T05:01:06.239+0000] {processor.py:183} INFO - Processing /opt/airflow/dags/gold_processing_dag.py took 0.536 seconds
[2026-07-29T05:01:37.253+0000] {processor.py:161} INFO - Started process (PID=30621) to work on /opt/airflow/dags/gold_processing_dag.py
[2026-07-29T05:01:37.365+0000] {processor.py:830} INFO - Processing file /opt/airflow/dags/gold_processing_dag.py for tasks to queue
[2026-07-29T05:01:37.724+0000] {logging_mixin.py:188} INFO - [2026-07-29T05:01:37.647+0000] {dagbag.py:545} INFO - Filling up the DagBag from /opt/airflow/dags/gold_processing_dag.py
[2026-07-29T05:01:38.575+0000] {processor.py:840} INFO - DAG(s) 'process_gold_layer' retrieved from /opt/airflow/dags/gold_processing_dag.py
[2026-07-29T05:01:39.971+0000] {logging_mixin.py:188} INFO - [2026-07-29T05:01:39.959+0000] {dag.py:3096} INFO - Sync 1 DAGs
[2026-07-29T05:01:40.160+0000] {logging_mixin.py:188} INFO - [2026-07-29T05:01:40.160+0000] {dag.py:3954} INFO - Setting next_dagrun for process_gold_layer to None, run_after=None
[2026-07-29T05:01:40.346+0000] {processor.py:183} INFO - Processing /opt/airflow/dags/gold_processing_dag.py took 3.176 seconds
[2026-07-29T05:02:11.005+0000] {processor.py:161} INFO - Started process (PID=30729) to work on /opt/airflow/dags/gold_processing_dag.py
[2026-07-29T05:02:11.009+0000] {processor.py:830} INFO - Processing file /opt/airflow/dags/gold_processing_dag.py for tasks to queue
[2026-07-29T05:02:11.021+0000] {logging_mixin.py:188} INFO - [2026-07-29T05:02:11.015+0000] {dagbag.py:545} INFO - Filling up the DagBag from /opt/airflow/dags/gold_processing_dag.py
[2026-07-29T05:02:11.151+0000] {processor.py:840} INFO - DAG(s) 'process_gold_layer' retrieved from /opt/airflow/dags/gold_processing_dag.py
[2026-07-29T05:02:11.325+0000] {logging_mixin.py:188} INFO - [2026-07-29T05:02:11.324+0000] {dag.py:3096} INFO - Sync 1 DAGs
[2026-07-29T05:02:11.554+0000] {logging_mixin.py:188} INFO - [2026-07-29T05:02:11.553+0000] {dag.py:3954} INFO - Setting next_dagrun for process_gold_layer to None, run_after=None
[2026-07-29T05:02:12.104+0000] {processor.py:183} INFO - Processing /opt/airflow/dags/gold_processing_dag.py took 1.135 seconds
[2026-07-29T05:02:42.996+0000] {processor.py:161} INFO - Started process (PID=30762) to work on /opt/airflow/dags/gold_processing_dag.py
[2026-07-29T05:02:43.016+0000] {processor.py:830} INFO - Processing file /opt/airflow/dags/gold_processing_dag.py for tasks to queue
[2026-07-29T05:02:43.029+0000] {logging_mixin.py:188} INFO - [2026-07-29T05:02:43.024+0000] {dagbag.py:545} INFO - Filling up the DagBag from /opt/airflow/dags/gold_processing_dag.py
[2026-07-29T05:02:43.179+0000] {processor.py:840} INFO - DAG(s) 'process_gold_layer' retrieved from /opt/airflow/dags/gold_processing_dag.py
[2026-07-29T05:02:43.292+0000] {logging_mixin.py:188} INFO - [2026-07-29T05:02:43.292+0000] {dag.py:3096} INFO - Sync 1 DAGs
[2026-07-29T05:02:43.362+0000] {logging_mixin.py:188} INFO - [2026-07-29T05:02:43.362+0000] {dag.py:3954} INFO - Setting next_dagrun for process_gold_layer to None, run_after=None
[2026-07-29T05:02:43.613+0000] {processor.py:183} INFO - Processing /opt/airflow/dags/gold_processing_dag.py took 0.663 seconds
[2026-07-29T05:03:15.062+0000] {processor.py:161} INFO - Started process (PID=30852) to work on /opt/airflow/dags/gold_processing_dag.py
[2026-07-29T05:03:15.096+0000] {processor.py:830} INFO - Processing file /opt/airflow/dags/gold_processing_dag.py for tasks to queue
[2026-07-29T05:03:15.119+0000] {logging_mixin.py:188} INFO - [2026-07-29T05:03:15.117+0000] {dagbag.py:545} INFO - Filling up the DagBag from /opt/airflow/dags/gold_processing_dag.py
[2026-07-29T05:03:15.618+0000] {processor.py:840} INFO - DAG(s) 'process_gold_layer' retrieved from /opt/airflow/dags/gold_processing_dag.py
[2026-07-29T05:03:15.845+0000] {logging_mixin.py:188} INFO - [2026-07-29T05:03:15.844+0000] {dag.py:3096} INFO - Sync 1 DAGs
[2026-07-29T05:03:16.208+0000] {logging_mixin.py:188} INFO - [2026-07-29T05:03:16.208+0000] {dag.py:3954} INFO - Setting next_dagrun for process_gold_layer to None, run_after=None
[2026-07-29T05:03:16.738+0000] {processor.py:183} INFO - Processing /opt/airflow/dags/gold_processing_dag.py took 1.736 seconds
[2026-07-29T05:03:47.160+0000] {processor.py:161} INFO - Started process (PID=30938) to work on /opt/airflow/dags/gold_processing_dag.py
[2026-07-29T05:03:47.163+0000] {processor.py:830} INFO - Processing file /opt/airflow/dags/gold_processing_dag.py for tasks to queue
[2026-07-29T05:03:47.171+0000] {logging_mixin.py:188} INFO - [2026-07-29T05:03:47.166+0000] {dagbag.py:545} INFO - Filling up the DagBag from /opt/airflow/dags/gold_processing_dag.py
[2026-07-29T05:03:47.265+0000] {processor.py:840} INFO - DAG(s) 'process_gold_layer' retrieved from /opt/airflow/dags/gold_processing_dag.py
[2026-07-29T05:03:47.385+0000] {logging_mixin.py:188} INFO - [2026-07-29T05:03:47.383+0000] {dag.py:3096} INFO - Sync 1 DAGs
[2026-07-29T05:03:47.436+0000] {logging_mixin.py:188} INFO - [2026-07-29T05:03:47.436+0000] {dag.py:3954} INFO - Setting next_dagrun for process_gold_layer to None, run_after=None
[2026-07-29T05:03:47.514+0000] {processor.py:183} INFO - Processing /opt/airflow/dags/gold_processing_dag.py took 0.378 seconds
[2026-07-29T05:04:17.933+0000] {processor.py:161} INFO - Started process (PID=31025) to work on /opt/airflow/dags/gold_processing_dag.py
[2026-07-29T05:04:17.979+0000] {processor.py:830} INFO - Processing file /opt/airflow/dags/gold_processing_dag.py for tasks to queue
[2026-07-29T05:04:18.009+0000] {logging_mixin.py:188} INFO - [2026-07-29T05:04:17.984+0000] {dagbag.py:545} INFO - Filling up the DagBag from /opt/airflow/dags/gold_processing_dag.py
[2026-07-29T05:04:18.254+0000] {processor.py:840} INFO - DAG(s) 'process_gold_layer' retrieved from /opt/airflow/dags/gold_processing_dag.py
[2026-07-29T05:04:18.520+0000] {logging_mixin.py:188} INFO - [2026-07-29T05:04:18.520+0000] {dag.py:3096} INFO - Sync 1 DAGs
[2026-07-29T05:04:18.713+0000] {logging_mixin.py:188} INFO - [2026-07-29T05:04:18.712+0000] {dag.py:3954} INFO - Setting next_dagrun for process_gold_layer to None, run_after=None
[2026-07-29T05:04:19.089+0000] {processor.py:183} INFO - Processing /opt/airflow/dags/gold_processing_dag.py took 1.233 seconds
[2026-07-29T05:04:49.290+0000] {processor.py:161} INFO - Started process (PID=31642) to work on /opt/airflow/dags/gold_processing_dag.py
[2026-07-29T05:04:49.296+0000] {processor.py:830} INFO - Processing file /opt/airflow/dags/gold_processing_dag.py for tasks to queue
[2026-07-29T05:04:49.300+0000] {logging_mixin.py:188} INFO - [2026-07-29T05:04:49.299+0000] {dagbag.py:545} INFO - Filling up the DagBag from /opt/airflow/dags/gold_processing_dag.py
[2026-07-29T05:04:49.353+0000] {processor.py:840} INFO - DAG(s) 'process_gold_layer' retrieved from /opt/airflow/dags/gold_processing_dag.py
[2026-07-29T05:04:49.454+0000] {logging_mixin.py:188} INFO - [2026-07-29T05:04:49.453+0000] {dag.py:3096} INFO - Sync 1 DAGs
[2026-07-29T05:04:49.523+0000] {logging_mixin.py:188} INFO - [2026-07-29T05:04:49.523+0000] {dag.py:3954} INFO - Setting next_dagrun for process_gold_layer to None, run_after=None
[2026-07-29T05:04:49.895+0000] {processor.py:183} INFO - Processing /opt/airflow/dags/gold_processing_dag.py took 0.622 seconds
[2026-07-29T05:05:20.510+0000] {processor.py:161} INFO - Started process (PID=31706) to work on /opt/airflow/dags/gold_processing_dag.py
[2026-07-29T05:05:20.518+0000] {processor.py:830} INFO - Processing file /opt/airflow/dags/gold_processing_dag.py for tasks to queue
[2026-07-29T05:05:20.539+0000] {logging_mixin.py:188} INFO - [2026-07-29T05:05:20.535+0000] {dagbag.py:545} INFO - Filling up the DagBag from /opt/airflow/dags/gold_processing_dag.py
[2026-07-29T05:05:20.758+0000] {processor.py:840} INFO - DAG(s) 'process_gold_layer' retrieved from /opt/airflow/dags/gold_processing_dag.py
[2026-07-29T05:05:20.896+0000] {logging_mixin.py:188} INFO - [2026-07-29T05:05:20.891+0000] {dag.py:3096} INFO - Sync 1 DAGs
[2026-07-29T05:05:20.976+0000] {logging_mixin.py:188} INFO - [2026-07-29T05:05:20.967+0000] {dag.py:3954} INFO - Setting next_dagrun for process_gold_layer to None, run_after=None
[2026-07-29T05:05:21.297+0000] {processor.py:183} INFO - Processing /opt/airflow/dags/gold_processing_dag.py took 0.887 seconds
[2026-07-29T05:05:52.110+0000] {processor.py:161} INFO - Started process (PID=31779) to work on /opt/airflow/dags/gold_processing_dag.py
[2026-07-29T05:05:52.112+0000] {processor.py:830} INFO - Processing file /opt/airflow/dags/gold_processing_dag.py for tasks to queue
[2026-07-29T05:05:52.116+0000] {logging_mixin.py:188} INFO - [2026-07-29T05:05:52.115+0000] {dagbag.py:545} INFO - Filling up the DagBag from /opt/airflow/dags/gold_processing_dag.py
[2026-07-29T05:05:52.164+0000] {processor.py:840} INFO - DAG(s) 'process_gold_layer' retrieved from /opt/airflow/dags/gold_processing_dag.py
[2026-07-29T05:05:52.216+0000] {logging_mixin.py:188} INFO - [2026-07-29T05:05:52.216+0000] {dag.py:3096} INFO - Sync 1 DAGs
[2026-07-29T05:05:52.246+0000] {logging_mixin.py:188} INFO - [2026-07-29T05:05:52.246+0000] {dag.py:3954} INFO - Setting next_dagrun for process_gold_layer to None, run_after=None
[2026-07-29T05:05:52.312+0000] {processor.py:183} INFO - Processing /opt/airflow/dags/gold_processing_dag.py took 0.222 seconds
[2026-07-29T05:06:22.809+0000] {processor.py:161} INFO - Started process (PID=31895) to work on /opt/airflow/dags/gold_processing_dag.py
[2026-07-29T05:06:22.813+0000] {processor.py:830} INFO - Processing file /opt/airflow/dags/gold_processing_dag.py for tasks to queue
[2026-07-29T05:06:22.817+0000] {logging_mixin.py:188} INFO - [2026-07-29T05:06:22.816+0000] {dagbag.py:545} INFO - Filling up the DagBag from /opt/airflow/dags/gold_processing_dag.py
[2026-07-29T05:06:22.981+0000] {processor.py:840} INFO - DAG(s) 'process_gold_layer' retrieved from /opt/airflow/dags/gold_processing_dag.py
[2026-07-29T05:06:23.034+0000] {logging_mixin.py:188} INFO - [2026-07-29T05:06:23.034+0000] {dag.py:3096} INFO - Sync 1 DAGs
[2026-07-29T05:06:23.071+0000] {logging_mixin.py:188} INFO - [2026-07-29T05:06:23.070+0000] {dag.py:3954} INFO - Setting next_dagrun for process_gold_layer to None, run_after=None
[2026-07-29T05:06:26.651+0000] {processor.py:183} INFO - Processing /opt/airflow/dags/gold_processing_dag.py took 3.857 seconds
[2026-07-29T05:06:57.134+0000] {processor.py:161} INFO - Started process (PID=31966) to work on /opt/airflow/dags/gold_processing_dag.py
[2026-07-29T05:06:57.152+0000] {processor.py:830} INFO - Processing file /opt/airflow/dags/gold_processing_dag.py for tasks to queue
[2026-07-29T05:06:57.161+0000] {logging_mixin.py:188} INFO - [2026-07-29T05:06:57.158+0000] {dagbag.py:545} INFO - Filling up the DagBag from /opt/airflow/dags/gold_processing_dag.py
[2026-07-29T05:06:57.288+0000] {processor.py:840} INFO - DAG(s) 'process_gold_layer' retrieved from /opt/airflow/dags/gold_processing_dag.py
[2026-07-29T05:06:57.434+0000] {logging_mixin.py:188} INFO - [2026-07-29T05:06:57.433+0000] {dag.py:3096} INFO - Sync 1 DAGs
[2026-07-29T05:06:57.494+0000] {logging_mixin.py:188} INFO - [2026-07-29T05:06:57.494+0000] {dag.py:3954} INFO - Setting next_dagrun for process_gold_layer to None, run_after=None
[2026-07-29T05:06:57.560+0000] {processor.py:183} INFO - Processing /opt/airflow/dags/gold_processing_dag.py took 0.478 seconds
[2026-07-29T05:07:27.748+0000] {processor.py:161} INFO - Started process (PID=31981) to work on /opt/airflow/dags/gold_processing_dag.py
[2026-07-29T05:07:27.751+0000] {processor.py:830} INFO - Processing file /opt/airflow/dags/gold_processing_dag.py for tasks to queue
[2026-07-29T05:07:27.754+0000] {logging_mixin.py:188} INFO - [2026-07-29T05:07:27.753+0000] {dagbag.py:545} INFO - Filling up the DagBag from /opt/airflow/dags/gold_processing_dag.py
[2026-07-29T05:07:27.806+0000] {processor.py:840} INFO - DAG(s) 'process_gold_layer' retrieved from /opt/airflow/dags/gold_processing_dag.py
[2026-07-29T05:07:27.882+0000] {logging_mixin.py:188} INFO - [2026-07-29T05:07:27.882+0000] {dag.py:3096} INFO - Sync 1 DAGs
[2026-07-29T05:07:27.928+0000] {logging_mixin.py:188} INFO - [2026-07-29T05:07:27.927+0000] {dag.py:3954} INFO - Setting next_dagrun for process_gold_layer to None, run_after=None
[2026-07-29T05:07:28.047+0000] {processor.py:183} INFO - Processing /opt/airflow/dags/gold_processing_dag.py took 0.326 seconds
[2026-07-29T05:07:58.619+0000] {processor.py:161} INFO - Started process (PID=31996) to work on /opt/airflow/dags/gold_processing_dag.py
[2026-07-29T05:07:58.622+0000] {processor.py:830} INFO - Processing file /opt/airflow/dags/gold_processing_dag.py for tasks to queue
[2026-07-29T05:07:58.626+0000] {logging_mixin.py:188} INFO - [2026-07-29T05:07:58.625+0000] {dagbag.py:545} INFO - Filling up the DagBag from /opt/airflow/dags/gold_processing_dag.py
[2026-07-29T05:07:58.668+0000] {processor.py:840} INFO - DAG(s) 'process_gold_layer' retrieved from /opt/airflow/dags/gold_processing_dag.py
[2026-07-29T05:07:58.721+0000] {logging_mixin.py:188} INFO - [2026-07-29T05:07:58.719+0000] {dag.py:3096} INFO - Sync 1 DAGs
[2026-07-29T05:07:58.815+0000] {logging_mixin.py:188} INFO - [2026-07-29T05:07:58.815+0000] {dag.py:3954} INFO - Setting next_dagrun for process_gold_layer to None, run_after=None
[2026-07-29T05:07:58.915+0000] {processor.py:183} INFO - Processing /opt/airflow/dags/gold_processing_dag.py took 0.317 seconds
[2026-07-29T05:08:29.216+0000] {processor.py:161} INFO - Started process (PID=32011) to work on /opt/airflow/dags/gold_processing_dag.py
[2026-07-29T05:08:29.218+0000] {processor.py:830} INFO - Processing file /opt/airflow/dags/gold_processing_dag.py for tasks to queue
[2026-07-29T05:08:29.222+0000] {logging_mixin.py:188} INFO - [2026-07-29T05:08:29.220+0000] {dagbag.py:545} INFO - Filling up the DagBag from /opt/airflow/dags/gold_processing_dag.py
[2026-07-29T05:08:29.271+0000] {processor.py:840} INFO - DAG(s) 'process_gold_layer' retrieved from /opt/airflow/dags/gold_processing_dag.py
[2026-07-29T05:08:29.331+0000] {logging_mixin.py:188} INFO - [2026-07-29T05:08:29.331+0000] {dag.py:3096} INFO - Sync 1 DAGs
[2026-07-29T05:08:29.412+0000] {logging_mixin.py:188} INFO - [2026-07-29T05:08:29.412+0000] {dag.py:3954} INFO - Setting next_dagrun for process_gold_layer to None, run_after=None
[2026-07-29T05:08:29.464+0000] {processor.py:183} INFO - Processing /opt/airflow/dags/gold_processing_dag.py took 0.283 seconds
[2026-07-29T05:08:59.914+0000] {processor.py:161} INFO - Started process (PID=32031) to work on /opt/airflow/dags/gold_processing_dag.py
[2026-07-29T05:08:59.918+0000] {processor.py:830} INFO - Processing file /opt/airflow/dags/gold_processing_dag.py for tasks to queue
[2026-07-29T05:08:59.925+0000] {logging_mixin.py:188} INFO - [2026-07-29T05:08:59.924+0000] {dagbag.py:545} INFO - Filling up the DagBag from /opt/airflow/dags/gold_processing_dag.py
[2026-07-29T05:09:00.060+0000] {processor.py:840} INFO - DAG(s) 'process_gold_layer' retrieved from /opt/airflow/dags/gold_processing_dag.py
[2026-07-29T05:09:00.181+0000] {logging_mixin.py:188} INFO - [2026-07-29T05:09:00.181+0000] {dag.py:3096} INFO - Sync 1 DAGs
[2026-07-29T05:09:00.298+0000] {logging_mixin.py:188} INFO - [2026-07-29T05:09:00.297+0000] {dag.py:3954} INFO - Setting next_dagrun for process_gold_layer to None, run_after=None
[2026-07-29T05:09:00.372+0000] {processor.py:183} INFO - Processing /opt/airflow/dags/gold_processing_dag.py took 0.480 seconds
[2026-07-29T05:09:30.786+0000] {processor.py:161} INFO - Started process (PID=32046) to work on /opt/airflow/dags/gold_processing_dag.py
[2026-07-29T05:09:30.789+0000] {processor.py:830} INFO - Processing file /opt/airflow/dags/gold_processing_dag.py for tasks to queue
[2026-07-29T05:09:30.793+0000] {logging_mixin.py:188} INFO - [2026-07-29T05:09:30.792+0000] {dagbag.py:545} INFO - Filling up the DagBag from /opt/airflow/dags/gold_processing_dag.py
[2026-07-29T05:09:30.840+0000] {processor.py:840} INFO - DAG(s) 'process_gold_layer' retrieved from /opt/airflow/dags/gold_processing_dag.py
[2026-07-29T05:09:30.889+0000] {logging_mixin.py:188} INFO - [2026-07-29T05:09:30.888+0000] {dag.py:3096} INFO - Sync 1 DAGs
[2026-07-29T05:09:30.940+0000] {logging_mixin.py:188} INFO - [2026-07-29T05:09:30.939+0000] {dag.py:3954} INFO - Setting next_dagrun for process_gold_layer to None, run_after=None
[2026-07-29T05:09:31.145+0000] {processor.py:183} INFO - Processing /opt/airflow/dags/gold_processing_dag.py took 0.375 seconds
[2026-07-29T05:10:01.575+0000] {processor.py:161} INFO - Started process (PID=32056) to work on /opt/airflow/dags/gold_processing_dag.py
[2026-07-29T05:10:01.578+0000] {processor.py:830} INFO - Processing file /opt/airflow/dags/gold_processing_dag.py for tasks to queue
[2026-07-29T05:10:01.581+0000] {logging_mixin.py:188} INFO - [2026-07-29T05:10:01.580+0000] {dagbag.py:545} INFO - Filling up the DagBag from /opt/airflow/dags/gold_processing_dag.py
[2026-07-29T05:10:01.627+0000] {processor.py:840} INFO - DAG(s) 'process_gold_layer' retrieved from /opt/airflow/dags/gold_processing_dag.py
[2026-07-29T05:10:01.681+0000] {logging_mixin.py:188} INFO - [2026-07-29T05:10:01.681+0000] {dag.py:3096} INFO - Sync 1 DAGs
[2026-07-29T05:10:01.724+0000] {logging_mixin.py:188} INFO - [2026-07-29T05:10:01.723+0000] {dag.py:3954} INFO - Setting next_dagrun for process_gold_layer to None, run_after=None
[2026-07-29T05:10:01.780+0000] {processor.py:183} INFO - Processing /opt/airflow/dags/gold_processing_dag.py took 0.223 seconds
[2026-07-29T05:10:32.086+0000] {processor.py:161} INFO - Started process (PID=32071) to work on /opt/airflow/dags/gold_processing_dag.py
[2026-07-29T05:10:32.089+0000] {processor.py:830} INFO - Processing file /opt/airflow/dags/gold_processing_dag.py for tasks to queue
[2026-07-29T05:10:32.093+0000] {logging_mixin.py:188} INFO - [2026-07-29T05:10:32.092+0000] {dagbag.py:545} INFO - Filling up the DagBag from /opt/airflow/dags/gold_processing_dag.py
[2026-07-29T05:10:32.140+0000] {processor.py:840} INFO - DAG(s) 'process_gold_layer' retrieved from /opt/airflow/dags/gold_processing_dag.py
[2026-07-29T05:10:32.199+0000] {logging_mixin.py:188} INFO - [2026-07-29T05:10:32.199+0000] {dag.py:3096} INFO - Sync 1 DAGs
[2026-07-29T05:10:32.236+0000] {logging_mixin.py:188} INFO - [2026-07-29T05:10:32.236+0000] {dag.py:3954} INFO - Setting next_dagrun for process_gold_layer to None, run_after=None
[2026-07-29T05:10:32.299+0000] {processor.py:183} INFO - Processing /opt/airflow/dags/gold_processing_dag.py took 0.232 seconds
[2026-07-29T05:11:02.455+0000] {processor.py:161} INFO - Started process (PID=32086) to work on /opt/airflow/dags/gold_processing_dag.py
[2026-07-29T05:11:02.458+0000] {processor.py:830} INFO - Processing file /opt/airflow/dags/gold_processing_dag.py for tasks to queue
[2026-07-29T05:11:02.461+0000] {logging_mixin.py:188} INFO - [2026-07-29T05:11:02.460+0000] {dagbag.py:545} INFO - Filling up the DagBag from /opt/airflow/dags/gold_processing_dag.py
[2026-07-29T05:11:02.521+0000] {processor.py:840} INFO - DAG(s) 'process_gold_layer' retrieved from /opt/airflow/dags/gold_processing_dag.py
[2026-07-29T05:11:02.623+0000] {logging_mixin.py:188} INFO - [2026-07-29T05:11:02.622+0000] {dag.py:3096} INFO - Sync 1 DAGs
[2026-07-29T05:11:02.667+0000] {logging_mixin.py:188} INFO - [2026-07-29T05:11:02.666+0000] {dag.py:3954} INFO - Setting next_dagrun for process_gold_layer to None, run_after=None
[2026-07-29T05:11:02.723+0000] {processor.py:183} INFO - Processing /opt/airflow/dags/gold_processing_dag.py took 0.286 seconds
[2026-07-29T05:11:32.826+0000] {processor.py:161} INFO - Started process (PID=32101) to work on /opt/airflow/dags/gold_processing_dag.py
[2026-07-29T05:11:32.829+0000] {processor.py:830} INFO - Processing file /opt/airflow/dags/gold_processing_dag.py for tasks to queue
[2026-07-29T05:11:32.832+0000] {logging_mixin.py:188} INFO - [2026-07-29T05:11:32.831+0000] {dagbag.py:545} INFO - Filling up the DagBag from /opt/airflow/dags/gold_processing_dag.py
[2026-07-29T05:11:32.868+0000] {processor.py:840} INFO - DAG(s) 'process_gold_layer' retrieved from /opt/airflow/dags/gold_processing_dag.py
[2026-07-29T05:11:32.908+0000] {logging_mixin.py:188} INFO - [2026-07-29T05:11:32.907+0000] {dag.py:3096} INFO - Sync 1 DAGs
[2026-07-29T05:11:32.949+0000] {logging_mixin.py:188} INFO - [2026-07-29T05:11:32.949+0000] {dag.py:3954} INFO - Setting next_dagrun for process_gold_layer to None, run_after=None
[2026-07-29T05:11:33.008+0000] {processor.py:183} INFO - Processing /opt/airflow/dags/gold_processing_dag.py took 0.199 seconds
[2026-07-29T05:12:04.044+0000] {processor.py:161} INFO - Started process (PID=32116) to work on /opt/airflow/dags/gold_processing_dag.py
[2026-07-29T05:12:04.047+0000] {processor.py:830} INFO - Processing file /opt/airflow/dags/gold_processing_dag.py for tasks to queue
[2026-07-29T05:12:04.050+0000] {logging_mixin.py:188} INFO - [2026-07-29T05:12:04.050+0000] {dagbag.py:545} INFO - Filling up the DagBag from /opt/airflow/dags/gold_processing_dag.py
[2026-07-29T05:12:04.097+0000] {processor.py:840} INFO - DAG(s) 'process_gold_layer' retrieved from /opt/airflow/dags/gold_processing_dag.py
[2026-07-29T05:12:04.158+0000] {logging_mixin.py:188} INFO - [2026-07-29T05:12:04.157+0000] {dag.py:3096} INFO - Sync 1 DAGs
[2026-07-29T05:12:04.190+0000] {logging_mixin.py:188} INFO - [2026-07-29T05:12:04.190+0000] {dag.py:3954} INFO - Setting next_dagrun for process_gold_layer to None, run_after=None
[2026-07-29T05:12:04.338+0000] {processor.py:183} INFO - Processing /opt/airflow/dags/gold_processing_dag.py took 0.319 seconds
[2026-07-29T05:12:34.759+0000] {processor.py:161} INFO - Started process (PID=32131) to work on /opt/airflow/dags/gold_processing_dag.py
[2026-07-29T05:12:34.772+0000] {processor.py:830} INFO - Processing file /opt/airflow/dags/gold_processing_dag.py for tasks to queue
[2026-07-29T05:12:34.784+0000] {logging_mixin.py:188} INFO - [2026-07-29T05:12:34.781+0000] {dagbag.py:545} INFO - Filling up the DagBag from /opt/airflow/dags/gold_processing_dag.py
[2026-07-29T05:12:34.898+0000] {processor.py:840} INFO - DAG(s) 'process_gold_layer' retrieved from /opt/airflow/dags/gold_processing_dag.py
[2026-07-29T05:12:35.001+0000] {logging_mixin.py:188} INFO - [2026-07-29T05:12:35.001+0000] {dag.py:3096} INFO - Sync 1 DAGs
[2026-07-29T05:12:35.056+0000] {logging_mixin.py:188} INFO - [2026-07-29T05:12:35.055+0000] {dag.py:3954} INFO - Setting next_dagrun for process_gold_layer to None, run_after=None
[2026-07-29T05:12:35.138+0000] {processor.py:183} INFO - Processing /opt/airflow/dags/gold_processing_dag.py took 0.403 seconds
[2026-07-29T05:13:05.435+0000] {processor.py:161} INFO - Started process (PID=32146) to work on /opt/airflow/dags/gold_processing_dag.py
[2026-07-29T05:13:05.438+0000] {processor.py:830} INFO - Processing file /opt/airflow/dags/gold_processing_dag.py for tasks to queue
[2026-07-29T05:13:05.445+0000] {logging_mixin.py:188} INFO - [2026-07-29T05:13:05.443+0000] {dagbag.py:545} INFO - Filling up the DagBag from /opt/airflow/dags/gold_processing_dag.py
[2026-07-29T05:13:05.495+0000] {processor.py:840} INFO - DAG(s) 'process_gold_layer' retrieved from /opt/airflow/dags/gold_processing_dag.py
[2026-07-29T05:13:05.573+0000] {logging_mixin.py:188} INFO - [2026-07-29T05:13:05.572+0000] {dag.py:3096} INFO - Sync 1 DAGs
[2026-07-29T05:13:05.611+0000] {logging_mixin.py:188} INFO - [2026-07-29T05:13:05.605+0000] {dag.py:3954} INFO - Setting next_dagrun for process_gold_layer to None, run_after=None
[2026-07-29T05:13:05.681+0000] {processor.py:183} INFO - Processing /opt/airflow/dags/gold_processing_dag.py took 0.266 seconds
[2026-07-29T05:13:35.825+0000] {processor.py:161} INFO - Started process (PID=32161) to work on /opt/airflow/dags/gold_processing_dag.py
[2026-07-29T05:13:35.828+0000] {processor.py:830} INFO - Processing file /opt/airflow/dags/gold_processing_dag.py for tasks to queue
[2026-07-29T05:13:35.831+0000] {logging_mixin.py:188} INFO - [2026-07-29T05:13:35.830+0000] {dagbag.py:545} INFO - Filling up the DagBag from /opt/airflow/dags/gold_processing_dag.py
[2026-07-29T05:13:35.866+0000] {processor.py:840} INFO - DAG(s) 'process_gold_layer' retrieved from /opt/airflow/dags/gold_processing_dag.py
[2026-07-29T05:13:35.907+0000] {logging_mixin.py:188} INFO - [2026-07-29T05:13:35.907+0000] {dag.py:3096} INFO - Sync 1 DAGs
[2026-07-29T05:13:35.936+0000] {logging_mixin.py:188} INFO - [2026-07-29T05:13:35.936+0000] {dag.py:3954} INFO - Setting next_dagrun for process_gold_layer to None, run_after=None
[2026-07-29T05:13:35.975+0000] {processor.py:183} INFO - Processing /opt/airflow/dags/gold_processing_dag.py took 0.163 seconds
[2026-07-29T05:14:06.622+0000] {processor.py:161} INFO - Started process (PID=32176) to work on /opt/airflow/dags/gold_processing_dag.py
[2026-07-29T05:14:06.628+0000] {processor.py:830} INFO - Processing file /opt/airflow/dags/gold_processing_dag.py for tasks to queue
[2026-07-29T05:14:06.632+0000] {logging_mixin.py:188} INFO - [2026-07-29T05:14:06.631+0000] {dagbag.py:545} INFO - Filling up the DagBag from /opt/airflow/dags/gold_processing_dag.py
[2026-07-29T05:14:06.675+0000] {processor.py:840} INFO - DAG(s) 'process_gold_layer' retrieved from /opt/airflow/dags/gold_processing_dag.py
[2026-07-29T05:14:06.744+0000] {logging_mixin.py:188} INFO - [2026-07-29T05:14:06.744+0000] {dag.py:3096} INFO - Sync 1 DAGs
[2026-07-29T05:14:06.787+0000] {logging_mixin.py:188} INFO - [2026-07-29T05:14:06.787+0000] {dag.py:3954} INFO - Setting next_dagrun for process_gold_layer to None, run_after=None
[2026-07-29T05:14:06.854+0000] {processor.py:183} INFO - Processing /opt/airflow/dags/gold_processing_dag.py took 0.252 seconds
[2026-07-29T05:14:37.246+0000] {processor.py:161} INFO - Started process (PID=32191) to work on /opt/airflow/dags/gold_processing_dag.py
[2026-07-29T05:14:37.249+0000] {processor.py:830} INFO - Processing file /opt/airflow/dags/gold_processing_dag.py for tasks to queue
[2026-07-29T05:14:37.253+0000] {logging_mixin.py:188} INFO - [2026-07-29T05:14:37.251+0000] {dagbag.py:545} INFO - Filling up the DagBag from /opt/airflow/dags/gold_processing_dag.py
[2026-07-29T05:14:37.310+0000] {processor.py:840} INFO - DAG(s) 'process_gold_layer' retrieved from /opt/airflow/dags/gold_processing_dag.py
[2026-07-29T05:14:37.376+0000] {logging_mixin.py:188} INFO - [2026-07-29T05:14:37.375+0000] {dag.py:3096} INFO - Sync 1 DAGs
[2026-07-29T05:14:37.407+0000] {logging_mixin.py:188} INFO - [2026-07-29T05:14:37.407+0000] {dag.py:3954} INFO - Setting next_dagrun for process_gold_layer to None, run_after=None
[2026-07-29T05:14:37.464+0000] {processor.py:183} INFO - Processing /opt/airflow/dags/gold_processing_dag.py took 0.239 seconds
[2026-07-29T05:15:07.780+0000] {processor.py:161} INFO - Started process (PID=32206) to work on /opt/airflow/dags/gold_processing_dag.py
[2026-07-29T05:15:07.784+0000] {processor.py:830} INFO - Processing file /opt/airflow/dags/gold_processing_dag.py for tasks to queue
[2026-07-29T05:15:07.789+0000] {logging_mixin.py:188} INFO - [2026-07-29T05:15:07.788+0000] {dagbag.py:545} INFO - Filling up the DagBag from /opt/airflow/dags/gold_processing_dag.py
[2026-07-29T05:15:07.875+0000] {processor.py:840} INFO - DAG(s) 'process_gold_layer' retrieved from /opt/airflow/dags/gold_processing_dag.py
[2026-07-29T05:15:08.003+0000] {logging_mixin.py:188} INFO - [2026-07-29T05:15:08.003+0000] {dag.py:3096} INFO - Sync 1 DAGs
[2026-07-29T05:15:08.085+0000] {logging_mixin.py:188} INFO - [2026-07-29T05:15:08.085+0000] {dag.py:3954} INFO - Setting next_dagrun for process_gold_layer to None, run_after=None
[2026-07-29T05:15:08.211+0000] {processor.py:183} INFO - Processing /opt/airflow/dags/gold_processing_dag.py took 0.457 seconds
[2026-07-29T05:15:38.794+0000] {processor.py:161} INFO - Started process (PID=32221) to work on /opt/airflow/dags/gold_processing_dag.py
[2026-07-29T05:15:38.796+0000] {processor.py:830} INFO - Processing file /opt/airflow/dags/gold_processing_dag.py for tasks to queue
[2026-07-29T05:15:38.801+0000] {logging_mixin.py:188} INFO - [2026-07-29T05:15:38.800+0000] {dagbag.py:545} INFO - Filling up the DagBag from /opt/airflow/dags/gold_processing_dag.py
[2026-07-29T05:15:38.846+0000] {processor.py:840} INFO - DAG(s) 'process_gold_layer' retrieved from /opt/airflow/dags/gold_processing_dag.py
[2026-07-29T05:15:38.905+0000] {logging_mixin.py:188} INFO - [2026-07-29T05:15:38.904+0000] {dag.py:3096} INFO - Sync 1 DAGs
[2026-07-29T05:15:38.936+0000] {logging_mixin.py:188} INFO - [2026-07-29T05:15:38.936+0000] {dag.py:3954} INFO - Setting next_dagrun for process_gold_layer to None, run_after=None
[2026-07-29T05:15:38.982+0000] {processor.py:183} INFO - Processing /opt/airflow/dags/gold_processing_dag.py took 0.205 seconds
[2026-07-29T05:16:09.420+0000] {processor.py:161} INFO - Started process (PID=32236) to work on /opt/airflow/dags/gold_processing_dag.py
[2026-07-29T05:16:09.425+0000] {processor.py:830} INFO - Processing file /opt/airflow/dags/gold_processing_dag.py for tasks to queue
[2026-07-29T05:16:09.430+0000] {logging_mixin.py:188} INFO - [2026-07-29T05:16:09.429+0000] {dagbag.py:545} INFO - Filling up the DagBag from /opt/airflow/dags/gold_processing_dag.py
[2026-07-29T05:16:09.496+0000] {processor.py:840} INFO - DAG(s) 'process_gold_layer' retrieved from /opt/airflow/dags/gold_processing_dag.py
[2026-07-29T05:16:09.561+0000] {logging_mixin.py:188} INFO - [2026-07-29T05:16:09.560+0000] {dag.py:3096} INFO - Sync 1 DAGs
[2026-07-29T05:16:09.603+0000] {logging_mixin.py:188} INFO - [2026-07-29T05:16:09.602+0000] {dag.py:3954} INFO - Setting next_dagrun for process_gold_layer to None, run_after=None
[2026-07-29T05:16:09.660+0000] {processor.py:183} INFO - Processing /opt/airflow/dags/gold_processing_dag.py took 0.264 seconds
[2026-07-29T05:16:39.880+0000] {processor.py:161} INFO - Started process (PID=32251) to work on /opt/airflow/dags/gold_processing_dag.py
[2026-07-29T05:16:39.883+0000] {processor.py:830} INFO - Processing file /opt/airflow/dags/gold_processing_dag.py for tasks to queue
[2026-07-29T05:16:39.888+0000] {logging_mixin.py:188} INFO - [2026-07-29T05:16:39.886+0000] {dagbag.py:545} INFO - Filling up the DagBag from /opt/airflow/dags/gold_processing_dag.py
[2026-07-29T05:16:39.974+0000] {processor.py:840} INFO - DAG(s) 'process_gold_layer' retrieved from /opt/airflow/dags/gold_processing_dag.py
[2026-07-29T05:16:40.063+0000] {logging_mixin.py:188} INFO - [2026-07-29T05:16:40.062+0000] {dag.py:3096} INFO - Sync 1 DAGs
[2026-07-29T05:16:40.093+0000] {logging_mixin.py:188} INFO - [2026-07-29T05:16:40.093+0000] {dag.py:3954} INFO - Setting next_dagrun for process_gold_layer to None, run_after=None
[2026-07-29T05:16:40.144+0000] {processor.py:183} INFO - Processing /opt/airflow/dags/gold_processing_dag.py took 0.287 seconds
[2026-07-29T05:17:10.278+0000] {processor.py:161} INFO - Started process (PID=32266) to work on /opt/airflow/dags/gold_processing_dag.py
[2026-07-29T05:17:10.281+0000] {processor.py:830} INFO - Processing file /opt/airflow/dags/gold_processing_dag.py for tasks to queue
[2026-07-29T05:17:10.285+0000] {logging_mixin.py:188} INFO - [2026-07-29T05:17:10.285+0000] {dagbag.py:545} INFO - Filling up the DagBag from /opt/airflow/dags/gold_processing_dag.py
[2026-07-29T05:17:10.329+0000] {processor.py:840} INFO - DAG(s) 'process_gold_layer' retrieved from /opt/airflow/dags/gold_processing_dag.py
[2026-07-29T05:17:10.403+0000] {logging_mixin.py:188} INFO - [2026-07-29T05:17:10.402+0000] {dag.py:3096} INFO - Sync 1 DAGs
[2026-07-29T05:17:10.444+0000] {logging_mixin.py:188} INFO - [2026-07-29T05:17:10.443+0000] {dag.py:3954} INFO - Setting next_dagrun for process_gold_layer to None, run_after=None
[2026-07-29T05:17:10.492+0000] {processor.py:183} INFO - Processing /opt/airflow/dags/gold_processing_dag.py took 0.234 seconds
[2026-07-29T05:17:41.079+0000] {processor.py:161} INFO - Started process (PID=32281) to work on /opt/airflow/dags/gold_processing_dag.py
[2026-07-29T05:17:41.083+0000] {processor.py:830} INFO - Processing file /opt/airflow/dags/gold_processing_dag.py for tasks to queue
[2026-07-29T05:17:41.086+0000] {logging_mixin.py:188} INFO - [2026-07-29T05:17:41.085+0000] {dagbag.py:545} INFO - Filling up the DagBag from /opt/airflow/dags/gold_processing_dag.py
[2026-07-29T05:17:41.127+0000] {processor.py:840} INFO - DAG(s) 'process_gold_layer' retrieved from /opt/airflow/dags/gold_processing_dag.py
[2026-07-29T05:17:41.179+0000] {logging_mixin.py:188} INFO - [2026-07-29T05:17:41.178+0000] {dag.py:3096} INFO - Sync 1 DAGs
[2026-07-29T05:17:41.216+0000] {logging_mixin.py:188} INFO - [2026-07-29T05:17:41.215+0000] {dag.py:3954} INFO - Setting next_dagrun for process_gold_layer to None, run_after=None
[2026-07-29T05:17:41.261+0000] {processor.py:183} INFO - Processing /opt/airflow/dags/gold_processing_dag.py took 0.199 seconds
[2026-07-29T05:18:11.610+0000] {processor.py:161} INFO - Started process (PID=32296) to work on /opt/airflow/dags/gold_processing_dag.py
[2026-07-29T05:18:11.612+0000] {processor.py:830} INFO - Processing file /opt/airflow/dags/gold_processing_dag.py for tasks to queue
[2026-07-29T05:18:11.624+0000] {logging_mixin.py:188} INFO - [2026-07-29T05:18:11.616+0000] {dagbag.py:545} INFO - Filling up the DagBag from /opt/airflow/dags/gold_processing_dag.py
[2026-07-29T05:18:11.665+0000] {processor.py:840} INFO - DAG(s) 'process_gold_layer' retrieved from /opt/airflow/dags/gold_processing_dag.py
[2026-07-29T05:18:11.716+0000] {logging_mixin.py:188} INFO - [2026-07-29T05:18:11.716+0000] {dag.py:3096} INFO - Sync 1 DAGs
[2026-07-29T05:18:11.751+0000] {logging_mixin.py:188} INFO - [2026-07-29T05:18:11.750+0000] {dag.py:3954} INFO - Setting next_dagrun for process_gold_layer to None, run_after=None
[2026-07-29T05:18:11.795+0000] {processor.py:183} INFO - Processing /opt/airflow/dags/gold_processing_dag.py took 0.203 seconds
[2026-07-29T05:18:42.082+0000] {processor.py:161} INFO - Started process (PID=32311) to work on /opt/airflow/dags/gold_processing_dag.py
[2026-07-29T05:18:42.089+0000] {processor.py:830} INFO - Processing file /opt/airflow/dags/gold_processing_dag.py for tasks to queue
[2026-07-29T05:18:42.099+0000] {logging_mixin.py:188} INFO - [2026-07-29T05:18:42.098+0000] {dagbag.py:545} INFO - Filling up the DagBag from /opt/airflow/dags/gold_processing_dag.py
[2026-07-29T05:18:42.155+0000] {processor.py:840} INFO - DAG(s) 'process_gold_layer' retrieved from /opt/airflow/dags/gold_processing_dag.py
[2026-07-29T05:18:42.244+0000] {logging_mixin.py:188} INFO - [2026-07-29T05:18:42.244+0000] {dag.py:3096} INFO - Sync 1 DAGs
[2026-07-29T05:18:42.281+0000] {logging_mixin.py:188} INFO - [2026-07-29T05:18:42.280+0000] {dag.py:3954} INFO - Setting next_dagrun for process_gold_layer to None, run_after=None
[2026-07-29T05:18:42.333+0000] {processor.py:183} INFO - Processing /opt/airflow/dags/gold_processing_dag.py took 0.307 seconds
[2026-07-29T05:19:12.550+0000] {processor.py:161} INFO - Started process (PID=32326) to work on /opt/airflow/dags/gold_processing_dag.py
[2026-07-29T05:19:12.553+0000] {processor.py:830} INFO - Processing file /opt/airflow/dags/gold_processing_dag.py for tasks to queue
[2026-07-29T05:19:12.557+0000] {logging_mixin.py:188} INFO - [2026-07-29T05:19:12.555+0000] {dagbag.py:545} INFO - Filling up the DagBag from /opt/airflow/dags/gold_processing_dag.py
[2026-07-29T05:19:12.595+0000] {processor.py:840} INFO - DAG(s) 'process_gold_layer' retrieved from /opt/airflow/dags/gold_processing_dag.py
[2026-07-29T05:19:12.647+0000] {logging_mixin.py:188} INFO - [2026-07-29T05:19:12.646+0000] {dag.py:3096} INFO - Sync 1 DAGs
[2026-07-29T05:19:12.676+0000] {logging_mixin.py:188} INFO - [2026-07-29T05:19:12.676+0000] {dag.py:3954} INFO - Setting next_dagrun for process_gold_layer to None, run_after=None
[2026-07-29T05:19:12.725+0000] {processor.py:183} INFO - Processing /opt/airflow/dags/gold_processing_dag.py took 0.192 seconds
[2026-07-29T05:19:43.468+0000] {processor.py:161} INFO - Started process (PID=32341) to work on /opt/airflow/dags/gold_processing_dag.py
[2026-07-29T05:19:43.472+0000] {processor.py:830} INFO - Processing file /opt/airflow/dags/gold_processing_dag.py for tasks to queue
[2026-07-29T05:19:43.477+0000] {logging_mixin.py:188} INFO - [2026-07-29T05:19:43.476+0000] {dagbag.py:545} INFO - Filling up the DagBag from /opt/airflow/dags/gold_processing_dag.py
[2026-07-29T05:19:43.549+0000] {processor.py:840} INFO - DAG(s) 'process_gold_layer' retrieved from /opt/airflow/dags/gold_processing_dag.py
[2026-07-29T05:19:43.628+0000] {logging_mixin.py:188} INFO - [2026-07-29T05:19:43.627+0000] {dag.py:3096} INFO - Sync 1 DAGs
[2026-07-29T05:19:43.660+0000] {logging_mixin.py:188} INFO - [2026-07-29T05:19:43.660+0000] {dag.py:3954} INFO - Setting next_dagrun for process_gold_layer to None, run_after=None
[2026-07-29T05:19:43.712+0000] {processor.py:183} INFO - Processing /opt/airflow/dags/gold_processing_dag.py took 0.275 seconds
[2026-07-29T05:20:14.118+0000] {processor.py:161} INFO - Started process (PID=32356) to work on /opt/airflow/dags/gold_processing_dag.py
[2026-07-29T05:20:14.121+0000] {processor.py:830} INFO - Processing file /opt/airflow/dags/gold_processing_dag.py for tasks to queue
[2026-07-29T05:20:14.125+0000] {logging_mixin.py:188} INFO - [2026-07-29T05:20:14.124+0000] {dagbag.py:545} INFO - Filling up the DagBag from /opt/airflow/dags/gold_processing_dag.py
[2026-07-29T05:20:14.172+0000] {processor.py:840} INFO - DAG(s) 'process_gold_layer' retrieved from /opt/airflow/dags/gold_processing_dag.py
[2026-07-29T05:20:14.231+0000] {logging_mixin.py:188} INFO - [2026-07-29T05:20:14.230+0000] {dag.py:3096} INFO - Sync 1 DAGs
[2026-07-29T05:20:14.265+0000] {logging_mixin.py:188} INFO - [2026-07-29T05:20:14.264+0000] {dag.py:3954} INFO - Setting next_dagrun for process_gold_layer to None, run_after=None
[2026-07-29T05:20:14.317+0000] {processor.py:183} INFO - Processing /opt/airflow/dags/gold_processing_dag.py took 0.218 seconds
[2026-07-29T05:20:44.782+0000] {processor.py:161} INFO - Started process (PID=32371) to work on /opt/airflow/dags/gold_processing_dag.py
[2026-07-29T05:20:44.785+0000] {processor.py:830} INFO - Processing file /opt/airflow/dags/gold_processing_dag.py for tasks to queue
[2026-07-29T05:20:44.790+0000] {logging_mixin.py:188} INFO - [2026-07-29T05:20:44.789+0000] {dagbag.py:545} INFO - Filling up the DagBag from /opt/airflow/dags/gold_processing_dag.py
[2026-07-29T05:20:44.836+0000] {processor.py:840} INFO - DAG(s) 'process_gold_layer' retrieved from /opt/airflow/dags/gold_processing_dag.py
[2026-07-29T05:20:44.899+0000] {logging_mixin.py:188} INFO - [2026-07-29T05:20:44.898+0000] {dag.py:3096} INFO - Sync 1 DAGs
[2026-07-29T05:20:44.951+0000] {logging_mixin.py:188} INFO - [2026-07-29T05:20:44.951+0000] {dag.py:3954} INFO - Setting next_dagrun for process_gold_layer to None, run_after=None
[2026-07-29T05:20:45.115+0000] {processor.py:183} INFO - Processing /opt/airflow/dags/gold_processing_dag.py took 0.358 seconds
[2026-07-29T05:21:15.434+0000] {processor.py:161} INFO - Started process (PID=32386) to work on /opt/airflow/dags/gold_processing_dag.py
[2026-07-29T05:21:15.437+0000] {processor.py:830} INFO - Processing file /opt/airflow/dags/gold_processing_dag.py for tasks to queue
[2026-07-29T05:21:15.440+0000] {logging_mixin.py:188} INFO - [2026-07-29T05:21:15.440+0000] {dagbag.py:545} INFO - Filling up the DagBag from /opt/airflow/dags/gold_processing_dag.py
[2026-07-29T05:21:15.522+0000] {processor.py:840} INFO - DAG(s) 'process_gold_layer' retrieved from /opt/airflow/dags/gold_processing_dag.py
[2026-07-29T05:21:15.647+0000] {logging_mixin.py:188} INFO - [2026-07-29T05:21:15.646+0000] {dag.py:3096} INFO - Sync 1 DAGs
[2026-07-29T05:21:15.713+0000] {logging_mixin.py:188} INFO - [2026-07-29T05:21:15.713+0000] {dag.py:3954} INFO - Setting next_dagrun for process_gold_layer to None, run_after=None
[2026-07-29T05:21:16.159+0000] {processor.py:183} INFO - Processing /opt/airflow/dags/gold_processing_dag.py took 0.745 seconds
[2026-07-29T05:21:46.722+0000] {processor.py:161} INFO - Started process (PID=32401) to work on /opt/airflow/dags/gold_processing_dag.py
[2026-07-29T05:21:46.725+0000] {processor.py:830} INFO - Processing file /opt/airflow/dags/gold_processing_dag.py for tasks to queue
[2026-07-29T05:21:46.728+0000] {logging_mixin.py:188} INFO - [2026-07-29T05:21:46.727+0000] {dagbag.py:545} INFO - Filling up the DagBag from /opt/airflow/dags/gold_processing_dag.py
[2026-07-29T05:21:46.774+0000] {processor.py:840} INFO - DAG(s) 'process_gold_layer' retrieved from /opt/airflow/dags/gold_processing_dag.py
[2026-07-29T05:21:46.850+0000] {logging_mixin.py:188} INFO - [2026-07-29T05:21:46.850+0000] {dag.py:3096} INFO - Sync 1 DAGs
[2026-07-29T05:21:46.894+0000] {logging_mixin.py:188} INFO - [2026-07-29T05:21:46.893+0000] {dag.py:3954} INFO - Setting next_dagrun for process_gold_layer to None, run_after=None
[2026-07-29T05:21:46.943+0000] {processor.py:183} INFO - Processing /opt/airflow/dags/gold_processing_dag.py took 0.243 seconds
[2026-07-29T05:22:17.434+0000] {processor.py:161} INFO - Started process (PID=32416) to work on /opt/airflow/dags/gold_processing_dag.py
[2026-07-29T05:22:17.437+0000] {processor.py:830} INFO - Processing file /opt/airflow/dags/gold_processing_dag.py for tasks to queue
[2026-07-29T05:22:17.448+0000] {logging_mixin.py:188} INFO - [2026-07-29T05:22:17.446+0000] {dagbag.py:545} INFO - Filling up the DagBag from /opt/airflow/dags/gold_processing_dag.py
[2026-07-29T05:22:17.505+0000] {processor.py:840} INFO - DAG(s) 'process_gold_layer' retrieved from /opt/airflow/dags/gold_processing_dag.py
[2026-07-29T05:22:17.596+0000] {logging_mixin.py:188} INFO - [2026-07-29T05:22:17.595+0000] {dag.py:3096} INFO - Sync 1 DAGs
[2026-07-29T05:22:17.647+0000] {logging_mixin.py:188} INFO - [2026-07-29T05:22:17.647+0000] {dag.py:3954} INFO - Setting next_dagrun for process_gold_layer to None, run_after=None
[2026-07-29T05:22:17.718+0000] {processor.py:183} INFO - Processing /opt/airflow/dags/gold_processing_dag.py took 0.307 seconds
[2026-07-29T05:22:47.896+0000] {processor.py:161} INFO - Started process (PID=32431) to work on /opt/airflow/dags/gold_processing_dag.py
[2026-07-29T05:22:47.901+0000] {processor.py:830} INFO - Processing file /opt/airflow/dags/gold_processing_dag.py for tasks to queue
[2026-07-29T05:22:47.905+0000] {logging_mixin.py:188} INFO - [2026-07-29T05:22:47.903+0000] {dagbag.py:545} INFO - Filling up the DagBag from /opt/airflow/dags/gold_processing_dag.py
[2026-07-29T05:22:47.953+0000] {processor.py:840} INFO - DAG(s) 'process_gold_layer' retrieved from /opt/airflow/dags/gold_processing_dag.py
[2026-07-29T05:22:48.023+0000] {logging_mixin.py:188} INFO - [2026-07-29T05:22:48.019+0000] {dag.py:3096} INFO - Sync 1 DAGs
[2026-07-29T05:22:48.057+0000] {logging_mixin.py:188} INFO - [2026-07-29T05:22:48.056+0000] {dag.py:3954} INFO - Setting next_dagrun for process_gold_layer to None, run_after=None
[2026-07-29T05:22:48.117+0000] {processor.py:183} INFO - Processing /opt/airflow/dags/gold_processing_dag.py took 0.242 seconds
[2026-07-29T05:23:18.390+0000] {processor.py:161} INFO - Started process (PID=32446) to work on /opt/airflow/dags/gold_processing_dag.py
[2026-07-29T05:23:18.394+0000] {processor.py:830} INFO - Processing file /opt/airflow/dags/gold_processing_dag.py for tasks to queue
[2026-07-29T05:23:18.397+0000] {logging_mixin.py:188} INFO - [2026-07-29T05:23:18.396+0000] {dagbag.py:545} INFO - Filling up the DagBag from /opt/airflow/dags/gold_processing_dag.py
[2026-07-29T05:23:18.445+0000] {processor.py:840} INFO - DAG(s) 'process_gold_layer' retrieved from /opt/airflow/dags/gold_processing_dag.py
[2026-07-29T05:23:18.514+0000] {logging_mixin.py:188} INFO - [2026-07-29T05:23:18.513+0000] {dag.py:3096} INFO - Sync 1 DAGs
[2026-07-29T05:23:18.544+0000] {logging_mixin.py:188} INFO - [2026-07-29T05:23:18.543+0000] {dag.py:3954} INFO - Setting next_dagrun for process_gold_layer to None, run_after=None
[2026-07-29T05:23:18.587+0000] {processor.py:183} INFO - Processing /opt/airflow/dags/gold_processing_dag.py took 0.219 seconds
[2026-07-29T05:23:49.167+0000] {processor.py:161} INFO - Started process (PID=32461) to work on /opt/airflow/dags/gold_processing_dag.py
[2026-07-29T05:23:49.172+0000] {processor.py:830} INFO - Processing file /opt/airflow/dags/gold_processing_dag.py for tasks to queue
[2026-07-29T05:23:49.175+0000] {logging_mixin.py:188} INFO - [2026-07-29T05:23:49.174+0000] {dagbag.py:545} INFO - Filling up the DagBag from /opt/airflow/dags/gold_processing_dag.py
[2026-07-29T05:23:49.221+0000] {processor.py:840} INFO - DAG(s) 'process_gold_layer' retrieved from /opt/airflow/dags/gold_processing_dag.py
[2026-07-29T05:23:49.280+0000] {logging_mixin.py:188} INFO - [2026-07-29T05:23:49.279+0000] {dag.py:3096} INFO - Sync 1 DAGs
[2026-07-29T05:23:49.318+0000] {logging_mixin.py:188} INFO - [2026-07-29T05:23:49.317+0000] {dag.py:3954} INFO - Setting next_dagrun for process_gold_layer to None, run_after=None
[2026-07-29T05:23:49.372+0000] {processor.py:183} INFO - Processing /opt/airflow/dags/gold_processing_dag.py took 0.238 seconds
[2026-07-29T05:24:19.705+0000] {processor.py:161} INFO - Started process (PID=32476) to work on /opt/airflow/dags/gold_processing_dag.py
[2026-07-29T05:24:19.709+0000] {processor.py:830} INFO - Processing file /opt/airflow/dags/gold_processing_dag.py for tasks to queue
[2026-07-29T05:24:19.718+0000] {logging_mixin.py:188} INFO - [2026-07-29T05:24:19.717+0000] {dagbag.py:545} INFO - Filling up the DagBag from /opt/airflow/dags/gold_processing_dag.py
[2026-07-29T05:24:19.770+0000] {processor.py:840} INFO - DAG(s) 'process_gold_layer' retrieved from /opt/airflow/dags/gold_processing_dag.py
[2026-07-29T05:24:19.853+0000] {logging_mixin.py:188} INFO - [2026-07-29T05:24:19.852+0000] {dag.py:3096} INFO - Sync 1 DAGs
[2026-07-29T05:24:19.907+0000] {logging_mixin.py:188} INFO - [2026-07-29T05:24:19.906+0000] {dag.py:3954} INFO - Setting next_dagrun for process_gold_layer to None, run_after=None
[2026-07-29T05:24:19.969+0000] {processor.py:183} INFO - Processing /opt/airflow/dags/gold_processing_dag.py took 0.285 seconds
[2026-07-29T05:24:50.174+0000] {processor.py:161} INFO - Started process (PID=32491) to work on /opt/airflow/dags/gold_processing_dag.py
[2026-07-29T05:24:50.176+0000] {processor.py:830} INFO - Processing file /opt/airflow/dags/gold_processing_dag.py for tasks to queue
[2026-07-29T05:24:50.182+0000] {logging_mixin.py:188} INFO - [2026-07-29T05:24:50.181+0000] {dagbag.py:545} INFO - Filling up the DagBag from /opt/airflow/dags/gold_processing_dag.py
[2026-07-29T05:24:50.232+0000] {processor.py:840} INFO - DAG(s) 'process_gold_layer' retrieved from /opt/airflow/dags/gold_processing_dag.py
[2026-07-29T05:24:50.308+0000] {logging_mixin.py:188} INFO - [2026-07-29T05:24:50.308+0000] {dag.py:3096} INFO - Sync 1 DAGs
[2026-07-29T05:24:50.345+0000] {logging_mixin.py:188} INFO - [2026-07-29T05:24:50.345+0000] {dag.py:3954} INFO - Setting next_dagrun for process_gold_layer to None, run_after=None
[2026-07-29T05:24:50.398+0000] {processor.py:183} INFO - Processing /opt/airflow/dags/gold_processing_dag.py took 0.240 seconds
[2026-07-29T05:25:20.602+0000] {processor.py:161} INFO - Started process (PID=32506) to work on /opt/airflow/dags/gold_processing_dag.py
[2026-07-29T05:25:20.605+0000] {processor.py:830} INFO - Processing file /opt/airflow/dags/gold_processing_dag.py for tasks to queue
[2026-07-29T05:25:20.608+0000] {logging_mixin.py:188} INFO - [2026-07-29T05:25:20.607+0000] {dagbag.py:545} INFO - Filling up the DagBag from /opt/airflow/dags/gold_processing_dag.py
[2026-07-29T05:25:20.656+0000] {processor.py:840} INFO - DAG(s) 'process_gold_layer' retrieved from /opt/airflow/dags/gold_processing_dag.py
[2026-07-29T05:25:20.713+0000] {logging_mixin.py:188} INFO - [2026-07-29T05:25:20.713+0000] {dag.py:3096} INFO - Sync 1 DAGs
[2026-07-29T05:25:20.745+0000] {logging_mixin.py:188} INFO - [2026-07-29T05:25:20.744+0000] {dag.py:3954} INFO - Setting next_dagrun for process_gold_layer to None, run_after=None
[2026-07-29T05:25:20.802+0000] {processor.py:183} INFO - Processing /opt/airflow/dags/gold_processing_dag.py took 0.222 seconds
[2026-07-29T05:25:51.348+0000] {processor.py:161} INFO - Started process (PID=32521) to work on /opt/airflow/dags/gold_processing_dag.py
[2026-07-29T05:25:51.352+0000] {processor.py:830} INFO - Processing file /opt/airflow/dags/gold_processing_dag.py for tasks to queue
[2026-07-29T05:25:51.358+0000] {logging_mixin.py:188} INFO - [2026-07-29T05:25:51.356+0000] {dagbag.py:545} INFO - Filling up the DagBag from /opt/airflow/dags/gold_processing_dag.py
[2026-07-29T05:25:51.412+0000] {processor.py:840} INFO - DAG(s) 'process_gold_layer' retrieved from /opt/airflow/dags/gold_processing_dag.py
[2026-07-29T05:25:51.509+0000] {logging_mixin.py:188} INFO - [2026-07-29T05:25:51.503+0000] {dag.py:3096} INFO - Sync 1 DAGs
[2026-07-29T05:25:51.565+0000] {logging_mixin.py:188} INFO - [2026-07-29T05:25:51.565+0000] {dag.py:3954} INFO - Setting next_dagrun for process_gold_layer to None, run_after=None
[2026-07-29T05:25:51.705+0000] {processor.py:183} INFO - Processing /opt/airflow/dags/gold_processing_dag.py took 0.388 seconds
[2026-07-29T05:26:22.118+0000] {processor.py:161} INFO - Started process (PID=32536) to work on /opt/airflow/dags/gold_processing_dag.py
[2026-07-29T05:26:22.123+0000] {processor.py:830} INFO - Processing file /opt/airflow/dags/gold_processing_dag.py for tasks to queue
[2026-07-29T05:26:22.127+0000] {logging_mixin.py:188} INFO - [2026-07-29T05:26:22.126+0000] {dagbag.py:545} INFO - Filling up the DagBag from /opt/airflow/dags/gold_processing_dag.py
[2026-07-29T05:26:22.191+0000] {processor.py:840} INFO - DAG(s) 'process_gold_layer' retrieved from /opt/airflow/dags/gold_processing_dag.py
[2026-07-29T05:26:22.318+0000] {logging_mixin.py:188} INFO - [2026-07-29T05:26:22.317+0000] {dag.py:3096} INFO - Sync 1 DAGs
[2026-07-29T05:26:22.371+0000] {logging_mixin.py:188} INFO - [2026-07-29T05:26:22.370+0000] {dag.py:3954} INFO - Setting next_dagrun for process_gold_layer to None, run_after=None
[2026-07-29T05:26:22.420+0000] {processor.py:183} INFO - Processing /opt/airflow/dags/gold_processing_dag.py took 0.323 seconds
[2026-07-29T05:26:52.546+0000] {processor.py:161} INFO - Started process (PID=32551) to work on /opt/airflow/dags/gold_processing_dag.py
[2026-07-29T05:26:52.549+0000] {processor.py:830} INFO - Processing file /opt/airflow/dags/gold_processing_dag.py for tasks to queue
[2026-07-29T05:26:52.552+0000] {logging_mixin.py:188} INFO - [2026-07-29T05:26:52.551+0000] {dagbag.py:545} INFO - Filling up the DagBag from /opt/airflow/dags/gold_processing_dag.py
[2026-07-29T05:26:52.589+0000] {processor.py:840} INFO - DAG(s) 'process_gold_layer' retrieved from /opt/airflow/dags/gold_processing_dag.py
[2026-07-29T05:26:52.632+0000] {logging_mixin.py:188} INFO - [2026-07-29T05:26:52.631+0000] {dag.py:3096} INFO - Sync 1 DAGs
[2026-07-29T05:26:52.662+0000] {logging_mixin.py:188} INFO - [2026-07-29T05:26:52.662+0000] {dag.py:3954} INFO - Setting next_dagrun for process_gold_layer to None, run_after=None
[2026-07-29T05:26:52.713+0000] {processor.py:183} INFO - Processing /opt/airflow/dags/gold_processing_dag.py took 0.182 seconds
[2026-07-29T05:27:22.935+0000] {processor.py:161} INFO - Started process (PID=32566) to work on /opt/airflow/dags/gold_processing_dag.py
[2026-07-29T05:27:22.938+0000] {processor.py:830} INFO - Processing file /opt/airflow/dags/gold_processing_dag.py for tasks to queue
[2026-07-29T05:27:22.941+0000] {logging_mixin.py:188} INFO - [2026-07-29T05:27:22.940+0000] {dagbag.py:545} INFO - Filling up the DagBag from /opt/airflow/dags/gold_processing_dag.py
[2026-07-29T05:27:22.982+0000] {processor.py:840} INFO - DAG(s) 'process_gold_layer' retrieved from /opt/airflow/dags/gold_processing_dag.py
[2026-07-29T05:27:23.027+0000] {logging_mixin.py:188} INFO - [2026-07-29T05:27:23.027+0000] {dag.py:3096} INFO - Sync 1 DAGs
[2026-07-29T05:27:23.070+0000] {logging_mixin.py:188} INFO - [2026-07-29T05:27:23.070+0000] {dag.py:3954} INFO - Setting next_dagrun for process_gold_layer to None, run_after=None
[2026-07-29T05:27:23.132+0000] {processor.py:183} INFO - Processing /opt/airflow/dags/gold_processing_dag.py took 0.210 seconds
[2026-07-29T05:27:53.840+0000] {processor.py:161} INFO - Started process (PID=32581) to work on /opt/airflow/dags/gold_processing_dag.py
[2026-07-29T05:27:53.846+0000] {processor.py:830} INFO - Processing file /opt/airflow/dags/gold_processing_dag.py for tasks to queue
[2026-07-29T05:27:53.853+0000] {logging_mixin.py:188} INFO - [2026-07-29T05:27:53.850+0000] {dagbag.py:545} INFO - Filling up the DagBag from /opt/airflow/dags/gold_processing_dag.py
[2026-07-29T05:27:53.920+0000] {processor.py:840} INFO - DAG(s) 'process_gold_layer' retrieved from /opt/airflow/dags/gold_processing_dag.py
[2026-07-29T05:27:53.992+0000] {logging_mixin.py:188} INFO - [2026-07-29T05:27:53.991+0000] {dag.py:3096} INFO - Sync 1 DAGs
[2026-07-29T05:27:54.024+0000] {logging_mixin.py:188} INFO - [2026-07-29T05:27:54.023+0000] {dag.py:3954} INFO - Setting next_dagrun for process_gold_layer to None, run_after=None
[2026-07-29T05:27:54.097+0000] {processor.py:183} INFO - Processing /opt/airflow/dags/gold_processing_dag.py took 0.285 seconds
[2026-07-29T05:28:24.417+0000] {processor.py:161} INFO - Started process (PID=32596) to work on /opt/airflow/dags/gold_processing_dag.py
[2026-07-29T05:28:24.420+0000] {processor.py:830} INFO - Processing file /opt/airflow/dags/gold_processing_dag.py for tasks to queue
[2026-07-29T05:28:24.423+0000] {logging_mixin.py:188} INFO - [2026-07-29T05:28:24.422+0000] {dagbag.py:545} INFO - Filling up the DagBag from /opt/airflow/dags/gold_processing_dag.py
[2026-07-29T05:28:24.484+0000] {processor.py:840} INFO - DAG(s) 'process_gold_layer' retrieved from /opt/airflow/dags/gold_processing_dag.py
[2026-07-29T05:28:24.544+0000] {logging_mixin.py:188} INFO - [2026-07-29T05:28:24.544+0000] {dag.py:3096} INFO - Sync 1 DAGs
[2026-07-29T05:28:24.577+0000] {logging_mixin.py:188} INFO - [2026-07-29T05:28:24.577+0000] {dag.py:3954} INFO - Setting next_dagrun for process_gold_layer to None, run_after=None
[2026-07-29T05:28:24.621+0000] {processor.py:183} INFO - Processing /opt/airflow/dags/gold_processing_dag.py took 0.227 seconds
[2026-07-29T05:28:54.749+0000] {processor.py:161} INFO - Started process (PID=32611) to work on /opt/airflow/dags/gold_processing_dag.py
[2026-07-29T05:28:54.752+0000] {processor.py:830} INFO - Processing file /opt/airflow/dags/gold_processing_dag.py for tasks to queue
[2026-07-29T05:28:54.756+0000] {logging_mixin.py:188} INFO - [2026-07-29T05:28:54.755+0000] {dagbag.py:545} INFO - Filling up the DagBag from /opt/airflow/dags/gold_processing_dag.py
[2026-07-29T05:28:54.796+0000] {processor.py:840} INFO - DAG(s) 'process_gold_layer' retrieved from /opt/airflow/dags/gold_processing_dag.py
[2026-07-29T05:28:54.841+0000] {logging_mixin.py:188} INFO - [2026-07-29T05:28:54.841+0000] {dag.py:3096} INFO - Sync 1 DAGs
[2026-07-29T05:28:54.865+0000] {logging_mixin.py:188} INFO - [2026-07-29T05:28:54.865+0000] {dag.py:3954} INFO - Setting next_dagrun for process_gold_layer to None, run_after=None
[2026-07-29T05:28:54.905+0000] {processor.py:183} INFO - Processing /opt/airflow/dags/gold_processing_dag.py took 0.174 seconds
[2026-07-29T05:29:25.069+0000] {processor.py:161} INFO - Started process (PID=32626) to work on /opt/airflow/dags/gold_processing_dag.py
[2026-07-29T05:29:25.072+0000] {processor.py:830} INFO - Processing file /opt/airflow/dags/gold_processing_dag.py for tasks to queue
[2026-07-29T05:29:25.077+0000] {logging_mixin.py:188} INFO - [2026-07-29T05:29:25.076+0000] {dagbag.py:545} INFO - Filling up the DagBag from /opt/airflow/dags/gold_processing_dag.py
[2026-07-29T05:29:25.122+0000] {processor.py:840} INFO - DAG(s) 'process_gold_layer' retrieved from /opt/airflow/dags/gold_processing_dag.py
[2026-07-29T05:29:25.165+0000] {logging_mixin.py:188} INFO - [2026-07-29T05:29:25.165+0000] {dag.py:3096} INFO - Sync 1 DAGs
[2026-07-29T05:29:25.192+0000] {logging_mixin.py:188} INFO - [2026-07-29T05:29:25.192+0000] {dag.py:3954} INFO - Setting next_dagrun for process_gold_layer to None, run_after=None
[2026-07-29T05:29:25.481+0000] {processor.py:183} INFO - Processing /opt/airflow/dags/gold_processing_dag.py took 0.427 seconds
[2026-07-29T05:29:55.753+0000] {processor.py:161} INFO - Started process (PID=32641) to work on /opt/airflow/dags/gold_processing_dag.py
[2026-07-29T05:29:55.756+0000] {processor.py:830} INFO - Processing file /opt/airflow/dags/gold_processing_dag.py for tasks to queue
[2026-07-29T05:29:55.759+0000] {logging_mixin.py:188} INFO - [2026-07-29T05:29:55.758+0000] {dagbag.py:545} INFO - Filling up the DagBag from /opt/airflow/dags/gold_processing_dag.py
[2026-07-29T05:29:55.797+0000] {processor.py:840} INFO - DAG(s) 'process_gold_layer' retrieved from /opt/airflow/dags/gold_processing_dag.py
[2026-07-29T05:29:55.847+0000] {logging_mixin.py:188} INFO - [2026-07-29T05:29:55.846+0000] {dag.py:3096} INFO - Sync 1 DAGs
[2026-07-29T05:29:55.888+0000] {logging_mixin.py:188} INFO - [2026-07-29T05:29:55.888+0000] {dag.py:3954} INFO - Setting next_dagrun for process_gold_layer to None, run_after=None
[2026-07-29T05:29:56.310+0000] {processor.py:183} INFO - Processing /opt/airflow/dags/gold_processing_dag.py took 0.574 seconds
[2026-07-29T05:30:26.789+0000] {processor.py:161} INFO - Started process (PID=32656) to work on /opt/airflow/dags/gold_processing_dag.py
[2026-07-29T05:30:26.791+0000] {processor.py:830} INFO - Processing file /opt/airflow/dags/gold_processing_dag.py for tasks to queue
[2026-07-29T05:30:26.794+0000] {logging_mixin.py:188} INFO - [2026-07-29T05:30:26.793+0000] {dagbag.py:545} INFO - Filling up the DagBag from /opt/airflow/dags/gold_processing_dag.py
[2026-07-29T05:30:26.832+0000] {processor.py:840} INFO - DAG(s) 'process_gold_layer' retrieved from /opt/airflow/dags/gold_processing_dag.py
[2026-07-29T05:30:26.873+0000] {logging_mixin.py:188} INFO - [2026-07-29T05:30:26.872+0000] {dag.py:3096} INFO - Sync 1 DAGs
[2026-07-29T05:30:26.901+0000] {logging_mixin.py:188} INFO - [2026-07-29T05:30:26.900+0000] {dag.py:3954} INFO - Setting next_dagrun for process_gold_layer to None, run_after=None
[2026-07-29T05:30:26.955+0000] {processor.py:183} INFO - Processing /opt/airflow/dags/gold_processing_dag.py took 0.182 seconds
[2026-07-29T05:30:57.147+0000] {processor.py:161} INFO - Started process (PID=32671) to work on /opt/airflow/dags/gold_processing_dag.py
[2026-07-29T05:30:57.150+0000] {processor.py:830} INFO - Processing file /opt/airflow/dags/gold_processing_dag.py for tasks to queue
[2026-07-29T05:30:57.154+0000] {logging_mixin.py:188} INFO - [2026-07-29T05:30:57.153+0000] {dagbag.py:545} INFO - Filling up the DagBag from /opt/airflow/dags/gold_processing_dag.py
[2026-07-29T05:30:57.201+0000] {processor.py:840} INFO - DAG(s) 'process_gold_layer' retrieved from /opt/airflow/dags/gold_processing_dag.py
[2026-07-29T05:30:57.255+0000] {logging_mixin.py:188} INFO - [2026-07-29T05:30:57.255+0000] {dag.py:3096} INFO - Sync 1 DAGs
[2026-07-29T05:30:57.281+0000] {logging_mixin.py:188} INFO - [2026-07-29T05:30:57.281+0000] {dag.py:3954} INFO - Setting next_dagrun for process_gold_layer to None, run_after=None
[2026-07-29T05:30:57.322+0000] {processor.py:183} INFO - Processing /opt/airflow/dags/gold_processing_dag.py took 0.189 seconds
[2026-07-29T05:31:27.586+0000] {processor.py:161} INFO - Started process (PID=32686) to work on /opt/airflow/dags/gold_processing_dag.py
[2026-07-29T05:31:27.589+0000] {processor.py:830} INFO - Processing file /opt/airflow/dags/gold_processing_dag.py for tasks to queue
[2026-07-29T05:31:27.592+0000] {logging_mixin.py:188} INFO - [2026-07-29T05:31:27.591+0000] {dagbag.py:545} INFO - Filling up the DagBag from /opt/airflow/dags/gold_processing_dag.py
[2026-07-29T05:31:27.632+0000] {processor.py:840} INFO - DAG(s) 'process_gold_layer' retrieved from /opt/airflow/dags/gold_processing_dag.py
[2026-07-29T05:31:27.675+0000] {logging_mixin.py:188} INFO - [2026-07-29T05:31:27.674+0000] {dag.py:3096} INFO - Sync 1 DAGs
[2026-07-29T05:31:27.703+0000] {logging_mixin.py:188} INFO - [2026-07-29T05:31:27.703+0000] {dag.py:3954} INFO - Setting next_dagrun for process_gold_layer to None, run_after=None
[2026-07-29T05:31:27.744+0000] {processor.py:183} INFO - Processing /opt/airflow/dags/gold_processing_dag.py took 0.174 seconds
[2026-07-29T05:31:58.793+0000] {processor.py:161} INFO - Started process (PID=32701) to work on /opt/airflow/dags/gold_processing_dag.py
[2026-07-29T05:31:58.796+0000] {processor.py:830} INFO - Processing file /opt/airflow/dags/gold_processing_dag.py for tasks to queue
[2026-07-29T05:31:58.799+0000] {logging_mixin.py:188} INFO - [2026-07-29T05:31:58.798+0000] {dagbag.py:545} INFO - Filling up the DagBag from /opt/airflow/dags/gold_processing_dag.py
[2026-07-29T05:31:58.839+0000] {processor.py:840} INFO - DAG(s) 'process_gold_layer' retrieved from /opt/airflow/dags/gold_processing_dag.py
[2026-07-29T05:31:58.886+0000] {logging_mixin.py:188} INFO - [2026-07-29T05:31:58.885+0000] {dag.py:3096} INFO - Sync 1 DAGs
[2026-07-29T05:31:58.911+0000] {logging_mixin.py:188} INFO - [2026-07-29T05:31:58.910+0000] {dag.py:3954} INFO - Setting next_dagrun for process_gold_layer to None, run_after=None
[2026-07-29T05:31:58.949+0000] {processor.py:183} INFO - Processing /opt/airflow/dags/gold_processing_dag.py took 0.173 seconds
[2026-07-29T05:32:29.576+0000] {processor.py:161} INFO - Started process (PID=32716) to work on /opt/airflow/dags/gold_processing_dag.py
[2026-07-29T05:32:29.579+0000] {processor.py:830} INFO - Processing file /opt/airflow/dags/gold_processing_dag.py for tasks to queue
[2026-07-29T05:32:29.582+0000] {logging_mixin.py:188} INFO - [2026-07-29T05:32:29.581+0000] {dagbag.py:545} INFO - Filling up the DagBag from /opt/airflow/dags/gold_processing_dag.py
[2026-07-29T05:32:29.622+0000] {processor.py:840} INFO - DAG(s) 'process_gold_layer' retrieved from /opt/airflow/dags/gold_processing_dag.py
[2026-07-29T05:32:29.670+0000] {logging_mixin.py:188} INFO - [2026-07-29T05:32:29.670+0000] {dag.py:3096} INFO - Sync 1 DAGs
[2026-07-29T05:32:29.700+0000] {logging_mixin.py:188} INFO - [2026-07-29T05:32:29.699+0000] {dag.py:3954} INFO - Setting next_dagrun for process_gold_layer to None, run_after=None
[2026-07-29T05:32:29.744+0000] {processor.py:183} INFO - Processing /opt/airflow/dags/gold_processing_dag.py took 0.190 seconds
[2026-07-29T05:33:00.173+0000] {processor.py:161} INFO - Started process (PID=32731) to work on /opt/airflow/dags/gold_processing_dag.py
[2026-07-29T05:33:00.177+0000] {processor.py:830} INFO - Processing file /opt/airflow/dags/gold_processing_dag.py for tasks to queue
[2026-07-29T05:33:00.186+0000] {logging_mixin.py:188} INFO - [2026-07-29T05:33:00.184+0000] {dagbag.py:545} INFO - Filling up the DagBag from /opt/airflow/dags/gold_processing_dag.py
[2026-07-29T05:33:00.290+0000] {processor.py:840} INFO - DAG(s) 'process_gold_layer' retrieved from /opt/airflow/dags/gold_processing_dag.py
[2026-07-29T05:33:00.382+0000] {logging_mixin.py:188} INFO - [2026-07-29T05:33:00.382+0000] {dag.py:3096} INFO - Sync 1 DAGs
[2026-07-29T05:33:00.437+0000] {logging_mixin.py:188} INFO - [2026-07-29T05:33:00.436+0000] {dag.py:3954} INFO - Setting next_dagrun for process_gold_layer to None, run_after=None
[2026-07-29T05:33:00.487+0000] {processor.py:183} INFO - Processing /opt/airflow/dags/gold_processing_dag.py took 0.346 seconds
[2026-07-29T05:33:31.289+0000] {processor.py:161} INFO - Started process (PID=32746) to work on /opt/airflow/dags/gold_processing_dag.py
[2026-07-29T05:33:31.291+0000] {processor.py:830} INFO - Processing file /opt/airflow/dags/gold_processing_dag.py for tasks to queue
[2026-07-29T05:33:31.296+0000] {logging_mixin.py:188} INFO - [2026-07-29T05:33:31.295+0000] {dagbag.py:545} INFO - Filling up the DagBag from /opt/airflow/dags/gold_processing_dag.py
[2026-07-29T05:33:31.341+0000] {processor.py:840} INFO - DAG(s) 'process_gold_layer' retrieved from /opt/airflow/dags/gold_processing_dag.py
[2026-07-29T05:33:31.387+0000] {logging_mixin.py:188} INFO - [2026-07-29T05:33:31.387+0000] {dag.py:3096} INFO - Sync 1 DAGs
[2026-07-29T05:33:31.422+0000] {logging_mixin.py:188} INFO - [2026-07-29T05:33:31.421+0000] {dag.py:3954} INFO - Setting next_dagrun for process_gold_layer to None, run_after=None
[2026-07-29T05:33:31.460+0000] {processor.py:183} INFO - Processing /opt/airflow/dags/gold_processing_dag.py took 0.184 seconds
[2026-07-29T05:34:02.168+0000] {processor.py:161} INFO - Started process (PID=32761) to work on /opt/airflow/dags/gold_processing_dag.py
[2026-07-29T05:34:02.172+0000] {processor.py:830} INFO - Processing file /opt/airflow/dags/gold_processing_dag.py for tasks to queue
[2026-07-29T05:34:02.176+0000] {logging_mixin.py:188} INFO - [2026-07-29T05:34:02.175+0000] {dagbag.py:545} INFO - Filling up the DagBag from /opt/airflow/dags/gold_processing_dag.py
[2026-07-29T05:34:02.223+0000] {processor.py:840} INFO - DAG(s) 'process_gold_layer' retrieved from /opt/airflow/dags/gold_processing_dag.py
[2026-07-29T05:34:02.279+0000] {logging_mixin.py:188} INFO - [2026-07-29T05:34:02.279+0000] {dag.py:3096} INFO - Sync 1 DAGs
[2026-07-29T05:34:02.319+0000] {logging_mixin.py:188} INFO - [2026-07-29T05:34:02.319+0000] {dag.py:3954} INFO - Setting next_dagrun for process_gold_layer to None, run_after=None
[2026-07-29T05:34:02.371+0000] {processor.py:183} INFO - Processing /opt/airflow/dags/gold_processing_dag.py took 0.221 seconds
[2026-07-29T05:34:32.657+0000] {processor.py:161} INFO - Started process (PID=32776) to work on /opt/airflow/dags/gold_processing_dag.py
[2026-07-29T05:34:32.660+0000] {processor.py:830} INFO - Processing file /opt/airflow/dags/gold_processing_dag.py for tasks to queue
[2026-07-29T05:34:32.664+0000] {logging_mixin.py:188} INFO - [2026-07-29T05:34:32.663+0000] {dagbag.py:545} INFO - Filling up the DagBag from /opt/airflow/dags/gold_processing_dag.py
[2026-07-29T05:34:32.712+0000] {processor.py:840} INFO - DAG(s) 'process_gold_layer' retrieved from /opt/airflow/dags/gold_processing_dag.py
[2026-07-29T05:34:32.769+0000] {logging_mixin.py:188} INFO - [2026-07-29T05:34:32.768+0000] {dag.py:3096} INFO - Sync 1 DAGs
[2026-07-29T05:34:32.807+0000] {logging_mixin.py:188} INFO - [2026-07-29T05:34:32.806+0000] {dag.py:3954} INFO - Setting next_dagrun for process_gold_layer to None, run_after=None
[2026-07-29T05:34:32.864+0000] {processor.py:183} INFO - Processing /opt/airflow/dags/gold_processing_dag.py took 0.241 seconds
[2026-07-29T05:35:03.282+0000] {processor.py:161} INFO - Started process (PID=32796) to work on /opt/airflow/dags/gold_processing_dag.py
[2026-07-29T05:35:03.286+0000] {processor.py:830} INFO - Processing file /opt/airflow/dags/gold_processing_dag.py for tasks to queue
[2026-07-29T05:35:03.289+0000] {logging_mixin.py:188} INFO - [2026-07-29T05:35:03.288+0000] {dagbag.py:545} INFO - Filling up the DagBag from /opt/airflow/dags/gold_processing_dag.py
[2026-07-29T05:35:03.353+0000] {processor.py:840} INFO - DAG(s) 'process_gold_layer' retrieved from /opt/airflow/dags/gold_processing_dag.py
[2026-07-29T05:35:03.427+0000] {logging_mixin.py:188} INFO - [2026-07-29T05:35:03.427+0000] {dag.py:3096} INFO - Sync 1 DAGs
[2026-07-29T05:35:03.470+0000] {logging_mixin.py:188} INFO - [2026-07-29T05:35:03.469+0000] {dag.py:3954} INFO - Setting next_dagrun for process_gold_layer to None, run_after=None
[2026-07-29T05:35:03.514+0000] {processor.py:183} INFO - Processing /opt/airflow/dags/gold_processing_dag.py took 0.267 seconds
[2026-07-29T05:35:33.623+0000] {processor.py:161} INFO - Started process (PID=32811) to work on /opt/airflow/dags/gold_processing_dag.py
[2026-07-29T05:35:33.629+0000] {processor.py:830} INFO - Processing file /opt/airflow/dags/gold_processing_dag.py for tasks to queue
[2026-07-29T05:35:33.636+0000] {logging_mixin.py:188} INFO - [2026-07-29T05:35:33.633+0000] {dagbag.py:545} INFO - Filling up the DagBag from /opt/airflow/dags/gold_processing_dag.py
[2026-07-29T05:35:33.677+0000] {processor.py:840} INFO - DAG(s) 'process_gold_layer' retrieved from /opt/airflow/dags/gold_processing_dag.py
[2026-07-29T05:35:33.722+0000] {logging_mixin.py:188} INFO - [2026-07-29T05:35:33.722+0000] {dag.py:3096} INFO - Sync 1 DAGs
[2026-07-29T05:35:33.749+0000] {logging_mixin.py:188} INFO - [2026-07-29T05:35:33.748+0000] {dag.py:3954} INFO - Setting next_dagrun for process_gold_layer to None, run_after=None
[2026-07-29T05:35:33.789+0000] {processor.py:183} INFO - Processing /opt/airflow/dags/gold_processing_dag.py took 0.182 seconds
[2026-07-29T05:36:04.207+0000] {processor.py:161} INFO - Started process (PID=32821) to work on /opt/airflow/dags/gold_processing_dag.py
[2026-07-29T05:36:04.210+0000] {processor.py:830} INFO - Processing file /opt/airflow/dags/gold_processing_dag.py for tasks to queue
[2026-07-29T05:36:04.215+0000] {logging_mixin.py:188} INFO - [2026-07-29T05:36:04.214+0000] {dagbag.py:545} INFO - Filling up the DagBag from /opt/airflow/dags/gold_processing_dag.py
[2026-07-29T05:36:04.259+0000] {processor.py:840} INFO - DAG(s) 'process_gold_layer' retrieved from /opt/airflow/dags/gold_processing_dag.py
[2026-07-29T05:36:04.349+0000] {logging_mixin.py:188} INFO - [2026-07-29T05:36:04.348+0000] {dag.py:3096} INFO - Sync 1 DAGs
[2026-07-29T05:36:04.510+0000] {logging_mixin.py:188} INFO - [2026-07-29T05:36:04.510+0000] {dag.py:3954} INFO - Setting next_dagrun for process_gold_layer to None, run_after=None
[2026-07-29T05:36:04.571+0000] {processor.py:183} INFO - Processing /opt/airflow/dags/gold_processing_dag.py took 0.383 seconds
[2026-07-29T05:36:34.821+0000] {processor.py:161} INFO - Started process (PID=32836) to work on /opt/airflow/dags/gold_processing_dag.py
[2026-07-29T05:36:34.828+0000] {processor.py:830} INFO - Processing file /opt/airflow/dags/gold_processing_dag.py for tasks to queue
[2026-07-29T05:36:34.834+0000] {logging_mixin.py:188} INFO - [2026-07-29T05:36:34.832+0000] {dagbag.py:545} INFO - Filling up the DagBag from /opt/airflow/dags/gold_processing_dag.py
[2026-07-29T05:36:34.892+0000] {processor.py:840} INFO - DAG(s) 'process_gold_layer' retrieved from /opt/airflow/dags/gold_processing_dag.py
[2026-07-29T05:36:34.989+0000] {logging_mixin.py:188} INFO - [2026-07-29T05:36:34.988+0000] {dag.py:3096} INFO - Sync 1 DAGs
[2026-07-29T05:36:35.075+0000] {logging_mixin.py:188} INFO - [2026-07-29T05:36:35.075+0000] {dag.py:3954} INFO - Setting next_dagrun for process_gold_layer to None, run_after=None
[2026-07-29T05:36:35.195+0000] {processor.py:183} INFO - Processing /opt/airflow/dags/gold_processing_dag.py took 0.399 seconds
[2026-07-29T05:37:05.383+0000] {processor.py:161} INFO - Started process (PID=32851) to work on /opt/airflow/dags/gold_processing_dag.py
[2026-07-29T05:37:05.386+0000] {processor.py:830} INFO - Processing file /opt/airflow/dags/gold_processing_dag.py for tasks to queue
[2026-07-29T05:37:05.389+0000] {logging_mixin.py:188} INFO - [2026-07-29T05:37:05.388+0000] {dagbag.py:545} INFO - Filling up the DagBag from /opt/airflow/dags/gold_processing_dag.py
[2026-07-29T05:37:05.457+0000] {processor.py:840} INFO - DAG(s) 'process_gold_layer' retrieved from /opt/airflow/dags/gold_processing_dag.py
[2026-07-29T05:37:05.511+0000] {logging_mixin.py:188} INFO - [2026-07-29T05:37:05.510+0000] {dag.py:3096} INFO - Sync 1 DAGs
[2026-07-29T05:37:05.548+0000] {logging_mixin.py:188} INFO - [2026-07-29T05:37:05.547+0000] {dag.py:3954} INFO - Setting next_dagrun for process_gold_layer to None, run_after=None
[2026-07-29T05:37:05.593+0000] {processor.py:183} INFO - Processing /opt/airflow/dags/gold_processing_dag.py took 0.231 seconds
[2026-07-29T05:37:35.738+0000] {processor.py:161} INFO - Started process (PID=32866) to work on /opt/airflow/dags/gold_processing_dag.py
[2026-07-29T05:37:35.741+0000] {processor.py:830} INFO - Processing file /opt/airflow/dags/gold_processing_dag.py for tasks to queue
[2026-07-29T05:37:35.745+0000] {logging_mixin.py:188} INFO - [2026-07-29T05:37:35.744+0000] {dagbag.py:545} INFO - Filling up the DagBag from /opt/airflow/dags/gold_processing_dag.py
[2026-07-29T05:37:35.801+0000] {processor.py:840} INFO - DAG(s) 'process_gold_layer' retrieved from /opt/airflow/dags/gold_processing_dag.py
[2026-07-29T05:37:35.893+0000] {logging_mixin.py:188} INFO - [2026-07-29T05:37:35.893+0000] {dag.py:3096} INFO - Sync 1 DAGs
[2026-07-29T05:37:35.952+0000] {logging_mixin.py:188} INFO - [2026-07-29T05:37:35.951+0000] {dag.py:3954} INFO - Setting next_dagrun for process_gold_layer to None, run_after=None
[2026-07-29T05:37:36.040+0000] {processor.py:183} INFO - Processing /opt/airflow/dags/gold_processing_dag.py took 0.320 seconds
[2026-07-29T05:38:06.674+0000] {processor.py:161} INFO - Started process (PID=32881) to work on /opt/airflow/dags/gold_processing_dag.py
[2026-07-29T05:38:06.680+0000] {processor.py:830} INFO - Processing file /opt/airflow/dags/gold_processing_dag.py for tasks to queue
[2026-07-29T05:38:06.685+0000] {logging_mixin.py:188} INFO - [2026-07-29T05:38:06.683+0000] {dagbag.py:545} INFO - Filling up the DagBag from /opt/airflow/dags/gold_processing_dag.py
[2026-07-29T05:38:06.733+0000] {processor.py:840} INFO - DAG(s) 'process_gold_layer' retrieved from /opt/airflow/dags/gold_processing_dag.py
[2026-07-29T05:38:06.801+0000] {logging_mixin.py:188} INFO - [2026-07-29T05:38:06.800+0000] {dag.py:3096} INFO - Sync 1 DAGs
[2026-07-29T05:38:06.844+0000] {logging_mixin.py:188} INFO - [2026-07-29T05:38:06.843+0000] {dag.py:3954} INFO - Setting next_dagrun for process_gold_layer to None, run_after=None
[2026-07-29T05:38:06.914+0000] {processor.py:183} INFO - Processing /opt/airflow/dags/gold_processing_dag.py took 0.277 seconds
[2026-07-29T05:38:37.169+0000] {processor.py:161} INFO - Started process (PID=32896) to work on /opt/airflow/dags/gold_processing_dag.py
[2026-07-29T05:38:37.172+0000] {processor.py:830} INFO - Processing file /opt/airflow/dags/gold_processing_dag.py for tasks to queue
[2026-07-29T05:38:37.177+0000] {logging_mixin.py:188} INFO - [2026-07-29T05:38:37.176+0000] {dagbag.py:545} INFO - Filling up the DagBag from /opt/airflow/dags/gold_processing_dag.py
[2026-07-29T05:38:37.224+0000] {processor.py:840} INFO - DAG(s) 'process_gold_layer' retrieved from /opt/airflow/dags/gold_processing_dag.py
[2026-07-29T05:38:37.305+0000] {logging_mixin.py:188} INFO - [2026-07-29T05:38:37.304+0000] {dag.py:3096} INFO - Sync 1 DAGs
[2026-07-29T05:38:37.350+0000] {logging_mixin.py:188} INFO - [2026-07-29T05:38:37.349+0000] {dag.py:3954} INFO - Setting next_dagrun for process_gold_layer to None, run_after=None
[2026-07-29T05:38:37.434+0000] {processor.py:183} INFO - Processing /opt/airflow/dags/gold_processing_dag.py took 0.289 seconds
[2026-07-29T05:39:08.242+0000] {processor.py:161} INFO - Started process (PID=32911) to work on /opt/airflow/dags/gold_processing_dag.py
[2026-07-29T05:39:08.247+0000] {processor.py:830} INFO - Processing file /opt/airflow/dags/gold_processing_dag.py for tasks to queue
[2026-07-29T05:39:08.250+0000] {logging_mixin.py:188} INFO - [2026-07-29T05:39:08.250+0000] {dagbag.py:545} INFO - Filling up the DagBag from /opt/airflow/dags/gold_processing_dag.py
[2026-07-29T05:39:08.305+0000] {processor.py:840} INFO - DAG(s) 'process_gold_layer' retrieved from /opt/airflow/dags/gold_processing_dag.py
[2026-07-29T05:39:08.391+0000] {logging_mixin.py:188} INFO - [2026-07-29T05:39:08.391+0000] {dag.py:3096} INFO - Sync 1 DAGs
[2026-07-29T05:39:08.435+0000] {logging_mixin.py:188} INFO - [2026-07-29T05:39:08.435+0000] {dag.py:3954} INFO - Setting next_dagrun for process_gold_layer to None, run_after=None
[2026-07-29T05:39:08.496+0000] {processor.py:183} INFO - Processing /opt/airflow/dags/gold_processing_dag.py took 0.285 seconds
[2026-07-29T05:39:39.062+0000] {processor.py:161} INFO - Started process (PID=32926) to work on /opt/airflow/dags/gold_processing_dag.py
[2026-07-29T05:39:39.066+0000] {processor.py:830} INFO - Processing file /opt/airflow/dags/gold_processing_dag.py for tasks to queue
[2026-07-29T05:39:39.071+0000] {logging_mixin.py:188} INFO - [2026-07-29T05:39:39.070+0000] {dagbag.py:545} INFO - Filling up the DagBag from /opt/airflow/dags/gold_processing_dag.py
[2026-07-29T05:39:39.126+0000] {processor.py:840} INFO - DAG(s) 'process_gold_layer' retrieved from /opt/airflow/dags/gold_processing_dag.py
[2026-07-29T05:39:39.198+0000] {logging_mixin.py:188} INFO - [2026-07-29T05:39:39.197+0000] {dag.py:3096} INFO - Sync 1 DAGs
[2026-07-29T05:39:39.233+0000] {logging_mixin.py:188} INFO - [2026-07-29T05:39:39.232+0000] {dag.py:3954} INFO - Setting next_dagrun for process_gold_layer to None, run_after=None
[2026-07-29T05:39:39.280+0000] {processor.py:183} INFO - Processing /opt/airflow/dags/gold_processing_dag.py took 0.242 seconds
[2026-07-29T05:40:09.728+0000] {processor.py:161} INFO - Started process (PID=32941) to work on /opt/airflow/dags/gold_processing_dag.py
[2026-07-29T05:40:09.731+0000] {processor.py:830} INFO - Processing file /opt/airflow/dags/gold_processing_dag.py for tasks to queue
[2026-07-29T05:40:09.735+0000] {logging_mixin.py:188} INFO - [2026-07-29T05:40:09.734+0000] {dagbag.py:545} INFO - Filling up the DagBag from /opt/airflow/dags/gold_processing_dag.py
[2026-07-29T05:40:09.784+0000] {processor.py:840} INFO - DAG(s) 'process_gold_layer' retrieved from /opt/airflow/dags/gold_processing_dag.py
[2026-07-29T05:40:09.848+0000] {logging_mixin.py:188} INFO - [2026-07-29T05:40:09.847+0000] {dag.py:3096} INFO - Sync 1 DAGs
[2026-07-29T05:40:09.880+0000] {logging_mixin.py:188} INFO - [2026-07-29T05:40:09.880+0000] {dag.py:3954} INFO - Setting next_dagrun for process_gold_layer to None, run_after=None
[2026-07-29T05:40:09.929+0000] {processor.py:183} INFO - Processing /opt/airflow/dags/gold_processing_dag.py took 0.220 seconds
[2026-07-29T05:40:40.228+0000] {processor.py:161} INFO - Started process (PID=32956) to work on /opt/airflow/dags/gold_processing_dag.py
[2026-07-29T05:40:40.233+0000] {processor.py:830} INFO - Processing file /opt/airflow/dags/gold_processing_dag.py for tasks to queue
[2026-07-29T05:40:40.238+0000] {logging_mixin.py:188} INFO - [2026-07-29T05:40:40.237+0000] {dagbag.py:545} INFO - Filling up the DagBag from /opt/airflow/dags/gold_processing_dag.py
[2026-07-29T05:40:40.291+0000] {processor.py:840} INFO - DAG(s) 'process_gold_layer' retrieved from /opt/airflow/dags/gold_processing_dag.py
[2026-07-29T05:40:40.369+0000] {logging_mixin.py:188} INFO - [2026-07-29T05:40:40.368+0000] {dag.py:3096} INFO - Sync 1 DAGs
[2026-07-29T05:40:40.406+0000] {logging_mixin.py:188} INFO - [2026-07-29T05:40:40.406+0000] {dag.py:3954} INFO - Setting next_dagrun for process_gold_layer to None, run_after=None
[2026-07-29T05:40:40.455+0000] {processor.py:183} INFO - Processing /opt/airflow/dags/gold_processing_dag.py took 0.246 seconds
[2026-07-29T05:41:10.734+0000] {processor.py:161} INFO - Started process (PID=32971) to work on /opt/airflow/dags/gold_processing_dag.py
[2026-07-29T05:41:10.737+0000] {processor.py:830} INFO - Processing file /opt/airflow/dags/gold_processing_dag.py for tasks to queue
[2026-07-29T05:41:10.744+0000] {logging_mixin.py:188} INFO - [2026-07-29T05:41:10.741+0000] {dagbag.py:545} INFO - Filling up the DagBag from /opt/airflow/dags/gold_processing_dag.py
[2026-07-29T05:41:10.806+0000] {processor.py:840} INFO - DAG(s) 'process_gold_layer' retrieved from /opt/airflow/dags/gold_processing_dag.py
[2026-07-29T05:41:10.864+0000] {logging_mixin.py:188} INFO - [2026-07-29T05:41:10.864+0000] {dag.py:3096} INFO - Sync 1 DAGs
[2026-07-29T05:41:10.897+0000] {logging_mixin.py:188} INFO - [2026-07-29T05:41:10.897+0000] {dag.py:3954} INFO - Setting next_dagrun for process_gold_layer to None, run_after=None
[2026-07-29T05:41:10.943+0000] {processor.py:183} INFO - Processing /opt/airflow/dags/gold_processing_dag.py took 0.226 seconds
[2026-07-29T05:41:41.502+0000] {processor.py:161} INFO - Started process (PID=32986) to work on /opt/airflow/dags/gold_processing_dag.py
[2026-07-29T05:41:41.507+0000] {processor.py:830} INFO - Processing file /opt/airflow/dags/gold_processing_dag.py for tasks to queue
[2026-07-29T05:41:41.510+0000] {logging_mixin.py:188} INFO - [2026-07-29T05:41:41.510+0000] {dagbag.py:545} INFO - Filling up the DagBag from /opt/airflow/dags/gold_processing_dag.py
[2026-07-29T05:41:41.556+0000] {processor.py:840} INFO - DAG(s) 'process_gold_layer' retrieved from /opt/airflow/dags/gold_processing_dag.py
[2026-07-29T05:41:41.605+0000] {logging_mixin.py:188} INFO - [2026-07-29T05:41:41.605+0000] {dag.py:3096} INFO - Sync 1 DAGs
[2026-07-29T05:41:41.638+0000] {logging_mixin.py:188} INFO - [2026-07-29T05:41:41.638+0000] {dag.py:3954} INFO - Setting next_dagrun for process_gold_layer to None, run_after=None
[2026-07-29T05:41:41.685+0000] {processor.py:183} INFO - Processing /opt/airflow/dags/gold_processing_dag.py took 0.210 seconds
[2026-07-29T05:42:12.110+0000] {processor.py:161} INFO - Started process (PID=33001) to work on /opt/airflow/dags/gold_processing_dag.py
[2026-07-29T05:42:12.115+0000] {processor.py:830} INFO - Processing file /opt/airflow/dags/gold_processing_dag.py for tasks to queue
[2026-07-29T05:42:12.121+0000] {logging_mixin.py:188} INFO - [2026-07-29T05:42:12.119+0000] {dagbag.py:545} INFO - Filling up the DagBag from /opt/airflow/dags/gold_processing_dag.py
[2026-07-29T05:42:12.186+0000] {processor.py:840} INFO - DAG(s) 'process_gold_layer' retrieved from /opt/airflow/dags/gold_processing_dag.py
[2026-07-29T05:42:12.294+0000] {logging_mixin.py:188} INFO - [2026-07-29T05:42:12.293+0000] {dag.py:3096} INFO - Sync 1 DAGs
[2026-07-29T05:42:12.331+0000] {logging_mixin.py:188} INFO - [2026-07-29T05:42:12.331+0000] {dag.py:3954} INFO - Setting next_dagrun for process_gold_layer to None, run_after=None
[2026-07-29T05:42:12.385+0000] {processor.py:183} INFO - Processing /opt/airflow/dags/gold_processing_dag.py took 0.300 seconds
[2026-07-29T05:42:42.560+0000] {processor.py:161} INFO - Started process (PID=33016) to work on /opt/airflow/dags/gold_processing_dag.py
[2026-07-29T05:42:42.563+0000] {processor.py:830} INFO - Processing file /opt/airflow/dags/gold_processing_dag.py for tasks to queue
[2026-07-29T05:42:42.569+0000] {logging_mixin.py:188} INFO - [2026-07-29T05:42:42.567+0000] {dagbag.py:545} INFO - Filling up the DagBag from /opt/airflow/dags/gold_processing_dag.py
[2026-07-29T05:42:42.620+0000] {processor.py:840} INFO - DAG(s) 'process_gold_layer' retrieved from /opt/airflow/dags/gold_processing_dag.py
[2026-07-29T05:42:42.681+0000] {logging_mixin.py:188} INFO - [2026-07-29T05:42:42.680+0000] {dag.py:3096} INFO - Sync 1 DAGs
[2026-07-29T05:42:42.718+0000] {logging_mixin.py:188} INFO - [2026-07-29T05:42:42.718+0000] {dag.py:3954} INFO - Setting next_dagrun for process_gold_layer to None, run_after=None
[2026-07-29T05:42:42.782+0000] {processor.py:183} INFO - Processing /opt/airflow/dags/gold_processing_dag.py took 0.240 seconds
[2026-07-29T05:43:13.099+0000] {processor.py:161} INFO - Started process (PID=33031) to work on /opt/airflow/dags/gold_processing_dag.py
[2026-07-29T05:43:13.102+0000] {processor.py:830} INFO - Processing file /opt/airflow/dags/gold_processing_dag.py for tasks to queue
[2026-07-29T05:43:13.106+0000] {logging_mixin.py:188} INFO - [2026-07-29T05:43:13.105+0000] {dagbag.py:545} INFO - Filling up the DagBag from /opt/airflow/dags/gold_processing_dag.py
[2026-07-29T05:43:13.157+0000] {processor.py:840} INFO - DAG(s) 'process_gold_layer' retrieved from /opt/airflow/dags/gold_processing_dag.py
[2026-07-29T05:43:13.221+0000] {logging_mixin.py:188} INFO - [2026-07-29T05:43:13.220+0000] {dag.py:3096} INFO - Sync 1 DAGs
[2026-07-29T05:43:13.257+0000] {logging_mixin.py:188} INFO - [2026-07-29T05:43:13.257+0000] {dag.py:3954} INFO - Setting next_dagrun for process_gold_layer to None, run_after=None
[2026-07-29T05:43:13.306+0000] {processor.py:183} INFO - Processing /opt/airflow/dags/gold_processing_dag.py took 0.225 seconds
[2026-07-29T05:43:43.884+0000] {processor.py:161} INFO - Started process (PID=33046) to work on /opt/airflow/dags/gold_processing_dag.py
[2026-07-29T05:43:43.887+0000] {processor.py:830} INFO - Processing file /opt/airflow/dags/gold_processing_dag.py for tasks to queue
[2026-07-29T05:43:43.891+0000] {logging_mixin.py:188} INFO - [2026-07-29T05:43:43.890+0000] {dagbag.py:545} INFO - Filling up the DagBag from /opt/airflow/dags/gold_processing_dag.py
[2026-07-29T05:43:43.959+0000] {processor.py:840} INFO - DAG(s) 'process_gold_layer' retrieved from /opt/airflow/dags/gold_processing_dag.py
[2026-07-29T05:43:44.029+0000] {logging_mixin.py:188} INFO - [2026-07-29T05:43:44.029+0000] {dag.py:3096} INFO - Sync 1 DAGs
[2026-07-29T05:43:44.066+0000] {logging_mixin.py:188} INFO - [2026-07-29T05:43:44.066+0000] {dag.py:3954} INFO - Setting next_dagrun for process_gold_layer to None, run_after=None
[2026-07-29T05:43:44.135+0000] {processor.py:183} INFO - Processing /opt/airflow/dags/gold_processing_dag.py took 0.275 seconds
[2026-07-29T05:44:14.514+0000] {processor.py:161} INFO - Started process (PID=33061) to work on /opt/airflow/dags/gold_processing_dag.py
[2026-07-29T05:44:14.517+0000] {processor.py:830} INFO - Processing file /opt/airflow/dags/gold_processing_dag.py for tasks to queue
[2026-07-29T05:44:14.528+0000] {logging_mixin.py:188} INFO - [2026-07-29T05:44:14.527+0000] {dagbag.py:545} INFO - Filling up the DagBag from /opt/airflow/dags/gold_processing_dag.py
[2026-07-29T05:44:14.571+0000] {processor.py:840} INFO - DAG(s) 'process_gold_layer' retrieved from /opt/airflow/dags/gold_processing_dag.py
[2026-07-29T05:44:14.632+0000] {logging_mixin.py:188} INFO - [2026-07-29T05:44:14.631+0000] {dag.py:3096} INFO - Sync 1 DAGs
[2026-07-29T05:44:14.670+0000] {logging_mixin.py:188} INFO - [2026-07-29T05:44:14.669+0000] {dag.py:3954} INFO - Setting next_dagrun for process_gold_layer to None, run_after=None
[2026-07-29T05:44:14.723+0000] {processor.py:183} INFO - Processing /opt/airflow/dags/gold_processing_dag.py took 0.255 seconds
[2026-07-29T05:44:44.918+0000] {processor.py:161} INFO - Started process (PID=33076) to work on /opt/airflow/dags/gold_processing_dag.py
[2026-07-29T05:44:44.920+0000] {processor.py:830} INFO - Processing file /opt/airflow/dags/gold_processing_dag.py for tasks to queue
[2026-07-29T05:44:44.925+0000] {logging_mixin.py:188} INFO - [2026-07-29T05:44:44.924+0000] {dagbag.py:545} INFO - Filling up the DagBag from /opt/airflow/dags/gold_processing_dag.py
[2026-07-29T05:44:44.974+0000] {processor.py:840} INFO - DAG(s) 'process_gold_layer' retrieved from /opt/airflow/dags/gold_processing_dag.py
[2026-07-29T05:44:45.028+0000] {logging_mixin.py:188} INFO - [2026-07-29T05:44:45.028+0000] {dag.py:3096} INFO - Sync 1 DAGs
[2026-07-29T05:44:45.062+0000] {logging_mixin.py:188} INFO - [2026-07-29T05:44:45.062+0000] {dag.py:3954} INFO - Setting next_dagrun for process_gold_layer to None, run_after=None
[2026-07-29T05:44:45.111+0000] {processor.py:183} INFO - Processing /opt/airflow/dags/gold_processing_dag.py took 0.211 seconds
[2026-07-29T05:45:15.372+0000] {processor.py:161} INFO - Started process (PID=33091) to work on /opt/airflow/dags/gold_processing_dag.py
[2026-07-29T05:45:15.376+0000] {processor.py:830} INFO - Processing file /opt/airflow/dags/gold_processing_dag.py for tasks to queue
[2026-07-29T05:45:15.380+0000] {logging_mixin.py:188} INFO - [2026-07-29T05:45:15.379+0000] {dagbag.py:545} INFO - Filling up the DagBag from /opt/airflow/dags/gold_processing_dag.py
[2026-07-29T05:45:15.443+0000] {processor.py:840} INFO - DAG(s) 'process_gold_layer' retrieved from /opt/airflow/dags/gold_processing_dag.py
[2026-07-29T05:45:15.506+0000] {logging_mixin.py:188} INFO - [2026-07-29T05:45:15.505+0000] {dag.py:3096} INFO - Sync 1 DAGs
[2026-07-29T05:45:15.547+0000] {logging_mixin.py:188} INFO - [2026-07-29T05:45:15.547+0000] {dag.py:3954} INFO - Setting next_dagrun for process_gold_layer to None, run_after=None
[2026-07-29T05:45:15.596+0000] {processor.py:183} INFO - Processing /opt/airflow/dags/gold_processing_dag.py took 0.244 seconds
[2026-07-29T05:45:46.105+0000] {processor.py:161} INFO - Started process (PID=33106) to work on /opt/airflow/dags/gold_processing_dag.py
[2026-07-29T05:45:46.108+0000] {processor.py:830} INFO - Processing file /opt/airflow/dags/gold_processing_dag.py for tasks to queue
[2026-07-29T05:45:46.111+0000] {logging_mixin.py:188} INFO - [2026-07-29T05:45:46.111+0000] {dagbag.py:545} INFO - Filling up the DagBag from /opt/airflow/dags/gold_processing_dag.py
[2026-07-29T05:45:46.158+0000] {processor.py:840} INFO - DAG(s) 'process_gold_layer' retrieved from /opt/airflow/dags/gold_processing_dag.py
[2026-07-29T05:45:46.219+0000] {logging_mixin.py:188} INFO - [2026-07-29T05:45:46.219+0000] {dag.py:3096} INFO - Sync 1 DAGs
[2026-07-29T05:45:46.253+0000] {logging_mixin.py:188} INFO - [2026-07-29T05:45:46.252+0000] {dag.py:3954} INFO - Setting next_dagrun for process_gold_layer to None, run_after=None
[2026-07-29T05:45:46.324+0000] {processor.py:183} INFO - Processing /opt/airflow/dags/gold_processing_dag.py took 0.237 seconds
[2026-07-29T05:46:16.771+0000] {processor.py:161} INFO - Started process (PID=33121) to work on /opt/airflow/dags/gold_processing_dag.py
[2026-07-29T05:46:16.773+0000] {processor.py:830} INFO - Processing file /opt/airflow/dags/gold_processing_dag.py for tasks to queue
[2026-07-29T05:46:16.777+0000] {logging_mixin.py:188} INFO - [2026-07-29T05:46:16.776+0000] {dagbag.py:545} INFO - Filling up the DagBag from /opt/airflow/dags/gold_processing_dag.py
[2026-07-29T05:46:16.831+0000] {processor.py:840} INFO - DAG(s) 'process_gold_layer' retrieved from /opt/airflow/dags/gold_processing_dag.py
[2026-07-29T05:46:16.887+0000] {logging_mixin.py:188} INFO - [2026-07-29T05:46:16.886+0000] {dag.py:3096} INFO - Sync 1 DAGs
[2026-07-29T05:46:16.918+0000] {logging_mixin.py:188} INFO - [2026-07-29T05:46:16.917+0000] {dag.py:3954} INFO - Setting next_dagrun for process_gold_layer to None, run_after=None
[2026-07-29T05:46:16.969+0000] {processor.py:183} INFO - Processing /opt/airflow/dags/gold_processing_dag.py took 0.218 seconds
[2026-07-29T05:46:47.143+0000] {processor.py:161} INFO - Started process (PID=33136) to work on /opt/airflow/dags/gold_processing_dag.py
[2026-07-29T05:46:47.147+0000] {processor.py:830} INFO - Processing file /opt/airflow/dags/gold_processing_dag.py for tasks to queue
[2026-07-29T05:46:47.152+0000] {logging_mixin.py:188} INFO - [2026-07-29T05:46:47.151+0000] {dagbag.py:545} INFO - Filling up the DagBag from /opt/airflow/dags/gold_processing_dag.py
[2026-07-29T05:46:47.199+0000] {processor.py:840} INFO - DAG(s) 'process_gold_layer' retrieved from /opt/airflow/dags/gold_processing_dag.py
[2026-07-29T05:46:47.270+0000] {logging_mixin.py:188} INFO - [2026-07-29T05:46:47.269+0000] {dag.py:3096} INFO - Sync 1 DAGs
[2026-07-29T05:46:47.319+0000] {logging_mixin.py:188} INFO - [2026-07-29T05:46:47.319+0000] {dag.py:3954} INFO - Setting next_dagrun for process_gold_layer to None, run_after=None
[2026-07-29T05:46:47.367+0000] {processor.py:183} INFO - Processing /opt/airflow/dags/gold_processing_dag.py took 0.250 seconds
[2026-07-29T05:47:17.645+0000] {processor.py:161} INFO - Started process (PID=33151) to work on /opt/airflow/dags/gold_processing_dag.py
[2026-07-29T05:47:17.653+0000] {processor.py:830} INFO - Processing file /opt/airflow/dags/gold_processing_dag.py for tasks to queue
[2026-07-29T05:47:17.662+0000] {logging_mixin.py:188} INFO - [2026-07-29T05:47:17.659+0000] {dagbag.py:545} INFO - Filling up the DagBag from /opt/airflow/dags/gold_processing_dag.py
[2026-07-29T05:47:17.733+0000] {processor.py:840} INFO - DAG(s) 'process_gold_layer' retrieved from /opt/airflow/dags/gold_processing_dag.py
[2026-07-29T05:47:17.830+0000] {logging_mixin.py:188} INFO - [2026-07-29T05:47:17.829+0000] {dag.py:3096} INFO - Sync 1 DAGs
[2026-07-29T05:47:17.880+0000] {logging_mixin.py:188} INFO - [2026-07-29T05:47:17.879+0000] {dag.py:3954} INFO - Setting next_dagrun for process_gold_layer to None, run_after=None
[2026-07-29T05:47:17.955+0000] {processor.py:183} INFO - Processing /opt/airflow/dags/gold_processing_dag.py took 0.342 seconds
[2026-07-29T05:47:48.567+0000] {processor.py:161} INFO - Started process (PID=33166) to work on /opt/airflow/dags/gold_processing_dag.py
[2026-07-29T05:47:48.570+0000] {processor.py:830} INFO - Processing file /opt/airflow/dags/gold_processing_dag.py for tasks to queue
[2026-07-29T05:47:48.574+0000] {logging_mixin.py:188} INFO - [2026-07-29T05:47:48.573+0000] {dagbag.py:545} INFO - Filling up the DagBag from /opt/airflow/dags/gold_processing_dag.py
[2026-07-29T05:47:48.656+0000] {processor.py:840} INFO - DAG(s) 'process_gold_layer' retrieved from /opt/airflow/dags/gold_processing_dag.py
[2026-07-29T05:47:48.731+0000] {logging_mixin.py:188} INFO - [2026-07-29T05:47:48.730+0000] {dag.py:3096} INFO - Sync 1 DAGs
[2026-07-29T05:47:48.770+0000] {logging_mixin.py:188} INFO - [2026-07-29T05:47:48.768+0000] {dag.py:3954} INFO - Setting next_dagrun for process_gold_layer to None, run_after=None
[2026-07-29T05:47:48.823+0000] {processor.py:183} INFO - Processing /opt/airflow/dags/gold_processing_dag.py took 0.274 seconds
[2026-07-29T05:48:19.144+0000] {processor.py:161} INFO - Started process (PID=33181) to work on /opt/airflow/dags/gold_processing_dag.py
[2026-07-29T05:48:19.147+0000] {processor.py:830} INFO - Processing file /opt/airflow/dags/gold_processing_dag.py for tasks to queue
[2026-07-29T05:48:19.152+0000] {logging_mixin.py:188} INFO - [2026-07-29T05:48:19.151+0000] {dagbag.py:545} INFO - Filling up the DagBag from /opt/airflow/dags/gold_processing_dag.py
[2026-07-29T05:48:19.212+0000] {processor.py:840} INFO - DAG(s) 'process_gold_layer' retrieved from /opt/airflow/dags/gold_processing_dag.py
[2026-07-29T05:48:19.290+0000] {logging_mixin.py:188} INFO - [2026-07-29T05:48:19.290+0000] {dag.py:3096} INFO - Sync 1 DAGs
[2026-07-29T05:48:19.333+0000] {logging_mixin.py:188} INFO - [2026-07-29T05:48:19.333+0000] {dag.py:3954} INFO - Setting next_dagrun for process_gold_layer to None, run_after=None
[2026-07-29T05:48:19.385+0000] {processor.py:183} INFO - Processing /opt/airflow/dags/gold_processing_dag.py took 0.257 seconds
[2026-07-29T05:48:49.564+0000] {processor.py:161} INFO - Started process (PID=33196) to work on /opt/airflow/dags/gold_processing_dag.py
[2026-07-29T05:48:49.573+0000] {processor.py:830} INFO - Processing file /opt/airflow/dags/gold_processing_dag.py for tasks to queue
[2026-07-29T05:48:49.577+0000] {logging_mixin.py:188} INFO - [2026-07-29T05:48:49.576+0000] {dagbag.py:545} INFO - Filling up the DagBag from /opt/airflow/dags/gold_processing_dag.py
[2026-07-29T05:48:49.631+0000] {processor.py:840} INFO - DAG(s) 'process_gold_layer' retrieved from /opt/airflow/dags/gold_processing_dag.py
[2026-07-29T05:48:49.694+0000] {logging_mixin.py:188} INFO - [2026-07-29T05:48:49.693+0000] {dag.py:3096} INFO - Sync 1 DAGs
[2026-07-29T05:48:49.741+0000] {logging_mixin.py:188} INFO - [2026-07-29T05:48:49.741+0000] {dag.py:3954} INFO - Setting next_dagrun for process_gold_layer to None, run_after=None
[2026-07-29T05:48:49.817+0000] {processor.py:183} INFO - Processing /opt/airflow/dags/gold_processing_dag.py took 0.284 seconds
[2026-07-29T05:49:19.934+0000] {processor.py:161} INFO - Started process (PID=33211) to work on /opt/airflow/dags/gold_processing_dag.py
[2026-07-29T05:49:19.936+0000] {processor.py:830} INFO - Processing file /opt/airflow/dags/gold_processing_dag.py for tasks to queue
[2026-07-29T05:49:19.940+0000] {logging_mixin.py:188} INFO - [2026-07-29T05:49:19.939+0000] {dagbag.py:545} INFO - Filling up the DagBag from /opt/airflow/dags/gold_processing_dag.py
[2026-07-29T05:49:19.979+0000] {processor.py:840} INFO - DAG(s) 'process_gold_layer' retrieved from /opt/airflow/dags/gold_processing_dag.py
[2026-07-29T05:49:20.040+0000] {logging_mixin.py:188} INFO - [2026-07-29T05:49:20.039+0000] {dag.py:3096} INFO - Sync 1 DAGs
[2026-07-29T05:49:20.080+0000] {logging_mixin.py:188} INFO - [2026-07-29T05:49:20.080+0000] {dag.py:3954} INFO - Setting next_dagrun for process_gold_layer to None, run_after=None
[2026-07-29T05:49:20.132+0000] {processor.py:183} INFO - Processing /opt/airflow/dags/gold_processing_dag.py took 0.219 seconds
[2026-07-29T05:49:50.929+0000] {processor.py:161} INFO - Started process (PID=33226) to work on /opt/airflow/dags/gold_processing_dag.py
[2026-07-29T05:49:50.937+0000] {processor.py:830} INFO - Processing file /opt/airflow/dags/gold_processing_dag.py for tasks to queue
[2026-07-29T05:49:50.940+0000] {logging_mixin.py:188} INFO - [2026-07-29T05:49:50.939+0000] {dagbag.py:545} INFO - Filling up the DagBag from /opt/airflow/dags/gold_processing_dag.py
[2026-07-29T05:49:50.995+0000] {processor.py:840} INFO - DAG(s) 'process_gold_layer' retrieved from /opt/airflow/dags/gold_processing_dag.py
[2026-07-29T05:49:51.070+0000] {logging_mixin.py:188} INFO - [2026-07-29T05:49:51.070+0000] {dag.py:3096} INFO - Sync 1 DAGs
[2026-07-29T05:49:51.110+0000] {logging_mixin.py:188} INFO - [2026-07-29T05:49:51.109+0000] {dag.py:3954} INFO - Setting next_dagrun for process_gold_layer to None, run_after=None
[2026-07-29T05:49:51.208+0000] {processor.py:183} INFO - Processing /opt/airflow/dags/gold_processing_dag.py took 0.298 seconds
[2026-07-29T05:50:21.803+0000] {processor.py:161} INFO - Started process (PID=33241) to work on /opt/airflow/dags/gold_processing_dag.py
[2026-07-29T05:50:21.810+0000] {processor.py:830} INFO - Processing file /opt/airflow/dags/gold_processing_dag.py for tasks to queue
[2026-07-29T05:50:21.816+0000] {logging_mixin.py:188} INFO - [2026-07-29T05:50:21.815+0000] {dagbag.py:545} INFO - Filling up the DagBag from /opt/airflow/dags/gold_processing_dag.py
[2026-07-29T05:50:21.869+0000] {processor.py:840} INFO - DAG(s) 'process_gold_layer' retrieved from /opt/airflow/dags/gold_processing_dag.py
[2026-07-29T05:50:21.931+0000] {logging_mixin.py:188} INFO - [2026-07-29T05:50:21.930+0000] {dag.py:3096} INFO - Sync 1 DAGs
[2026-07-29T05:50:21.970+0000] {logging_mixin.py:188} INFO - [2026-07-29T05:50:21.968+0000] {dag.py:3954} INFO - Setting next_dagrun for process_gold_layer to None, run_after=None
[2026-07-29T05:50:22.030+0000] {processor.py:183} INFO - Processing /opt/airflow/dags/gold_processing_dag.py took 0.244 seconds
[2026-07-29T05:50:52.254+0000] {processor.py:161} INFO - Started process (PID=33256) to work on /opt/airflow/dags/gold_processing_dag.py
[2026-07-29T05:50:52.268+0000] {processor.py:830} INFO - Processing file /opt/airflow/dags/gold_processing_dag.py for tasks to queue
[2026-07-29T05:50:52.272+0000] {logging_mixin.py:188} INFO - [2026-07-29T05:50:52.271+0000] {dagbag.py:545} INFO - Filling up the DagBag from /opt/airflow/dags/gold_processing_dag.py
[2026-07-29T05:50:52.343+0000] {processor.py:840} INFO - DAG(s) 'process_gold_layer' retrieved from /opt/airflow/dags/gold_processing_dag.py
[2026-07-29T05:50:52.422+0000] {logging_mixin.py:188} INFO - [2026-07-29T05:50:52.421+0000] {dag.py:3096} INFO - Sync 1 DAGs
[2026-07-29T05:50:52.461+0000] {logging_mixin.py:188} INFO - [2026-07-29T05:50:52.460+0000] {dag.py:3954} INFO - Setting next_dagrun for process_gold_layer to None, run_after=None
[2026-07-29T05:50:52.564+0000] {processor.py:183} INFO - Processing /opt/airflow/dags/gold_processing_dag.py took 0.338 seconds
[2026-07-29T05:51:22.811+0000] {processor.py:161} INFO - Started process (PID=33271) to work on /opt/airflow/dags/gold_processing_dag.py
[2026-07-29T05:51:22.814+0000] {processor.py:830} INFO - Processing file /opt/airflow/dags/gold_processing_dag.py for tasks to queue
[2026-07-29T05:51:22.822+0000] {logging_mixin.py:188} INFO - [2026-07-29T05:51:22.821+0000] {dagbag.py:545} INFO - Filling up the DagBag from /opt/airflow/dags/gold_processing_dag.py
[2026-07-29T05:51:22.870+0000] {processor.py:840} INFO - DAG(s) 'process_gold_layer' retrieved from /opt/airflow/dags/gold_processing_dag.py
[2026-07-29T05:51:22.926+0000] {logging_mixin.py:188} INFO - [2026-07-29T05:51:22.925+0000] {dag.py:3096} INFO - Sync 1 DAGs
[2026-07-29T05:51:22.965+0000] {logging_mixin.py:188} INFO - [2026-07-29T05:51:22.964+0000] {dag.py:3954} INFO - Setting next_dagrun for process_gold_layer to None, run_after=None
[2026-07-29T05:51:23.017+0000] {processor.py:183} INFO - Processing /opt/airflow/dags/gold_processing_dag.py took 0.224 seconds
[2026-07-29T05:51:53.522+0000] {processor.py:161} INFO - Started process (PID=33286) to work on /opt/airflow/dags/gold_processing_dag.py
[2026-07-29T05:51:53.525+0000] {processor.py:830} INFO - Processing file /opt/airflow/dags/gold_processing_dag.py for tasks to queue
[2026-07-29T05:51:53.530+0000] {logging_mixin.py:188} INFO - [2026-07-29T05:51:53.529+0000] {dagbag.py:545} INFO - Filling up the DagBag from /opt/airflow/dags/gold_processing_dag.py
[2026-07-29T05:51:53.582+0000] {processor.py:840} INFO - DAG(s) 'process_gold_layer' retrieved from /opt/airflow/dags/gold_processing_dag.py
[2026-07-29T05:51:53.644+0000] {logging_mixin.py:188} INFO - [2026-07-29T05:51:53.643+0000] {dag.py:3096} INFO - Sync 1 DAGs
[2026-07-29T05:51:53.685+0000] {logging_mixin.py:188} INFO - [2026-07-29T05:51:53.685+0000] {dag.py:3954} INFO - Setting next_dagrun for process_gold_layer to None, run_after=None
[2026-07-29T05:51:53.734+0000] {processor.py:183} INFO - Processing /opt/airflow/dags/gold_processing_dag.py took 0.232 seconds
[2026-07-29T05:52:24.226+0000] {processor.py:161} INFO - Started process (PID=33301) to work on /opt/airflow/dags/gold_processing_dag.py
[2026-07-29T05:52:24.233+0000] {processor.py:830} INFO - Processing file /opt/airflow/dags/gold_processing_dag.py for tasks to queue
[2026-07-29T05:52:24.237+0000] {logging_mixin.py:188} INFO - [2026-07-29T05:52:24.236+0000] {dagbag.py:545} INFO - Filling up the DagBag from /opt/airflow/dags/gold_processing_dag.py
[2026-07-29T05:52:24.289+0000] {processor.py:840} INFO - DAG(s) 'process_gold_layer' retrieved from /opt/airflow/dags/gold_processing_dag.py
[2026-07-29T05:52:24.348+0000] {logging_mixin.py:188} INFO - [2026-07-29T05:52:24.348+0000] {dag.py:3096} INFO - Sync 1 DAGs
[2026-07-29T05:52:24.387+0000] {logging_mixin.py:188} INFO - [2026-07-29T05:52:24.387+0000] {dag.py:3954} INFO - Setting next_dagrun for process_gold_layer to None, run_after=None
[2026-07-29T05:52:24.436+0000] {processor.py:183} INFO - Processing /opt/airflow/dags/gold_processing_dag.py took 0.267 seconds
[2026-07-29T05:52:54.549+0000] {processor.py:161} INFO - Started process (PID=33316) to work on /opt/airflow/dags/gold_processing_dag.py
[2026-07-29T05:52:54.552+0000] {processor.py:830} INFO - Processing file /opt/airflow/dags/gold_processing_dag.py for tasks to queue
[2026-07-29T05:52:54.555+0000] {logging_mixin.py:188} INFO - [2026-07-29T05:52:54.555+0000] {dagbag.py:545} INFO - Filling up the DagBag from /opt/airflow/dags/gold_processing_dag.py
[2026-07-29T05:52:54.596+0000] {processor.py:840} INFO - DAG(s) 'process_gold_layer' retrieved from /opt/airflow/dags/gold_processing_dag.py
[2026-07-29T05:52:54.643+0000] {logging_mixin.py:188} INFO - [2026-07-29T05:52:54.642+0000] {dag.py:3096} INFO - Sync 1 DAGs
[2026-07-29T05:52:54.690+0000] {logging_mixin.py:188} INFO - [2026-07-29T05:52:54.690+0000] {dag.py:3954} INFO - Setting next_dagrun for process_gold_layer to None, run_after=None
[2026-07-29T05:52:54.740+0000] {processor.py:183} INFO - Processing /opt/airflow/dags/gold_processing_dag.py took 0.207 seconds
[2026-07-29T05:53:25.350+0000] {processor.py:161} INFO - Started process (PID=33331) to work on /opt/airflow/dags/gold_processing_dag.py
[2026-07-29T05:53:25.353+0000] {processor.py:830} INFO - Processing file /opt/airflow/dags/gold_processing_dag.py for tasks to queue
[2026-07-29T05:53:25.358+0000] {logging_mixin.py:188} INFO - [2026-07-29T05:53:25.357+0000] {dagbag.py:545} INFO - Filling up the DagBag from /opt/airflow/dags/gold_processing_dag.py
[2026-07-29T05:53:25.448+0000] {processor.py:840} INFO - DAG(s) 'process_gold_layer' retrieved from /opt/airflow/dags/gold_processing_dag.py
[2026-07-29T05:53:25.512+0000] {logging_mixin.py:188} INFO - [2026-07-29T05:53:25.511+0000] {dag.py:3096} INFO - Sync 1 DAGs
[2026-07-29T05:53:25.560+0000] {logging_mixin.py:188} INFO - [2026-07-29T05:53:25.559+0000] {dag.py:3954} INFO - Setting next_dagrun for process_gold_layer to None, run_after=None
[2026-07-29T05:53:25.617+0000] {processor.py:183} INFO - Processing /opt/airflow/dags/gold_processing_dag.py took 0.288 seconds
[2026-07-29T05:53:55.729+0000] {processor.py:161} INFO - Started process (PID=33346) to work on /opt/airflow/dags/gold_processing_dag.py
[2026-07-29T05:53:55.732+0000] {processor.py:830} INFO - Processing file /opt/airflow/dags/gold_processing_dag.py for tasks to queue
[2026-07-29T05:53:55.736+0000] {logging_mixin.py:188} INFO - [2026-07-29T05:53:55.735+0000] {dagbag.py:545} INFO - Filling up the DagBag from /opt/airflow/dags/gold_processing_dag.py
[2026-07-29T05:53:55.780+0000] {processor.py:840} INFO - DAG(s) 'process_gold_layer' retrieved from /opt/airflow/dags/gold_processing_dag.py
[2026-07-29T05:53:55.861+0000] {logging_mixin.py:188} INFO - [2026-07-29T05:53:55.860+0000] {dag.py:3096} INFO - Sync 1 DAGs
[2026-07-29T05:53:55.909+0000] {logging_mixin.py:188} INFO - [2026-07-29T05:53:55.908+0000] {dag.py:3954} INFO - Setting next_dagrun for process_gold_layer to None, run_after=None
[2026-07-29T05:53:55.972+0000] {processor.py:183} INFO - Processing /opt/airflow/dags/gold_processing_dag.py took 0.257 seconds
[2026-07-29T05:54:26.626+0000] {processor.py:161} INFO - Started process (PID=33361) to work on /opt/airflow/dags/gold_processing_dag.py
[2026-07-29T05:54:26.630+0000] {processor.py:830} INFO - Processing file /opt/airflow/dags/gold_processing_dag.py for tasks to queue
[2026-07-29T05:54:26.635+0000] {logging_mixin.py:188} INFO - [2026-07-29T05:54:26.634+0000] {dagbag.py:545} INFO - Filling up the DagBag from /opt/airflow/dags/gold_processing_dag.py
[2026-07-29T05:54:26.707+0000] {processor.py:840} INFO - DAG(s) 'process_gold_layer' retrieved from /opt/airflow/dags/gold_processing_dag.py
[2026-07-29T05:54:26.795+0000] {logging_mixin.py:188} INFO - [2026-07-29T05:54:26.794+0000] {dag.py:3096} INFO - Sync 1 DAGs
[2026-07-29T05:54:26.873+0000] {logging_mixin.py:188} INFO - [2026-07-29T05:54:26.872+0000] {dag.py:3954} INFO - Setting next_dagrun for process_gold_layer to None, run_after=None
[2026-07-29T05:54:27.098+0000] {processor.py:183} INFO - Processing /opt/airflow/dags/gold_processing_dag.py took 0.506 seconds
[2026-07-29T05:54:57.282+0000] {processor.py:161} INFO - Started process (PID=33376) to work on /opt/airflow/dags/gold_processing_dag.py
[2026-07-29T05:54:57.285+0000] {processor.py:830} INFO - Processing file /opt/airflow/dags/gold_processing_dag.py for tasks to queue
[2026-07-29T05:54:57.289+0000] {logging_mixin.py:188} INFO - [2026-07-29T05:54:57.288+0000] {dagbag.py:545} INFO - Filling up the DagBag from /opt/airflow/dags/gold_processing_dag.py
[2026-07-29T05:54:57.334+0000] {processor.py:840} INFO - DAG(s) 'process_gold_layer' retrieved from /opt/airflow/dags/gold_processing_dag.py
[2026-07-29T05:54:57.394+0000] {logging_mixin.py:188} INFO - [2026-07-29T05:54:57.393+0000] {dag.py:3096} INFO - Sync 1 DAGs
[2026-07-29T05:54:57.440+0000] {logging_mixin.py:188} INFO - [2026-07-29T05:54:57.440+0000] {dag.py:3954} INFO - Setting next_dagrun for process_gold_layer to None, run_after=None
[2026-07-29T05:54:57.816+0000] {processor.py:183} INFO - Processing /opt/airflow/dags/gold_processing_dag.py took 0.554 seconds
[2026-07-29T05:55:28.751+0000] {processor.py:161} INFO - Started process (PID=33391) to work on /opt/airflow/dags/gold_processing_dag.py
[2026-07-29T05:55:28.754+0000] {processor.py:830} INFO - Processing file /opt/airflow/dags/gold_processing_dag.py for tasks to queue
[2026-07-29T05:55:28.757+0000] {logging_mixin.py:188} INFO - [2026-07-29T05:55:28.756+0000] {dagbag.py:545} INFO - Filling up the DagBag from /opt/airflow/dags/gold_processing_dag.py
[2026-07-29T05:55:28.812+0000] {processor.py:840} INFO - DAG(s) 'process_gold_layer' retrieved from /opt/airflow/dags/gold_processing_dag.py
[2026-07-29T05:55:28.863+0000] {logging_mixin.py:188} INFO - [2026-07-29T05:55:28.863+0000] {dag.py:3096} INFO - Sync 1 DAGs
[2026-07-29T05:55:28.896+0000] {logging_mixin.py:188} INFO - [2026-07-29T05:55:28.896+0000] {dag.py:3954} INFO - Setting next_dagrun for process_gold_layer to None, run_after=None
[2026-07-29T05:55:28.944+0000] {processor.py:183} INFO - Processing /opt/airflow/dags/gold_processing_dag.py took 0.208 seconds
[2026-07-29T05:56:11.534+0000] {processor.py:161} INFO - Started process (PID=33406) to work on /opt/airflow/dags/gold_processing_dag.py
[2026-07-29T05:56:11.538+0000] {processor.py:830} INFO - Processing file /opt/airflow/dags/gold_processing_dag.py for tasks to queue
[2026-07-29T05:56:11.542+0000] {logging_mixin.py:188} INFO - [2026-07-29T05:56:11.541+0000] {dagbag.py:545} INFO - Filling up the DagBag from /opt/airflow/dags/gold_processing_dag.py
[2026-07-29T05:56:11.633+0000] {processor.py:840} INFO - DAG(s) 'process_gold_layer' retrieved from /opt/airflow/dags/gold_processing_dag.py
[2026-07-29T05:56:11.705+0000] {logging_mixin.py:188} INFO - [2026-07-29T05:56:11.704+0000] {dag.py:3096} INFO - Sync 1 DAGs
[2026-07-29T05:56:11.756+0000] {logging_mixin.py:188} INFO - [2026-07-29T05:56:11.756+0000] {dag.py:3954} INFO - Setting next_dagrun for process_gold_layer to None, run_after=None
[2026-07-29T05:56:11.864+0000] {processor.py:183} INFO - Processing /opt/airflow/dags/gold_processing_dag.py took 0.358 seconds
[2026-07-29T05:56:42.668+0000] {processor.py:161} INFO - Started process (PID=33421) to work on /opt/airflow/dags/gold_processing_dag.py
[2026-07-29T05:56:42.677+0000] {processor.py:830} INFO - Processing file /opt/airflow/dags/gold_processing_dag.py for tasks to queue
[2026-07-29T05:56:42.683+0000] {logging_mixin.py:188} INFO - [2026-07-29T05:56:42.681+0000] {dagbag.py:545} INFO - Filling up the DagBag from /opt/airflow/dags/gold_processing_dag.py
[2026-07-29T05:56:42.760+0000] {processor.py:840} INFO - DAG(s) 'process_gold_layer' retrieved from /opt/airflow/dags/gold_processing_dag.py
[2026-07-29T05:56:42.890+0000] {logging_mixin.py:188} INFO - [2026-07-29T05:56:42.889+0000] {dag.py:3096} INFO - Sync 1 DAGs
[2026-07-29T05:56:42.947+0000] {logging_mixin.py:188} INFO - [2026-07-29T05:56:42.946+0000] {dag.py:3954} INFO - Setting next_dagrun for process_gold_layer to None, run_after=None
[2026-07-29T05:56:43.140+0000] {processor.py:183} INFO - Processing /opt/airflow/dags/gold_processing_dag.py took 0.525 seconds
[2026-07-29T05:57:13.645+0000] {processor.py:161} INFO - Started process (PID=33436) to work on /opt/airflow/dags/gold_processing_dag.py
[2026-07-29T05:57:13.649+0000] {processor.py:830} INFO - Processing file /opt/airflow/dags/gold_processing_dag.py for tasks to queue
[2026-07-29T05:57:13.654+0000] {logging_mixin.py:188} INFO - [2026-07-29T05:57:13.653+0000] {dagbag.py:545} INFO - Filling up the DagBag from /opt/airflow/dags/gold_processing_dag.py
[2026-07-29T05:57:13.711+0000] {processor.py:840} INFO - DAG(s) 'process_gold_layer' retrieved from /opt/airflow/dags/gold_processing_dag.py
[2026-07-29T05:57:13.799+0000] {logging_mixin.py:188} INFO - [2026-07-29T05:57:13.799+0000] {dag.py:3096} INFO - Sync 1 DAGs
[2026-07-29T05:57:13.865+0000] {logging_mixin.py:188} INFO - [2026-07-29T05:57:13.865+0000] {dag.py:3954} INFO - Setting next_dagrun for process_gold_layer to None, run_after=None
[2026-07-29T05:57:13.936+0000] {processor.py:183} INFO - Processing /opt/airflow/dags/gold_processing_dag.py took 0.314 seconds
[2026-07-29T05:57:44.326+0000] {processor.py:161} INFO - Started process (PID=33451) to work on /opt/airflow/dags/gold_processing_dag.py
[2026-07-29T05:57:44.343+0000] {processor.py:830} INFO - Processing file /opt/airflow/dags/gold_processing_dag.py for tasks to queue
[2026-07-29T05:57:44.361+0000] {logging_mixin.py:188} INFO - [2026-07-29T05:57:44.360+0000] {dagbag.py:545} INFO - Filling up the DagBag from /opt/airflow/dags/gold_processing_dag.py
[2026-07-29T05:57:44.425+0000] {processor.py:840} INFO - DAG(s) 'process_gold_layer' retrieved from /opt/airflow/dags/gold_processing_dag.py
[2026-07-29T05:57:44.497+0000] {logging_mixin.py:188} INFO - [2026-07-29T05:57:44.497+0000] {dag.py:3096} INFO - Sync 1 DAGs
[2026-07-29T05:57:44.529+0000] {logging_mixin.py:188} INFO - [2026-07-29T05:57:44.528+0000] {dag.py:3954} INFO - Setting next_dagrun for process_gold_layer to None, run_after=None
[2026-07-29T05:57:44.691+0000] {processor.py:183} INFO - Processing /opt/airflow/dags/gold_processing_dag.py took 0.413 seconds
[2026-07-29T05:58:15.184+0000] {processor.py:161} INFO - Started process (PID=33466) to work on /opt/airflow/dags/gold_processing_dag.py
[2026-07-29T05:58:15.187+0000] {processor.py:830} INFO - Processing file /opt/airflow/dags/gold_processing_dag.py for tasks to queue
[2026-07-29T05:58:15.192+0000] {logging_mixin.py:188} INFO - [2026-07-29T05:58:15.191+0000] {dagbag.py:545} INFO - Filling up the DagBag from /opt/airflow/dags/gold_processing_dag.py
[2026-07-29T05:58:15.240+0000] {processor.py:840} INFO - DAG(s) 'process_gold_layer' retrieved from /opt/airflow/dags/gold_processing_dag.py
[2026-07-29T05:58:15.301+0000] {logging_mixin.py:188} INFO - [2026-07-29T05:58:15.300+0000] {dag.py:3096} INFO - Sync 1 DAGs
[2026-07-29T05:58:15.341+0000] {logging_mixin.py:188} INFO - [2026-07-29T05:58:15.340+0000] {dag.py:3954} INFO - Setting next_dagrun for process_gold_layer to None, run_after=None
[2026-07-29T05:58:15.391+0000] {processor.py:183} INFO - Processing /opt/airflow/dags/gold_processing_dag.py took 0.224 seconds
[2026-07-29T05:58:45.894+0000] {processor.py:161} INFO - Started process (PID=33481) to work on /opt/airflow/dags/gold_processing_dag.py
[2026-07-29T05:58:45.897+0000] {processor.py:830} INFO - Processing file /opt/airflow/dags/gold_processing_dag.py for tasks to queue
[2026-07-29T05:58:45.909+0000] {logging_mixin.py:188} INFO - [2026-07-29T05:58:45.906+0000] {dagbag.py:545} INFO - Filling up the DagBag from /opt/airflow/dags/gold_processing_dag.py
[2026-07-29T05:58:45.974+0000] {processor.py:840} INFO - DAG(s) 'process_gold_layer' retrieved from /opt/airflow/dags/gold_processing_dag.py
[2026-07-29T05:58:46.042+0000] {logging_mixin.py:188} INFO - [2026-07-29T05:58:46.041+0000] {dag.py:3096} INFO - Sync 1 DAGs
[2026-07-29T05:58:46.075+0000] {logging_mixin.py:188} INFO - [2026-07-29T05:58:46.075+0000] {dag.py:3954} INFO - Setting next_dagrun for process_gold_layer to None, run_after=None
[2026-07-29T05:58:46.123+0000] {processor.py:183} INFO - Processing /opt/airflow/dags/gold_processing_dag.py took 0.250 seconds
[2026-07-29T05:59:16.290+0000] {processor.py:161} INFO - Started process (PID=33496) to work on /opt/airflow/dags/gold_processing_dag.py
[2026-07-29T05:59:16.293+0000] {processor.py:830} INFO - Processing file /opt/airflow/dags/gold_processing_dag.py for tasks to queue
[2026-07-29T05:59:16.299+0000] {logging_mixin.py:188} INFO - [2026-07-29T05:59:16.297+0000] {dagbag.py:545} INFO - Filling up the DagBag from /opt/airflow/dags/gold_processing_dag.py
[2026-07-29T05:59:16.362+0000] {processor.py:840} INFO - DAG(s) 'process_gold_layer' retrieved from /opt/airflow/dags/gold_processing_dag.py
[2026-07-29T05:59:16.432+0000] {logging_mixin.py:188} INFO - [2026-07-29T05:59:16.431+0000] {dag.py:3096} INFO - Sync 1 DAGs
[2026-07-29T05:59:16.469+0000] {logging_mixin.py:188} INFO - [2026-07-29T05:59:16.468+0000] {dag.py:3954} INFO - Setting next_dagrun for process_gold_layer to None, run_after=None
[2026-07-29T05:59:16.522+0000] {processor.py:183} INFO - Processing /opt/airflow/dags/gold_processing_dag.py took 0.260 seconds
[2026-07-29T05:59:47.009+0000] {processor.py:161} INFO - Started process (PID=33511) to work on /opt/airflow/dags/gold_processing_dag.py
[2026-07-29T05:59:47.013+0000] {processor.py:830} INFO - Processing file /opt/airflow/dags/gold_processing_dag.py for tasks to queue
[2026-07-29T05:59:47.017+0000] {logging_mixin.py:188} INFO - [2026-07-29T05:59:47.016+0000] {dagbag.py:545} INFO - Filling up the DagBag from /opt/airflow/dags/gold_processing_dag.py
[2026-07-29T05:59:47.098+0000] {processor.py:840} INFO - DAG(s) 'process_gold_layer' retrieved from /opt/airflow/dags/gold_processing_dag.py
[2026-07-29T05:59:47.268+0000] {logging_mixin.py:188} INFO - [2026-07-29T05:59:47.260+0000] {dag.py:3096} INFO - Sync 1 DAGs
[2026-07-29T05:59:47.316+0000] {logging_mixin.py:188} INFO - [2026-07-29T05:59:47.315+0000] {dag.py:3954} INFO - Setting next_dagrun for process_gold_layer to None, run_after=None
[2026-07-29T05:59:47.364+0000] {processor.py:183} INFO - Processing /opt/airflow/dags/gold_processing_dag.py took 0.382 seconds
[2026-07-29T06:00:18.400+0000] {processor.py:161} INFO - Started process (PID=33530) to work on /opt/airflow/dags/gold_processing_dag.py
[2026-07-29T06:00:18.417+0000] {processor.py:830} INFO - Processing file /opt/airflow/dags/gold_processing_dag.py for tasks to queue
[2026-07-29T06:00:18.477+0000] {logging_mixin.py:188} INFO - [2026-07-29T06:00:18.475+0000] {dagbag.py:545} INFO - Filling up the DagBag from /opt/airflow/dags/gold_processing_dag.py
[2026-07-29T06:00:18.806+0000] {processor.py:840} INFO - DAG(s) 'process_gold_layer' retrieved from /opt/airflow/dags/gold_processing_dag.py
[2026-07-29T06:00:19.024+0000] {logging_mixin.py:188} INFO - [2026-07-29T06:00:19.023+0000] {dag.py:3096} INFO - Sync 1 DAGs
[2026-07-29T06:00:19.187+0000] {logging_mixin.py:188} INFO - [2026-07-29T06:00:19.185+0000] {dag.py:3954} INFO - Setting next_dagrun for process_gold_layer to None, run_after=None
[2026-07-29T06:00:19.336+0000] {processor.py:183} INFO - Processing /opt/airflow/dags/gold_processing_dag.py took 1.015 seconds
[2026-07-29T06:00:50.117+0000] {processor.py:161} INFO - Started process (PID=33629) to work on /opt/airflow/dags/gold_processing_dag.py
[2026-07-29T06:00:50.131+0000] {processor.py:830} INFO - Processing file /opt/airflow/dags/gold_processing_dag.py for tasks to queue
[2026-07-29T06:00:50.137+0000] {logging_mixin.py:188} INFO - [2026-07-29T06:00:50.135+0000] {dagbag.py:545} INFO - Filling up the DagBag from /opt/airflow/dags/gold_processing_dag.py
[2026-07-29T06:00:50.234+0000] {processor.py:840} INFO - DAG(s) 'process_gold_layer' retrieved from /opt/airflow/dags/gold_processing_dag.py
[2026-07-29T06:00:50.308+0000] {logging_mixin.py:188} INFO - [2026-07-29T06:00:50.307+0000] {dag.py:3096} INFO - Sync 1 DAGs
[2026-07-29T06:00:50.361+0000] {logging_mixin.py:188} INFO - [2026-07-29T06:00:50.360+0000] {dag.py:3954} INFO - Setting next_dagrun for process_gold_layer to None, run_after=None
[2026-07-29T06:00:50.457+0000] {processor.py:183} INFO - Processing /opt/airflow/dags/gold_processing_dag.py took 0.362 seconds
[2026-07-29T06:01:22.215+0000] {processor.py:161} INFO - Started process (PID=33743) to work on /opt/airflow/dags/gold_processing_dag.py
[2026-07-29T06:01:22.250+0000] {processor.py:830} INFO - Processing file /opt/airflow/dags/gold_processing_dag.py for tasks to queue
[2026-07-29T06:01:22.348+0000] {logging_mixin.py:188} INFO - [2026-07-29T06:01:22.291+0000] {dagbag.py:545} INFO - Filling up the DagBag from /opt/airflow/dags/gold_processing_dag.py
[2026-07-29T06:01:25.566+0000] {processor.py:840} INFO - DAG(s) 'process_gold_layer' retrieved from /opt/airflow/dags/gold_processing_dag.py
[2026-07-29T06:01:26.483+0000] {logging_mixin.py:188} INFO - [2026-07-29T06:01:26.482+0000] {dag.py:3096} INFO - Sync 1 DAGs
[2026-07-29T06:01:26.863+0000] {logging_mixin.py:188} INFO - [2026-07-29T06:01:26.862+0000] {dag.py:3954} INFO - Setting next_dagrun for process_gold_layer to None, run_after=None
[2026-07-29T06:01:28.129+0000] {processor.py:183} INFO - Processing /opt/airflow/dags/gold_processing_dag.py took 5.994 seconds
[2026-07-29T06:01:59.654+0000] {processor.py:161} INFO - Started process (PID=33789) to work on /opt/airflow/dags/gold_processing_dag.py
[2026-07-29T06:01:59.673+0000] {processor.py:830} INFO - Processing file /opt/airflow/dags/gold_processing_dag.py for tasks to queue
[2026-07-29T06:01:59.721+0000] {logging_mixin.py:188} INFO - [2026-07-29T06:01:59.703+0000] {dagbag.py:545} INFO - Filling up the DagBag from /opt/airflow/dags/gold_processing_dag.py
[2026-07-29T06:02:00.440+0000] {processor.py:840} INFO - DAG(s) 'process_gold_layer' retrieved from /opt/airflow/dags/gold_processing_dag.py
[2026-07-29T06:02:02.412+0000] {logging_mixin.py:188} INFO - [2026-07-29T06:02:02.412+0000] {dag.py:3096} INFO - Sync 1 DAGs
[2026-07-29T06:02:03.076+0000] {logging_mixin.py:188} INFO - [2026-07-29T06:02:03.076+0000] {dag.py:3954} INFO - Setting next_dagrun for process_gold_layer to None, run_after=None
[2026-07-29T06:02:03.513+0000] {processor.py:183} INFO - Processing /opt/airflow/dags/gold_processing_dag.py took 3.944 seconds
[2026-07-29T06:02:35.825+0000] {processor.py:161} INFO - Started process (PID=33917) to work on /opt/airflow/dags/gold_processing_dag.py
[2026-07-29T06:02:35.869+0000] {processor.py:830} INFO - Processing file /opt/airflow/dags/gold_processing_dag.py for tasks to queue
[2026-07-29T06:02:36.207+0000] {logging_mixin.py:188} INFO - [2026-07-29T06:02:36.108+0000] {dagbag.py:545} INFO - Filling up the DagBag from /opt/airflow/dags/gold_processing_dag.py
[2026-07-29T06:02:37.307+0000] {processor.py:840} INFO - DAG(s) 'process_gold_layer' retrieved from /opt/airflow/dags/gold_processing_dag.py
[2026-07-29T06:02:37.684+0000] {logging_mixin.py:188} INFO - [2026-07-29T06:02:37.682+0000] {dag.py:3096} INFO - Sync 1 DAGs
[2026-07-29T06:02:38.034+0000] {logging_mixin.py:188} INFO - [2026-07-29T06:02:38.033+0000] {dag.py:3954} INFO - Setting next_dagrun for process_gold_layer to None, run_after=None
[2026-07-29T06:02:38.308+0000] {processor.py:183} INFO - Processing /opt/airflow/dags/gold_processing_dag.py took 2.795 seconds
[2026-07-29T06:03:11.176+0000] {processor.py:161} INFO - Started process (PID=33975) to work on /opt/airflow/dags/gold_processing_dag.py
[2026-07-29T06:03:11.188+0000] {processor.py:830} INFO - Processing file /opt/airflow/dags/gold_processing_dag.py for tasks to queue
[2026-07-29T06:03:11.207+0000] {logging_mixin.py:188} INFO - [2026-07-29T06:03:11.199+0000] {dagbag.py:545} INFO - Filling up the DagBag from /opt/airflow/dags/gold_processing_dag.py
[2026-07-29T06:03:11.842+0000] {processor.py:840} INFO - DAG(s) 'process_gold_layer' retrieved from /opt/airflow/dags/gold_processing_dag.py
[2026-07-29T06:03:12.681+0000] {logging_mixin.py:188} INFO - [2026-07-29T06:03:12.678+0000] {dag.py:3096} INFO - Sync 1 DAGs
[2026-07-29T06:03:13.061+0000] {logging_mixin.py:188} INFO - [2026-07-29T06:03:13.060+0000] {dag.py:3954} INFO - Setting next_dagrun for process_gold_layer to None, run_after=None
[2026-07-29T06:03:13.535+0000] {processor.py:183} INFO - Processing /opt/airflow/dags/gold_processing_dag.py took 2.733 seconds
[2026-07-29T06:03:46.237+0000] {processor.py:161} INFO - Started process (PID=33999) to work on /opt/airflow/dags/gold_processing_dag.py
[2026-07-29T06:03:46.277+0000] {processor.py:830} INFO - Processing file /opt/airflow/dags/gold_processing_dag.py for tasks to queue
[2026-07-29T06:03:46.357+0000] {logging_mixin.py:188} INFO - [2026-07-29T06:03:46.315+0000] {dagbag.py:545} INFO - Filling up the DagBag from /opt/airflow/dags/gold_processing_dag.py
[2026-07-29T06:03:47.086+0000] {processor.py:840} INFO - DAG(s) 'process_gold_layer' retrieved from /opt/airflow/dags/gold_processing_dag.py
[2026-07-29T06:03:47.986+0000] {logging_mixin.py:188} INFO - [2026-07-29T06:03:47.981+0000] {dag.py:3096} INFO - Sync 1 DAGs
[2026-07-29T06:03:49.204+0000] {logging_mixin.py:188} INFO - [2026-07-29T06:03:49.093+0000] {dag.py:3954} INFO - Setting next_dagrun for process_gold_layer to None, run_after=None
[2026-07-29T06:03:50.182+0000] {processor.py:183} INFO - Processing /opt/airflow/dags/gold_processing_dag.py took 4.210 seconds
[2026-07-29T06:04:25.280+0000] {processor.py:161} INFO - Started process (PID=34098) to work on /opt/airflow/dags/gold_processing_dag.py
[2026-07-29T06:04:25.385+0000] {processor.py:830} INFO - Processing file /opt/airflow/dags/gold_processing_dag.py for tasks to queue
[2026-07-29T06:04:25.503+0000] {logging_mixin.py:188} INFO - [2026-07-29T06:04:25.485+0000] {dagbag.py:545} INFO - Filling up the DagBag from /opt/airflow/dags/gold_processing_dag.py
[2026-07-29T06:04:29.305+0000] {processor.py:840} INFO - DAG(s) 'process_gold_layer' retrieved from /opt/airflow/dags/gold_processing_dag.py
[2026-07-29T06:04:31.267+0000] {logging_mixin.py:188} INFO - [2026-07-29T06:04:31.266+0000] {dag.py:3096} INFO - Sync 1 DAGs
[2026-07-29T06:04:33.228+0000] {logging_mixin.py:188} INFO - [2026-07-29T06:04:33.228+0000] {dag.py:3954} INFO - Setting next_dagrun for process_gold_layer to None, run_after=None
[2026-07-29T06:04:34.233+0000] {processor.py:183} INFO - Processing /opt/airflow/dags/gold_processing_dag.py took 9.543 seconds
[2026-07-29T06:05:09.187+0000] {processor.py:161} INFO - Started process (PID=34138) to work on /opt/airflow/dags/gold_processing_dag.py
[2026-07-29T06:05:09.585+0000] {processor.py:830} INFO - Processing file /opt/airflow/dags/gold_processing_dag.py for tasks to queue
[2026-07-29T06:05:09.664+0000] {logging_mixin.py:188} INFO - [2026-07-29T06:05:09.634+0000] {dagbag.py:545} INFO - Filling up the DagBag from /opt/airflow/dags/gold_processing_dag.py
[2026-07-29T06:04:15.150+0000] {processor.py:840} INFO - DAG(s) 'process_gold_layer' retrieved from /opt/airflow/dags/gold_processing_dag.py
[2026-07-29T06:05:15.362+0000] {logging_mixin.py:188} INFO - [2026-07-29T06:05:15.360+0000] {dag.py:3096} INFO - Sync 1 DAGs
[2026-07-29T06:05:16.696+0000] {logging_mixin.py:188} INFO - [2026-07-29T06:05:16.695+0000] {dag.py:3954} INFO - Setting next_dagrun for process_gold_layer to None, run_after=None
[2026-07-29T06:05:17.290+0000] {processor.py:183} INFO - Processing /opt/airflow/dags/gold_processing_dag.py took 6.658 seconds
[2026-07-29T06:05:48.187+0000] {processor.py:161} INFO - Started process (PID=34224) to work on /opt/airflow/dags/gold_processing_dag.py
[2026-07-29T06:05:48.193+0000] {processor.py:830} INFO - Processing file /opt/airflow/dags/gold_processing_dag.py for tasks to queue
[2026-07-29T06:05:48.233+0000] {logging_mixin.py:188} INFO - [2026-07-29T06:05:48.228+0000] {dagbag.py:545} INFO - Filling up the DagBag from /opt/airflow/dags/gold_processing_dag.py
[2026-07-29T06:05:48.867+0000] {processor.py:840} INFO - DAG(s) 'process_gold_layer' retrieved from /opt/airflow/dags/gold_processing_dag.py
[2026-07-29T06:05:49.280+0000] {logging_mixin.py:188} INFO - [2026-07-29T06:05:49.279+0000] {dag.py:3096} INFO - Sync 1 DAGs
[2026-07-29T06:05:49.684+0000] {logging_mixin.py:188} INFO - [2026-07-29T06:05:49.682+0000] {dag.py:3954} INFO - Setting next_dagrun for process_gold_layer to None, run_after=None
[2026-07-29T06:05:50.032+0000] {processor.py:183} INFO - Processing /opt/airflow/dags/gold_processing_dag.py took 1.902 seconds
[2026-07-29T06:06:21.077+0000] {processor.py:161} INFO - Started process (PID=34252) to work on /opt/airflow/dags/gold_processing_dag.py
[2026-07-29T06:06:21.107+0000] {processor.py:830} INFO - Processing file /opt/airflow/dags/gold_processing_dag.py for tasks to queue
[2026-07-29T06:06:21.122+0000] {logging_mixin.py:188} INFO - [2026-07-29T06:06:21.115+0000] {dagbag.py:545} INFO - Filling up the DagBag from /opt/airflow/dags/gold_processing_dag.py
[2026-07-29T06:06:21.197+0000] {processor.py:840} INFO - DAG(s) 'process_gold_layer' retrieved from /opt/airflow/dags/gold_processing_dag.py
[2026-07-29T06:06:21.515+0000] {logging_mixin.py:188} INFO - [2026-07-29T06:06:21.514+0000] {dag.py:3096} INFO - Sync 1 DAGs
[2026-07-29T06:06:21.657+0000] {logging_mixin.py:188} INFO - [2026-07-29T06:06:21.657+0000] {dag.py:3954} INFO - Setting next_dagrun for process_gold_layer to None, run_after=None
[2026-07-29T06:06:21.777+0000] {processor.py:183} INFO - Processing /opt/airflow/dags/gold_processing_dag.py took 0.795 seconds
[2026-07-29T06:06:53.297+0000] {processor.py:161} INFO - Started process (PID=34325) to work on /opt/airflow/dags/gold_processing_dag.py
[2026-07-29T06:06:53.343+0000] {processor.py:830} INFO - Processing file /opt/airflow/dags/gold_processing_dag.py for tasks to queue
[2026-07-29T06:06:53.387+0000] {logging_mixin.py:188} INFO - [2026-07-29T06:06:53.375+0000] {dagbag.py:545} INFO - Filling up the DagBag from /opt/airflow/dags/gold_processing_dag.py
[2026-07-29T06:06:54.478+0000] {processor.py:840} INFO - DAG(s) 'process_gold_layer' retrieved from /opt/airflow/dags/gold_processing_dag.py
[2026-07-29T06:06:59.146+0000] {logging_mixin.py:188} INFO - [2026-07-29T06:06:59.140+0000] {dag.py:3096} INFO - Sync 1 DAGs
[2026-07-29T06:06:59.455+0000] {logging_mixin.py:188} INFO - [2026-07-29T06:06:59.454+0000] {dag.py:3954} INFO - Setting next_dagrun for process_gold_layer to None, run_after=None
[2026-07-29T06:07:00.317+0000] {processor.py:183} INFO - Processing /opt/airflow/dags/gold_processing_dag.py took 7.656 seconds
[2026-07-29T06:07:32.356+0000] {processor.py:161} INFO - Started process (PID=34847) to work on /opt/airflow/dags/gold_processing_dag.py
[2026-07-29T06:07:32.394+0000] {processor.py:830} INFO - Processing file /opt/airflow/dags/gold_processing_dag.py for tasks to queue
[2026-07-29T06:07:32.404+0000] {logging_mixin.py:188} INFO - [2026-07-29T06:07:32.399+0000] {dagbag.py:545} INFO - Filling up the DagBag from /opt/airflow/dags/gold_processing_dag.py
[2026-07-29T06:07:32.654+0000] {processor.py:840} INFO - DAG(s) 'process_gold_layer' retrieved from /opt/airflow/dags/gold_processing_dag.py
[2026-07-29T06:07:32.862+0000] {logging_mixin.py:188} INFO - [2026-07-29T06:07:32.861+0000] {dag.py:3096} INFO - Sync 1 DAGs
[2026-07-29T06:07:33.048+0000] {logging_mixin.py:188} INFO - [2026-07-29T06:07:33.047+0000] {dag.py:3954} INFO - Setting next_dagrun for process_gold_layer to None, run_after=None
[2026-07-29T06:07:33.337+0000] {processor.py:183} INFO - Processing /opt/airflow/dags/gold_processing_dag.py took 1.135 seconds
[2026-07-29T06:08:04.793+0000] {processor.py:161} INFO - Started process (PID=35003) to work on /opt/airflow/dags/gold_processing_dag.py
[2026-07-29T06:08:04.808+0000] {processor.py:830} INFO - Processing file /opt/airflow/dags/gold_processing_dag.py for tasks to queue
[2026-07-29T06:08:04.826+0000] {logging_mixin.py:188} INFO - [2026-07-29T06:08:04.818+0000] {dagbag.py:545} INFO - Filling up the DagBag from /opt/airflow/dags/gold_processing_dag.py
[2026-07-29T06:08:05.109+0000] {processor.py:840} INFO - DAG(s) 'process_gold_layer' retrieved from /opt/airflow/dags/gold_processing_dag.py
[2026-07-29T06:08:05.401+0000] {logging_mixin.py:188} INFO - [2026-07-29T06:08:05.400+0000] {dag.py:3096} INFO - Sync 1 DAGs
[2026-07-29T06:08:05.684+0000] {logging_mixin.py:188} INFO - [2026-07-29T06:08:05.684+0000] {dag.py:3954} INFO - Setting next_dagrun for process_gold_layer to None, run_after=None
[2026-07-29T06:08:06.251+0000] {processor.py:183} INFO - Processing /opt/airflow/dags/gold_processing_dag.py took 1.726 seconds
[2026-07-29T06:08:37.134+0000] {processor.py:161} INFO - Started process (PID=35071) to work on /opt/airflow/dags/gold_processing_dag.py
[2026-07-29T06:08:37.144+0000] {processor.py:830} INFO - Processing file /opt/airflow/dags/gold_processing_dag.py for tasks to queue
[2026-07-29T06:08:37.150+0000] {logging_mixin.py:188} INFO - [2026-07-29T06:08:37.147+0000] {dagbag.py:545} INFO - Filling up the DagBag from /opt/airflow/dags/gold_processing_dag.py
[2026-07-29T06:08:37.590+0000] {processor.py:840} INFO - DAG(s) 'process_gold_layer' retrieved from /opt/airflow/dags/gold_processing_dag.py
[2026-07-29T06:08:37.933+0000] {logging_mixin.py:188} INFO - [2026-07-29T06:08:37.932+0000] {dag.py:3096} INFO - Sync 1 DAGs
[2026-07-29T06:08:38.165+0000] {logging_mixin.py:188} INFO - [2026-07-29T06:08:38.165+0000] {dag.py:3954} INFO - Setting next_dagrun for process_gold_layer to None, run_after=None
[2026-07-29T06:08:38.378+0000] {processor.py:183} INFO - Processing /opt/airflow/dags/gold_processing_dag.py took 1.319 seconds
[2026-07-29T06:09:09.501+0000] {processor.py:161} INFO - Started process (PID=35140) to work on /opt/airflow/dags/gold_processing_dag.py
[2026-07-29T06:09:09.508+0000] {processor.py:830} INFO - Processing file /opt/airflow/dags/gold_processing_dag.py for tasks to queue
[2026-07-29T06:09:09.519+0000] {logging_mixin.py:188} INFO - [2026-07-29T06:09:09.516+0000] {dagbag.py:545} INFO - Filling up the DagBag from /opt/airflow/dags/gold_processing_dag.py
[2026-07-29T06:09:09.666+0000] {processor.py:840} INFO - DAG(s) 'process_gold_layer' retrieved from /opt/airflow/dags/gold_processing_dag.py
[2026-07-29T06:09:09.746+0000] {logging_mixin.py:188} INFO - [2026-07-29T06:09:09.745+0000] {dag.py:3096} INFO - Sync 1 DAGs
[2026-07-29T06:09:09.794+0000] {logging_mixin.py:188} INFO - [2026-07-29T06:09:09.793+0000] {dag.py:3954} INFO - Setting next_dagrun for process_gold_layer to None, run_after=None
[2026-07-29T06:09:09.994+0000] {processor.py:183} INFO - Processing /opt/airflow/dags/gold_processing_dag.py took 0.569 seconds
[2026-07-29T06:09:40.300+0000] {processor.py:161} INFO - Started process (PID=35216) to work on /opt/airflow/dags/gold_processing_dag.py
[2026-07-29T06:09:40.308+0000] {processor.py:830} INFO - Processing file /opt/airflow/dags/gold_processing_dag.py for tasks to queue
[2026-07-29T06:09:40.319+0000] {logging_mixin.py:188} INFO - [2026-07-29T06:09:40.318+0000] {dagbag.py:545} INFO - Filling up the DagBag from /opt/airflow/dags/gold_processing_dag.py
[2026-07-29T06:09:40.372+0000] {processor.py:840} INFO - DAG(s) 'process_gold_layer' retrieved from /opt/airflow/dags/gold_processing_dag.py
[2026-07-29T06:09:40.425+0000] {logging_mixin.py:188} INFO - [2026-07-29T06:09:40.424+0000] {dag.py:3096} INFO - Sync 1 DAGs
[2026-07-29T06:09:40.463+0000] {logging_mixin.py:188} INFO - [2026-07-29T06:09:40.463+0000] {dag.py:3954} INFO - Setting next_dagrun for process_gold_layer to None, run_after=None
[2026-07-29T06:09:40.587+0000] {processor.py:183} INFO - Processing /opt/airflow/dags/gold_processing_dag.py took 0.303 seconds
[2026-07-29T06:10:11.236+0000] {processor.py:161} INFO - Started process (PID=35281) to work on /opt/airflow/dags/gold_processing_dag.py
[2026-07-29T06:10:11.250+0000] {processor.py:830} INFO - Processing file /opt/airflow/dags/gold_processing_dag.py for tasks to queue
[2026-07-29T06:10:11.256+0000] {logging_mixin.py:188} INFO - [2026-07-29T06:10:11.255+0000] {dagbag.py:545} INFO - Filling up the DagBag from /opt/airflow/dags/gold_processing_dag.py
[2026-07-29T06:10:11.599+0000] {processor.py:840} INFO - DAG(s) 'process_gold_layer' retrieved from /opt/airflow/dags/gold_processing_dag.py
[2026-07-29T06:10:11.886+0000] {logging_mixin.py:188} INFO - [2026-07-29T06:10:11.885+0000] {dag.py:3096} INFO - Sync 1 DAGs
[2026-07-29T06:10:12.097+0000] {logging_mixin.py:188} INFO - [2026-07-29T06:10:12.096+0000] {dag.py:3954} INFO - Setting next_dagrun for process_gold_layer to None, run_after=None
[2026-07-29T06:10:12.326+0000] {processor.py:183} INFO - Processing /opt/airflow/dags/gold_processing_dag.py took 1.132 seconds
[2026-07-29T06:10:42.768+0000] {processor.py:161} INFO - Started process (PID=35296) to work on /opt/airflow/dags/gold_processing_dag.py
[2026-07-29T06:10:42.770+0000] {processor.py:830} INFO - Processing file /opt/airflow/dags/gold_processing_dag.py for tasks to queue
[2026-07-29T06:10:42.773+0000] {logging_mixin.py:188} INFO - [2026-07-29T06:10:42.773+0000] {dagbag.py:545} INFO - Filling up the DagBag from /opt/airflow/dags/gold_processing_dag.py
[2026-07-29T06:10:42.812+0000] {processor.py:840} INFO - DAG(s) 'process_gold_layer' retrieved from /opt/airflow/dags/gold_processing_dag.py
[2026-07-29T06:10:42.857+0000] {logging_mixin.py:188} INFO - [2026-07-29T06:10:42.856+0000] {dag.py:3096} INFO - Sync 1 DAGs
[2026-07-29T06:10:42.883+0000] {logging_mixin.py:188} INFO - [2026-07-29T06:10:42.883+0000] {dag.py:3954} INFO - Setting next_dagrun for process_gold_layer to None, run_after=None
[2026-07-29T06:10:42.922+0000] {processor.py:183} INFO - Processing /opt/airflow/dags/gold_processing_dag.py took 0.165 seconds
[2026-07-29T06:11:13.451+0000] {processor.py:161} INFO - Started process (PID=35311) to work on /opt/airflow/dags/gold_processing_dag.py
[2026-07-29T06:11:13.454+0000] {processor.py:830} INFO - Processing file /opt/airflow/dags/gold_processing_dag.py for tasks to queue
[2026-07-29T06:11:13.462+0000] {logging_mixin.py:188} INFO - [2026-07-29T06:11:13.460+0000] {dagbag.py:545} INFO - Filling up the DagBag from /opt/airflow/dags/gold_processing_dag.py
[2026-07-29T06:11:13.510+0000] {processor.py:840} INFO - DAG(s) 'process_gold_layer' retrieved from /opt/airflow/dags/gold_processing_dag.py
[2026-07-29T06:11:13.674+0000] {logging_mixin.py:188} INFO - [2026-07-29T06:11:13.673+0000] {dag.py:3096} INFO - Sync 1 DAGs
[2026-07-29T06:11:13.771+0000] {logging_mixin.py:188} INFO - [2026-07-29T06:11:13.770+0000] {dag.py:3954} INFO - Setting next_dagrun for process_gold_layer to None, run_after=None
[2026-07-29T06:11:13.839+0000] {processor.py:183} INFO - Processing /opt/airflow/dags/gold_processing_dag.py took 0.404 seconds
[2026-07-29T06:11:44.499+0000] {processor.py:161} INFO - Started process (PID=35326) to work on /opt/airflow/dags/gold_processing_dag.py
[2026-07-29T06:11:44.502+0000] {processor.py:830} INFO - Processing file /opt/airflow/dags/gold_processing_dag.py for tasks to queue
[2026-07-29T06:11:44.505+0000] {logging_mixin.py:188} INFO - [2026-07-29T06:11:44.504+0000] {dagbag.py:545} INFO - Filling up the DagBag from /opt/airflow/dags/gold_processing_dag.py
[2026-07-29T06:11:44.548+0000] {processor.py:840} INFO - DAG(s) 'process_gold_layer' retrieved from /opt/airflow/dags/gold_processing_dag.py
[2026-07-29T06:11:44.608+0000] {logging_mixin.py:188} INFO - [2026-07-29T06:11:44.608+0000] {dag.py:3096} INFO - Sync 1 DAGs
[2026-07-29T06:11:44.647+0000] {logging_mixin.py:188} INFO - [2026-07-29T06:11:44.646+0000] {dag.py:3954} INFO - Setting next_dagrun for process_gold_layer to None, run_after=None
[2026-07-29T06:11:44.690+0000] {processor.py:183} INFO - Processing /opt/airflow/dags/gold_processing_dag.py took 0.208 seconds
[2026-07-29T06:12:15.104+0000] {processor.py:161} INFO - Started process (PID=35341) to work on /opt/airflow/dags/gold_processing_dag.py
[2026-07-29T06:12:15.108+0000] {processor.py:830} INFO - Processing file /opt/airflow/dags/gold_processing_dag.py for tasks to queue
[2026-07-29T06:12:15.113+0000] {logging_mixin.py:188} INFO - [2026-07-29T06:12:15.112+0000] {dagbag.py:545} INFO - Filling up the DagBag from /opt/airflow/dags/gold_processing_dag.py
[2026-07-29T06:12:15.172+0000] {processor.py:840} INFO - DAG(s) 'process_gold_layer' retrieved from /opt/airflow/dags/gold_processing_dag.py
[2026-07-29T06:12:15.235+0000] {logging_mixin.py:188} INFO - [2026-07-29T06:12:15.235+0000] {dag.py:3096} INFO - Sync 1 DAGs
[2026-07-29T06:12:15.266+0000] {logging_mixin.py:188} INFO - [2026-07-29T06:12:15.266+0000] {dag.py:3954} INFO - Setting next_dagrun for process_gold_layer to None, run_after=None
[2026-07-29T06:12:15.308+0000] {processor.py:183} INFO - Processing /opt/airflow/dags/gold_processing_dag.py took 0.222 seconds
[2026-07-29T06:12:45.809+0000] {processor.py:161} INFO - Started process (PID=35356) to work on /opt/airflow/dags/gold_processing_dag.py
[2026-07-29T06:12:45.813+0000] {processor.py:830} INFO - Processing file /opt/airflow/dags/gold_processing_dag.py for tasks to queue
[2026-07-29T06:12:45.817+0000] {logging_mixin.py:188} INFO - [2026-07-29T06:12:45.816+0000] {dagbag.py:545} INFO - Filling up the DagBag from /opt/airflow/dags/gold_processing_dag.py
[2026-07-29T06:12:45.876+0000] {processor.py:840} INFO - DAG(s) 'process_gold_layer' retrieved from /opt/airflow/dags/gold_processing_dag.py
[2026-07-29T06:12:45.955+0000] {logging_mixin.py:188} INFO - [2026-07-29T06:12:45.955+0000] {dag.py:3096} INFO - Sync 1 DAGs
[2026-07-29T06:12:45.996+0000] {logging_mixin.py:188} INFO - [2026-07-29T06:12:45.995+0000] {dag.py:3954} INFO - Setting next_dagrun for process_gold_layer to None, run_after=None
[2026-07-29T06:12:46.043+0000] {processor.py:183} INFO - Processing /opt/airflow/dags/gold_processing_dag.py took 0.258 seconds
[2026-07-29T06:13:16.386+0000] {processor.py:161} INFO - Started process (PID=35371) to work on /opt/airflow/dags/gold_processing_dag.py
[2026-07-29T06:13:16.389+0000] {processor.py:830} INFO - Processing file /opt/airflow/dags/gold_processing_dag.py for tasks to queue
[2026-07-29T06:13:16.393+0000] {logging_mixin.py:188} INFO - [2026-07-29T06:13:16.392+0000] {dagbag.py:545} INFO - Filling up the DagBag from /opt/airflow/dags/gold_processing_dag.py
[2026-07-29T06:13:16.439+0000] {processor.py:840} INFO - DAG(s) 'process_gold_layer' retrieved from /opt/airflow/dags/gold_processing_dag.py
[2026-07-29T06:13:16.491+0000] {logging_mixin.py:188} INFO - [2026-07-29T06:13:16.490+0000] {dag.py:3096} INFO - Sync 1 DAGs
[2026-07-29T06:13:16.527+0000] {logging_mixin.py:188} INFO - [2026-07-29T06:13:16.526+0000] {dag.py:3954} INFO - Setting next_dagrun for process_gold_layer to None, run_after=None
[2026-07-29T06:13:16.586+0000] {processor.py:183} INFO - Processing /opt/airflow/dags/gold_processing_dag.py took 0.220 seconds
[2026-07-29T06:13:46.928+0000] {processor.py:161} INFO - Started process (PID=35386) to work on /opt/airflow/dags/gold_processing_dag.py
[2026-07-29T06:13:46.932+0000] {processor.py:830} INFO - Processing file /opt/airflow/dags/gold_processing_dag.py for tasks to queue
[2026-07-29T06:13:46.939+0000] {logging_mixin.py:188} INFO - [2026-07-29T06:13:46.937+0000] {dagbag.py:545} INFO - Filling up the DagBag from /opt/airflow/dags/gold_processing_dag.py
[2026-07-29T06:13:47.039+0000] {processor.py:840} INFO - DAG(s) 'process_gold_layer' retrieved from /opt/airflow/dags/gold_processing_dag.py
[2026-07-29T06:13:47.184+0000] {logging_mixin.py:188} INFO - [2026-07-29T06:13:47.184+0000] {dag.py:3096} INFO - Sync 1 DAGs
[2026-07-29T06:13:47.317+0000] {logging_mixin.py:188} INFO - [2026-07-29T06:13:47.317+0000] {dag.py:3954} INFO - Setting next_dagrun for process_gold_layer to None, run_after=None
[2026-07-29T06:13:47.435+0000] {processor.py:183} INFO - Processing /opt/airflow/dags/gold_processing_dag.py took 0.530 seconds
[2026-07-29T06:14:18.181+0000] {processor.py:161} INFO - Started process (PID=35401) to work on /opt/airflow/dags/gold_processing_dag.py
[2026-07-29T06:14:18.199+0000] {processor.py:830} INFO - Processing file /opt/airflow/dags/gold_processing_dag.py for tasks to queue
[2026-07-29T06:14:18.206+0000] {logging_mixin.py:188} INFO - [2026-07-29T06:14:18.205+0000] {dagbag.py:545} INFO - Filling up the DagBag from /opt/airflow/dags/gold_processing_dag.py
[2026-07-29T06:14:18.424+0000] {processor.py:840} INFO - DAG(s) 'process_gold_layer' retrieved from /opt/airflow/dags/gold_processing_dag.py
[2026-07-29T06:14:18.607+0000] {logging_mixin.py:188} INFO - [2026-07-29T06:14:18.607+0000] {dag.py:3096} INFO - Sync 1 DAGs
[2026-07-29T06:14:18.869+0000] {logging_mixin.py:188} INFO - [2026-07-29T06:14:18.868+0000] {dag.py:3954} INFO - Setting next_dagrun for process_gold_layer to None, run_after=None
[2026-07-29T06:14:19.295+0000] {processor.py:183} INFO - Processing /opt/airflow/dags/gold_processing_dag.py took 1.148 seconds
[2026-07-29T06:14:49.989+0000] {processor.py:161} INFO - Started process (PID=35416) to work on /opt/airflow/dags/gold_processing_dag.py
[2026-07-29T06:14:50.044+0000] {processor.py:830} INFO - Processing file /opt/airflow/dags/gold_processing_dag.py for tasks to queue
[2026-07-29T06:14:50.049+0000] {logging_mixin.py:188} INFO - [2026-07-29T06:14:50.048+0000] {dagbag.py:545} INFO - Filling up the DagBag from /opt/airflow/dags/gold_processing_dag.py
[2026-07-29T06:14:50.331+0000] {processor.py:840} INFO - DAG(s) 'process_gold_layer' retrieved from /opt/airflow/dags/gold_processing_dag.py
[2026-07-29T06:14:50.444+0000] {logging_mixin.py:188} INFO - [2026-07-29T06:14:50.444+0000] {dag.py:3096} INFO - Sync 1 DAGs
[2026-07-29T06:14:50.546+0000] {logging_mixin.py:188} INFO - [2026-07-29T06:14:50.546+0000] {dag.py:3954} INFO - Setting next_dagrun for process_gold_layer to None, run_after=None
[2026-07-29T06:14:50.958+0000] {processor.py:183} INFO - Processing /opt/airflow/dags/gold_processing_dag.py took 1.022 seconds
[2026-07-29T06:15:21.213+0000] {processor.py:161} INFO - Started process (PID=35431) to work on /opt/airflow/dags/gold_processing_dag.py
[2026-07-29T06:15:21.216+0000] {processor.py:830} INFO - Processing file /opt/airflow/dags/gold_processing_dag.py for tasks to queue
[2026-07-29T06:15:21.220+0000] {logging_mixin.py:188} INFO - [2026-07-29T06:15:21.219+0000] {dagbag.py:545} INFO - Filling up the DagBag from /opt/airflow/dags/gold_processing_dag.py
[2026-07-29T06:15:21.303+0000] {processor.py:840} INFO - DAG(s) 'process_gold_layer' retrieved from /opt/airflow/dags/gold_processing_dag.py
[2026-07-29T06:15:21.407+0000] {logging_mixin.py:188} INFO - [2026-07-29T06:15:21.406+0000] {dag.py:3096} INFO - Sync 1 DAGs
[2026-07-29T06:15:21.470+0000] {logging_mixin.py:188} INFO - [2026-07-29T06:15:21.468+0000] {dag.py:3954} INFO - Setting next_dagrun for process_gold_layer to None, run_after=None
[2026-07-29T06:15:21.605+0000] {processor.py:183} INFO - Processing /opt/airflow/dags/gold_processing_dag.py took 0.417 seconds
[2026-07-29T06:15:52.062+0000] {processor.py:161} INFO - Started process (PID=35446) to work on /opt/airflow/dags/gold_processing_dag.py
[2026-07-29T06:15:52.066+0000] {processor.py:830} INFO - Processing file /opt/airflow/dags/gold_processing_dag.py for tasks to queue
[2026-07-29T06:15:52.070+0000] {logging_mixin.py:188} INFO - [2026-07-29T06:15:52.069+0000] {dagbag.py:545} INFO - Filling up the DagBag from /opt/airflow/dags/gold_processing_dag.py
[2026-07-29T06:15:52.128+0000] {processor.py:840} INFO - DAG(s) 'process_gold_layer' retrieved from /opt/airflow/dags/gold_processing_dag.py
[2026-07-29T06:15:52.205+0000] {logging_mixin.py:188} INFO - [2026-07-29T06:15:52.204+0000] {dag.py:3096} INFO - Sync 1 DAGs
[2026-07-29T06:15:52.272+0000] {logging_mixin.py:188} INFO - [2026-07-29T06:15:52.271+0000] {dag.py:3954} INFO - Setting next_dagrun for process_gold_layer to None, run_after=None
[2026-07-29T06:15:52.329+0000] {processor.py:183} INFO - Processing /opt/airflow/dags/gold_processing_dag.py took 0.289 seconds
[2026-07-29T06:16:22.889+0000] {processor.py:161} INFO - Started process (PID=35461) to work on /opt/airflow/dags/gold_processing_dag.py
[2026-07-29T06:16:22.892+0000] {processor.py:830} INFO - Processing file /opt/airflow/dags/gold_processing_dag.py for tasks to queue
[2026-07-29T06:16:22.896+0000] {logging_mixin.py:188} INFO - [2026-07-29T06:16:22.895+0000] {dagbag.py:545} INFO - Filling up the DagBag from /opt/airflow/dags/gold_processing_dag.py
[2026-07-29T06:16:22.963+0000] {processor.py:840} INFO - DAG(s) 'process_gold_layer' retrieved from /opt/airflow/dags/gold_processing_dag.py
[2026-07-29T06:16:23.025+0000] {logging_mixin.py:188} INFO - [2026-07-29T06:16:23.025+0000] {dag.py:3096} INFO - Sync 1 DAGs
[2026-07-29T06:16:23.070+0000] {logging_mixin.py:188} INFO - [2026-07-29T06:16:23.070+0000] {dag.py:3954} INFO - Setting next_dagrun for process_gold_layer to None, run_after=None
[2026-07-29T06:16:23.140+0000] {processor.py:183} INFO - Processing /opt/airflow/dags/gold_processing_dag.py took 0.271 seconds
[2026-07-29T06:16:53.511+0000] {processor.py:161} INFO - Started process (PID=35476) to work on /opt/airflow/dags/gold_processing_dag.py
[2026-07-29T06:16:53.514+0000] {processor.py:830} INFO - Processing file /opt/airflow/dags/gold_processing_dag.py for tasks to queue
[2026-07-29T06:16:53.521+0000] {logging_mixin.py:188} INFO - [2026-07-29T06:16:53.520+0000] {dagbag.py:545} INFO - Filling up the DagBag from /opt/airflow/dags/gold_processing_dag.py
[2026-07-29T06:16:53.571+0000] {processor.py:840} INFO - DAG(s) 'process_gold_layer' retrieved from /opt/airflow/dags/gold_processing_dag.py
[2026-07-29T06:16:53.766+0000] {logging_mixin.py:188} INFO - [2026-07-29T06:16:53.765+0000] {dag.py:3096} INFO - Sync 1 DAGs
[2026-07-29T06:16:53.964+0000] {logging_mixin.py:188} INFO - [2026-07-29T06:16:53.963+0000] {dag.py:3954} INFO - Setting next_dagrun for process_gold_layer to None, run_after=None
[2026-07-29T06:16:54.079+0000] {processor.py:183} INFO - Processing /opt/airflow/dags/gold_processing_dag.py took 0.585 seconds
[2026-07-29T06:17:24.543+0000] {processor.py:161} INFO - Started process (PID=35491) to work on /opt/airflow/dags/gold_processing_dag.py
[2026-07-29T06:17:24.547+0000] {processor.py:830} INFO - Processing file /opt/airflow/dags/gold_processing_dag.py for tasks to queue
[2026-07-29T06:17:24.552+0000] {logging_mixin.py:188} INFO - [2026-07-29T06:17:24.551+0000] {dagbag.py:545} INFO - Filling up the DagBag from /opt/airflow/dags/gold_processing_dag.py
[2026-07-29T06:17:24.603+0000] {processor.py:840} INFO - DAG(s) 'process_gold_layer' retrieved from /opt/airflow/dags/gold_processing_dag.py
[2026-07-29T06:17:24.701+0000] {logging_mixin.py:188} INFO - [2026-07-29T06:17:24.700+0000] {dag.py:3096} INFO - Sync 1 DAGs
[2026-07-29T06:17:24.732+0000] {logging_mixin.py:188} INFO - [2026-07-29T06:17:24.731+0000] {dag.py:3954} INFO - Setting next_dagrun for process_gold_layer to None, run_after=None
[2026-07-29T06:17:24.860+0000] {processor.py:183} INFO - Processing /opt/airflow/dags/gold_processing_dag.py took 0.336 seconds
[2026-07-29T06:17:55.051+0000] {processor.py:161} INFO - Started process (PID=35506) to work on /opt/airflow/dags/gold_processing_dag.py
[2026-07-29T06:17:55.054+0000] {processor.py:830} INFO - Processing file /opt/airflow/dags/gold_processing_dag.py for tasks to queue
[2026-07-29T06:17:55.057+0000] {logging_mixin.py:188} INFO - [2026-07-29T06:17:55.056+0000] {dagbag.py:545} INFO - Filling up the DagBag from /opt/airflow/dags/gold_processing_dag.py
[2026-07-29T06:17:55.102+0000] {processor.py:840} INFO - DAG(s) 'process_gold_layer' retrieved from /opt/airflow/dags/gold_processing_dag.py
[2026-07-29T06:17:55.163+0000] {logging_mixin.py:188} INFO - [2026-07-29T06:17:55.163+0000] {dag.py:3096} INFO - Sync 1 DAGs
[2026-07-29T06:17:55.202+0000] {logging_mixin.py:188} INFO - [2026-07-29T06:17:55.201+0000] {dag.py:3954} INFO - Setting next_dagrun for process_gold_layer to None, run_after=None
[2026-07-29T06:17:55.265+0000] {processor.py:183} INFO - Processing /opt/airflow/dags/gold_processing_dag.py took 0.235 seconds
[2026-07-29T06:18:25.511+0000] {processor.py:161} INFO - Started process (PID=35521) to work on /opt/airflow/dags/gold_processing_dag.py
[2026-07-29T06:18:25.515+0000] {processor.py:830} INFO - Processing file /opt/airflow/dags/gold_processing_dag.py for tasks to queue
[2026-07-29T06:18:25.521+0000] {logging_mixin.py:188} INFO - [2026-07-29T06:18:25.520+0000] {dagbag.py:545} INFO - Filling up the DagBag from /opt/airflow/dags/gold_processing_dag.py
[2026-07-29T06:18:25.596+0000] {processor.py:840} INFO - DAG(s) 'process_gold_layer' retrieved from /opt/airflow/dags/gold_processing_dag.py
[2026-07-29T06:18:25.652+0000] {logging_mixin.py:188} INFO - [2026-07-29T06:18:25.651+0000] {dag.py:3096} INFO - Sync 1 DAGs
[2026-07-29T06:18:25.687+0000] {logging_mixin.py:188} INFO - [2026-07-29T06:18:25.686+0000] {dag.py:3954} INFO - Setting next_dagrun for process_gold_layer to None, run_after=None
[2026-07-29T06:18:25.732+0000] {processor.py:183} INFO - Processing /opt/airflow/dags/gold_processing_dag.py took 0.251 seconds
[2026-07-29T06:18:56.270+0000] {processor.py:161} INFO - Started process (PID=35536) to work on /opt/airflow/dags/gold_processing_dag.py
[2026-07-29T06:18:56.272+0000] {processor.py:830} INFO - Processing file /opt/airflow/dags/gold_processing_dag.py for tasks to queue
[2026-07-29T06:18:56.277+0000] {logging_mixin.py:188} INFO - [2026-07-29T06:18:56.275+0000] {dagbag.py:545} INFO - Filling up the DagBag from /opt/airflow/dags/gold_processing_dag.py
[2026-07-29T06:18:56.329+0000] {processor.py:840} INFO - DAG(s) 'process_gold_layer' retrieved from /opt/airflow/dags/gold_processing_dag.py
[2026-07-29T06:18:56.386+0000] {logging_mixin.py:188} INFO - [2026-07-29T06:18:56.385+0000] {dag.py:3096} INFO - Sync 1 DAGs
[2026-07-29T06:18:56.426+0000] {logging_mixin.py:188} INFO - [2026-07-29T06:18:56.426+0000] {dag.py:3954} INFO - Setting next_dagrun for process_gold_layer to None, run_after=None
[2026-07-29T06:18:56.478+0000] {processor.py:183} INFO - Processing /opt/airflow/dags/gold_processing_dag.py took 0.227 seconds
[2026-07-29T06:19:26.801+0000] {processor.py:161} INFO - Started process (PID=35551) to work on /opt/airflow/dags/gold_processing_dag.py
[2026-07-29T06:19:26.804+0000] {processor.py:830} INFO - Processing file /opt/airflow/dags/gold_processing_dag.py for tasks to queue
[2026-07-29T06:19:26.808+0000] {logging_mixin.py:188} INFO - [2026-07-29T06:19:26.807+0000] {dagbag.py:545} INFO - Filling up the DagBag from /opt/airflow/dags/gold_processing_dag.py
[2026-07-29T06:19:26.855+0000] {processor.py:840} INFO - DAG(s) 'process_gold_layer' retrieved from /opt/airflow/dags/gold_processing_dag.py
[2026-07-29T06:19:26.917+0000] {logging_mixin.py:188} INFO - [2026-07-29T06:19:26.917+0000] {dag.py:3096} INFO - Sync 1 DAGs
[2026-07-29T06:19:26.965+0000] {logging_mixin.py:188} INFO - [2026-07-29T06:19:26.965+0000] {dag.py:3954} INFO - Setting next_dagrun for process_gold_layer to None, run_after=None
[2026-07-29T06:19:27.016+0000] {processor.py:183} INFO - Processing /opt/airflow/dags/gold_processing_dag.py took 0.238 seconds
[2026-07-29T06:19:57.442+0000] {processor.py:161} INFO - Started process (PID=35566) to work on /opt/airflow/dags/gold_processing_dag.py
[2026-07-29T06:19:57.446+0000] {processor.py:830} INFO - Processing file /opt/airflow/dags/gold_processing_dag.py for tasks to queue
[2026-07-29T06:19:57.451+0000] {logging_mixin.py:188} INFO - [2026-07-29T06:19:57.450+0000] {dagbag.py:545} INFO - Filling up the DagBag from /opt/airflow/dags/gold_processing_dag.py
[2026-07-29T06:19:57.501+0000] {processor.py:840} INFO - DAG(s) 'process_gold_layer' retrieved from /opt/airflow/dags/gold_processing_dag.py
[2026-07-29T06:19:57.573+0000] {logging_mixin.py:188} INFO - [2026-07-29T06:19:57.572+0000] {dag.py:3096} INFO - Sync 1 DAGs
[2026-07-29T06:19:57.611+0000] {logging_mixin.py:188} INFO - [2026-07-29T06:19:57.611+0000] {dag.py:3954} INFO - Setting next_dagrun for process_gold_layer to None, run_after=None
[2026-07-29T06:19:57.663+0000] {processor.py:183} INFO - Processing /opt/airflow/dags/gold_processing_dag.py took 0.243 seconds
[2026-07-29T06:20:27.875+0000] {processor.py:161} INFO - Started process (PID=35581) to work on /opt/airflow/dags/gold_processing_dag.py
[2026-07-29T06:20:27.878+0000] {processor.py:830} INFO - Processing file /opt/airflow/dags/gold_processing_dag.py for tasks to queue
[2026-07-29T06:20:27.881+0000] {logging_mixin.py:188} INFO - [2026-07-29T06:20:27.880+0000] {dagbag.py:545} INFO - Filling up the DagBag from /opt/airflow/dags/gold_processing_dag.py
[2026-07-29T06:20:27.925+0000] {processor.py:840} INFO - DAG(s) 'process_gold_layer' retrieved from /opt/airflow/dags/gold_processing_dag.py
[2026-07-29T06:20:27.981+0000] {logging_mixin.py:188} INFO - [2026-07-29T06:20:27.981+0000] {dag.py:3096} INFO - Sync 1 DAGs
[2026-07-29T06:20:28.024+0000] {logging_mixin.py:188} INFO - [2026-07-29T06:20:28.024+0000] {dag.py:3954} INFO - Setting next_dagrun for process_gold_layer to None, run_after=None
[2026-07-29T06:20:28.231+0000] {processor.py:183} INFO - Processing /opt/airflow/dags/gold_processing_dag.py took 0.374 seconds
[2026-07-29T06:20:58.786+0000] {processor.py:161} INFO - Started process (PID=35596) to work on /opt/airflow/dags/gold_processing_dag.py
[2026-07-29T06:20:58.788+0000] {processor.py:830} INFO - Processing file /opt/airflow/dags/gold_processing_dag.py for tasks to queue
[2026-07-29T06:20:58.793+0000] {logging_mixin.py:188} INFO - [2026-07-29T06:20:58.792+0000] {dagbag.py:545} INFO - Filling up the DagBag from /opt/airflow/dags/gold_processing_dag.py
[2026-07-29T06:20:58.839+0000] {processor.py:840} INFO - DAG(s) 'process_gold_layer' retrieved from /opt/airflow/dags/gold_processing_dag.py
[2026-07-29T06:20:58.896+0000] {logging_mixin.py:188} INFO - [2026-07-29T06:20:58.895+0000] {dag.py:3096} INFO - Sync 1 DAGs
[2026-07-29T06:20:58.925+0000] {logging_mixin.py:188} INFO - [2026-07-29T06:20:58.925+0000] {dag.py:3954} INFO - Setting next_dagrun for process_gold_layer to None, run_after=None
[2026-07-29T06:20:58.975+0000] {processor.py:183} INFO - Processing /opt/airflow/dags/gold_processing_dag.py took 0.209 seconds
[2026-07-29T06:21:29.208+0000] {processor.py:161} INFO - Started process (PID=35611) to work on /opt/airflow/dags/gold_processing_dag.py
[2026-07-29T06:21:29.211+0000] {processor.py:830} INFO - Processing file /opt/airflow/dags/gold_processing_dag.py for tasks to queue
[2026-07-29T06:21:29.215+0000] {logging_mixin.py:188} INFO - [2026-07-29T06:21:29.214+0000] {dagbag.py:545} INFO - Filling up the DagBag from /opt/airflow/dags/gold_processing_dag.py
[2026-07-29T06:21:29.256+0000] {processor.py:840} INFO - DAG(s) 'process_gold_layer' retrieved from /opt/airflow/dags/gold_processing_dag.py
[2026-07-29T06:21:29.310+0000] {logging_mixin.py:188} INFO - [2026-07-29T06:21:29.310+0000] {dag.py:3096} INFO - Sync 1 DAGs
[2026-07-29T06:21:29.349+0000] {logging_mixin.py:188} INFO - [2026-07-29T06:21:29.349+0000] {dag.py:3954} INFO - Setting next_dagrun for process_gold_layer to None, run_after=None
[2026-07-29T06:21:29.422+0000] {processor.py:183} INFO - Processing /opt/airflow/dags/gold_processing_dag.py took 0.230 seconds
[2026-07-29T06:21:59.626+0000] {processor.py:161} INFO - Started process (PID=35626) to work on /opt/airflow/dags/gold_processing_dag.py
[2026-07-29T06:21:59.632+0000] {processor.py:830} INFO - Processing file /opt/airflow/dags/gold_processing_dag.py for tasks to queue
[2026-07-29T06:21:59.639+0000] {logging_mixin.py:188} INFO - [2026-07-29T06:21:59.636+0000] {dagbag.py:545} INFO - Filling up the DagBag from /opt/airflow/dags/gold_processing_dag.py
[2026-07-29T06:21:59.692+0000] {processor.py:840} INFO - DAG(s) 'process_gold_layer' retrieved from /opt/airflow/dags/gold_processing_dag.py
[2026-07-29T06:21:59.750+0000] {logging_mixin.py:188} INFO - [2026-07-29T06:21:59.750+0000] {dag.py:3096} INFO - Sync 1 DAGs
[2026-07-29T06:21:59.797+0000] {logging_mixin.py:188} INFO - [2026-07-29T06:21:59.797+0000] {dag.py:3954} INFO - Setting next_dagrun for process_gold_layer to None, run_after=None
[2026-07-29T06:21:59.875+0000] {processor.py:183} INFO - Processing /opt/airflow/dags/gold_processing_dag.py took 0.269 seconds
[2026-07-29T06:22:30.078+0000] {processor.py:161} INFO - Started process (PID=35641) to work on /opt/airflow/dags/gold_processing_dag.py
[2026-07-29T06:22:30.080+0000] {processor.py:830} INFO - Processing file /opt/airflow/dags/gold_processing_dag.py for tasks to queue
[2026-07-29T06:22:30.083+0000] {logging_mixin.py:188} INFO - [2026-07-29T06:22:30.083+0000] {dagbag.py:545} INFO - Filling up the DagBag from /opt/airflow/dags/gold_processing_dag.py
[2026-07-29T06:22:30.118+0000] {processor.py:840} INFO - DAG(s) 'process_gold_layer' retrieved from /opt/airflow/dags/gold_processing_dag.py
[2026-07-29T06:22:30.156+0000] {logging_mixin.py:188} INFO - [2026-07-29T06:22:30.156+0000] {dag.py:3096} INFO - Sync 1 DAGs
[2026-07-29T06:22:30.181+0000] {logging_mixin.py:188} INFO - [2026-07-29T06:22:30.180+0000] {dag.py:3954} INFO - Setting next_dagrun for process_gold_layer to None, run_after=None
[2026-07-29T06:22:30.213+0000] {processor.py:183} INFO - Processing /opt/airflow/dags/gold_processing_dag.py took 0.151 seconds
[2026-07-29T06:23:00.338+0000] {processor.py:161} INFO - Started process (PID=35656) to work on /opt/airflow/dags/gold_processing_dag.py
[2026-07-29T06:23:00.340+0000] {processor.py:830} INFO - Processing file /opt/airflow/dags/gold_processing_dag.py for tasks to queue
[2026-07-29T06:23:00.345+0000] {logging_mixin.py:188} INFO - [2026-07-29T06:23:00.344+0000] {dagbag.py:545} INFO - Filling up the DagBag from /opt/airflow/dags/gold_processing_dag.py
[2026-07-29T06:23:00.384+0000] {processor.py:840} INFO - DAG(s) 'process_gold_layer' retrieved from /opt/airflow/dags/gold_processing_dag.py
[2026-07-29T06:23:00.437+0000] {logging_mixin.py:188} INFO - [2026-07-29T06:23:00.436+0000] {dag.py:3096} INFO - Sync 1 DAGs
[2026-07-29T06:23:00.473+0000] {logging_mixin.py:188} INFO - [2026-07-29T06:23:00.472+0000] {dag.py:3954} INFO - Setting next_dagrun for process_gold_layer to None, run_after=None
[2026-07-29T06:23:00.544+0000] {processor.py:183} INFO - Processing /opt/airflow/dags/gold_processing_dag.py took 0.249 seconds
[2026-07-29T06:23:30.861+0000] {processor.py:161} INFO - Started process (PID=35671) to work on /opt/airflow/dags/gold_processing_dag.py
[2026-07-29T06:23:30.864+0000] {processor.py:830} INFO - Processing file /opt/airflow/dags/gold_processing_dag.py for tasks to queue
[2026-07-29T06:23:30.868+0000] {logging_mixin.py:188} INFO - [2026-07-29T06:23:30.866+0000] {dagbag.py:545} INFO - Filling up the DagBag from /opt/airflow/dags/gold_processing_dag.py
[2026-07-29T06:23:30.911+0000] {processor.py:840} INFO - DAG(s) 'process_gold_layer' retrieved from /opt/airflow/dags/gold_processing_dag.py
[2026-07-29T06:23:30.971+0000] {logging_mixin.py:188} INFO - [2026-07-29T06:23:30.970+0000] {dag.py:3096} INFO - Sync 1 DAGs
[2026-07-29T06:23:31.001+0000] {logging_mixin.py:188} INFO - [2026-07-29T06:23:31.001+0000] {dag.py:3954} INFO - Setting next_dagrun for process_gold_layer to None, run_after=None
[2026-07-29T06:23:31.062+0000] {processor.py:183} INFO - Processing /opt/airflow/dags/gold_processing_dag.py took 0.221 seconds
[2026-07-29T06:24:01.426+0000] {processor.py:161} INFO - Started process (PID=35686) to work on /opt/airflow/dags/gold_processing_dag.py
[2026-07-29T06:24:01.428+0000] {processor.py:830} INFO - Processing file /opt/airflow/dags/gold_processing_dag.py for tasks to queue
[2026-07-29T06:24:01.432+0000] {logging_mixin.py:188} INFO - [2026-07-29T06:24:01.431+0000] {dagbag.py:545} INFO - Filling up the DagBag from /opt/airflow/dags/gold_processing_dag.py
[2026-07-29T06:24:01.474+0000] {processor.py:840} INFO - DAG(s) 'process_gold_layer' retrieved from /opt/airflow/dags/gold_processing_dag.py
[2026-07-29T06:24:01.521+0000] {logging_mixin.py:188} INFO - [2026-07-29T06:24:01.520+0000] {dag.py:3096} INFO - Sync 1 DAGs
[2026-07-29T06:24:01.544+0000] {logging_mixin.py:188} INFO - [2026-07-29T06:24:01.544+0000] {dag.py:3954} INFO - Setting next_dagrun for process_gold_layer to None, run_after=None
[2026-07-29T06:24:01.584+0000] {processor.py:183} INFO - Processing /opt/airflow/dags/gold_processing_dag.py took 0.172 seconds
[2026-07-29T06:24:31.690+0000] {processor.py:161} INFO - Started process (PID=35701) to work on /opt/airflow/dags/gold_processing_dag.py
[2026-07-29T06:24:31.693+0000] {processor.py:830} INFO - Processing file /opt/airflow/dags/gold_processing_dag.py for tasks to queue
[2026-07-29T06:24:31.699+0000] {logging_mixin.py:188} INFO - [2026-07-29T06:24:31.698+0000] {dagbag.py:545} INFO - Filling up the DagBag from /opt/airflow/dags/gold_processing_dag.py
[2026-07-29T06:24:31.742+0000] {processor.py:840} INFO - DAG(s) 'process_gold_layer' retrieved from /opt/airflow/dags/gold_processing_dag.py
[2026-07-29T06:24:31.796+0000] {logging_mixin.py:188} INFO - [2026-07-29T06:24:31.795+0000] {dag.py:3096} INFO - Sync 1 DAGs
[2026-07-29T06:24:31.826+0000] {logging_mixin.py:188} INFO - [2026-07-29T06:24:31.826+0000] {dag.py:3954} INFO - Setting next_dagrun for process_gold_layer to None, run_after=None
[2026-07-29T06:24:31.958+0000] {processor.py:183} INFO - Processing /opt/airflow/dags/gold_processing_dag.py took 0.288 seconds
[2026-07-29T06:25:02.466+0000] {processor.py:161} INFO - Started process (PID=35716) to work on /opt/airflow/dags/gold_processing_dag.py
[2026-07-29T06:25:02.489+0000] {processor.py:830} INFO - Processing file /opt/airflow/dags/gold_processing_dag.py for tasks to queue
[2026-07-29T06:25:02.524+0000] {logging_mixin.py:188} INFO - [2026-07-29T06:25:02.516+0000] {dagbag.py:545} INFO - Filling up the DagBag from /opt/airflow/dags/gold_processing_dag.py
[2026-07-29T06:25:02.654+0000] {processor.py:840} INFO - DAG(s) 'process_gold_layer' retrieved from /opt/airflow/dags/gold_processing_dag.py
[2026-07-29T06:25:03.021+0000] {logging_mixin.py:188} INFO - [2026-07-29T06:25:03.020+0000] {dag.py:3096} INFO - Sync 1 DAGs
[2026-07-29T06:25:03.141+0000] {logging_mixin.py:188} INFO - [2026-07-29T06:25:03.140+0000] {dag.py:3954} INFO - Setting next_dagrun for process_gold_layer to None, run_after=None
[2026-07-29T06:25:03.253+0000] {processor.py:183} INFO - Processing /opt/airflow/dags/gold_processing_dag.py took 0.947 seconds
[2026-07-29T06:25:34.243+0000] {processor.py:161} INFO - Started process (PID=35731) to work on /opt/airflow/dags/gold_processing_dag.py
[2026-07-29T06:25:34.249+0000] {processor.py:830} INFO - Processing file /opt/airflow/dags/gold_processing_dag.py for tasks to queue
[2026-07-29T06:25:34.256+0000] {logging_mixin.py:188} INFO - [2026-07-29T06:25:34.255+0000] {dagbag.py:545} INFO - Filling up the DagBag from /opt/airflow/dags/gold_processing_dag.py
[2026-07-29T06:25:34.328+0000] {processor.py:840} INFO - DAG(s) 'process_gold_layer' retrieved from /opt/airflow/dags/gold_processing_dag.py
[2026-07-29T06:25:34.375+0000] {logging_mixin.py:188} INFO - [2026-07-29T06:25:34.375+0000] {dag.py:3096} INFO - Sync 1 DAGs
[2026-07-29T06:25:34.408+0000] {logging_mixin.py:188} INFO - [2026-07-29T06:25:34.407+0000] {dag.py:3954} INFO - Setting next_dagrun for process_gold_layer to None, run_after=None
[2026-07-29T06:25:34.467+0000] {processor.py:183} INFO - Processing /opt/airflow/dags/gold_processing_dag.py took 0.255 seconds
[2026-07-29T06:26:05.263+0000] {processor.py:161} INFO - Started process (PID=35746) to work on /opt/airflow/dags/gold_processing_dag.py
[2026-07-29T06:26:05.289+0000] {processor.py:830} INFO - Processing file /opt/airflow/dags/gold_processing_dag.py for tasks to queue
[2026-07-29T06:26:05.304+0000] {logging_mixin.py:188} INFO - [2026-07-29T06:26:05.303+0000] {dagbag.py:545} INFO - Filling up the DagBag from /opt/airflow/dags/gold_processing_dag.py
[2026-07-29T06:26:05.440+0000] {processor.py:840} INFO - DAG(s) 'process_gold_layer' retrieved from /opt/airflow/dags/gold_processing_dag.py
[2026-07-29T06:26:05.560+0000] {logging_mixin.py:188} INFO - [2026-07-29T06:26:05.559+0000] {dag.py:3096} INFO - Sync 1 DAGs
[2026-07-29T06:26:05.640+0000] {logging_mixin.py:188} INFO - [2026-07-29T06:26:05.640+0000] {dag.py:3954} INFO - Setting next_dagrun for process_gold_layer to None, run_after=None
[2026-07-29T06:26:05.768+0000] {processor.py:183} INFO - Processing /opt/airflow/dags/gold_processing_dag.py took 0.552 seconds
[2026-07-29T06:26:36.163+0000] {processor.py:161} INFO - Started process (PID=35761) to work on /opt/airflow/dags/gold_processing_dag.py
[2026-07-29T06:26:36.166+0000] {processor.py:830} INFO - Processing file /opt/airflow/dags/gold_processing_dag.py for tasks to queue
[2026-07-29T06:26:36.172+0000] {logging_mixin.py:188} INFO - [2026-07-29T06:26:36.169+0000] {dagbag.py:545} INFO - Filling up the DagBag from /opt/airflow/dags/gold_processing_dag.py
[2026-07-29T06:26:36.220+0000] {processor.py:840} INFO - DAG(s) 'process_gold_layer' retrieved from /opt/airflow/dags/gold_processing_dag.py
[2026-07-29T06:26:36.272+0000] {logging_mixin.py:188} INFO - [2026-07-29T06:26:36.271+0000] {dag.py:3096} INFO - Sync 1 DAGs
[2026-07-29T06:26:36.305+0000] {logging_mixin.py:188} INFO - [2026-07-29T06:26:36.304+0000] {dag.py:3954} INFO - Setting next_dagrun for process_gold_layer to None, run_after=None
[2026-07-29T06:26:36.546+0000] {processor.py:183} INFO - Processing /opt/airflow/dags/gold_processing_dag.py took 0.400 seconds
[2026-07-29T06:27:07.019+0000] {processor.py:161} INFO - Started process (PID=35776) to work on /opt/airflow/dags/gold_processing_dag.py
[2026-07-29T06:27:07.022+0000] {processor.py:830} INFO - Processing file /opt/airflow/dags/gold_processing_dag.py for tasks to queue
[2026-07-29T06:27:07.026+0000] {logging_mixin.py:188} INFO - [2026-07-29T06:27:07.025+0000] {dagbag.py:545} INFO - Filling up the DagBag from /opt/airflow/dags/gold_processing_dag.py
[2026-07-29T06:27:07.070+0000] {processor.py:840} INFO - DAG(s) 'process_gold_layer' retrieved from /opt/airflow/dags/gold_processing_dag.py
[2026-07-29T06:27:07.150+0000] {logging_mixin.py:188} INFO - [2026-07-29T06:27:07.149+0000] {dag.py:3096} INFO - Sync 1 DAGs
[2026-07-29T06:27:07.201+0000] {logging_mixin.py:188} INFO - [2026-07-29T06:27:07.201+0000] {dag.py:3954} INFO - Setting next_dagrun for process_gold_layer to None, run_after=None
[2026-07-29T06:27:07.275+0000] {processor.py:183} INFO - Processing /opt/airflow/dags/gold_processing_dag.py took 0.274 seconds
[2026-07-29T06:27:37.615+0000] {processor.py:161} INFO - Started process (PID=35791) to work on /opt/airflow/dags/gold_processing_dag.py
[2026-07-29T06:27:37.619+0000] {processor.py:830} INFO - Processing file /opt/airflow/dags/gold_processing_dag.py for tasks to queue
[2026-07-29T06:27:37.623+0000] {logging_mixin.py:188} INFO - [2026-07-29T06:27:37.622+0000] {dagbag.py:545} INFO - Filling up the DagBag from /opt/airflow/dags/gold_processing_dag.py
[2026-07-29T06:27:37.707+0000] {processor.py:840} INFO - DAG(s) 'process_gold_layer' retrieved from /opt/airflow/dags/gold_processing_dag.py
[2026-07-29T06:27:37.769+0000] {logging_mixin.py:188} INFO - [2026-07-29T06:27:37.769+0000] {dag.py:3096} INFO - Sync 1 DAGs
[2026-07-29T06:27:37.796+0000] {logging_mixin.py:188} INFO - [2026-07-29T06:27:37.796+0000] {dag.py:3954} INFO - Setting next_dagrun for process_gold_layer to None, run_after=None
[2026-07-29T06:27:37.950+0000] {processor.py:183} INFO - Processing /opt/airflow/dags/gold_processing_dag.py took 0.351 seconds
[2026-07-29T06:28:08.281+0000] {processor.py:161} INFO - Started process (PID=35806) to work on /opt/airflow/dags/gold_processing_dag.py
[2026-07-29T06:28:08.284+0000] {processor.py:830} INFO - Processing file /opt/airflow/dags/gold_processing_dag.py for tasks to queue
[2026-07-29T06:28:08.287+0000] {logging_mixin.py:188} INFO - [2026-07-29T06:28:08.287+0000] {dagbag.py:545} INFO - Filling up the DagBag from /opt/airflow/dags/gold_processing_dag.py
[2026-07-29T06:28:08.336+0000] {processor.py:840} INFO - DAG(s) 'process_gold_layer' retrieved from /opt/airflow/dags/gold_processing_dag.py
[2026-07-29T06:28:08.387+0000] {logging_mixin.py:188} INFO - [2026-07-29T06:28:08.387+0000] {dag.py:3096} INFO - Sync 1 DAGs
[2026-07-29T06:28:08.421+0000] {logging_mixin.py:188} INFO - [2026-07-29T06:28:08.421+0000] {dag.py:3954} INFO - Setting next_dagrun for process_gold_layer to None, run_after=None
[2026-07-29T06:28:08.473+0000] {processor.py:183} INFO - Processing /opt/airflow/dags/gold_processing_dag.py took 0.214 seconds
[2026-07-29T06:28:39.013+0000] {processor.py:161} INFO - Started process (PID=35821) to work on /opt/airflow/dags/gold_processing_dag.py
[2026-07-29T06:28:39.015+0000] {processor.py:830} INFO - Processing file /opt/airflow/dags/gold_processing_dag.py for tasks to queue
[2026-07-29T06:28:39.018+0000] {logging_mixin.py:188} INFO - [2026-07-29T06:28:39.018+0000] {dagbag.py:545} INFO - Filling up the DagBag from /opt/airflow/dags/gold_processing_dag.py
[2026-07-29T06:28:39.056+0000] {processor.py:840} INFO - DAG(s) 'process_gold_layer' retrieved from /opt/airflow/dags/gold_processing_dag.py
[2026-07-29T06:28:39.103+0000] {logging_mixin.py:188} INFO - [2026-07-29T06:28:39.102+0000] {dag.py:3096} INFO - Sync 1 DAGs
[2026-07-29T06:28:39.130+0000] {logging_mixin.py:188} INFO - [2026-07-29T06:28:39.130+0000] {dag.py:3954} INFO - Setting next_dagrun for process_gold_layer to None, run_after=None
[2026-07-29T06:28:39.170+0000] {processor.py:183} INFO - Processing /opt/airflow/dags/gold_processing_dag.py took 0.171 seconds
[2026-07-29T06:29:09.542+0000] {processor.py:161} INFO - Started process (PID=35836) to work on /opt/airflow/dags/gold_processing_dag.py
[2026-07-29T06:29:09.562+0000] {processor.py:830} INFO - Processing file /opt/airflow/dags/gold_processing_dag.py for tasks to queue
[2026-07-29T06:29:09.578+0000] {logging_mixin.py:188} INFO - [2026-07-29T06:29:09.576+0000] {dagbag.py:545} INFO - Filling up the DagBag from /opt/airflow/dags/gold_processing_dag.py
[2026-07-29T06:29:09.702+0000] {processor.py:840} INFO - DAG(s) 'process_gold_layer' retrieved from /opt/airflow/dags/gold_processing_dag.py
[2026-07-29T06:29:09.838+0000] {logging_mixin.py:188} INFO - [2026-07-29T06:29:09.837+0000] {dag.py:3096} INFO - Sync 1 DAGs
[2026-07-29T06:29:09.961+0000] {logging_mixin.py:188} INFO - [2026-07-29T06:29:09.955+0000] {dag.py:3954} INFO - Setting next_dagrun for process_gold_layer to None, run_after=None
[2026-07-29T06:29:10.092+0000] {processor.py:183} INFO - Processing /opt/airflow/dags/gold_processing_dag.py took 0.591 seconds
[2026-07-29T06:29:41.388+0000] {processor.py:161} INFO - Started process (PID=35851) to work on /opt/airflow/dags/gold_processing_dag.py
[2026-07-29T06:29:41.542+0000] {processor.py:830} INFO - Processing file /opt/airflow/dags/gold_processing_dag.py for tasks to queue
[2026-07-29T06:29:41.591+0000] {logging_mixin.py:188} INFO - [2026-07-29T06:29:41.571+0000] {dagbag.py:545} INFO - Filling up the DagBag from /opt/airflow/dags/gold_processing_dag.py
[2026-07-29T06:29:41.989+0000] {processor.py:840} INFO - DAG(s) 'process_gold_layer' retrieved from /opt/airflow/dags/gold_processing_dag.py
[2026-07-29T06:29:42.234+0000] {logging_mixin.py:188} INFO - [2026-07-29T06:29:42.233+0000] {dag.py:3096} INFO - Sync 1 DAGs
[2026-07-29T06:29:42.360+0000] {logging_mixin.py:188} INFO - [2026-07-29T06:29:42.360+0000] {dag.py:3954} INFO - Setting next_dagrun for process_gold_layer to None, run_after=None
[2026-07-29T06:29:42.490+0000] {processor.py:183} INFO - Processing /opt/airflow/dags/gold_processing_dag.py took 1.818 seconds
[2026-07-29T06:30:12.879+0000] {processor.py:161} INFO - Started process (PID=35866) to work on /opt/airflow/dags/gold_processing_dag.py
[2026-07-29T06:30:12.894+0000] {processor.py:830} INFO - Processing file /opt/airflow/dags/gold_processing_dag.py for tasks to queue
[2026-07-29T06:30:12.904+0000] {logging_mixin.py:188} INFO - [2026-07-29T06:30:12.900+0000] {dagbag.py:545} INFO - Filling up the DagBag from /opt/airflow/dags/gold_processing_dag.py
[2026-07-29T06:30:12.981+0000] {processor.py:840} INFO - DAG(s) 'process_gold_layer' retrieved from /opt/airflow/dags/gold_processing_dag.py
[2026-07-29T06:30:13.163+0000] {logging_mixin.py:188} INFO - [2026-07-29T06:30:13.163+0000] {dag.py:3096} INFO - Sync 1 DAGs
[2026-07-29T06:30:13.338+0000] {logging_mixin.py:188} INFO - [2026-07-29T06:30:13.338+0000] {dag.py:3954} INFO - Setting next_dagrun for process_gold_layer to None, run_after=None
[2026-07-29T06:30:13.488+0000] {processor.py:183} INFO - Processing /opt/airflow/dags/gold_processing_dag.py took 0.720 seconds
[2026-07-29T06:30:43.901+0000] {processor.py:161} INFO - Started process (PID=35881) to work on /opt/airflow/dags/gold_processing_dag.py
[2026-07-29T06:30:43.904+0000] {processor.py:830} INFO - Processing file /opt/airflow/dags/gold_processing_dag.py for tasks to queue
[2026-07-29T06:30:43.908+0000] {logging_mixin.py:188} INFO - [2026-07-29T06:30:43.907+0000] {dagbag.py:545} INFO - Filling up the DagBag from /opt/airflow/dags/gold_processing_dag.py
[2026-07-29T06:30:43.971+0000] {processor.py:840} INFO - DAG(s) 'process_gold_layer' retrieved from /opt/airflow/dags/gold_processing_dag.py
[2026-07-29T06:30:44.014+0000] {logging_mixin.py:188} INFO - [2026-07-29T06:30:44.013+0000] {dag.py:3096} INFO - Sync 1 DAGs
[2026-07-29T06:30:44.042+0000] {logging_mixin.py:188} INFO - [2026-07-29T06:30:44.042+0000] {dag.py:3954} INFO - Setting next_dagrun for process_gold_layer to None, run_after=None
[2026-07-29T06:30:44.080+0000] {processor.py:183} INFO - Processing /opt/airflow/dags/gold_processing_dag.py took 0.195 seconds
[2026-07-29T06:31:21.799+0000] {processor.py:161} INFO - Started process (PID=35896) to work on /opt/airflow/dags/gold_processing_dag.py
[2026-07-29T06:31:21.872+0000] {processor.py:830} INFO - Processing file /opt/airflow/dags/gold_processing_dag.py for tasks to queue
[2026-07-29T06:31:21.928+0000] {logging_mixin.py:188} INFO - [2026-07-29T06:31:21.927+0000] {dagbag.py:545} INFO - Filling up the DagBag from /opt/airflow/dags/gold_processing_dag.py
[2026-07-29T06:31:22.113+0000] {processor.py:840} INFO - DAG(s) 'process_gold_layer' retrieved from /opt/airflow/dags/gold_processing_dag.py
[2026-07-29T06:30:24.930+0000] {logging_mixin.py:188} INFO - [2026-07-29T06:30:24.929+0000] {dag.py:3096} INFO - Sync 1 DAGs
[2026-07-29T06:30:25.094+0000] {logging_mixin.py:188} INFO - [2026-07-29T06:30:25.093+0000] {dag.py:3954} INFO - Setting next_dagrun for process_gold_layer to None, run_after=None
[2026-07-29T06:30:25.931+0000] {processor.py:183} INFO - Processing /opt/airflow/dags/gold_processing_dag.py took 4.348 seconds
[2026-07-29T06:31:38.971+0000] {processor.py:161} INFO - Started process (PID=35901) to work on /opt/airflow/dags/gold_processing_dag.py
[2026-07-29T06:31:38.980+0000] {processor.py:830} INFO - Processing file /opt/airflow/dags/gold_processing_dag.py for tasks to queue
[2026-07-29T06:31:38.998+0000] {logging_mixin.py:188} INFO - [2026-07-29T06:31:38.997+0000] {dagbag.py:545} INFO - Filling up the DagBag from /opt/airflow/dags/gold_processing_dag.py
[2026-07-29T06:31:39.085+0000] {processor.py:840} INFO - DAG(s) 'process_gold_layer' retrieved from /opt/airflow/dags/gold_processing_dag.py
[2026-07-29T06:31:39.224+0000] {logging_mixin.py:188} INFO - [2026-07-29T06:31:39.223+0000] {dag.py:3096} INFO - Sync 1 DAGs
[2026-07-29T06:31:39.274+0000] {logging_mixin.py:188} INFO - [2026-07-29T06:31:39.274+0000] {dag.py:3954} INFO - Setting next_dagrun for process_gold_layer to None, run_after=None
[2026-07-29T06:31:39.365+0000] {processor.py:183} INFO - Processing /opt/airflow/dags/gold_processing_dag.py took 0.431 seconds
[2026-07-29T06:32:10.804+0000] {processor.py:161} INFO - Started process (PID=35916) to work on /opt/airflow/dags/gold_processing_dag.py
[2026-07-29T06:32:10.819+0000] {processor.py:830} INFO - Processing file /opt/airflow/dags/gold_processing_dag.py for tasks to queue
[2026-07-29T06:32:10.838+0000] {logging_mixin.py:188} INFO - [2026-07-29T06:32:10.830+0000] {dagbag.py:545} INFO - Filling up the DagBag from /opt/airflow/dags/gold_processing_dag.py
[2026-07-29T06:32:11.152+0000] {processor.py:840} INFO - DAG(s) 'process_gold_layer' retrieved from /opt/airflow/dags/gold_processing_dag.py
[2026-07-29T06:32:11.393+0000] {logging_mixin.py:188} INFO - [2026-07-29T06:32:11.392+0000] {dag.py:3096} INFO - Sync 1 DAGs
[2026-07-29T06:32:11.571+0000] {logging_mixin.py:188} INFO - [2026-07-29T06:32:11.571+0000] {dag.py:3954} INFO - Setting next_dagrun for process_gold_layer to None, run_after=None
[2026-07-29T06:32:11.835+0000] {processor.py:183} INFO - Processing /opt/airflow/dags/gold_processing_dag.py took 1.080 seconds
[2026-07-29T06:32:43.876+0000] {processor.py:161} INFO - Started process (PID=35931) to work on /opt/airflow/dags/gold_processing_dag.py
[2026-07-29T06:32:43.896+0000] {processor.py:830} INFO - Processing file /opt/airflow/dags/gold_processing_dag.py for tasks to queue
[2026-07-29T06:32:43.909+0000] {logging_mixin.py:188} INFO - [2026-07-29T06:32:43.903+0000] {dagbag.py:545} INFO - Filling up the DagBag from /opt/airflow/dags/gold_processing_dag.py
[2026-07-29T06:32:44.026+0000] {processor.py:840} INFO - DAG(s) 'process_gold_layer' retrieved from /opt/airflow/dags/gold_processing_dag.py
[2026-07-29T06:32:44.405+0000] {logging_mixin.py:188} INFO - [2026-07-29T06:32:44.405+0000] {dag.py:3096} INFO - Sync 1 DAGs
[2026-07-29T06:32:44.506+0000] {logging_mixin.py:188} INFO - [2026-07-29T06:32:44.493+0000] {dag.py:3954} INFO - Setting next_dagrun for process_gold_layer to None, run_after=None
[2026-07-29T06:32:45.410+0000] {processor.py:183} INFO - Processing /opt/airflow/dags/gold_processing_dag.py took 1.603 seconds
[2026-07-29T06:33:19.017+0000] {processor.py:161} INFO - Started process (PID=35946) to work on /opt/airflow/dags/gold_processing_dag.py
[2026-07-29T06:33:19.059+0000] {processor.py:830} INFO - Processing file /opt/airflow/dags/gold_processing_dag.py for tasks to queue
[2026-07-29T06:33:19.084+0000] {logging_mixin.py:188} INFO - [2026-07-29T06:33:19.075+0000] {dagbag.py:545} INFO - Filling up the DagBag from /opt/airflow/dags/gold_processing_dag.py
[2026-07-29T06:33:19.666+0000] {processor.py:840} INFO - DAG(s) 'process_gold_layer' retrieved from /opt/airflow/dags/gold_processing_dag.py
[2026-07-29T06:33:20.290+0000] {logging_mixin.py:188} INFO - [2026-07-29T06:33:20.290+0000] {dag.py:3096} INFO - Sync 1 DAGs
[2026-07-29T06:33:20.452+0000] {logging_mixin.py:188} INFO - [2026-07-29T06:33:20.452+0000] {dag.py:3954} INFO - Setting next_dagrun for process_gold_layer to None, run_after=None
[2026-07-29T06:33:22.878+0000] {processor.py:183} INFO - Processing /opt/airflow/dags/gold_processing_dag.py took 4.125 seconds
[2026-07-29T06:34:42.696+0000] {processor.py:161} INFO - Started process (PID=35961) to work on /opt/airflow/dags/gold_processing_dag.py
[2026-07-29T06:34:43.515+0000] {processor.py:830} INFO - Processing file /opt/airflow/dags/gold_processing_dag.py for tasks to queue
[2026-07-29T06:34:43.740+0000] {logging_mixin.py:188} INFO - [2026-07-29T06:34:43.618+0000] {dagbag.py:545} INFO - Filling up the DagBag from /opt/airflow/dags/gold_processing_dag.py
[2026-07-29T06:38:16.132+0000] {processor.py:161} INFO - Started process (PID=35974) to work on /opt/airflow/dags/gold_processing_dag.py
[2026-07-29T06:38:16.150+0000] {processor.py:830} INFO - Processing file /opt/airflow/dags/gold_processing_dag.py for tasks to queue
[2026-07-29T06:38:16.191+0000] {logging_mixin.py:188} INFO - [2026-07-29T06:38:16.175+0000] {dagbag.py:545} INFO - Filling up the DagBag from /opt/airflow/dags/gold_processing_dag.py
[2026-07-29T06:38:16.664+0000] {processor.py:840} INFO - DAG(s) 'process_gold_layer' retrieved from /opt/airflow/dags/gold_processing_dag.py
[2026-07-29T06:38:17.250+0000] {logging_mixin.py:188} INFO - [2026-07-29T06:38:17.248+0000] {dag.py:3096} INFO - Sync 1 DAGs
[2026-07-29T06:38:17.606+0000] {logging_mixin.py:188} INFO - [2026-07-29T06:38:17.606+0000] {dag.py:3954} INFO - Setting next_dagrun for process_gold_layer to None, run_after=None
[2026-07-29T06:38:18.005+0000] {processor.py:183} INFO - Processing /opt/airflow/dags/gold_processing_dag.py took 1.986 seconds
[2026-07-29T06:38:49.643+0000] {processor.py:161} INFO - Started process (PID=35987) to work on /opt/airflow/dags/gold_processing_dag.py
[2026-07-29T06:38:49.668+0000] {processor.py:830} INFO - Processing file /opt/airflow/dags/gold_processing_dag.py for tasks to queue
[2026-07-29T06:38:49.714+0000] {logging_mixin.py:188} INFO - [2026-07-29T06:38:49.704+0000] {dagbag.py:545} INFO - Filling up the DagBag from /opt/airflow/dags/gold_processing_dag.py
[2026-07-29T06:38:50.055+0000] {processor.py:840} INFO - DAG(s) 'process_gold_layer' retrieved from /opt/airflow/dags/gold_processing_dag.py
[2026-07-29T06:38:50.299+0000] {logging_mixin.py:188} INFO - [2026-07-29T06:38:50.295+0000] {dag.py:3096} INFO - Sync 1 DAGs
[2026-07-29T06:38:50.451+0000] {logging_mixin.py:188} INFO - [2026-07-29T06:38:50.450+0000] {dag.py:3954} INFO - Setting next_dagrun for process_gold_layer to None, run_after=None
[2026-07-29T06:38:51.332+0000] {processor.py:183} INFO - Processing /opt/airflow/dags/gold_processing_dag.py took 1.926 seconds
[2026-07-29T06:39:22.296+0000] {processor.py:161} INFO - Started process (PID=36004) to work on /opt/airflow/dags/gold_processing_dag.py
[2026-07-29T06:39:22.299+0000] {processor.py:830} INFO - Processing file /opt/airflow/dags/gold_processing_dag.py for tasks to queue
[2026-07-29T06:39:22.319+0000] {logging_mixin.py:188} INFO - [2026-07-29T06:39:22.318+0000] {dagbag.py:545} INFO - Filling up the DagBag from /opt/airflow/dags/gold_processing_dag.py
[2026-07-29T06:39:22.412+0000] {processor.py:840} INFO - DAG(s) 'process_gold_layer' retrieved from /opt/airflow/dags/gold_processing_dag.py
[2026-07-29T06:39:22.668+0000] {logging_mixin.py:188} INFO - [2026-07-29T06:39:22.666+0000] {dag.py:3096} INFO - Sync 1 DAGs
[2026-07-29T06:39:22.771+0000] {logging_mixin.py:188} INFO - [2026-07-29T06:39:22.770+0000] {dag.py:3954} INFO - Setting next_dagrun for process_gold_layer to None, run_after=None
[2026-07-29T06:39:23.035+0000] {processor.py:183} INFO - Processing /opt/airflow/dags/gold_processing_dag.py took 0.775 seconds
[2026-07-29T06:39:53.262+0000] {processor.py:161} INFO - Started process (PID=36019) to work on /opt/airflow/dags/gold_processing_dag.py
[2026-07-29T06:39:53.271+0000] {processor.py:830} INFO - Processing file /opt/airflow/dags/gold_processing_dag.py for tasks to queue
[2026-07-29T06:39:53.290+0000] {logging_mixin.py:188} INFO - [2026-07-29T06:39:53.288+0000] {dagbag.py:545} INFO - Filling up the DagBag from /opt/airflow/dags/gold_processing_dag.py
[2026-07-29T06:39:53.366+0000] {processor.py:840} INFO - DAG(s) 'process_gold_layer' retrieved from /opt/airflow/dags/gold_processing_dag.py
[2026-07-29T06:39:53.442+0000] {logging_mixin.py:188} INFO - [2026-07-29T06:39:53.441+0000] {dag.py:3096} INFO - Sync 1 DAGs
[2026-07-29T06:39:53.478+0000] {logging_mixin.py:188} INFO - [2026-07-29T06:39:53.478+0000] {dag.py:3954} INFO - Setting next_dagrun for process_gold_layer to None, run_after=None
[2026-07-29T06:39:53.530+0000] {processor.py:183} INFO - Processing /opt/airflow/dags/gold_processing_dag.py took 0.335 seconds
[2026-07-29T06:39:30.279+0000] {processor.py:161} INFO - Started process (PID=36034) to work on /opt/airflow/dags/gold_processing_dag.py
[2026-07-29T06:39:30.441+0000] {processor.py:830} INFO - Processing file /opt/airflow/dags/gold_processing_dag.py for tasks to queue
[2026-07-29T06:39:30.544+0000] {logging_mixin.py:188} INFO - [2026-07-29T06:39:30.543+0000] {dagbag.py:545} INFO - Filling up the DagBag from /opt/airflow/dags/gold_processing_dag.py
[2026-07-29T06:40:31.050+0000] {processor.py:840} INFO - DAG(s) 'process_gold_layer' retrieved from /opt/airflow/dags/gold_processing_dag.py
[2026-07-29T06:40:31.452+0000] {logging_mixin.py:188} INFO - [2026-07-29T06:40:31.450+0000] {dag.py:3096} INFO - Sync 1 DAGs
[2026-07-29T06:40:31.609+0000] {logging_mixin.py:188} INFO - [2026-07-29T06:40:31.608+0000] {dag.py:3954} INFO - Setting next_dagrun for process_gold_layer to None, run_after=None
[2026-07-29T06:40:31.843+0000] {processor.py:183} INFO - Processing /opt/airflow/dags/gold_processing_dag.py took 3.946 seconds
[2026-07-29T06:41:02.608+0000] {processor.py:161} INFO - Started process (PID=36049) to work on /opt/airflow/dags/gold_processing_dag.py
[2026-07-29T06:41:02.613+0000] {processor.py:830} INFO - Processing file /opt/airflow/dags/gold_processing_dag.py for tasks to queue
[2026-07-29T06:41:02.621+0000] {logging_mixin.py:188} INFO - [2026-07-29T06:41:02.620+0000] {dagbag.py:545} INFO - Filling up the DagBag from /opt/airflow/dags/gold_processing_dag.py
[2026-07-29T06:41:02.667+0000] {processor.py:840} INFO - DAG(s) 'process_gold_layer' retrieved from /opt/airflow/dags/gold_processing_dag.py
[2026-07-29T06:41:02.743+0000] {logging_mixin.py:188} INFO - [2026-07-29T06:41:02.742+0000] {dag.py:3096} INFO - Sync 1 DAGs
[2026-07-29T06:41:02.866+0000] {logging_mixin.py:188} INFO - [2026-07-29T06:41:02.865+0000] {dag.py:3954} INFO - Setting next_dagrun for process_gold_layer to None, run_after=None
[2026-07-29T06:41:02.977+0000] {processor.py:183} INFO - Processing /opt/airflow/dags/gold_processing_dag.py took 0.391 seconds
[2026-07-29T06:41:34.944+0000] {processor.py:161} INFO - Started process (PID=36064) to work on /opt/airflow/dags/gold_processing_dag.py
[2026-07-29T06:41:35.012+0000] {processor.py:830} INFO - Processing file /opt/airflow/dags/gold_processing_dag.py for tasks to queue
[2026-07-29T06:41:35.025+0000] {logging_mixin.py:188} INFO - [2026-07-29T06:41:35.024+0000] {dagbag.py:545} INFO - Filling up the DagBag from /opt/airflow/dags/gold_processing_dag.py
[2026-07-29T06:41:35.159+0000] {processor.py:840} INFO - DAG(s) 'process_gold_layer' retrieved from /opt/airflow/dags/gold_processing_dag.py
[2026-07-29T06:41:35.275+0000] {logging_mixin.py:188} INFO - [2026-07-29T06:41:35.275+0000] {dag.py:3096} INFO - Sync 1 DAGs
[2026-07-29T06:41:35.343+0000] {logging_mixin.py:188} INFO - [2026-07-29T06:41:35.342+0000] {dag.py:3954} INFO - Setting next_dagrun for process_gold_layer to None, run_after=None
[2026-07-29T06:41:35.452+0000] {processor.py:183} INFO - Processing /opt/airflow/dags/gold_processing_dag.py took 0.543 seconds
[2026-07-29T06:42:05.677+0000] {processor.py:161} INFO - Started process (PID=36077) to work on /opt/airflow/dags/gold_processing_dag.py
[2026-07-29T06:42:05.688+0000] {processor.py:830} INFO - Processing file /opt/airflow/dags/gold_processing_dag.py for tasks to queue
[2026-07-29T06:42:05.706+0000] {logging_mixin.py:188} INFO - [2026-07-29T06:42:05.703+0000] {dagbag.py:545} INFO - Filling up the DagBag from /opt/airflow/dags/gold_processing_dag.py
[2026-07-29T06:42:05.785+0000] {processor.py:840} INFO - DAG(s) 'process_gold_layer' retrieved from /opt/airflow/dags/gold_processing_dag.py
[2026-07-29T06:42:06.000+0000] {logging_mixin.py:188} INFO - [2026-07-29T06:42:05.999+0000] {dag.py:3096} INFO - Sync 1 DAGs
[2026-07-29T06:42:06.088+0000] {logging_mixin.py:188} INFO - [2026-07-29T06:42:06.087+0000] {dag.py:3954} INFO - Setting next_dagrun for process_gold_layer to None, run_after=None
[2026-07-29T06:42:06.158+0000] {processor.py:183} INFO - Processing /opt/airflow/dags/gold_processing_dag.py took 0.510 seconds
[2026-07-29T06:42:36.764+0000] {processor.py:161} INFO - Started process (PID=36089) to work on /opt/airflow/dags/gold_processing_dag.py
[2026-07-29T06:42:36.795+0000] {processor.py:830} INFO - Processing file /opt/airflow/dags/gold_processing_dag.py for tasks to queue
[2026-07-29T06:42:36.898+0000] {logging_mixin.py:188} INFO - [2026-07-29T06:42:36.880+0000] {dagbag.py:545} INFO - Filling up the DagBag from /opt/airflow/dags/gold_processing_dag.py
[2026-07-29T06:42:37.053+0000] {processor.py:840} INFO - DAG(s) 'process_gold_layer' retrieved from /opt/airflow/dags/gold_processing_dag.py
[2026-07-29T06:42:37.562+0000] {logging_mixin.py:188} INFO - [2026-07-29T06:42:37.558+0000] {dag.py:3096} INFO - Sync 1 DAGs
[2026-07-29T06:42:37.683+0000] {logging_mixin.py:188} INFO - [2026-07-29T06:42:37.682+0000] {dag.py:3954} INFO - Setting next_dagrun for process_gold_layer to None, run_after=None
[2026-07-29T06:42:38.911+0000] {processor.py:183} INFO - Processing /opt/airflow/dags/gold_processing_dag.py took 2.251 seconds
[2026-07-29T06:43:10.135+0000] {processor.py:161} INFO - Started process (PID=36104) to work on /opt/airflow/dags/gold_processing_dag.py
[2026-07-29T06:43:10.138+0000] {processor.py:830} INFO - Processing file /opt/airflow/dags/gold_processing_dag.py for tasks to queue
[2026-07-29T06:43:10.147+0000] {logging_mixin.py:188} INFO - [2026-07-29T06:43:10.146+0000] {dagbag.py:545} INFO - Filling up the DagBag from /opt/airflow/dags/gold_processing_dag.py
[2026-07-29T06:43:10.215+0000] {processor.py:840} INFO - DAG(s) 'process_gold_layer' retrieved from /opt/airflow/dags/gold_processing_dag.py
[2026-07-29T06:43:10.313+0000] {logging_mixin.py:188} INFO - [2026-07-29T06:43:10.312+0000] {dag.py:3096} INFO - Sync 1 DAGs
[2026-07-29T06:43:10.367+0000] {logging_mixin.py:188} INFO - [2026-07-29T06:43:10.367+0000] {dag.py:3954} INFO - Setting next_dagrun for process_gold_layer to None, run_after=None
[2026-07-29T06:43:10.461+0000] {processor.py:183} INFO - Processing /opt/airflow/dags/gold_processing_dag.py took 0.414 seconds
[2026-07-29T06:43:41.599+0000] {processor.py:161} INFO - Started process (PID=36119) to work on /opt/airflow/dags/gold_processing_dag.py
[2026-07-29T06:43:41.649+0000] {processor.py:830} INFO - Processing file /opt/airflow/dags/gold_processing_dag.py for tasks to queue
[2026-07-29T06:43:41.720+0000] {logging_mixin.py:188} INFO - [2026-07-29T06:43:41.713+0000] {dagbag.py:545} INFO - Filling up the DagBag from /opt/airflow/dags/gold_processing_dag.py
[2026-07-29T06:43:41.786+0000] {processor.py:840} INFO - DAG(s) 'process_gold_layer' retrieved from /opt/airflow/dags/gold_processing_dag.py
[2026-07-29T06:43:42.768+0000] {logging_mixin.py:188} INFO - [2026-07-29T06:43:42.765+0000] {dag.py:3096} INFO - Sync 1 DAGs
[2026-07-29T06:43:42.991+0000] {logging_mixin.py:188} INFO - [2026-07-29T06:43:42.990+0000] {dag.py:3954} INFO - Setting next_dagrun for process_gold_layer to None, run_after=None
[2026-07-29T06:43:43.198+0000] {processor.py:183} INFO - Processing /opt/airflow/dags/gold_processing_dag.py took 1.742 seconds
[2026-07-29T06:44:13.943+0000] {processor.py:161} INFO - Started process (PID=36134) to work on /opt/airflow/dags/gold_processing_dag.py
[2026-07-29T06:44:13.946+0000] {processor.py:830} INFO - Processing file /opt/airflow/dags/gold_processing_dag.py for tasks to queue
[2026-07-29T06:44:13.955+0000] {logging_mixin.py:188} INFO - [2026-07-29T06:44:13.954+0000] {dagbag.py:545} INFO - Filling up the DagBag from /opt/airflow/dags/gold_processing_dag.py
[2026-07-29T06:44:13.987+0000] {processor.py:840} INFO - DAG(s) 'process_gold_layer' retrieved from /opt/airflow/dags/gold_processing_dag.py
[2026-07-29T06:44:14.067+0000] {logging_mixin.py:188} INFO - [2026-07-29T06:44:14.067+0000] {dag.py:3096} INFO - Sync 1 DAGs
[2026-07-29T06:44:14.100+0000] {logging_mixin.py:188} INFO - [2026-07-29T06:44:14.099+0000] {dag.py:3954} INFO - Setting next_dagrun for process_gold_layer to None, run_after=None
[2026-07-29T06:44:14.357+0000] {processor.py:183} INFO - Processing /opt/airflow/dags/gold_processing_dag.py took 0.437 seconds
[2026-07-29T06:44:52.468+0000] {processor.py:161} INFO - Started process (PID=36149) to work on /opt/airflow/dags/gold_processing_dag.py
[2026-07-29T06:44:52.487+0000] {processor.py:830} INFO - Processing file /opt/airflow/dags/gold_processing_dag.py for tasks to queue
[2026-07-29T06:44:52.538+0000] {logging_mixin.py:188} INFO - [2026-07-29T06:44:52.537+0000] {dagbag.py:545} INFO - Filling up the DagBag from /opt/airflow/dags/gold_processing_dag.py
[2026-07-29T06:44:52.837+0000] {processor.py:840} INFO - DAG(s) 'process_gold_layer' retrieved from /opt/airflow/dags/gold_processing_dag.py
[2026-07-29T06:44:53.042+0000] {logging_mixin.py:188} INFO - [2026-07-29T06:44:53.041+0000] {dag.py:3096} INFO - Sync 1 DAGs
[2026-07-29T06:44:53.322+0000] {logging_mixin.py:188} INFO - [2026-07-29T06:44:53.321+0000] {dag.py:3954} INFO - Setting next_dagrun for process_gold_layer to None, run_after=None
[2026-07-29T06:44:54.091+0000] {processor.py:183} INFO - Processing /opt/airflow/dags/gold_processing_dag.py took 1.849 seconds
[2026-07-29T06:45:24.523+0000] {processor.py:161} INFO - Started process (PID=36162) to work on /opt/airflow/dags/gold_processing_dag.py
[2026-07-29T06:45:24.533+0000] {processor.py:830} INFO - Processing file /opt/airflow/dags/gold_processing_dag.py for tasks to queue
[2026-07-29T06:45:35.858+0000] {logging_mixin.py:188} INFO - [2026-07-29T06:45:35.829+0000] {dagbag.py:545} INFO - Filling up the DagBag from /opt/airflow/dags/gold_processing_dag.py
[2026-07-29T06:44:39.793+0000] {processor.py:840} INFO - DAG(s) 'process_gold_layer' retrieved from /opt/airflow/dags/gold_processing_dag.py
[2026-07-29T06:45:39.767+0000] {logging_mixin.py:188} INFO - [2026-07-29T06:45:39.748+0000] {dag.py:3096} INFO - Sync 1 DAGs
[2026-07-29T06:45:41.410+0000] {logging_mixin.py:188} INFO - [2026-07-29T06:45:41.410+0000] {dag.py:3954} INFO - Setting next_dagrun for process_gold_layer to None, run_after=None
[2026-07-29T06:45:42.211+0000] {processor.py:183} INFO - Processing /opt/airflow/dags/gold_processing_dag.py took 16.921 seconds
[2026-07-29T06:46:13.271+0000] {processor.py:161} INFO - Started process (PID=36174) to work on /opt/airflow/dags/gold_processing_dag.py
[2026-07-29T06:46:13.280+0000] {processor.py:830} INFO - Processing file /opt/airflow/dags/gold_processing_dag.py for tasks to queue
[2026-07-29T06:46:13.304+0000] {logging_mixin.py:188} INFO - [2026-07-29T06:46:13.303+0000] {dagbag.py:545} INFO - Filling up the DagBag from /opt/airflow/dags/gold_processing_dag.py
[2026-07-29T06:46:13.512+0000] {processor.py:840} INFO - DAG(s) 'process_gold_layer' retrieved from /opt/airflow/dags/gold_processing_dag.py
[2026-07-29T06:46:13.684+0000] {logging_mixin.py:188} INFO - [2026-07-29T06:46:13.684+0000] {dag.py:3096} INFO - Sync 1 DAGs
[2026-07-29T06:46:14.077+0000] {logging_mixin.py:188} INFO - [2026-07-29T06:46:14.076+0000] {dag.py:3954} INFO - Setting next_dagrun for process_gold_layer to None, run_after=None
[2026-07-29T06:46:14.760+0000] {processor.py:183} INFO - Processing /opt/airflow/dags/gold_processing_dag.py took 1.528 seconds
[2026-07-29T06:46:48.702+0000] {processor.py:161} INFO - Started process (PID=36189) to work on /opt/airflow/dags/gold_processing_dag.py
[2026-07-29T06:46:48.706+0000] {processor.py:830} INFO - Processing file /opt/airflow/dags/gold_processing_dag.py for tasks to queue
[2026-07-29T06:46:48.742+0000] {logging_mixin.py:188} INFO - [2026-07-29T06:46:48.732+0000] {dagbag.py:545} INFO - Filling up the DagBag from /opt/airflow/dags/gold_processing_dag.py
[2026-07-29T06:46:48.862+0000] {processor.py:840} INFO - DAG(s) 'process_gold_layer' retrieved from /opt/airflow/dags/gold_processing_dag.py
[2026-07-29T06:46:49.280+0000] {logging_mixin.py:188} INFO - [2026-07-29T06:46:49.279+0000] {dag.py:3096} INFO - Sync 1 DAGs
[2026-07-29T06:46:50.223+0000] {logging_mixin.py:188} INFO - [2026-07-29T06:46:50.222+0000] {dag.py:3954} INFO - Setting next_dagrun for process_gold_layer to None, run_after=None
[2026-07-29T06:46:55.780+0000] {processor.py:183} INFO - Processing /opt/airflow/dags/gold_processing_dag.py took 7.038 seconds
[2026-07-29T06:47:45.365+0000] {processor.py:161} INFO - Started process (PID=36204) to work on /opt/airflow/dags/gold_processing_dag.py
[2026-07-29T06:47:53.929+0000] {processor.py:830} INFO - Processing file /opt/airflow/dags/gold_processing_dag.py for tasks to queue
[2026-07-29T06:47:57.336+0000] {logging_mixin.py:188} INFO - [2026-07-29T06:47:57.267+0000] {dagbag.py:545} INFO - Filling up the DagBag from /opt/airflow/dags/gold_processing_dag.py
[2026-07-29T06:47:59.488+0000] {processor.py:840} INFO - DAG(s) 'process_gold_layer' retrieved from /opt/airflow/dags/gold_processing_dag.py
[2026-07-29T06:48:01.751+0000] {logging_mixin.py:188} INFO - [2026-07-29T06:48:01.750+0000] {dag.py:3096} INFO - Sync 1 DAGs
[2026-07-29T06:48:03.888+0000] {logging_mixin.py:188} INFO - [2026-07-29T06:48:03.887+0000] {dag.py:3954} INFO - Setting next_dagrun for process_gold_layer to None, run_after=None
[2026-07-29T06:48:05.495+0000] {processor.py:183} INFO - Processing /opt/airflow/dags/gold_processing_dag.py took 20.455 seconds
[2026-07-29T06:48:38.224+0000] {processor.py:161} INFO - Started process (PID=36219) to work on /opt/airflow/dags/gold_processing_dag.py
[2026-07-29T06:48:38.237+0000] {processor.py:830} INFO - Processing file /opt/airflow/dags/gold_processing_dag.py for tasks to queue
[2026-07-29T06:48:38.302+0000] {logging_mixin.py:188} INFO - [2026-07-29T06:48:38.289+0000] {dagbag.py:545} INFO - Filling up the DagBag from /opt/airflow/dags/gold_processing_dag.py
[2026-07-29T06:48:38.607+0000] {processor.py:840} INFO - DAG(s) 'process_gold_layer' retrieved from /opt/airflow/dags/gold_processing_dag.py
[2026-07-29T06:48:39.112+0000] {logging_mixin.py:188} INFO - [2026-07-29T06:48:39.111+0000] {dag.py:3096} INFO - Sync 1 DAGs
[2026-07-29T06:48:39.449+0000] {logging_mixin.py:188} INFO - [2026-07-29T06:48:39.448+0000] {dag.py:3954} INFO - Setting next_dagrun for process_gold_layer to None, run_after=None
[2026-07-29T06:48:39.689+0000] {processor.py:183} INFO - Processing /opt/airflow/dags/gold_processing_dag.py took 1.648 seconds
[2026-07-29T06:50:06.818+0000] {processor.py:161} INFO - Started process (PID=36234) to work on /opt/airflow/dags/gold_processing_dag.py
[2026-07-29T06:50:06.830+0000] {processor.py:830} INFO - Processing file /opt/airflow/dags/gold_processing_dag.py for tasks to queue
[2026-07-29T06:50:06.921+0000] {logging_mixin.py:188} INFO - [2026-07-29T06:50:06.908+0000] {dagbag.py:545} INFO - Filling up the DagBag from /opt/airflow/dags/gold_processing_dag.py
[2026-07-29T06:50:07.922+0000] {processor.py:840} INFO - DAG(s) 'process_gold_layer' retrieved from /opt/airflow/dags/gold_processing_dag.py
[2026-07-29T06:50:09.151+0000] {logging_mixin.py:188} INFO - [2026-07-29T06:50:09.150+0000] {dag.py:3096} INFO - Sync 1 DAGs
[2026-07-29T06:50:09.532+0000] {logging_mixin.py:188} INFO - [2026-07-29T06:50:09.531+0000] {dag.py:3954} INFO - Setting next_dagrun for process_gold_layer to None, run_after=None
[2026-07-29T06:50:09.992+0000] {processor.py:183} INFO - Processing /opt/airflow/dags/gold_processing_dag.py took 3.423 seconds
[2026-07-29T06:50:44.371+0000] {processor.py:161} INFO - Started process (PID=36249) to work on /opt/airflow/dags/gold_processing_dag.py
[2026-07-29T06:50:44.384+0000] {processor.py:830} INFO - Processing file /opt/airflow/dags/gold_processing_dag.py for tasks to queue
[2026-07-29T06:50:44.544+0000] {logging_mixin.py:188} INFO - [2026-07-29T06:50:44.527+0000] {dagbag.py:545} INFO - Filling up the DagBag from /opt/airflow/dags/gold_processing_dag.py
[2026-07-29T06:50:44.847+0000] {processor.py:840} INFO - DAG(s) 'process_gold_layer' retrieved from /opt/airflow/dags/gold_processing_dag.py
[2026-07-29T06:50:46.593+0000] {logging_mixin.py:188} INFO - [2026-07-29T06:50:46.590+0000] {dag.py:3096} INFO - Sync 1 DAGs
[2026-07-29T06:50:47.243+0000] {logging_mixin.py:188} INFO - [2026-07-29T06:50:47.243+0000] {dag.py:3954} INFO - Setting next_dagrun for process_gold_layer to None, run_after=None
[2026-07-29T06:50:47.663+0000] {processor.py:183} INFO - Processing /opt/airflow/dags/gold_processing_dag.py took 3.581 seconds
[2026-07-29T06:51:17.902+0000] {processor.py:161} INFO - Started process (PID=36264) to work on /opt/airflow/dags/gold_processing_dag.py
[2026-07-29T06:51:17.904+0000] {processor.py:830} INFO - Processing file /opt/airflow/dags/gold_processing_dag.py for tasks to queue
[2026-07-29T06:51:17.913+0000] {logging_mixin.py:188} INFO - [2026-07-29T06:51:17.911+0000] {dagbag.py:545} INFO - Filling up the DagBag from /opt/airflow/dags/gold_processing_dag.py
[2026-07-29T06:51:17.956+0000] {processor.py:840} INFO - DAG(s) 'process_gold_layer' retrieved from /opt/airflow/dags/gold_processing_dag.py
[2026-07-29T06:51:18.141+0000] {logging_mixin.py:188} INFO - [2026-07-29T06:51:18.139+0000] {dag.py:3096} INFO - Sync 1 DAGs
[2026-07-29T06:51:18.217+0000] {logging_mixin.py:188} INFO - [2026-07-29T06:51:18.217+0000] {dag.py:3954} INFO - Setting next_dagrun for process_gold_layer to None, run_after=None
[2026-07-29T06:51:18.336+0000] {processor.py:183} INFO - Processing /opt/airflow/dags/gold_processing_dag.py took 0.459 seconds
[2026-07-29T06:52:17.391+0000] {processor.py:161} INFO - Started process (PID=36279) to work on /opt/airflow/dags/gold_processing_dag.py
[2026-07-29T06:52:17.408+0000] {processor.py:830} INFO - Processing file /opt/airflow/dags/gold_processing_dag.py for tasks to queue
[2026-07-29T06:52:17.675+0000] {logging_mixin.py:188} INFO - [2026-07-29T06:52:17.649+0000] {dagbag.py:545} INFO - Filling up the DagBag from /opt/airflow/dags/gold_processing_dag.py
[2026-07-29T06:52:18.082+0000] {processor.py:840} INFO - DAG(s) 'process_gold_layer' retrieved from /opt/airflow/dags/gold_processing_dag.py
[2026-07-29T06:52:18.982+0000] {logging_mixin.py:188} INFO - [2026-07-29T06:52:18.967+0000] {dag.py:3096} INFO - Sync 1 DAGs
[2026-07-29T06:52:19.285+0000] {logging_mixin.py:188} INFO - [2026-07-29T06:52:19.285+0000] {dag.py:3954} INFO - Setting next_dagrun for process_gold_layer to None, run_after=None
[2026-07-29T06:52:19.582+0000] {processor.py:183} INFO - Processing /opt/airflow/dags/gold_processing_dag.py took 2.485 seconds
[2026-07-29T06:52:54.032+0000] {processor.py:161} INFO - Started process (PID=36294) to work on /opt/airflow/dags/gold_processing_dag.py
[2026-07-29T06:52:54.056+0000] {processor.py:830} INFO - Processing file /opt/airflow/dags/gold_processing_dag.py for tasks to queue
[2026-07-29T06:52:54.142+0000] {logging_mixin.py:188} INFO - [2026-07-29T06:52:54.083+0000] {dagbag.py:545} INFO - Filling up the DagBag from /opt/airflow/dags/gold_processing_dag.py
[2026-07-29T06:52:54.465+0000] {processor.py:840} INFO - DAG(s) 'process_gold_layer' retrieved from /opt/airflow/dags/gold_processing_dag.py
[2026-07-29T06:52:54.821+0000] {logging_mixin.py:188} INFO - [2026-07-29T06:52:54.813+0000] {dag.py:3096} INFO - Sync 1 DAGs
[2026-07-29T06:52:55.260+0000] {logging_mixin.py:188} INFO - [2026-07-29T06:52:55.259+0000] {dag.py:3954} INFO - Setting next_dagrun for process_gold_layer to None, run_after=None
[2026-07-29T06:52:55.509+0000] {processor.py:183} INFO - Processing /opt/airflow/dags/gold_processing_dag.py took 2.566 seconds
[2026-07-29T06:53:26.997+0000] {processor.py:161} INFO - Started process (PID=36309) to work on /opt/airflow/dags/gold_processing_dag.py
[2026-07-29T06:53:27.007+0000] {processor.py:830} INFO - Processing file /opt/airflow/dags/gold_processing_dag.py for tasks to queue
[2026-07-29T06:53:27.062+0000] {logging_mixin.py:188} INFO - [2026-07-29T06:53:27.061+0000] {dagbag.py:545} INFO - Filling up the DagBag from /opt/airflow/dags/gold_processing_dag.py
[2026-07-29T06:53:27.366+0000] {processor.py:840} INFO - DAG(s) 'process_gold_layer' retrieved from /opt/airflow/dags/gold_processing_dag.py
[2026-07-29T06:53:27.705+0000] {logging_mixin.py:188} INFO - [2026-07-29T06:53:27.704+0000] {dag.py:3096} INFO - Sync 1 DAGs
[2026-07-29T06:53:27.799+0000] {logging_mixin.py:188} INFO - [2026-07-29T06:53:27.798+0000] {dag.py:3954} INFO - Setting next_dagrun for process_gold_layer to None, run_after=None
[2026-07-29T06:53:28.325+0000] {processor.py:183} INFO - Processing /opt/airflow/dags/gold_processing_dag.py took 1.365 seconds
[2026-07-29T06:53:59.246+0000] {processor.py:161} INFO - Started process (PID=36324) to work on /opt/airflow/dags/gold_processing_dag.py
[2026-07-29T06:53:59.253+0000] {processor.py:830} INFO - Processing file /opt/airflow/dags/gold_processing_dag.py for tasks to queue
[2026-07-29T06:53:59.321+0000] {logging_mixin.py:188} INFO - [2026-07-29T06:53:59.315+0000] {dagbag.py:545} INFO - Filling up the DagBag from /opt/airflow/dags/gold_processing_dag.py
[2026-07-29T06:53:59.439+0000] {processor.py:840} INFO - DAG(s) 'process_gold_layer' retrieved from /opt/airflow/dags/gold_processing_dag.py
[2026-07-29T06:53:59.707+0000] {logging_mixin.py:188} INFO - [2026-07-29T06:53:59.706+0000] {dag.py:3096} INFO - Sync 1 DAGs
[2026-07-29T06:53:59.904+0000] {logging_mixin.py:188} INFO - [2026-07-29T06:53:59.903+0000] {dag.py:3954} INFO - Setting next_dagrun for process_gold_layer to None, run_after=None
[2026-07-29T06:54:00.075+0000] {processor.py:183} INFO - Processing /opt/airflow/dags/gold_processing_dag.py took 0.967 seconds
[2026-07-29T06:54:31.308+0000] {processor.py:161} INFO - Started process (PID=36339) to work on /opt/airflow/dags/gold_processing_dag.py
[2026-07-29T06:54:31.325+0000] {processor.py:830} INFO - Processing file /opt/airflow/dags/gold_processing_dag.py for tasks to queue
[2026-07-29T06:54:31.357+0000] {logging_mixin.py:188} INFO - [2026-07-29T06:54:31.356+0000] {dagbag.py:545} INFO - Filling up the DagBag from /opt/airflow/dags/gold_processing_dag.py
[2026-07-29T06:54:31.445+0000] {processor.py:840} INFO - DAG(s) 'process_gold_layer' retrieved from /opt/airflow/dags/gold_processing_dag.py
[2026-07-29T06:54:31.666+0000] {logging_mixin.py:188} INFO - [2026-07-29T06:54:31.665+0000] {dag.py:3096} INFO - Sync 1 DAGs
[2026-07-29T06:54:31.777+0000] {logging_mixin.py:188} INFO - [2026-07-29T06:54:31.777+0000] {dag.py:3954} INFO - Setting next_dagrun for process_gold_layer to None, run_after=None
[2026-07-29T06:54:32.022+0000] {processor.py:183} INFO - Processing /opt/airflow/dags/gold_processing_dag.py took 0.751 seconds
[2026-07-29T06:55:02.391+0000] {processor.py:161} INFO - Started process (PID=36354) to work on /opt/airflow/dags/gold_processing_dag.py
[2026-07-29T06:55:02.411+0000] {processor.py:830} INFO - Processing file /opt/airflow/dags/gold_processing_dag.py for tasks to queue
[2026-07-29T06:55:02.428+0000] {logging_mixin.py:188} INFO - [2026-07-29T06:55:02.427+0000] {dagbag.py:545} INFO - Filling up the DagBag from /opt/airflow/dags/gold_processing_dag.py
[2026-07-29T06:55:02.587+0000] {processor.py:840} INFO - DAG(s) 'process_gold_layer' retrieved from /opt/airflow/dags/gold_processing_dag.py
[2026-07-29T06:55:02.955+0000] {logging_mixin.py:188} INFO - [2026-07-29T06:55:02.954+0000] {dag.py:3096} INFO - Sync 1 DAGs
[2026-07-29T06:55:03.188+0000] {logging_mixin.py:188} INFO - [2026-07-29T06:55:03.187+0000] {dag.py:3954} INFO - Setting next_dagrun for process_gold_layer to None, run_after=None
[2026-07-29T06:55:03.538+0000] {processor.py:183} INFO - Processing /opt/airflow/dags/gold_processing_dag.py took 1.186 seconds
[2026-07-29T06:55:33.940+0000] {processor.py:161} INFO - Started process (PID=36369) to work on /opt/airflow/dags/gold_processing_dag.py
[2026-07-29T06:55:33.946+0000] {processor.py:830} INFO - Processing file /opt/airflow/dags/gold_processing_dag.py for tasks to queue
[2026-07-29T06:55:33.966+0000] {logging_mixin.py:188} INFO - [2026-07-29T06:55:33.960+0000] {dagbag.py:545} INFO - Filling up the DagBag from /opt/airflow/dags/gold_processing_dag.py
[2026-07-29T06:55:34.015+0000] {processor.py:840} INFO - DAG(s) 'process_gold_layer' retrieved from /opt/airflow/dags/gold_processing_dag.py
[2026-07-29T06:55:34.110+0000] {logging_mixin.py:188} INFO - [2026-07-29T06:55:34.109+0000] {dag.py:3096} INFO - Sync 1 DAGs
[2026-07-29T06:55:34.161+0000] {logging_mixin.py:188} INFO - [2026-07-29T06:55:34.160+0000] {dag.py:3954} INFO - Setting next_dagrun for process_gold_layer to None, run_after=None
[2026-07-29T06:55:34.379+0000] {processor.py:183} INFO - Processing /opt/airflow/dags/gold_processing_dag.py took 0.498 seconds
[2026-07-29T06:56:04.902+0000] {processor.py:161} INFO - Started process (PID=36384) to work on /opt/airflow/dags/gold_processing_dag.py
[2026-07-29T06:56:04.918+0000] {processor.py:830} INFO - Processing file /opt/airflow/dags/gold_processing_dag.py for tasks to queue
[2026-07-29T06:56:04.943+0000] {logging_mixin.py:188} INFO - [2026-07-29T06:56:04.938+0000] {dagbag.py:545} INFO - Filling up the DagBag from /opt/airflow/dags/gold_processing_dag.py
[2026-07-29T06:56:05.091+0000] {processor.py:840} INFO - DAG(s) 'process_gold_layer' retrieved from /opt/airflow/dags/gold_processing_dag.py
[2026-07-29T06:56:05.270+0000] {logging_mixin.py:188} INFO - [2026-07-29T06:56:05.269+0000] {dag.py:3096} INFO - Sync 1 DAGs
[2026-07-29T06:56:05.357+0000] {logging_mixin.py:188} INFO - [2026-07-29T06:56:05.357+0000] {dag.py:3954} INFO - Setting next_dagrun for process_gold_layer to None, run_after=None
[2026-07-29T06:56:05.476+0000] {processor.py:183} INFO - Processing /opt/airflow/dags/gold_processing_dag.py took 0.668 seconds
[2026-07-29T06:56:35.856+0000] {processor.py:161} INFO - Started process (PID=36399) to work on /opt/airflow/dags/gold_processing_dag.py
[2026-07-29T06:56:35.864+0000] {processor.py:830} INFO - Processing file /opt/airflow/dags/gold_processing_dag.py for tasks to queue
[2026-07-29T06:56:35.887+0000] {logging_mixin.py:188} INFO - [2026-07-29T06:56:35.885+0000] {dagbag.py:545} INFO - Filling up the DagBag from /opt/airflow/dags/gold_processing_dag.py
[2026-07-29T06:56:36.077+0000] {processor.py:840} INFO - DAG(s) 'process_gold_layer' retrieved from /opt/airflow/dags/gold_processing_dag.py
[2026-07-29T06:56:36.300+0000] {logging_mixin.py:188} INFO - [2026-07-29T06:56:36.298+0000] {dag.py:3096} INFO - Sync 1 DAGs
[2026-07-29T06:56:36.393+0000] {logging_mixin.py:188} INFO - [2026-07-29T06:56:36.392+0000] {dag.py:3954} INFO - Setting next_dagrun for process_gold_layer to None, run_after=None
[2026-07-29T06:56:36.546+0000] {processor.py:183} INFO - Processing /opt/airflow/dags/gold_processing_dag.py took 0.758 seconds
[2026-07-29T06:57:06.766+0000] {processor.py:161} INFO - Started process (PID=36414) to work on /opt/airflow/dags/gold_processing_dag.py
[2026-07-29T06:57:06.778+0000] {processor.py:830} INFO - Processing file /opt/airflow/dags/gold_processing_dag.py for tasks to queue
[2026-07-29T06:57:06.805+0000] {logging_mixin.py:188} INFO - [2026-07-29T06:57:06.801+0000] {dagbag.py:545} INFO - Filling up the DagBag from /opt/airflow/dags/gold_processing_dag.py
[2026-07-29T06:57:06.864+0000] {processor.py:840} INFO - DAG(s) 'process_gold_layer' retrieved from /opt/airflow/dags/gold_processing_dag.py
[2026-07-29T06:57:06.919+0000] {logging_mixin.py:188} INFO - [2026-07-29T06:57:06.918+0000] {dag.py:3096} INFO - Sync 1 DAGs
[2026-07-29T06:57:06.944+0000] {logging_mixin.py:188} INFO - [2026-07-29T06:57:06.944+0000] {dag.py:3954} INFO - Setting next_dagrun for process_gold_layer to None, run_after=None
[2026-07-29T06:57:07.003+0000] {processor.py:183} INFO - Processing /opt/airflow/dags/gold_processing_dag.py took 0.288 seconds
[2026-07-29T06:57:37.309+0000] {processor.py:161} INFO - Started process (PID=36429) to work on /opt/airflow/dags/gold_processing_dag.py
[2026-07-29T06:57:37.313+0000] {processor.py:830} INFO - Processing file /opt/airflow/dags/gold_processing_dag.py for tasks to queue
[2026-07-29T06:57:37.328+0000] {logging_mixin.py:188} INFO - [2026-07-29T06:57:37.328+0000] {dagbag.py:545} INFO - Filling up the DagBag from /opt/airflow/dags/gold_processing_dag.py
[2026-07-29T06:57:37.380+0000] {processor.py:840} INFO - DAG(s) 'process_gold_layer' retrieved from /opt/airflow/dags/gold_processing_dag.py
[2026-07-29T06:57:37.475+0000] {logging_mixin.py:188} INFO - [2026-07-29T06:57:37.473+0000] {dag.py:3096} INFO - Sync 1 DAGs
[2026-07-29T06:57:37.518+0000] {logging_mixin.py:188} INFO - [2026-07-29T06:57:37.518+0000] {dag.py:3954} INFO - Setting next_dagrun for process_gold_layer to None, run_after=None
[2026-07-29T06:57:37.586+0000] {processor.py:183} INFO - Processing /opt/airflow/dags/gold_processing_dag.py took 0.298 seconds
[2026-07-29T06:58:12.096+0000] {processor.py:161} INFO - Started process (PID=36439) to work on /opt/airflow/dags/gold_processing_dag.py
[2026-07-29T06:58:12.101+0000] {processor.py:830} INFO - Processing file /opt/airflow/dags/gold_processing_dag.py for tasks to queue
[2026-07-29T06:58:12.123+0000] {logging_mixin.py:188} INFO - [2026-07-29T06:58:12.114+0000] {dagbag.py:545} INFO - Filling up the DagBag from /opt/airflow/dags/gold_processing_dag.py
[2026-07-29T06:58:12.187+0000] {processor.py:840} INFO - DAG(s) 'process_gold_layer' retrieved from /opt/airflow/dags/gold_processing_dag.py
[2026-07-29T06:58:12.326+0000] {logging_mixin.py:188} INFO - [2026-07-29T06:58:12.325+0000] {dag.py:3096} INFO - Sync 1 DAGs
[2026-07-29T06:58:12.387+0000] {logging_mixin.py:188} INFO - [2026-07-29T06:58:12.386+0000] {dag.py:3954} INFO - Setting next_dagrun for process_gold_layer to None, run_after=None
[2026-07-29T06:58:12.697+0000] {processor.py:183} INFO - Processing /opt/airflow/dags/gold_processing_dag.py took 0.678 seconds
[2026-07-29T06:58:45.423+0000] {processor.py:161} INFO - Started process (PID=36454) to work on /opt/airflow/dags/gold_processing_dag.py
[2026-07-29T06:58:45.513+0000] {processor.py:830} INFO - Processing file /opt/airflow/dags/gold_processing_dag.py for tasks to queue
[2026-07-29T06:58:47.592+0000] {logging_mixin.py:188} INFO - [2026-07-29T06:58:47.578+0000] {dagbag.py:545} INFO - Filling up the DagBag from /opt/airflow/dags/gold_processing_dag.py
[2026-07-29T06:58:47.869+0000] {processor.py:840} INFO - DAG(s) 'process_gold_layer' retrieved from /opt/airflow/dags/gold_processing_dag.py
[2026-07-29T06:58:52.645+0000] {logging_mixin.py:188} INFO - [2026-07-29T06:58:52.644+0000] {dag.py:3096} INFO - Sync 1 DAGs
[2026-07-29T06:58:54.425+0000] {logging_mixin.py:188} INFO - [2026-07-29T06:58:54.425+0000] {dag.py:3954} INFO - Setting next_dagrun for process_gold_layer to None, run_after=None
[2026-07-29T06:58:55.784+0000] {processor.py:183} INFO - Processing /opt/airflow/dags/gold_processing_dag.py took 11.502 seconds
[2026-07-29T06:59:28.774+0000] {processor.py:161} INFO - Started process (PID=36469) to work on /opt/airflow/dags/gold_processing_dag.py
[2026-07-29T06:59:31.912+0000] {processor.py:830} INFO - Processing file /opt/airflow/dags/gold_processing_dag.py for tasks to queue
[2026-07-29T06:59:32.138+0000] {logging_mixin.py:188} INFO - [2026-07-29T06:59:32.093+0000] {dagbag.py:545} INFO - Filling up the DagBag from /opt/airflow/dags/gold_processing_dag.py
[2026-07-29T06:59:33.000+0000] {processor.py:840} INFO - DAG(s) 'process_gold_layer' retrieved from /opt/airflow/dags/gold_processing_dag.py
[2026-07-29T06:59:36.881+0000] {logging_mixin.py:188} INFO - [2026-07-29T06:59:36.880+0000] {dag.py:3096} INFO - Sync 1 DAGs
[2026-07-29T06:59:38.576+0000] {logging_mixin.py:188} INFO - [2026-07-29T06:59:38.575+0000] {dag.py:3954} INFO - Setting next_dagrun for process_gold_layer to None, run_after=None
[2026-07-29T06:59:39.034+0000] {processor.py:183} INFO - Processing /opt/airflow/dags/gold_processing_dag.py took 9.928 seconds
[2026-07-29T07:00:10.477+0000] {processor.py:161} INFO - Started process (PID=36486) to work on /opt/airflow/dags/gold_processing_dag.py
[2026-07-29T07:00:10.497+0000] {processor.py:830} INFO - Processing file /opt/airflow/dags/gold_processing_dag.py for tasks to queue
[2026-07-29T07:00:29.358+0000] {logging_mixin.py:188} INFO - [2026-07-29T07:00:29.095+0000] {dagbag.py:545} INFO - Filling up the DagBag from /opt/airflow/dags/gold_processing_dag.py
[2026-07-29T07:00:33.801+0000] {processor.py:840} INFO - DAG(s) 'process_gold_layer' retrieved from /opt/airflow/dags/gold_processing_dag.py
[2026-07-29T07:00:37.236+0000] {logging_mixin.py:188} INFO - [2026-07-29T07:00:37.235+0000] {dag.py:3096} INFO - Sync 1 DAGs
[2026-07-29T07:00:37.989+0000] {logging_mixin.py:188} INFO - [2026-07-29T07:00:37.988+0000] {dag.py:3954} INFO - Setting next_dagrun for process_gold_layer to None, run_after=None
[2026-07-29T07:00:42.012+0000] {processor.py:183} INFO - Processing /opt/airflow/dags/gold_processing_dag.py took 30.645 seconds
[2026-07-29T07:01:15.843+0000] {processor.py:161} INFO - Started process (PID=36503) to work on /opt/airflow/dags/gold_processing_dag.py
[2026-07-29T07:01:15.848+0000] {processor.py:830} INFO - Processing file /opt/airflow/dags/gold_processing_dag.py for tasks to queue
[2026-07-29T07:01:15.867+0000] {logging_mixin.py:188} INFO - [2026-07-29T07:01:15.866+0000] {dagbag.py:545} INFO - Filling up the DagBag from /opt/airflow/dags/gold_processing_dag.py
[2026-07-29T07:01:15.919+0000] {processor.py:840} INFO - DAG(s) 'process_gold_layer' retrieved from /opt/airflow/dags/gold_processing_dag.py
[2026-07-29T07:01:16.019+0000] {logging_mixin.py:188} INFO - [2026-07-29T07:01:16.019+0000] {dag.py:3096} INFO - Sync 1 DAGs
[2026-07-29T07:01:16.072+0000] {logging_mixin.py:188} INFO - [2026-07-29T07:01:16.071+0000] {dag.py:3954} INFO - Setting next_dagrun for process_gold_layer to None, run_after=None
[2026-07-29T07:01:16.300+0000] {processor.py:183} INFO - Processing /opt/airflow/dags/gold_processing_dag.py took 0.537 seconds
[2026-07-29T07:01:46.553+0000] {processor.py:161} INFO - Started process (PID=36524) to work on /opt/airflow/dags/gold_processing_dag.py
[2026-07-29T07:01:46.557+0000] {processor.py:830} INFO - Processing file /opt/airflow/dags/gold_processing_dag.py for tasks to queue
[2026-07-29T07:01:46.567+0000] {logging_mixin.py:188} INFO - [2026-07-29T07:01:46.565+0000] {dagbag.py:545} INFO - Filling up the DagBag from /opt/airflow/dags/gold_processing_dag.py
[2026-07-29T07:01:46.627+0000] {processor.py:840} INFO - DAG(s) 'process_gold_layer' retrieved from /opt/airflow/dags/gold_processing_dag.py
[2026-07-29T07:01:46.801+0000] {logging_mixin.py:188} INFO - [2026-07-29T07:01:46.801+0000] {dag.py:3096} INFO - Sync 1 DAGs
[2026-07-29T07:01:46.831+0000] {logging_mixin.py:188} INFO - [2026-07-29T07:01:46.830+0000] {dag.py:3954} INFO - Setting next_dagrun for process_gold_layer to None, run_after=None
[2026-07-29T07:01:46.911+0000] {processor.py:183} INFO - Processing /opt/airflow/dags/gold_processing_dag.py took 0.382 seconds
[2026-07-29T07:02:18.936+0000] {processor.py:161} INFO - Started process (PID=36621) to work on /opt/airflow/dags/gold_processing_dag.py
[2026-07-29T07:02:18.953+0000] {processor.py:830} INFO - Processing file /opt/airflow/dags/gold_processing_dag.py for tasks to queue
[2026-07-29T07:02:19.075+0000] {logging_mixin.py:188} INFO - [2026-07-29T07:02:19.050+0000] {dagbag.py:545} INFO - Filling up the DagBag from /opt/airflow/dags/gold_processing_dag.py
[2026-07-29T07:02:19.844+0000] {processor.py:840} INFO - DAG(s) 'process_gold_layer' retrieved from /opt/airflow/dags/gold_processing_dag.py
[2026-07-29T07:02:20.704+0000] {logging_mixin.py:188} INFO - [2026-07-29T07:02:20.703+0000] {dag.py:3096} INFO - Sync 1 DAGs
[2026-07-29T07:02:24.709+0000] {logging_mixin.py:188} INFO - [2026-07-29T07:02:24.473+0000] {dag.py:3954} INFO - Setting next_dagrun for process_gold_layer to None, run_after=None
[2026-07-29T07:02:30.254+0000] {processor.py:183} INFO - Processing /opt/airflow/dags/gold_processing_dag.py took 11.724 seconds
[2026-07-29T07:03:14.177+0000] {processor.py:161} INFO - Started process (PID=36672) to work on /opt/airflow/dags/gold_processing_dag.py
[2026-07-29T07:03:14.331+0000] {processor.py:830} INFO - Processing file /opt/airflow/dags/gold_processing_dag.py for tasks to queue
[2026-07-29T07:02:16.833+0000] {logging_mixin.py:188} INFO - [2026-07-29T07:02:16.796+0000] {dagbag.py:545} INFO - Filling up the DagBag from /opt/airflow/dags/gold_processing_dag.py
[2026-07-29T07:03:16.355+0000] {processor.py:840} INFO - DAG(s) 'process_gold_layer' retrieved from /opt/airflow/dags/gold_processing_dag.py
[2026-07-29T07:03:19.126+0000] {logging_mixin.py:188} INFO - [2026-07-29T07:03:19.097+0000] {dag.py:3096} INFO - Sync 1 DAGs
[2026-07-29T07:03:20.887+0000] {logging_mixin.py:188} INFO - [2026-07-29T07:03:20.854+0000] {dag.py:3954} INFO - Setting next_dagrun for process_gold_layer to None, run_after=None
[2026-07-29T07:03:22.548+0000] {processor.py:183} INFO - Processing /opt/airflow/dags/gold_processing_dag.py took 9.143 seconds
[2026-07-29T07:04:10.779+0000] {processor.py:161} INFO - Started process (PID=36740) to work on /opt/airflow/dags/gold_processing_dag.py
[2026-07-29T07:04:10.801+0000] {processor.py:830} INFO - Processing file /opt/airflow/dags/gold_processing_dag.py for tasks to queue
[2026-07-29T07:04:10.892+0000] {logging_mixin.py:188} INFO - [2026-07-29T07:04:10.882+0000] {dagbag.py:545} INFO - Filling up the DagBag from /opt/airflow/dags/gold_processing_dag.py
[2026-07-29T07:04:16.413+0000] {processor.py:840} INFO - DAG(s) 'process_gold_layer' retrieved from /opt/airflow/dags/gold_processing_dag.py
[2026-07-29T07:04:22.987+0000] {logging_mixin.py:188} INFO - [2026-07-29T07:04:22.985+0000] {dag.py:3096} INFO - Sync 1 DAGs
[2026-07-29T07:04:23.384+0000] {logging_mixin.py:188} INFO - [2026-07-29T07:04:23.383+0000] {dag.py:3954} INFO - Setting next_dagrun for process_gold_layer to None, run_after=None
[2026-07-29T07:04:24.392+0000] {processor.py:183} INFO - Processing /opt/airflow/dags/gold_processing_dag.py took 12.963 seconds
[2026-07-29T07:05:13.086+0000] {processor.py:161} INFO - Started process (PID=36793) to work on /opt/airflow/dags/gold_processing_dag.py
[2026-07-29T07:05:13.119+0000] {processor.py:830} INFO - Processing file /opt/airflow/dags/gold_processing_dag.py for tasks to queue
[2026-07-29T07:05:18.500+0000] {logging_mixin.py:188} INFO - [2026-07-29T07:05:18.470+0000] {dagbag.py:545} INFO - Filling up the DagBag from /opt/airflow/dags/gold_processing_dag.py
[2026-07-29T07:05:19.826+0000] {processor.py:840} INFO - DAG(s) 'process_gold_layer' retrieved from /opt/airflow/dags/gold_processing_dag.py
[2026-07-29T07:05:21.850+0000] {logging_mixin.py:188} INFO - [2026-07-29T07:05:21.849+0000] {dag.py:3096} INFO - Sync 1 DAGs
[2026-07-29T07:05:22.328+0000] {logging_mixin.py:188} INFO - [2026-07-29T07:05:22.327+0000] {dag.py:3954} INFO - Setting next_dagrun for process_gold_layer to None, run_after=None
[2026-07-29T07:05:23.412+0000] {processor.py:183} INFO - Processing /opt/airflow/dags/gold_processing_dag.py took 9.961 seconds
[2026-07-29T07:05:57.777+0000] {processor.py:161} INFO - Started process (PID=36824) to work on /opt/airflow/dags/gold_processing_dag.py
[2026-07-29T07:05:57.818+0000] {processor.py:830} INFO - Processing file /opt/airflow/dags/gold_processing_dag.py for tasks to queue
[2026-07-29T07:05:57.941+0000] {logging_mixin.py:188} INFO - [2026-07-29T07:05:57.924+0000] {dagbag.py:545} INFO - Filling up the DagBag from /opt/airflow/dags/gold_processing_dag.py
[2026-07-29T07:05:58.504+0000] {processor.py:840} INFO - DAG(s) 'process_gold_layer' retrieved from /opt/airflow/dags/gold_processing_dag.py
[2026-07-29T07:06:01.216+0000] {logging_mixin.py:188} INFO - [2026-07-29T07:06:01.215+0000] {dag.py:3096} INFO - Sync 1 DAGs
[2026-07-29T07:06:01.568+0000] {logging_mixin.py:188} INFO - [2026-07-29T07:06:01.565+0000] {dag.py:3954} INFO - Setting next_dagrun for process_gold_layer to None, run_after=None
[2026-07-29T07:06:13.559+0000] {processor.py:183} INFO - Processing /opt/airflow/dags/gold_processing_dag.py took 15.993 seconds
[2026-07-29T07:06:47.124+0000] {processor.py:161} INFO - Started process (PID=36931) to work on /opt/airflow/dags/gold_processing_dag.py
[2026-07-29T07:06:47.193+0000] {processor.py:830} INFO - Processing file /opt/airflow/dags/gold_processing_dag.py for tasks to queue
[2026-07-29T07:06:47.333+0000] {logging_mixin.py:188} INFO - [2026-07-29T07:06:47.321+0000] {dagbag.py:545} INFO - Filling up the DagBag from /opt/airflow/dags/gold_processing_dag.py
[2026-07-29T07:06:47.721+0000] {processor.py:840} INFO - DAG(s) 'process_gold_layer' retrieved from /opt/airflow/dags/gold_processing_dag.py
[2026-07-29T07:06:49.219+0000] {logging_mixin.py:188} INFO - [2026-07-29T07:06:49.218+0000] {dag.py:3096} INFO - Sync 1 DAGs
[2026-07-29T07:06:49.425+0000] {logging_mixin.py:188} INFO - [2026-07-29T07:06:49.425+0000] {dag.py:3954} INFO - Setting next_dagrun for process_gold_layer to None, run_after=None
[2026-07-29T07:06:49.750+0000] {processor.py:183} INFO - Processing /opt/airflow/dags/gold_processing_dag.py took 2.869 seconds
[2026-07-29T07:07:31.821+0000] {processor.py:161} INFO - Started process (PID=37000) to work on /opt/airflow/dags/gold_processing_dag.py
[2026-07-29T07:07:31.837+0000] {processor.py:830} INFO - Processing file /opt/airflow/dags/gold_processing_dag.py for tasks to queue
[2026-07-29T07:07:31.930+0000] {logging_mixin.py:188} INFO - [2026-07-29T07:07:31.916+0000] {dagbag.py:545} INFO - Filling up the DagBag from /opt/airflow/dags/gold_processing_dag.py
[2026-07-29T07:07:32.169+0000] {processor.py:840} INFO - DAG(s) 'process_gold_layer' retrieved from /opt/airflow/dags/gold_processing_dag.py
[2026-07-29T07:07:32.504+0000] {logging_mixin.py:188} INFO - [2026-07-29T07:07:32.503+0000] {dag.py:3096} INFO - Sync 1 DAGs
[2026-07-29T07:07:32.686+0000] {logging_mixin.py:188} INFO - [2026-07-29T07:07:32.685+0000] {dag.py:3954} INFO - Setting next_dagrun for process_gold_layer to None, run_after=None
[2026-07-29T07:07:34.173+0000] {processor.py:183} INFO - Processing /opt/airflow/dags/gold_processing_dag.py took 2.617 seconds
[2026-07-29T07:08:11.081+0000] {processor.py:161} INFO - Started process (PID=37050) to work on /opt/airflow/dags/gold_processing_dag.py
[2026-07-29T07:08:11.110+0000] {processor.py:830} INFO - Processing file /opt/airflow/dags/gold_processing_dag.py for tasks to queue
[2026-07-29T07:08:11.288+0000] {logging_mixin.py:188} INFO - [2026-07-29T07:08:11.274+0000] {dagbag.py:545} INFO - Filling up the DagBag from /opt/airflow/dags/gold_processing_dag.py
[2026-07-29T07:08:11.548+0000] {processor.py:840} INFO - DAG(s) 'process_gold_layer' retrieved from /opt/airflow/dags/gold_processing_dag.py
[2026-07-29T07:08:12.296+0000] {logging_mixin.py:188} INFO - [2026-07-29T07:08:12.295+0000] {dag.py:3096} INFO - Sync 1 DAGs
[2026-07-29T07:08:12.798+0000] {logging_mixin.py:188} INFO - [2026-07-29T07:08:12.797+0000] {dag.py:3954} INFO - Setting next_dagrun for process_gold_layer to None, run_after=None
[2026-07-29T07:08:13.265+0000] {processor.py:183} INFO - Processing /opt/airflow/dags/gold_processing_dag.py took 2.445 seconds
