[2026-09-06T00:00:09.294+0000] {processor.py:161} INFO - Started process (PID=17381) to work on /opt/airflow/dags/silver_processing_dag.py
[2026-09-06T00:00:09.365+0000] {processor.py:830} INFO - Processing file /opt/airflow/dags/silver_processing_dag.py for tasks to queue
[2026-09-06T00:00:09.515+0000] {logging_mixin.py:188} INFO - [2026-09-06T00:00:09.495+0000] {dagbag.py:545} INFO - Filling up the DagBag from /opt/airflow/dags/silver_processing_dag.py
[2026-09-06T00:00:10.389+0000] {processor.py:840} INFO - DAG(s) 'process_silver_layer' retrieved from /opt/airflow/dags/silver_processing_dag.py
[2026-09-06T00:00:10.636+0000] {logging_mixin.py:188} INFO - [2026-09-06T00:00:10.635+0000] {dag.py:3096} INFO - Sync 1 DAGs
[2026-09-06T00:00:10.790+0000] {logging_mixin.py:188} INFO - [2026-09-06T00:00:10.789+0000] {dag.py:3954} INFO - Setting next_dagrun for process_silver_layer to None, run_after=None
[2026-09-06T00:00:10.877+0000] {processor.py:183} INFO - Processing /opt/airflow/dags/silver_processing_dag.py took 1.672 seconds
[2026-09-06T00:00:43.261+0000] {processor.py:161} INFO - Started process (PID=17404) to work on /opt/airflow/dags/silver_processing_dag.py
[2026-09-06T00:00:43.327+0000] {processor.py:830} INFO - Processing file /opt/airflow/dags/silver_processing_dag.py for tasks to queue
[2026-09-06T00:00:43.365+0000] {logging_mixin.py:188} INFO - [2026-09-06T00:00:43.364+0000] {dagbag.py:545} INFO - Filling up the DagBag from /opt/airflow/dags/silver_processing_dag.py
[2026-09-06T00:00:44.427+0000] {processor.py:840} INFO - DAG(s) 'process_silver_layer' retrieved from /opt/airflow/dags/silver_processing_dag.py
[2026-09-06T00:00:44.763+0000] {logging_mixin.py:188} INFO - [2026-09-06T00:00:44.762+0000] {dag.py:3096} INFO - Sync 1 DAGs
[2026-09-06T00:00:45.001+0000] {logging_mixin.py:188} INFO - [2026-09-06T00:00:44.990+0000] {dag.py:3954} INFO - Setting next_dagrun for process_silver_layer to None, run_after=None
[2026-09-06T00:00:45.272+0000] {processor.py:183} INFO - Processing /opt/airflow/dags/silver_processing_dag.py took 2.062 seconds
[2026-09-06T00:01:16.054+0000] {processor.py:161} INFO - Started process (PID=17482) to work on /opt/airflow/dags/silver_processing_dag.py
[2026-09-06T00:01:16.058+0000] {processor.py:830} INFO - Processing file /opt/airflow/dags/silver_processing_dag.py for tasks to queue
[2026-09-06T00:01:16.072+0000] {logging_mixin.py:188} INFO - [2026-09-06T00:01:16.071+0000] {dagbag.py:545} INFO - Filling up the DagBag from /opt/airflow/dags/silver_processing_dag.py
[2026-09-06T00:01:16.490+0000] {processor.py:840} INFO - DAG(s) 'process_silver_layer' retrieved from /opt/airflow/dags/silver_processing_dag.py
[2026-09-06T00:01:16.651+0000] {logging_mixin.py:188} INFO - [2026-09-06T00:01:16.650+0000] {dag.py:3096} INFO - Sync 1 DAGs
[2026-09-06T00:01:16.831+0000] {logging_mixin.py:188} INFO - [2026-09-06T00:01:16.831+0000] {dag.py:3954} INFO - Setting next_dagrun for process_silver_layer to None, run_after=None
[2026-09-06T00:01:17.081+0000] {processor.py:183} INFO - Processing /opt/airflow/dags/silver_processing_dag.py took 1.086 seconds
[2026-09-06T00:01:48.442+0000] {processor.py:161} INFO - Started process (PID=17604) to work on /opt/airflow/dags/silver_processing_dag.py
[2026-09-06T00:01:48.525+0000] {processor.py:830} INFO - Processing file /opt/airflow/dags/silver_processing_dag.py for tasks to queue
[2026-09-06T00:01:48.731+0000] {logging_mixin.py:188} INFO - [2026-09-06T00:01:48.684+0000] {dagbag.py:545} INFO - Filling up the DagBag from /opt/airflow/dags/silver_processing_dag.py
[2026-09-06T00:01:49.443+0000] {processor.py:840} INFO - DAG(s) 'process_silver_layer' retrieved from /opt/airflow/dags/silver_processing_dag.py
[2026-09-06T00:01:49.812+0000] {logging_mixin.py:188} INFO - [2026-09-06T00:01:49.811+0000] {dag.py:3096} INFO - Sync 1 DAGs
[2026-09-06T00:01:50.037+0000] {logging_mixin.py:188} INFO - [2026-09-06T00:01:50.036+0000] {dag.py:3954} INFO - Setting next_dagrun for process_silver_layer to None, run_after=None
[2026-09-06T00:01:50.297+0000] {processor.py:183} INFO - Processing /opt/airflow/dags/silver_processing_dag.py took 2.089 seconds
[2026-09-06T00:02:21.078+0000] {processor.py:161} INFO - Started process (PID=17729) to work on /opt/airflow/dags/silver_processing_dag.py
[2026-09-06T00:02:21.082+0000] {processor.py:830} INFO - Processing file /opt/airflow/dags/silver_processing_dag.py for tasks to queue
[2026-09-06T00:02:21.093+0000] {logging_mixin.py:188} INFO - [2026-09-06T00:02:21.092+0000] {dagbag.py:545} INFO - Filling up the DagBag from /opt/airflow/dags/silver_processing_dag.py
[2026-09-06T00:02:21.183+0000] {processor.py:840} INFO - DAG(s) 'process_silver_layer' retrieved from /opt/airflow/dags/silver_processing_dag.py
[2026-09-06T00:02:21.366+0000] {logging_mixin.py:188} INFO - [2026-09-06T00:02:21.366+0000] {dag.py:3096} INFO - Sync 1 DAGs
[2026-09-06T00:02:21.442+0000] {logging_mixin.py:188} INFO - [2026-09-06T00:02:21.441+0000] {dag.py:3954} INFO - Setting next_dagrun for process_silver_layer to None, run_after=None
[2026-09-06T00:02:21.727+0000] {processor.py:183} INFO - Processing /opt/airflow/dags/silver_processing_dag.py took 0.675 seconds
[2026-09-06T00:02:52.191+0000] {processor.py:161} INFO - Started process (PID=17815) to work on /opt/airflow/dags/silver_processing_dag.py
[2026-09-06T00:02:52.201+0000] {processor.py:830} INFO - Processing file /opt/airflow/dags/silver_processing_dag.py for tasks to queue
[2026-09-06T00:02:52.229+0000] {logging_mixin.py:188} INFO - [2026-09-06T00:02:52.227+0000] {dagbag.py:545} INFO - Filling up the DagBag from /opt/airflow/dags/silver_processing_dag.py
[2026-09-06T00:02:52.323+0000] {processor.py:840} INFO - DAG(s) 'process_silver_layer' retrieved from /opt/airflow/dags/silver_processing_dag.py
[2026-09-06T00:02:52.414+0000] {logging_mixin.py:188} INFO - [2026-09-06T00:02:52.413+0000] {dag.py:3096} INFO - Sync 1 DAGs
[2026-09-06T00:02:52.464+0000] {logging_mixin.py:188} INFO - [2026-09-06T00:02:52.464+0000] {dag.py:3954} INFO - Setting next_dagrun for process_silver_layer to None, run_after=None
[2026-09-06T00:02:52.532+0000] {processor.py:183} INFO - Processing /opt/airflow/dags/silver_processing_dag.py took 0.374 seconds
[2026-09-06T00:03:23.575+0000] {processor.py:161} INFO - Started process (PID=17856) to work on /opt/airflow/dags/silver_processing_dag.py
[2026-09-06T00:03:23.602+0000] {processor.py:830} INFO - Processing file /opt/airflow/dags/silver_processing_dag.py for tasks to queue
[2026-09-06T00:03:23.616+0000] {logging_mixin.py:188} INFO - [2026-09-06T00:03:23.615+0000] {dagbag.py:545} INFO - Filling up the DagBag from /opt/airflow/dags/silver_processing_dag.py
[2026-09-06T00:03:24.028+0000] {processor.py:840} INFO - DAG(s) 'process_silver_layer' retrieved from /opt/airflow/dags/silver_processing_dag.py
[2026-09-06T00:03:24.245+0000] {logging_mixin.py:188} INFO - [2026-09-06T00:03:24.244+0000] {dag.py:3096} INFO - Sync 1 DAGs
[2026-09-06T00:03:24.427+0000] {logging_mixin.py:188} INFO - [2026-09-06T00:03:24.421+0000] {dag.py:3954} INFO - Setting next_dagrun for process_silver_layer to None, run_after=None
[2026-09-06T00:03:24.730+0000] {processor.py:183} INFO - Processing /opt/airflow/dags/silver_processing_dag.py took 1.220 seconds
[2026-09-06T00:03:55.635+0000] {processor.py:161} INFO - Started process (PID=17900) to work on /opt/airflow/dags/silver_processing_dag.py
[2026-09-06T00:03:55.652+0000] {processor.py:830} INFO - Processing file /opt/airflow/dags/silver_processing_dag.py for tasks to queue
[2026-09-06T00:03:55.685+0000] {logging_mixin.py:188} INFO - [2026-09-06T00:03:55.678+0000] {dagbag.py:545} INFO - Filling up the DagBag from /opt/airflow/dags/silver_processing_dag.py
[2026-09-06T00:03:55.874+0000] {processor.py:840} INFO - DAG(s) 'process_silver_layer' retrieved from /opt/airflow/dags/silver_processing_dag.py
[2026-09-06T00:03:56.054+0000] {logging_mixin.py:188} INFO - [2026-09-06T00:03:56.054+0000] {dag.py:3096} INFO - Sync 1 DAGs
[2026-09-06T00:03:56.111+0000] {logging_mixin.py:188} INFO - [2026-09-06T00:03:56.110+0000] {dag.py:3954} INFO - Setting next_dagrun for process_silver_layer to None, run_after=None
[2026-09-06T00:03:56.260+0000] {processor.py:183} INFO - Processing /opt/airflow/dags/silver_processing_dag.py took 0.688 seconds
[2026-09-06T00:04:28.037+0000] {processor.py:161} INFO - Started process (PID=17983) to work on /opt/airflow/dags/silver_processing_dag.py
[2026-09-06T00:04:28.111+0000] {processor.py:830} INFO - Processing file /opt/airflow/dags/silver_processing_dag.py for tasks to queue
[2026-09-06T00:04:28.169+0000] {logging_mixin.py:188} INFO - [2026-09-06T00:04:28.168+0000] {dagbag.py:545} INFO - Filling up the DagBag from /opt/airflow/dags/silver_processing_dag.py
[2026-09-06T00:04:28.328+0000] {processor.py:840} INFO - DAG(s) 'process_silver_layer' retrieved from /opt/airflow/dags/silver_processing_dag.py
[2026-09-06T00:04:28.510+0000] {logging_mixin.py:188} INFO - [2026-09-06T00:04:28.509+0000] {dag.py:3096} INFO - Sync 1 DAGs
[2026-09-06T00:04:28.578+0000] {logging_mixin.py:188} INFO - [2026-09-06T00:04:28.578+0000] {dag.py:3954} INFO - Setting next_dagrun for process_silver_layer to None, run_after=None
[2026-09-06T00:04:29.315+0000] {processor.py:183} INFO - Processing /opt/airflow/dags/silver_processing_dag.py took 1.387 seconds
[2026-09-06T00:04:59.969+0000] {processor.py:161} INFO - Started process (PID=18044) to work on /opt/airflow/dags/silver_processing_dag.py
[2026-09-06T00:04:59.973+0000] {processor.py:830} INFO - Processing file /opt/airflow/dags/silver_processing_dag.py for tasks to queue
[2026-09-06T00:04:59.979+0000] {logging_mixin.py:188} INFO - [2026-09-06T00:04:59.978+0000] {dagbag.py:545} INFO - Filling up the DagBag from /opt/airflow/dags/silver_processing_dag.py
[2026-09-06T00:05:00.083+0000] {processor.py:840} INFO - DAG(s) 'process_silver_layer' retrieved from /opt/airflow/dags/silver_processing_dag.py
[2026-09-06T00:05:00.162+0000] {logging_mixin.py:188} INFO - [2026-09-06T00:05:00.162+0000] {dag.py:3096} INFO - Sync 1 DAGs
[2026-09-06T00:05:00.202+0000] {logging_mixin.py:188} INFO - [2026-09-06T00:05:00.202+0000] {dag.py:3954} INFO - Setting next_dagrun for process_silver_layer to None, run_after=None
[2026-09-06T00:05:02.067+0000] {processor.py:183} INFO - Processing /opt/airflow/dags/silver_processing_dag.py took 2.118 seconds
[2026-09-06T00:05:32.705+0000] {processor.py:161} INFO - Started process (PID=18120) to work on /opt/airflow/dags/silver_processing_dag.py
[2026-09-06T00:05:32.711+0000] {processor.py:830} INFO - Processing file /opt/airflow/dags/silver_processing_dag.py for tasks to queue
[2026-09-06T00:05:32.725+0000] {logging_mixin.py:188} INFO - [2026-09-06T00:05:32.724+0000] {dagbag.py:545} INFO - Filling up the DagBag from /opt/airflow/dags/silver_processing_dag.py
[2026-09-06T00:05:32.831+0000] {processor.py:840} INFO - DAG(s) 'process_silver_layer' retrieved from /opt/airflow/dags/silver_processing_dag.py
[2026-09-06T00:05:32.940+0000] {logging_mixin.py:188} INFO - [2026-09-06T00:05:32.940+0000] {dag.py:3096} INFO - Sync 1 DAGs
[2026-09-06T00:05:33.033+0000] {logging_mixin.py:188} INFO - [2026-09-06T00:05:33.032+0000] {dag.py:3954} INFO - Setting next_dagrun for process_silver_layer to None, run_after=None
[2026-09-06T00:05:33.205+0000] {processor.py:183} INFO - Processing /opt/airflow/dags/silver_processing_dag.py took 0.532 seconds
[2026-09-06T00:06:03.993+0000] {processor.py:161} INFO - Started process (PID=18325) to work on /opt/airflow/dags/silver_processing_dag.py
[2026-09-06T00:06:04.005+0000] {processor.py:830} INFO - Processing file /opt/airflow/dags/silver_processing_dag.py for tasks to queue
[2026-09-06T00:06:04.014+0000] {logging_mixin.py:188} INFO - [2026-09-06T00:06:04.013+0000] {dagbag.py:545} INFO - Filling up the DagBag from /opt/airflow/dags/silver_processing_dag.py
[2026-09-06T00:06:04.148+0000] {processor.py:840} INFO - DAG(s) 'process_silver_layer' retrieved from /opt/airflow/dags/silver_processing_dag.py
[2026-09-06T00:06:04.307+0000] {logging_mixin.py:188} INFO - [2026-09-06T00:06:04.306+0000] {dag.py:3096} INFO - Sync 1 DAGs
[2026-09-06T00:06:04.399+0000] {logging_mixin.py:188} INFO - [2026-09-06T00:06:04.398+0000] {dag.py:3954} INFO - Setting next_dagrun for process_silver_layer to None, run_after=None
[2026-09-06T00:06:04.520+0000] {processor.py:183} INFO - Processing /opt/airflow/dags/silver_processing_dag.py took 0.581 seconds
[2026-09-06T00:06:35.476+0000] {processor.py:161} INFO - Started process (PID=18812) to work on /opt/airflow/dags/silver_processing_dag.py
[2026-09-06T00:06:35.487+0000] {processor.py:830} INFO - Processing file /opt/airflow/dags/silver_processing_dag.py for tasks to queue
[2026-09-06T00:06:35.559+0000] {logging_mixin.py:188} INFO - [2026-09-06T00:06:35.558+0000] {dagbag.py:545} INFO - Filling up the DagBag from /opt/airflow/dags/silver_processing_dag.py
[2026-09-06T00:06:35.742+0000] {processor.py:840} INFO - DAG(s) 'process_silver_layer' retrieved from /opt/airflow/dags/silver_processing_dag.py
[2026-09-06T00:06:35.906+0000] {logging_mixin.py:188} INFO - [2026-09-06T00:06:35.906+0000] {dag.py:3096} INFO - Sync 1 DAGs
[2026-09-06T00:06:35.982+0000] {logging_mixin.py:188} INFO - [2026-09-06T00:06:35.981+0000] {dag.py:3954} INFO - Setting next_dagrun for process_silver_layer to None, run_after=None
[2026-09-06T00:06:36.139+0000] {processor.py:183} INFO - Processing /opt/airflow/dags/silver_processing_dag.py took 0.728 seconds
[2026-09-06T00:07:07.252+0000] {processor.py:161} INFO - Started process (PID=18896) to work on /opt/airflow/dags/silver_processing_dag.py
[2026-09-06T00:07:07.260+0000] {processor.py:830} INFO - Processing file /opt/airflow/dags/silver_processing_dag.py for tasks to queue
[2026-09-06T00:07:07.282+0000] {logging_mixin.py:188} INFO - [2026-09-06T00:07:07.278+0000] {dagbag.py:545} INFO - Filling up the DagBag from /opt/airflow/dags/silver_processing_dag.py
[2026-09-06T00:07:07.437+0000] {processor.py:840} INFO - DAG(s) 'process_silver_layer' retrieved from /opt/airflow/dags/silver_processing_dag.py
[2026-09-06T00:07:07.618+0000] {logging_mixin.py:188} INFO - [2026-09-06T00:07:07.617+0000] {dag.py:3096} INFO - Sync 1 DAGs
[2026-09-06T00:07:07.796+0000] {logging_mixin.py:188} INFO - [2026-09-06T00:07:07.796+0000] {dag.py:3954} INFO - Setting next_dagrun for process_silver_layer to None, run_after=None
[2026-09-06T00:07:08.085+0000] {processor.py:183} INFO - Processing /opt/airflow/dags/silver_processing_dag.py took 0.923 seconds
[2026-09-06T00:07:39.054+0000] {processor.py:161} INFO - Started process (PID=18959) to work on /opt/airflow/dags/silver_processing_dag.py
[2026-09-06T00:07:39.078+0000] {processor.py:830} INFO - Processing file /opt/airflow/dags/silver_processing_dag.py for tasks to queue
[2026-09-06T00:07:39.103+0000] {logging_mixin.py:188} INFO - [2026-09-06T00:07:39.101+0000] {dagbag.py:545} INFO - Filling up the DagBag from /opt/airflow/dags/silver_processing_dag.py
[2026-09-06T00:07:39.500+0000] {processor.py:840} INFO - DAG(s) 'process_silver_layer' retrieved from /opt/airflow/dags/silver_processing_dag.py
[2026-09-06T00:07:39.628+0000] {logging_mixin.py:188} INFO - [2026-09-06T00:07:39.627+0000] {dag.py:3096} INFO - Sync 1 DAGs
[2026-09-06T00:07:39.731+0000] {logging_mixin.py:188} INFO - [2026-09-06T00:07:39.731+0000] {dag.py:3954} INFO - Setting next_dagrun for process_silver_layer to None, run_after=None
[2026-09-06T00:07:39.911+0000] {processor.py:183} INFO - Processing /opt/airflow/dags/silver_processing_dag.py took 0.959 seconds
[2026-09-06T00:08:10.895+0000] {processor.py:161} INFO - Started process (PID=19052) to work on /opt/airflow/dags/silver_processing_dag.py
[2026-09-06T00:08:10.917+0000] {processor.py:830} INFO - Processing file /opt/airflow/dags/silver_processing_dag.py for tasks to queue
[2026-09-06T00:08:10.953+0000] {logging_mixin.py:188} INFO - [2026-09-06T00:08:10.951+0000] {dagbag.py:545} INFO - Filling up the DagBag from /opt/airflow/dags/silver_processing_dag.py
[2026-09-06T00:08:11.168+0000] {processor.py:840} INFO - DAG(s) 'process_silver_layer' retrieved from /opt/airflow/dags/silver_processing_dag.py
[2026-09-06T00:08:11.370+0000] {logging_mixin.py:188} INFO - [2026-09-06T00:08:11.370+0000] {dag.py:3096} INFO - Sync 1 DAGs
[2026-09-06T00:08:11.468+0000] {logging_mixin.py:188} INFO - [2026-09-06T00:08:11.468+0000] {dag.py:3954} INFO - Setting next_dagrun for process_silver_layer to None, run_after=None
[2026-09-06T00:08:11.586+0000] {processor.py:183} INFO - Processing /opt/airflow/dags/silver_processing_dag.py took 0.758 seconds
[2026-09-06T00:08:41.768+0000] {processor.py:161} INFO - Started process (PID=19160) to work on /opt/airflow/dags/silver_processing_dag.py
[2026-09-06T00:08:41.774+0000] {processor.py:830} INFO - Processing file /opt/airflow/dags/silver_processing_dag.py for tasks to queue
[2026-09-06T00:08:41.780+0000] {logging_mixin.py:188} INFO - [2026-09-06T00:08:41.779+0000] {dagbag.py:545} INFO - Filling up the DagBag from /opt/airflow/dags/silver_processing_dag.py
[2026-09-06T00:08:41.846+0000] {processor.py:840} INFO - DAG(s) 'process_silver_layer' retrieved from /opt/airflow/dags/silver_processing_dag.py
[2026-09-06T00:08:41.923+0000] {logging_mixin.py:188} INFO - [2026-09-06T00:08:41.922+0000] {dag.py:3096} INFO - Sync 1 DAGs
[2026-09-06T00:08:41.970+0000] {logging_mixin.py:188} INFO - [2026-09-06T00:08:41.970+0000] {dag.py:3954} INFO - Setting next_dagrun for process_silver_layer to None, run_after=None
[2026-09-06T00:08:42.117+0000] {processor.py:183} INFO - Processing /opt/airflow/dags/silver_processing_dag.py took 0.379 seconds
[2026-09-06T00:09:12.425+0000] {processor.py:161} INFO - Started process (PID=19175) to work on /opt/airflow/dags/silver_processing_dag.py
[2026-09-06T00:09:12.428+0000] {processor.py:830} INFO - Processing file /opt/airflow/dags/silver_processing_dag.py for tasks to queue
[2026-09-06T00:09:12.436+0000] {logging_mixin.py:188} INFO - [2026-09-06T00:09:12.435+0000] {dagbag.py:545} INFO - Filling up the DagBag from /opt/airflow/dags/silver_processing_dag.py
[2026-09-06T00:09:12.517+0000] {processor.py:840} INFO - DAG(s) 'process_silver_layer' retrieved from /opt/airflow/dags/silver_processing_dag.py
[2026-09-06T00:09:12.610+0000] {logging_mixin.py:188} INFO - [2026-09-06T00:09:12.609+0000] {dag.py:3096} INFO - Sync 1 DAGs
[2026-09-06T00:09:12.673+0000] {logging_mixin.py:188} INFO - [2026-09-06T00:09:12.673+0000] {dag.py:3954} INFO - Setting next_dagrun for process_silver_layer to None, run_after=None
[2026-09-06T00:09:12.746+0000] {processor.py:183} INFO - Processing /opt/airflow/dags/silver_processing_dag.py took 0.357 seconds
[2026-09-06T00:09:43.089+0000] {processor.py:161} INFO - Started process (PID=19190) to work on /opt/airflow/dags/silver_processing_dag.py
[2026-09-06T00:09:43.094+0000] {processor.py:830} INFO - Processing file /opt/airflow/dags/silver_processing_dag.py for tasks to queue
[2026-09-06T00:09:43.110+0000] {logging_mixin.py:188} INFO - [2026-09-06T00:09:43.108+0000] {dagbag.py:545} INFO - Filling up the DagBag from /opt/airflow/dags/silver_processing_dag.py
[2026-09-06T00:09:43.178+0000] {processor.py:840} INFO - DAG(s) 'process_silver_layer' retrieved from /opt/airflow/dags/silver_processing_dag.py
[2026-09-06T00:09:43.259+0000] {logging_mixin.py:188} INFO - [2026-09-06T00:09:43.259+0000] {dag.py:3096} INFO - Sync 1 DAGs
[2026-09-06T00:09:43.311+0000] {logging_mixin.py:188} INFO - [2026-09-06T00:09:43.311+0000] {dag.py:3954} INFO - Setting next_dagrun for process_silver_layer to None, run_after=None
[2026-09-06T00:09:43.391+0000] {processor.py:183} INFO - Processing /opt/airflow/dags/silver_processing_dag.py took 0.342 seconds
[2026-09-06T00:10:13.614+0000] {processor.py:161} INFO - Started process (PID=19205) to work on /opt/airflow/dags/silver_processing_dag.py
[2026-09-06T00:10:13.621+0000] {processor.py:830} INFO - Processing file /opt/airflow/dags/silver_processing_dag.py for tasks to queue
[2026-09-06T00:10:13.638+0000] {logging_mixin.py:188} INFO - [2026-09-06T00:10:13.637+0000] {dagbag.py:545} INFO - Filling up the DagBag from /opt/airflow/dags/silver_processing_dag.py
[2026-09-06T00:10:13.773+0000] {processor.py:840} INFO - DAG(s) 'process_silver_layer' retrieved from /opt/airflow/dags/silver_processing_dag.py
[2026-09-06T00:10:13.907+0000] {logging_mixin.py:188} INFO - [2026-09-06T00:10:13.905+0000] {dag.py:3096} INFO - Sync 1 DAGs
[2026-09-06T00:10:13.963+0000] {logging_mixin.py:188} INFO - [2026-09-06T00:10:13.963+0000] {dag.py:3954} INFO - Setting next_dagrun for process_silver_layer to None, run_after=None
[2026-09-06T00:10:14.030+0000] {processor.py:183} INFO - Processing /opt/airflow/dags/silver_processing_dag.py took 0.463 seconds
[2026-09-06T00:10:44.781+0000] {processor.py:161} INFO - Started process (PID=19220) to work on /opt/airflow/dags/silver_processing_dag.py
[2026-09-06T00:10:44.784+0000] {processor.py:830} INFO - Processing file /opt/airflow/dags/silver_processing_dag.py for tasks to queue
[2026-09-06T00:10:44.795+0000] {logging_mixin.py:188} INFO - [2026-09-06T00:10:44.794+0000] {dagbag.py:545} INFO - Filling up the DagBag from /opt/airflow/dags/silver_processing_dag.py
[2026-09-06T00:10:44.870+0000] {processor.py:840} INFO - DAG(s) 'process_silver_layer' retrieved from /opt/airflow/dags/silver_processing_dag.py
[2026-09-06T00:10:44.940+0000] {logging_mixin.py:188} INFO - [2026-09-06T00:10:44.940+0000] {dag.py:3096} INFO - Sync 1 DAGs
[2026-09-06T00:10:44.987+0000] {logging_mixin.py:188} INFO - [2026-09-06T00:10:44.986+0000] {dag.py:3954} INFO - Setting next_dagrun for process_silver_layer to None, run_after=None
[2026-09-06T00:10:45.061+0000] {processor.py:183} INFO - Processing /opt/airflow/dags/silver_processing_dag.py took 0.304 seconds
[2026-09-06T00:11:15.693+0000] {processor.py:161} INFO - Started process (PID=19235) to work on /opt/airflow/dags/silver_processing_dag.py
[2026-09-06T00:11:15.696+0000] {processor.py:830} INFO - Processing file /opt/airflow/dags/silver_processing_dag.py for tasks to queue
[2026-09-06T00:11:15.706+0000] {logging_mixin.py:188} INFO - [2026-09-06T00:11:15.705+0000] {dagbag.py:545} INFO - Filling up the DagBag from /opt/airflow/dags/silver_processing_dag.py
[2026-09-06T00:11:15.818+0000] {processor.py:840} INFO - DAG(s) 'process_silver_layer' retrieved from /opt/airflow/dags/silver_processing_dag.py
[2026-09-06T00:11:15.913+0000] {logging_mixin.py:188} INFO - [2026-09-06T00:11:15.913+0000] {dag.py:3096} INFO - Sync 1 DAGs
[2026-09-06T00:11:15.972+0000] {logging_mixin.py:188} INFO - [2026-09-06T00:11:15.971+0000] {dag.py:3954} INFO - Setting next_dagrun for process_silver_layer to None, run_after=None
[2026-09-06T00:11:16.040+0000] {processor.py:183} INFO - Processing /opt/airflow/dags/silver_processing_dag.py took 0.379 seconds
[2026-09-06T00:11:46.788+0000] {processor.py:161} INFO - Started process (PID=19250) to work on /opt/airflow/dags/silver_processing_dag.py
[2026-09-06T00:11:46.802+0000] {processor.py:830} INFO - Processing file /opt/airflow/dags/silver_processing_dag.py for tasks to queue
[2026-09-06T00:11:46.810+0000] {logging_mixin.py:188} INFO - [2026-09-06T00:11:46.809+0000] {dagbag.py:545} INFO - Filling up the DagBag from /opt/airflow/dags/silver_processing_dag.py
[2026-09-06T00:11:47.024+0000] {processor.py:840} INFO - DAG(s) 'process_silver_layer' retrieved from /opt/airflow/dags/silver_processing_dag.py
[2026-09-06T00:11:47.151+0000] {logging_mixin.py:188} INFO - [2026-09-06T00:11:47.150+0000] {dag.py:3096} INFO - Sync 1 DAGs
[2026-09-06T00:11:47.266+0000] {logging_mixin.py:188} INFO - [2026-09-06T00:11:47.266+0000] {dag.py:3954} INFO - Setting next_dagrun for process_silver_layer to None, run_after=None
[2026-09-06T00:11:47.379+0000] {processor.py:183} INFO - Processing /opt/airflow/dags/silver_processing_dag.py took 0.629 seconds
[2026-09-06T00:12:17.764+0000] {processor.py:161} INFO - Started process (PID=19267) to work on /opt/airflow/dags/silver_processing_dag.py
[2026-09-06T00:12:17.766+0000] {processor.py:830} INFO - Processing file /opt/airflow/dags/silver_processing_dag.py for tasks to queue
[2026-09-06T00:12:17.773+0000] {logging_mixin.py:188} INFO - [2026-09-06T00:12:17.772+0000] {dagbag.py:545} INFO - Filling up the DagBag from /opt/airflow/dags/silver_processing_dag.py
[2026-09-06T00:12:17.824+0000] {processor.py:840} INFO - DAG(s) 'process_silver_layer' retrieved from /opt/airflow/dags/silver_processing_dag.py
[2026-09-06T00:12:17.881+0000] {logging_mixin.py:188} INFO - [2026-09-06T00:12:17.880+0000] {dag.py:3096} INFO - Sync 1 DAGs
[2026-09-06T00:12:17.912+0000] {logging_mixin.py:188} INFO - [2026-09-06T00:12:17.911+0000] {dag.py:3954} INFO - Setting next_dagrun for process_silver_layer to None, run_after=None
[2026-09-06T00:12:17.964+0000] {processor.py:183} INFO - Processing /opt/airflow/dags/silver_processing_dag.py took 0.217 seconds
[2026-09-06T00:12:48.520+0000] {processor.py:161} INFO - Started process (PID=19280) to work on /opt/airflow/dags/silver_processing_dag.py
[2026-09-06T00:12:48.525+0000] {processor.py:830} INFO - Processing file /opt/airflow/dags/silver_processing_dag.py for tasks to queue
[2026-09-06T00:12:48.532+0000] {logging_mixin.py:188} INFO - [2026-09-06T00:12:48.531+0000] {dagbag.py:545} INFO - Filling up the DagBag from /opt/airflow/dags/silver_processing_dag.py
[2026-09-06T00:12:48.593+0000] {processor.py:840} INFO - DAG(s) 'process_silver_layer' retrieved from /opt/airflow/dags/silver_processing_dag.py
[2026-09-06T00:12:48.676+0000] {logging_mixin.py:188} INFO - [2026-09-06T00:12:48.675+0000] {dag.py:3096} INFO - Sync 1 DAGs
[2026-09-06T00:12:48.720+0000] {logging_mixin.py:188} INFO - [2026-09-06T00:12:48.720+0000] {dag.py:3954} INFO - Setting next_dagrun for process_silver_layer to None, run_after=None
[2026-09-06T00:12:48.797+0000] {processor.py:183} INFO - Processing /opt/airflow/dags/silver_processing_dag.py took 0.308 seconds
[2026-09-06T00:13:19.410+0000] {processor.py:161} INFO - Started process (PID=19295) to work on /opt/airflow/dags/silver_processing_dag.py
[2026-09-06T00:13:19.414+0000] {processor.py:830} INFO - Processing file /opt/airflow/dags/silver_processing_dag.py for tasks to queue
[2026-09-06T00:13:19.422+0000] {logging_mixin.py:188} INFO - [2026-09-06T00:13:19.421+0000] {dagbag.py:545} INFO - Filling up the DagBag from /opt/airflow/dags/silver_processing_dag.py
[2026-09-06T00:13:19.535+0000] {processor.py:840} INFO - DAG(s) 'process_silver_layer' retrieved from /opt/airflow/dags/silver_processing_dag.py
[2026-09-06T00:13:19.631+0000] {logging_mixin.py:188} INFO - [2026-09-06T00:13:19.630+0000] {dag.py:3096} INFO - Sync 1 DAGs
[2026-09-06T00:13:19.696+0000] {logging_mixin.py:188} INFO - [2026-09-06T00:13:19.695+0000] {dag.py:3954} INFO - Setting next_dagrun for process_silver_layer to None, run_after=None
[2026-09-06T00:13:19.774+0000] {processor.py:183} INFO - Processing /opt/airflow/dags/silver_processing_dag.py took 0.414 seconds
[2026-09-06T00:13:50.302+0000] {processor.py:161} INFO - Started process (PID=19310) to work on /opt/airflow/dags/silver_processing_dag.py
[2026-09-06T00:13:50.316+0000] {processor.py:830} INFO - Processing file /opt/airflow/dags/silver_processing_dag.py for tasks to queue
[2026-09-06T00:13:50.342+0000] {logging_mixin.py:188} INFO - [2026-09-06T00:13:50.341+0000] {dagbag.py:545} INFO - Filling up the DagBag from /opt/airflow/dags/silver_processing_dag.py
[2026-09-06T00:13:50.627+0000] {processor.py:840} INFO - DAG(s) 'process_silver_layer' retrieved from /opt/airflow/dags/silver_processing_dag.py
[2026-09-06T00:13:50.762+0000] {logging_mixin.py:188} INFO - [2026-09-06T00:13:50.762+0000] {dag.py:3096} INFO - Sync 1 DAGs
[2026-09-06T00:13:50.863+0000] {logging_mixin.py:188} INFO - [2026-09-06T00:13:50.863+0000] {dag.py:3954} INFO - Setting next_dagrun for process_silver_layer to None, run_after=None
[2026-09-06T00:13:50.936+0000] {processor.py:183} INFO - Processing /opt/airflow/dags/silver_processing_dag.py took 0.686 seconds
[2026-09-06T00:14:21.797+0000] {processor.py:161} INFO - Started process (PID=19325) to work on /opt/airflow/dags/silver_processing_dag.py
[2026-09-06T00:14:21.801+0000] {processor.py:830} INFO - Processing file /opt/airflow/dags/silver_processing_dag.py for tasks to queue
[2026-09-06T00:14:21.809+0000] {logging_mixin.py:188} INFO - [2026-09-06T00:14:21.807+0000] {dagbag.py:545} INFO - Filling up the DagBag from /opt/airflow/dags/silver_processing_dag.py
[2026-09-06T00:14:21.889+0000] {processor.py:840} INFO - DAG(s) 'process_silver_layer' retrieved from /opt/airflow/dags/silver_processing_dag.py
[2026-09-06T00:14:21.956+0000] {logging_mixin.py:188} INFO - [2026-09-06T00:14:21.955+0000] {dag.py:3096} INFO - Sync 1 DAGs
[2026-09-06T00:14:22.017+0000] {logging_mixin.py:188} INFO - [2026-09-06T00:14:22.017+0000] {dag.py:3954} INFO - Setting next_dagrun for process_silver_layer to None, run_after=None
[2026-09-06T00:14:22.099+0000] {processor.py:183} INFO - Processing /opt/airflow/dags/silver_processing_dag.py took 0.331 seconds
[2026-09-06T00:14:52.719+0000] {processor.py:161} INFO - Started process (PID=19340) to work on /opt/airflow/dags/silver_processing_dag.py
[2026-09-06T00:14:52.722+0000] {processor.py:830} INFO - Processing file /opt/airflow/dags/silver_processing_dag.py for tasks to queue
[2026-09-06T00:14:52.731+0000] {logging_mixin.py:188} INFO - [2026-09-06T00:14:52.730+0000] {dagbag.py:545} INFO - Filling up the DagBag from /opt/airflow/dags/silver_processing_dag.py
[2026-09-06T00:14:52.912+0000] {processor.py:840} INFO - DAG(s) 'process_silver_layer' retrieved from /opt/airflow/dags/silver_processing_dag.py
[2026-09-06T00:14:53.070+0000] {logging_mixin.py:188} INFO - [2026-09-06T00:14:53.069+0000] {dag.py:3096} INFO - Sync 1 DAGs
[2026-09-06T00:14:53.148+0000] {logging_mixin.py:188} INFO - [2026-09-06T00:14:53.148+0000] {dag.py:3954} INFO - Setting next_dagrun for process_silver_layer to None, run_after=None
[2026-09-06T00:14:53.261+0000] {processor.py:183} INFO - Processing /opt/airflow/dags/silver_processing_dag.py took 0.583 seconds
[2026-09-06T00:15:23.867+0000] {processor.py:161} INFO - Started process (PID=19355) to work on /opt/airflow/dags/silver_processing_dag.py
[2026-09-06T00:15:23.869+0000] {processor.py:830} INFO - Processing file /opt/airflow/dags/silver_processing_dag.py for tasks to queue
[2026-09-06T00:15:23.879+0000] {logging_mixin.py:188} INFO - [2026-09-06T00:15:23.879+0000] {dagbag.py:545} INFO - Filling up the DagBag from /opt/airflow/dags/silver_processing_dag.py
[2026-09-06T00:15:23.948+0000] {processor.py:840} INFO - DAG(s) 'process_silver_layer' retrieved from /opt/airflow/dags/silver_processing_dag.py
[2026-09-06T00:15:24.017+0000] {logging_mixin.py:188} INFO - [2026-09-06T00:15:24.016+0000] {dag.py:3096} INFO - Sync 1 DAGs
[2026-09-06T00:15:24.095+0000] {logging_mixin.py:188} INFO - [2026-09-06T00:15:24.094+0000] {dag.py:3954} INFO - Setting next_dagrun for process_silver_layer to None, run_after=None
[2026-09-06T00:15:24.206+0000] {processor.py:183} INFO - Processing /opt/airflow/dags/silver_processing_dag.py took 0.361 seconds
[2026-09-06T00:15:54.830+0000] {processor.py:161} INFO - Started process (PID=19370) to work on /opt/airflow/dags/silver_processing_dag.py
[2026-09-06T00:15:54.833+0000] {processor.py:830} INFO - Processing file /opt/airflow/dags/silver_processing_dag.py for tasks to queue
[2026-09-06T00:15:54.844+0000] {logging_mixin.py:188} INFO - [2026-09-06T00:15:54.840+0000] {dagbag.py:545} INFO - Filling up the DagBag from /opt/airflow/dags/silver_processing_dag.py
[2026-09-06T00:15:54.918+0000] {processor.py:840} INFO - DAG(s) 'process_silver_layer' retrieved from /opt/airflow/dags/silver_processing_dag.py
[2026-09-06T00:15:55.029+0000] {logging_mixin.py:188} INFO - [2026-09-06T00:15:55.029+0000] {dag.py:3096} INFO - Sync 1 DAGs
[2026-09-06T00:15:55.081+0000] {logging_mixin.py:188} INFO - [2026-09-06T00:15:55.081+0000] {dag.py:3954} INFO - Setting next_dagrun for process_silver_layer to None, run_after=None
[2026-09-06T00:15:55.155+0000] {processor.py:183} INFO - Processing /opt/airflow/dags/silver_processing_dag.py took 0.350 seconds
[2026-09-06T00:16:25.690+0000] {processor.py:161} INFO - Started process (PID=19385) to work on /opt/airflow/dags/silver_processing_dag.py
[2026-09-06T00:16:25.695+0000] {processor.py:830} INFO - Processing file /opt/airflow/dags/silver_processing_dag.py for tasks to queue
[2026-09-06T00:16:25.703+0000] {logging_mixin.py:188} INFO - [2026-09-06T00:16:25.702+0000] {dagbag.py:545} INFO - Filling up the DagBag from /opt/airflow/dags/silver_processing_dag.py
[2026-09-06T00:16:25.772+0000] {processor.py:840} INFO - DAG(s) 'process_silver_layer' retrieved from /opt/airflow/dags/silver_processing_dag.py
[2026-09-06T00:16:25.865+0000] {logging_mixin.py:188} INFO - [2026-09-06T00:16:25.864+0000] {dag.py:3096} INFO - Sync 1 DAGs
[2026-09-06T00:16:25.987+0000] {logging_mixin.py:188} INFO - [2026-09-06T00:16:25.987+0000] {dag.py:3954} INFO - Setting next_dagrun for process_silver_layer to None, run_after=None
[2026-09-06T00:16:26.129+0000] {processor.py:183} INFO - Processing /opt/airflow/dags/silver_processing_dag.py took 0.463 seconds
[2026-09-06T00:16:56.465+0000] {processor.py:161} INFO - Started process (PID=19402) to work on /opt/airflow/dags/silver_processing_dag.py
[2026-09-06T00:16:56.469+0000] {processor.py:830} INFO - Processing file /opt/airflow/dags/silver_processing_dag.py for tasks to queue
[2026-09-06T00:16:56.476+0000] {logging_mixin.py:188} INFO - [2026-09-06T00:16:56.476+0000] {dagbag.py:545} INFO - Filling up the DagBag from /opt/airflow/dags/silver_processing_dag.py
[2026-09-06T00:16:56.518+0000] {processor.py:840} INFO - DAG(s) 'process_silver_layer' retrieved from /opt/airflow/dags/silver_processing_dag.py
[2026-09-06T00:16:56.575+0000] {logging_mixin.py:188} INFO - [2026-09-06T00:16:56.574+0000] {dag.py:3096} INFO - Sync 1 DAGs
[2026-09-06T00:16:56.608+0000] {logging_mixin.py:188} INFO - [2026-09-06T00:16:56.607+0000] {dag.py:3954} INFO - Setting next_dagrun for process_silver_layer to None, run_after=None
[2026-09-06T00:16:56.663+0000] {processor.py:183} INFO - Processing /opt/airflow/dags/silver_processing_dag.py took 0.214 seconds
[2026-09-06T00:17:26.888+0000] {processor.py:161} INFO - Started process (PID=19417) to work on /opt/airflow/dags/silver_processing_dag.py
[2026-09-06T00:17:26.894+0000] {processor.py:830} INFO - Processing file /opt/airflow/dags/silver_processing_dag.py for tasks to queue
[2026-09-06T00:17:26.904+0000] {logging_mixin.py:188} INFO - [2026-09-06T00:17:26.902+0000] {dagbag.py:545} INFO - Filling up the DagBag from /opt/airflow/dags/silver_processing_dag.py
[2026-09-06T00:17:26.981+0000] {processor.py:840} INFO - DAG(s) 'process_silver_layer' retrieved from /opt/airflow/dags/silver_processing_dag.py
[2026-09-06T00:17:27.059+0000] {logging_mixin.py:188} INFO - [2026-09-06T00:17:27.058+0000] {dag.py:3096} INFO - Sync 1 DAGs
[2026-09-06T00:17:27.096+0000] {logging_mixin.py:188} INFO - [2026-09-06T00:17:27.095+0000] {dag.py:3954} INFO - Setting next_dagrun for process_silver_layer to None, run_after=None
[2026-09-06T00:17:27.166+0000] {processor.py:183} INFO - Processing /opt/airflow/dags/silver_processing_dag.py took 0.307 seconds
[2026-09-06T00:17:57.517+0000] {processor.py:161} INFO - Started process (PID=19432) to work on /opt/airflow/dags/silver_processing_dag.py
[2026-09-06T00:17:57.520+0000] {processor.py:830} INFO - Processing file /opt/airflow/dags/silver_processing_dag.py for tasks to queue
[2026-09-06T00:17:57.525+0000] {logging_mixin.py:188} INFO - [2026-09-06T00:17:57.524+0000] {dagbag.py:545} INFO - Filling up the DagBag from /opt/airflow/dags/silver_processing_dag.py
[2026-09-06T00:17:57.568+0000] {processor.py:840} INFO - DAG(s) 'process_silver_layer' retrieved from /opt/airflow/dags/silver_processing_dag.py
[2026-09-06T00:17:57.617+0000] {logging_mixin.py:188} INFO - [2026-09-06T00:17:57.616+0000] {dag.py:3096} INFO - Sync 1 DAGs
[2026-09-06T00:17:57.649+0000] {logging_mixin.py:188} INFO - [2026-09-06T00:17:57.649+0000] {dag.py:3954} INFO - Setting next_dagrun for process_silver_layer to None, run_after=None
[2026-09-06T00:17:57.694+0000] {processor.py:183} INFO - Processing /opt/airflow/dags/silver_processing_dag.py took 0.194 seconds
[2026-09-06T00:18:28.264+0000] {processor.py:161} INFO - Started process (PID=19445) to work on /opt/airflow/dags/silver_processing_dag.py
[2026-09-06T00:18:28.269+0000] {processor.py:830} INFO - Processing file /opt/airflow/dags/silver_processing_dag.py for tasks to queue
[2026-09-06T00:18:28.285+0000] {logging_mixin.py:188} INFO - [2026-09-06T00:18:28.284+0000] {dagbag.py:545} INFO - Filling up the DagBag from /opt/airflow/dags/silver_processing_dag.py
[2026-09-06T00:18:28.372+0000] {processor.py:840} INFO - DAG(s) 'process_silver_layer' retrieved from /opt/airflow/dags/silver_processing_dag.py
[2026-09-06T00:18:28.475+0000] {logging_mixin.py:188} INFO - [2026-09-06T00:18:28.475+0000] {dag.py:3096} INFO - Sync 1 DAGs
[2026-09-06T00:18:28.518+0000] {logging_mixin.py:188} INFO - [2026-09-06T00:18:28.518+0000] {dag.py:3954} INFO - Setting next_dagrun for process_silver_layer to None, run_after=None
[2026-09-06T00:18:28.588+0000] {processor.py:183} INFO - Processing /opt/airflow/dags/silver_processing_dag.py took 0.361 seconds
[2026-09-06T00:18:59.395+0000] {processor.py:161} INFO - Started process (PID=19460) to work on /opt/airflow/dags/silver_processing_dag.py
[2026-09-06T00:18:59.401+0000] {processor.py:830} INFO - Processing file /opt/airflow/dags/silver_processing_dag.py for tasks to queue
[2026-09-06T00:18:59.419+0000] {logging_mixin.py:188} INFO - [2026-09-06T00:18:59.418+0000] {dagbag.py:545} INFO - Filling up the DagBag from /opt/airflow/dags/silver_processing_dag.py
[2026-09-06T00:18:59.573+0000] {processor.py:840} INFO - DAG(s) 'process_silver_layer' retrieved from /opt/airflow/dags/silver_processing_dag.py
[2026-09-06T00:18:59.694+0000] {logging_mixin.py:188} INFO - [2026-09-06T00:18:59.693+0000] {dag.py:3096} INFO - Sync 1 DAGs
[2026-09-06T00:18:59.769+0000] {logging_mixin.py:188} INFO - [2026-09-06T00:18:59.768+0000] {dag.py:3954} INFO - Setting next_dagrun for process_silver_layer to None, run_after=None
[2026-09-06T00:18:59.910+0000] {processor.py:183} INFO - Processing /opt/airflow/dags/silver_processing_dag.py took 0.545 seconds
[2026-09-06T00:19:30.483+0000] {processor.py:161} INFO - Started process (PID=19475) to work on /opt/airflow/dags/silver_processing_dag.py
[2026-09-06T00:19:30.508+0000] {processor.py:830} INFO - Processing file /opt/airflow/dags/silver_processing_dag.py for tasks to queue
[2026-09-06T00:19:30.574+0000] {logging_mixin.py:188} INFO - [2026-09-06T00:19:30.573+0000] {dagbag.py:545} INFO - Filling up the DagBag from /opt/airflow/dags/silver_processing_dag.py
[2026-09-06T00:19:31.016+0000] {processor.py:840} INFO - DAG(s) 'process_silver_layer' retrieved from /opt/airflow/dags/silver_processing_dag.py
[2026-09-06T00:19:31.226+0000] {logging_mixin.py:188} INFO - [2026-09-06T00:19:31.225+0000] {dag.py:3096} INFO - Sync 1 DAGs
[2026-09-06T00:19:31.318+0000] {logging_mixin.py:188} INFO - [2026-09-06T00:19:31.318+0000] {dag.py:3954} INFO - Setting next_dagrun for process_silver_layer to None, run_after=None
[2026-09-06T00:19:31.394+0000] {processor.py:183} INFO - Processing /opt/airflow/dags/silver_processing_dag.py took 0.974 seconds
[2026-09-06T00:20:01.978+0000] {processor.py:161} INFO - Started process (PID=19490) to work on /opt/airflow/dags/silver_processing_dag.py
[2026-09-06T00:20:01.981+0000] {processor.py:830} INFO - Processing file /opt/airflow/dags/silver_processing_dag.py for tasks to queue
[2026-09-06T00:20:01.991+0000] {logging_mixin.py:188} INFO - [2026-09-06T00:20:01.990+0000] {dagbag.py:545} INFO - Filling up the DagBag from /opt/airflow/dags/silver_processing_dag.py
[2026-09-06T00:20:02.051+0000] {processor.py:840} INFO - DAG(s) 'process_silver_layer' retrieved from /opt/airflow/dags/silver_processing_dag.py
[2026-09-06T00:20:02.124+0000] {logging_mixin.py:188} INFO - [2026-09-06T00:20:02.123+0000] {dag.py:3096} INFO - Sync 1 DAGs
[2026-09-06T00:20:02.176+0000] {logging_mixin.py:188} INFO - [2026-09-06T00:20:02.175+0000] {dag.py:3954} INFO - Setting next_dagrun for process_silver_layer to None, run_after=None
[2026-09-06T00:20:02.253+0000] {processor.py:183} INFO - Processing /opt/airflow/dags/silver_processing_dag.py took 0.302 seconds
[2026-09-06T00:20:32.789+0000] {processor.py:161} INFO - Started process (PID=19505) to work on /opt/airflow/dags/silver_processing_dag.py
[2026-09-06T00:20:32.797+0000] {processor.py:830} INFO - Processing file /opt/airflow/dags/silver_processing_dag.py for tasks to queue
[2026-09-06T00:20:32.809+0000] {logging_mixin.py:188} INFO - [2026-09-06T00:20:32.808+0000] {dagbag.py:545} INFO - Filling up the DagBag from /opt/airflow/dags/silver_processing_dag.py
[2026-09-06T00:20:32.881+0000] {processor.py:840} INFO - DAG(s) 'process_silver_layer' retrieved from /opt/airflow/dags/silver_processing_dag.py
[2026-09-06T00:20:32.981+0000] {logging_mixin.py:188} INFO - [2026-09-06T00:20:32.979+0000] {dag.py:3096} INFO - Sync 1 DAGs
[2026-09-06T00:20:33.037+0000] {logging_mixin.py:188} INFO - [2026-09-06T00:20:33.037+0000] {dag.py:3954} INFO - Setting next_dagrun for process_silver_layer to None, run_after=None
[2026-09-06T00:20:33.111+0000] {processor.py:183} INFO - Processing /opt/airflow/dags/silver_processing_dag.py took 0.349 seconds
[2026-09-06T00:21:03.631+0000] {processor.py:161} INFO - Started process (PID=19520) to work on /opt/airflow/dags/silver_processing_dag.py
[2026-09-06T00:21:03.635+0000] {processor.py:830} INFO - Processing file /opt/airflow/dags/silver_processing_dag.py for tasks to queue
[2026-09-06T00:21:03.647+0000] {logging_mixin.py:188} INFO - [2026-09-06T00:21:03.646+0000] {dagbag.py:545} INFO - Filling up the DagBag from /opt/airflow/dags/silver_processing_dag.py
[2026-09-06T00:21:03.702+0000] {processor.py:840} INFO - DAG(s) 'process_silver_layer' retrieved from /opt/airflow/dags/silver_processing_dag.py
[2026-09-06T00:21:03.790+0000] {logging_mixin.py:188} INFO - [2026-09-06T00:21:03.790+0000] {dag.py:3096} INFO - Sync 1 DAGs
[2026-09-06T00:21:03.856+0000] {logging_mixin.py:188} INFO - [2026-09-06T00:21:03.856+0000] {dag.py:3954} INFO - Setting next_dagrun for process_silver_layer to None, run_after=None
[2026-09-06T00:21:03.916+0000] {processor.py:183} INFO - Processing /opt/airflow/dags/silver_processing_dag.py took 0.308 seconds
[2026-09-06T00:21:34.372+0000] {processor.py:161} INFO - Started process (PID=19535) to work on /opt/airflow/dags/silver_processing_dag.py
[2026-09-06T00:21:34.375+0000] {processor.py:830} INFO - Processing file /opt/airflow/dags/silver_processing_dag.py for tasks to queue
[2026-09-06T00:21:34.381+0000] {logging_mixin.py:188} INFO - [2026-09-06T00:21:34.380+0000] {dagbag.py:545} INFO - Filling up the DagBag from /opt/airflow/dags/silver_processing_dag.py
[2026-09-06T00:21:34.438+0000] {processor.py:840} INFO - DAG(s) 'process_silver_layer' retrieved from /opt/airflow/dags/silver_processing_dag.py
[2026-09-06T00:21:34.518+0000] {logging_mixin.py:188} INFO - [2026-09-06T00:21:34.517+0000] {dag.py:3096} INFO - Sync 1 DAGs
[2026-09-06T00:21:34.561+0000] {logging_mixin.py:188} INFO - [2026-09-06T00:21:34.560+0000] {dag.py:3954} INFO - Setting next_dagrun for process_silver_layer to None, run_after=None
[2026-09-06T00:21:34.621+0000] {processor.py:183} INFO - Processing /opt/airflow/dags/silver_processing_dag.py took 0.279 seconds
[2026-09-06T00:22:05.182+0000] {processor.py:161} INFO - Started process (PID=19550) to work on /opt/airflow/dags/silver_processing_dag.py
[2026-09-06T00:22:05.189+0000] {processor.py:830} INFO - Processing file /opt/airflow/dags/silver_processing_dag.py for tasks to queue
[2026-09-06T00:22:05.201+0000] {logging_mixin.py:188} INFO - [2026-09-06T00:22:05.200+0000] {dagbag.py:545} INFO - Filling up the DagBag from /opt/airflow/dags/silver_processing_dag.py
[2026-09-06T00:22:05.287+0000] {processor.py:840} INFO - DAG(s) 'process_silver_layer' retrieved from /opt/airflow/dags/silver_processing_dag.py
[2026-09-06T00:22:05.357+0000] {logging_mixin.py:188} INFO - [2026-09-06T00:22:05.356+0000] {dag.py:3096} INFO - Sync 1 DAGs
[2026-09-06T00:22:05.402+0000] {logging_mixin.py:188} INFO - [2026-09-06T00:22:05.401+0000] {dag.py:3954} INFO - Setting next_dagrun for process_silver_layer to None, run_after=None
[2026-09-06T00:22:05.447+0000] {processor.py:183} INFO - Processing /opt/airflow/dags/silver_processing_dag.py took 0.320 seconds
[2026-09-06T00:22:35.939+0000] {processor.py:161} INFO - Started process (PID=19565) to work on /opt/airflow/dags/silver_processing_dag.py
[2026-09-06T00:22:35.943+0000] {processor.py:830} INFO - Processing file /opt/airflow/dags/silver_processing_dag.py for tasks to queue
[2026-09-06T00:22:35.949+0000] {logging_mixin.py:188} INFO - [2026-09-06T00:22:35.948+0000] {dagbag.py:545} INFO - Filling up the DagBag from /opt/airflow/dags/silver_processing_dag.py
[2026-09-06T00:22:36.011+0000] {processor.py:840} INFO - DAG(s) 'process_silver_layer' retrieved from /opt/airflow/dags/silver_processing_dag.py
[2026-09-06T00:22:36.091+0000] {logging_mixin.py:188} INFO - [2026-09-06T00:22:36.090+0000] {dag.py:3096} INFO - Sync 1 DAGs
[2026-09-06T00:22:36.137+0000] {logging_mixin.py:188} INFO - [2026-09-06T00:22:36.137+0000] {dag.py:3954} INFO - Setting next_dagrun for process_silver_layer to None, run_after=None
[2026-09-06T00:22:36.219+0000] {processor.py:183} INFO - Processing /opt/airflow/dags/silver_processing_dag.py took 0.309 seconds
[2026-09-06T00:23:06.672+0000] {processor.py:161} INFO - Started process (PID=19580) to work on /opt/airflow/dags/silver_processing_dag.py
[2026-09-06T00:23:06.679+0000] {processor.py:830} INFO - Processing file /opt/airflow/dags/silver_processing_dag.py for tasks to queue
[2026-09-06T00:23:06.686+0000] {logging_mixin.py:188} INFO - [2026-09-06T00:23:06.685+0000] {dagbag.py:545} INFO - Filling up the DagBag from /opt/airflow/dags/silver_processing_dag.py
[2026-09-06T00:23:06.741+0000] {processor.py:840} INFO - DAG(s) 'process_silver_layer' retrieved from /opt/airflow/dags/silver_processing_dag.py
[2026-09-06T00:23:06.825+0000] {logging_mixin.py:188} INFO - [2026-09-06T00:23:06.824+0000] {dag.py:3096} INFO - Sync 1 DAGs
[2026-09-06T00:23:06.866+0000] {logging_mixin.py:188} INFO - [2026-09-06T00:23:06.866+0000] {dag.py:3954} INFO - Setting next_dagrun for process_silver_layer to None, run_after=None
[2026-09-06T00:23:06.970+0000] {processor.py:183} INFO - Processing /opt/airflow/dags/silver_processing_dag.py took 0.325 seconds
[2026-09-06T00:23:37.475+0000] {processor.py:161} INFO - Started process (PID=19595) to work on /opt/airflow/dags/silver_processing_dag.py
[2026-09-06T00:23:37.479+0000] {processor.py:830} INFO - Processing file /opt/airflow/dags/silver_processing_dag.py for tasks to queue
[2026-09-06T00:23:37.487+0000] {logging_mixin.py:188} INFO - [2026-09-06T00:23:37.486+0000] {dagbag.py:545} INFO - Filling up the DagBag from /opt/airflow/dags/silver_processing_dag.py
[2026-09-06T00:23:37.540+0000] {processor.py:840} INFO - DAG(s) 'process_silver_layer' retrieved from /opt/airflow/dags/silver_processing_dag.py
[2026-09-06T00:23:37.616+0000] {logging_mixin.py:188} INFO - [2026-09-06T00:23:37.615+0000] {dag.py:3096} INFO - Sync 1 DAGs
[2026-09-06T00:23:37.659+0000] {logging_mixin.py:188} INFO - [2026-09-06T00:23:37.658+0000] {dag.py:3954} INFO - Setting next_dagrun for process_silver_layer to None, run_after=None
[2026-09-06T00:23:37.718+0000] {processor.py:183} INFO - Processing /opt/airflow/dags/silver_processing_dag.py took 0.267 seconds
[2026-09-06T00:24:08.286+0000] {processor.py:161} INFO - Started process (PID=19610) to work on /opt/airflow/dags/silver_processing_dag.py
[2026-09-06T00:24:08.290+0000] {processor.py:830} INFO - Processing file /opt/airflow/dags/silver_processing_dag.py for tasks to queue
[2026-09-06T00:24:08.298+0000] {logging_mixin.py:188} INFO - [2026-09-06T00:24:08.297+0000] {dagbag.py:545} INFO - Filling up the DagBag from /opt/airflow/dags/silver_processing_dag.py
[2026-09-06T00:24:08.354+0000] {processor.py:840} INFO - DAG(s) 'process_silver_layer' retrieved from /opt/airflow/dags/silver_processing_dag.py
[2026-09-06T00:24:08.429+0000] {logging_mixin.py:188} INFO - [2026-09-06T00:24:08.423+0000] {dag.py:3096} INFO - Sync 1 DAGs
[2026-09-06T00:24:08.497+0000] {logging_mixin.py:188} INFO - [2026-09-06T00:24:08.496+0000] {dag.py:3954} INFO - Setting next_dagrun for process_silver_layer to None, run_after=None
[2026-09-06T00:24:08.556+0000] {processor.py:183} INFO - Processing /opt/airflow/dags/silver_processing_dag.py took 0.300 seconds
[2026-09-06T00:24:39.059+0000] {processor.py:161} INFO - Started process (PID=19625) to work on /opt/airflow/dags/silver_processing_dag.py
[2026-09-06T00:24:39.062+0000] {processor.py:830} INFO - Processing file /opt/airflow/dags/silver_processing_dag.py for tasks to queue
[2026-09-06T00:24:39.069+0000] {logging_mixin.py:188} INFO - [2026-09-06T00:24:39.067+0000] {dagbag.py:545} INFO - Filling up the DagBag from /opt/airflow/dags/silver_processing_dag.py
[2026-09-06T00:24:39.138+0000] {processor.py:840} INFO - DAG(s) 'process_silver_layer' retrieved from /opt/airflow/dags/silver_processing_dag.py
[2026-09-06T00:24:39.210+0000] {logging_mixin.py:188} INFO - [2026-09-06T00:24:39.210+0000] {dag.py:3096} INFO - Sync 1 DAGs
[2026-09-06T00:24:39.262+0000] {logging_mixin.py:188} INFO - [2026-09-06T00:24:39.262+0000] {dag.py:3954} INFO - Setting next_dagrun for process_silver_layer to None, run_after=None
[2026-09-06T00:24:39.329+0000] {processor.py:183} INFO - Processing /opt/airflow/dags/silver_processing_dag.py took 0.289 seconds
[2026-09-06T00:25:09.953+0000] {processor.py:161} INFO - Started process (PID=19640) to work on /opt/airflow/dags/silver_processing_dag.py
[2026-09-06T00:25:09.970+0000] {processor.py:830} INFO - Processing file /opt/airflow/dags/silver_processing_dag.py for tasks to queue
[2026-09-06T00:25:09.995+0000] {logging_mixin.py:188} INFO - [2026-09-06T00:25:09.994+0000] {dagbag.py:545} INFO - Filling up the DagBag from /opt/airflow/dags/silver_processing_dag.py
[2026-09-06T00:25:10.064+0000] {processor.py:840} INFO - DAG(s) 'process_silver_layer' retrieved from /opt/airflow/dags/silver_processing_dag.py
[2026-09-06T00:25:10.141+0000] {logging_mixin.py:188} INFO - [2026-09-06T00:25:10.140+0000] {dag.py:3096} INFO - Sync 1 DAGs
[2026-09-06T00:25:10.195+0000] {logging_mixin.py:188} INFO - [2026-09-06T00:25:10.195+0000] {dag.py:3954} INFO - Setting next_dagrun for process_silver_layer to None, run_after=None
[2026-09-06T00:25:10.296+0000] {processor.py:183} INFO - Processing /opt/airflow/dags/silver_processing_dag.py took 0.385 seconds
[2026-09-06T00:25:40.965+0000] {processor.py:161} INFO - Started process (PID=19655) to work on /opt/airflow/dags/silver_processing_dag.py
[2026-09-06T00:25:40.978+0000] {processor.py:830} INFO - Processing file /opt/airflow/dags/silver_processing_dag.py for tasks to queue
[2026-09-06T00:25:41.014+0000] {logging_mixin.py:188} INFO - [2026-09-06T00:25:41.013+0000] {dagbag.py:545} INFO - Filling up the DagBag from /opt/airflow/dags/silver_processing_dag.py
[2026-09-06T00:25:41.169+0000] {processor.py:840} INFO - DAG(s) 'process_silver_layer' retrieved from /opt/airflow/dags/silver_processing_dag.py
[2026-09-06T00:25:41.324+0000] {logging_mixin.py:188} INFO - [2026-09-06T00:25:41.323+0000] {dag.py:3096} INFO - Sync 1 DAGs
[2026-09-06T00:25:41.407+0000] {logging_mixin.py:188} INFO - [2026-09-06T00:25:41.406+0000] {dag.py:3954} INFO - Setting next_dagrun for process_silver_layer to None, run_after=None
[2026-09-06T00:25:41.484+0000] {processor.py:183} INFO - Processing /opt/airflow/dags/silver_processing_dag.py took 0.557 seconds
[2026-09-06T00:26:12.002+0000] {processor.py:161} INFO - Started process (PID=19670) to work on /opt/airflow/dags/silver_processing_dag.py
[2026-09-06T00:26:12.006+0000] {processor.py:830} INFO - Processing file /opt/airflow/dags/silver_processing_dag.py for tasks to queue
[2026-09-06T00:26:12.013+0000] {logging_mixin.py:188} INFO - [2026-09-06T00:26:12.012+0000] {dagbag.py:545} INFO - Filling up the DagBag from /opt/airflow/dags/silver_processing_dag.py
[2026-09-06T00:26:12.066+0000] {processor.py:840} INFO - DAG(s) 'process_silver_layer' retrieved from /opt/airflow/dags/silver_processing_dag.py
[2026-09-06T00:26:12.150+0000] {logging_mixin.py:188} INFO - [2026-09-06T00:26:12.149+0000] {dag.py:3096} INFO - Sync 1 DAGs
[2026-09-06T00:26:12.194+0000] {logging_mixin.py:188} INFO - [2026-09-06T00:26:12.193+0000] {dag.py:3954} INFO - Setting next_dagrun for process_silver_layer to None, run_after=None
[2026-09-06T00:26:12.265+0000] {processor.py:183} INFO - Processing /opt/airflow/dags/silver_processing_dag.py took 0.283 seconds
[2026-09-06T00:26:43.146+0000] {processor.py:161} INFO - Started process (PID=19685) to work on /opt/airflow/dags/silver_processing_dag.py
[2026-09-06T00:26:43.158+0000] {processor.py:830} INFO - Processing file /opt/airflow/dags/silver_processing_dag.py for tasks to queue
[2026-09-06T00:26:43.175+0000] {logging_mixin.py:188} INFO - [2026-09-06T00:26:43.174+0000] {dagbag.py:545} INFO - Filling up the DagBag from /opt/airflow/dags/silver_processing_dag.py
[2026-09-06T00:26:43.313+0000] {processor.py:840} INFO - DAG(s) 'process_silver_layer' retrieved from /opt/airflow/dags/silver_processing_dag.py
[2026-09-06T00:26:43.532+0000] {logging_mixin.py:188} INFO - [2026-09-06T00:26:43.531+0000] {dag.py:3096} INFO - Sync 1 DAGs
[2026-09-06T00:26:43.692+0000] {logging_mixin.py:188} INFO - [2026-09-06T00:26:43.691+0000] {dag.py:3954} INFO - Setting next_dagrun for process_silver_layer to None, run_after=None
[2026-09-06T00:26:43.816+0000] {processor.py:183} INFO - Processing /opt/airflow/dags/silver_processing_dag.py took 0.708 seconds
[2026-09-06T00:27:14.309+0000] {processor.py:161} INFO - Started process (PID=19700) to work on /opt/airflow/dags/silver_processing_dag.py
[2026-09-06T00:27:14.312+0000] {processor.py:830} INFO - Processing file /opt/airflow/dags/silver_processing_dag.py for tasks to queue
[2026-09-06T00:27:14.318+0000] {logging_mixin.py:188} INFO - [2026-09-06T00:27:14.317+0000] {dagbag.py:545} INFO - Filling up the DagBag from /opt/airflow/dags/silver_processing_dag.py
[2026-09-06T00:27:14.381+0000] {processor.py:840} INFO - DAG(s) 'process_silver_layer' retrieved from /opt/airflow/dags/silver_processing_dag.py
[2026-09-06T00:27:14.451+0000] {logging_mixin.py:188} INFO - [2026-09-06T00:27:14.451+0000] {dag.py:3096} INFO - Sync 1 DAGs
[2026-09-06T00:27:14.500+0000] {logging_mixin.py:188} INFO - [2026-09-06T00:27:14.499+0000] {dag.py:3954} INFO - Setting next_dagrun for process_silver_layer to None, run_after=None
[2026-09-06T00:27:14.561+0000] {processor.py:183} INFO - Processing /opt/airflow/dags/silver_processing_dag.py took 0.285 seconds
[2026-09-06T00:27:44.986+0000] {processor.py:161} INFO - Started process (PID=19715) to work on /opt/airflow/dags/silver_processing_dag.py
[2026-09-06T00:27:44.991+0000] {processor.py:830} INFO - Processing file /opt/airflow/dags/silver_processing_dag.py for tasks to queue
[2026-09-06T00:27:44.998+0000] {logging_mixin.py:188} INFO - [2026-09-06T00:27:44.997+0000] {dagbag.py:545} INFO - Filling up the DagBag from /opt/airflow/dags/silver_processing_dag.py
[2026-09-06T00:27:45.057+0000] {processor.py:840} INFO - DAG(s) 'process_silver_layer' retrieved from /opt/airflow/dags/silver_processing_dag.py
[2026-09-06T00:27:45.124+0000] {logging_mixin.py:188} INFO - [2026-09-06T00:27:45.123+0000] {dag.py:3096} INFO - Sync 1 DAGs
[2026-09-06T00:27:45.170+0000] {logging_mixin.py:188} INFO - [2026-09-06T00:27:45.169+0000] {dag.py:3954} INFO - Setting next_dagrun for process_silver_layer to None, run_after=None
[2026-09-06T00:27:45.238+0000] {processor.py:183} INFO - Processing /opt/airflow/dags/silver_processing_dag.py took 0.277 seconds
[2026-09-06T00:28:15.740+0000] {processor.py:161} INFO - Started process (PID=19730) to work on /opt/airflow/dags/silver_processing_dag.py
[2026-09-06T00:28:15.743+0000] {processor.py:830} INFO - Processing file /opt/airflow/dags/silver_processing_dag.py for tasks to queue
[2026-09-06T00:28:15.750+0000] {logging_mixin.py:188} INFO - [2026-09-06T00:28:15.749+0000] {dagbag.py:545} INFO - Filling up the DagBag from /opt/airflow/dags/silver_processing_dag.py
[2026-09-06T00:28:15.814+0000] {processor.py:840} INFO - DAG(s) 'process_silver_layer' retrieved from /opt/airflow/dags/silver_processing_dag.py
[2026-09-06T00:28:15.901+0000] {logging_mixin.py:188} INFO - [2026-09-06T00:28:15.901+0000] {dag.py:3096} INFO - Sync 1 DAGs
[2026-09-06T00:28:15.968+0000] {logging_mixin.py:188} INFO - [2026-09-06T00:28:15.968+0000] {dag.py:3954} INFO - Setting next_dagrun for process_silver_layer to None, run_after=None
[2026-09-06T00:28:16.083+0000] {processor.py:183} INFO - Processing /opt/airflow/dags/silver_processing_dag.py took 0.373 seconds
[2026-09-06T00:28:46.619+0000] {processor.py:161} INFO - Started process (PID=19745) to work on /opt/airflow/dags/silver_processing_dag.py
[2026-09-06T00:28:46.623+0000] {processor.py:830} INFO - Processing file /opt/airflow/dags/silver_processing_dag.py for tasks to queue
[2026-09-06T00:28:46.633+0000] {logging_mixin.py:188} INFO - [2026-09-06T00:28:46.632+0000] {dagbag.py:545} INFO - Filling up the DagBag from /opt/airflow/dags/silver_processing_dag.py
[2026-09-06T00:28:46.703+0000] {processor.py:840} INFO - DAG(s) 'process_silver_layer' retrieved from /opt/airflow/dags/silver_processing_dag.py
[2026-09-06T00:28:46.794+0000] {logging_mixin.py:188} INFO - [2026-09-06T00:28:46.793+0000] {dag.py:3096} INFO - Sync 1 DAGs
[2026-09-06T00:28:46.838+0000] {logging_mixin.py:188} INFO - [2026-09-06T00:28:46.838+0000] {dag.py:3954} INFO - Setting next_dagrun for process_silver_layer to None, run_after=None
[2026-09-06T00:28:46.900+0000] {processor.py:183} INFO - Processing /opt/airflow/dags/silver_processing_dag.py took 0.305 seconds
[2026-09-06T00:29:17.511+0000] {processor.py:161} INFO - Started process (PID=19760) to work on /opt/airflow/dags/silver_processing_dag.py
[2026-09-06T00:29:17.515+0000] {processor.py:830} INFO - Processing file /opt/airflow/dags/silver_processing_dag.py for tasks to queue
[2026-09-06T00:29:17.522+0000] {logging_mixin.py:188} INFO - [2026-09-06T00:29:17.521+0000] {dagbag.py:545} INFO - Filling up the DagBag from /opt/airflow/dags/silver_processing_dag.py
[2026-09-06T00:29:17.576+0000] {processor.py:840} INFO - DAG(s) 'process_silver_layer' retrieved from /opt/airflow/dags/silver_processing_dag.py
[2026-09-06T00:29:17.650+0000] {logging_mixin.py:188} INFO - [2026-09-06T00:29:17.649+0000] {dag.py:3096} INFO - Sync 1 DAGs
[2026-09-06T00:29:17.698+0000] {logging_mixin.py:188} INFO - [2026-09-06T00:29:17.698+0000] {dag.py:3954} INFO - Setting next_dagrun for process_silver_layer to None, run_after=None
[2026-09-06T00:29:17.775+0000] {processor.py:183} INFO - Processing /opt/airflow/dags/silver_processing_dag.py took 0.293 seconds
[2026-09-06T00:29:48.174+0000] {processor.py:161} INFO - Started process (PID=19775) to work on /opt/airflow/dags/silver_processing_dag.py
[2026-09-06T00:29:48.177+0000] {processor.py:830} INFO - Processing file /opt/airflow/dags/silver_processing_dag.py for tasks to queue
[2026-09-06T00:29:48.188+0000] {logging_mixin.py:188} INFO - [2026-09-06T00:29:48.187+0000] {dagbag.py:545} INFO - Filling up the DagBag from /opt/airflow/dags/silver_processing_dag.py
[2026-09-06T00:29:48.276+0000] {processor.py:840} INFO - DAG(s) 'process_silver_layer' retrieved from /opt/airflow/dags/silver_processing_dag.py
[2026-09-06T00:29:48.349+0000] {logging_mixin.py:188} INFO - [2026-09-06T00:29:48.349+0000] {dag.py:3096} INFO - Sync 1 DAGs
[2026-09-06T00:29:48.392+0000] {logging_mixin.py:188} INFO - [2026-09-06T00:29:48.392+0000] {dag.py:3954} INFO - Setting next_dagrun for process_silver_layer to None, run_after=None
[2026-09-06T00:29:48.468+0000] {processor.py:183} INFO - Processing /opt/airflow/dags/silver_processing_dag.py took 0.317 seconds
[2026-09-06T00:30:18.935+0000] {processor.py:161} INFO - Started process (PID=19790) to work on /opt/airflow/dags/silver_processing_dag.py
[2026-09-06T00:30:18.941+0000] {processor.py:830} INFO - Processing file /opt/airflow/dags/silver_processing_dag.py for tasks to queue
[2026-09-06T00:30:18.947+0000] {logging_mixin.py:188} INFO - [2026-09-06T00:30:18.946+0000] {dagbag.py:545} INFO - Filling up the DagBag from /opt/airflow/dags/silver_processing_dag.py
[2026-09-06T00:30:19.038+0000] {processor.py:840} INFO - DAG(s) 'process_silver_layer' retrieved from /opt/airflow/dags/silver_processing_dag.py
[2026-09-06T00:30:19.192+0000] {logging_mixin.py:188} INFO - [2026-09-06T00:30:19.191+0000] {dag.py:3096} INFO - Sync 1 DAGs
[2026-09-06T00:30:19.291+0000] {logging_mixin.py:188} INFO - [2026-09-06T00:30:19.291+0000] {dag.py:3954} INFO - Setting next_dagrun for process_silver_layer to None, run_after=None
[2026-09-06T00:30:19.369+0000] {processor.py:183} INFO - Processing /opt/airflow/dags/silver_processing_dag.py took 0.458 seconds
[2026-09-06T00:30:49.986+0000] {processor.py:161} INFO - Started process (PID=19805) to work on /opt/airflow/dags/silver_processing_dag.py
[2026-09-06T00:30:50.000+0000] {processor.py:830} INFO - Processing file /opt/airflow/dags/silver_processing_dag.py for tasks to queue
[2026-09-06T00:30:50.006+0000] {logging_mixin.py:188} INFO - [2026-09-06T00:30:50.005+0000] {dagbag.py:545} INFO - Filling up the DagBag from /opt/airflow/dags/silver_processing_dag.py
[2026-09-06T00:30:50.113+0000] {processor.py:840} INFO - DAG(s) 'process_silver_layer' retrieved from /opt/airflow/dags/silver_processing_dag.py
[2026-09-06T00:30:50.249+0000] {logging_mixin.py:188} INFO - [2026-09-06T00:30:50.248+0000] {dag.py:3096} INFO - Sync 1 DAGs
[2026-09-06T00:30:50.328+0000] {logging_mixin.py:188} INFO - [2026-09-06T00:30:50.328+0000] {dag.py:3954} INFO - Setting next_dagrun for process_silver_layer to None, run_after=None
[2026-09-06T00:30:50.405+0000] {processor.py:183} INFO - Processing /opt/airflow/dags/silver_processing_dag.py took 0.459 seconds
[2026-09-06T00:31:20.881+0000] {processor.py:161} INFO - Started process (PID=19820) to work on /opt/airflow/dags/silver_processing_dag.py
[2026-09-06T00:31:20.884+0000] {processor.py:830} INFO - Processing file /opt/airflow/dags/silver_processing_dag.py for tasks to queue
[2026-09-06T00:31:20.915+0000] {logging_mixin.py:188} INFO - [2026-09-06T00:31:20.914+0000] {dagbag.py:545} INFO - Filling up the DagBag from /opt/airflow/dags/silver_processing_dag.py
[2026-09-06T00:31:21.013+0000] {processor.py:840} INFO - DAG(s) 'process_silver_layer' retrieved from /opt/airflow/dags/silver_processing_dag.py
[2026-09-06T00:31:21.141+0000] {logging_mixin.py:188} INFO - [2026-09-06T00:31:21.140+0000] {dag.py:3096} INFO - Sync 1 DAGs
[2026-09-06T00:31:21.245+0000] {logging_mixin.py:188} INFO - [2026-09-06T00:31:21.244+0000] {dag.py:3954} INFO - Setting next_dagrun for process_silver_layer to None, run_after=None
[2026-09-06T00:31:21.420+0000] {processor.py:183} INFO - Processing /opt/airflow/dags/silver_processing_dag.py took 0.574 seconds
[2026-09-06T00:31:52.006+0000] {processor.py:161} INFO - Started process (PID=19835) to work on /opt/airflow/dags/silver_processing_dag.py
[2026-09-06T00:31:52.009+0000] {processor.py:830} INFO - Processing file /opt/airflow/dags/silver_processing_dag.py for tasks to queue
[2026-09-06T00:31:52.019+0000] {logging_mixin.py:188} INFO - [2026-09-06T00:31:52.018+0000] {dagbag.py:545} INFO - Filling up the DagBag from /opt/airflow/dags/silver_processing_dag.py
[2026-09-06T00:31:52.092+0000] {processor.py:840} INFO - DAG(s) 'process_silver_layer' retrieved from /opt/airflow/dags/silver_processing_dag.py
[2026-09-06T00:31:52.168+0000] {logging_mixin.py:188} INFO - [2026-09-06T00:31:52.167+0000] {dag.py:3096} INFO - Sync 1 DAGs
[2026-09-06T00:31:52.224+0000] {logging_mixin.py:188} INFO - [2026-09-06T00:31:52.224+0000] {dag.py:3954} INFO - Setting next_dagrun for process_silver_layer to None, run_after=None
[2026-09-06T00:31:52.356+0000] {processor.py:183} INFO - Processing /opt/airflow/dags/silver_processing_dag.py took 0.379 seconds
[2026-09-06T00:32:22.816+0000] {processor.py:161} INFO - Started process (PID=19850) to work on /opt/airflow/dags/silver_processing_dag.py
[2026-09-06T00:32:22.821+0000] {processor.py:830} INFO - Processing file /opt/airflow/dags/silver_processing_dag.py for tasks to queue
[2026-09-06T00:32:22.828+0000] {logging_mixin.py:188} INFO - [2026-09-06T00:32:22.827+0000] {dagbag.py:545} INFO - Filling up the DagBag from /opt/airflow/dags/silver_processing_dag.py
[2026-09-06T00:32:22.886+0000] {processor.py:840} INFO - DAG(s) 'process_silver_layer' retrieved from /opt/airflow/dags/silver_processing_dag.py
[2026-09-06T00:32:22.965+0000] {logging_mixin.py:188} INFO - [2026-09-06T00:32:22.964+0000] {dag.py:3096} INFO - Sync 1 DAGs
[2026-09-06T00:32:23.008+0000] {logging_mixin.py:188} INFO - [2026-09-06T00:32:23.008+0000] {dag.py:3954} INFO - Setting next_dagrun for process_silver_layer to None, run_after=None
[2026-09-06T00:32:23.083+0000] {processor.py:183} INFO - Processing /opt/airflow/dags/silver_processing_dag.py took 0.295 seconds
[2026-09-06T00:32:53.643+0000] {processor.py:161} INFO - Started process (PID=19865) to work on /opt/airflow/dags/silver_processing_dag.py
[2026-09-06T00:32:53.646+0000] {processor.py:830} INFO - Processing file /opt/airflow/dags/silver_processing_dag.py for tasks to queue
[2026-09-06T00:32:53.663+0000] {logging_mixin.py:188} INFO - [2026-09-06T00:32:53.662+0000] {dagbag.py:545} INFO - Filling up the DagBag from /opt/airflow/dags/silver_processing_dag.py
[2026-09-06T00:32:53.770+0000] {processor.py:840} INFO - DAG(s) 'process_silver_layer' retrieved from /opt/airflow/dags/silver_processing_dag.py
[2026-09-06T00:32:53.864+0000] {logging_mixin.py:188} INFO - [2026-09-06T00:32:53.862+0000] {dag.py:3096} INFO - Sync 1 DAGs
[2026-09-06T00:32:53.920+0000] {logging_mixin.py:188} INFO - [2026-09-06T00:32:53.919+0000] {dag.py:3954} INFO - Setting next_dagrun for process_silver_layer to None, run_after=None
[2026-09-06T00:32:54.016+0000] {processor.py:183} INFO - Processing /opt/airflow/dags/silver_processing_dag.py took 0.409 seconds
[2026-09-06T00:33:24.609+0000] {processor.py:161} INFO - Started process (PID=19880) to work on /opt/airflow/dags/silver_processing_dag.py
[2026-09-06T00:33:24.612+0000] {processor.py:830} INFO - Processing file /opt/airflow/dags/silver_processing_dag.py for tasks to queue
[2026-09-06T00:33:24.619+0000] {logging_mixin.py:188} INFO - [2026-09-06T00:33:24.618+0000] {dagbag.py:545} INFO - Filling up the DagBag from /opt/airflow/dags/silver_processing_dag.py
[2026-09-06T00:33:24.691+0000] {processor.py:840} INFO - DAG(s) 'process_silver_layer' retrieved from /opt/airflow/dags/silver_processing_dag.py
[2026-09-06T00:33:24.770+0000] {logging_mixin.py:188} INFO - [2026-09-06T00:33:24.769+0000] {dag.py:3096} INFO - Sync 1 DAGs
[2026-09-06T00:33:24.833+0000] {logging_mixin.py:188} INFO - [2026-09-06T00:33:24.833+0000] {dag.py:3954} INFO - Setting next_dagrun for process_silver_layer to None, run_after=None
[2026-09-06T00:33:24.913+0000] {processor.py:183} INFO - Processing /opt/airflow/dags/silver_processing_dag.py took 0.326 seconds
[2026-09-06T00:33:55.336+0000] {processor.py:161} INFO - Started process (PID=19895) to work on /opt/airflow/dags/silver_processing_dag.py
[2026-09-06T00:33:55.339+0000] {processor.py:830} INFO - Processing file /opt/airflow/dags/silver_processing_dag.py for tasks to queue
[2026-09-06T00:33:55.350+0000] {logging_mixin.py:188} INFO - [2026-09-06T00:33:55.349+0000] {dagbag.py:545} INFO - Filling up the DagBag from /opt/airflow/dags/silver_processing_dag.py
[2026-09-06T00:33:55.415+0000] {processor.py:840} INFO - DAG(s) 'process_silver_layer' retrieved from /opt/airflow/dags/silver_processing_dag.py
[2026-09-06T00:33:55.477+0000] {logging_mixin.py:188} INFO - [2026-09-06T00:33:55.476+0000] {dag.py:3096} INFO - Sync 1 DAGs
[2026-09-06T00:33:55.519+0000] {logging_mixin.py:188} INFO - [2026-09-06T00:33:55.519+0000] {dag.py:3954} INFO - Setting next_dagrun for process_silver_layer to None, run_after=None
[2026-09-06T00:33:55.600+0000] {processor.py:183} INFO - Processing /opt/airflow/dags/silver_processing_dag.py took 0.290 seconds
[2026-09-06T00:34:26.039+0000] {processor.py:161} INFO - Started process (PID=19910) to work on /opt/airflow/dags/silver_processing_dag.py
[2026-09-06T00:34:26.042+0000] {processor.py:830} INFO - Processing file /opt/airflow/dags/silver_processing_dag.py for tasks to queue
[2026-09-06T00:34:26.051+0000] {logging_mixin.py:188} INFO - [2026-09-06T00:34:26.050+0000] {dagbag.py:545} INFO - Filling up the DagBag from /opt/airflow/dags/silver_processing_dag.py
[2026-09-06T00:34:26.111+0000] {processor.py:840} INFO - DAG(s) 'process_silver_layer' retrieved from /opt/airflow/dags/silver_processing_dag.py
[2026-09-06T00:34:26.183+0000] {logging_mixin.py:188} INFO - [2026-09-06T00:34:26.182+0000] {dag.py:3096} INFO - Sync 1 DAGs
[2026-09-06T00:34:26.242+0000] {logging_mixin.py:188} INFO - [2026-09-06T00:34:26.242+0000] {dag.py:3954} INFO - Setting next_dagrun for process_silver_layer to None, run_after=None
[2026-09-06T00:34:26.334+0000] {processor.py:183} INFO - Processing /opt/airflow/dags/silver_processing_dag.py took 0.323 seconds
[2026-09-06T00:34:56.669+0000] {processor.py:161} INFO - Started process (PID=19925) to work on /opt/airflow/dags/silver_processing_dag.py
[2026-09-06T00:34:56.672+0000] {processor.py:830} INFO - Processing file /opt/airflow/dags/silver_processing_dag.py for tasks to queue
[2026-09-06T00:34:56.681+0000] {logging_mixin.py:188} INFO - [2026-09-06T00:34:56.680+0000] {dagbag.py:545} INFO - Filling up the DagBag from /opt/airflow/dags/silver_processing_dag.py
[2026-09-06T00:34:56.744+0000] {processor.py:840} INFO - DAG(s) 'process_silver_layer' retrieved from /opt/airflow/dags/silver_processing_dag.py
[2026-09-06T00:34:56.839+0000] {logging_mixin.py:188} INFO - [2026-09-06T00:34:56.839+0000] {dag.py:3096} INFO - Sync 1 DAGs
[2026-09-06T00:34:56.891+0000] {logging_mixin.py:188} INFO - [2026-09-06T00:34:56.891+0000] {dag.py:3954} INFO - Setting next_dagrun for process_silver_layer to None, run_after=None
[2026-09-06T00:34:56.981+0000] {processor.py:183} INFO - Processing /opt/airflow/dags/silver_processing_dag.py took 0.340 seconds
[2026-09-06T00:35:27.773+0000] {processor.py:161} INFO - Started process (PID=19940) to work on /opt/airflow/dags/silver_processing_dag.py
[2026-09-06T00:35:27.782+0000] {processor.py:830} INFO - Processing file /opt/airflow/dags/silver_processing_dag.py for tasks to queue
[2026-09-06T00:35:27.788+0000] {logging_mixin.py:188} INFO - [2026-09-06T00:35:27.787+0000] {dagbag.py:545} INFO - Filling up the DagBag from /opt/airflow/dags/silver_processing_dag.py
[2026-09-06T00:35:27.843+0000] {processor.py:840} INFO - DAG(s) 'process_silver_layer' retrieved from /opt/airflow/dags/silver_processing_dag.py
[2026-09-06T00:35:27.909+0000] {logging_mixin.py:188} INFO - [2026-09-06T00:35:27.908+0000] {dag.py:3096} INFO - Sync 1 DAGs
[2026-09-06T00:35:27.953+0000] {logging_mixin.py:188} INFO - [2026-09-06T00:35:27.953+0000] {dag.py:3954} INFO - Setting next_dagrun for process_silver_layer to None, run_after=None
[2026-09-06T00:35:28.019+0000] {processor.py:183} INFO - Processing /opt/airflow/dags/silver_processing_dag.py took 0.279 seconds
[2026-09-06T00:35:58.453+0000] {processor.py:161} INFO - Started process (PID=19955) to work on /opt/airflow/dags/silver_processing_dag.py
[2026-09-06T00:35:58.456+0000] {processor.py:830} INFO - Processing file /opt/airflow/dags/silver_processing_dag.py for tasks to queue
[2026-09-06T00:35:58.468+0000] {logging_mixin.py:188} INFO - [2026-09-06T00:35:58.466+0000] {dagbag.py:545} INFO - Filling up the DagBag from /opt/airflow/dags/silver_processing_dag.py
[2026-09-06T00:35:58.548+0000] {processor.py:840} INFO - DAG(s) 'process_silver_layer' retrieved from /opt/airflow/dags/silver_processing_dag.py
[2026-09-06T00:35:58.611+0000] {logging_mixin.py:188} INFO - [2026-09-06T00:35:58.611+0000] {dag.py:3096} INFO - Sync 1 DAGs
[2026-09-06T00:35:58.654+0000] {logging_mixin.py:188} INFO - [2026-09-06T00:35:58.653+0000] {dag.py:3954} INFO - Setting next_dagrun for process_silver_layer to None, run_after=None
[2026-09-06T00:35:58.719+0000] {processor.py:183} INFO - Processing /opt/airflow/dags/silver_processing_dag.py took 0.289 seconds
[2026-09-06T00:36:28.883+0000] {processor.py:161} INFO - Started process (PID=19970) to work on /opt/airflow/dags/silver_processing_dag.py
[2026-09-06T00:36:28.888+0000] {processor.py:830} INFO - Processing file /opt/airflow/dags/silver_processing_dag.py for tasks to queue
[2026-09-06T00:36:28.918+0000] {logging_mixin.py:188} INFO - [2026-09-06T00:36:28.907+0000] {dagbag.py:545} INFO - Filling up the DagBag from /opt/airflow/dags/silver_processing_dag.py
[2026-09-06T00:36:29.012+0000] {processor.py:840} INFO - DAG(s) 'process_silver_layer' retrieved from /opt/airflow/dags/silver_processing_dag.py
[2026-09-06T00:36:29.077+0000] {logging_mixin.py:188} INFO - [2026-09-06T00:36:29.076+0000] {dag.py:3096} INFO - Sync 1 DAGs
[2026-09-06T00:36:29.120+0000] {logging_mixin.py:188} INFO - [2026-09-06T00:36:29.120+0000] {dag.py:3954} INFO - Setting next_dagrun for process_silver_layer to None, run_after=None
[2026-09-06T00:36:29.184+0000] {processor.py:183} INFO - Processing /opt/airflow/dags/silver_processing_dag.py took 0.329 seconds
[2026-09-06T00:36:59.672+0000] {processor.py:161} INFO - Started process (PID=19985) to work on /opt/airflow/dags/silver_processing_dag.py
[2026-09-06T00:36:59.679+0000] {processor.py:830} INFO - Processing file /opt/airflow/dags/silver_processing_dag.py for tasks to queue
[2026-09-06T00:36:59.691+0000] {logging_mixin.py:188} INFO - [2026-09-06T00:36:59.689+0000] {dagbag.py:545} INFO - Filling up the DagBag from /opt/airflow/dags/silver_processing_dag.py
[2026-09-06T00:36:59.847+0000] {processor.py:840} INFO - DAG(s) 'process_silver_layer' retrieved from /opt/airflow/dags/silver_processing_dag.py
[2026-09-06T00:36:59.928+0000] {logging_mixin.py:188} INFO - [2026-09-06T00:36:59.927+0000] {dag.py:3096} INFO - Sync 1 DAGs
[2026-09-06T00:36:59.980+0000] {logging_mixin.py:188} INFO - [2026-09-06T00:36:59.980+0000] {dag.py:3954} INFO - Setting next_dagrun for process_silver_layer to None, run_after=None
[2026-09-06T00:37:00.073+0000] {processor.py:183} INFO - Processing /opt/airflow/dags/silver_processing_dag.py took 0.434 seconds
[2026-09-06T00:37:30.639+0000] {processor.py:161} INFO - Started process (PID=20000) to work on /opt/airflow/dags/silver_processing_dag.py
[2026-09-06T00:37:30.643+0000] {processor.py:830} INFO - Processing file /opt/airflow/dags/silver_processing_dag.py for tasks to queue
[2026-09-06T00:37:30.652+0000] {logging_mixin.py:188} INFO - [2026-09-06T00:37:30.651+0000] {dagbag.py:545} INFO - Filling up the DagBag from /opt/airflow/dags/silver_processing_dag.py
[2026-09-06T00:37:30.724+0000] {processor.py:840} INFO - DAG(s) 'process_silver_layer' retrieved from /opt/airflow/dags/silver_processing_dag.py
[2026-09-06T00:37:30.796+0000] {logging_mixin.py:188} INFO - [2026-09-06T00:37:30.795+0000] {dag.py:3096} INFO - Sync 1 DAGs
[2026-09-06T00:37:30.844+0000] {logging_mixin.py:188} INFO - [2026-09-06T00:37:30.844+0000] {dag.py:3954} INFO - Setting next_dagrun for process_silver_layer to None, run_after=None
[2026-09-06T00:37:30.933+0000] {processor.py:183} INFO - Processing /opt/airflow/dags/silver_processing_dag.py took 0.329 seconds
[2026-09-06T00:38:01.289+0000] {processor.py:161} INFO - Started process (PID=20017) to work on /opt/airflow/dags/silver_processing_dag.py
[2026-09-06T00:38:01.292+0000] {processor.py:830} INFO - Processing file /opt/airflow/dags/silver_processing_dag.py for tasks to queue
[2026-09-06T00:38:01.298+0000] {logging_mixin.py:188} INFO - [2026-09-06T00:38:01.297+0000] {dagbag.py:545} INFO - Filling up the DagBag from /opt/airflow/dags/silver_processing_dag.py
[2026-09-06T00:38:01.341+0000] {processor.py:840} INFO - DAG(s) 'process_silver_layer' retrieved from /opt/airflow/dags/silver_processing_dag.py
[2026-09-06T00:38:01.397+0000] {logging_mixin.py:188} INFO - [2026-09-06T00:38:01.396+0000] {dag.py:3096} INFO - Sync 1 DAGs
[2026-09-06T00:38:01.437+0000] {logging_mixin.py:188} INFO - [2026-09-06T00:38:01.437+0000] {dag.py:3954} INFO - Setting next_dagrun for process_silver_layer to None, run_after=None
[2026-09-06T00:38:01.538+0000] {processor.py:183} INFO - Processing /opt/airflow/dags/silver_processing_dag.py took 0.265 seconds
[2026-09-06T00:38:32.098+0000] {processor.py:161} INFO - Started process (PID=20030) to work on /opt/airflow/dags/silver_processing_dag.py
[2026-09-06T00:38:32.102+0000] {processor.py:830} INFO - Processing file /opt/airflow/dags/silver_processing_dag.py for tasks to queue
[2026-09-06T00:38:32.109+0000] {logging_mixin.py:188} INFO - [2026-09-06T00:38:32.108+0000] {dagbag.py:545} INFO - Filling up the DagBag from /opt/airflow/dags/silver_processing_dag.py
[2026-09-06T00:38:32.179+0000] {processor.py:840} INFO - DAG(s) 'process_silver_layer' retrieved from /opt/airflow/dags/silver_processing_dag.py
[2026-09-06T00:38:32.277+0000] {logging_mixin.py:188} INFO - [2026-09-06T00:38:32.276+0000] {dag.py:3096} INFO - Sync 1 DAGs
[2026-09-06T00:38:32.331+0000] {logging_mixin.py:188} INFO - [2026-09-06T00:38:32.331+0000] {dag.py:3954} INFO - Setting next_dagrun for process_silver_layer to None, run_after=None
[2026-09-06T00:38:32.390+0000] {processor.py:183} INFO - Processing /opt/airflow/dags/silver_processing_dag.py took 0.317 seconds
[2026-09-06T00:39:02.914+0000] {processor.py:161} INFO - Started process (PID=20045) to work on /opt/airflow/dags/silver_processing_dag.py
[2026-09-06T00:39:02.918+0000] {processor.py:830} INFO - Processing file /opt/airflow/dags/silver_processing_dag.py for tasks to queue
[2026-09-06T00:39:02.930+0000] {logging_mixin.py:188} INFO - [2026-09-06T00:39:02.929+0000] {dagbag.py:545} INFO - Filling up the DagBag from /opt/airflow/dags/silver_processing_dag.py
[2026-09-06T00:39:02.995+0000] {processor.py:840} INFO - DAG(s) 'process_silver_layer' retrieved from /opt/airflow/dags/silver_processing_dag.py
[2026-09-06T00:39:03.101+0000] {logging_mixin.py:188} INFO - [2026-09-06T00:39:03.101+0000] {dag.py:3096} INFO - Sync 1 DAGs
[2026-09-06T00:39:03.149+0000] {logging_mixin.py:188} INFO - [2026-09-06T00:39:03.148+0000] {dag.py:3954} INFO - Setting next_dagrun for process_silver_layer to None, run_after=None
[2026-09-06T00:39:03.222+0000] {processor.py:183} INFO - Processing /opt/airflow/dags/silver_processing_dag.py took 0.332 seconds
[2026-09-06T00:39:33.770+0000] {processor.py:161} INFO - Started process (PID=20060) to work on /opt/airflow/dags/silver_processing_dag.py
[2026-09-06T00:39:33.774+0000] {processor.py:830} INFO - Processing file /opt/airflow/dags/silver_processing_dag.py for tasks to queue
[2026-09-06T00:39:33.786+0000] {logging_mixin.py:188} INFO - [2026-09-06T00:39:33.785+0000] {dagbag.py:545} INFO - Filling up the DagBag from /opt/airflow/dags/silver_processing_dag.py
[2026-09-06T00:39:33.914+0000] {processor.py:840} INFO - DAG(s) 'process_silver_layer' retrieved from /opt/airflow/dags/silver_processing_dag.py
[2026-09-06T00:39:34.004+0000] {logging_mixin.py:188} INFO - [2026-09-06T00:39:34.003+0000] {dag.py:3096} INFO - Sync 1 DAGs
[2026-09-06T00:39:34.062+0000] {logging_mixin.py:188} INFO - [2026-09-06T00:39:34.062+0000] {dag.py:3954} INFO - Setting next_dagrun for process_silver_layer to None, run_after=None
[2026-09-06T00:39:34.159+0000] {processor.py:183} INFO - Processing /opt/airflow/dags/silver_processing_dag.py took 0.434 seconds
[2026-09-06T00:40:04.944+0000] {processor.py:161} INFO - Started process (PID=20075) to work on /opt/airflow/dags/silver_processing_dag.py
[2026-09-06T00:40:04.947+0000] {processor.py:830} INFO - Processing file /opt/airflow/dags/silver_processing_dag.py for tasks to queue
[2026-09-06T00:40:04.957+0000] {logging_mixin.py:188} INFO - [2026-09-06T00:40:04.955+0000] {dagbag.py:545} INFO - Filling up the DagBag from /opt/airflow/dags/silver_processing_dag.py
[2026-09-06T00:40:05.015+0000] {processor.py:840} INFO - DAG(s) 'process_silver_layer' retrieved from /opt/airflow/dags/silver_processing_dag.py
[2026-09-06T00:40:05.087+0000] {logging_mixin.py:188} INFO - [2026-09-06T00:40:05.087+0000] {dag.py:3096} INFO - Sync 1 DAGs
[2026-09-06T00:40:05.138+0000] {logging_mixin.py:188} INFO - [2026-09-06T00:40:05.137+0000] {dag.py:3954} INFO - Setting next_dagrun for process_silver_layer to None, run_after=None
[2026-09-06T00:40:05.206+0000] {processor.py:183} INFO - Processing /opt/airflow/dags/silver_processing_dag.py took 0.287 seconds
[2026-09-06T00:40:35.999+0000] {processor.py:161} INFO - Started process (PID=20090) to work on /opt/airflow/dags/silver_processing_dag.py
[2026-09-06T00:40:36.014+0000] {processor.py:830} INFO - Processing file /opt/airflow/dags/silver_processing_dag.py for tasks to queue
[2026-09-06T00:40:36.039+0000] {logging_mixin.py:188} INFO - [2026-09-06T00:40:36.037+0000] {dagbag.py:545} INFO - Filling up the DagBag from /opt/airflow/dags/silver_processing_dag.py
[2026-09-06T00:40:36.146+0000] {processor.py:840} INFO - DAG(s) 'process_silver_layer' retrieved from /opt/airflow/dags/silver_processing_dag.py
[2026-09-06T00:40:36.248+0000] {logging_mixin.py:188} INFO - [2026-09-06T00:40:36.247+0000] {dag.py:3096} INFO - Sync 1 DAGs
[2026-09-06T00:40:36.290+0000] {logging_mixin.py:188} INFO - [2026-09-06T00:40:36.289+0000] {dag.py:3954} INFO - Setting next_dagrun for process_silver_layer to None, run_after=None
[2026-09-06T00:40:36.350+0000] {processor.py:183} INFO - Processing /opt/airflow/dags/silver_processing_dag.py took 0.389 seconds
[2026-09-06T00:41:06.842+0000] {processor.py:161} INFO - Started process (PID=20105) to work on /opt/airflow/dags/silver_processing_dag.py
[2026-09-06T00:41:06.846+0000] {processor.py:830} INFO - Processing file /opt/airflow/dags/silver_processing_dag.py for tasks to queue
[2026-09-06T00:41:06.856+0000] {logging_mixin.py:188} INFO - [2026-09-06T00:41:06.855+0000] {dagbag.py:545} INFO - Filling up the DagBag from /opt/airflow/dags/silver_processing_dag.py
[2026-09-06T00:41:06.910+0000] {processor.py:840} INFO - DAG(s) 'process_silver_layer' retrieved from /opt/airflow/dags/silver_processing_dag.py
[2026-09-06T00:41:06.981+0000] {logging_mixin.py:188} INFO - [2026-09-06T00:41:06.980+0000] {dag.py:3096} INFO - Sync 1 DAGs
[2026-09-06T00:41:07.023+0000] {logging_mixin.py:188} INFO - [2026-09-06T00:41:07.022+0000] {dag.py:3954} INFO - Setting next_dagrun for process_silver_layer to None, run_after=None
[2026-09-06T00:41:07.082+0000] {processor.py:183} INFO - Processing /opt/airflow/dags/silver_processing_dag.py took 0.266 seconds
[2026-09-06T00:41:37.552+0000] {processor.py:161} INFO - Started process (PID=20120) to work on /opt/airflow/dags/silver_processing_dag.py
[2026-09-06T00:41:37.558+0000] {processor.py:830} INFO - Processing file /opt/airflow/dags/silver_processing_dag.py for tasks to queue
[2026-09-06T00:41:37.565+0000] {logging_mixin.py:188} INFO - [2026-09-06T00:41:37.564+0000] {dagbag.py:545} INFO - Filling up the DagBag from /opt/airflow/dags/silver_processing_dag.py
[2026-09-06T00:41:37.622+0000] {processor.py:840} INFO - DAG(s) 'process_silver_layer' retrieved from /opt/airflow/dags/silver_processing_dag.py
[2026-09-06T00:41:37.694+0000] {logging_mixin.py:188} INFO - [2026-09-06T00:41:37.693+0000] {dag.py:3096} INFO - Sync 1 DAGs
[2026-09-06T00:41:37.743+0000] {logging_mixin.py:188} INFO - [2026-09-06T00:41:37.742+0000] {dag.py:3954} INFO - Setting next_dagrun for process_silver_layer to None, run_after=None
[2026-09-06T00:41:37.807+0000] {processor.py:183} INFO - Processing /opt/airflow/dags/silver_processing_dag.py took 0.285 seconds
[2026-09-06T00:42:08.033+0000] {processor.py:161} INFO - Started process (PID=20135) to work on /opt/airflow/dags/silver_processing_dag.py
[2026-09-06T00:42:08.036+0000] {processor.py:830} INFO - Processing file /opt/airflow/dags/silver_processing_dag.py for tasks to queue
[2026-09-06T00:42:08.043+0000] {logging_mixin.py:188} INFO - [2026-09-06T00:42:08.042+0000] {dagbag.py:545} INFO - Filling up the DagBag from /opt/airflow/dags/silver_processing_dag.py
[2026-09-06T00:42:08.094+0000] {processor.py:840} INFO - DAG(s) 'process_silver_layer' retrieved from /opt/airflow/dags/silver_processing_dag.py
[2026-09-06T00:42:08.159+0000] {logging_mixin.py:188} INFO - [2026-09-06T00:42:08.158+0000] {dag.py:3096} INFO - Sync 1 DAGs
[2026-09-06T00:42:08.202+0000] {logging_mixin.py:188} INFO - [2026-09-06T00:42:08.202+0000] {dag.py:3954} INFO - Setting next_dagrun for process_silver_layer to None, run_after=None
[2026-09-06T00:42:08.288+0000] {processor.py:183} INFO - Processing /opt/airflow/dags/silver_processing_dag.py took 0.274 seconds
[2026-09-06T00:42:38.760+0000] {processor.py:161} INFO - Started process (PID=20150) to work on /opt/airflow/dags/silver_processing_dag.py
[2026-09-06T00:42:38.763+0000] {processor.py:830} INFO - Processing file /opt/airflow/dags/silver_processing_dag.py for tasks to queue
[2026-09-06T00:42:38.770+0000] {logging_mixin.py:188} INFO - [2026-09-06T00:42:38.769+0000] {dagbag.py:545} INFO - Filling up the DagBag from /opt/airflow/dags/silver_processing_dag.py
[2026-09-06T00:42:38.831+0000] {processor.py:840} INFO - DAG(s) 'process_silver_layer' retrieved from /opt/airflow/dags/silver_processing_dag.py
[2026-09-06T00:42:38.903+0000] {logging_mixin.py:188} INFO - [2026-09-06T00:42:38.902+0000] {dag.py:3096} INFO - Sync 1 DAGs
[2026-09-06T00:42:38.946+0000] {logging_mixin.py:188} INFO - [2026-09-06T00:42:38.945+0000] {dag.py:3954} INFO - Setting next_dagrun for process_silver_layer to None, run_after=None
[2026-09-06T00:42:39.014+0000] {processor.py:183} INFO - Processing /opt/airflow/dags/silver_processing_dag.py took 0.279 seconds
[2026-09-06T00:43:09.507+0000] {processor.py:161} INFO - Started process (PID=20165) to work on /opt/airflow/dags/silver_processing_dag.py
[2026-09-06T00:43:09.511+0000] {processor.py:830} INFO - Processing file /opt/airflow/dags/silver_processing_dag.py for tasks to queue
[2026-09-06T00:43:09.519+0000] {logging_mixin.py:188} INFO - [2026-09-06T00:43:09.518+0000] {dagbag.py:545} INFO - Filling up the DagBag from /opt/airflow/dags/silver_processing_dag.py
[2026-09-06T00:43:09.568+0000] {processor.py:840} INFO - DAG(s) 'process_silver_layer' retrieved from /opt/airflow/dags/silver_processing_dag.py
[2026-09-06T00:43:09.642+0000] {logging_mixin.py:188} INFO - [2026-09-06T00:43:09.642+0000] {dag.py:3096} INFO - Sync 1 DAGs
[2026-09-06T00:43:09.691+0000] {logging_mixin.py:188} INFO - [2026-09-06T00:43:09.690+0000] {dag.py:3954} INFO - Setting next_dagrun for process_silver_layer to None, run_after=None
[2026-09-06T00:43:09.785+0000] {processor.py:183} INFO - Processing /opt/airflow/dags/silver_processing_dag.py took 0.300 seconds
[2026-09-06T00:43:40.277+0000] {processor.py:161} INFO - Started process (PID=20180) to work on /opt/airflow/dags/silver_processing_dag.py
[2026-09-06T00:43:40.282+0000] {processor.py:830} INFO - Processing file /opt/airflow/dags/silver_processing_dag.py for tasks to queue
[2026-09-06T00:43:40.290+0000] {logging_mixin.py:188} INFO - [2026-09-06T00:43:40.288+0000] {dagbag.py:545} INFO - Filling up the DagBag from /opt/airflow/dags/silver_processing_dag.py
[2026-09-06T00:43:40.346+0000] {processor.py:840} INFO - DAG(s) 'process_silver_layer' retrieved from /opt/airflow/dags/silver_processing_dag.py
[2026-09-06T00:43:40.429+0000] {logging_mixin.py:188} INFO - [2026-09-06T00:43:40.428+0000] {dag.py:3096} INFO - Sync 1 DAGs
[2026-09-06T00:43:40.475+0000] {logging_mixin.py:188} INFO - [2026-09-06T00:43:40.475+0000] {dag.py:3954} INFO - Setting next_dagrun for process_silver_layer to None, run_after=None
[2026-09-06T00:43:40.565+0000] {processor.py:183} INFO - Processing /opt/airflow/dags/silver_processing_dag.py took 0.311 seconds
[2026-09-06T00:44:11.257+0000] {processor.py:161} INFO - Started process (PID=20195) to work on /opt/airflow/dags/silver_processing_dag.py
[2026-09-06T00:44:11.269+0000] {processor.py:830} INFO - Processing file /opt/airflow/dags/silver_processing_dag.py for tasks to queue
[2026-09-06T00:44:11.285+0000] {logging_mixin.py:188} INFO - [2026-09-06T00:44:11.284+0000] {dagbag.py:545} INFO - Filling up the DagBag from /opt/airflow/dags/silver_processing_dag.py
[2026-09-06T00:44:11.388+0000] {processor.py:840} INFO - DAG(s) 'process_silver_layer' retrieved from /opt/airflow/dags/silver_processing_dag.py
[2026-09-06T00:44:11.518+0000] {logging_mixin.py:188} INFO - [2026-09-06T00:44:11.517+0000] {dag.py:3096} INFO - Sync 1 DAGs
[2026-09-06T00:44:11.612+0000] {logging_mixin.py:188} INFO - [2026-09-06T00:44:11.604+0000] {dag.py:3954} INFO - Setting next_dagrun for process_silver_layer to None, run_after=None
[2026-09-06T00:44:11.733+0000] {processor.py:183} INFO - Processing /opt/airflow/dags/silver_processing_dag.py took 0.514 seconds
[2026-09-06T00:44:42.141+0000] {processor.py:161} INFO - Started process (PID=20210) to work on /opt/airflow/dags/silver_processing_dag.py
[2026-09-06T00:44:42.151+0000] {processor.py:830} INFO - Processing file /opt/airflow/dags/silver_processing_dag.py for tasks to queue
[2026-09-06T00:44:42.163+0000] {logging_mixin.py:188} INFO - [2026-09-06T00:44:42.162+0000] {dagbag.py:545} INFO - Filling up the DagBag from /opt/airflow/dags/silver_processing_dag.py
[2026-09-06T00:44:42.312+0000] {processor.py:840} INFO - DAG(s) 'process_silver_layer' retrieved from /opt/airflow/dags/silver_processing_dag.py
[2026-09-06T00:44:42.420+0000] {logging_mixin.py:188} INFO - [2026-09-06T00:44:42.419+0000] {dag.py:3096} INFO - Sync 1 DAGs
[2026-09-06T00:44:42.470+0000] {logging_mixin.py:188} INFO - [2026-09-06T00:44:42.469+0000] {dag.py:3954} INFO - Setting next_dagrun for process_silver_layer to None, run_after=None
[2026-09-06T00:44:42.547+0000] {processor.py:183} INFO - Processing /opt/airflow/dags/silver_processing_dag.py took 0.449 seconds
[2026-09-06T00:45:13.013+0000] {processor.py:161} INFO - Started process (PID=20225) to work on /opt/airflow/dags/silver_processing_dag.py
[2026-09-06T00:45:13.017+0000] {processor.py:830} INFO - Processing file /opt/airflow/dags/silver_processing_dag.py for tasks to queue
[2026-09-06T00:45:13.033+0000] {logging_mixin.py:188} INFO - [2026-09-06T00:45:13.032+0000] {dagbag.py:545} INFO - Filling up the DagBag from /opt/airflow/dags/silver_processing_dag.py
[2026-09-06T00:45:13.086+0000] {processor.py:840} INFO - DAG(s) 'process_silver_layer' retrieved from /opt/airflow/dags/silver_processing_dag.py
[2026-09-06T00:45:13.161+0000] {logging_mixin.py:188} INFO - [2026-09-06T00:45:13.161+0000] {dag.py:3096} INFO - Sync 1 DAGs
[2026-09-06T00:45:13.218+0000] {logging_mixin.py:188} INFO - [2026-09-06T00:45:13.218+0000] {dag.py:3954} INFO - Setting next_dagrun for process_silver_layer to None, run_after=None
[2026-09-06T00:45:13.301+0000] {processor.py:183} INFO - Processing /opt/airflow/dags/silver_processing_dag.py took 0.311 seconds
[2026-09-06T00:45:43.669+0000] {processor.py:161} INFO - Started process (PID=20240) to work on /opt/airflow/dags/silver_processing_dag.py
[2026-09-06T00:45:43.672+0000] {processor.py:830} INFO - Processing file /opt/airflow/dags/silver_processing_dag.py for tasks to queue
[2026-09-06T00:45:43.683+0000] {logging_mixin.py:188} INFO - [2026-09-06T00:45:43.681+0000] {dagbag.py:545} INFO - Filling up the DagBag from /opt/airflow/dags/silver_processing_dag.py
[2026-09-06T00:45:43.750+0000] {processor.py:840} INFO - DAG(s) 'process_silver_layer' retrieved from /opt/airflow/dags/silver_processing_dag.py
[2026-09-06T00:45:43.819+0000] {logging_mixin.py:188} INFO - [2026-09-06T00:45:43.818+0000] {dag.py:3096} INFO - Sync 1 DAGs
[2026-09-06T00:45:43.864+0000] {logging_mixin.py:188} INFO - [2026-09-06T00:45:43.864+0000] {dag.py:3954} INFO - Setting next_dagrun for process_silver_layer to None, run_after=None
[2026-09-06T00:45:43.926+0000] {processor.py:183} INFO - Processing /opt/airflow/dags/silver_processing_dag.py took 0.278 seconds
[2026-09-06T00:46:14.487+0000] {processor.py:161} INFO - Started process (PID=20255) to work on /opt/airflow/dags/silver_processing_dag.py
[2026-09-06T00:46:14.491+0000] {processor.py:830} INFO - Processing file /opt/airflow/dags/silver_processing_dag.py for tasks to queue
[2026-09-06T00:46:14.499+0000] {logging_mixin.py:188} INFO - [2026-09-06T00:46:14.498+0000] {dagbag.py:545} INFO - Filling up the DagBag from /opt/airflow/dags/silver_processing_dag.py
[2026-09-06T00:46:14.560+0000] {processor.py:840} INFO - DAG(s) 'process_silver_layer' retrieved from /opt/airflow/dags/silver_processing_dag.py
[2026-09-06T00:46:14.678+0000] {logging_mixin.py:188} INFO - [2026-09-06T00:46:14.677+0000] {dag.py:3096} INFO - Sync 1 DAGs
[2026-09-06T00:46:14.748+0000] {logging_mixin.py:188} INFO - [2026-09-06T00:46:14.747+0000] {dag.py:3954} INFO - Setting next_dagrun for process_silver_layer to None, run_after=None
[2026-09-06T00:46:14.806+0000] {processor.py:183} INFO - Processing /opt/airflow/dags/silver_processing_dag.py took 0.344 seconds
[2026-09-06T00:46:45.307+0000] {processor.py:161} INFO - Started process (PID=20270) to work on /opt/airflow/dags/silver_processing_dag.py
[2026-09-06T00:46:45.310+0000] {processor.py:830} INFO - Processing file /opt/airflow/dags/silver_processing_dag.py for tasks to queue
[2026-09-06T00:46:45.318+0000] {logging_mixin.py:188} INFO - [2026-09-06T00:46:45.317+0000] {dagbag.py:545} INFO - Filling up the DagBag from /opt/airflow/dags/silver_processing_dag.py
[2026-09-06T00:46:45.389+0000] {processor.py:840} INFO - DAG(s) 'process_silver_layer' retrieved from /opt/airflow/dags/silver_processing_dag.py
[2026-09-06T00:46:45.465+0000] {logging_mixin.py:188} INFO - [2026-09-06T00:46:45.464+0000] {dag.py:3096} INFO - Sync 1 DAGs
[2026-09-06T00:46:45.504+0000] {logging_mixin.py:188} INFO - [2026-09-06T00:46:45.504+0000] {dag.py:3954} INFO - Setting next_dagrun for process_silver_layer to None, run_after=None
[2026-09-06T00:46:45.566+0000] {processor.py:183} INFO - Processing /opt/airflow/dags/silver_processing_dag.py took 0.289 seconds
[2026-09-06T00:47:16.042+0000] {processor.py:161} INFO - Started process (PID=20285) to work on /opt/airflow/dags/silver_processing_dag.py
[2026-09-06T00:47:16.045+0000] {processor.py:830} INFO - Processing file /opt/airflow/dags/silver_processing_dag.py for tasks to queue
[2026-09-06T00:47:16.059+0000] {logging_mixin.py:188} INFO - [2026-09-06T00:47:16.058+0000] {dagbag.py:545} INFO - Filling up the DagBag from /opt/airflow/dags/silver_processing_dag.py
[2026-09-06T00:47:16.144+0000] {processor.py:840} INFO - DAG(s) 'process_silver_layer' retrieved from /opt/airflow/dags/silver_processing_dag.py
[2026-09-06T00:47:16.238+0000] {logging_mixin.py:188} INFO - [2026-09-06T00:47:16.237+0000] {dag.py:3096} INFO - Sync 1 DAGs
[2026-09-06T00:47:16.293+0000] {logging_mixin.py:188} INFO - [2026-09-06T00:47:16.293+0000] {dag.py:3954} INFO - Setting next_dagrun for process_silver_layer to None, run_after=None
[2026-09-06T00:47:16.383+0000] {processor.py:183} INFO - Processing /opt/airflow/dags/silver_processing_dag.py took 0.370 seconds
[2026-09-06T00:47:46.908+0000] {processor.py:161} INFO - Started process (PID=20300) to work on /opt/airflow/dags/silver_processing_dag.py
[2026-09-06T00:47:46.913+0000] {processor.py:830} INFO - Processing file /opt/airflow/dags/silver_processing_dag.py for tasks to queue
[2026-09-06T00:47:46.920+0000] {logging_mixin.py:188} INFO - [2026-09-06T00:47:46.919+0000] {dagbag.py:545} INFO - Filling up the DagBag from /opt/airflow/dags/silver_processing_dag.py
[2026-09-06T00:47:46.984+0000] {processor.py:840} INFO - DAG(s) 'process_silver_layer' retrieved from /opt/airflow/dags/silver_processing_dag.py
[2026-09-06T00:47:47.046+0000] {logging_mixin.py:188} INFO - [2026-09-06T00:47:47.045+0000] {dag.py:3096} INFO - Sync 1 DAGs
[2026-09-06T00:47:47.094+0000] {logging_mixin.py:188} INFO - [2026-09-06T00:47:47.093+0000] {dag.py:3954} INFO - Setting next_dagrun for process_silver_layer to None, run_after=None
[2026-09-06T00:47:47.159+0000] {processor.py:183} INFO - Processing /opt/airflow/dags/silver_processing_dag.py took 0.279 seconds
[2026-09-06T00:48:17.628+0000] {processor.py:161} INFO - Started process (PID=20315) to work on /opt/airflow/dags/silver_processing_dag.py
[2026-09-06T00:48:17.634+0000] {processor.py:830} INFO - Processing file /opt/airflow/dags/silver_processing_dag.py for tasks to queue
[2026-09-06T00:48:17.642+0000] {logging_mixin.py:188} INFO - [2026-09-06T00:48:17.641+0000] {dagbag.py:545} INFO - Filling up the DagBag from /opt/airflow/dags/silver_processing_dag.py
[2026-09-06T00:48:17.703+0000] {processor.py:840} INFO - DAG(s) 'process_silver_layer' retrieved from /opt/airflow/dags/silver_processing_dag.py
[2026-09-06T00:48:17.775+0000] {logging_mixin.py:188} INFO - [2026-09-06T00:48:17.774+0000] {dag.py:3096} INFO - Sync 1 DAGs
[2026-09-06T00:48:17.824+0000] {logging_mixin.py:188} INFO - [2026-09-06T00:48:17.824+0000] {dag.py:3954} INFO - Setting next_dagrun for process_silver_layer to None, run_after=None
[2026-09-06T00:48:17.899+0000] {processor.py:183} INFO - Processing /opt/airflow/dags/silver_processing_dag.py took 0.298 seconds
[2026-09-06T00:48:48.401+0000] {processor.py:161} INFO - Started process (PID=20330) to work on /opt/airflow/dags/silver_processing_dag.py
[2026-09-06T00:48:48.406+0000] {processor.py:830} INFO - Processing file /opt/airflow/dags/silver_processing_dag.py for tasks to queue
[2026-09-06T00:48:48.418+0000] {logging_mixin.py:188} INFO - [2026-09-06T00:48:48.414+0000] {dagbag.py:545} INFO - Filling up the DagBag from /opt/airflow/dags/silver_processing_dag.py
[2026-09-06T00:48:48.473+0000] {processor.py:840} INFO - DAG(s) 'process_silver_layer' retrieved from /opt/airflow/dags/silver_processing_dag.py
[2026-09-06T00:48:48.541+0000] {logging_mixin.py:188} INFO - [2026-09-06T00:48:48.541+0000] {dag.py:3096} INFO - Sync 1 DAGs
[2026-09-06T00:48:48.589+0000] {logging_mixin.py:188} INFO - [2026-09-06T00:48:48.588+0000] {dag.py:3954} INFO - Setting next_dagrun for process_silver_layer to None, run_after=None
[2026-09-06T00:48:48.655+0000] {processor.py:183} INFO - Processing /opt/airflow/dags/silver_processing_dag.py took 0.279 seconds
[2026-09-06T00:49:19.084+0000] {processor.py:161} INFO - Started process (PID=20345) to work on /opt/airflow/dags/silver_processing_dag.py
[2026-09-06T00:49:19.087+0000] {processor.py:830} INFO - Processing file /opt/airflow/dags/silver_processing_dag.py for tasks to queue
[2026-09-06T00:49:19.098+0000] {logging_mixin.py:188} INFO - [2026-09-06T00:49:19.097+0000] {dagbag.py:545} INFO - Filling up the DagBag from /opt/airflow/dags/silver_processing_dag.py
[2026-09-06T00:49:19.196+0000] {processor.py:840} INFO - DAG(s) 'process_silver_layer' retrieved from /opt/airflow/dags/silver_processing_dag.py
[2026-09-06T00:49:19.296+0000] {logging_mixin.py:188} INFO - [2026-09-06T00:49:19.295+0000] {dag.py:3096} INFO - Sync 1 DAGs
[2026-09-06T00:49:19.373+0000] {logging_mixin.py:188} INFO - [2026-09-06T00:49:19.372+0000] {dag.py:3954} INFO - Setting next_dagrun for process_silver_layer to None, run_after=None
[2026-09-06T00:49:19.457+0000] {processor.py:183} INFO - Processing /opt/airflow/dags/silver_processing_dag.py took 0.396 seconds
[2026-09-06T00:49:49.936+0000] {processor.py:161} INFO - Started process (PID=20360) to work on /opt/airflow/dags/silver_processing_dag.py
[2026-09-06T00:49:49.941+0000] {processor.py:830} INFO - Processing file /opt/airflow/dags/silver_processing_dag.py for tasks to queue
[2026-09-06T00:49:49.949+0000] {logging_mixin.py:188} INFO - [2026-09-06T00:49:49.948+0000] {dagbag.py:545} INFO - Filling up the DagBag from /opt/airflow/dags/silver_processing_dag.py
[2026-09-06T00:49:50.015+0000] {processor.py:840} INFO - DAG(s) 'process_silver_layer' retrieved from /opt/airflow/dags/silver_processing_dag.py
[2026-09-06T00:49:50.091+0000] {logging_mixin.py:188} INFO - [2026-09-06T00:49:50.090+0000] {dag.py:3096} INFO - Sync 1 DAGs
[2026-09-06T00:49:50.141+0000] {logging_mixin.py:188} INFO - [2026-09-06T00:49:50.141+0000] {dag.py:3954} INFO - Setting next_dagrun for process_silver_layer to None, run_after=None
[2026-09-06T00:49:50.218+0000] {processor.py:183} INFO - Processing /opt/airflow/dags/silver_processing_dag.py took 0.313 seconds
[2026-09-06T00:50:20.653+0000] {processor.py:161} INFO - Started process (PID=20375) to work on /opt/airflow/dags/silver_processing_dag.py
[2026-09-06T00:50:20.657+0000] {processor.py:830} INFO - Processing file /opt/airflow/dags/silver_processing_dag.py for tasks to queue
[2026-09-06T00:50:20.666+0000] {logging_mixin.py:188} INFO - [2026-09-06T00:50:20.664+0000] {dagbag.py:545} INFO - Filling up the DagBag from /opt/airflow/dags/silver_processing_dag.py
[2026-09-06T00:50:20.712+0000] {processor.py:840} INFO - DAG(s) 'process_silver_layer' retrieved from /opt/airflow/dags/silver_processing_dag.py
[2026-09-06T00:50:20.810+0000] {logging_mixin.py:188} INFO - [2026-09-06T00:50:20.809+0000] {dag.py:3096} INFO - Sync 1 DAGs
[2026-09-06T00:50:20.890+0000] {logging_mixin.py:188} INFO - [2026-09-06T00:50:20.889+0000] {dag.py:3954} INFO - Setting next_dagrun for process_silver_layer to None, run_after=None
[2026-09-06T00:50:21.027+0000] {processor.py:183} INFO - Processing /opt/airflow/dags/silver_processing_dag.py took 0.399 seconds
[2026-09-06T00:50:51.480+0000] {processor.py:161} INFO - Started process (PID=20390) to work on /opt/airflow/dags/silver_processing_dag.py
[2026-09-06T00:50:51.487+0000] {processor.py:830} INFO - Processing file /opt/airflow/dags/silver_processing_dag.py for tasks to queue
[2026-09-06T00:50:51.496+0000] {logging_mixin.py:188} INFO - [2026-09-06T00:50:51.495+0000] {dagbag.py:545} INFO - Filling up the DagBag from /opt/airflow/dags/silver_processing_dag.py
[2026-09-06T00:50:51.564+0000] {processor.py:840} INFO - DAG(s) 'process_silver_layer' retrieved from /opt/airflow/dags/silver_processing_dag.py
[2026-09-06T00:50:51.629+0000] {logging_mixin.py:188} INFO - [2026-09-06T00:50:51.629+0000] {dag.py:3096} INFO - Sync 1 DAGs
[2026-09-06T00:50:51.675+0000] {logging_mixin.py:188} INFO - [2026-09-06T00:50:51.674+0000] {dag.py:3954} INFO - Setting next_dagrun for process_silver_layer to None, run_after=None
[2026-09-06T00:50:51.736+0000] {processor.py:183} INFO - Processing /opt/airflow/dags/silver_processing_dag.py took 0.278 seconds
[2026-09-06T00:51:22.500+0000] {processor.py:161} INFO - Started process (PID=20405) to work on /opt/airflow/dags/silver_processing_dag.py
[2026-09-06T00:51:22.506+0000] {processor.py:830} INFO - Processing file /opt/airflow/dags/silver_processing_dag.py for tasks to queue
[2026-09-06T00:51:22.523+0000] {logging_mixin.py:188} INFO - [2026-09-06T00:51:22.520+0000] {dagbag.py:545} INFO - Filling up the DagBag from /opt/airflow/dags/silver_processing_dag.py
[2026-09-06T00:51:22.667+0000] {processor.py:840} INFO - DAG(s) 'process_silver_layer' retrieved from /opt/airflow/dags/silver_processing_dag.py
[2026-09-06T00:51:22.741+0000] {logging_mixin.py:188} INFO - [2026-09-06T00:51:22.741+0000] {dag.py:3096} INFO - Sync 1 DAGs
[2026-09-06T00:51:22.788+0000] {logging_mixin.py:188} INFO - [2026-09-06T00:51:22.787+0000] {dag.py:3954} INFO - Setting next_dagrun for process_silver_layer to None, run_after=None
[2026-09-06T00:51:22.849+0000] {processor.py:183} INFO - Processing /opt/airflow/dags/silver_processing_dag.py took 0.392 seconds
[2026-09-06T00:51:53.341+0000] {processor.py:161} INFO - Started process (PID=20420) to work on /opt/airflow/dags/silver_processing_dag.py
[2026-09-06T00:51:53.345+0000] {processor.py:830} INFO - Processing file /opt/airflow/dags/silver_processing_dag.py for tasks to queue
[2026-09-06T00:51:53.358+0000] {logging_mixin.py:188} INFO - [2026-09-06T00:51:53.357+0000] {dagbag.py:545} INFO - Filling up the DagBag from /opt/airflow/dags/silver_processing_dag.py
[2026-09-06T00:51:53.476+0000] {processor.py:840} INFO - DAG(s) 'process_silver_layer' retrieved from /opt/airflow/dags/silver_processing_dag.py
[2026-09-06T00:51:53.541+0000] {logging_mixin.py:188} INFO - [2026-09-06T00:51:53.541+0000] {dag.py:3096} INFO - Sync 1 DAGs
[2026-09-06T00:51:53.584+0000] {logging_mixin.py:188} INFO - [2026-09-06T00:51:53.584+0000] {dag.py:3954} INFO - Setting next_dagrun for process_silver_layer to None, run_after=None
[2026-09-06T00:51:53.662+0000] {processor.py:183} INFO - Processing /opt/airflow/dags/silver_processing_dag.py took 0.342 seconds
[2026-09-06T00:52:24.109+0000] {processor.py:161} INFO - Started process (PID=20435) to work on /opt/airflow/dags/silver_processing_dag.py
[2026-09-06T00:52:24.112+0000] {processor.py:830} INFO - Processing file /opt/airflow/dags/silver_processing_dag.py for tasks to queue
[2026-09-06T00:52:24.131+0000] {logging_mixin.py:188} INFO - [2026-09-06T00:52:24.130+0000] {dagbag.py:545} INFO - Filling up the DagBag from /opt/airflow/dags/silver_processing_dag.py
[2026-09-06T00:52:24.270+0000] {processor.py:840} INFO - DAG(s) 'process_silver_layer' retrieved from /opt/airflow/dags/silver_processing_dag.py
[2026-09-06T00:52:24.433+0000] {logging_mixin.py:188} INFO - [2026-09-06T00:52:24.431+0000] {dag.py:3096} INFO - Sync 1 DAGs
[2026-09-06T00:52:24.519+0000] {logging_mixin.py:188} INFO - [2026-09-06T00:52:24.519+0000] {dag.py:3954} INFO - Setting next_dagrun for process_silver_layer to None, run_after=None
[2026-09-06T00:52:24.650+0000] {processor.py:183} INFO - Processing /opt/airflow/dags/silver_processing_dag.py took 0.565 seconds
[2026-09-06T00:52:55.139+0000] {processor.py:161} INFO - Started process (PID=20450) to work on /opt/airflow/dags/silver_processing_dag.py
[2026-09-06T00:52:55.148+0000] {processor.py:830} INFO - Processing file /opt/airflow/dags/silver_processing_dag.py for tasks to queue
[2026-09-06T00:52:55.155+0000] {logging_mixin.py:188} INFO - [2026-09-06T00:52:55.154+0000] {dagbag.py:545} INFO - Filling up the DagBag from /opt/airflow/dags/silver_processing_dag.py
[2026-09-06T00:52:55.215+0000] {processor.py:840} INFO - DAG(s) 'process_silver_layer' retrieved from /opt/airflow/dags/silver_processing_dag.py
[2026-09-06T00:52:55.301+0000] {logging_mixin.py:188} INFO - [2026-09-06T00:52:55.301+0000] {dag.py:3096} INFO - Sync 1 DAGs
[2026-09-06T00:52:55.345+0000] {logging_mixin.py:188} INFO - [2026-09-06T00:52:55.345+0000] {dag.py:3954} INFO - Setting next_dagrun for process_silver_layer to None, run_after=None
[2026-09-06T00:52:55.408+0000] {processor.py:183} INFO - Processing /opt/airflow/dags/silver_processing_dag.py took 0.293 seconds
[2026-09-06T00:53:25.919+0000] {processor.py:161} INFO - Started process (PID=20465) to work on /opt/airflow/dags/silver_processing_dag.py
[2026-09-06T00:53:25.922+0000] {processor.py:830} INFO - Processing file /opt/airflow/dags/silver_processing_dag.py for tasks to queue
[2026-09-06T00:53:25.932+0000] {logging_mixin.py:188} INFO - [2026-09-06T00:53:25.931+0000] {dagbag.py:545} INFO - Filling up the DagBag from /opt/airflow/dags/silver_processing_dag.py
[2026-09-06T00:53:25.998+0000] {processor.py:840} INFO - DAG(s) 'process_silver_layer' retrieved from /opt/airflow/dags/silver_processing_dag.py
[2026-09-06T00:53:26.072+0000] {logging_mixin.py:188} INFO - [2026-09-06T00:53:26.071+0000] {dag.py:3096} INFO - Sync 1 DAGs
[2026-09-06T00:53:26.132+0000] {logging_mixin.py:188} INFO - [2026-09-06T00:53:26.132+0000] {dag.py:3954} INFO - Setting next_dagrun for process_silver_layer to None, run_after=None
[2026-09-06T00:53:26.198+0000] {processor.py:183} INFO - Processing /opt/airflow/dags/silver_processing_dag.py took 0.302 seconds
[2026-09-06T00:53:56.808+0000] {processor.py:161} INFO - Started process (PID=20480) to work on /opt/airflow/dags/silver_processing_dag.py
[2026-09-06T00:53:56.812+0000] {processor.py:830} INFO - Processing file /opt/airflow/dags/silver_processing_dag.py for tasks to queue
[2026-09-06T00:53:56.831+0000] {logging_mixin.py:188} INFO - [2026-09-06T00:53:56.830+0000] {dagbag.py:545} INFO - Filling up the DagBag from /opt/airflow/dags/silver_processing_dag.py
[2026-09-06T00:53:56.890+0000] {processor.py:840} INFO - DAG(s) 'process_silver_layer' retrieved from /opt/airflow/dags/silver_processing_dag.py
[2026-09-06T00:53:56.994+0000] {logging_mixin.py:188} INFO - [2026-09-06T00:53:56.994+0000] {dag.py:3096} INFO - Sync 1 DAGs
[2026-09-06T00:53:57.052+0000] {logging_mixin.py:188} INFO - [2026-09-06T00:53:57.051+0000] {dag.py:3954} INFO - Setting next_dagrun for process_silver_layer to None, run_after=None
[2026-09-06T00:53:57.121+0000] {processor.py:183} INFO - Processing /opt/airflow/dags/silver_processing_dag.py took 0.379 seconds
[2026-09-06T00:54:27.643+0000] {processor.py:161} INFO - Started process (PID=20495) to work on /opt/airflow/dags/silver_processing_dag.py
[2026-09-06T00:54:27.649+0000] {processor.py:830} INFO - Processing file /opt/airflow/dags/silver_processing_dag.py for tasks to queue
[2026-09-06T00:54:27.656+0000] {logging_mixin.py:188} INFO - [2026-09-06T00:54:27.655+0000] {dagbag.py:545} INFO - Filling up the DagBag from /opt/airflow/dags/silver_processing_dag.py
[2026-09-06T00:54:27.718+0000] {processor.py:840} INFO - DAG(s) 'process_silver_layer' retrieved from /opt/airflow/dags/silver_processing_dag.py
[2026-09-06T00:54:27.790+0000] {logging_mixin.py:188} INFO - [2026-09-06T00:54:27.790+0000] {dag.py:3096} INFO - Sync 1 DAGs
[2026-09-06T00:54:27.838+0000] {logging_mixin.py:188} INFO - [2026-09-06T00:54:27.837+0000] {dag.py:3954} INFO - Setting next_dagrun for process_silver_layer to None, run_after=None
[2026-09-06T00:54:27.914+0000] {processor.py:183} INFO - Processing /opt/airflow/dags/silver_processing_dag.py took 0.294 seconds
[2026-09-06T00:54:58.338+0000] {processor.py:161} INFO - Started process (PID=20510) to work on /opt/airflow/dags/silver_processing_dag.py
[2026-09-06T00:54:58.341+0000] {processor.py:830} INFO - Processing file /opt/airflow/dags/silver_processing_dag.py for tasks to queue
[2026-09-06T00:54:58.351+0000] {logging_mixin.py:188} INFO - [2026-09-06T00:54:58.350+0000] {dagbag.py:545} INFO - Filling up the DagBag from /opt/airflow/dags/silver_processing_dag.py
[2026-09-06T00:54:58.403+0000] {processor.py:840} INFO - DAG(s) 'process_silver_layer' retrieved from /opt/airflow/dags/silver_processing_dag.py
[2026-09-06T00:54:58.466+0000] {logging_mixin.py:188} INFO - [2026-09-06T00:54:58.465+0000] {dag.py:3096} INFO - Sync 1 DAGs
[2026-09-06T00:54:58.508+0000] {logging_mixin.py:188} INFO - [2026-09-06T00:54:58.508+0000] {dag.py:3954} INFO - Setting next_dagrun for process_silver_layer to None, run_after=None
[2026-09-06T00:54:58.583+0000] {processor.py:183} INFO - Processing /opt/airflow/dags/silver_processing_dag.py took 0.270 seconds
[2026-09-06T00:55:29.123+0000] {processor.py:161} INFO - Started process (PID=20525) to work on /opt/airflow/dags/silver_processing_dag.py
[2026-09-06T00:55:29.131+0000] {processor.py:830} INFO - Processing file /opt/airflow/dags/silver_processing_dag.py for tasks to queue
[2026-09-06T00:55:29.138+0000] {logging_mixin.py:188} INFO - [2026-09-06T00:55:29.137+0000] {dagbag.py:545} INFO - Filling up the DagBag from /opt/airflow/dags/silver_processing_dag.py
[2026-09-06T00:55:29.191+0000] {processor.py:840} INFO - DAG(s) 'process_silver_layer' retrieved from /opt/airflow/dags/silver_processing_dag.py
[2026-09-06T00:55:29.276+0000] {logging_mixin.py:188} INFO - [2026-09-06T00:55:29.276+0000] {dag.py:3096} INFO - Sync 1 DAGs
[2026-09-06T00:55:29.324+0000] {logging_mixin.py:188} INFO - [2026-09-06T00:55:29.324+0000] {dag.py:3954} INFO - Setting next_dagrun for process_silver_layer to None, run_after=None
[2026-09-06T00:55:29.401+0000] {processor.py:183} INFO - Processing /opt/airflow/dags/silver_processing_dag.py took 0.300 seconds
[2026-09-06T00:55:59.936+0000] {processor.py:161} INFO - Started process (PID=20540) to work on /opt/airflow/dags/silver_processing_dag.py
[2026-09-06T00:55:59.939+0000] {processor.py:830} INFO - Processing file /opt/airflow/dags/silver_processing_dag.py for tasks to queue
[2026-09-06T00:55:59.950+0000] {logging_mixin.py:188} INFO - [2026-09-06T00:55:59.949+0000] {dagbag.py:545} INFO - Filling up the DagBag from /opt/airflow/dags/silver_processing_dag.py
[2026-09-06T00:56:00.073+0000] {processor.py:840} INFO - DAG(s) 'process_silver_layer' retrieved from /opt/airflow/dags/silver_processing_dag.py
[2026-09-06T00:56:00.157+0000] {logging_mixin.py:188} INFO - [2026-09-06T00:56:00.156+0000] {dag.py:3096} INFO - Sync 1 DAGs
[2026-09-06T00:56:00.197+0000] {logging_mixin.py:188} INFO - [2026-09-06T00:56:00.197+0000] {dag.py:3954} INFO - Setting next_dagrun for process_silver_layer to None, run_after=None
[2026-09-06T00:56:00.271+0000] {processor.py:183} INFO - Processing /opt/airflow/dags/silver_processing_dag.py took 0.375 seconds
[2026-09-06T00:56:30.741+0000] {processor.py:161} INFO - Started process (PID=20555) to work on /opt/airflow/dags/silver_processing_dag.py
[2026-09-06T00:56:30.744+0000] {processor.py:830} INFO - Processing file /opt/airflow/dags/silver_processing_dag.py for tasks to queue
[2026-09-06T00:56:30.756+0000] {logging_mixin.py:188} INFO - [2026-09-06T00:56:30.752+0000] {dagbag.py:545} INFO - Filling up the DagBag from /opt/airflow/dags/silver_processing_dag.py
[2026-09-06T00:56:30.813+0000] {processor.py:840} INFO - DAG(s) 'process_silver_layer' retrieved from /opt/airflow/dags/silver_processing_dag.py
[2026-09-06T00:56:30.897+0000] {logging_mixin.py:188} INFO - [2026-09-06T00:56:30.896+0000] {dag.py:3096} INFO - Sync 1 DAGs
[2026-09-06T00:56:30.954+0000] {logging_mixin.py:188} INFO - [2026-09-06T00:56:30.954+0000] {dag.py:3954} INFO - Setting next_dagrun for process_silver_layer to None, run_after=None
[2026-09-06T00:56:31.023+0000] {processor.py:183} INFO - Processing /opt/airflow/dags/silver_processing_dag.py took 0.302 seconds
[2026-09-06T00:57:01.522+0000] {processor.py:161} INFO - Started process (PID=20570) to work on /opt/airflow/dags/silver_processing_dag.py
[2026-09-06T00:57:01.525+0000] {processor.py:830} INFO - Processing file /opt/airflow/dags/silver_processing_dag.py for tasks to queue
[2026-09-06T00:57:01.534+0000] {logging_mixin.py:188} INFO - [2026-09-06T00:57:01.532+0000] {dagbag.py:545} INFO - Filling up the DagBag from /opt/airflow/dags/silver_processing_dag.py
[2026-09-06T00:57:01.592+0000] {processor.py:840} INFO - DAG(s) 'process_silver_layer' retrieved from /opt/airflow/dags/silver_processing_dag.py
[2026-09-06T00:57:01.685+0000] {logging_mixin.py:188} INFO - [2026-09-06T00:57:01.685+0000] {dag.py:3096} INFO - Sync 1 DAGs
[2026-09-06T00:57:01.745+0000] {logging_mixin.py:188} INFO - [2026-09-06T00:57:01.745+0000] {dag.py:3954} INFO - Setting next_dagrun for process_silver_layer to None, run_after=None
[2026-09-06T00:57:01.830+0000] {processor.py:183} INFO - Processing /opt/airflow/dags/silver_processing_dag.py took 0.331 seconds
[2026-09-06T00:57:32.211+0000] {processor.py:161} INFO - Started process (PID=20585) to work on /opt/airflow/dags/silver_processing_dag.py
[2026-09-06T00:57:32.214+0000] {processor.py:830} INFO - Processing file /opt/airflow/dags/silver_processing_dag.py for tasks to queue
[2026-09-06T00:57:32.226+0000] {logging_mixin.py:188} INFO - [2026-09-06T00:57:32.225+0000] {dagbag.py:545} INFO - Filling up the DagBag from /opt/airflow/dags/silver_processing_dag.py
[2026-09-06T00:57:32.297+0000] {processor.py:840} INFO - DAG(s) 'process_silver_layer' retrieved from /opt/airflow/dags/silver_processing_dag.py
[2026-09-06T00:57:32.435+0000] {logging_mixin.py:188} INFO - [2026-09-06T00:57:32.434+0000] {dag.py:3096} INFO - Sync 1 DAGs
[2026-09-06T00:57:32.607+0000] {logging_mixin.py:188} INFO - [2026-09-06T00:57:32.606+0000] {dag.py:3954} INFO - Setting next_dagrun for process_silver_layer to None, run_after=None
[2026-09-06T00:57:32.865+0000] {processor.py:183} INFO - Processing /opt/airflow/dags/silver_processing_dag.py took 0.692 seconds
[2026-09-06T00:58:03.401+0000] {processor.py:161} INFO - Started process (PID=20600) to work on /opt/airflow/dags/silver_processing_dag.py
[2026-09-06T00:58:03.407+0000] {processor.py:830} INFO - Processing file /opt/airflow/dags/silver_processing_dag.py for tasks to queue
[2026-09-06T00:58:03.420+0000] {logging_mixin.py:188} INFO - [2026-09-06T00:58:03.419+0000] {dagbag.py:545} INFO - Filling up the DagBag from /opt/airflow/dags/silver_processing_dag.py
[2026-09-06T00:58:03.488+0000] {processor.py:840} INFO - DAG(s) 'process_silver_layer' retrieved from /opt/airflow/dags/silver_processing_dag.py
[2026-09-06T00:58:03.697+0000] {logging_mixin.py:188} INFO - [2026-09-06T00:58:03.696+0000] {dag.py:3096} INFO - Sync 1 DAGs
[2026-09-06T00:58:03.817+0000] {logging_mixin.py:188} INFO - [2026-09-06T00:58:03.817+0000] {dag.py:3954} INFO - Setting next_dagrun for process_silver_layer to None, run_after=None
[2026-09-06T00:58:03.881+0000] {processor.py:183} INFO - Processing /opt/airflow/dags/silver_processing_dag.py took 0.506 seconds
[2026-09-06T00:58:34.380+0000] {processor.py:161} INFO - Started process (PID=20615) to work on /opt/airflow/dags/silver_processing_dag.py
[2026-09-06T00:58:34.387+0000] {processor.py:830} INFO - Processing file /opt/airflow/dags/silver_processing_dag.py for tasks to queue
[2026-09-06T00:58:34.404+0000] {logging_mixin.py:188} INFO - [2026-09-06T00:58:34.394+0000] {dagbag.py:545} INFO - Filling up the DagBag from /opt/airflow/dags/silver_processing_dag.py
[2026-09-06T00:58:34.497+0000] {processor.py:840} INFO - DAG(s) 'process_silver_layer' retrieved from /opt/airflow/dags/silver_processing_dag.py
[2026-09-06T00:58:34.674+0000] {logging_mixin.py:188} INFO - [2026-09-06T00:58:34.673+0000] {dag.py:3096} INFO - Sync 1 DAGs
[2026-09-06T00:58:34.787+0000] {logging_mixin.py:188} INFO - [2026-09-06T00:58:34.786+0000] {dag.py:3954} INFO - Setting next_dagrun for process_silver_layer to None, run_after=None
[2026-09-06T00:58:34.902+0000] {processor.py:183} INFO - Processing /opt/airflow/dags/silver_processing_dag.py took 0.582 seconds
[2026-09-06T00:59:05.189+0000] {processor.py:161} INFO - Started process (PID=20630) to work on /opt/airflow/dags/silver_processing_dag.py
[2026-09-06T00:59:05.197+0000] {processor.py:830} INFO - Processing file /opt/airflow/dags/silver_processing_dag.py for tasks to queue
[2026-09-06T00:59:05.219+0000] {logging_mixin.py:188} INFO - [2026-09-06T00:59:05.216+0000] {dagbag.py:545} INFO - Filling up the DagBag from /opt/airflow/dags/silver_processing_dag.py
[2026-09-06T00:59:05.386+0000] {processor.py:840} INFO - DAG(s) 'process_silver_layer' retrieved from /opt/airflow/dags/silver_processing_dag.py
[2026-09-06T00:59:05.500+0000] {logging_mixin.py:188} INFO - [2026-09-06T00:59:05.498+0000] {dag.py:3096} INFO - Sync 1 DAGs
[2026-09-06T00:59:05.567+0000] {logging_mixin.py:188} INFO - [2026-09-06T00:59:05.566+0000] {dag.py:3954} INFO - Setting next_dagrun for process_silver_layer to None, run_after=None
[2026-09-06T00:59:05.640+0000] {processor.py:183} INFO - Processing /opt/airflow/dags/silver_processing_dag.py took 0.495 seconds
[2026-09-06T00:59:36.137+0000] {processor.py:161} INFO - Started process (PID=20645) to work on /opt/airflow/dags/silver_processing_dag.py
[2026-09-06T00:59:36.140+0000] {processor.py:830} INFO - Processing file /opt/airflow/dags/silver_processing_dag.py for tasks to queue
[2026-09-06T00:59:36.152+0000] {logging_mixin.py:188} INFO - [2026-09-06T00:59:36.151+0000] {dagbag.py:545} INFO - Filling up the DagBag from /opt/airflow/dags/silver_processing_dag.py
[2026-09-06T00:59:36.221+0000] {processor.py:840} INFO - DAG(s) 'process_silver_layer' retrieved from /opt/airflow/dags/silver_processing_dag.py
[2026-09-06T00:59:36.314+0000] {logging_mixin.py:188} INFO - [2026-09-06T00:59:36.314+0000] {dag.py:3096} INFO - Sync 1 DAGs
[2026-09-06T00:59:36.371+0000] {logging_mixin.py:188} INFO - [2026-09-06T00:59:36.371+0000] {dag.py:3954} INFO - Setting next_dagrun for process_silver_layer to None, run_after=None
[2026-09-06T00:59:36.458+0000] {processor.py:183} INFO - Processing /opt/airflow/dags/silver_processing_dag.py took 0.351 seconds
[2026-09-06T01:00:07.882+0000] {processor.py:161} INFO - Started process (PID=20662) to work on /opt/airflow/dags/silver_processing_dag.py
[2026-09-06T01:00:07.887+0000] {processor.py:830} INFO - Processing file /opt/airflow/dags/silver_processing_dag.py for tasks to queue
[2026-09-06T01:00:07.908+0000] {logging_mixin.py:188} INFO - [2026-09-06T01:00:07.907+0000] {dagbag.py:545} INFO - Filling up the DagBag from /opt/airflow/dags/silver_processing_dag.py
[2026-09-06T01:00:08.067+0000] {processor.py:840} INFO - DAG(s) 'process_silver_layer' retrieved from /opt/airflow/dags/silver_processing_dag.py
[2026-09-06T01:00:08.208+0000] {logging_mixin.py:188} INFO - [2026-09-06T01:00:08.207+0000] {dag.py:3096} INFO - Sync 1 DAGs
[2026-09-06T01:00:08.291+0000] {logging_mixin.py:188} INFO - [2026-09-06T01:00:08.291+0000] {dag.py:3954} INFO - Setting next_dagrun for process_silver_layer to None, run_after=None
[2026-09-06T01:00:08.484+0000] {processor.py:183} INFO - Processing /opt/airflow/dags/silver_processing_dag.py took 0.638 seconds
[2026-09-06T01:00:39.292+0000] {processor.py:161} INFO - Started process (PID=20693) to work on /opt/airflow/dags/silver_processing_dag.py
[2026-09-06T01:00:39.295+0000] {processor.py:830} INFO - Processing file /opt/airflow/dags/silver_processing_dag.py for tasks to queue
[2026-09-06T01:00:39.311+0000] {logging_mixin.py:188} INFO - [2026-09-06T01:00:39.310+0000] {dagbag.py:545} INFO - Filling up the DagBag from /opt/airflow/dags/silver_processing_dag.py
[2026-09-06T01:00:39.384+0000] {processor.py:840} INFO - DAG(s) 'process_silver_layer' retrieved from /opt/airflow/dags/silver_processing_dag.py
[2026-09-06T01:00:39.541+0000] {logging_mixin.py:188} INFO - [2026-09-06T01:00:39.541+0000] {dag.py:3096} INFO - Sync 1 DAGs
[2026-09-06T01:00:39.638+0000] {logging_mixin.py:188} INFO - [2026-09-06T01:00:39.638+0000] {dag.py:3954} INFO - Setting next_dagrun for process_silver_layer to None, run_after=None
[2026-09-06T01:00:39.782+0000] {processor.py:183} INFO - Processing /opt/airflow/dags/silver_processing_dag.py took 0.521 seconds
[2026-09-06T01:01:11.410+0000] {processor.py:161} INFO - Started process (PID=20857) to work on /opt/airflow/dags/silver_processing_dag.py
[2026-09-06T01:01:11.511+0000] {processor.py:830} INFO - Processing file /opt/airflow/dags/silver_processing_dag.py for tasks to queue
[2026-09-06T01:01:11.596+0000] {logging_mixin.py:188} INFO - [2026-09-06T01:01:11.590+0000] {dagbag.py:545} INFO - Filling up the DagBag from /opt/airflow/dags/silver_processing_dag.py
[2026-09-06T01:01:12.258+0000] {processor.py:840} INFO - DAG(s) 'process_silver_layer' retrieved from /opt/airflow/dags/silver_processing_dag.py
[2026-09-06T01:01:12.495+0000] {logging_mixin.py:188} INFO - [2026-09-06T01:01:12.494+0000] {dag.py:3096} INFO - Sync 1 DAGs
[2026-09-06T01:01:12.809+0000] {logging_mixin.py:188} INFO - [2026-09-06T01:01:12.808+0000] {dag.py:3954} INFO - Setting next_dagrun for process_silver_layer to None, run_after=None
[2026-09-06T01:01:13.606+0000] {processor.py:183} INFO - Processing /opt/airflow/dags/silver_processing_dag.py took 2.532 seconds
[2026-09-06T01:01:45.645+0000] {processor.py:161} INFO - Started process (PID=20913) to work on /opt/airflow/dags/silver_processing_dag.py
[2026-09-06T01:01:45.708+0000] {processor.py:830} INFO - Processing file /opt/airflow/dags/silver_processing_dag.py for tasks to queue
[2026-09-06T01:01:45.817+0000] {logging_mixin.py:188} INFO - [2026-09-06T01:01:45.816+0000] {dagbag.py:545} INFO - Filling up the DagBag from /opt/airflow/dags/silver_processing_dag.py
[2026-09-06T01:01:46.366+0000] {processor.py:840} INFO - DAG(s) 'process_silver_layer' retrieved from /opt/airflow/dags/silver_processing_dag.py
[2026-09-06T01:01:46.579+0000] {logging_mixin.py:188} INFO - [2026-09-06T01:01:46.578+0000] {dag.py:3096} INFO - Sync 1 DAGs
[2026-09-06T01:01:46.728+0000] {logging_mixin.py:188} INFO - [2026-09-06T01:01:46.727+0000] {dag.py:3954} INFO - Setting next_dagrun for process_silver_layer to None, run_after=None
[2026-09-06T01:01:46.890+0000] {processor.py:183} INFO - Processing /opt/airflow/dags/silver_processing_dag.py took 1.300 seconds
[2026-09-06T01:02:17.117+0000] {processor.py:161} INFO - Started process (PID=21036) to work on /opt/airflow/dags/silver_processing_dag.py
[2026-09-06T01:02:17.121+0000] {processor.py:830} INFO - Processing file /opt/airflow/dags/silver_processing_dag.py for tasks to queue
[2026-09-06T01:02:17.135+0000] {logging_mixin.py:188} INFO - [2026-09-06T01:02:17.133+0000] {dagbag.py:545} INFO - Filling up the DagBag from /opt/airflow/dags/silver_processing_dag.py
[2026-09-06T01:02:17.213+0000] {processor.py:840} INFO - DAG(s) 'process_silver_layer' retrieved from /opt/airflow/dags/silver_processing_dag.py
[2026-09-06T01:02:17.277+0000] {logging_mixin.py:188} INFO - [2026-09-06T01:02:17.276+0000] {dag.py:3096} INFO - Sync 1 DAGs
[2026-09-06T01:02:17.322+0000] {logging_mixin.py:188} INFO - [2026-09-06T01:02:17.321+0000] {dag.py:3954} INFO - Setting next_dagrun for process_silver_layer to None, run_after=None
[2026-09-06T01:02:17.380+0000] {processor.py:183} INFO - Processing /opt/airflow/dags/silver_processing_dag.py took 0.295 seconds
[2026-09-06T01:02:48.491+0000] {processor.py:161} INFO - Started process (PID=21132) to work on /opt/airflow/dags/silver_processing_dag.py
[2026-09-06T01:02:48.508+0000] {processor.py:830} INFO - Processing file /opt/airflow/dags/silver_processing_dag.py for tasks to queue
[2026-09-06T01:02:48.558+0000] {logging_mixin.py:188} INFO - [2026-09-06T01:02:48.557+0000] {dagbag.py:545} INFO - Filling up the DagBag from /opt/airflow/dags/silver_processing_dag.py
[2026-09-06T01:02:49.059+0000] {processor.py:840} INFO - DAG(s) 'process_silver_layer' retrieved from /opt/airflow/dags/silver_processing_dag.py
[2026-09-06T01:02:49.354+0000] {logging_mixin.py:188} INFO - [2026-09-06T01:02:49.353+0000] {dag.py:3096} INFO - Sync 1 DAGs
[2026-09-06T01:02:49.477+0000] {logging_mixin.py:188} INFO - [2026-09-06T01:02:49.466+0000] {dag.py:3954} INFO - Setting next_dagrun for process_silver_layer to None, run_after=None
[2026-09-06T01:02:49.882+0000] {processor.py:183} INFO - Processing /opt/airflow/dags/silver_processing_dag.py took 1.479 seconds
[2026-09-06T01:03:21.086+0000] {processor.py:161} INFO - Started process (PID=21158) to work on /opt/airflow/dags/silver_processing_dag.py
[2026-09-06T01:03:21.109+0000] {processor.py:830} INFO - Processing file /opt/airflow/dags/silver_processing_dag.py for tasks to queue
[2026-09-06T01:03:21.132+0000] {logging_mixin.py:188} INFO - [2026-09-06T01:03:21.131+0000] {dagbag.py:545} INFO - Filling up the DagBag from /opt/airflow/dags/silver_processing_dag.py
[2026-09-06T01:03:21.255+0000] {processor.py:840} INFO - DAG(s) 'process_silver_layer' retrieved from /opt/airflow/dags/silver_processing_dag.py
[2026-09-06T01:03:21.369+0000] {logging_mixin.py:188} INFO - [2026-09-06T01:03:21.368+0000] {dag.py:3096} INFO - Sync 1 DAGs
[2026-09-06T01:03:21.449+0000] {logging_mixin.py:188} INFO - [2026-09-06T01:03:21.449+0000] {dag.py:3954} INFO - Setting next_dagrun for process_silver_layer to None, run_after=None
[2026-09-06T01:03:21.615+0000] {processor.py:183} INFO - Processing /opt/airflow/dags/silver_processing_dag.py took 0.566 seconds
[2026-09-06T01:03:53.588+0000] {processor.py:161} INFO - Started process (PID=21199) to work on /opt/airflow/dags/silver_processing_dag.py
[2026-09-06T01:03:53.640+0000] {processor.py:830} INFO - Processing file /opt/airflow/dags/silver_processing_dag.py for tasks to queue
[2026-09-06T01:03:53.721+0000] {logging_mixin.py:188} INFO - [2026-09-06T01:03:53.720+0000] {dagbag.py:545} INFO - Filling up the DagBag from /opt/airflow/dags/silver_processing_dag.py
[2026-09-06T01:03:53.977+0000] {processor.py:840} INFO - DAG(s) 'process_silver_layer' retrieved from /opt/airflow/dags/silver_processing_dag.py
[2026-09-06T01:03:54.289+0000] {logging_mixin.py:188} INFO - [2026-09-06T01:03:54.289+0000] {dag.py:3096} INFO - Sync 1 DAGs
[2026-09-06T01:03:54.614+0000] {logging_mixin.py:188} INFO - [2026-09-06T01:03:54.613+0000] {dag.py:3954} INFO - Setting next_dagrun for process_silver_layer to None, run_after=None
[2026-09-06T01:03:54.883+0000] {processor.py:183} INFO - Processing /opt/airflow/dags/silver_processing_dag.py took 1.353 seconds
[2026-09-06T01:04:25.991+0000] {processor.py:161} INFO - Started process (PID=21280) to work on /opt/airflow/dags/silver_processing_dag.py
[2026-09-06T01:04:26.025+0000] {processor.py:830} INFO - Processing file /opt/airflow/dags/silver_processing_dag.py for tasks to queue
[2026-09-06T01:04:26.100+0000] {logging_mixin.py:188} INFO - [2026-09-06T01:04:26.098+0000] {dagbag.py:545} INFO - Filling up the DagBag from /opt/airflow/dags/silver_processing_dag.py
[2026-09-06T01:04:26.775+0000] {processor.py:840} INFO - DAG(s) 'process_silver_layer' retrieved from /opt/airflow/dags/silver_processing_dag.py
[2026-09-06T01:04:27.002+0000] {logging_mixin.py:188} INFO - [2026-09-06T01:04:26.997+0000] {dag.py:3096} INFO - Sync 1 DAGs
[2026-09-06T01:04:27.139+0000] {logging_mixin.py:188} INFO - [2026-09-06T01:04:27.138+0000] {dag.py:3954} INFO - Setting next_dagrun for process_silver_layer to None, run_after=None
[2026-09-06T01:04:27.299+0000] {processor.py:183} INFO - Processing /opt/airflow/dags/silver_processing_dag.py took 1.369 seconds
[2026-09-06T01:04:58.464+0000] {processor.py:161} INFO - Started process (PID=21307) to work on /opt/airflow/dags/silver_processing_dag.py
[2026-09-06T01:04:58.472+0000] {processor.py:830} INFO - Processing file /opt/airflow/dags/silver_processing_dag.py for tasks to queue
[2026-09-06T01:04:58.488+0000] {logging_mixin.py:188} INFO - [2026-09-06T01:04:58.486+0000] {dagbag.py:545} INFO - Filling up the DagBag from /opt/airflow/dags/silver_processing_dag.py
[2026-09-06T01:04:58.611+0000] {processor.py:840} INFO - DAG(s) 'process_silver_layer' retrieved from /opt/airflow/dags/silver_processing_dag.py
[2026-09-06T01:04:58.786+0000] {logging_mixin.py:188} INFO - [2026-09-06T01:04:58.785+0000] {dag.py:3096} INFO - Sync 1 DAGs
[2026-09-06T01:04:58.855+0000] {logging_mixin.py:188} INFO - [2026-09-06T01:04:58.855+0000] {dag.py:3954} INFO - Setting next_dagrun for process_silver_layer to None, run_after=None
[2026-09-06T01:04:59.005+0000] {processor.py:183} INFO - Processing /opt/airflow/dags/silver_processing_dag.py took 0.627 seconds
[2026-09-06T01:05:30.136+0000] {processor.py:161} INFO - Started process (PID=21392) to work on /opt/airflow/dags/silver_processing_dag.py
[2026-09-06T01:05:30.140+0000] {processor.py:830} INFO - Processing file /opt/airflow/dags/silver_processing_dag.py for tasks to queue
[2026-09-06T01:05:30.153+0000] {logging_mixin.py:188} INFO - [2026-09-06T01:05:30.152+0000] {dagbag.py:545} INFO - Filling up the DagBag from /opt/airflow/dags/silver_processing_dag.py
[2026-09-06T01:05:30.366+0000] {processor.py:840} INFO - DAG(s) 'process_silver_layer' retrieved from /opt/airflow/dags/silver_processing_dag.py
[2026-09-06T01:05:30.466+0000] {logging_mixin.py:188} INFO - [2026-09-06T01:05:30.465+0000] {dag.py:3096} INFO - Sync 1 DAGs
[2026-09-06T01:05:30.545+0000] {logging_mixin.py:188} INFO - [2026-09-06T01:05:30.544+0000] {dag.py:3954} INFO - Setting next_dagrun for process_silver_layer to None, run_after=None
[2026-09-06T01:05:30.626+0000] {processor.py:183} INFO - Processing /opt/airflow/dags/silver_processing_dag.py took 0.528 seconds
[2026-09-06T01:06:01.276+0000] {processor.py:161} INFO - Started process (PID=21704) to work on /opt/airflow/dags/silver_processing_dag.py
[2026-09-06T01:06:01.286+0000] {processor.py:830} INFO - Processing file /opt/airflow/dags/silver_processing_dag.py for tasks to queue
[2026-09-06T01:06:01.303+0000] {logging_mixin.py:188} INFO - [2026-09-06T01:06:01.302+0000] {dagbag.py:545} INFO - Filling up the DagBag from /opt/airflow/dags/silver_processing_dag.py
[2026-09-06T01:06:01.407+0000] {processor.py:840} INFO - DAG(s) 'process_silver_layer' retrieved from /opt/airflow/dags/silver_processing_dag.py
[2026-09-06T01:06:01.539+0000] {logging_mixin.py:188} INFO - [2026-09-06T01:06:01.538+0000] {dag.py:3096} INFO - Sync 1 DAGs
[2026-09-06T01:06:01.609+0000] {logging_mixin.py:188} INFO - [2026-09-06T01:06:01.609+0000] {dag.py:3954} INFO - Setting next_dagrun for process_silver_layer to None, run_after=None
[2026-09-06T01:06:01.731+0000] {processor.py:183} INFO - Processing /opt/airflow/dags/silver_processing_dag.py took 0.491 seconds
[2026-09-06T01:06:32.380+0000] {processor.py:161} INFO - Started process (PID=22119) to work on /opt/airflow/dags/silver_processing_dag.py
[2026-09-06T01:06:32.390+0000] {processor.py:830} INFO - Processing file /opt/airflow/dags/silver_processing_dag.py for tasks to queue
[2026-09-06T01:06:32.406+0000] {logging_mixin.py:188} INFO - [2026-09-06T01:06:32.399+0000] {dagbag.py:545} INFO - Filling up the DagBag from /opt/airflow/dags/silver_processing_dag.py
[2026-09-06T01:06:32.510+0000] {processor.py:840} INFO - DAG(s) 'process_silver_layer' retrieved from /opt/airflow/dags/silver_processing_dag.py
[2026-09-06T01:06:32.664+0000] {logging_mixin.py:188} INFO - [2026-09-06T01:06:32.663+0000] {dag.py:3096} INFO - Sync 1 DAGs
[2026-09-06T01:06:32.754+0000] {logging_mixin.py:188} INFO - [2026-09-06T01:06:32.750+0000] {dag.py:3954} INFO - Setting next_dagrun for process_silver_layer to None, run_after=None
[2026-09-06T01:06:32.886+0000] {processor.py:183} INFO - Processing /opt/airflow/dags/silver_processing_dag.py took 0.554 seconds
[2026-09-06T01:07:03.838+0000] {processor.py:161} INFO - Started process (PID=22196) to work on /opt/airflow/dags/silver_processing_dag.py
[2026-09-06T01:07:03.842+0000] {processor.py:830} INFO - Processing file /opt/airflow/dags/silver_processing_dag.py for tasks to queue
[2026-09-06T01:07:03.862+0000] {logging_mixin.py:188} INFO - [2026-09-06T01:07:03.860+0000] {dagbag.py:545} INFO - Filling up the DagBag from /opt/airflow/dags/silver_processing_dag.py
[2026-09-06T01:07:04.109+0000] {processor.py:840} INFO - DAG(s) 'process_silver_layer' retrieved from /opt/airflow/dags/silver_processing_dag.py
[2026-09-06T01:07:04.235+0000] {logging_mixin.py:188} INFO - [2026-09-06T01:07:04.234+0000] {dag.py:3096} INFO - Sync 1 DAGs
[2026-09-06T01:07:04.325+0000] {logging_mixin.py:188} INFO - [2026-09-06T01:07:04.324+0000] {dag.py:3954} INFO - Setting next_dagrun for process_silver_layer to None, run_after=None
[2026-09-06T01:07:04.476+0000] {processor.py:183} INFO - Processing /opt/airflow/dags/silver_processing_dag.py took 0.674 seconds
[2026-09-06T01:07:34.911+0000] {processor.py:161} INFO - Started process (PID=22271) to work on /opt/airflow/dags/silver_processing_dag.py
[2026-09-06T01:07:34.914+0000] {processor.py:830} INFO - Processing file /opt/airflow/dags/silver_processing_dag.py for tasks to queue
[2026-09-06T01:07:34.923+0000] {logging_mixin.py:188} INFO - [2026-09-06T01:07:34.922+0000] {dagbag.py:545} INFO - Filling up the DagBag from /opt/airflow/dags/silver_processing_dag.py
[2026-09-06T01:07:35.001+0000] {processor.py:840} INFO - DAG(s) 'process_silver_layer' retrieved from /opt/airflow/dags/silver_processing_dag.py
[2026-09-06T01:07:35.076+0000] {logging_mixin.py:188} INFO - [2026-09-06T01:07:35.075+0000] {dag.py:3096} INFO - Sync 1 DAGs
[2026-09-06T01:07:35.132+0000] {logging_mixin.py:188} INFO - [2026-09-06T01:07:35.131+0000] {dag.py:3954} INFO - Setting next_dagrun for process_silver_layer to None, run_after=None
[2026-09-06T01:07:35.271+0000] {processor.py:183} INFO - Processing /opt/airflow/dags/silver_processing_dag.py took 0.383 seconds
[2026-09-06T01:08:05.796+0000] {processor.py:161} INFO - Started process (PID=22350) to work on /opt/airflow/dags/silver_processing_dag.py
[2026-09-06T01:08:05.810+0000] {processor.py:830} INFO - Processing file /opt/airflow/dags/silver_processing_dag.py for tasks to queue
[2026-09-06T01:08:05.818+0000] {logging_mixin.py:188} INFO - [2026-09-06T01:08:05.817+0000] {dagbag.py:545} INFO - Filling up the DagBag from /opt/airflow/dags/silver_processing_dag.py
[2026-09-06T01:08:05.974+0000] {processor.py:840} INFO - DAG(s) 'process_silver_layer' retrieved from /opt/airflow/dags/silver_processing_dag.py
[2026-09-06T01:08:06.191+0000] {logging_mixin.py:188} INFO - [2026-09-06T01:08:06.190+0000] {dag.py:3096} INFO - Sync 1 DAGs
[2026-09-06T01:08:06.314+0000] {logging_mixin.py:188} INFO - [2026-09-06T01:08:06.313+0000] {dag.py:3954} INFO - Setting next_dagrun for process_silver_layer to None, run_after=None
[2026-09-06T01:08:06.460+0000] {processor.py:183} INFO - Processing /opt/airflow/dags/silver_processing_dag.py took 0.701 seconds
[2026-09-06T01:08:36.828+0000] {processor.py:161} INFO - Started process (PID=22403) to work on /opt/airflow/dags/silver_processing_dag.py
[2026-09-06T01:08:36.834+0000] {processor.py:830} INFO - Processing file /opt/airflow/dags/silver_processing_dag.py for tasks to queue
[2026-09-06T01:08:36.845+0000] {logging_mixin.py:188} INFO - [2026-09-06T01:08:36.844+0000] {dagbag.py:545} INFO - Filling up the DagBag from /opt/airflow/dags/silver_processing_dag.py
[2026-09-06T01:08:36.912+0000] {processor.py:840} INFO - DAG(s) 'process_silver_layer' retrieved from /opt/airflow/dags/silver_processing_dag.py
[2026-09-06T01:08:37.014+0000] {logging_mixin.py:188} INFO - [2026-09-06T01:08:37.013+0000] {dag.py:3096} INFO - Sync 1 DAGs
[2026-09-06T01:08:37.074+0000] {logging_mixin.py:188} INFO - [2026-09-06T01:08:37.074+0000] {dag.py:3954} INFO - Setting next_dagrun for process_silver_layer to None, run_after=None
[2026-09-06T01:08:37.151+0000] {processor.py:183} INFO - Processing /opt/airflow/dags/silver_processing_dag.py took 0.346 seconds
[2026-09-06T01:09:07.661+0000] {processor.py:161} INFO - Started process (PID=22418) to work on /opt/airflow/dags/silver_processing_dag.py
[2026-09-06T01:09:07.664+0000] {processor.py:830} INFO - Processing file /opt/airflow/dags/silver_processing_dag.py for tasks to queue
[2026-09-06T01:09:07.676+0000] {logging_mixin.py:188} INFO - [2026-09-06T01:09:07.675+0000] {dagbag.py:545} INFO - Filling up the DagBag from /opt/airflow/dags/silver_processing_dag.py
[2026-09-06T01:09:07.745+0000] {processor.py:840} INFO - DAG(s) 'process_silver_layer' retrieved from /opt/airflow/dags/silver_processing_dag.py
[2026-09-06T01:09:07.832+0000] {logging_mixin.py:188} INFO - [2026-09-06T01:09:07.831+0000] {dag.py:3096} INFO - Sync 1 DAGs
[2026-09-06T01:09:07.899+0000] {logging_mixin.py:188} INFO - [2026-09-06T01:09:07.898+0000] {dag.py:3954} INFO - Setting next_dagrun for process_silver_layer to None, run_after=None
[2026-09-06T01:09:07.985+0000] {processor.py:183} INFO - Processing /opt/airflow/dags/silver_processing_dag.py took 0.351 seconds
[2026-09-06T01:09:38.179+0000] {processor.py:161} INFO - Started process (PID=22433) to work on /opt/airflow/dags/silver_processing_dag.py
[2026-09-06T01:09:38.185+0000] {processor.py:830} INFO - Processing file /opt/airflow/dags/silver_processing_dag.py for tasks to queue
[2026-09-06T01:09:38.194+0000] {logging_mixin.py:188} INFO - [2026-09-06T01:09:38.193+0000] {dagbag.py:545} INFO - Filling up the DagBag from /opt/airflow/dags/silver_processing_dag.py
[2026-09-06T01:09:38.280+0000] {processor.py:840} INFO - DAG(s) 'process_silver_layer' retrieved from /opt/airflow/dags/silver_processing_dag.py
[2026-09-06T01:09:38.369+0000] {logging_mixin.py:188} INFO - [2026-09-06T01:09:38.369+0000] {dag.py:3096} INFO - Sync 1 DAGs
[2026-09-06T01:09:38.419+0000] {logging_mixin.py:188} INFO - [2026-09-06T01:09:38.418+0000] {dag.py:3954} INFO - Setting next_dagrun for process_silver_layer to None, run_after=None
[2026-09-06T01:09:38.479+0000] {processor.py:183} INFO - Processing /opt/airflow/dags/silver_processing_dag.py took 0.329 seconds
[2026-09-06T01:10:08.981+0000] {processor.py:161} INFO - Started process (PID=22448) to work on /opt/airflow/dags/silver_processing_dag.py
[2026-09-06T01:10:08.985+0000] {processor.py:830} INFO - Processing file /opt/airflow/dags/silver_processing_dag.py for tasks to queue
[2026-09-06T01:10:08.993+0000] {logging_mixin.py:188} INFO - [2026-09-06T01:10:08.992+0000] {dagbag.py:545} INFO - Filling up the DagBag from /opt/airflow/dags/silver_processing_dag.py
[2026-09-06T01:10:09.073+0000] {processor.py:840} INFO - DAG(s) 'process_silver_layer' retrieved from /opt/airflow/dags/silver_processing_dag.py
[2026-09-06T01:10:09.156+0000] {logging_mixin.py:188} INFO - [2026-09-06T01:10:09.155+0000] {dag.py:3096} INFO - Sync 1 DAGs
[2026-09-06T01:10:09.202+0000] {logging_mixin.py:188} INFO - [2026-09-06T01:10:09.202+0000] {dag.py:3954} INFO - Setting next_dagrun for process_silver_layer to None, run_after=None
[2026-09-06T01:10:09.277+0000] {processor.py:183} INFO - Processing /opt/airflow/dags/silver_processing_dag.py took 0.323 seconds
[2026-09-06T01:10:39.754+0000] {processor.py:161} INFO - Started process (PID=22463) to work on /opt/airflow/dags/silver_processing_dag.py
[2026-09-06T01:10:39.757+0000] {processor.py:830} INFO - Processing file /opt/airflow/dags/silver_processing_dag.py for tasks to queue
[2026-09-06T01:10:39.780+0000] {logging_mixin.py:188} INFO - [2026-09-06T01:10:39.778+0000] {dagbag.py:545} INFO - Filling up the DagBag from /opt/airflow/dags/silver_processing_dag.py
[2026-09-06T01:10:39.846+0000] {processor.py:840} INFO - DAG(s) 'process_silver_layer' retrieved from /opt/airflow/dags/silver_processing_dag.py
[2026-09-06T01:10:39.950+0000] {logging_mixin.py:188} INFO - [2026-09-06T01:10:39.949+0000] {dag.py:3096} INFO - Sync 1 DAGs
[2026-09-06T01:10:39.997+0000] {logging_mixin.py:188} INFO - [2026-09-06T01:10:39.996+0000] {dag.py:3954} INFO - Setting next_dagrun for process_silver_layer to None, run_after=None
[2026-09-06T01:10:40.079+0000] {processor.py:183} INFO - Processing /opt/airflow/dags/silver_processing_dag.py took 0.350 seconds
[2026-09-06T01:11:10.676+0000] {processor.py:161} INFO - Started process (PID=22478) to work on /opt/airflow/dags/silver_processing_dag.py
[2026-09-06T01:11:10.679+0000] {processor.py:830} INFO - Processing file /opt/airflow/dags/silver_processing_dag.py for tasks to queue
[2026-09-06T01:11:10.686+0000] {logging_mixin.py:188} INFO - [2026-09-06T01:11:10.685+0000] {dagbag.py:545} INFO - Filling up the DagBag from /opt/airflow/dags/silver_processing_dag.py
[2026-09-06T01:11:10.755+0000] {processor.py:840} INFO - DAG(s) 'process_silver_layer' retrieved from /opt/airflow/dags/silver_processing_dag.py
[2026-09-06T01:11:10.834+0000] {logging_mixin.py:188} INFO - [2026-09-06T01:11:10.833+0000] {dag.py:3096} INFO - Sync 1 DAGs
[2026-09-06T01:11:10.888+0000] {logging_mixin.py:188} INFO - [2026-09-06T01:11:10.883+0000] {dag.py:3954} INFO - Setting next_dagrun for process_silver_layer to None, run_after=None
[2026-09-06T01:11:10.972+0000] {processor.py:183} INFO - Processing /opt/airflow/dags/silver_processing_dag.py took 0.322 seconds
[2026-09-06T01:11:41.547+0000] {processor.py:161} INFO - Started process (PID=22493) to work on /opt/airflow/dags/silver_processing_dag.py
[2026-09-06T01:11:41.561+0000] {processor.py:830} INFO - Processing file /opt/airflow/dags/silver_processing_dag.py for tasks to queue
[2026-09-06T01:11:41.575+0000] {logging_mixin.py:188} INFO - [2026-09-06T01:11:41.571+0000] {dagbag.py:545} INFO - Filling up the DagBag from /opt/airflow/dags/silver_processing_dag.py
[2026-09-06T01:11:41.688+0000] {processor.py:840} INFO - DAG(s) 'process_silver_layer' retrieved from /opt/airflow/dags/silver_processing_dag.py
[2026-09-06T01:11:41.786+0000] {logging_mixin.py:188} INFO - [2026-09-06T01:11:41.785+0000] {dag.py:3096} INFO - Sync 1 DAGs
[2026-09-06T01:11:41.832+0000] {logging_mixin.py:188} INFO - [2026-09-06T01:11:41.831+0000] {dag.py:3954} INFO - Setting next_dagrun for process_silver_layer to None, run_after=None
[2026-09-06T01:11:41.908+0000] {processor.py:183} INFO - Processing /opt/airflow/dags/silver_processing_dag.py took 0.390 seconds
[2026-09-06T01:12:12.456+0000] {processor.py:161} INFO - Started process (PID=22508) to work on /opt/airflow/dags/silver_processing_dag.py
[2026-09-06T01:12:12.460+0000] {processor.py:830} INFO - Processing file /opt/airflow/dags/silver_processing_dag.py for tasks to queue
[2026-09-06T01:12:12.471+0000] {logging_mixin.py:188} INFO - [2026-09-06T01:12:12.470+0000] {dagbag.py:545} INFO - Filling up the DagBag from /opt/airflow/dags/silver_processing_dag.py
[2026-09-06T01:12:12.528+0000] {processor.py:840} INFO - DAG(s) 'process_silver_layer' retrieved from /opt/airflow/dags/silver_processing_dag.py
[2026-09-06T01:12:12.619+0000] {logging_mixin.py:188} INFO - [2026-09-06T01:12:12.618+0000] {dag.py:3096} INFO - Sync 1 DAGs
[2026-09-06T01:12:12.668+0000] {logging_mixin.py:188} INFO - [2026-09-06T01:12:12.667+0000] {dag.py:3954} INFO - Setting next_dagrun for process_silver_layer to None, run_after=None
[2026-09-06T01:12:12.756+0000] {processor.py:183} INFO - Processing /opt/airflow/dags/silver_processing_dag.py took 0.324 seconds
[2026-09-06T01:12:43.330+0000] {processor.py:161} INFO - Started process (PID=22523) to work on /opt/airflow/dags/silver_processing_dag.py
[2026-09-06T01:12:43.343+0000] {processor.py:830} INFO - Processing file /opt/airflow/dags/silver_processing_dag.py for tasks to queue
[2026-09-06T01:12:43.350+0000] {logging_mixin.py:188} INFO - [2026-09-06T01:12:43.349+0000] {dagbag.py:545} INFO - Filling up the DagBag from /opt/airflow/dags/silver_processing_dag.py
[2026-09-06T01:12:43.515+0000] {processor.py:840} INFO - DAG(s) 'process_silver_layer' retrieved from /opt/airflow/dags/silver_processing_dag.py
[2026-09-06T01:12:43.679+0000] {logging_mixin.py:188} INFO - [2026-09-06T01:12:43.678+0000] {dag.py:3096} INFO - Sync 1 DAGs
[2026-09-06T01:12:43.815+0000] {logging_mixin.py:188} INFO - [2026-09-06T01:12:43.815+0000] {dag.py:3954} INFO - Setting next_dagrun for process_silver_layer to None, run_after=None
[2026-09-06T01:12:44.001+0000] {processor.py:183} INFO - Processing /opt/airflow/dags/silver_processing_dag.py took 0.704 seconds
[2026-09-06T01:13:14.562+0000] {processor.py:161} INFO - Started process (PID=22538) to work on /opt/airflow/dags/silver_processing_dag.py
[2026-09-06T01:13:14.567+0000] {processor.py:830} INFO - Processing file /opt/airflow/dags/silver_processing_dag.py for tasks to queue
[2026-09-06T01:13:14.576+0000] {logging_mixin.py:188} INFO - [2026-09-06T01:13:14.575+0000] {dagbag.py:545} INFO - Filling up the DagBag from /opt/airflow/dags/silver_processing_dag.py
[2026-09-06T01:13:14.648+0000] {processor.py:840} INFO - DAG(s) 'process_silver_layer' retrieved from /opt/airflow/dags/silver_processing_dag.py
[2026-09-06T01:13:14.720+0000] {logging_mixin.py:188} INFO - [2026-09-06T01:13:14.720+0000] {dag.py:3096} INFO - Sync 1 DAGs
[2026-09-06T01:13:14.786+0000] {logging_mixin.py:188} INFO - [2026-09-06T01:13:14.785+0000] {dag.py:3954} INFO - Setting next_dagrun for process_silver_layer to None, run_after=None
[2026-09-06T01:13:14.905+0000] {processor.py:183} INFO - Processing /opt/airflow/dags/silver_processing_dag.py took 0.367 seconds
[2026-09-06T01:13:45.537+0000] {processor.py:161} INFO - Started process (PID=22553) to work on /opt/airflow/dags/silver_processing_dag.py
[2026-09-06T01:13:45.540+0000] {processor.py:830} INFO - Processing file /opt/airflow/dags/silver_processing_dag.py for tasks to queue
[2026-09-06T01:13:45.550+0000] {logging_mixin.py:188} INFO - [2026-09-06T01:13:45.547+0000] {dagbag.py:545} INFO - Filling up the DagBag from /opt/airflow/dags/silver_processing_dag.py
[2026-09-06T01:13:45.645+0000] {processor.py:840} INFO - DAG(s) 'process_silver_layer' retrieved from /opt/airflow/dags/silver_processing_dag.py
[2026-09-06T01:13:45.753+0000] {logging_mixin.py:188} INFO - [2026-09-06T01:13:45.752+0000] {dag.py:3096} INFO - Sync 1 DAGs
[2026-09-06T01:13:45.820+0000] {logging_mixin.py:188} INFO - [2026-09-06T01:13:45.819+0000] {dag.py:3954} INFO - Setting next_dagrun for process_silver_layer to None, run_after=None
[2026-09-06T01:13:45.953+0000] {processor.py:183} INFO - Processing /opt/airflow/dags/silver_processing_dag.py took 0.457 seconds
[2026-09-06T01:14:16.505+0000] {processor.py:161} INFO - Started process (PID=22568) to work on /opt/airflow/dags/silver_processing_dag.py
[2026-09-06T01:14:16.511+0000] {processor.py:830} INFO - Processing file /opt/airflow/dags/silver_processing_dag.py for tasks to queue
[2026-09-06T01:14:16.519+0000] {logging_mixin.py:188} INFO - [2026-09-06T01:14:16.518+0000] {dagbag.py:545} INFO - Filling up the DagBag from /opt/airflow/dags/silver_processing_dag.py
[2026-09-06T01:14:16.659+0000] {processor.py:840} INFO - DAG(s) 'process_silver_layer' retrieved from /opt/airflow/dags/silver_processing_dag.py
[2026-09-06T01:14:16.770+0000] {logging_mixin.py:188} INFO - [2026-09-06T01:14:16.769+0000] {dag.py:3096} INFO - Sync 1 DAGs
[2026-09-06T01:14:16.843+0000] {logging_mixin.py:188} INFO - [2026-09-06T01:14:16.842+0000] {dag.py:3954} INFO - Setting next_dagrun for process_silver_layer to None, run_after=None
[2026-09-06T01:14:17.089+0000] {processor.py:183} INFO - Processing /opt/airflow/dags/silver_processing_dag.py took 0.610 seconds
[2026-09-06T01:14:47.867+0000] {processor.py:161} INFO - Started process (PID=22583) to work on /opt/airflow/dags/silver_processing_dag.py
[2026-09-06T01:14:47.871+0000] {processor.py:830} INFO - Processing file /opt/airflow/dags/silver_processing_dag.py for tasks to queue
[2026-09-06T01:14:47.903+0000] {logging_mixin.py:188} INFO - [2026-09-06T01:14:47.902+0000] {dagbag.py:545} INFO - Filling up the DagBag from /opt/airflow/dags/silver_processing_dag.py
[2026-09-06T01:14:47.970+0000] {processor.py:840} INFO - DAG(s) 'process_silver_layer' retrieved from /opt/airflow/dags/silver_processing_dag.py
[2026-09-06T01:14:48.063+0000] {logging_mixin.py:188} INFO - [2026-09-06T01:14:48.062+0000] {dag.py:3096} INFO - Sync 1 DAGs
[2026-09-06T01:14:48.126+0000] {logging_mixin.py:188} INFO - [2026-09-06T01:14:48.126+0000] {dag.py:3954} INFO - Setting next_dagrun for process_silver_layer to None, run_after=None
[2026-09-06T01:14:48.193+0000] {processor.py:183} INFO - Processing /opt/airflow/dags/silver_processing_dag.py took 0.369 seconds
[2026-09-06T01:15:18.672+0000] {processor.py:161} INFO - Started process (PID=22598) to work on /opt/airflow/dags/silver_processing_dag.py
[2026-09-06T01:15:18.677+0000] {processor.py:830} INFO - Processing file /opt/airflow/dags/silver_processing_dag.py for tasks to queue
[2026-09-06T01:15:18.687+0000] {logging_mixin.py:188} INFO - [2026-09-06T01:15:18.686+0000] {dagbag.py:545} INFO - Filling up the DagBag from /opt/airflow/dags/silver_processing_dag.py
[2026-09-06T01:15:18.766+0000] {processor.py:840} INFO - DAG(s) 'process_silver_layer' retrieved from /opt/airflow/dags/silver_processing_dag.py
[2026-09-06T01:15:18.850+0000] {logging_mixin.py:188} INFO - [2026-09-06T01:15:18.850+0000] {dag.py:3096} INFO - Sync 1 DAGs
[2026-09-06T01:15:18.897+0000] {logging_mixin.py:188} INFO - [2026-09-06T01:15:18.896+0000] {dag.py:3954} INFO - Setting next_dagrun for process_silver_layer to None, run_after=None
[2026-09-06T01:15:18.962+0000] {processor.py:183} INFO - Processing /opt/airflow/dags/silver_processing_dag.py took 0.313 seconds
[2026-09-06T01:15:49.146+0000] {processor.py:161} INFO - Started process (PID=22613) to work on /opt/airflow/dags/silver_processing_dag.py
[2026-09-06T01:15:49.151+0000] {processor.py:830} INFO - Processing file /opt/airflow/dags/silver_processing_dag.py for tasks to queue
[2026-09-06T01:15:49.158+0000] {logging_mixin.py:188} INFO - [2026-09-06T01:15:49.156+0000] {dagbag.py:545} INFO - Filling up the DagBag from /opt/airflow/dags/silver_processing_dag.py
[2026-09-06T01:15:49.215+0000] {processor.py:840} INFO - DAG(s) 'process_silver_layer' retrieved from /opt/airflow/dags/silver_processing_dag.py
[2026-09-06T01:15:49.307+0000] {logging_mixin.py:188} INFO - [2026-09-06T01:15:49.306+0000] {dag.py:3096} INFO - Sync 1 DAGs
[2026-09-06T01:15:49.355+0000] {logging_mixin.py:188} INFO - [2026-09-06T01:15:49.354+0000] {dag.py:3954} INFO - Setting next_dagrun for process_silver_layer to None, run_after=None
[2026-09-06T01:15:49.406+0000] {processor.py:183} INFO - Processing /opt/airflow/dags/silver_processing_dag.py took 0.309 seconds
[2026-09-06T01:16:19.850+0000] {processor.py:161} INFO - Started process (PID=22628) to work on /opt/airflow/dags/silver_processing_dag.py
[2026-09-06T01:16:19.854+0000] {processor.py:830} INFO - Processing file /opt/airflow/dags/silver_processing_dag.py for tasks to queue
[2026-09-06T01:16:19.866+0000] {logging_mixin.py:188} INFO - [2026-09-06T01:16:19.863+0000] {dagbag.py:545} INFO - Filling up the DagBag from /opt/airflow/dags/silver_processing_dag.py
[2026-09-06T01:16:19.929+0000] {processor.py:840} INFO - DAG(s) 'process_silver_layer' retrieved from /opt/airflow/dags/silver_processing_dag.py
[2026-09-06T01:16:19.999+0000] {logging_mixin.py:188} INFO - [2026-09-06T01:16:19.998+0000] {dag.py:3096} INFO - Sync 1 DAGs
[2026-09-06T01:16:20.040+0000] {logging_mixin.py:188} INFO - [2026-09-06T01:16:20.040+0000] {dag.py:3954} INFO - Setting next_dagrun for process_silver_layer to None, run_after=None
[2026-09-06T01:16:20.108+0000] {processor.py:183} INFO - Processing /opt/airflow/dags/silver_processing_dag.py took 0.282 seconds
[2026-09-06T01:16:50.546+0000] {processor.py:161} INFO - Started process (PID=22643) to work on /opt/airflow/dags/silver_processing_dag.py
[2026-09-06T01:16:50.550+0000] {processor.py:830} INFO - Processing file /opt/airflow/dags/silver_processing_dag.py for tasks to queue
[2026-09-06T01:16:50.558+0000] {logging_mixin.py:188} INFO - [2026-09-06T01:16:50.557+0000] {dagbag.py:545} INFO - Filling up the DagBag from /opt/airflow/dags/silver_processing_dag.py
[2026-09-06T01:16:50.613+0000] {processor.py:840} INFO - DAG(s) 'process_silver_layer' retrieved from /opt/airflow/dags/silver_processing_dag.py
[2026-09-06T01:16:50.746+0000] {logging_mixin.py:188} INFO - [2026-09-06T01:16:50.745+0000] {dag.py:3096} INFO - Sync 1 DAGs
[2026-09-06T01:16:50.838+0000] {logging_mixin.py:188} INFO - [2026-09-06T01:16:50.833+0000] {dag.py:3954} INFO - Setting next_dagrun for process_silver_layer to None, run_after=None
[2026-09-06T01:16:50.910+0000] {processor.py:183} INFO - Processing /opt/airflow/dags/silver_processing_dag.py took 0.389 seconds
[2026-09-06T01:17:21.390+0000] {processor.py:161} INFO - Started process (PID=22658) to work on /opt/airflow/dags/silver_processing_dag.py
[2026-09-06T01:17:21.393+0000] {processor.py:830} INFO - Processing file /opt/airflow/dags/silver_processing_dag.py for tasks to queue
[2026-09-06T01:17:21.400+0000] {logging_mixin.py:188} INFO - [2026-09-06T01:17:21.399+0000] {dagbag.py:545} INFO - Filling up the DagBag from /opt/airflow/dags/silver_processing_dag.py
[2026-09-06T01:17:21.460+0000] {processor.py:840} INFO - DAG(s) 'process_silver_layer' retrieved from /opt/airflow/dags/silver_processing_dag.py
[2026-09-06T01:17:21.527+0000] {logging_mixin.py:188} INFO - [2026-09-06T01:17:21.527+0000] {dag.py:3096} INFO - Sync 1 DAGs
[2026-09-06T01:17:21.571+0000] {logging_mixin.py:188} INFO - [2026-09-06T01:17:21.570+0000] {dag.py:3954} INFO - Setting next_dagrun for process_silver_layer to None, run_after=None
[2026-09-06T01:17:21.629+0000] {processor.py:183} INFO - Processing /opt/airflow/dags/silver_processing_dag.py took 0.261 seconds
[2026-09-06T01:17:52.088+0000] {processor.py:161} INFO - Started process (PID=22673) to work on /opt/airflow/dags/silver_processing_dag.py
[2026-09-06T01:17:52.091+0000] {processor.py:830} INFO - Processing file /opt/airflow/dags/silver_processing_dag.py for tasks to queue
[2026-09-06T01:17:52.104+0000] {logging_mixin.py:188} INFO - [2026-09-06T01:17:52.102+0000] {dagbag.py:545} INFO - Filling up the DagBag from /opt/airflow/dags/silver_processing_dag.py
[2026-09-06T01:17:52.165+0000] {processor.py:840} INFO - DAG(s) 'process_silver_layer' retrieved from /opt/airflow/dags/silver_processing_dag.py
[2026-09-06T01:17:52.235+0000] {logging_mixin.py:188} INFO - [2026-09-06T01:17:52.234+0000] {dag.py:3096} INFO - Sync 1 DAGs
[2026-09-06T01:17:52.293+0000] {logging_mixin.py:188} INFO - [2026-09-06T01:17:52.293+0000] {dag.py:3954} INFO - Setting next_dagrun for process_silver_layer to None, run_after=None
[2026-09-06T01:17:52.391+0000] {processor.py:183} INFO - Processing /opt/airflow/dags/silver_processing_dag.py took 0.324 seconds
[2026-09-06T01:18:22.779+0000] {processor.py:161} INFO - Started process (PID=22688) to work on /opt/airflow/dags/silver_processing_dag.py
[2026-09-06T01:18:22.782+0000] {processor.py:830} INFO - Processing file /opt/airflow/dags/silver_processing_dag.py for tasks to queue
[2026-09-06T01:18:22.791+0000] {logging_mixin.py:188} INFO - [2026-09-06T01:18:22.789+0000] {dagbag.py:545} INFO - Filling up the DagBag from /opt/airflow/dags/silver_processing_dag.py
[2026-09-06T01:18:22.845+0000] {processor.py:840} INFO - DAG(s) 'process_silver_layer' retrieved from /opt/airflow/dags/silver_processing_dag.py
[2026-09-06T01:18:22.920+0000] {logging_mixin.py:188} INFO - [2026-09-06T01:18:22.919+0000] {dag.py:3096} INFO - Sync 1 DAGs
[2026-09-06T01:18:22.963+0000] {logging_mixin.py:188} INFO - [2026-09-06T01:18:22.961+0000] {dag.py:3954} INFO - Setting next_dagrun for process_silver_layer to None, run_after=None
[2026-09-06T01:18:23.041+0000] {processor.py:183} INFO - Processing /opt/airflow/dags/silver_processing_dag.py took 0.291 seconds
[2026-09-06T01:18:53.650+0000] {processor.py:161} INFO - Started process (PID=22703) to work on /opt/airflow/dags/silver_processing_dag.py
[2026-09-06T01:18:53.657+0000] {processor.py:830} INFO - Processing file /opt/airflow/dags/silver_processing_dag.py for tasks to queue
[2026-09-06T01:18:53.673+0000] {logging_mixin.py:188} INFO - [2026-09-06T01:18:53.671+0000] {dagbag.py:545} INFO - Filling up the DagBag from /opt/airflow/dags/silver_processing_dag.py
[2026-09-06T01:18:53.918+0000] {processor.py:840} INFO - DAG(s) 'process_silver_layer' retrieved from /opt/airflow/dags/silver_processing_dag.py
[2026-09-06T01:18:54.055+0000] {logging_mixin.py:188} INFO - [2026-09-06T01:18:54.055+0000] {dag.py:3096} INFO - Sync 1 DAGs
[2026-09-06T01:18:54.147+0000] {logging_mixin.py:188} INFO - [2026-09-06T01:18:54.146+0000] {dag.py:3954} INFO - Setting next_dagrun for process_silver_layer to None, run_after=None
[2026-09-06T01:18:54.264+0000] {processor.py:183} INFO - Processing /opt/airflow/dags/silver_processing_dag.py took 0.646 seconds
[2026-09-06T01:19:24.478+0000] {processor.py:161} INFO - Started process (PID=22718) to work on /opt/airflow/dags/silver_processing_dag.py
[2026-09-06T01:19:24.481+0000] {processor.py:830} INFO - Processing file /opt/airflow/dags/silver_processing_dag.py for tasks to queue
[2026-09-06T01:19:24.489+0000] {logging_mixin.py:188} INFO - [2026-09-06T01:19:24.488+0000] {dagbag.py:545} INFO - Filling up the DagBag from /opt/airflow/dags/silver_processing_dag.py
[2026-09-06T01:19:24.552+0000] {processor.py:840} INFO - DAG(s) 'process_silver_layer' retrieved from /opt/airflow/dags/silver_processing_dag.py
[2026-09-06T01:19:24.657+0000] {logging_mixin.py:188} INFO - [2026-09-06T01:19:24.656+0000] {dag.py:3096} INFO - Sync 1 DAGs
[2026-09-06T01:19:24.701+0000] {logging_mixin.py:188} INFO - [2026-09-06T01:19:24.701+0000] {dag.py:3954} INFO - Setting next_dagrun for process_silver_layer to None, run_after=None
[2026-09-06T01:19:24.771+0000] {processor.py:183} INFO - Processing /opt/airflow/dags/silver_processing_dag.py took 0.312 seconds
[2026-09-06T01:19:55.248+0000] {processor.py:161} INFO - Started process (PID=22733) to work on /opt/airflow/dags/silver_processing_dag.py
[2026-09-06T01:19:55.254+0000] {processor.py:830} INFO - Processing file /opt/airflow/dags/silver_processing_dag.py for tasks to queue
[2026-09-06T01:19:55.267+0000] {logging_mixin.py:188} INFO - [2026-09-06T01:19:55.266+0000] {dagbag.py:545} INFO - Filling up the DagBag from /opt/airflow/dags/silver_processing_dag.py
[2026-09-06T01:19:55.363+0000] {processor.py:840} INFO - DAG(s) 'process_silver_layer' retrieved from /opt/airflow/dags/silver_processing_dag.py
[2026-09-06T01:19:55.448+0000] {logging_mixin.py:188} INFO - [2026-09-06T01:19:55.448+0000] {dag.py:3096} INFO - Sync 1 DAGs
[2026-09-06T01:19:55.502+0000] {logging_mixin.py:188} INFO - [2026-09-06T01:19:55.501+0000] {dag.py:3954} INFO - Setting next_dagrun for process_silver_layer to None, run_after=None
[2026-09-06T01:19:55.565+0000] {processor.py:183} INFO - Processing /opt/airflow/dags/silver_processing_dag.py took 0.349 seconds
[2026-09-06T01:20:26.174+0000] {processor.py:161} INFO - Started process (PID=22748) to work on /opt/airflow/dags/silver_processing_dag.py
[2026-09-06T01:20:26.177+0000] {processor.py:830} INFO - Processing file /opt/airflow/dags/silver_processing_dag.py for tasks to queue
[2026-09-06T01:20:26.184+0000] {logging_mixin.py:188} INFO - [2026-09-06T01:20:26.183+0000] {dagbag.py:545} INFO - Filling up the DagBag from /opt/airflow/dags/silver_processing_dag.py
[2026-09-06T01:20:26.290+0000] {processor.py:840} INFO - DAG(s) 'process_silver_layer' retrieved from /opt/airflow/dags/silver_processing_dag.py
[2026-09-06T01:20:26.433+0000] {logging_mixin.py:188} INFO - [2026-09-06T01:20:26.433+0000] {dag.py:3096} INFO - Sync 1 DAGs
[2026-09-06T01:20:26.499+0000] {logging_mixin.py:188} INFO - [2026-09-06T01:20:26.498+0000] {dag.py:3954} INFO - Setting next_dagrun for process_silver_layer to None, run_after=None
[2026-09-06T01:20:26.656+0000] {processor.py:183} INFO - Processing /opt/airflow/dags/silver_processing_dag.py took 0.523 seconds
[2026-09-06T01:20:57.131+0000] {processor.py:161} INFO - Started process (PID=22763) to work on /opt/airflow/dags/silver_processing_dag.py
[2026-09-06T01:20:57.134+0000] {processor.py:830} INFO - Processing file /opt/airflow/dags/silver_processing_dag.py for tasks to queue
[2026-09-06T01:20:57.143+0000] {logging_mixin.py:188} INFO - [2026-09-06T01:20:57.141+0000] {dagbag.py:545} INFO - Filling up the DagBag from /opt/airflow/dags/silver_processing_dag.py
[2026-09-06T01:20:57.253+0000] {processor.py:840} INFO - DAG(s) 'process_silver_layer' retrieved from /opt/airflow/dags/silver_processing_dag.py
[2026-09-06T01:20:57.391+0000] {logging_mixin.py:188} INFO - [2026-09-06T01:20:57.390+0000] {dag.py:3096} INFO - Sync 1 DAGs
[2026-09-06T01:20:57.452+0000] {logging_mixin.py:188} INFO - [2026-09-06T01:20:57.452+0000] {dag.py:3954} INFO - Setting next_dagrun for process_silver_layer to None, run_after=None
[2026-09-06T01:20:57.501+0000] {processor.py:183} INFO - Processing /opt/airflow/dags/silver_processing_dag.py took 0.394 seconds
[2026-09-06T01:21:28.379+0000] {processor.py:161} INFO - Started process (PID=22778) to work on /opt/airflow/dags/silver_processing_dag.py
[2026-09-06T01:21:28.382+0000] {processor.py:830} INFO - Processing file /opt/airflow/dags/silver_processing_dag.py for tasks to queue
[2026-09-06T01:21:28.394+0000] {logging_mixin.py:188} INFO - [2026-09-06T01:21:28.393+0000] {dagbag.py:545} INFO - Filling up the DagBag from /opt/airflow/dags/silver_processing_dag.py
[2026-09-06T01:21:28.473+0000] {processor.py:840} INFO - DAG(s) 'process_silver_layer' retrieved from /opt/airflow/dags/silver_processing_dag.py
[2026-09-06T01:21:28.570+0000] {logging_mixin.py:188} INFO - [2026-09-06T01:21:28.570+0000] {dag.py:3096} INFO - Sync 1 DAGs
[2026-09-06T01:21:28.641+0000] {logging_mixin.py:188} INFO - [2026-09-06T01:21:28.640+0000] {dag.py:3954} INFO - Setting next_dagrun for process_silver_layer to None, run_after=None
[2026-09-06T01:21:28.763+0000] {processor.py:183} INFO - Processing /opt/airflow/dags/silver_processing_dag.py took 0.409 seconds
[2026-09-06T01:21:59.250+0000] {processor.py:161} INFO - Started process (PID=22793) to work on /opt/airflow/dags/silver_processing_dag.py
[2026-09-06T01:21:59.255+0000] {processor.py:830} INFO - Processing file /opt/airflow/dags/silver_processing_dag.py for tasks to queue
[2026-09-06T01:21:59.264+0000] {logging_mixin.py:188} INFO - [2026-09-06T01:21:59.264+0000] {dagbag.py:545} INFO - Filling up the DagBag from /opt/airflow/dags/silver_processing_dag.py
[2026-09-06T01:21:59.360+0000] {processor.py:840} INFO - DAG(s) 'process_silver_layer' retrieved from /opt/airflow/dags/silver_processing_dag.py
[2026-09-06T01:21:59.466+0000] {logging_mixin.py:188} INFO - [2026-09-06T01:21:59.466+0000] {dag.py:3096} INFO - Sync 1 DAGs
[2026-09-06T01:21:59.534+0000] {logging_mixin.py:188} INFO - [2026-09-06T01:21:59.534+0000] {dag.py:3954} INFO - Setting next_dagrun for process_silver_layer to None, run_after=None
[2026-09-06T01:21:59.609+0000] {processor.py:183} INFO - Processing /opt/airflow/dags/silver_processing_dag.py took 0.395 seconds
[2026-09-06T01:22:30.237+0000] {processor.py:161} INFO - Started process (PID=22808) to work on /opt/airflow/dags/silver_processing_dag.py
[2026-09-06T01:22:30.240+0000] {processor.py:830} INFO - Processing file /opt/airflow/dags/silver_processing_dag.py for tasks to queue
[2026-09-06T01:22:30.253+0000] {logging_mixin.py:188} INFO - [2026-09-06T01:22:30.252+0000] {dagbag.py:545} INFO - Filling up the DagBag from /opt/airflow/dags/silver_processing_dag.py
[2026-09-06T01:22:30.339+0000] {processor.py:840} INFO - DAG(s) 'process_silver_layer' retrieved from /opt/airflow/dags/silver_processing_dag.py
[2026-09-06T01:22:30.454+0000] {logging_mixin.py:188} INFO - [2026-09-06T01:22:30.454+0000] {dag.py:3096} INFO - Sync 1 DAGs
[2026-09-06T01:22:30.505+0000] {logging_mixin.py:188} INFO - [2026-09-06T01:22:30.504+0000] {dag.py:3954} INFO - Setting next_dagrun for process_silver_layer to None, run_after=None
[2026-09-06T01:22:30.573+0000] {processor.py:183} INFO - Processing /opt/airflow/dags/silver_processing_dag.py took 0.365 seconds
[2026-09-06T01:23:01.026+0000] {processor.py:161} INFO - Started process (PID=22823) to work on /opt/airflow/dags/silver_processing_dag.py
[2026-09-06T01:23:01.029+0000] {processor.py:830} INFO - Processing file /opt/airflow/dags/silver_processing_dag.py for tasks to queue
[2026-09-06T01:23:01.035+0000] {logging_mixin.py:188} INFO - [2026-09-06T01:23:01.034+0000] {dagbag.py:545} INFO - Filling up the DagBag from /opt/airflow/dags/silver_processing_dag.py
[2026-09-06T01:23:01.089+0000] {processor.py:840} INFO - DAG(s) 'process_silver_layer' retrieved from /opt/airflow/dags/silver_processing_dag.py
[2026-09-06T01:23:01.158+0000] {logging_mixin.py:188} INFO - [2026-09-06T01:23:01.158+0000] {dag.py:3096} INFO - Sync 1 DAGs
[2026-09-06T01:23:01.203+0000] {logging_mixin.py:188} INFO - [2026-09-06T01:23:01.203+0000] {dag.py:3954} INFO - Setting next_dagrun for process_silver_layer to None, run_after=None
[2026-09-06T01:23:01.274+0000] {processor.py:183} INFO - Processing /opt/airflow/dags/silver_processing_dag.py took 0.269 seconds
[2026-09-06T01:23:31.756+0000] {processor.py:161} INFO - Started process (PID=22838) to work on /opt/airflow/dags/silver_processing_dag.py
[2026-09-06T01:23:31.759+0000] {processor.py:830} INFO - Processing file /opt/airflow/dags/silver_processing_dag.py for tasks to queue
[2026-09-06T01:23:31.766+0000] {logging_mixin.py:188} INFO - [2026-09-06T01:23:31.765+0000] {dagbag.py:545} INFO - Filling up the DagBag from /opt/airflow/dags/silver_processing_dag.py
[2026-09-06T01:23:31.831+0000] {processor.py:840} INFO - DAG(s) 'process_silver_layer' retrieved from /opt/airflow/dags/silver_processing_dag.py
[2026-09-06T01:23:31.910+0000] {logging_mixin.py:188} INFO - [2026-09-06T01:23:31.909+0000] {dag.py:3096} INFO - Sync 1 DAGs
[2026-09-06T01:23:31.967+0000] {logging_mixin.py:188} INFO - [2026-09-06T01:23:31.967+0000] {dag.py:3954} INFO - Setting next_dagrun for process_silver_layer to None, run_after=None
[2026-09-06T01:23:32.038+0000] {processor.py:183} INFO - Processing /opt/airflow/dags/silver_processing_dag.py took 0.307 seconds
[2026-09-06T01:24:02.582+0000] {processor.py:161} INFO - Started process (PID=22853) to work on /opt/airflow/dags/silver_processing_dag.py
[2026-09-06T01:24:02.585+0000] {processor.py:830} INFO - Processing file /opt/airflow/dags/silver_processing_dag.py for tasks to queue
[2026-09-06T01:24:02.592+0000] {logging_mixin.py:188} INFO - [2026-09-06T01:24:02.591+0000] {dagbag.py:545} INFO - Filling up the DagBag from /opt/airflow/dags/silver_processing_dag.py
[2026-09-06T01:24:02.672+0000] {processor.py:840} INFO - DAG(s) 'process_silver_layer' retrieved from /opt/airflow/dags/silver_processing_dag.py
[2026-09-06T01:24:02.808+0000] {logging_mixin.py:188} INFO - [2026-09-06T01:24:02.808+0000] {dag.py:3096} INFO - Sync 1 DAGs
[2026-09-06T01:24:02.914+0000] {logging_mixin.py:188} INFO - [2026-09-06T01:24:02.914+0000] {dag.py:3954} INFO - Setting next_dagrun for process_silver_layer to None, run_after=None
[2026-09-06T01:24:03.128+0000] {processor.py:183} INFO - Processing /opt/airflow/dags/silver_processing_dag.py took 0.573 seconds
[2026-09-06T01:24:33.650+0000] {processor.py:161} INFO - Started process (PID=22868) to work on /opt/airflow/dags/silver_processing_dag.py
[2026-09-06T01:24:33.652+0000] {processor.py:830} INFO - Processing file /opt/airflow/dags/silver_processing_dag.py for tasks to queue
[2026-09-06T01:24:33.661+0000] {logging_mixin.py:188} INFO - [2026-09-06T01:24:33.660+0000] {dagbag.py:545} INFO - Filling up the DagBag from /opt/airflow/dags/silver_processing_dag.py
[2026-09-06T01:24:33.731+0000] {processor.py:840} INFO - DAG(s) 'process_silver_layer' retrieved from /opt/airflow/dags/silver_processing_dag.py
[2026-09-06T01:24:33.843+0000] {logging_mixin.py:188} INFO - [2026-09-06T01:24:33.843+0000] {dag.py:3096} INFO - Sync 1 DAGs
[2026-09-06T01:24:33.938+0000] {logging_mixin.py:188} INFO - [2026-09-06T01:24:33.938+0000] {dag.py:3954} INFO - Setting next_dagrun for process_silver_layer to None, run_after=None
[2026-09-06T01:24:34.094+0000] {processor.py:183} INFO - Processing /opt/airflow/dags/silver_processing_dag.py took 0.470 seconds
[2026-09-06T01:25:04.605+0000] {processor.py:161} INFO - Started process (PID=22883) to work on /opt/airflow/dags/silver_processing_dag.py
[2026-09-06T01:25:04.610+0000] {processor.py:830} INFO - Processing file /opt/airflow/dags/silver_processing_dag.py for tasks to queue
[2026-09-06T01:25:04.618+0000] {logging_mixin.py:188} INFO - [2026-09-06T01:25:04.617+0000] {dagbag.py:545} INFO - Filling up the DagBag from /opt/airflow/dags/silver_processing_dag.py
[2026-09-06T01:25:04.681+0000] {processor.py:840} INFO - DAG(s) 'process_silver_layer' retrieved from /opt/airflow/dags/silver_processing_dag.py
[2026-09-06T01:25:04.751+0000] {logging_mixin.py:188} INFO - [2026-09-06T01:25:04.751+0000] {dag.py:3096} INFO - Sync 1 DAGs
[2026-09-06T01:25:04.799+0000] {logging_mixin.py:188} INFO - [2026-09-06T01:25:04.799+0000] {dag.py:3954} INFO - Setting next_dagrun for process_silver_layer to None, run_after=None
[2026-09-06T01:25:04.869+0000] {processor.py:183} INFO - Processing /opt/airflow/dags/silver_processing_dag.py took 0.293 seconds
[2026-09-06T01:25:35.022+0000] {processor.py:161} INFO - Started process (PID=22898) to work on /opt/airflow/dags/silver_processing_dag.py
[2026-09-06T01:25:35.037+0000] {processor.py:830} INFO - Processing file /opt/airflow/dags/silver_processing_dag.py for tasks to queue
[2026-09-06T01:25:35.045+0000] {logging_mixin.py:188} INFO - [2026-09-06T01:25:35.044+0000] {dagbag.py:545} INFO - Filling up the DagBag from /opt/airflow/dags/silver_processing_dag.py
[2026-09-06T01:25:35.134+0000] {processor.py:840} INFO - DAG(s) 'process_silver_layer' retrieved from /opt/airflow/dags/silver_processing_dag.py
[2026-09-06T01:25:35.210+0000] {logging_mixin.py:188} INFO - [2026-09-06T01:25:35.209+0000] {dag.py:3096} INFO - Sync 1 DAGs
[2026-09-06T01:25:35.280+0000] {logging_mixin.py:188} INFO - [2026-09-06T01:25:35.279+0000] {dag.py:3954} INFO - Setting next_dagrun for process_silver_layer to None, run_after=None
[2026-09-06T01:25:35.374+0000] {processor.py:183} INFO - Processing /opt/airflow/dags/silver_processing_dag.py took 0.369 seconds
[2026-09-06T01:26:05.808+0000] {processor.py:161} INFO - Started process (PID=22913) to work on /opt/airflow/dags/silver_processing_dag.py
[2026-09-06T01:26:05.811+0000] {processor.py:830} INFO - Processing file /opt/airflow/dags/silver_processing_dag.py for tasks to queue
[2026-09-06T01:26:05.820+0000] {logging_mixin.py:188} INFO - [2026-09-06T01:26:05.819+0000] {dagbag.py:545} INFO - Filling up the DagBag from /opt/airflow/dags/silver_processing_dag.py
[2026-09-06T01:26:05.891+0000] {processor.py:840} INFO - DAG(s) 'process_silver_layer' retrieved from /opt/airflow/dags/silver_processing_dag.py
[2026-09-06T01:26:06.000+0000] {logging_mixin.py:188} INFO - [2026-09-06T01:26:05.999+0000] {dag.py:3096} INFO - Sync 1 DAGs
[2026-09-06T01:26:06.139+0000] {logging_mixin.py:188} INFO - [2026-09-06T01:26:06.139+0000] {dag.py:3954} INFO - Setting next_dagrun for process_silver_layer to None, run_after=None
[2026-09-06T01:26:06.231+0000] {processor.py:183} INFO - Processing /opt/airflow/dags/silver_processing_dag.py took 0.451 seconds
[2026-09-06T01:26:36.802+0000] {processor.py:161} INFO - Started process (PID=22928) to work on /opt/airflow/dags/silver_processing_dag.py
[2026-09-06T01:26:36.817+0000] {processor.py:830} INFO - Processing file /opt/airflow/dags/silver_processing_dag.py for tasks to queue
[2026-09-06T01:26:36.831+0000] {logging_mixin.py:188} INFO - [2026-09-06T01:26:36.830+0000] {dagbag.py:545} INFO - Filling up the DagBag from /opt/airflow/dags/silver_processing_dag.py
[2026-09-06T01:26:36.921+0000] {processor.py:840} INFO - DAG(s) 'process_silver_layer' retrieved from /opt/airflow/dags/silver_processing_dag.py
[2026-09-06T01:26:37.056+0000] {logging_mixin.py:188} INFO - [2026-09-06T01:26:37.055+0000] {dag.py:3096} INFO - Sync 1 DAGs
[2026-09-06T01:26:37.185+0000] {logging_mixin.py:188} INFO - [2026-09-06T01:26:37.184+0000] {dag.py:3954} INFO - Setting next_dagrun for process_silver_layer to None, run_after=None
[2026-09-06T01:26:37.303+0000] {processor.py:183} INFO - Processing /opt/airflow/dags/silver_processing_dag.py took 0.546 seconds
[2026-09-06T01:27:07.883+0000] {processor.py:161} INFO - Started process (PID=22943) to work on /opt/airflow/dags/silver_processing_dag.py
[2026-09-06T01:27:07.886+0000] {processor.py:830} INFO - Processing file /opt/airflow/dags/silver_processing_dag.py for tasks to queue
[2026-09-06T01:27:07.895+0000] {logging_mixin.py:188} INFO - [2026-09-06T01:27:07.894+0000] {dagbag.py:545} INFO - Filling up the DagBag from /opt/airflow/dags/silver_processing_dag.py
[2026-09-06T01:27:07.952+0000] {processor.py:840} INFO - DAG(s) 'process_silver_layer' retrieved from /opt/airflow/dags/silver_processing_dag.py
[2026-09-06T01:27:08.033+0000] {logging_mixin.py:188} INFO - [2026-09-06T01:27:08.033+0000] {dag.py:3096} INFO - Sync 1 DAGs
[2026-09-06T01:27:08.094+0000] {logging_mixin.py:188} INFO - [2026-09-06T01:27:08.094+0000] {dag.py:3954} INFO - Setting next_dagrun for process_silver_layer to None, run_after=None
[2026-09-06T01:27:08.163+0000] {processor.py:183} INFO - Processing /opt/airflow/dags/silver_processing_dag.py took 0.306 seconds
[2026-09-06T01:27:38.628+0000] {processor.py:161} INFO - Started process (PID=22958) to work on /opt/airflow/dags/silver_processing_dag.py
[2026-09-06T01:27:38.633+0000] {processor.py:830} INFO - Processing file /opt/airflow/dags/silver_processing_dag.py for tasks to queue
[2026-09-06T01:27:38.641+0000] {logging_mixin.py:188} INFO - [2026-09-06T01:27:38.640+0000] {dagbag.py:545} INFO - Filling up the DagBag from /opt/airflow/dags/silver_processing_dag.py
[2026-09-06T01:27:38.708+0000] {processor.py:840} INFO - DAG(s) 'process_silver_layer' retrieved from /opt/airflow/dags/silver_processing_dag.py
[2026-09-06T01:27:38.800+0000] {logging_mixin.py:188} INFO - [2026-09-06T01:27:38.799+0000] {dag.py:3096} INFO - Sync 1 DAGs
[2026-09-06T01:27:38.850+0000] {logging_mixin.py:188} INFO - [2026-09-06T01:27:38.849+0000] {dag.py:3954} INFO - Setting next_dagrun for process_silver_layer to None, run_after=None
[2026-09-06T01:27:38.901+0000] {processor.py:183} INFO - Processing /opt/airflow/dags/silver_processing_dag.py took 0.300 seconds
[2026-09-06T01:28:09.442+0000] {processor.py:161} INFO - Started process (PID=22973) to work on /opt/airflow/dags/silver_processing_dag.py
[2026-09-06T01:28:09.445+0000] {processor.py:830} INFO - Processing file /opt/airflow/dags/silver_processing_dag.py for tasks to queue
[2026-09-06T01:28:09.453+0000] {logging_mixin.py:188} INFO - [2026-09-06T01:28:09.451+0000] {dagbag.py:545} INFO - Filling up the DagBag from /opt/airflow/dags/silver_processing_dag.py
[2026-09-06T01:28:09.514+0000] {processor.py:840} INFO - DAG(s) 'process_silver_layer' retrieved from /opt/airflow/dags/silver_processing_dag.py
[2026-09-06T01:28:09.583+0000] {logging_mixin.py:188} INFO - [2026-09-06T01:28:09.583+0000] {dag.py:3096} INFO - Sync 1 DAGs
[2026-09-06T01:28:09.638+0000] {logging_mixin.py:188} INFO - [2026-09-06T01:28:09.637+0000] {dag.py:3954} INFO - Setting next_dagrun for process_silver_layer to None, run_after=None
[2026-09-06T01:28:09.722+0000] {processor.py:183} INFO - Processing /opt/airflow/dags/silver_processing_dag.py took 0.313 seconds
[2026-09-06T01:28:40.267+0000] {processor.py:161} INFO - Started process (PID=22990) to work on /opt/airflow/dags/silver_processing_dag.py
[2026-09-06T01:28:40.269+0000] {processor.py:830} INFO - Processing file /opt/airflow/dags/silver_processing_dag.py for tasks to queue
[2026-09-06T01:28:40.278+0000] {logging_mixin.py:188} INFO - [2026-09-06T01:28:40.277+0000] {dagbag.py:545} INFO - Filling up the DagBag from /opt/airflow/dags/silver_processing_dag.py
[2026-09-06T01:28:40.327+0000] {processor.py:840} INFO - DAG(s) 'process_silver_layer' retrieved from /opt/airflow/dags/silver_processing_dag.py
[2026-09-06T01:28:40.391+0000] {logging_mixin.py:188} INFO - [2026-09-06T01:28:40.391+0000] {dag.py:3096} INFO - Sync 1 DAGs
[2026-09-06T01:28:40.435+0000] {logging_mixin.py:188} INFO - [2026-09-06T01:28:40.435+0000] {dag.py:3954} INFO - Setting next_dagrun for process_silver_layer to None, run_after=None
[2026-09-06T01:28:40.522+0000] {processor.py:183} INFO - Processing /opt/airflow/dags/silver_processing_dag.py took 0.271 seconds
[2026-09-06T01:29:11.000+0000] {processor.py:161} INFO - Started process (PID=23003) to work on /opt/airflow/dags/silver_processing_dag.py
[2026-09-06T01:29:11.003+0000] {processor.py:830} INFO - Processing file /opt/airflow/dags/silver_processing_dag.py for tasks to queue
[2026-09-06T01:29:11.011+0000] {logging_mixin.py:188} INFO - [2026-09-06T01:29:11.010+0000] {dagbag.py:545} INFO - Filling up the DagBag from /opt/airflow/dags/silver_processing_dag.py
[2026-09-06T01:29:11.069+0000] {processor.py:840} INFO - DAG(s) 'process_silver_layer' retrieved from /opt/airflow/dags/silver_processing_dag.py
[2026-09-06T01:29:11.140+0000] {logging_mixin.py:188} INFO - [2026-09-06T01:29:11.139+0000] {dag.py:3096} INFO - Sync 1 DAGs
[2026-09-06T01:29:11.184+0000] {logging_mixin.py:188} INFO - [2026-09-06T01:29:11.184+0000] {dag.py:3954} INFO - Setting next_dagrun for process_silver_layer to None, run_after=None
[2026-09-06T01:29:11.256+0000] {processor.py:183} INFO - Processing /opt/airflow/dags/silver_processing_dag.py took 0.278 seconds
[2026-09-06T01:29:41.704+0000] {processor.py:161} INFO - Started process (PID=23018) to work on /opt/airflow/dags/silver_processing_dag.py
[2026-09-06T01:29:41.707+0000] {processor.py:830} INFO - Processing file /opt/airflow/dags/silver_processing_dag.py for tasks to queue
[2026-09-06T01:29:41.714+0000] {logging_mixin.py:188} INFO - [2026-09-06T01:29:41.713+0000] {dagbag.py:545} INFO - Filling up the DagBag from /opt/airflow/dags/silver_processing_dag.py
[2026-09-06T01:29:41.771+0000] {processor.py:840} INFO - DAG(s) 'process_silver_layer' retrieved from /opt/airflow/dags/silver_processing_dag.py
[2026-09-06T01:29:41.855+0000] {logging_mixin.py:188} INFO - [2026-09-06T01:29:41.855+0000] {dag.py:3096} INFO - Sync 1 DAGs
[2026-09-06T01:29:41.905+0000] {logging_mixin.py:188} INFO - [2026-09-06T01:29:41.904+0000] {dag.py:3954} INFO - Setting next_dagrun for process_silver_layer to None, run_after=None
[2026-09-06T01:29:41.972+0000] {processor.py:183} INFO - Processing /opt/airflow/dags/silver_processing_dag.py took 0.293 seconds
[2026-09-06T01:30:12.469+0000] {processor.py:161} INFO - Started process (PID=23033) to work on /opt/airflow/dags/silver_processing_dag.py
[2026-09-06T01:30:12.475+0000] {processor.py:830} INFO - Processing file /opt/airflow/dags/silver_processing_dag.py for tasks to queue
[2026-09-06T01:30:12.483+0000] {logging_mixin.py:188} INFO - [2026-09-06T01:30:12.482+0000] {dagbag.py:545} INFO - Filling up the DagBag from /opt/airflow/dags/silver_processing_dag.py
[2026-09-06T01:30:12.551+0000] {processor.py:840} INFO - DAG(s) 'process_silver_layer' retrieved from /opt/airflow/dags/silver_processing_dag.py
[2026-09-06T01:30:12.619+0000] {logging_mixin.py:188} INFO - [2026-09-06T01:30:12.618+0000] {dag.py:3096} INFO - Sync 1 DAGs
[2026-09-06T01:30:12.660+0000] {logging_mixin.py:188} INFO - [2026-09-06T01:30:12.660+0000] {dag.py:3954} INFO - Setting next_dagrun for process_silver_layer to None, run_after=None
[2026-09-06T01:30:12.722+0000] {processor.py:183} INFO - Processing /opt/airflow/dags/silver_processing_dag.py took 0.275 seconds
[2026-09-06T01:30:43.362+0000] {processor.py:161} INFO - Started process (PID=23048) to work on /opt/airflow/dags/silver_processing_dag.py
[2026-09-06T01:30:43.366+0000] {processor.py:830} INFO - Processing file /opt/airflow/dags/silver_processing_dag.py for tasks to queue
[2026-09-06T01:30:43.375+0000] {logging_mixin.py:188} INFO - [2026-09-06T01:30:43.373+0000] {dagbag.py:545} INFO - Filling up the DagBag from /opt/airflow/dags/silver_processing_dag.py
[2026-09-06T01:30:43.436+0000] {processor.py:840} INFO - DAG(s) 'process_silver_layer' retrieved from /opt/airflow/dags/silver_processing_dag.py
[2026-09-06T01:30:43.533+0000] {logging_mixin.py:188} INFO - [2026-09-06T01:30:43.532+0000] {dag.py:3096} INFO - Sync 1 DAGs
[2026-09-06T01:30:43.607+0000] {logging_mixin.py:188} INFO - [2026-09-06T01:30:43.607+0000] {dag.py:3954} INFO - Setting next_dagrun for process_silver_layer to None, run_after=None
[2026-09-06T01:30:43.677+0000] {processor.py:183} INFO - Processing /opt/airflow/dags/silver_processing_dag.py took 0.334 seconds
[2026-09-06T01:31:14.640+0000] {processor.py:161} INFO - Started process (PID=23063) to work on /opt/airflow/dags/silver_processing_dag.py
[2026-09-06T01:31:14.643+0000] {processor.py:830} INFO - Processing file /opt/airflow/dags/silver_processing_dag.py for tasks to queue
[2026-09-06T01:31:14.661+0000] {logging_mixin.py:188} INFO - [2026-09-06T01:31:14.660+0000] {dagbag.py:545} INFO - Filling up the DagBag from /opt/airflow/dags/silver_processing_dag.py
[2026-09-06T01:31:14.900+0000] {processor.py:840} INFO - DAG(s) 'process_silver_layer' retrieved from /opt/airflow/dags/silver_processing_dag.py
[2026-09-06T01:31:15.082+0000] {logging_mixin.py:188} INFO - [2026-09-06T01:31:15.082+0000] {dag.py:3096} INFO - Sync 1 DAGs
[2026-09-06T01:31:15.160+0000] {logging_mixin.py:188} INFO - [2026-09-06T01:31:15.160+0000] {dag.py:3954} INFO - Setting next_dagrun for process_silver_layer to None, run_after=None
[2026-09-06T01:31:15.252+0000] {processor.py:183} INFO - Processing /opt/airflow/dags/silver_processing_dag.py took 0.664 seconds
[2026-09-06T01:31:45.740+0000] {processor.py:161} INFO - Started process (PID=23078) to work on /opt/airflow/dags/silver_processing_dag.py
[2026-09-06T01:31:45.743+0000] {processor.py:830} INFO - Processing file /opt/airflow/dags/silver_processing_dag.py for tasks to queue
[2026-09-06T01:31:45.755+0000] {logging_mixin.py:188} INFO - [2026-09-06T01:31:45.753+0000] {dagbag.py:545} INFO - Filling up the DagBag from /opt/airflow/dags/silver_processing_dag.py
[2026-09-06T01:31:45.815+0000] {processor.py:840} INFO - DAG(s) 'process_silver_layer' retrieved from /opt/airflow/dags/silver_processing_dag.py
[2026-09-06T01:31:45.909+0000] {logging_mixin.py:188} INFO - [2026-09-06T01:31:45.908+0000] {dag.py:3096} INFO - Sync 1 DAGs
[2026-09-06T01:31:45.953+0000] {logging_mixin.py:188} INFO - [2026-09-06T01:31:45.953+0000] {dag.py:3954} INFO - Setting next_dagrun for process_silver_layer to None, run_after=None
[2026-09-06T01:31:46.028+0000] {processor.py:183} INFO - Processing /opt/airflow/dags/silver_processing_dag.py took 0.316 seconds
[2026-09-06T01:32:16.576+0000] {processor.py:161} INFO - Started process (PID=23093) to work on /opt/airflow/dags/silver_processing_dag.py
[2026-09-06T01:32:16.580+0000] {processor.py:830} INFO - Processing file /opt/airflow/dags/silver_processing_dag.py for tasks to queue
[2026-09-06T01:32:16.597+0000] {logging_mixin.py:188} INFO - [2026-09-06T01:32:16.596+0000] {dagbag.py:545} INFO - Filling up the DagBag from /opt/airflow/dags/silver_processing_dag.py
[2026-09-06T01:32:16.663+0000] {processor.py:840} INFO - DAG(s) 'process_silver_layer' retrieved from /opt/airflow/dags/silver_processing_dag.py
[2026-09-06T01:32:16.756+0000] {logging_mixin.py:188} INFO - [2026-09-06T01:32:16.756+0000] {dag.py:3096} INFO - Sync 1 DAGs
[2026-09-06T01:32:16.843+0000] {logging_mixin.py:188} INFO - [2026-09-06T01:32:16.842+0000] {dag.py:3954} INFO - Setting next_dagrun for process_silver_layer to None, run_after=None
[2026-09-06T01:32:16.928+0000] {processor.py:183} INFO - Processing /opt/airflow/dags/silver_processing_dag.py took 0.383 seconds
[2026-09-06T01:32:47.336+0000] {processor.py:161} INFO - Started process (PID=23108) to work on /opt/airflow/dags/silver_processing_dag.py
[2026-09-06T01:32:47.340+0000] {processor.py:830} INFO - Processing file /opt/airflow/dags/silver_processing_dag.py for tasks to queue
[2026-09-06T01:32:47.352+0000] {logging_mixin.py:188} INFO - [2026-09-06T01:32:47.349+0000] {dagbag.py:545} INFO - Filling up the DagBag from /opt/airflow/dags/silver_processing_dag.py
[2026-09-06T01:32:47.416+0000] {processor.py:840} INFO - DAG(s) 'process_silver_layer' retrieved from /opt/airflow/dags/silver_processing_dag.py
[2026-09-06T01:32:47.495+0000] {logging_mixin.py:188} INFO - [2026-09-06T01:32:47.495+0000] {dag.py:3096} INFO - Sync 1 DAGs
[2026-09-06T01:32:47.539+0000] {logging_mixin.py:188} INFO - [2026-09-06T01:32:47.539+0000] {dag.py:3954} INFO - Setting next_dagrun for process_silver_layer to None, run_after=None
[2026-09-06T01:32:47.610+0000] {processor.py:183} INFO - Processing /opt/airflow/dags/silver_processing_dag.py took 0.305 seconds
[2026-09-06T01:33:18.102+0000] {processor.py:161} INFO - Started process (PID=23123) to work on /opt/airflow/dags/silver_processing_dag.py
[2026-09-06T01:33:18.105+0000] {processor.py:830} INFO - Processing file /opt/airflow/dags/silver_processing_dag.py for tasks to queue
[2026-09-06T01:33:18.115+0000] {logging_mixin.py:188} INFO - [2026-09-06T01:33:18.114+0000] {dagbag.py:545} INFO - Filling up the DagBag from /opt/airflow/dags/silver_processing_dag.py
[2026-09-06T01:33:18.173+0000] {processor.py:840} INFO - DAG(s) 'process_silver_layer' retrieved from /opt/airflow/dags/silver_processing_dag.py
[2026-09-06T01:33:18.252+0000] {logging_mixin.py:188} INFO - [2026-09-06T01:33:18.251+0000] {dag.py:3096} INFO - Sync 1 DAGs
[2026-09-06T01:33:18.300+0000] {logging_mixin.py:188} INFO - [2026-09-06T01:33:18.300+0000] {dag.py:3954} INFO - Setting next_dagrun for process_silver_layer to None, run_after=None
[2026-09-06T01:33:18.367+0000] {processor.py:183} INFO - Processing /opt/airflow/dags/silver_processing_dag.py took 0.289 seconds
[2026-09-06T01:33:48.872+0000] {processor.py:161} INFO - Started process (PID=23138) to work on /opt/airflow/dags/silver_processing_dag.py
[2026-09-06T01:33:48.884+0000] {processor.py:830} INFO - Processing file /opt/airflow/dags/silver_processing_dag.py for tasks to queue
[2026-09-06T01:33:48.891+0000] {logging_mixin.py:188} INFO - [2026-09-06T01:33:48.890+0000] {dagbag.py:545} INFO - Filling up the DagBag from /opt/airflow/dags/silver_processing_dag.py
[2026-09-06T01:33:48.953+0000] {processor.py:840} INFO - DAG(s) 'process_silver_layer' retrieved from /opt/airflow/dags/silver_processing_dag.py
[2026-09-06T01:33:49.023+0000] {logging_mixin.py:188} INFO - [2026-09-06T01:33:49.023+0000] {dag.py:3096} INFO - Sync 1 DAGs
[2026-09-06T01:33:49.063+0000] {logging_mixin.py:188} INFO - [2026-09-06T01:33:49.063+0000] {dag.py:3954} INFO - Setting next_dagrun for process_silver_layer to None, run_after=None
[2026-09-06T01:33:49.119+0000] {processor.py:183} INFO - Processing /opt/airflow/dags/silver_processing_dag.py took 0.287 seconds
[2026-09-06T01:34:19.632+0000] {processor.py:161} INFO - Started process (PID=23153) to work on /opt/airflow/dags/silver_processing_dag.py
[2026-09-06T01:34:19.636+0000] {processor.py:830} INFO - Processing file /opt/airflow/dags/silver_processing_dag.py for tasks to queue
[2026-09-06T01:34:19.645+0000] {logging_mixin.py:188} INFO - [2026-09-06T01:34:19.644+0000] {dagbag.py:545} INFO - Filling up the DagBag from /opt/airflow/dags/silver_processing_dag.py
[2026-09-06T01:34:19.755+0000] {processor.py:840} INFO - DAG(s) 'process_silver_layer' retrieved from /opt/airflow/dags/silver_processing_dag.py
[2026-09-06T01:34:19.829+0000] {logging_mixin.py:188} INFO - [2026-09-06T01:34:19.828+0000] {dag.py:3096} INFO - Sync 1 DAGs
[2026-09-06T01:34:19.881+0000] {logging_mixin.py:188} INFO - [2026-09-06T01:34:19.881+0000] {dag.py:3954} INFO - Setting next_dagrun for process_silver_layer to None, run_after=None
[2026-09-06T01:34:19.939+0000] {processor.py:183} INFO - Processing /opt/airflow/dags/silver_processing_dag.py took 0.328 seconds
[2026-09-06T01:34:50.358+0000] {processor.py:161} INFO - Started process (PID=23168) to work on /opt/airflow/dags/silver_processing_dag.py
[2026-09-06T01:34:50.362+0000] {processor.py:830} INFO - Processing file /opt/airflow/dags/silver_processing_dag.py for tasks to queue
[2026-09-06T01:34:50.371+0000] {logging_mixin.py:188} INFO - [2026-09-06T01:34:50.370+0000] {dagbag.py:545} INFO - Filling up the DagBag from /opt/airflow/dags/silver_processing_dag.py
[2026-09-06T01:34:50.431+0000] {processor.py:840} INFO - DAG(s) 'process_silver_layer' retrieved from /opt/airflow/dags/silver_processing_dag.py
[2026-09-06T01:34:50.522+0000] {logging_mixin.py:188} INFO - [2026-09-06T01:34:50.522+0000] {dag.py:3096} INFO - Sync 1 DAGs
[2026-09-06T01:34:50.577+0000] {logging_mixin.py:188} INFO - [2026-09-06T01:34:50.576+0000] {dag.py:3954} INFO - Setting next_dagrun for process_silver_layer to None, run_after=None
[2026-09-06T01:34:50.642+0000] {processor.py:183} INFO - Processing /opt/airflow/dags/silver_processing_dag.py took 0.305 seconds
[2026-09-06T01:35:21.102+0000] {processor.py:161} INFO - Started process (PID=23183) to work on /opt/airflow/dags/silver_processing_dag.py
[2026-09-06T01:35:21.106+0000] {processor.py:830} INFO - Processing file /opt/airflow/dags/silver_processing_dag.py for tasks to queue
[2026-09-06T01:35:21.113+0000] {logging_mixin.py:188} INFO - [2026-09-06T01:35:21.113+0000] {dagbag.py:545} INFO - Filling up the DagBag from /opt/airflow/dags/silver_processing_dag.py
[2026-09-06T01:35:21.176+0000] {processor.py:840} INFO - DAG(s) 'process_silver_layer' retrieved from /opt/airflow/dags/silver_processing_dag.py
[2026-09-06T01:35:21.293+0000] {logging_mixin.py:188} INFO - [2026-09-06T01:35:21.293+0000] {dag.py:3096} INFO - Sync 1 DAGs
[2026-09-06T01:35:21.373+0000] {logging_mixin.py:188} INFO - [2026-09-06T01:35:21.372+0000] {dag.py:3954} INFO - Setting next_dagrun for process_silver_layer to None, run_after=None
[2026-09-06T01:35:21.435+0000] {processor.py:183} INFO - Processing /opt/airflow/dags/silver_processing_dag.py took 0.362 seconds
[2026-09-06T01:35:52.064+0000] {processor.py:161} INFO - Started process (PID=23198) to work on /opt/airflow/dags/silver_processing_dag.py
[2026-09-06T01:35:52.067+0000] {processor.py:830} INFO - Processing file /opt/airflow/dags/silver_processing_dag.py for tasks to queue
[2026-09-06T01:35:52.077+0000] {logging_mixin.py:188} INFO - [2026-09-06T01:35:52.076+0000] {dagbag.py:545} INFO - Filling up the DagBag from /opt/airflow/dags/silver_processing_dag.py
[2026-09-06T01:35:52.137+0000] {processor.py:840} INFO - DAG(s) 'process_silver_layer' retrieved from /opt/airflow/dags/silver_processing_dag.py
[2026-09-06T01:35:52.215+0000] {logging_mixin.py:188} INFO - [2026-09-06T01:35:52.214+0000] {dag.py:3096} INFO - Sync 1 DAGs
[2026-09-06T01:35:52.280+0000] {logging_mixin.py:188} INFO - [2026-09-06T01:35:52.279+0000] {dag.py:3954} INFO - Setting next_dagrun for process_silver_layer to None, run_after=None
[2026-09-06T01:35:52.347+0000] {processor.py:183} INFO - Processing /opt/airflow/dags/silver_processing_dag.py took 0.314 seconds
[2026-09-06T01:36:23.151+0000] {processor.py:161} INFO - Started process (PID=23213) to work on /opt/airflow/dags/silver_processing_dag.py
[2026-09-06T01:36:23.155+0000] {processor.py:830} INFO - Processing file /opt/airflow/dags/silver_processing_dag.py for tasks to queue
[2026-09-06T01:36:23.164+0000] {logging_mixin.py:188} INFO - [2026-09-06T01:36:23.163+0000] {dagbag.py:545} INFO - Filling up the DagBag from /opt/airflow/dags/silver_processing_dag.py
[2026-09-06T01:36:23.246+0000] {processor.py:840} INFO - DAG(s) 'process_silver_layer' retrieved from /opt/airflow/dags/silver_processing_dag.py
[2026-09-06T01:36:23.385+0000] {logging_mixin.py:188} INFO - [2026-09-06T01:36:23.383+0000] {dag.py:3096} INFO - Sync 1 DAGs
[2026-09-06T01:36:23.470+0000] {logging_mixin.py:188} INFO - [2026-09-06T01:36:23.469+0000] {dag.py:3954} INFO - Setting next_dagrun for process_silver_layer to None, run_after=None
[2026-09-06T01:36:23.641+0000] {processor.py:183} INFO - Processing /opt/airflow/dags/silver_processing_dag.py took 0.510 seconds
[2026-09-06T01:36:54.447+0000] {processor.py:161} INFO - Started process (PID=23228) to work on /opt/airflow/dags/silver_processing_dag.py
[2026-09-06T01:36:54.477+0000] {processor.py:830} INFO - Processing file /opt/airflow/dags/silver_processing_dag.py for tasks to queue
[2026-09-06T01:36:54.496+0000] {logging_mixin.py:188} INFO - [2026-09-06T01:36:54.495+0000] {dagbag.py:545} INFO - Filling up the DagBag from /opt/airflow/dags/silver_processing_dag.py
[2026-09-06T01:36:54.715+0000] {processor.py:840} INFO - DAG(s) 'process_silver_layer' retrieved from /opt/airflow/dags/silver_processing_dag.py
[2026-09-06T01:36:54.858+0000] {logging_mixin.py:188} INFO - [2026-09-06T01:36:54.857+0000] {dag.py:3096} INFO - Sync 1 DAGs
[2026-09-06T01:36:55.001+0000] {logging_mixin.py:188} INFO - [2026-09-06T01:36:55.001+0000] {dag.py:3954} INFO - Setting next_dagrun for process_silver_layer to None, run_after=None
[2026-09-06T01:36:55.129+0000] {processor.py:183} INFO - Processing /opt/airflow/dags/silver_processing_dag.py took 0.732 seconds
[2026-09-06T01:37:25.790+0000] {processor.py:161} INFO - Started process (PID=23243) to work on /opt/airflow/dags/silver_processing_dag.py
[2026-09-06T01:37:25.793+0000] {processor.py:830} INFO - Processing file /opt/airflow/dags/silver_processing_dag.py for tasks to queue
[2026-09-06T01:37:25.801+0000] {logging_mixin.py:188} INFO - [2026-09-06T01:37:25.800+0000] {dagbag.py:545} INFO - Filling up the DagBag from /opt/airflow/dags/silver_processing_dag.py
[2026-09-06T01:37:25.919+0000] {processor.py:840} INFO - DAG(s) 'process_silver_layer' retrieved from /opt/airflow/dags/silver_processing_dag.py
[2026-09-06T01:37:26.009+0000] {logging_mixin.py:188} INFO - [2026-09-06T01:37:26.008+0000] {dag.py:3096} INFO - Sync 1 DAGs
[2026-09-06T01:37:26.077+0000] {logging_mixin.py:188} INFO - [2026-09-06T01:37:26.077+0000] {dag.py:3954} INFO - Setting next_dagrun for process_silver_layer to None, run_after=None
[2026-09-06T01:37:26.177+0000] {processor.py:183} INFO - Processing /opt/airflow/dags/silver_processing_dag.py took 0.426 seconds
[2026-09-06T01:37:56.668+0000] {processor.py:161} INFO - Started process (PID=23258) to work on /opt/airflow/dags/silver_processing_dag.py
[2026-09-06T01:37:56.672+0000] {processor.py:830} INFO - Processing file /opt/airflow/dags/silver_processing_dag.py for tasks to queue
[2026-09-06T01:37:56.707+0000] {logging_mixin.py:188} INFO - [2026-09-06T01:37:56.706+0000] {dagbag.py:545} INFO - Filling up the DagBag from /opt/airflow/dags/silver_processing_dag.py
[2026-09-06T01:37:56.819+0000] {processor.py:840} INFO - DAG(s) 'process_silver_layer' retrieved from /opt/airflow/dags/silver_processing_dag.py
[2026-09-06T01:37:56.946+0000] {logging_mixin.py:188} INFO - [2026-09-06T01:37:56.945+0000] {dag.py:3096} INFO - Sync 1 DAGs
[2026-09-06T01:37:57.039+0000] {logging_mixin.py:188} INFO - [2026-09-06T01:37:57.038+0000] {dag.py:3954} INFO - Setting next_dagrun for process_silver_layer to None, run_after=None
[2026-09-06T01:37:57.368+0000] {processor.py:183} INFO - Processing /opt/airflow/dags/silver_processing_dag.py took 0.730 seconds
[2026-09-06T01:38:28.147+0000] {processor.py:161} INFO - Started process (PID=23273) to work on /opt/airflow/dags/silver_processing_dag.py
[2026-09-06T01:38:28.152+0000] {processor.py:830} INFO - Processing file /opt/airflow/dags/silver_processing_dag.py for tasks to queue
[2026-09-06T01:38:28.174+0000] {logging_mixin.py:188} INFO - [2026-09-06T01:38:28.173+0000] {dagbag.py:545} INFO - Filling up the DagBag from /opt/airflow/dags/silver_processing_dag.py
[2026-09-06T01:38:28.277+0000] {processor.py:840} INFO - DAG(s) 'process_silver_layer' retrieved from /opt/airflow/dags/silver_processing_dag.py
[2026-09-06T01:38:28.360+0000] {logging_mixin.py:188} INFO - [2026-09-06T01:38:28.360+0000] {dag.py:3096} INFO - Sync 1 DAGs
[2026-09-06T01:38:28.412+0000] {logging_mixin.py:188} INFO - [2026-09-06T01:38:28.411+0000] {dag.py:3954} INFO - Setting next_dagrun for process_silver_layer to None, run_after=None
[2026-09-06T01:38:28.485+0000] {processor.py:183} INFO - Processing /opt/airflow/dags/silver_processing_dag.py took 0.388 seconds
[2026-09-06T01:38:59.116+0000] {processor.py:161} INFO - Started process (PID=23288) to work on /opt/airflow/dags/silver_processing_dag.py
[2026-09-06T01:38:59.124+0000] {processor.py:830} INFO - Processing file /opt/airflow/dags/silver_processing_dag.py for tasks to queue
[2026-09-06T01:38:59.140+0000] {logging_mixin.py:188} INFO - [2026-09-06T01:38:59.134+0000] {dagbag.py:545} INFO - Filling up the DagBag from /opt/airflow/dags/silver_processing_dag.py
[2026-09-06T01:38:59.214+0000] {processor.py:840} INFO - DAG(s) 'process_silver_layer' retrieved from /opt/airflow/dags/silver_processing_dag.py
[2026-09-06T01:38:59.299+0000] {logging_mixin.py:188} INFO - [2026-09-06T01:38:59.298+0000] {dag.py:3096} INFO - Sync 1 DAGs
[2026-09-06T01:38:59.354+0000] {logging_mixin.py:188} INFO - [2026-09-06T01:38:59.353+0000] {dag.py:3954} INFO - Setting next_dagrun for process_silver_layer to None, run_after=None
[2026-09-06T01:38:59.422+0000] {processor.py:183} INFO - Processing /opt/airflow/dags/silver_processing_dag.py took 0.334 seconds
[2026-09-06T01:39:29.956+0000] {processor.py:161} INFO - Started process (PID=23303) to work on /opt/airflow/dags/silver_processing_dag.py
[2026-09-06T01:39:29.960+0000] {processor.py:830} INFO - Processing file /opt/airflow/dags/silver_processing_dag.py for tasks to queue
[2026-09-06T01:39:29.967+0000] {logging_mixin.py:188} INFO - [2026-09-06T01:39:29.966+0000] {dagbag.py:545} INFO - Filling up the DagBag from /opt/airflow/dags/silver_processing_dag.py
[2026-09-06T01:39:30.038+0000] {processor.py:840} INFO - DAG(s) 'process_silver_layer' retrieved from /opt/airflow/dags/silver_processing_dag.py
[2026-09-06T01:39:30.127+0000] {logging_mixin.py:188} INFO - [2026-09-06T01:39:30.126+0000] {dag.py:3096} INFO - Sync 1 DAGs
[2026-09-06T01:39:30.172+0000] {logging_mixin.py:188} INFO - [2026-09-06T01:39:30.171+0000] {dag.py:3954} INFO - Setting next_dagrun for process_silver_layer to None, run_after=None
[2026-09-06T01:39:30.266+0000] {processor.py:183} INFO - Processing /opt/airflow/dags/silver_processing_dag.py took 0.338 seconds
[2026-09-06T01:40:00.788+0000] {processor.py:161} INFO - Started process (PID=23318) to work on /opt/airflow/dags/silver_processing_dag.py
[2026-09-06T01:40:00.793+0000] {processor.py:830} INFO - Processing file /opt/airflow/dags/silver_processing_dag.py for tasks to queue
[2026-09-06T01:40:00.802+0000] {logging_mixin.py:188} INFO - [2026-09-06T01:40:00.801+0000] {dagbag.py:545} INFO - Filling up the DagBag from /opt/airflow/dags/silver_processing_dag.py
[2026-09-06T01:40:00.911+0000] {processor.py:840} INFO - DAG(s) 'process_silver_layer' retrieved from /opt/airflow/dags/silver_processing_dag.py
[2026-09-06T01:40:01.039+0000] {logging_mixin.py:188} INFO - [2026-09-06T01:40:01.038+0000] {dag.py:3096} INFO - Sync 1 DAGs
[2026-09-06T01:40:01.098+0000] {logging_mixin.py:188} INFO - [2026-09-06T01:40:01.096+0000] {dag.py:3954} INFO - Setting next_dagrun for process_silver_layer to None, run_after=None
[2026-09-06T01:40:01.171+0000] {processor.py:183} INFO - Processing /opt/airflow/dags/silver_processing_dag.py took 0.409 seconds
[2026-09-06T01:40:32.186+0000] {processor.py:161} INFO - Started process (PID=23333) to work on /opt/airflow/dags/silver_processing_dag.py
[2026-09-06T01:40:32.189+0000] {processor.py:830} INFO - Processing file /opt/airflow/dags/silver_processing_dag.py for tasks to queue
[2026-09-06T01:40:32.202+0000] {logging_mixin.py:188} INFO - [2026-09-06T01:40:32.199+0000] {dagbag.py:545} INFO - Filling up the DagBag from /opt/airflow/dags/silver_processing_dag.py
[2026-09-06T01:40:32.275+0000] {processor.py:840} INFO - DAG(s) 'process_silver_layer' retrieved from /opt/airflow/dags/silver_processing_dag.py
[2026-09-06T01:40:32.347+0000] {logging_mixin.py:188} INFO - [2026-09-06T01:40:32.347+0000] {dag.py:3096} INFO - Sync 1 DAGs
[2026-09-06T01:40:32.395+0000] {logging_mixin.py:188} INFO - [2026-09-06T01:40:32.394+0000] {dag.py:3954} INFO - Setting next_dagrun for process_silver_layer to None, run_after=None
[2026-09-06T01:40:32.465+0000] {processor.py:183} INFO - Processing /opt/airflow/dags/silver_processing_dag.py took 0.310 seconds
[2026-09-06T01:41:02.986+0000] {processor.py:161} INFO - Started process (PID=23348) to work on /opt/airflow/dags/silver_processing_dag.py
[2026-09-06T01:41:02.993+0000] {processor.py:830} INFO - Processing file /opt/airflow/dags/silver_processing_dag.py for tasks to queue
[2026-09-06T01:41:03.002+0000] {logging_mixin.py:188} INFO - [2026-09-06T01:41:03.001+0000] {dagbag.py:545} INFO - Filling up the DagBag from /opt/airflow/dags/silver_processing_dag.py
[2026-09-06T01:41:03.062+0000] {processor.py:840} INFO - DAG(s) 'process_silver_layer' retrieved from /opt/airflow/dags/silver_processing_dag.py
[2026-09-06T01:41:03.133+0000] {logging_mixin.py:188} INFO - [2026-09-06T01:41:03.131+0000] {dag.py:3096} INFO - Sync 1 DAGs
[2026-09-06T01:41:03.185+0000] {logging_mixin.py:188} INFO - [2026-09-06T01:41:03.185+0000] {dag.py:3954} INFO - Setting next_dagrun for process_silver_layer to None, run_after=None
[2026-09-06T01:41:03.274+0000] {processor.py:183} INFO - Processing /opt/airflow/dags/silver_processing_dag.py took 0.310 seconds
[2026-09-06T01:41:33.443+0000] {processor.py:161} INFO - Started process (PID=23360) to work on /opt/airflow/dags/silver_processing_dag.py
[2026-09-06T01:41:33.451+0000] {processor.py:830} INFO - Processing file /opt/airflow/dags/silver_processing_dag.py for tasks to queue
[2026-09-06T01:41:33.457+0000] {logging_mixin.py:188} INFO - [2026-09-06T01:41:33.456+0000] {dagbag.py:545} INFO - Filling up the DagBag from /opt/airflow/dags/silver_processing_dag.py
[2026-09-06T01:41:33.506+0000] {processor.py:840} INFO - DAG(s) 'process_silver_layer' retrieved from /opt/airflow/dags/silver_processing_dag.py
[2026-09-06T01:41:33.575+0000] {logging_mixin.py:188} INFO - [2026-09-06T01:41:33.574+0000] {dag.py:3096} INFO - Sync 1 DAGs
[2026-09-06T01:41:33.626+0000] {logging_mixin.py:188} INFO - [2026-09-06T01:41:33.626+0000] {dag.py:3954} INFO - Setting next_dagrun for process_silver_layer to None, run_after=None
[2026-09-06T01:41:33.719+0000] {processor.py:183} INFO - Processing /opt/airflow/dags/silver_processing_dag.py took 0.293 seconds
[2026-09-06T01:42:03.889+0000] {processor.py:161} INFO - Started process (PID=23375) to work on /opt/airflow/dags/silver_processing_dag.py
[2026-09-06T01:42:03.892+0000] {processor.py:830} INFO - Processing file /opt/airflow/dags/silver_processing_dag.py for tasks to queue
[2026-09-06T01:42:03.902+0000] {logging_mixin.py:188} INFO - [2026-09-06T01:42:03.901+0000] {dagbag.py:545} INFO - Filling up the DagBag from /opt/airflow/dags/silver_processing_dag.py
[2026-09-06T01:42:03.944+0000] {processor.py:840} INFO - DAG(s) 'process_silver_layer' retrieved from /opt/airflow/dags/silver_processing_dag.py
[2026-09-06T01:42:03.999+0000] {logging_mixin.py:188} INFO - [2026-09-06T01:42:03.999+0000] {dag.py:3096} INFO - Sync 1 DAGs
[2026-09-06T01:42:04.033+0000] {logging_mixin.py:188} INFO - [2026-09-06T01:42:04.033+0000] {dag.py:3954} INFO - Setting next_dagrun for process_silver_layer to None, run_after=None
[2026-09-06T01:42:04.083+0000] {processor.py:183} INFO - Processing /opt/airflow/dags/silver_processing_dag.py took 0.211 seconds
[2026-09-06T01:42:35.094+0000] {processor.py:161} INFO - Started process (PID=23390) to work on /opt/airflow/dags/silver_processing_dag.py
[2026-09-06T01:42:35.105+0000] {processor.py:830} INFO - Processing file /opt/airflow/dags/silver_processing_dag.py for tasks to queue
[2026-09-06T01:42:35.128+0000] {logging_mixin.py:188} INFO - [2026-09-06T01:42:35.125+0000] {dagbag.py:545} INFO - Filling up the DagBag from /opt/airflow/dags/silver_processing_dag.py
[2026-09-06T01:42:35.183+0000] {processor.py:840} INFO - DAG(s) 'process_silver_layer' retrieved from /opt/airflow/dags/silver_processing_dag.py
[2026-09-06T01:42:35.307+0000] {logging_mixin.py:188} INFO - [2026-09-06T01:42:35.306+0000] {dag.py:3096} INFO - Sync 1 DAGs
[2026-09-06T01:42:35.431+0000] {logging_mixin.py:188} INFO - [2026-09-06T01:42:35.431+0000] {dag.py:3954} INFO - Setting next_dagrun for process_silver_layer to None, run_after=None
[2026-09-06T01:42:35.539+0000] {processor.py:183} INFO - Processing /opt/airflow/dags/silver_processing_dag.py took 0.521 seconds
[2026-09-06T01:43:05.830+0000] {processor.py:161} INFO - Started process (PID=23405) to work on /opt/airflow/dags/silver_processing_dag.py
[2026-09-06T01:43:05.832+0000] {processor.py:830} INFO - Processing file /opt/airflow/dags/silver_processing_dag.py for tasks to queue
[2026-09-06T01:43:05.837+0000] {logging_mixin.py:188} INFO - [2026-09-06T01:43:05.837+0000] {dagbag.py:545} INFO - Filling up the DagBag from /opt/airflow/dags/silver_processing_dag.py
[2026-09-06T01:43:05.895+0000] {processor.py:840} INFO - DAG(s) 'process_silver_layer' retrieved from /opt/airflow/dags/silver_processing_dag.py
[2026-09-06T01:43:05.988+0000] {logging_mixin.py:188} INFO - [2026-09-06T01:43:05.987+0000] {dag.py:3096} INFO - Sync 1 DAGs
[2026-09-06T01:43:06.035+0000] {logging_mixin.py:188} INFO - [2026-09-06T01:43:06.035+0000] {dag.py:3954} INFO - Setting next_dagrun for process_silver_layer to None, run_after=None
[2026-09-06T01:43:06.101+0000] {processor.py:183} INFO - Processing /opt/airflow/dags/silver_processing_dag.py took 0.290 seconds
[2026-09-06T01:43:36.354+0000] {processor.py:161} INFO - Started process (PID=23420) to work on /opt/airflow/dags/silver_processing_dag.py
[2026-09-06T01:43:36.357+0000] {processor.py:830} INFO - Processing file /opt/airflow/dags/silver_processing_dag.py for tasks to queue
[2026-09-06T01:43:36.365+0000] {logging_mixin.py:188} INFO - [2026-09-06T01:43:36.364+0000] {dagbag.py:545} INFO - Filling up the DagBag from /opt/airflow/dags/silver_processing_dag.py
[2026-09-06T01:43:36.423+0000] {processor.py:840} INFO - DAG(s) 'process_silver_layer' retrieved from /opt/airflow/dags/silver_processing_dag.py
[2026-09-06T01:43:36.484+0000] {logging_mixin.py:188} INFO - [2026-09-06T01:43:36.483+0000] {dag.py:3096} INFO - Sync 1 DAGs
[2026-09-06T01:43:36.520+0000] {logging_mixin.py:188} INFO - [2026-09-06T01:43:36.520+0000] {dag.py:3954} INFO - Setting next_dagrun for process_silver_layer to None, run_after=None
[2026-09-06T01:43:36.933+0000] {processor.py:183} INFO - Processing /opt/airflow/dags/silver_processing_dag.py took 0.599 seconds
[2026-09-06T01:44:07.156+0000] {processor.py:161} INFO - Started process (PID=23435) to work on /opt/airflow/dags/silver_processing_dag.py
[2026-09-06T01:44:07.159+0000] {processor.py:830} INFO - Processing file /opt/airflow/dags/silver_processing_dag.py for tasks to queue
[2026-09-06T01:44:07.166+0000] {logging_mixin.py:188} INFO - [2026-09-06T01:44:07.165+0000] {dagbag.py:545} INFO - Filling up the DagBag from /opt/airflow/dags/silver_processing_dag.py
[2026-09-06T01:44:07.231+0000] {processor.py:840} INFO - DAG(s) 'process_silver_layer' retrieved from /opt/airflow/dags/silver_processing_dag.py
[2026-09-06T01:44:07.325+0000] {logging_mixin.py:188} INFO - [2026-09-06T01:44:07.324+0000] {dag.py:3096} INFO - Sync 1 DAGs
[2026-09-06T01:44:07.370+0000] {logging_mixin.py:188} INFO - [2026-09-06T01:44:07.369+0000] {dag.py:3954} INFO - Setting next_dagrun for process_silver_layer to None, run_after=None
[2026-09-06T01:44:07.445+0000] {processor.py:183} INFO - Processing /opt/airflow/dags/silver_processing_dag.py took 0.314 seconds
[2026-09-06T01:44:38.353+0000] {processor.py:161} INFO - Started process (PID=23450) to work on /opt/airflow/dags/silver_processing_dag.py
[2026-09-06T01:44:38.358+0000] {processor.py:830} INFO - Processing file /opt/airflow/dags/silver_processing_dag.py for tasks to queue
[2026-09-06T01:44:38.366+0000] {logging_mixin.py:188} INFO - [2026-09-06T01:44:38.365+0000] {dagbag.py:545} INFO - Filling up the DagBag from /opt/airflow/dags/silver_processing_dag.py
[2026-09-06T01:44:38.423+0000] {processor.py:840} INFO - DAG(s) 'process_silver_layer' retrieved from /opt/airflow/dags/silver_processing_dag.py
[2026-09-06T01:44:38.489+0000] {logging_mixin.py:188} INFO - [2026-09-06T01:44:38.488+0000] {dag.py:3096} INFO - Sync 1 DAGs
[2026-09-06T01:44:38.534+0000] {logging_mixin.py:188} INFO - [2026-09-06T01:44:38.533+0000] {dag.py:3954} INFO - Setting next_dagrun for process_silver_layer to None, run_after=None
[2026-09-06T01:44:38.630+0000] {processor.py:183} INFO - Processing /opt/airflow/dags/silver_processing_dag.py took 0.293 seconds
[2026-09-06T01:45:09.319+0000] {processor.py:161} INFO - Started process (PID=23468) to work on /opt/airflow/dags/silver_processing_dag.py
[2026-09-06T01:45:09.326+0000] {processor.py:830} INFO - Processing file /opt/airflow/dags/silver_processing_dag.py for tasks to queue
[2026-09-06T01:45:09.335+0000] {logging_mixin.py:188} INFO - [2026-09-06T01:45:09.333+0000] {dagbag.py:545} INFO - Filling up the DagBag from /opt/airflow/dags/silver_processing_dag.py
[2026-09-06T01:45:09.401+0000] {processor.py:840} INFO - DAG(s) 'process_silver_layer' retrieved from /opt/airflow/dags/silver_processing_dag.py
[2026-09-06T01:45:09.499+0000] {logging_mixin.py:188} INFO - [2026-09-06T01:45:09.498+0000] {dag.py:3096} INFO - Sync 1 DAGs
[2026-09-06T01:45:09.649+0000] {logging_mixin.py:188} INFO - [2026-09-06T01:45:09.648+0000] {dag.py:3954} INFO - Setting next_dagrun for process_silver_layer to None, run_after=None
[2026-09-06T01:45:09.735+0000] {processor.py:183} INFO - Processing /opt/airflow/dags/silver_processing_dag.py took 0.443 seconds
[2026-09-06T01:45:40.320+0000] {processor.py:161} INFO - Started process (PID=23483) to work on /opt/airflow/dags/silver_processing_dag.py
[2026-09-06T01:45:40.323+0000] {processor.py:830} INFO - Processing file /opt/airflow/dags/silver_processing_dag.py for tasks to queue
[2026-09-06T01:45:40.339+0000] {logging_mixin.py:188} INFO - [2026-09-06T01:45:40.338+0000] {dagbag.py:545} INFO - Filling up the DagBag from /opt/airflow/dags/silver_processing_dag.py
[2026-09-06T01:45:40.404+0000] {processor.py:840} INFO - DAG(s) 'process_silver_layer' retrieved from /opt/airflow/dags/silver_processing_dag.py
[2026-09-06T01:45:40.475+0000] {logging_mixin.py:188} INFO - [2026-09-06T01:45:40.475+0000] {dag.py:3096} INFO - Sync 1 DAGs
[2026-09-06T01:45:40.523+0000] {logging_mixin.py:188} INFO - [2026-09-06T01:45:40.522+0000] {dag.py:3954} INFO - Setting next_dagrun for process_silver_layer to None, run_after=None
[2026-09-06T01:45:40.599+0000] {processor.py:183} INFO - Processing /opt/airflow/dags/silver_processing_dag.py took 0.313 seconds
[2026-09-06T01:46:11.162+0000] {processor.py:161} INFO - Started process (PID=23498) to work on /opt/airflow/dags/silver_processing_dag.py
[2026-09-06T01:46:11.169+0000] {processor.py:830} INFO - Processing file /opt/airflow/dags/silver_processing_dag.py for tasks to queue
[2026-09-06T01:46:11.178+0000] {logging_mixin.py:188} INFO - [2026-09-06T01:46:11.176+0000] {dagbag.py:545} INFO - Filling up the DagBag from /opt/airflow/dags/silver_processing_dag.py
[2026-09-06T01:46:11.245+0000] {processor.py:840} INFO - DAG(s) 'process_silver_layer' retrieved from /opt/airflow/dags/silver_processing_dag.py
[2026-09-06T01:46:11.341+0000] {logging_mixin.py:188} INFO - [2026-09-06T01:46:11.340+0000] {dag.py:3096} INFO - Sync 1 DAGs
[2026-09-06T01:46:11.385+0000] {logging_mixin.py:188} INFO - [2026-09-06T01:46:11.384+0000] {dag.py:3954} INFO - Setting next_dagrun for process_silver_layer to None, run_after=None
[2026-09-06T01:46:11.463+0000] {processor.py:183} INFO - Processing /opt/airflow/dags/silver_processing_dag.py took 0.328 seconds
[2026-09-06T01:46:41.716+0000] {processor.py:161} INFO - Started process (PID=23513) to work on /opt/airflow/dags/silver_processing_dag.py
[2026-09-06T01:46:41.722+0000] {processor.py:830} INFO - Processing file /opt/airflow/dags/silver_processing_dag.py for tasks to queue
[2026-09-06T01:46:41.730+0000] {logging_mixin.py:188} INFO - [2026-09-06T01:46:41.729+0000] {dagbag.py:545} INFO - Filling up the DagBag from /opt/airflow/dags/silver_processing_dag.py
[2026-09-06T01:46:41.798+0000] {processor.py:840} INFO - DAG(s) 'process_silver_layer' retrieved from /opt/airflow/dags/silver_processing_dag.py
[2026-09-06T01:46:41.875+0000] {logging_mixin.py:188} INFO - [2026-09-06T01:46:41.874+0000] {dag.py:3096} INFO - Sync 1 DAGs
[2026-09-06T01:46:41.921+0000] {logging_mixin.py:188} INFO - [2026-09-06T01:46:41.921+0000] {dag.py:3954} INFO - Setting next_dagrun for process_silver_layer to None, run_after=None
[2026-09-06T01:46:42.002+0000] {processor.py:183} INFO - Processing /opt/airflow/dags/silver_processing_dag.py took 0.314 seconds
[2026-09-06T01:47:12.578+0000] {processor.py:161} INFO - Started process (PID=23528) to work on /opt/airflow/dags/silver_processing_dag.py
[2026-09-06T01:47:12.580+0000] {processor.py:830} INFO - Processing file /opt/airflow/dags/silver_processing_dag.py for tasks to queue
[2026-09-06T01:47:12.588+0000] {logging_mixin.py:188} INFO - [2026-09-06T01:47:12.587+0000] {dagbag.py:545} INFO - Filling up the DagBag from /opt/airflow/dags/silver_processing_dag.py
[2026-09-06T01:47:12.646+0000] {processor.py:840} INFO - DAG(s) 'process_silver_layer' retrieved from /opt/airflow/dags/silver_processing_dag.py
[2026-09-06T01:47:12.735+0000] {logging_mixin.py:188} INFO - [2026-09-06T01:47:12.724+0000] {dag.py:3096} INFO - Sync 1 DAGs
[2026-09-06T01:47:12.841+0000] {logging_mixin.py:188} INFO - [2026-09-06T01:47:12.841+0000] {dag.py:3954} INFO - Setting next_dagrun for process_silver_layer to None, run_after=None
[2026-09-06T01:47:12.913+0000] {processor.py:183} INFO - Processing /opt/airflow/dags/silver_processing_dag.py took 0.357 seconds
[2026-09-06T01:47:43.534+0000] {processor.py:161} INFO - Started process (PID=23543) to work on /opt/airflow/dags/silver_processing_dag.py
[2026-09-06T01:47:43.538+0000] {processor.py:830} INFO - Processing file /opt/airflow/dags/silver_processing_dag.py for tasks to queue
[2026-09-06T01:47:43.548+0000] {logging_mixin.py:188} INFO - [2026-09-06T01:47:43.547+0000] {dagbag.py:545} INFO - Filling up the DagBag from /opt/airflow/dags/silver_processing_dag.py
[2026-09-06T01:47:43.613+0000] {processor.py:840} INFO - DAG(s) 'process_silver_layer' retrieved from /opt/airflow/dags/silver_processing_dag.py
[2026-09-06T01:47:43.688+0000] {logging_mixin.py:188} INFO - [2026-09-06T01:47:43.687+0000] {dag.py:3096} INFO - Sync 1 DAGs
[2026-09-06T01:47:43.746+0000] {logging_mixin.py:188} INFO - [2026-09-06T01:47:43.745+0000] {dag.py:3954} INFO - Setting next_dagrun for process_silver_layer to None, run_after=None
[2026-09-06T01:47:43.857+0000] {processor.py:183} INFO - Processing /opt/airflow/dags/silver_processing_dag.py took 0.350 seconds
[2026-09-06T01:48:14.474+0000] {processor.py:161} INFO - Started process (PID=23558) to work on /opt/airflow/dags/silver_processing_dag.py
[2026-09-06T01:48:14.477+0000] {processor.py:830} INFO - Processing file /opt/airflow/dags/silver_processing_dag.py for tasks to queue
[2026-09-06T01:48:14.485+0000] {logging_mixin.py:188} INFO - [2026-09-06T01:48:14.485+0000] {dagbag.py:545} INFO - Filling up the DagBag from /opt/airflow/dags/silver_processing_dag.py
[2026-09-06T01:48:14.546+0000] {processor.py:840} INFO - DAG(s) 'process_silver_layer' retrieved from /opt/airflow/dags/silver_processing_dag.py
[2026-09-06T01:48:14.650+0000] {logging_mixin.py:188} INFO - [2026-09-06T01:48:14.649+0000] {dag.py:3096} INFO - Sync 1 DAGs
[2026-09-06T01:48:14.702+0000] {logging_mixin.py:188} INFO - [2026-09-06T01:48:14.701+0000] {dag.py:3954} INFO - Setting next_dagrun for process_silver_layer to None, run_after=None
[2026-09-06T01:48:14.772+0000] {processor.py:183} INFO - Processing /opt/airflow/dags/silver_processing_dag.py took 0.327 seconds
[2026-09-06T01:48:45.395+0000] {processor.py:161} INFO - Started process (PID=23573) to work on /opt/airflow/dags/silver_processing_dag.py
[2026-09-06T01:48:45.398+0000] {processor.py:830} INFO - Processing file /opt/airflow/dags/silver_processing_dag.py for tasks to queue
[2026-09-06T01:48:45.408+0000] {logging_mixin.py:188} INFO - [2026-09-06T01:48:45.406+0000] {dagbag.py:545} INFO - Filling up the DagBag from /opt/airflow/dags/silver_processing_dag.py
[2026-09-06T01:48:45.477+0000] {processor.py:840} INFO - DAG(s) 'process_silver_layer' retrieved from /opt/airflow/dags/silver_processing_dag.py
[2026-09-06T01:48:45.570+0000] {logging_mixin.py:188} INFO - [2026-09-06T01:48:45.570+0000] {dag.py:3096} INFO - Sync 1 DAGs
[2026-09-06T01:48:45.650+0000] {logging_mixin.py:188} INFO - [2026-09-06T01:48:45.649+0000] {dag.py:3954} INFO - Setting next_dagrun for process_silver_layer to None, run_after=None
[2026-09-06T01:48:45.779+0000] {processor.py:183} INFO - Processing /opt/airflow/dags/silver_processing_dag.py took 0.413 seconds
[2026-09-06T01:49:16.383+0000] {processor.py:161} INFO - Started process (PID=23588) to work on /opt/airflow/dags/silver_processing_dag.py
[2026-09-06T01:49:16.386+0000] {processor.py:830} INFO - Processing file /opt/airflow/dags/silver_processing_dag.py for tasks to queue
[2026-09-06T01:49:16.394+0000] {logging_mixin.py:188} INFO - [2026-09-06T01:49:16.393+0000] {dagbag.py:545} INFO - Filling up the DagBag from /opt/airflow/dags/silver_processing_dag.py
[2026-09-06T01:49:16.459+0000] {processor.py:840} INFO - DAG(s) 'process_silver_layer' retrieved from /opt/airflow/dags/silver_processing_dag.py
[2026-09-06T01:49:16.547+0000] {logging_mixin.py:188} INFO - [2026-09-06T01:49:16.546+0000] {dag.py:3096} INFO - Sync 1 DAGs
[2026-09-06T01:49:16.631+0000] {logging_mixin.py:188} INFO - [2026-09-06T01:49:16.630+0000] {dag.py:3954} INFO - Setting next_dagrun for process_silver_layer to None, run_after=None
[2026-09-06T01:49:16.715+0000] {processor.py:183} INFO - Processing /opt/airflow/dags/silver_processing_dag.py took 0.357 seconds
[2026-09-06T01:49:47.307+0000] {processor.py:161} INFO - Started process (PID=23603) to work on /opt/airflow/dags/silver_processing_dag.py
[2026-09-06T01:49:47.312+0000] {processor.py:830} INFO - Processing file /opt/airflow/dags/silver_processing_dag.py for tasks to queue
[2026-09-06T01:49:47.328+0000] {logging_mixin.py:188} INFO - [2026-09-06T01:49:47.327+0000] {dagbag.py:545} INFO - Filling up the DagBag from /opt/airflow/dags/silver_processing_dag.py
[2026-09-06T01:49:47.437+0000] {processor.py:840} INFO - DAG(s) 'process_silver_layer' retrieved from /opt/airflow/dags/silver_processing_dag.py
[2026-09-06T01:49:47.590+0000] {logging_mixin.py:188} INFO - [2026-09-06T01:49:47.589+0000] {dag.py:3096} INFO - Sync 1 DAGs
[2026-09-06T01:49:47.643+0000] {logging_mixin.py:188} INFO - [2026-09-06T01:49:47.642+0000] {dag.py:3954} INFO - Setting next_dagrun for process_silver_layer to None, run_after=None
[2026-09-06T01:49:47.729+0000] {processor.py:183} INFO - Processing /opt/airflow/dags/silver_processing_dag.py took 0.450 seconds
[2026-09-06T01:50:18.243+0000] {processor.py:161} INFO - Started process (PID=23618) to work on /opt/airflow/dags/silver_processing_dag.py
[2026-09-06T01:50:18.249+0000] {processor.py:830} INFO - Processing file /opt/airflow/dags/silver_processing_dag.py for tasks to queue
[2026-09-06T01:50:18.261+0000] {logging_mixin.py:188} INFO - [2026-09-06T01:50:18.260+0000] {dagbag.py:545} INFO - Filling up the DagBag from /opt/airflow/dags/silver_processing_dag.py
[2026-09-06T01:50:18.330+0000] {processor.py:840} INFO - DAG(s) 'process_silver_layer' retrieved from /opt/airflow/dags/silver_processing_dag.py
[2026-09-06T01:50:18.402+0000] {logging_mixin.py:188} INFO - [2026-09-06T01:50:18.401+0000] {dag.py:3096} INFO - Sync 1 DAGs
[2026-09-06T01:50:18.451+0000] {logging_mixin.py:188} INFO - [2026-09-06T01:50:18.451+0000] {dag.py:3954} INFO - Setting next_dagrun for process_silver_layer to None, run_after=None
[2026-09-06T01:50:18.532+0000] {processor.py:183} INFO - Processing /opt/airflow/dags/silver_processing_dag.py took 0.316 seconds
[2026-09-06T01:50:48.704+0000] {processor.py:161} INFO - Started process (PID=23633) to work on /opt/airflow/dags/silver_processing_dag.py
[2026-09-06T01:50:48.707+0000] {processor.py:830} INFO - Processing file /opt/airflow/dags/silver_processing_dag.py for tasks to queue
[2026-09-06T01:50:48.718+0000] {logging_mixin.py:188} INFO - [2026-09-06T01:50:48.717+0000] {dagbag.py:545} INFO - Filling up the DagBag from /opt/airflow/dags/silver_processing_dag.py
[2026-09-06T01:50:48.792+0000] {processor.py:840} INFO - DAG(s) 'process_silver_layer' retrieved from /opt/airflow/dags/silver_processing_dag.py
[2026-09-06T01:50:48.882+0000] {logging_mixin.py:188} INFO - [2026-09-06T01:50:48.881+0000] {dag.py:3096} INFO - Sync 1 DAGs
[2026-09-06T01:50:48.935+0000] {logging_mixin.py:188} INFO - [2026-09-06T01:50:48.935+0000] {dag.py:3954} INFO - Setting next_dagrun for process_silver_layer to None, run_after=None
[2026-09-06T01:50:48.999+0000] {processor.py:183} INFO - Processing /opt/airflow/dags/silver_processing_dag.py took 0.326 seconds
[2026-09-06T01:51:19.682+0000] {processor.py:161} INFO - Started process (PID=23648) to work on /opt/airflow/dags/silver_processing_dag.py
[2026-09-06T01:51:19.695+0000] {processor.py:830} INFO - Processing file /opt/airflow/dags/silver_processing_dag.py for tasks to queue
[2026-09-06T01:51:19.720+0000] {logging_mixin.py:188} INFO - [2026-09-06T01:51:19.719+0000] {dagbag.py:545} INFO - Filling up the DagBag from /opt/airflow/dags/silver_processing_dag.py
[2026-09-06T01:51:19.838+0000] {processor.py:840} INFO - DAG(s) 'process_silver_layer' retrieved from /opt/airflow/dags/silver_processing_dag.py
[2026-09-06T01:51:20.012+0000] {logging_mixin.py:188} INFO - [2026-09-06T01:51:20.011+0000] {dag.py:3096} INFO - Sync 1 DAGs
[2026-09-06T01:51:20.150+0000] {logging_mixin.py:188} INFO - [2026-09-06T01:51:20.149+0000] {dag.py:3954} INFO - Setting next_dagrun for process_silver_layer to None, run_after=None
[2026-09-06T01:51:20.265+0000] {processor.py:183} INFO - Processing /opt/airflow/dags/silver_processing_dag.py took 0.619 seconds
[2026-09-06T01:51:50.865+0000] {processor.py:161} INFO - Started process (PID=23663) to work on /opt/airflow/dags/silver_processing_dag.py
[2026-09-06T01:51:50.868+0000] {processor.py:830} INFO - Processing file /opt/airflow/dags/silver_processing_dag.py for tasks to queue
[2026-09-06T01:51:50.883+0000] {logging_mixin.py:188} INFO - [2026-09-06T01:51:50.879+0000] {dagbag.py:545} INFO - Filling up the DagBag from /opt/airflow/dags/silver_processing_dag.py
[2026-09-06T01:51:51.010+0000] {processor.py:840} INFO - DAG(s) 'process_silver_layer' retrieved from /opt/airflow/dags/silver_processing_dag.py
[2026-09-06T01:51:51.077+0000] {logging_mixin.py:188} INFO - [2026-09-06T01:51:51.077+0000] {dag.py:3096} INFO - Sync 1 DAGs
[2026-09-06T01:51:51.126+0000] {logging_mixin.py:188} INFO - [2026-09-06T01:51:51.126+0000] {dag.py:3954} INFO - Setting next_dagrun for process_silver_layer to None, run_after=None
[2026-09-06T01:51:51.185+0000] {processor.py:183} INFO - Processing /opt/airflow/dags/silver_processing_dag.py took 0.360 seconds
[2026-09-06T01:52:21.831+0000] {processor.py:161} INFO - Started process (PID=23678) to work on /opt/airflow/dags/silver_processing_dag.py
[2026-09-06T01:52:21.839+0000] {processor.py:830} INFO - Processing file /opt/airflow/dags/silver_processing_dag.py for tasks to queue
[2026-09-06T01:52:21.845+0000] {logging_mixin.py:188} INFO - [2026-09-06T01:52:21.845+0000] {dagbag.py:545} INFO - Filling up the DagBag from /opt/airflow/dags/silver_processing_dag.py
[2026-09-06T01:52:21.927+0000] {processor.py:840} INFO - DAG(s) 'process_silver_layer' retrieved from /opt/airflow/dags/silver_processing_dag.py
[2026-09-06T01:52:22.008+0000] {logging_mixin.py:188} INFO - [2026-09-06T01:52:22.007+0000] {dag.py:3096} INFO - Sync 1 DAGs
[2026-09-06T01:52:22.093+0000] {logging_mixin.py:188} INFO - [2026-09-06T01:52:22.093+0000] {dag.py:3954} INFO - Setting next_dagrun for process_silver_layer to None, run_after=None
[2026-09-06T01:52:22.201+0000] {processor.py:183} INFO - Processing /opt/airflow/dags/silver_processing_dag.py took 0.400 seconds
[2026-09-06T01:52:52.872+0000] {processor.py:161} INFO - Started process (PID=23693) to work on /opt/airflow/dags/silver_processing_dag.py
[2026-09-06T01:52:52.880+0000] {processor.py:830} INFO - Processing file /opt/airflow/dags/silver_processing_dag.py for tasks to queue
[2026-09-06T01:52:52.894+0000] {logging_mixin.py:188} INFO - [2026-09-06T01:52:52.893+0000] {dagbag.py:545} INFO - Filling up the DagBag from /opt/airflow/dags/silver_processing_dag.py
[2026-09-06T01:52:52.967+0000] {processor.py:840} INFO - DAG(s) 'process_silver_layer' retrieved from /opt/airflow/dags/silver_processing_dag.py
[2026-09-06T01:52:53.045+0000] {logging_mixin.py:188} INFO - [2026-09-06T01:52:53.045+0000] {dag.py:3096} INFO - Sync 1 DAGs
[2026-09-06T01:52:53.095+0000] {logging_mixin.py:188} INFO - [2026-09-06T01:52:53.095+0000] {dag.py:3954} INFO - Setting next_dagrun for process_silver_layer to None, run_after=None
[2026-09-06T01:52:53.173+0000] {processor.py:183} INFO - Processing /opt/airflow/dags/silver_processing_dag.py took 0.342 seconds
[2026-09-06T01:53:23.487+0000] {processor.py:161} INFO - Started process (PID=23708) to work on /opt/airflow/dags/silver_processing_dag.py
[2026-09-06T01:53:23.491+0000] {processor.py:830} INFO - Processing file /opt/airflow/dags/silver_processing_dag.py for tasks to queue
[2026-09-06T01:53:23.502+0000] {logging_mixin.py:188} INFO - [2026-09-06T01:53:23.501+0000] {dagbag.py:545} INFO - Filling up the DagBag from /opt/airflow/dags/silver_processing_dag.py
[2026-09-06T01:53:23.567+0000] {processor.py:840} INFO - DAG(s) 'process_silver_layer' retrieved from /opt/airflow/dags/silver_processing_dag.py
[2026-09-06T01:53:23.673+0000] {logging_mixin.py:188} INFO - [2026-09-06T01:53:23.672+0000] {dag.py:3096} INFO - Sync 1 DAGs
[2026-09-06T01:53:23.751+0000] {logging_mixin.py:188} INFO - [2026-09-06T01:53:23.751+0000] {dag.py:3954} INFO - Setting next_dagrun for process_silver_layer to None, run_after=None
[2026-09-06T01:53:23.836+0000] {processor.py:183} INFO - Processing /opt/airflow/dags/silver_processing_dag.py took 0.375 seconds
[2026-09-06T01:53:54.342+0000] {processor.py:161} INFO - Started process (PID=23723) to work on /opt/airflow/dags/silver_processing_dag.py
[2026-09-06T01:53:54.345+0000] {processor.py:830} INFO - Processing file /opt/airflow/dags/silver_processing_dag.py for tasks to queue
[2026-09-06T01:53:54.360+0000] {logging_mixin.py:188} INFO - [2026-09-06T01:53:54.359+0000] {dagbag.py:545} INFO - Filling up the DagBag from /opt/airflow/dags/silver_processing_dag.py
[2026-09-06T01:53:54.409+0000] {processor.py:840} INFO - DAG(s) 'process_silver_layer' retrieved from /opt/airflow/dags/silver_processing_dag.py
[2026-09-06T01:53:54.530+0000] {logging_mixin.py:188} INFO - [2026-09-06T01:53:54.529+0000] {dag.py:3096} INFO - Sync 1 DAGs
[2026-09-06T01:53:54.617+0000] {logging_mixin.py:188} INFO - [2026-09-06T01:53:54.617+0000] {dag.py:3954} INFO - Setting next_dagrun for process_silver_layer to None, run_after=None
[2026-09-06T01:53:54.721+0000] {processor.py:183} INFO - Processing /opt/airflow/dags/silver_processing_dag.py took 0.400 seconds
[2026-09-06T01:54:25.206+0000] {processor.py:161} INFO - Started process (PID=23738) to work on /opt/airflow/dags/silver_processing_dag.py
[2026-09-06T01:54:25.209+0000] {processor.py:830} INFO - Processing file /opt/airflow/dags/silver_processing_dag.py for tasks to queue
[2026-09-06T01:54:25.216+0000] {logging_mixin.py:188} INFO - [2026-09-06T01:54:25.215+0000] {dagbag.py:545} INFO - Filling up the DagBag from /opt/airflow/dags/silver_processing_dag.py
[2026-09-06T01:54:25.276+0000] {processor.py:840} INFO - DAG(s) 'process_silver_layer' retrieved from /opt/airflow/dags/silver_processing_dag.py
[2026-09-06T01:54:25.441+0000] {logging_mixin.py:188} INFO - [2026-09-06T01:54:25.440+0000] {dag.py:3096} INFO - Sync 1 DAGs
[2026-09-06T01:54:25.527+0000] {logging_mixin.py:188} INFO - [2026-09-06T01:54:25.526+0000] {dag.py:3954} INFO - Setting next_dagrun for process_silver_layer to None, run_after=None
[2026-09-06T01:54:25.655+0000] {processor.py:183} INFO - Processing /opt/airflow/dags/silver_processing_dag.py took 0.474 seconds
[2026-09-06T01:54:56.181+0000] {processor.py:161} INFO - Started process (PID=23753) to work on /opt/airflow/dags/silver_processing_dag.py
[2026-09-06T01:54:56.185+0000] {processor.py:830} INFO - Processing file /opt/airflow/dags/silver_processing_dag.py for tasks to queue
[2026-09-06T01:54:56.194+0000] {logging_mixin.py:188} INFO - [2026-09-06T01:54:56.192+0000] {dagbag.py:545} INFO - Filling up the DagBag from /opt/airflow/dags/silver_processing_dag.py
[2026-09-06T01:54:56.264+0000] {processor.py:840} INFO - DAG(s) 'process_silver_layer' retrieved from /opt/airflow/dags/silver_processing_dag.py
[2026-09-06T01:54:56.404+0000] {logging_mixin.py:188} INFO - [2026-09-06T01:54:56.403+0000] {dag.py:3096} INFO - Sync 1 DAGs
[2026-09-06T01:54:56.463+0000] {logging_mixin.py:188} INFO - [2026-09-06T01:54:56.462+0000] {dag.py:3954} INFO - Setting next_dagrun for process_silver_layer to None, run_after=None
[2026-09-06T01:54:56.522+0000] {processor.py:183} INFO - Processing /opt/airflow/dags/silver_processing_dag.py took 0.371 seconds
[2026-09-06T01:55:27.139+0000] {processor.py:161} INFO - Started process (PID=23768) to work on /opt/airflow/dags/silver_processing_dag.py
[2026-09-06T01:55:27.145+0000] {processor.py:830} INFO - Processing file /opt/airflow/dags/silver_processing_dag.py for tasks to queue
[2026-09-06T01:55:27.155+0000] {logging_mixin.py:188} INFO - [2026-09-06T01:55:27.154+0000] {dagbag.py:545} INFO - Filling up the DagBag from /opt/airflow/dags/silver_processing_dag.py
[2026-09-06T01:55:27.224+0000] {processor.py:840} INFO - DAG(s) 'process_silver_layer' retrieved from /opt/airflow/dags/silver_processing_dag.py
[2026-09-06T01:55:27.292+0000] {logging_mixin.py:188} INFO - [2026-09-06T01:55:27.291+0000] {dag.py:3096} INFO - Sync 1 DAGs
[2026-09-06T01:55:27.334+0000] {logging_mixin.py:188} INFO - [2026-09-06T01:55:27.334+0000] {dag.py:3954} INFO - Setting next_dagrun for process_silver_layer to None, run_after=None
[2026-09-06T01:55:27.399+0000] {processor.py:183} INFO - Processing /opt/airflow/dags/silver_processing_dag.py took 0.287 seconds
[2026-09-06T01:55:57.966+0000] {processor.py:161} INFO - Started process (PID=23783) to work on /opt/airflow/dags/silver_processing_dag.py
[2026-09-06T01:55:57.969+0000] {processor.py:830} INFO - Processing file /opt/airflow/dags/silver_processing_dag.py for tasks to queue
[2026-09-06T01:55:57.982+0000] {logging_mixin.py:188} INFO - [2026-09-06T01:55:57.981+0000] {dagbag.py:545} INFO - Filling up the DagBag from /opt/airflow/dags/silver_processing_dag.py
[2026-09-06T01:55:58.050+0000] {processor.py:840} INFO - DAG(s) 'process_silver_layer' retrieved from /opt/airflow/dags/silver_processing_dag.py
[2026-09-06T01:55:58.165+0000] {logging_mixin.py:188} INFO - [2026-09-06T01:55:58.164+0000] {dag.py:3096} INFO - Sync 1 DAGs
[2026-09-06T01:55:58.223+0000] {logging_mixin.py:188} INFO - [2026-09-06T01:55:58.223+0000] {dag.py:3954} INFO - Setting next_dagrun for process_silver_layer to None, run_after=None
[2026-09-06T01:55:58.340+0000] {processor.py:183} INFO - Processing /opt/airflow/dags/silver_processing_dag.py took 0.399 seconds
[2026-09-06T01:56:28.852+0000] {processor.py:161} INFO - Started process (PID=23798) to work on /opt/airflow/dags/silver_processing_dag.py
[2026-09-06T01:56:28.855+0000] {processor.py:830} INFO - Processing file /opt/airflow/dags/silver_processing_dag.py for tasks to queue
[2026-09-06T01:56:28.861+0000] {logging_mixin.py:188} INFO - [2026-09-06T01:56:28.860+0000] {dagbag.py:545} INFO - Filling up the DagBag from /opt/airflow/dags/silver_processing_dag.py
[2026-09-06T01:56:28.916+0000] {processor.py:840} INFO - DAG(s) 'process_silver_layer' retrieved from /opt/airflow/dags/silver_processing_dag.py
[2026-09-06T01:56:28.999+0000] {logging_mixin.py:188} INFO - [2026-09-06T01:56:28.998+0000] {dag.py:3096} INFO - Sync 1 DAGs
[2026-09-06T01:56:29.042+0000] {logging_mixin.py:188} INFO - [2026-09-06T01:56:29.041+0000] {dag.py:3954} INFO - Setting next_dagrun for process_silver_layer to None, run_after=None
[2026-09-06T01:56:29.108+0000] {processor.py:183} INFO - Processing /opt/airflow/dags/silver_processing_dag.py took 0.280 seconds
[2026-09-06T01:56:59.547+0000] {processor.py:161} INFO - Started process (PID=23813) to work on /opt/airflow/dags/silver_processing_dag.py
[2026-09-06T01:56:59.553+0000] {processor.py:830} INFO - Processing file /opt/airflow/dags/silver_processing_dag.py for tasks to queue
[2026-09-06T01:56:59.561+0000] {logging_mixin.py:188} INFO - [2026-09-06T01:56:59.559+0000] {dagbag.py:545} INFO - Filling up the DagBag from /opt/airflow/dags/silver_processing_dag.py
[2026-09-06T01:56:59.622+0000] {processor.py:840} INFO - DAG(s) 'process_silver_layer' retrieved from /opt/airflow/dags/silver_processing_dag.py
[2026-09-06T01:56:59.725+0000] {logging_mixin.py:188} INFO - [2026-09-06T01:56:59.724+0000] {dag.py:3096} INFO - Sync 1 DAGs
[2026-09-06T01:56:59.775+0000] {logging_mixin.py:188} INFO - [2026-09-06T01:56:59.774+0000] {dag.py:3954} INFO - Setting next_dagrun for process_silver_layer to None, run_after=None
[2026-09-06T01:56:59.873+0000] {processor.py:183} INFO - Processing /opt/airflow/dags/silver_processing_dag.py took 0.352 seconds
[2026-09-06T01:57:30.575+0000] {processor.py:161} INFO - Started process (PID=23828) to work on /opt/airflow/dags/silver_processing_dag.py
[2026-09-06T01:57:30.578+0000] {processor.py:830} INFO - Processing file /opt/airflow/dags/silver_processing_dag.py for tasks to queue
[2026-09-06T01:57:30.586+0000] {logging_mixin.py:188} INFO - [2026-09-06T01:57:30.585+0000] {dagbag.py:545} INFO - Filling up the DagBag from /opt/airflow/dags/silver_processing_dag.py
[2026-09-06T01:57:30.645+0000] {processor.py:840} INFO - DAG(s) 'process_silver_layer' retrieved from /opt/airflow/dags/silver_processing_dag.py
[2026-09-06T01:57:30.721+0000] {logging_mixin.py:188} INFO - [2026-09-06T01:57:30.720+0000] {dag.py:3096} INFO - Sync 1 DAGs
[2026-09-06T01:57:30.770+0000] {logging_mixin.py:188} INFO - [2026-09-06T01:57:30.770+0000] {dag.py:3954} INFO - Setting next_dagrun for process_silver_layer to None, run_after=None
[2026-09-06T01:57:30.887+0000] {processor.py:183} INFO - Processing /opt/airflow/dags/silver_processing_dag.py took 0.334 seconds
[2026-09-06T01:58:01.401+0000] {processor.py:161} INFO - Started process (PID=23843) to work on /opt/airflow/dags/silver_processing_dag.py
[2026-09-06T01:58:01.404+0000] {processor.py:830} INFO - Processing file /opt/airflow/dags/silver_processing_dag.py for tasks to queue
[2026-09-06T01:58:01.410+0000] {logging_mixin.py:188} INFO - [2026-09-06T01:58:01.409+0000] {dagbag.py:545} INFO - Filling up the DagBag from /opt/airflow/dags/silver_processing_dag.py
[2026-09-06T01:58:01.474+0000] {processor.py:840} INFO - DAG(s) 'process_silver_layer' retrieved from /opt/airflow/dags/silver_processing_dag.py
[2026-09-06T01:58:01.542+0000] {logging_mixin.py:188} INFO - [2026-09-06T01:58:01.541+0000] {dag.py:3096} INFO - Sync 1 DAGs
[2026-09-06T01:58:01.579+0000] {logging_mixin.py:188} INFO - [2026-09-06T01:58:01.579+0000] {dag.py:3954} INFO - Setting next_dagrun for process_silver_layer to None, run_after=None
[2026-09-06T01:58:01.647+0000] {processor.py:183} INFO - Processing /opt/airflow/dags/silver_processing_dag.py took 0.271 seconds
[2026-09-06T01:58:32.099+0000] {processor.py:161} INFO - Started process (PID=23858) to work on /opt/airflow/dags/silver_processing_dag.py
[2026-09-06T01:58:32.103+0000] {processor.py:830} INFO - Processing file /opt/airflow/dags/silver_processing_dag.py for tasks to queue
[2026-09-06T01:58:32.110+0000] {logging_mixin.py:188} INFO - [2026-09-06T01:58:32.109+0000] {dagbag.py:545} INFO - Filling up the DagBag from /opt/airflow/dags/silver_processing_dag.py
[2026-09-06T01:58:32.175+0000] {processor.py:840} INFO - DAG(s) 'process_silver_layer' retrieved from /opt/airflow/dags/silver_processing_dag.py
[2026-09-06T01:58:32.252+0000] {logging_mixin.py:188} INFO - [2026-09-06T01:58:32.251+0000] {dag.py:3096} INFO - Sync 1 DAGs
[2026-09-06T01:58:32.305+0000] {logging_mixin.py:188} INFO - [2026-09-06T01:58:32.304+0000] {dag.py:3954} INFO - Setting next_dagrun for process_silver_layer to None, run_after=None
[2026-09-06T01:58:32.385+0000] {processor.py:183} INFO - Processing /opt/airflow/dags/silver_processing_dag.py took 0.308 seconds
[2026-09-06T01:59:02.723+0000] {processor.py:161} INFO - Started process (PID=23875) to work on /opt/airflow/dags/silver_processing_dag.py
[2026-09-06T01:59:02.726+0000] {processor.py:830} INFO - Processing file /opt/airflow/dags/silver_processing_dag.py for tasks to queue
[2026-09-06T01:59:02.737+0000] {logging_mixin.py:188} INFO - [2026-09-06T01:59:02.736+0000] {dagbag.py:545} INFO - Filling up the DagBag from /opt/airflow/dags/silver_processing_dag.py
[2026-09-06T01:59:02.779+0000] {processor.py:840} INFO - DAG(s) 'process_silver_layer' retrieved from /opt/airflow/dags/silver_processing_dag.py
[2026-09-06T01:59:02.834+0000] {logging_mixin.py:188} INFO - [2026-09-06T01:59:02.834+0000] {dag.py:3096} INFO - Sync 1 DAGs
[2026-09-06T01:59:02.866+0000] {logging_mixin.py:188} INFO - [2026-09-06T01:59:02.866+0000] {dag.py:3954} INFO - Setting next_dagrun for process_silver_layer to None, run_after=None
[2026-09-06T01:59:02.912+0000] {processor.py:183} INFO - Processing /opt/airflow/dags/silver_processing_dag.py took 0.213 seconds
[2026-09-06T01:59:33.356+0000] {processor.py:161} INFO - Started process (PID=23888) to work on /opt/airflow/dags/silver_processing_dag.py
[2026-09-06T01:59:33.360+0000] {processor.py:830} INFO - Processing file /opt/airflow/dags/silver_processing_dag.py for tasks to queue
[2026-09-06T01:59:33.369+0000] {logging_mixin.py:188} INFO - [2026-09-06T01:59:33.368+0000] {dagbag.py:545} INFO - Filling up the DagBag from /opt/airflow/dags/silver_processing_dag.py
[2026-09-06T01:59:33.435+0000] {processor.py:840} INFO - DAG(s) 'process_silver_layer' retrieved from /opt/airflow/dags/silver_processing_dag.py
[2026-09-06T01:59:33.496+0000] {logging_mixin.py:188} INFO - [2026-09-06T01:59:33.496+0000] {dag.py:3096} INFO - Sync 1 DAGs
[2026-09-06T01:59:33.538+0000] {logging_mixin.py:188} INFO - [2026-09-06T01:59:33.537+0000] {dag.py:3954} INFO - Setting next_dagrun for process_silver_layer to None, run_after=None
[2026-09-06T01:59:33.595+0000] {processor.py:183} INFO - Processing /opt/airflow/dags/silver_processing_dag.py took 0.265 seconds
[2026-09-06T02:00:04.234+0000] {processor.py:161} INFO - Started process (PID=23905) to work on /opt/airflow/dags/silver_processing_dag.py
[2026-09-06T02:00:04.249+0000] {processor.py:830} INFO - Processing file /opt/airflow/dags/silver_processing_dag.py for tasks to queue
[2026-09-06T02:00:04.273+0000] {logging_mixin.py:188} INFO - [2026-09-06T02:00:04.261+0000] {dagbag.py:545} INFO - Filling up the DagBag from /opt/airflow/dags/silver_processing_dag.py
[2026-09-06T02:00:04.613+0000] {processor.py:840} INFO - DAG(s) 'process_silver_layer' retrieved from /opt/airflow/dags/silver_processing_dag.py
[2026-09-06T02:00:04.893+0000] {logging_mixin.py:188} INFO - [2026-09-06T02:00:04.892+0000] {dag.py:3096} INFO - Sync 1 DAGs
[2026-09-06T02:00:05.023+0000] {logging_mixin.py:188} INFO - [2026-09-06T02:00:05.018+0000] {dag.py:3954} INFO - Setting next_dagrun for process_silver_layer to None, run_after=None
[2026-09-06T02:00:05.207+0000] {processor.py:183} INFO - Processing /opt/airflow/dags/silver_processing_dag.py took 1.005 seconds
[2026-09-06T02:00:35.763+0000] {processor.py:161} INFO - Started process (PID=23922) to work on /opt/airflow/dags/silver_processing_dag.py
[2026-09-06T02:00:35.766+0000] {processor.py:830} INFO - Processing file /opt/airflow/dags/silver_processing_dag.py for tasks to queue
[2026-09-06T02:00:35.773+0000] {logging_mixin.py:188} INFO - [2026-09-06T02:00:35.772+0000] {dagbag.py:545} INFO - Filling up the DagBag from /opt/airflow/dags/silver_processing_dag.py
[2026-09-06T02:00:35.837+0000] {processor.py:840} INFO - DAG(s) 'process_silver_layer' retrieved from /opt/airflow/dags/silver_processing_dag.py
[2026-09-06T02:00:35.919+0000] {logging_mixin.py:188} INFO - [2026-09-06T02:00:35.918+0000] {dag.py:3096} INFO - Sync 1 DAGs
[2026-09-06T02:00:35.961+0000] {logging_mixin.py:188} INFO - [2026-09-06T02:00:35.960+0000] {dag.py:3954} INFO - Setting next_dagrun for process_silver_layer to None, run_after=None
[2026-09-06T02:00:38.226+0000] {processor.py:183} INFO - Processing /opt/airflow/dags/silver_processing_dag.py took 2.494 seconds
[2026-09-06T02:01:09.554+0000] {processor.py:161} INFO - Started process (PID=24050) to work on /opt/airflow/dags/silver_processing_dag.py
[2026-09-06T02:01:09.566+0000] {processor.py:830} INFO - Processing file /opt/airflow/dags/silver_processing_dag.py for tasks to queue
[2026-09-06T02:01:09.573+0000] {logging_mixin.py:188} INFO - [2026-09-06T02:01:09.572+0000] {dagbag.py:545} INFO - Filling up the DagBag from /opt/airflow/dags/silver_processing_dag.py
[2026-09-06T02:01:09.635+0000] {processor.py:840} INFO - DAG(s) 'process_silver_layer' retrieved from /opt/airflow/dags/silver_processing_dag.py
[2026-09-06T02:01:09.711+0000] {logging_mixin.py:188} INFO - [2026-09-06T02:01:09.710+0000] {dag.py:3096} INFO - Sync 1 DAGs
[2026-09-06T02:01:09.760+0000] {logging_mixin.py:188} INFO - [2026-09-06T02:01:09.759+0000] {dag.py:3954} INFO - Setting next_dagrun for process_silver_layer to None, run_after=None
[2026-09-06T02:01:09.875+0000] {processor.py:183} INFO - Processing /opt/airflow/dags/silver_processing_dag.py took 0.411 seconds
[2026-09-06T02:01:40.258+0000] {processor.py:161} INFO - Started process (PID=24146) to work on /opt/airflow/dags/silver_processing_dag.py
[2026-09-06T02:01:40.278+0000] {processor.py:830} INFO - Processing file /opt/airflow/dags/silver_processing_dag.py for tasks to queue
[2026-09-06T02:01:40.311+0000] {logging_mixin.py:188} INFO - [2026-09-06T02:01:40.306+0000] {dagbag.py:545} INFO - Filling up the DagBag from /opt/airflow/dags/silver_processing_dag.py
[2026-09-06T02:01:40.521+0000] {processor.py:840} INFO - DAG(s) 'process_silver_layer' retrieved from /opt/airflow/dags/silver_processing_dag.py
[2026-09-06T02:01:40.728+0000] {logging_mixin.py:188} INFO - [2026-09-06T02:01:40.728+0000] {dag.py:3096} INFO - Sync 1 DAGs
[2026-09-06T02:01:40.918+0000] {logging_mixin.py:188} INFO - [2026-09-06T02:01:40.918+0000] {dag.py:3954} INFO - Setting next_dagrun for process_silver_layer to None, run_after=None
[2026-09-06T02:01:41.093+0000] {processor.py:183} INFO - Processing /opt/airflow/dags/silver_processing_dag.py took 0.962 seconds
[2026-09-06T02:02:13.347+0000] {processor.py:161} INFO - Started process (PID=24261) to work on /opt/airflow/dags/silver_processing_dag.py
[2026-09-06T02:02:13.357+0000] {processor.py:830} INFO - Processing file /opt/airflow/dags/silver_processing_dag.py for tasks to queue
[2026-09-06T02:02:13.378+0000] {logging_mixin.py:188} INFO - [2026-09-06T02:02:13.376+0000] {dagbag.py:545} INFO - Filling up the DagBag from /opt/airflow/dags/silver_processing_dag.py
[2026-09-06T02:02:13.517+0000] {processor.py:840} INFO - DAG(s) 'process_silver_layer' retrieved from /opt/airflow/dags/silver_processing_dag.py
[2026-09-06T02:02:13.724+0000] {logging_mixin.py:188} INFO - [2026-09-06T02:02:13.723+0000] {dag.py:3096} INFO - Sync 1 DAGs
[2026-09-06T02:02:13.852+0000] {logging_mixin.py:188} INFO - [2026-09-06T02:02:13.851+0000] {dag.py:3954} INFO - Setting next_dagrun for process_silver_layer to None, run_after=None
[2026-09-06T02:02:13.965+0000] {processor.py:183} INFO - Processing /opt/airflow/dags/silver_processing_dag.py took 1.359 seconds
[2026-09-06T02:02:44.315+0000] {processor.py:161} INFO - Started process (PID=24341) to work on /opt/airflow/dags/silver_processing_dag.py
[2026-09-06T02:02:44.319+0000] {processor.py:830} INFO - Processing file /opt/airflow/dags/silver_processing_dag.py for tasks to queue
[2026-09-06T02:02:44.325+0000] {logging_mixin.py:188} INFO - [2026-09-06T02:02:44.324+0000] {dagbag.py:545} INFO - Filling up the DagBag from /opt/airflow/dags/silver_processing_dag.py
[2026-09-06T02:02:44.564+0000] {processor.py:840} INFO - DAG(s) 'process_silver_layer' retrieved from /opt/airflow/dags/silver_processing_dag.py
[2026-09-06T02:02:45.037+0000] {logging_mixin.py:188} INFO - [2026-09-06T02:02:45.036+0000] {dag.py:3096} INFO - Sync 1 DAGs
[2026-09-06T02:02:45.337+0000] {logging_mixin.py:188} INFO - [2026-09-06T02:02:45.337+0000] {dag.py:3954} INFO - Setting next_dagrun for process_silver_layer to None, run_after=None
[2026-09-06T02:02:45.603+0000] {processor.py:183} INFO - Processing /opt/airflow/dags/silver_processing_dag.py took 1.312 seconds
[2026-09-06T02:03:16.369+0000] {processor.py:161} INFO - Started process (PID=24376) to work on /opt/airflow/dags/silver_processing_dag.py
[2026-09-06T02:03:16.398+0000] {processor.py:830} INFO - Processing file /opt/airflow/dags/silver_processing_dag.py for tasks to queue
[2026-09-06T02:03:16.439+0000] {logging_mixin.py:188} INFO - [2026-09-06T02:03:16.437+0000] {dagbag.py:545} INFO - Filling up the DagBag from /opt/airflow/dags/silver_processing_dag.py
[2026-09-06T02:03:16.743+0000] {processor.py:840} INFO - DAG(s) 'process_silver_layer' retrieved from /opt/airflow/dags/silver_processing_dag.py
[2026-09-06T02:03:16.993+0000] {logging_mixin.py:188} INFO - [2026-09-06T02:03:16.992+0000] {dag.py:3096} INFO - Sync 1 DAGs
[2026-09-06T02:03:17.088+0000] {logging_mixin.py:188} INFO - [2026-09-06T02:03:17.087+0000] {dag.py:3954} INFO - Setting next_dagrun for process_silver_layer to None, run_after=None
[2026-09-06T02:03:18.018+0000] {processor.py:183} INFO - Processing /opt/airflow/dags/silver_processing_dag.py took 1.763 seconds
[2026-09-06T02:03:49.024+0000] {processor.py:161} INFO - Started process (PID=24394) to work on /opt/airflow/dags/silver_processing_dag.py
[2026-09-06T02:03:49.031+0000] {processor.py:830} INFO - Processing file /opt/airflow/dags/silver_processing_dag.py for tasks to queue
[2026-09-06T02:03:49.050+0000] {logging_mixin.py:188} INFO - [2026-09-06T02:03:49.049+0000] {dagbag.py:545} INFO - Filling up the DagBag from /opt/airflow/dags/silver_processing_dag.py
[2026-09-06T02:03:49.165+0000] {processor.py:840} INFO - DAG(s) 'process_silver_layer' retrieved from /opt/airflow/dags/silver_processing_dag.py
[2026-09-06T02:03:49.276+0000] {logging_mixin.py:188} INFO - [2026-09-06T02:03:49.275+0000] {dag.py:3096} INFO - Sync 1 DAGs
[2026-09-06T02:03:49.375+0000] {logging_mixin.py:188} INFO - [2026-09-06T02:03:49.373+0000] {dag.py:3954} INFO - Setting next_dagrun for process_silver_layer to None, run_after=None
[2026-09-06T02:03:49.490+0000] {processor.py:183} INFO - Processing /opt/airflow/dags/silver_processing_dag.py took 0.530 seconds
[2026-09-06T02:04:20.350+0000] {processor.py:161} INFO - Started process (PID=24505) to work on /opt/airflow/dags/silver_processing_dag.py
[2026-09-06T02:04:20.356+0000] {processor.py:830} INFO - Processing file /opt/airflow/dags/silver_processing_dag.py for tasks to queue
[2026-09-06T02:04:20.410+0000] {logging_mixin.py:188} INFO - [2026-09-06T02:04:20.409+0000] {dagbag.py:545} INFO - Filling up the DagBag from /opt/airflow/dags/silver_processing_dag.py
[2026-09-06T02:04:20.598+0000] {processor.py:840} INFO - DAG(s) 'process_silver_layer' retrieved from /opt/airflow/dags/silver_processing_dag.py
[2026-09-06T02:04:20.818+0000] {logging_mixin.py:188} INFO - [2026-09-06T02:04:20.817+0000] {dag.py:3096} INFO - Sync 1 DAGs
[2026-09-06T02:04:21.038+0000] {logging_mixin.py:188} INFO - [2026-09-06T02:04:21.037+0000] {dag.py:3954} INFO - Setting next_dagrun for process_silver_layer to None, run_after=None
[2026-09-06T02:04:21.526+0000] {processor.py:183} INFO - Processing /opt/airflow/dags/silver_processing_dag.py took 1.218 seconds
[2026-09-06T02:04:52.051+0000] {processor.py:161} INFO - Started process (PID=24524) to work on /opt/airflow/dags/silver_processing_dag.py
[2026-09-06T02:04:52.066+0000] {processor.py:830} INFO - Processing file /opt/airflow/dags/silver_processing_dag.py for tasks to queue
[2026-09-06T02:04:52.110+0000] {logging_mixin.py:188} INFO - [2026-09-06T02:04:52.108+0000] {dagbag.py:545} INFO - Filling up the DagBag from /opt/airflow/dags/silver_processing_dag.py
[2026-09-06T02:04:52.368+0000] {processor.py:840} INFO - DAG(s) 'process_silver_layer' retrieved from /opt/airflow/dags/silver_processing_dag.py
[2026-09-06T02:04:52.556+0000] {logging_mixin.py:188} INFO - [2026-09-06T02:04:52.555+0000] {dag.py:3096} INFO - Sync 1 DAGs
[2026-09-06T02:04:52.694+0000] {logging_mixin.py:188} INFO - [2026-09-06T02:04:52.694+0000] {dag.py:3954} INFO - Setting next_dagrun for process_silver_layer to None, run_after=None
[2026-09-06T02:04:52.911+0000] {processor.py:183} INFO - Processing /opt/airflow/dags/silver_processing_dag.py took 0.928 seconds
[2026-09-06T02:05:23.716+0000] {processor.py:161} INFO - Started process (PID=24613) to work on /opt/airflow/dags/silver_processing_dag.py
[2026-09-06T02:05:23.723+0000] {processor.py:830} INFO - Processing file /opt/airflow/dags/silver_processing_dag.py for tasks to queue
[2026-09-06T02:05:23.734+0000] {logging_mixin.py:188} INFO - [2026-09-06T02:05:23.732+0000] {dagbag.py:545} INFO - Filling up the DagBag from /opt/airflow/dags/silver_processing_dag.py
[2026-09-06T02:05:23.871+0000] {processor.py:840} INFO - DAG(s) 'process_silver_layer' retrieved from /opt/airflow/dags/silver_processing_dag.py
[2026-09-06T02:05:24.003+0000] {logging_mixin.py:188} INFO - [2026-09-06T02:05:24.002+0000] {dag.py:3096} INFO - Sync 1 DAGs
[2026-09-06T02:05:24.086+0000] {logging_mixin.py:188} INFO - [2026-09-06T02:05:24.085+0000] {dag.py:3954} INFO - Setting next_dagrun for process_silver_layer to None, run_after=None
[2026-09-06T02:05:24.198+0000] {processor.py:183} INFO - Processing /opt/airflow/dags/silver_processing_dag.py took 0.543 seconds
[2026-09-06T02:05:54.458+0000] {processor.py:161} INFO - Started process (PID=24725) to work on /opt/airflow/dags/silver_processing_dag.py
[2026-09-06T02:05:54.462+0000] {processor.py:830} INFO - Processing file /opt/airflow/dags/silver_processing_dag.py for tasks to queue
[2026-09-06T02:05:54.473+0000] {logging_mixin.py:188} INFO - [2026-09-06T02:05:54.472+0000] {dagbag.py:545} INFO - Filling up the DagBag from /opt/airflow/dags/silver_processing_dag.py
[2026-09-06T02:05:54.529+0000] {processor.py:840} INFO - DAG(s) 'process_silver_layer' retrieved from /opt/airflow/dags/silver_processing_dag.py
[2026-09-06T02:05:54.619+0000] {logging_mixin.py:188} INFO - [2026-09-06T02:05:54.618+0000] {dag.py:3096} INFO - Sync 1 DAGs
[2026-09-06T02:05:54.667+0000] {logging_mixin.py:188} INFO - [2026-09-06T02:05:54.667+0000] {dag.py:3954} INFO - Setting next_dagrun for process_silver_layer to None, run_after=None
[2026-09-06T02:05:54.735+0000] {processor.py:183} INFO - Processing /opt/airflow/dags/silver_processing_dag.py took 0.302 seconds
[2026-09-06T02:06:25.203+0000] {processor.py:161} INFO - Started process (PID=25334) to work on /opt/airflow/dags/silver_processing_dag.py
[2026-09-06T02:06:25.236+0000] {processor.py:830} INFO - Processing file /opt/airflow/dags/silver_processing_dag.py for tasks to queue
[2026-09-06T02:06:25.253+0000] {logging_mixin.py:188} INFO - [2026-09-06T02:06:25.251+0000] {dagbag.py:545} INFO - Filling up the DagBag from /opt/airflow/dags/silver_processing_dag.py
[2026-09-06T02:06:25.670+0000] {processor.py:840} INFO - DAG(s) 'process_silver_layer' retrieved from /opt/airflow/dags/silver_processing_dag.py
[2026-09-06T02:06:25.866+0000] {logging_mixin.py:188} INFO - [2026-09-06T02:06:25.865+0000] {dag.py:3096} INFO - Sync 1 DAGs
[2026-09-06T02:06:25.988+0000] {logging_mixin.py:188} INFO - [2026-09-06T02:06:25.988+0000] {dag.py:3954} INFO - Setting next_dagrun for process_silver_layer to None, run_after=None
[2026-09-06T02:06:26.106+0000] {processor.py:183} INFO - Processing /opt/airflow/dags/silver_processing_dag.py took 0.953 seconds
[2026-09-06T02:06:56.504+0000] {processor.py:161} INFO - Started process (PID=25418) to work on /opt/airflow/dags/silver_processing_dag.py
[2026-09-06T02:06:56.525+0000] {processor.py:830} INFO - Processing file /opt/airflow/dags/silver_processing_dag.py for tasks to queue
[2026-09-06T02:06:56.539+0000] {logging_mixin.py:188} INFO - [2026-09-06T02:06:56.537+0000] {dagbag.py:545} INFO - Filling up the DagBag from /opt/airflow/dags/silver_processing_dag.py
[2026-09-06T02:06:56.639+0000] {processor.py:840} INFO - DAG(s) 'process_silver_layer' retrieved from /opt/airflow/dags/silver_processing_dag.py
[2026-09-06T02:06:56.741+0000] {logging_mixin.py:188} INFO - [2026-09-06T02:06:56.741+0000] {dag.py:3096} INFO - Sync 1 DAGs
[2026-09-06T02:06:56.836+0000] {logging_mixin.py:188} INFO - [2026-09-06T02:06:56.836+0000] {dag.py:3954} INFO - Setting next_dagrun for process_silver_layer to None, run_after=None
[2026-09-06T02:06:56.984+0000] {processor.py:183} INFO - Processing /opt/airflow/dags/silver_processing_dag.py took 0.521 seconds
[2026-09-06T02:07:27.521+0000] {processor.py:161} INFO - Started process (PID=25500) to work on /opt/airflow/dags/silver_processing_dag.py
[2026-09-06T02:07:27.527+0000] {processor.py:830} INFO - Processing file /opt/airflow/dags/silver_processing_dag.py for tasks to queue
[2026-09-06T02:07:27.546+0000] {logging_mixin.py:188} INFO - [2026-09-06T02:07:27.538+0000] {dagbag.py:545} INFO - Filling up the DagBag from /opt/airflow/dags/silver_processing_dag.py
[2026-09-06T02:07:27.633+0000] {processor.py:840} INFO - DAG(s) 'process_silver_layer' retrieved from /opt/airflow/dags/silver_processing_dag.py
[2026-09-06T02:07:27.722+0000] {logging_mixin.py:188} INFO - [2026-09-06T02:07:27.717+0000] {dag.py:3096} INFO - Sync 1 DAGs
[2026-09-06T02:07:27.771+0000] {logging_mixin.py:188} INFO - [2026-09-06T02:07:27.771+0000] {dag.py:3954} INFO - Setting next_dagrun for process_silver_layer to None, run_after=None
[2026-09-06T02:07:27.875+0000] {processor.py:183} INFO - Processing /opt/airflow/dags/silver_processing_dag.py took 0.395 seconds
[2026-09-06T02:07:58.217+0000] {processor.py:161} INFO - Started process (PID=25595) to work on /opt/airflow/dags/silver_processing_dag.py
[2026-09-06T02:07:58.221+0000] {processor.py:830} INFO - Processing file /opt/airflow/dags/silver_processing_dag.py for tasks to queue
[2026-09-06T02:07:58.229+0000] {logging_mixin.py:188} INFO - [2026-09-06T02:07:58.228+0000] {dagbag.py:545} INFO - Filling up the DagBag from /opt/airflow/dags/silver_processing_dag.py
[2026-09-06T02:07:58.357+0000] {processor.py:840} INFO - DAG(s) 'process_silver_layer' retrieved from /opt/airflow/dags/silver_processing_dag.py
[2026-09-06T02:07:58.430+0000] {logging_mixin.py:188} INFO - [2026-09-06T02:07:58.429+0000] {dag.py:3096} INFO - Sync 1 DAGs
[2026-09-06T02:07:58.478+0000] {logging_mixin.py:188} INFO - [2026-09-06T02:07:58.477+0000] {dag.py:3954} INFO - Setting next_dagrun for process_silver_layer to None, run_after=None
[2026-09-06T02:07:58.579+0000] {processor.py:183} INFO - Processing /opt/airflow/dags/silver_processing_dag.py took 0.386 seconds
[2026-09-06T02:08:29.164+0000] {processor.py:161} INFO - Started process (PID=25648) to work on /opt/airflow/dags/silver_processing_dag.py
[2026-09-06T02:08:29.176+0000] {processor.py:830} INFO - Processing file /opt/airflow/dags/silver_processing_dag.py for tasks to queue
[2026-09-06T02:08:29.201+0000] {logging_mixin.py:188} INFO - [2026-09-06T02:08:29.199+0000] {dagbag.py:545} INFO - Filling up the DagBag from /opt/airflow/dags/silver_processing_dag.py
[2026-09-06T02:08:29.337+0000] {processor.py:840} INFO - DAG(s) 'process_silver_layer' retrieved from /opt/airflow/dags/silver_processing_dag.py
[2026-09-06T02:08:29.439+0000] {logging_mixin.py:188} INFO - [2026-09-06T02:08:29.438+0000] {dag.py:3096} INFO - Sync 1 DAGs
[2026-09-06T02:08:29.507+0000] {logging_mixin.py:188} INFO - [2026-09-06T02:08:29.506+0000] {dag.py:3954} INFO - Setting next_dagrun for process_silver_layer to None, run_after=None
[2026-09-06T02:08:29.615+0000] {processor.py:183} INFO - Processing /opt/airflow/dags/silver_processing_dag.py took 0.534 seconds
[2026-09-06T02:09:00.318+0000] {processor.py:161} INFO - Started process (PID=25666) to work on /opt/airflow/dags/silver_processing_dag.py
[2026-09-06T02:09:00.321+0000] {processor.py:830} INFO - Processing file /opt/airflow/dags/silver_processing_dag.py for tasks to queue
[2026-09-06T02:09:00.330+0000] {logging_mixin.py:188} INFO - [2026-09-06T02:09:00.329+0000] {dagbag.py:545} INFO - Filling up the DagBag from /opt/airflow/dags/silver_processing_dag.py
[2026-09-06T02:09:00.398+0000] {processor.py:840} INFO - DAG(s) 'process_silver_layer' retrieved from /opt/airflow/dags/silver_processing_dag.py
[2026-09-06T02:09:00.497+0000] {logging_mixin.py:188} INFO - [2026-09-06T02:09:00.496+0000] {dag.py:3096} INFO - Sync 1 DAGs
[2026-09-06T02:09:00.594+0000] {logging_mixin.py:188} INFO - [2026-09-06T02:09:00.593+0000] {dag.py:3954} INFO - Setting next_dagrun for process_silver_layer to None, run_after=None
[2026-09-06T02:09:00.735+0000] {processor.py:183} INFO - Processing /opt/airflow/dags/silver_processing_dag.py took 0.440 seconds
[2026-09-06T02:09:31.241+0000] {processor.py:161} INFO - Started process (PID=25681) to work on /opt/airflow/dags/silver_processing_dag.py
[2026-09-06T02:09:31.246+0000] {processor.py:830} INFO - Processing file /opt/airflow/dags/silver_processing_dag.py for tasks to queue
[2026-09-06T02:09:31.257+0000] {logging_mixin.py:188} INFO - [2026-09-06T02:09:31.256+0000] {dagbag.py:545} INFO - Filling up the DagBag from /opt/airflow/dags/silver_processing_dag.py
[2026-09-06T02:09:31.357+0000] {processor.py:840} INFO - DAG(s) 'process_silver_layer' retrieved from /opt/airflow/dags/silver_processing_dag.py
[2026-09-06T02:09:31.508+0000] {logging_mixin.py:188} INFO - [2026-09-06T02:09:31.507+0000] {dag.py:3096} INFO - Sync 1 DAGs
[2026-09-06T02:09:31.628+0000] {logging_mixin.py:188} INFO - [2026-09-06T02:09:31.624+0000] {dag.py:3954} INFO - Setting next_dagrun for process_silver_layer to None, run_after=None
[2026-09-06T02:09:31.768+0000] {processor.py:183} INFO - Processing /opt/airflow/dags/silver_processing_dag.py took 0.553 seconds
[2026-09-06T02:10:02.625+0000] {processor.py:161} INFO - Started process (PID=25696) to work on /opt/airflow/dags/silver_processing_dag.py
[2026-09-06T02:10:02.630+0000] {processor.py:830} INFO - Processing file /opt/airflow/dags/silver_processing_dag.py for tasks to queue
[2026-09-06T02:10:02.645+0000] {logging_mixin.py:188} INFO - [2026-09-06T02:10:02.636+0000] {dagbag.py:545} INFO - Filling up the DagBag from /opt/airflow/dags/silver_processing_dag.py
[2026-09-06T02:10:02.861+0000] {processor.py:840} INFO - DAG(s) 'process_silver_layer' retrieved from /opt/airflow/dags/silver_processing_dag.py
[2026-09-06T02:10:03.027+0000] {logging_mixin.py:188} INFO - [2026-09-06T02:10:03.027+0000] {dag.py:3096} INFO - Sync 1 DAGs
[2026-09-06T02:10:03.085+0000] {logging_mixin.py:188} INFO - [2026-09-06T02:10:03.085+0000] {dag.py:3954} INFO - Setting next_dagrun for process_silver_layer to None, run_after=None
[2026-09-06T02:10:03.148+0000] {processor.py:183} INFO - Processing /opt/airflow/dags/silver_processing_dag.py took 0.552 seconds
[2026-09-06T02:10:33.745+0000] {processor.py:161} INFO - Started process (PID=25711) to work on /opt/airflow/dags/silver_processing_dag.py
[2026-09-06T02:10:33.751+0000] {processor.py:830} INFO - Processing file /opt/airflow/dags/silver_processing_dag.py for tasks to queue
[2026-09-06T02:10:33.765+0000] {logging_mixin.py:188} INFO - [2026-09-06T02:10:33.764+0000] {dagbag.py:545} INFO - Filling up the DagBag from /opt/airflow/dags/silver_processing_dag.py
[2026-09-06T02:10:33.832+0000] {processor.py:840} INFO - DAG(s) 'process_silver_layer' retrieved from /opt/airflow/dags/silver_processing_dag.py
[2026-09-06T02:10:33.906+0000] {logging_mixin.py:188} INFO - [2026-09-06T02:10:33.906+0000] {dag.py:3096} INFO - Sync 1 DAGs
[2026-09-06T02:10:33.991+0000] {logging_mixin.py:188} INFO - [2026-09-06T02:10:33.991+0000] {dag.py:3954} INFO - Setting next_dagrun for process_silver_layer to None, run_after=None
[2026-09-06T02:10:34.115+0000] {processor.py:183} INFO - Processing /opt/airflow/dags/silver_processing_dag.py took 0.398 seconds
[2026-09-06T02:11:04.611+0000] {processor.py:161} INFO - Started process (PID=25726) to work on /opt/airflow/dags/silver_processing_dag.py
[2026-09-06T02:11:04.615+0000] {processor.py:830} INFO - Processing file /opt/airflow/dags/silver_processing_dag.py for tasks to queue
[2026-09-06T02:11:04.624+0000] {logging_mixin.py:188} INFO - [2026-09-06T02:11:04.622+0000] {dagbag.py:545} INFO - Filling up the DagBag from /opt/airflow/dags/silver_processing_dag.py
[2026-09-06T02:11:04.685+0000] {processor.py:840} INFO - DAG(s) 'process_silver_layer' retrieved from /opt/airflow/dags/silver_processing_dag.py
[2026-09-06T02:11:04.784+0000] {logging_mixin.py:188} INFO - [2026-09-06T02:11:04.783+0000] {dag.py:3096} INFO - Sync 1 DAGs
[2026-09-06T02:11:04.832+0000] {logging_mixin.py:188} INFO - [2026-09-06T02:11:04.831+0000] {dag.py:3954} INFO - Setting next_dagrun for process_silver_layer to None, run_after=None
[2026-09-06T02:11:04.905+0000] {processor.py:183} INFO - Processing /opt/airflow/dags/silver_processing_dag.py took 0.320 seconds
[2026-09-06T02:11:35.709+0000] {processor.py:161} INFO - Started process (PID=25741) to work on /opt/airflow/dags/silver_processing_dag.py
[2026-09-06T02:11:35.715+0000] {processor.py:830} INFO - Processing file /opt/airflow/dags/silver_processing_dag.py for tasks to queue
[2026-09-06T02:11:35.724+0000] {logging_mixin.py:188} INFO - [2026-09-06T02:11:35.723+0000] {dagbag.py:545} INFO - Filling up the DagBag from /opt/airflow/dags/silver_processing_dag.py
[2026-09-06T02:11:35.802+0000] {processor.py:840} INFO - DAG(s) 'process_silver_layer' retrieved from /opt/airflow/dags/silver_processing_dag.py
[2026-09-06T02:11:35.931+0000] {logging_mixin.py:188} INFO - [2026-09-06T02:11:35.930+0000] {dag.py:3096} INFO - Sync 1 DAGs
[2026-09-06T02:11:35.999+0000] {logging_mixin.py:188} INFO - [2026-09-06T02:11:35.998+0000] {dag.py:3954} INFO - Setting next_dagrun for process_silver_layer to None, run_after=None
[2026-09-06T02:11:36.174+0000] {processor.py:183} INFO - Processing /opt/airflow/dags/silver_processing_dag.py took 0.494 seconds
[2026-09-06T02:12:06.808+0000] {processor.py:161} INFO - Started process (PID=25756) to work on /opt/airflow/dags/silver_processing_dag.py
[2026-09-06T02:12:06.816+0000] {processor.py:830} INFO - Processing file /opt/airflow/dags/silver_processing_dag.py for tasks to queue
[2026-09-06T02:12:06.836+0000] {logging_mixin.py:188} INFO - [2026-09-06T02:12:06.835+0000] {dagbag.py:545} INFO - Filling up the DagBag from /opt/airflow/dags/silver_processing_dag.py
[2026-09-06T02:12:06.980+0000] {processor.py:840} INFO - DAG(s) 'process_silver_layer' retrieved from /opt/airflow/dags/silver_processing_dag.py
[2026-09-06T02:12:07.076+0000] {logging_mixin.py:188} INFO - [2026-09-06T02:12:07.075+0000] {dag.py:3096} INFO - Sync 1 DAGs
[2026-09-06T02:12:07.130+0000] {logging_mixin.py:188} INFO - [2026-09-06T02:12:07.130+0000] {dag.py:3954} INFO - Setting next_dagrun for process_silver_layer to None, run_after=None
[2026-09-06T02:12:07.196+0000] {processor.py:183} INFO - Processing /opt/airflow/dags/silver_processing_dag.py took 0.437 seconds
[2026-09-06T02:12:38.024+0000] {processor.py:161} INFO - Started process (PID=25771) to work on /opt/airflow/dags/silver_processing_dag.py
[2026-09-06T02:12:38.029+0000] {processor.py:830} INFO - Processing file /opt/airflow/dags/silver_processing_dag.py for tasks to queue
[2026-09-06T02:12:38.039+0000] {logging_mixin.py:188} INFO - [2026-09-06T02:12:38.038+0000] {dagbag.py:545} INFO - Filling up the DagBag from /opt/airflow/dags/silver_processing_dag.py
[2026-09-06T02:12:38.124+0000] {processor.py:840} INFO - DAG(s) 'process_silver_layer' retrieved from /opt/airflow/dags/silver_processing_dag.py
[2026-09-06T02:12:38.212+0000] {logging_mixin.py:188} INFO - [2026-09-06T02:12:38.211+0000] {dag.py:3096} INFO - Sync 1 DAGs
[2026-09-06T02:12:38.292+0000] {logging_mixin.py:188} INFO - [2026-09-06T02:12:38.292+0000] {dag.py:3954} INFO - Setting next_dagrun for process_silver_layer to None, run_after=None
[2026-09-06T02:12:38.402+0000] {processor.py:183} INFO - Processing /opt/airflow/dags/silver_processing_dag.py took 0.404 seconds
[2026-09-06T02:13:09.034+0000] {processor.py:161} INFO - Started process (PID=25786) to work on /opt/airflow/dags/silver_processing_dag.py
[2026-09-06T02:13:09.037+0000] {processor.py:830} INFO - Processing file /opt/airflow/dags/silver_processing_dag.py for tasks to queue
[2026-09-06T02:13:09.045+0000] {logging_mixin.py:188} INFO - [2026-09-06T02:13:09.044+0000] {dagbag.py:545} INFO - Filling up the DagBag from /opt/airflow/dags/silver_processing_dag.py
[2026-09-06T02:13:09.119+0000] {processor.py:840} INFO - DAG(s) 'process_silver_layer' retrieved from /opt/airflow/dags/silver_processing_dag.py
[2026-09-06T02:13:09.223+0000] {logging_mixin.py:188} INFO - [2026-09-06T02:13:09.223+0000] {dag.py:3096} INFO - Sync 1 DAGs
[2026-09-06T02:13:09.300+0000] {logging_mixin.py:188} INFO - [2026-09-06T02:13:09.300+0000] {dag.py:3954} INFO - Setting next_dagrun for process_silver_layer to None, run_after=None
[2026-09-06T02:13:09.393+0000] {processor.py:183} INFO - Processing /opt/airflow/dags/silver_processing_dag.py took 0.403 seconds
[2026-09-06T02:13:39.959+0000] {processor.py:161} INFO - Started process (PID=25801) to work on /opt/airflow/dags/silver_processing_dag.py
[2026-09-06T02:13:39.963+0000] {processor.py:830} INFO - Processing file /opt/airflow/dags/silver_processing_dag.py for tasks to queue
[2026-09-06T02:13:39.975+0000] {logging_mixin.py:188} INFO - [2026-09-06T02:13:39.973+0000] {dagbag.py:545} INFO - Filling up the DagBag from /opt/airflow/dags/silver_processing_dag.py
[2026-09-06T02:13:40.054+0000] {processor.py:840} INFO - DAG(s) 'process_silver_layer' retrieved from /opt/airflow/dags/silver_processing_dag.py
[2026-09-06T02:13:40.178+0000] {logging_mixin.py:188} INFO - [2026-09-06T02:13:40.177+0000] {dag.py:3096} INFO - Sync 1 DAGs
[2026-09-06T02:13:40.389+0000] {logging_mixin.py:188} INFO - [2026-09-06T02:13:40.388+0000] {dag.py:3954} INFO - Setting next_dagrun for process_silver_layer to None, run_after=None
[2026-09-06T02:13:40.491+0000] {processor.py:183} INFO - Processing /opt/airflow/dags/silver_processing_dag.py took 0.558 seconds
[2026-09-06T02:14:10.926+0000] {processor.py:161} INFO - Started process (PID=25818) to work on /opt/airflow/dags/silver_processing_dag.py
[2026-09-06T02:14:10.937+0000] {processor.py:830} INFO - Processing file /opt/airflow/dags/silver_processing_dag.py for tasks to queue
[2026-09-06T02:14:10.946+0000] {logging_mixin.py:188} INFO - [2026-09-06T02:14:10.944+0000] {dagbag.py:545} INFO - Filling up the DagBag from /opt/airflow/dags/silver_processing_dag.py
[2026-09-06T02:14:11.063+0000] {processor.py:840} INFO - DAG(s) 'process_silver_layer' retrieved from /opt/airflow/dags/silver_processing_dag.py
[2026-09-06T02:14:11.197+0000] {logging_mixin.py:188} INFO - [2026-09-06T02:14:11.196+0000] {dag.py:3096} INFO - Sync 1 DAGs
[2026-09-06T02:14:11.266+0000] {logging_mixin.py:188} INFO - [2026-09-06T02:14:11.266+0000] {dag.py:3954} INFO - Setting next_dagrun for process_silver_layer to None, run_after=None
[2026-09-06T02:14:11.321+0000] {processor.py:183} INFO - Processing /opt/airflow/dags/silver_processing_dag.py took 0.440 seconds
[2026-09-06T02:14:41.694+0000] {processor.py:161} INFO - Started process (PID=25833) to work on /opt/airflow/dags/silver_processing_dag.py
[2026-09-06T02:14:41.707+0000] {processor.py:830} INFO - Processing file /opt/airflow/dags/silver_processing_dag.py for tasks to queue
[2026-09-06T02:14:41.727+0000] {logging_mixin.py:188} INFO - [2026-09-06T02:14:41.726+0000] {dagbag.py:545} INFO - Filling up the DagBag from /opt/airflow/dags/silver_processing_dag.py
[2026-09-06T02:14:41.841+0000] {processor.py:840} INFO - DAG(s) 'process_silver_layer' retrieved from /opt/airflow/dags/silver_processing_dag.py
[2026-09-06T02:14:41.996+0000] {logging_mixin.py:188} INFO - [2026-09-06T02:14:41.993+0000] {dag.py:3096} INFO - Sync 1 DAGs
[2026-09-06T02:14:42.056+0000] {logging_mixin.py:188} INFO - [2026-09-06T02:14:42.056+0000] {dag.py:3954} INFO - Setting next_dagrun for process_silver_layer to None, run_after=None
[2026-09-06T02:14:42.203+0000] {processor.py:183} INFO - Processing /opt/airflow/dags/silver_processing_dag.py took 0.559 seconds
[2026-09-06T02:15:12.576+0000] {processor.py:161} INFO - Started process (PID=25848) to work on /opt/airflow/dags/silver_processing_dag.py
[2026-09-06T02:15:12.579+0000] {processor.py:830} INFO - Processing file /opt/airflow/dags/silver_processing_dag.py for tasks to queue
[2026-09-06T02:15:12.591+0000] {logging_mixin.py:188} INFO - [2026-09-06T02:15:12.590+0000] {dagbag.py:545} INFO - Filling up the DagBag from /opt/airflow/dags/silver_processing_dag.py
[2026-09-06T02:15:12.649+0000] {processor.py:840} INFO - DAG(s) 'process_silver_layer' retrieved from /opt/airflow/dags/silver_processing_dag.py
[2026-09-06T02:15:12.748+0000] {logging_mixin.py:188} INFO - [2026-09-06T02:15:12.748+0000] {dag.py:3096} INFO - Sync 1 DAGs
[2026-09-06T02:15:12.833+0000] {logging_mixin.py:188} INFO - [2026-09-06T02:15:12.832+0000] {dag.py:3954} INFO - Setting next_dagrun for process_silver_layer to None, run_after=None
[2026-09-06T02:15:12.934+0000] {processor.py:183} INFO - Processing /opt/airflow/dags/silver_processing_dag.py took 0.389 seconds
[2026-09-06T02:15:43.507+0000] {processor.py:161} INFO - Started process (PID=25863) to work on /opt/airflow/dags/silver_processing_dag.py
[2026-09-06T02:15:43.510+0000] {processor.py:830} INFO - Processing file /opt/airflow/dags/silver_processing_dag.py for tasks to queue
[2026-09-06T02:15:43.521+0000] {logging_mixin.py:188} INFO - [2026-09-06T02:15:43.520+0000] {dagbag.py:545} INFO - Filling up the DagBag from /opt/airflow/dags/silver_processing_dag.py
[2026-09-06T02:15:43.566+0000] {processor.py:840} INFO - DAG(s) 'process_silver_layer' retrieved from /opt/airflow/dags/silver_processing_dag.py
[2026-09-06T02:15:43.639+0000] {logging_mixin.py:188} INFO - [2026-09-06T02:15:43.639+0000] {dag.py:3096} INFO - Sync 1 DAGs
[2026-09-06T02:15:43.677+0000] {logging_mixin.py:188} INFO - [2026-09-06T02:15:43.677+0000] {dag.py:3954} INFO - Setting next_dagrun for process_silver_layer to None, run_after=None
[2026-09-06T02:15:43.734+0000] {processor.py:183} INFO - Processing /opt/airflow/dags/silver_processing_dag.py took 0.245 seconds
[2026-09-06T02:16:14.558+0000] {processor.py:161} INFO - Started process (PID=25878) to work on /opt/airflow/dags/silver_processing_dag.py
[2026-09-06T02:16:14.561+0000] {processor.py:830} INFO - Processing file /opt/airflow/dags/silver_processing_dag.py for tasks to queue
[2026-09-06T02:16:14.577+0000] {logging_mixin.py:188} INFO - [2026-09-06T02:16:14.576+0000] {dagbag.py:545} INFO - Filling up the DagBag from /opt/airflow/dags/silver_processing_dag.py
[2026-09-06T02:16:14.677+0000] {processor.py:840} INFO - DAG(s) 'process_silver_layer' retrieved from /opt/airflow/dags/silver_processing_dag.py
[2026-09-06T02:16:14.762+0000] {logging_mixin.py:188} INFO - [2026-09-06T02:16:14.761+0000] {dag.py:3096} INFO - Sync 1 DAGs
[2026-09-06T02:16:14.819+0000] {logging_mixin.py:188} INFO - [2026-09-06T02:16:14.818+0000] {dag.py:3954} INFO - Setting next_dagrun for process_silver_layer to None, run_after=None
[2026-09-06T02:16:14.904+0000] {processor.py:183} INFO - Processing /opt/airflow/dags/silver_processing_dag.py took 0.375 seconds
[2026-09-06T02:16:45.549+0000] {processor.py:161} INFO - Started process (PID=25893) to work on /opt/airflow/dags/silver_processing_dag.py
[2026-09-06T02:16:45.552+0000] {processor.py:830} INFO - Processing file /opt/airflow/dags/silver_processing_dag.py for tasks to queue
[2026-09-06T02:16:45.559+0000] {logging_mixin.py:188} INFO - [2026-09-06T02:16:45.558+0000] {dagbag.py:545} INFO - Filling up the DagBag from /opt/airflow/dags/silver_processing_dag.py
[2026-09-06T02:16:45.605+0000] {processor.py:840} INFO - DAG(s) 'process_silver_layer' retrieved from /opt/airflow/dags/silver_processing_dag.py
[2026-09-06T02:16:45.661+0000] {logging_mixin.py:188} INFO - [2026-09-06T02:16:45.660+0000] {dag.py:3096} INFO - Sync 1 DAGs
[2026-09-06T02:16:45.703+0000] {logging_mixin.py:188} INFO - [2026-09-06T02:16:45.703+0000] {dag.py:3954} INFO - Setting next_dagrun for process_silver_layer to None, run_after=None
[2026-09-06T02:16:45.777+0000] {processor.py:183} INFO - Processing /opt/airflow/dags/silver_processing_dag.py took 0.252 seconds
[2026-09-06T02:17:16.294+0000] {processor.py:161} INFO - Started process (PID=25908) to work on /opt/airflow/dags/silver_processing_dag.py
[2026-09-06T02:17:16.297+0000] {processor.py:830} INFO - Processing file /opt/airflow/dags/silver_processing_dag.py for tasks to queue
[2026-09-06T02:17:16.303+0000] {logging_mixin.py:188} INFO - [2026-09-06T02:17:16.303+0000] {dagbag.py:545} INFO - Filling up the DagBag from /opt/airflow/dags/silver_processing_dag.py
[2026-09-06T02:17:16.364+0000] {processor.py:840} INFO - DAG(s) 'process_silver_layer' retrieved from /opt/airflow/dags/silver_processing_dag.py
[2026-09-06T02:17:16.442+0000] {logging_mixin.py:188} INFO - [2026-09-06T02:17:16.441+0000] {dag.py:3096} INFO - Sync 1 DAGs
[2026-09-06T02:17:16.483+0000] {logging_mixin.py:188} INFO - [2026-09-06T02:17:16.483+0000] {dag.py:3954} INFO - Setting next_dagrun for process_silver_layer to None, run_after=None
[2026-09-06T02:17:16.548+0000] {processor.py:183} INFO - Processing /opt/airflow/dags/silver_processing_dag.py took 0.278 seconds
[2026-09-06T02:17:47.295+0000] {processor.py:161} INFO - Started process (PID=25923) to work on /opt/airflow/dags/silver_processing_dag.py
[2026-09-06T02:17:47.301+0000] {processor.py:830} INFO - Processing file /opt/airflow/dags/silver_processing_dag.py for tasks to queue
[2026-09-06T02:17:47.308+0000] {logging_mixin.py:188} INFO - [2026-09-06T02:17:47.307+0000] {dagbag.py:545} INFO - Filling up the DagBag from /opt/airflow/dags/silver_processing_dag.py
[2026-09-06T02:17:47.385+0000] {processor.py:840} INFO - DAG(s) 'process_silver_layer' retrieved from /opt/airflow/dags/silver_processing_dag.py
[2026-09-06T02:17:47.440+0000] {logging_mixin.py:188} INFO - [2026-09-06T02:17:47.440+0000] {dag.py:3096} INFO - Sync 1 DAGs
[2026-09-06T02:17:47.477+0000] {logging_mixin.py:188} INFO - [2026-09-06T02:17:47.476+0000] {dag.py:3954} INFO - Setting next_dagrun for process_silver_layer to None, run_after=None
[2026-09-06T02:17:47.541+0000] {processor.py:183} INFO - Processing /opt/airflow/dags/silver_processing_dag.py took 0.265 seconds
[2026-09-06T02:18:18.320+0000] {processor.py:161} INFO - Started process (PID=25938) to work on /opt/airflow/dags/silver_processing_dag.py
[2026-09-06T02:18:18.322+0000] {processor.py:830} INFO - Processing file /opt/airflow/dags/silver_processing_dag.py for tasks to queue
[2026-09-06T02:18:18.330+0000] {logging_mixin.py:188} INFO - [2026-09-06T02:18:18.329+0000] {dagbag.py:545} INFO - Filling up the DagBag from /opt/airflow/dags/silver_processing_dag.py
[2026-09-06T02:18:18.378+0000] {processor.py:840} INFO - DAG(s) 'process_silver_layer' retrieved from /opt/airflow/dags/silver_processing_dag.py
[2026-09-06T02:18:18.437+0000] {logging_mixin.py:188} INFO - [2026-09-06T02:18:18.437+0000] {dag.py:3096} INFO - Sync 1 DAGs
[2026-09-06T02:18:18.473+0000] {logging_mixin.py:188} INFO - [2026-09-06T02:18:18.472+0000] {dag.py:3954} INFO - Setting next_dagrun for process_silver_layer to None, run_after=None
[2026-09-06T02:18:18.552+0000] {processor.py:183} INFO - Processing /opt/airflow/dags/silver_processing_dag.py took 0.248 seconds
[2026-09-06T02:18:49.434+0000] {processor.py:161} INFO - Started process (PID=25953) to work on /opt/airflow/dags/silver_processing_dag.py
[2026-09-06T02:18:49.437+0000] {processor.py:830} INFO - Processing file /opt/airflow/dags/silver_processing_dag.py for tasks to queue
[2026-09-06T02:18:49.443+0000] {logging_mixin.py:188} INFO - [2026-09-06T02:18:49.442+0000] {dagbag.py:545} INFO - Filling up the DagBag from /opt/airflow/dags/silver_processing_dag.py
[2026-09-06T02:18:49.484+0000] {processor.py:840} INFO - DAG(s) 'process_silver_layer' retrieved from /opt/airflow/dags/silver_processing_dag.py
[2026-09-06T02:18:49.546+0000] {logging_mixin.py:188} INFO - [2026-09-06T02:18:49.545+0000] {dag.py:3096} INFO - Sync 1 DAGs
[2026-09-06T02:18:49.579+0000] {logging_mixin.py:188} INFO - [2026-09-06T02:18:49.579+0000] {dag.py:3954} INFO - Setting next_dagrun for process_silver_layer to None, run_after=None
[2026-09-06T02:18:49.631+0000] {processor.py:183} INFO - Processing /opt/airflow/dags/silver_processing_dag.py took 0.216 seconds
[2026-09-06T02:19:20.301+0000] {processor.py:161} INFO - Started process (PID=25968) to work on /opt/airflow/dags/silver_processing_dag.py
[2026-09-06T02:19:20.306+0000] {processor.py:830} INFO - Processing file /opt/airflow/dags/silver_processing_dag.py for tasks to queue
[2026-09-06T02:19:20.311+0000] {logging_mixin.py:188} INFO - [2026-09-06T02:19:20.311+0000] {dagbag.py:545} INFO - Filling up the DagBag from /opt/airflow/dags/silver_processing_dag.py
[2026-09-06T02:19:20.371+0000] {processor.py:840} INFO - DAG(s) 'process_silver_layer' retrieved from /opt/airflow/dags/silver_processing_dag.py
[2026-09-06T02:19:20.433+0000] {logging_mixin.py:188} INFO - [2026-09-06T02:19:20.433+0000] {dag.py:3096} INFO - Sync 1 DAGs
[2026-09-06T02:19:20.475+0000] {logging_mixin.py:188} INFO - [2026-09-06T02:19:20.474+0000] {dag.py:3954} INFO - Setting next_dagrun for process_silver_layer to None, run_after=None
[2026-09-06T02:19:20.527+0000] {processor.py:183} INFO - Processing /opt/airflow/dags/silver_processing_dag.py took 0.243 seconds
[2026-09-06T02:19:50.984+0000] {processor.py:161} INFO - Started process (PID=25983) to work on /opt/airflow/dags/silver_processing_dag.py
[2026-09-06T02:19:50.987+0000] {processor.py:830} INFO - Processing file /opt/airflow/dags/silver_processing_dag.py for tasks to queue
[2026-09-06T02:19:50.997+0000] {logging_mixin.py:188} INFO - [2026-09-06T02:19:50.997+0000] {dagbag.py:545} INFO - Filling up the DagBag from /opt/airflow/dags/silver_processing_dag.py
[2026-09-06T02:19:51.057+0000] {processor.py:840} INFO - DAG(s) 'process_silver_layer' retrieved from /opt/airflow/dags/silver_processing_dag.py
[2026-09-06T02:19:51.173+0000] {logging_mixin.py:188} INFO - [2026-09-06T02:19:51.173+0000] {dag.py:3096} INFO - Sync 1 DAGs
[2026-09-06T02:19:51.282+0000] {logging_mixin.py:188} INFO - [2026-09-06T02:19:51.282+0000] {dag.py:3954} INFO - Setting next_dagrun for process_silver_layer to None, run_after=None
[2026-09-06T02:19:51.409+0000] {processor.py:183} INFO - Processing /opt/airflow/dags/silver_processing_dag.py took 0.453 seconds
[2026-09-06T02:20:22.072+0000] {processor.py:161} INFO - Started process (PID=25998) to work on /opt/airflow/dags/silver_processing_dag.py
[2026-09-06T02:20:22.080+0000] {processor.py:830} INFO - Processing file /opt/airflow/dags/silver_processing_dag.py for tasks to queue
[2026-09-06T02:20:22.091+0000] {logging_mixin.py:188} INFO - [2026-09-06T02:20:22.088+0000] {dagbag.py:545} INFO - Filling up the DagBag from /opt/airflow/dags/silver_processing_dag.py
[2026-09-06T02:20:22.204+0000] {processor.py:840} INFO - DAG(s) 'process_silver_layer' retrieved from /opt/airflow/dags/silver_processing_dag.py
[2026-09-06T02:20:22.279+0000] {logging_mixin.py:188} INFO - [2026-09-06T02:20:22.278+0000] {dag.py:3096} INFO - Sync 1 DAGs
[2026-09-06T02:20:22.334+0000] {logging_mixin.py:188} INFO - [2026-09-06T02:20:22.334+0000] {dag.py:3954} INFO - Setting next_dagrun for process_silver_layer to None, run_after=None
[2026-09-06T02:20:22.437+0000] {processor.py:183} INFO - Processing /opt/airflow/dags/silver_processing_dag.py took 0.404 seconds
[2026-09-06T02:20:52.872+0000] {processor.py:161} INFO - Started process (PID=26013) to work on /opt/airflow/dags/silver_processing_dag.py
[2026-09-06T02:20:52.875+0000] {processor.py:830} INFO - Processing file /opt/airflow/dags/silver_processing_dag.py for tasks to queue
[2026-09-06T02:20:52.891+0000] {logging_mixin.py:188} INFO - [2026-09-06T02:20:52.890+0000] {dagbag.py:545} INFO - Filling up the DagBag from /opt/airflow/dags/silver_processing_dag.py
[2026-09-06T02:20:52.965+0000] {processor.py:840} INFO - DAG(s) 'process_silver_layer' retrieved from /opt/airflow/dags/silver_processing_dag.py
[2026-09-06T02:20:53.060+0000] {logging_mixin.py:188} INFO - [2026-09-06T02:20:53.060+0000] {dag.py:3096} INFO - Sync 1 DAGs
[2026-09-06T02:20:53.131+0000] {logging_mixin.py:188} INFO - [2026-09-06T02:20:53.131+0000] {dag.py:3954} INFO - Setting next_dagrun for process_silver_layer to None, run_after=None
[2026-09-06T02:20:53.194+0000] {processor.py:183} INFO - Processing /opt/airflow/dags/silver_processing_dag.py took 0.371 seconds
[2026-09-06T02:21:23.400+0000] {processor.py:161} INFO - Started process (PID=26028) to work on /opt/airflow/dags/silver_processing_dag.py
[2026-09-06T02:21:23.403+0000] {processor.py:830} INFO - Processing file /opt/airflow/dags/silver_processing_dag.py for tasks to queue
[2026-09-06T02:21:23.409+0000] {logging_mixin.py:188} INFO - [2026-09-06T02:21:23.408+0000] {dagbag.py:545} INFO - Filling up the DagBag from /opt/airflow/dags/silver_processing_dag.py
[2026-09-06T02:21:23.477+0000] {processor.py:840} INFO - DAG(s) 'process_silver_layer' retrieved from /opt/airflow/dags/silver_processing_dag.py
[2026-09-06T02:21:23.639+0000] {logging_mixin.py:188} INFO - [2026-09-06T02:21:23.639+0000] {dag.py:3096} INFO - Sync 1 DAGs
[2026-09-06T02:21:23.693+0000] {logging_mixin.py:188} INFO - [2026-09-06T02:21:23.692+0000] {dag.py:3954} INFO - Setting next_dagrun for process_silver_layer to None, run_after=None
[2026-09-06T02:21:23.786+0000] {processor.py:183} INFO - Processing /opt/airflow/dags/silver_processing_dag.py took 0.414 seconds
[2026-09-06T02:21:53.945+0000] {processor.py:161} INFO - Started process (PID=26043) to work on /opt/airflow/dags/silver_processing_dag.py
[2026-09-06T02:21:53.950+0000] {processor.py:830} INFO - Processing file /opt/airflow/dags/silver_processing_dag.py for tasks to queue
[2026-09-06T02:21:53.963+0000] {logging_mixin.py:188} INFO - [2026-09-06T02:21:53.960+0000] {dagbag.py:545} INFO - Filling up the DagBag from /opt/airflow/dags/silver_processing_dag.py
[2026-09-06T02:21:54.039+0000] {processor.py:840} INFO - DAG(s) 'process_silver_layer' retrieved from /opt/airflow/dags/silver_processing_dag.py
[2026-09-06T02:21:54.116+0000] {logging_mixin.py:188} INFO - [2026-09-06T02:21:54.116+0000] {dag.py:3096} INFO - Sync 1 DAGs
[2026-09-06T02:21:54.205+0000] {logging_mixin.py:188} INFO - [2026-09-06T02:21:54.204+0000] {dag.py:3954} INFO - Setting next_dagrun for process_silver_layer to None, run_after=None
[2026-09-06T02:21:54.332+0000] {processor.py:183} INFO - Processing /opt/airflow/dags/silver_processing_dag.py took 0.412 seconds
[2026-09-06T02:22:24.609+0000] {processor.py:161} INFO - Started process (PID=26056) to work on /opt/airflow/dags/silver_processing_dag.py
[2026-09-06T02:22:24.662+0000] {processor.py:830} INFO - Processing file /opt/airflow/dags/silver_processing_dag.py for tasks to queue
[2026-09-06T02:22:24.672+0000] {logging_mixin.py:188} INFO - [2026-09-06T02:22:24.672+0000] {dagbag.py:545} INFO - Filling up the DagBag from /opt/airflow/dags/silver_processing_dag.py
[2026-09-06T02:22:24.765+0000] {processor.py:840} INFO - DAG(s) 'process_silver_layer' retrieved from /opt/airflow/dags/silver_processing_dag.py
[2026-09-06T02:22:24.897+0000] {logging_mixin.py:188} INFO - [2026-09-06T02:22:24.897+0000] {dag.py:3096} INFO - Sync 1 DAGs
[2026-09-06T02:22:25.007+0000] {logging_mixin.py:188} INFO - [2026-09-06T02:22:25.006+0000] {dag.py:3954} INFO - Setting next_dagrun for process_silver_layer to None, run_after=None
[2026-09-06T02:22:25.126+0000] {processor.py:183} INFO - Processing /opt/airflow/dags/silver_processing_dag.py took 0.556 seconds
[2026-09-06T02:22:55.890+0000] {processor.py:161} INFO - Started process (PID=26073) to work on /opt/airflow/dags/silver_processing_dag.py
[2026-09-06T02:22:55.907+0000] {processor.py:830} INFO - Processing file /opt/airflow/dags/silver_processing_dag.py for tasks to queue
[2026-09-06T02:22:55.924+0000] {logging_mixin.py:188} INFO - [2026-09-06T02:22:55.923+0000] {dagbag.py:545} INFO - Filling up the DagBag from /opt/airflow/dags/silver_processing_dag.py
[2026-09-06T02:22:56.251+0000] {processor.py:840} INFO - DAG(s) 'process_silver_layer' retrieved from /opt/airflow/dags/silver_processing_dag.py
[2026-09-06T02:22:56.375+0000] {logging_mixin.py:188} INFO - [2026-09-06T02:22:56.375+0000] {dag.py:3096} INFO - Sync 1 DAGs
[2026-09-06T02:22:56.493+0000] {logging_mixin.py:188} INFO - [2026-09-06T02:22:56.493+0000] {dag.py:3954} INFO - Setting next_dagrun for process_silver_layer to None, run_after=None
[2026-09-06T02:22:56.691+0000] {processor.py:183} INFO - Processing /opt/airflow/dags/silver_processing_dag.py took 0.852 seconds
[2026-09-06T02:23:27.187+0000] {processor.py:161} INFO - Started process (PID=26088) to work on /opt/airflow/dags/silver_processing_dag.py
[2026-09-06T02:23:27.193+0000] {processor.py:830} INFO - Processing file /opt/airflow/dags/silver_processing_dag.py for tasks to queue
[2026-09-06T02:23:27.203+0000] {logging_mixin.py:188} INFO - [2026-09-06T02:23:27.202+0000] {dagbag.py:545} INFO - Filling up the DagBag from /opt/airflow/dags/silver_processing_dag.py
[2026-09-06T02:23:27.339+0000] {processor.py:840} INFO - DAG(s) 'process_silver_layer' retrieved from /opt/airflow/dags/silver_processing_dag.py
[2026-09-06T02:23:27.400+0000] {logging_mixin.py:188} INFO - [2026-09-06T02:23:27.399+0000] {dag.py:3096} INFO - Sync 1 DAGs
[2026-09-06T02:23:27.446+0000] {logging_mixin.py:188} INFO - [2026-09-06T02:23:27.445+0000] {dag.py:3954} INFO - Setting next_dagrun for process_silver_layer to None, run_after=None
[2026-09-06T02:23:27.512+0000] {processor.py:183} INFO - Processing /opt/airflow/dags/silver_processing_dag.py took 0.355 seconds
[2026-09-06T02:23:58.197+0000] {processor.py:161} INFO - Started process (PID=26103) to work on /opt/airflow/dags/silver_processing_dag.py
[2026-09-06T02:23:58.203+0000] {processor.py:830} INFO - Processing file /opt/airflow/dags/silver_processing_dag.py for tasks to queue
[2026-09-06T02:23:58.225+0000] {logging_mixin.py:188} INFO - [2026-09-06T02:23:58.224+0000] {dagbag.py:545} INFO - Filling up the DagBag from /opt/airflow/dags/silver_processing_dag.py
[2026-09-06T02:23:58.362+0000] {processor.py:840} INFO - DAG(s) 'process_silver_layer' retrieved from /opt/airflow/dags/silver_processing_dag.py
[2026-09-06T02:23:58.529+0000] {logging_mixin.py:188} INFO - [2026-09-06T02:23:58.528+0000] {dag.py:3096} INFO - Sync 1 DAGs
[2026-09-06T02:23:58.619+0000] {logging_mixin.py:188} INFO - [2026-09-06T02:23:58.619+0000] {dag.py:3954} INFO - Setting next_dagrun for process_silver_layer to None, run_after=None
[2026-09-06T02:23:58.799+0000] {processor.py:183} INFO - Processing /opt/airflow/dags/silver_processing_dag.py took 0.642 seconds
[2026-09-06T02:24:29.051+0000] {processor.py:161} INFO - Started process (PID=26118) to work on /opt/airflow/dags/silver_processing_dag.py
[2026-09-06T02:24:29.055+0000] {processor.py:830} INFO - Processing file /opt/airflow/dags/silver_processing_dag.py for tasks to queue
[2026-09-06T02:24:29.063+0000] {logging_mixin.py:188} INFO - [2026-09-06T02:24:29.062+0000] {dagbag.py:545} INFO - Filling up the DagBag from /opt/airflow/dags/silver_processing_dag.py
[2026-09-06T02:24:29.117+0000] {processor.py:840} INFO - DAG(s) 'process_silver_layer' retrieved from /opt/airflow/dags/silver_processing_dag.py
[2026-09-06T02:24:29.179+0000] {logging_mixin.py:188} INFO - [2026-09-06T02:24:29.178+0000] {dag.py:3096} INFO - Sync 1 DAGs
[2026-09-06T02:24:29.226+0000] {logging_mixin.py:188} INFO - [2026-09-06T02:24:29.226+0000] {dag.py:3954} INFO - Setting next_dagrun for process_silver_layer to None, run_after=None
[2026-09-06T02:24:29.309+0000] {processor.py:183} INFO - Processing /opt/airflow/dags/silver_processing_dag.py took 0.279 seconds
[2026-09-06T02:24:59.983+0000] {processor.py:161} INFO - Started process (PID=26133) to work on /opt/airflow/dags/silver_processing_dag.py
[2026-09-06T02:24:59.999+0000] {processor.py:830} INFO - Processing file /opt/airflow/dags/silver_processing_dag.py for tasks to queue
[2026-09-06T02:25:00.018+0000] {logging_mixin.py:188} INFO - [2026-09-06T02:25:00.017+0000] {dagbag.py:545} INFO - Filling up the DagBag from /opt/airflow/dags/silver_processing_dag.py
[2026-09-06T02:25:00.180+0000] {processor.py:840} INFO - DAG(s) 'process_silver_layer' retrieved from /opt/airflow/dags/silver_processing_dag.py
[2026-09-06T02:25:00.299+0000] {logging_mixin.py:188} INFO - [2026-09-06T02:25:00.299+0000] {dag.py:3096} INFO - Sync 1 DAGs
[2026-09-06T02:25:00.342+0000] {logging_mixin.py:188} INFO - [2026-09-06T02:25:00.342+0000] {dag.py:3954} INFO - Setting next_dagrun for process_silver_layer to None, run_after=None
[2026-09-06T02:25:00.407+0000] {processor.py:183} INFO - Processing /opt/airflow/dags/silver_processing_dag.py took 0.453 seconds
[2026-09-06T02:25:31.281+0000] {processor.py:161} INFO - Started process (PID=26148) to work on /opt/airflow/dags/silver_processing_dag.py
[2026-09-06T02:25:31.306+0000] {processor.py:830} INFO - Processing file /opt/airflow/dags/silver_processing_dag.py for tasks to queue
[2026-09-06T02:25:31.325+0000] {logging_mixin.py:188} INFO - [2026-09-06T02:25:31.324+0000] {dagbag.py:545} INFO - Filling up the DagBag from /opt/airflow/dags/silver_processing_dag.py
[2026-09-06T02:25:31.409+0000] {processor.py:840} INFO - DAG(s) 'process_silver_layer' retrieved from /opt/airflow/dags/silver_processing_dag.py
[2026-09-06T02:25:31.514+0000] {logging_mixin.py:188} INFO - [2026-09-06T02:25:31.514+0000] {dag.py:3096} INFO - Sync 1 DAGs
[2026-09-06T02:25:31.573+0000] {logging_mixin.py:188} INFO - [2026-09-06T02:25:31.573+0000] {dag.py:3954} INFO - Setting next_dagrun for process_silver_layer to None, run_after=None
[2026-09-06T02:25:31.672+0000] {processor.py:183} INFO - Processing /opt/airflow/dags/silver_processing_dag.py took 0.417 seconds
[2026-09-06T02:26:01.925+0000] {processor.py:161} INFO - Started process (PID=26163) to work on /opt/airflow/dags/silver_processing_dag.py
[2026-09-06T02:26:01.928+0000] {processor.py:830} INFO - Processing file /opt/airflow/dags/silver_processing_dag.py for tasks to queue
[2026-09-06T02:26:01.938+0000] {logging_mixin.py:188} INFO - [2026-09-06T02:26:01.937+0000] {dagbag.py:545} INFO - Filling up the DagBag from /opt/airflow/dags/silver_processing_dag.py
[2026-09-06T02:26:01.983+0000] {processor.py:840} INFO - DAG(s) 'process_silver_layer' retrieved from /opt/airflow/dags/silver_processing_dag.py
[2026-09-06T02:26:02.047+0000] {logging_mixin.py:188} INFO - [2026-09-06T02:26:02.046+0000] {dag.py:3096} INFO - Sync 1 DAGs
[2026-09-06T02:26:02.110+0000] {logging_mixin.py:188} INFO - [2026-09-06T02:26:02.110+0000] {dag.py:3954} INFO - Setting next_dagrun for process_silver_layer to None, run_after=None
[2026-09-06T02:26:02.224+0000] {processor.py:183} INFO - Processing /opt/airflow/dags/silver_processing_dag.py took 0.320 seconds
[2026-09-06T02:26:32.648+0000] {processor.py:161} INFO - Started process (PID=26178) to work on /opt/airflow/dags/silver_processing_dag.py
[2026-09-06T02:26:32.651+0000] {processor.py:830} INFO - Processing file /opt/airflow/dags/silver_processing_dag.py for tasks to queue
[2026-09-06T02:26:32.666+0000] {logging_mixin.py:188} INFO - [2026-09-06T02:26:32.665+0000] {dagbag.py:545} INFO - Filling up the DagBag from /opt/airflow/dags/silver_processing_dag.py
[2026-09-06T02:26:32.813+0000] {processor.py:840} INFO - DAG(s) 'process_silver_layer' retrieved from /opt/airflow/dags/silver_processing_dag.py
[2026-09-06T02:26:33.049+0000] {logging_mixin.py:188} INFO - [2026-09-06T02:26:33.048+0000] {dag.py:3096} INFO - Sync 1 DAGs
[2026-09-06T02:26:33.159+0000] {logging_mixin.py:188} INFO - [2026-09-06T02:26:33.159+0000] {dag.py:3954} INFO - Setting next_dagrun for process_silver_layer to None, run_after=None
[2026-09-06T02:26:33.233+0000] {processor.py:183} INFO - Processing /opt/airflow/dags/silver_processing_dag.py took 0.618 seconds
[2026-09-06T02:27:03.694+0000] {processor.py:161} INFO - Started process (PID=26193) to work on /opt/airflow/dags/silver_processing_dag.py
[2026-09-06T02:27:03.699+0000] {processor.py:830} INFO - Processing file /opt/airflow/dags/silver_processing_dag.py for tasks to queue
[2026-09-06T02:27:03.716+0000] {logging_mixin.py:188} INFO - [2026-09-06T02:27:03.715+0000] {dagbag.py:545} INFO - Filling up the DagBag from /opt/airflow/dags/silver_processing_dag.py
[2026-09-06T02:27:03.810+0000] {processor.py:840} INFO - DAG(s) 'process_silver_layer' retrieved from /opt/airflow/dags/silver_processing_dag.py
[2026-09-06T02:27:03.941+0000] {logging_mixin.py:188} INFO - [2026-09-06T02:27:03.941+0000] {dag.py:3096} INFO - Sync 1 DAGs
[2026-09-06T02:27:04.052+0000] {logging_mixin.py:188} INFO - [2026-09-06T02:27:04.051+0000] {dag.py:3954} INFO - Setting next_dagrun for process_silver_layer to None, run_after=None
[2026-09-06T02:27:04.180+0000] {processor.py:183} INFO - Processing /opt/airflow/dags/silver_processing_dag.py took 0.526 seconds
[2026-09-06T02:27:34.515+0000] {processor.py:161} INFO - Started process (PID=26208) to work on /opt/airflow/dags/silver_processing_dag.py
[2026-09-06T02:27:34.517+0000] {processor.py:830} INFO - Processing file /opt/airflow/dags/silver_processing_dag.py for tasks to queue
[2026-09-06T02:27:34.525+0000] {logging_mixin.py:188} INFO - [2026-09-06T02:27:34.524+0000] {dagbag.py:545} INFO - Filling up the DagBag from /opt/airflow/dags/silver_processing_dag.py
[2026-09-06T02:27:34.570+0000] {processor.py:840} INFO - DAG(s) 'process_silver_layer' retrieved from /opt/airflow/dags/silver_processing_dag.py
[2026-09-06T02:27:34.624+0000] {logging_mixin.py:188} INFO - [2026-09-06T02:27:34.623+0000] {dag.py:3096} INFO - Sync 1 DAGs
[2026-09-06T02:27:34.668+0000] {logging_mixin.py:188} INFO - [2026-09-06T02:27:34.667+0000] {dag.py:3954} INFO - Setting next_dagrun for process_silver_layer to None, run_after=None
[2026-09-06T02:27:34.947+0000] {processor.py:183} INFO - Processing /opt/airflow/dags/silver_processing_dag.py took 0.450 seconds
[2026-09-06T02:28:05.183+0000] {processor.py:161} INFO - Started process (PID=26223) to work on /opt/airflow/dags/silver_processing_dag.py
[2026-09-06T02:28:05.195+0000] {processor.py:830} INFO - Processing file /opt/airflow/dags/silver_processing_dag.py for tasks to queue
[2026-09-06T02:28:05.212+0000] {logging_mixin.py:188} INFO - [2026-09-06T02:28:05.211+0000] {dagbag.py:545} INFO - Filling up the DagBag from /opt/airflow/dags/silver_processing_dag.py
[2026-09-06T02:28:05.296+0000] {processor.py:840} INFO - DAG(s) 'process_silver_layer' retrieved from /opt/airflow/dags/silver_processing_dag.py
[2026-09-06T02:28:05.425+0000] {logging_mixin.py:188} INFO - [2026-09-06T02:28:05.425+0000] {dag.py:3096} INFO - Sync 1 DAGs
[2026-09-06T02:28:05.520+0000] {logging_mixin.py:188} INFO - [2026-09-06T02:28:05.519+0000] {dag.py:3954} INFO - Setting next_dagrun for process_silver_layer to None, run_after=None
[2026-09-06T02:28:05.622+0000] {processor.py:183} INFO - Processing /opt/airflow/dags/silver_processing_dag.py took 0.482 seconds
[2026-09-06T02:28:36.294+0000] {processor.py:161} INFO - Started process (PID=26238) to work on /opt/airflow/dags/silver_processing_dag.py
[2026-09-06T02:28:36.306+0000] {processor.py:830} INFO - Processing file /opt/airflow/dags/silver_processing_dag.py for tasks to queue
[2026-09-06T02:28:36.322+0000] {logging_mixin.py:188} INFO - [2026-09-06T02:28:36.313+0000] {dagbag.py:545} INFO - Filling up the DagBag from /opt/airflow/dags/silver_processing_dag.py
[2026-09-06T02:28:36.408+0000] {processor.py:840} INFO - DAG(s) 'process_silver_layer' retrieved from /opt/airflow/dags/silver_processing_dag.py
[2026-09-06T02:28:36.524+0000] {logging_mixin.py:188} INFO - [2026-09-06T02:28:36.524+0000] {dag.py:3096} INFO - Sync 1 DAGs
[2026-09-06T02:28:36.605+0000] {logging_mixin.py:188} INFO - [2026-09-06T02:28:36.605+0000] {dag.py:3954} INFO - Setting next_dagrun for process_silver_layer to None, run_after=None
[2026-09-06T02:28:36.717+0000] {processor.py:183} INFO - Processing /opt/airflow/dags/silver_processing_dag.py took 0.467 seconds
[2026-09-06T02:29:07.143+0000] {processor.py:161} INFO - Started process (PID=26253) to work on /opt/airflow/dags/silver_processing_dag.py
[2026-09-06T02:29:07.146+0000] {processor.py:830} INFO - Processing file /opt/airflow/dags/silver_processing_dag.py for tasks to queue
[2026-09-06T02:29:07.163+0000] {logging_mixin.py:188} INFO - [2026-09-06T02:29:07.161+0000] {dagbag.py:545} INFO - Filling up the DagBag from /opt/airflow/dags/silver_processing_dag.py
[2026-09-06T02:29:07.243+0000] {processor.py:840} INFO - DAG(s) 'process_silver_layer' retrieved from /opt/airflow/dags/silver_processing_dag.py
[2026-09-06T02:29:07.386+0000] {logging_mixin.py:188} INFO - [2026-09-06T02:29:07.385+0000] {dag.py:3096} INFO - Sync 1 DAGs
[2026-09-06T02:29:07.479+0000] {logging_mixin.py:188} INFO - [2026-09-06T02:29:07.472+0000] {dag.py:3954} INFO - Setting next_dagrun for process_silver_layer to None, run_after=None
[2026-09-06T02:29:07.593+0000] {processor.py:183} INFO - Processing /opt/airflow/dags/silver_processing_dag.py took 0.493 seconds
[2026-09-06T02:29:38.025+0000] {processor.py:161} INFO - Started process (PID=26268) to work on /opt/airflow/dags/silver_processing_dag.py
[2026-09-06T02:29:38.037+0000] {processor.py:830} INFO - Processing file /opt/airflow/dags/silver_processing_dag.py for tasks to queue
[2026-09-06T02:29:38.044+0000] {logging_mixin.py:188} INFO - [2026-09-06T02:29:38.043+0000] {dagbag.py:545} INFO - Filling up the DagBag from /opt/airflow/dags/silver_processing_dag.py
[2026-09-06T02:29:38.129+0000] {processor.py:840} INFO - DAG(s) 'process_silver_layer' retrieved from /opt/airflow/dags/silver_processing_dag.py
[2026-09-06T02:29:38.249+0000] {logging_mixin.py:188} INFO - [2026-09-06T02:29:38.249+0000] {dag.py:3096} INFO - Sync 1 DAGs
[2026-09-06T02:29:38.334+0000] {logging_mixin.py:188} INFO - [2026-09-06T02:29:38.333+0000] {dag.py:3954} INFO - Setting next_dagrun for process_silver_layer to None, run_after=None
[2026-09-06T02:29:38.442+0000] {processor.py:183} INFO - Processing /opt/airflow/dags/silver_processing_dag.py took 0.458 seconds
[2026-09-06T02:30:08.860+0000] {processor.py:161} INFO - Started process (PID=26283) to work on /opt/airflow/dags/silver_processing_dag.py
[2026-09-06T02:30:08.863+0000] {processor.py:830} INFO - Processing file /opt/airflow/dags/silver_processing_dag.py for tasks to queue
[2026-09-06T02:30:08.878+0000] {logging_mixin.py:188} INFO - [2026-09-06T02:30:08.877+0000] {dagbag.py:545} INFO - Filling up the DagBag from /opt/airflow/dags/silver_processing_dag.py
[2026-09-06T02:30:08.943+0000] {processor.py:840} INFO - DAG(s) 'process_silver_layer' retrieved from /opt/airflow/dags/silver_processing_dag.py
[2026-09-06T02:30:09.041+0000] {logging_mixin.py:188} INFO - [2026-09-06T02:30:09.040+0000] {dag.py:3096} INFO - Sync 1 DAGs
[2026-09-06T02:30:09.128+0000] {logging_mixin.py:188} INFO - [2026-09-06T02:30:09.127+0000] {dag.py:3954} INFO - Setting next_dagrun for process_silver_layer to None, run_after=None
[2026-09-06T02:30:09.243+0000] {processor.py:183} INFO - Processing /opt/airflow/dags/silver_processing_dag.py took 0.420 seconds
[2026-09-06T02:30:39.872+0000] {processor.py:161} INFO - Started process (PID=26298) to work on /opt/airflow/dags/silver_processing_dag.py
[2026-09-06T02:30:39.876+0000] {processor.py:830} INFO - Processing file /opt/airflow/dags/silver_processing_dag.py for tasks to queue
[2026-09-06T02:30:39.894+0000] {logging_mixin.py:188} INFO - [2026-09-06T02:30:39.893+0000] {dagbag.py:545} INFO - Filling up the DagBag from /opt/airflow/dags/silver_processing_dag.py
[2026-09-06T02:30:39.992+0000] {processor.py:840} INFO - DAG(s) 'process_silver_layer' retrieved from /opt/airflow/dags/silver_processing_dag.py
[2026-09-06T02:30:40.129+0000] {logging_mixin.py:188} INFO - [2026-09-06T02:30:40.129+0000] {dag.py:3096} INFO - Sync 1 DAGs
[2026-09-06T02:30:40.211+0000] {logging_mixin.py:188} INFO - [2026-09-06T02:30:40.210+0000] {dag.py:3954} INFO - Setting next_dagrun for process_silver_layer to None, run_after=None
[2026-09-06T02:30:40.311+0000] {processor.py:183} INFO - Processing /opt/airflow/dags/silver_processing_dag.py took 0.495 seconds
[2026-09-06T02:31:10.899+0000] {processor.py:161} INFO - Started process (PID=26313) to work on /opt/airflow/dags/silver_processing_dag.py
[2026-09-06T02:31:10.902+0000] {processor.py:830} INFO - Processing file /opt/airflow/dags/silver_processing_dag.py for tasks to queue
[2026-09-06T02:31:10.909+0000] {logging_mixin.py:188} INFO - [2026-09-06T02:31:10.908+0000] {dagbag.py:545} INFO - Filling up the DagBag from /opt/airflow/dags/silver_processing_dag.py
[2026-09-06T02:31:10.953+0000] {processor.py:840} INFO - DAG(s) 'process_silver_layer' retrieved from /opt/airflow/dags/silver_processing_dag.py
[2026-09-06T02:31:11.013+0000] {logging_mixin.py:188} INFO - [2026-09-06T02:31:11.013+0000] {dag.py:3096} INFO - Sync 1 DAGs
[2026-09-06T02:31:11.045+0000] {logging_mixin.py:188} INFO - [2026-09-06T02:31:11.044+0000] {dag.py:3954} INFO - Setting next_dagrun for process_silver_layer to None, run_after=None
[2026-09-06T02:31:11.094+0000] {processor.py:183} INFO - Processing /opt/airflow/dags/silver_processing_dag.py took 0.216 seconds
[2026-09-06T02:31:41.537+0000] {processor.py:161} INFO - Started process (PID=26328) to work on /opt/airflow/dags/silver_processing_dag.py
[2026-09-06T02:31:41.540+0000] {processor.py:830} INFO - Processing file /opt/airflow/dags/silver_processing_dag.py for tasks to queue
[2026-09-06T02:31:41.547+0000] {logging_mixin.py:188} INFO - [2026-09-06T02:31:41.546+0000] {dagbag.py:545} INFO - Filling up the DagBag from /opt/airflow/dags/silver_processing_dag.py
[2026-09-06T02:31:41.592+0000] {processor.py:840} INFO - DAG(s) 'process_silver_layer' retrieved from /opt/airflow/dags/silver_processing_dag.py
[2026-09-06T02:31:41.659+0000] {logging_mixin.py:188} INFO - [2026-09-06T02:31:41.659+0000] {dag.py:3096} INFO - Sync 1 DAGs
[2026-09-06T02:31:41.702+0000] {logging_mixin.py:188} INFO - [2026-09-06T02:31:41.701+0000] {dag.py:3954} INFO - Setting next_dagrun for process_silver_layer to None, run_after=None
[2026-09-06T02:31:41.787+0000] {processor.py:183} INFO - Processing /opt/airflow/dags/silver_processing_dag.py took 0.268 seconds
[2026-09-06T02:32:12.597+0000] {processor.py:161} INFO - Started process (PID=26343) to work on /opt/airflow/dags/silver_processing_dag.py
[2026-09-06T02:32:12.615+0000] {processor.py:830} INFO - Processing file /opt/airflow/dags/silver_processing_dag.py for tasks to queue
[2026-09-06T02:32:12.636+0000] {logging_mixin.py:188} INFO - [2026-09-06T02:32:12.634+0000] {dagbag.py:545} INFO - Filling up the DagBag from /opt/airflow/dags/silver_processing_dag.py
[2026-09-06T02:32:12.706+0000] {processor.py:840} INFO - DAG(s) 'process_silver_layer' retrieved from /opt/airflow/dags/silver_processing_dag.py
[2026-09-06T02:32:12.763+0000] {logging_mixin.py:188} INFO - [2026-09-06T02:32:12.762+0000] {dag.py:3096} INFO - Sync 1 DAGs
[2026-09-06T02:32:12.806+0000] {logging_mixin.py:188} INFO - [2026-09-06T02:32:12.806+0000] {dag.py:3954} INFO - Setting next_dagrun for process_silver_layer to None, run_after=None
[2026-09-06T02:32:12.854+0000] {processor.py:183} INFO - Processing /opt/airflow/dags/silver_processing_dag.py took 0.283 seconds
[2026-09-06T02:32:43.157+0000] {processor.py:161} INFO - Started process (PID=26358) to work on /opt/airflow/dags/silver_processing_dag.py
[2026-09-06T02:32:43.163+0000] {processor.py:830} INFO - Processing file /opt/airflow/dags/silver_processing_dag.py for tasks to queue
[2026-09-06T02:32:43.177+0000] {logging_mixin.py:188} INFO - [2026-09-06T02:32:43.175+0000] {dagbag.py:545} INFO - Filling up the DagBag from /opt/airflow/dags/silver_processing_dag.py
[2026-09-06T02:32:43.276+0000] {processor.py:840} INFO - DAG(s) 'process_silver_layer' retrieved from /opt/airflow/dags/silver_processing_dag.py
[2026-09-06T02:32:43.331+0000] {logging_mixin.py:188} INFO - [2026-09-06T02:32:43.331+0000] {dag.py:3096} INFO - Sync 1 DAGs
[2026-09-06T02:32:43.364+0000] {logging_mixin.py:188} INFO - [2026-09-06T02:32:43.364+0000] {dag.py:3954} INFO - Setting next_dagrun for process_silver_layer to None, run_after=None
[2026-09-06T02:32:43.410+0000] {processor.py:183} INFO - Processing /opt/airflow/dags/silver_processing_dag.py took 0.285 seconds
[2026-09-06T02:33:14.369+0000] {processor.py:161} INFO - Started process (PID=26373) to work on /opt/airflow/dags/silver_processing_dag.py
[2026-09-06T02:33:14.413+0000] {processor.py:830} INFO - Processing file /opt/airflow/dags/silver_processing_dag.py for tasks to queue
[2026-09-06T02:33:14.428+0000] {logging_mixin.py:188} INFO - [2026-09-06T02:33:14.419+0000] {dagbag.py:545} INFO - Filling up the DagBag from /opt/airflow/dags/silver_processing_dag.py
[2026-09-06T02:33:14.523+0000] {processor.py:840} INFO - DAG(s) 'process_silver_layer' retrieved from /opt/airflow/dags/silver_processing_dag.py
[2026-09-06T02:33:14.624+0000] {logging_mixin.py:188} INFO - [2026-09-06T02:33:14.623+0000] {dag.py:3096} INFO - Sync 1 DAGs
[2026-09-06T02:33:14.676+0000] {logging_mixin.py:188} INFO - [2026-09-06T02:33:14.675+0000] {dag.py:3954} INFO - Setting next_dagrun for process_silver_layer to None, run_after=None
[2026-09-06T02:33:14.801+0000] {processor.py:183} INFO - Processing /opt/airflow/dags/silver_processing_dag.py took 0.471 seconds
[2026-09-06T02:33:45.635+0000] {processor.py:161} INFO - Started process (PID=26388) to work on /opt/airflow/dags/silver_processing_dag.py
[2026-09-06T02:33:45.638+0000] {processor.py:830} INFO - Processing file /opt/airflow/dags/silver_processing_dag.py for tasks to queue
[2026-09-06T02:33:45.645+0000] {logging_mixin.py:188} INFO - [2026-09-06T02:33:45.644+0000] {dagbag.py:545} INFO - Filling up the DagBag from /opt/airflow/dags/silver_processing_dag.py
[2026-09-06T02:33:45.698+0000] {processor.py:840} INFO - DAG(s) 'process_silver_layer' retrieved from /opt/airflow/dags/silver_processing_dag.py
[2026-09-06T02:33:45.760+0000] {logging_mixin.py:188} INFO - [2026-09-06T02:33:45.760+0000] {dag.py:3096} INFO - Sync 1 DAGs
[2026-09-06T02:33:45.802+0000] {logging_mixin.py:188} INFO - [2026-09-06T02:33:45.802+0000] {dag.py:3954} INFO - Setting next_dagrun for process_silver_layer to None, run_after=None
[2026-09-06T02:33:45.849+0000] {processor.py:183} INFO - Processing /opt/airflow/dags/silver_processing_dag.py took 0.244 seconds
[2026-09-06T02:34:16.352+0000] {processor.py:161} INFO - Started process (PID=26403) to work on /opt/airflow/dags/silver_processing_dag.py
[2026-09-06T02:34:16.354+0000] {processor.py:830} INFO - Processing file /opt/airflow/dags/silver_processing_dag.py for tasks to queue
[2026-09-06T02:34:16.360+0000] {logging_mixin.py:188} INFO - [2026-09-06T02:34:16.359+0000] {dagbag.py:545} INFO - Filling up the DagBag from /opt/airflow/dags/silver_processing_dag.py
[2026-09-06T02:34:16.406+0000] {processor.py:840} INFO - DAG(s) 'process_silver_layer' retrieved from /opt/airflow/dags/silver_processing_dag.py
[2026-09-06T02:34:16.460+0000] {logging_mixin.py:188} INFO - [2026-09-06T02:34:16.459+0000] {dag.py:3096} INFO - Sync 1 DAGs
[2026-09-06T02:34:16.502+0000] {logging_mixin.py:188} INFO - [2026-09-06T02:34:16.501+0000] {dag.py:3954} INFO - Setting next_dagrun for process_silver_layer to None, run_after=None
[2026-09-06T02:34:16.558+0000] {processor.py:183} INFO - Processing /opt/airflow/dags/silver_processing_dag.py took 0.223 seconds
[2026-09-06T02:34:46.720+0000] {processor.py:161} INFO - Started process (PID=26418) to work on /opt/airflow/dags/silver_processing_dag.py
[2026-09-06T02:34:46.724+0000] {processor.py:830} INFO - Processing file /opt/airflow/dags/silver_processing_dag.py for tasks to queue
[2026-09-06T02:34:46.730+0000] {logging_mixin.py:188} INFO - [2026-09-06T02:34:46.729+0000] {dagbag.py:545} INFO - Filling up the DagBag from /opt/airflow/dags/silver_processing_dag.py
[2026-09-06T02:34:46.778+0000] {processor.py:840} INFO - DAG(s) 'process_silver_layer' retrieved from /opt/airflow/dags/silver_processing_dag.py
[2026-09-06T02:34:46.836+0000] {logging_mixin.py:188} INFO - [2026-09-06T02:34:46.835+0000] {dag.py:3096} INFO - Sync 1 DAGs
[2026-09-06T02:34:46.874+0000] {logging_mixin.py:188} INFO - [2026-09-06T02:34:46.874+0000] {dag.py:3954} INFO - Setting next_dagrun for process_silver_layer to None, run_after=None
[2026-09-06T02:34:46.933+0000] {processor.py:183} INFO - Processing /opt/airflow/dags/silver_processing_dag.py took 0.233 seconds
[2026-09-06T02:35:17.661+0000] {processor.py:161} INFO - Started process (PID=26433) to work on /opt/airflow/dags/silver_processing_dag.py
[2026-09-06T02:35:17.664+0000] {processor.py:830} INFO - Processing file /opt/airflow/dags/silver_processing_dag.py for tasks to queue
[2026-09-06T02:35:17.672+0000] {logging_mixin.py:188} INFO - [2026-09-06T02:35:17.671+0000] {dagbag.py:545} INFO - Filling up the DagBag from /opt/airflow/dags/silver_processing_dag.py
[2026-09-06T02:35:17.718+0000] {processor.py:840} INFO - DAG(s) 'process_silver_layer' retrieved from /opt/airflow/dags/silver_processing_dag.py
[2026-09-06T02:35:17.784+0000] {logging_mixin.py:188} INFO - [2026-09-06T02:35:17.783+0000] {dag.py:3096} INFO - Sync 1 DAGs
[2026-09-06T02:35:17.820+0000] {logging_mixin.py:188} INFO - [2026-09-06T02:35:17.820+0000] {dag.py:3954} INFO - Setting next_dagrun for process_silver_layer to None, run_after=None
[2026-09-06T02:35:17.882+0000] {processor.py:183} INFO - Processing /opt/airflow/dags/silver_processing_dag.py took 0.240 seconds
[2026-09-06T02:35:48.754+0000] {processor.py:161} INFO - Started process (PID=26448) to work on /opt/airflow/dags/silver_processing_dag.py
[2026-09-06T02:35:48.757+0000] {processor.py:830} INFO - Processing file /opt/airflow/dags/silver_processing_dag.py for tasks to queue
[2026-09-06T02:35:48.773+0000] {logging_mixin.py:188} INFO - [2026-09-06T02:35:48.772+0000] {dagbag.py:545} INFO - Filling up the DagBag from /opt/airflow/dags/silver_processing_dag.py
[2026-09-06T02:35:48.833+0000] {processor.py:840} INFO - DAG(s) 'process_silver_layer' retrieved from /opt/airflow/dags/silver_processing_dag.py
[2026-09-06T02:35:48.888+0000] {logging_mixin.py:188} INFO - [2026-09-06T02:35:48.887+0000] {dag.py:3096} INFO - Sync 1 DAGs
[2026-09-06T02:35:48.918+0000] {logging_mixin.py:188} INFO - [2026-09-06T02:35:48.917+0000] {dag.py:3954} INFO - Setting next_dagrun for process_silver_layer to None, run_after=None
[2026-09-06T02:35:48.974+0000] {processor.py:183} INFO - Processing /opt/airflow/dags/silver_processing_dag.py took 0.249 seconds
[2026-09-06T02:36:19.906+0000] {processor.py:161} INFO - Started process (PID=26463) to work on /opt/airflow/dags/silver_processing_dag.py
[2026-09-06T02:36:19.911+0000] {processor.py:830} INFO - Processing file /opt/airflow/dags/silver_processing_dag.py for tasks to queue
[2026-09-06T02:36:19.928+0000] {logging_mixin.py:188} INFO - [2026-09-06T02:36:19.926+0000] {dagbag.py:545} INFO - Filling up the DagBag from /opt/airflow/dags/silver_processing_dag.py
[2026-09-06T02:36:19.991+0000] {processor.py:840} INFO - DAG(s) 'process_silver_layer' retrieved from /opt/airflow/dags/silver_processing_dag.py
[2026-09-06T02:36:20.075+0000] {logging_mixin.py:188} INFO - [2026-09-06T02:36:20.074+0000] {dag.py:3096} INFO - Sync 1 DAGs
[2026-09-06T02:36:20.141+0000] {logging_mixin.py:188} INFO - [2026-09-06T02:36:20.138+0000] {dag.py:3954} INFO - Setting next_dagrun for process_silver_layer to None, run_after=None
[2026-09-06T02:36:20.191+0000] {processor.py:183} INFO - Processing /opt/airflow/dags/silver_processing_dag.py took 0.315 seconds
[2026-09-06T02:36:50.937+0000] {processor.py:161} INFO - Started process (PID=26478) to work on /opt/airflow/dags/silver_processing_dag.py
[2026-09-06T02:36:50.941+0000] {processor.py:830} INFO - Processing file /opt/airflow/dags/silver_processing_dag.py for tasks to queue
[2026-09-06T02:36:50.952+0000] {logging_mixin.py:188} INFO - [2026-09-06T02:36:50.951+0000] {dagbag.py:545} INFO - Filling up the DagBag from /opt/airflow/dags/silver_processing_dag.py
[2026-09-06T02:36:51.018+0000] {processor.py:840} INFO - DAG(s) 'process_silver_layer' retrieved from /opt/airflow/dags/silver_processing_dag.py
[2026-09-06T02:36:51.075+0000] {logging_mixin.py:188} INFO - [2026-09-06T02:36:51.074+0000] {dag.py:3096} INFO - Sync 1 DAGs
[2026-09-06T02:36:51.108+0000] {logging_mixin.py:188} INFO - [2026-09-06T02:36:51.108+0000] {dag.py:3954} INFO - Setting next_dagrun for process_silver_layer to None, run_after=None
[2026-09-06T02:36:51.161+0000] {processor.py:183} INFO - Processing /opt/airflow/dags/silver_processing_dag.py took 0.246 seconds
[2026-09-06T02:37:21.902+0000] {processor.py:161} INFO - Started process (PID=26493) to work on /opt/airflow/dags/silver_processing_dag.py
[2026-09-06T02:37:21.904+0000] {processor.py:830} INFO - Processing file /opt/airflow/dags/silver_processing_dag.py for tasks to queue
[2026-09-06T02:37:21.911+0000] {logging_mixin.py:188} INFO - [2026-09-06T02:37:21.910+0000] {dagbag.py:545} INFO - Filling up the DagBag from /opt/airflow/dags/silver_processing_dag.py
[2026-09-06T02:37:21.966+0000] {processor.py:840} INFO - DAG(s) 'process_silver_layer' retrieved from /opt/airflow/dags/silver_processing_dag.py
[2026-09-06T02:37:22.018+0000] {logging_mixin.py:188} INFO - [2026-09-06T02:37:22.018+0000] {dag.py:3096} INFO - Sync 1 DAGs
[2026-09-06T02:37:22.053+0000] {logging_mixin.py:188} INFO - [2026-09-06T02:37:22.052+0000] {dag.py:3954} INFO - Setting next_dagrun for process_silver_layer to None, run_after=None
[2026-09-06T02:37:22.181+0000] {processor.py:183} INFO - Processing /opt/airflow/dags/silver_processing_dag.py took 0.295 seconds
[2026-09-06T02:37:52.924+0000] {processor.py:161} INFO - Started process (PID=26508) to work on /opt/airflow/dags/silver_processing_dag.py
[2026-09-06T02:37:52.930+0000] {processor.py:830} INFO - Processing file /opt/airflow/dags/silver_processing_dag.py for tasks to queue
[2026-09-06T02:37:52.948+0000] {logging_mixin.py:188} INFO - [2026-09-06T02:37:52.947+0000] {dagbag.py:545} INFO - Filling up the DagBag from /opt/airflow/dags/silver_processing_dag.py
[2026-09-06T02:37:53.052+0000] {processor.py:840} INFO - DAG(s) 'process_silver_layer' retrieved from /opt/airflow/dags/silver_processing_dag.py
[2026-09-06T02:37:53.138+0000] {logging_mixin.py:188} INFO - [2026-09-06T02:37:53.137+0000] {dag.py:3096} INFO - Sync 1 DAGs
[2026-09-06T02:37:53.173+0000] {logging_mixin.py:188} INFO - [2026-09-06T02:37:53.173+0000] {dag.py:3954} INFO - Setting next_dagrun for process_silver_layer to None, run_after=None
[2026-09-06T02:37:53.248+0000] {processor.py:183} INFO - Processing /opt/airflow/dags/silver_processing_dag.py took 0.383 seconds
[2026-09-06T02:38:23.709+0000] {processor.py:161} INFO - Started process (PID=26523) to work on /opt/airflow/dags/silver_processing_dag.py
[2026-09-06T02:38:23.712+0000] {processor.py:830} INFO - Processing file /opt/airflow/dags/silver_processing_dag.py for tasks to queue
[2026-09-06T02:38:23.718+0000] {logging_mixin.py:188} INFO - [2026-09-06T02:38:23.717+0000] {dagbag.py:545} INFO - Filling up the DagBag from /opt/airflow/dags/silver_processing_dag.py
[2026-09-06T02:38:23.766+0000] {processor.py:840} INFO - DAG(s) 'process_silver_layer' retrieved from /opt/airflow/dags/silver_processing_dag.py
[2026-09-06T02:38:23.818+0000] {logging_mixin.py:188} INFO - [2026-09-06T02:38:23.817+0000] {dag.py:3096} INFO - Sync 1 DAGs
[2026-09-06T02:38:23.858+0000] {logging_mixin.py:188} INFO - [2026-09-06T02:38:23.857+0000] {dag.py:3954} INFO - Setting next_dagrun for process_silver_layer to None, run_after=None
[2026-09-06T02:38:23.905+0000] {processor.py:183} INFO - Processing /opt/airflow/dags/silver_processing_dag.py took 0.209 seconds
[2026-09-06T02:38:54.055+0000] {processor.py:161} INFO - Started process (PID=26538) to work on /opt/airflow/dags/silver_processing_dag.py
[2026-09-06T02:38:54.057+0000] {processor.py:830} INFO - Processing file /opt/airflow/dags/silver_processing_dag.py for tasks to queue
[2026-09-06T02:38:54.062+0000] {logging_mixin.py:188} INFO - [2026-09-06T02:38:54.061+0000] {dagbag.py:545} INFO - Filling up the DagBag from /opt/airflow/dags/silver_processing_dag.py
[2026-09-06T02:38:54.104+0000] {processor.py:840} INFO - DAG(s) 'process_silver_layer' retrieved from /opt/airflow/dags/silver_processing_dag.py
[2026-09-06T02:38:54.166+0000] {logging_mixin.py:188} INFO - [2026-09-06T02:38:54.166+0000] {dag.py:3096} INFO - Sync 1 DAGs
[2026-09-06T02:38:54.199+0000] {logging_mixin.py:188} INFO - [2026-09-06T02:38:54.199+0000] {dag.py:3954} INFO - Setting next_dagrun for process_silver_layer to None, run_after=None
[2026-09-06T02:38:54.246+0000] {processor.py:183} INFO - Processing /opt/airflow/dags/silver_processing_dag.py took 0.205 seconds
[2026-09-06T02:39:24.836+0000] {processor.py:161} INFO - Started process (PID=26553) to work on /opt/airflow/dags/silver_processing_dag.py
[2026-09-06T02:39:24.838+0000] {processor.py:830} INFO - Processing file /opt/airflow/dags/silver_processing_dag.py for tasks to queue
[2026-09-06T02:39:24.844+0000] {logging_mixin.py:188} INFO - [2026-09-06T02:39:24.843+0000] {dagbag.py:545} INFO - Filling up the DagBag from /opt/airflow/dags/silver_processing_dag.py
[2026-09-06T02:39:24.894+0000] {processor.py:840} INFO - DAG(s) 'process_silver_layer' retrieved from /opt/airflow/dags/silver_processing_dag.py
[2026-09-06T02:39:24.947+0000] {logging_mixin.py:188} INFO - [2026-09-06T02:39:24.947+0000] {dag.py:3096} INFO - Sync 1 DAGs
[2026-09-06T02:39:24.980+0000] {logging_mixin.py:188} INFO - [2026-09-06T02:39:24.980+0000] {dag.py:3954} INFO - Setting next_dagrun for process_silver_layer to None, run_after=None
[2026-09-06T02:39:25.033+0000] {processor.py:183} INFO - Processing /opt/airflow/dags/silver_processing_dag.py took 0.215 seconds
[2026-09-06T02:39:55.593+0000] {processor.py:161} INFO - Started process (PID=26568) to work on /opt/airflow/dags/silver_processing_dag.py
[2026-09-06T02:39:55.597+0000] {processor.py:830} INFO - Processing file /opt/airflow/dags/silver_processing_dag.py for tasks to queue
[2026-09-06T02:39:55.604+0000] {logging_mixin.py:188} INFO - [2026-09-06T02:39:55.603+0000] {dagbag.py:545} INFO - Filling up the DagBag from /opt/airflow/dags/silver_processing_dag.py
[2026-09-06T02:39:55.664+0000] {processor.py:840} INFO - DAG(s) 'process_silver_layer' retrieved from /opt/airflow/dags/silver_processing_dag.py
[2026-09-06T02:39:55.747+0000] {logging_mixin.py:188} INFO - [2026-09-06T02:39:55.746+0000] {dag.py:3096} INFO - Sync 1 DAGs
[2026-09-06T02:39:55.799+0000] {logging_mixin.py:188} INFO - [2026-09-06T02:39:55.798+0000] {dag.py:3954} INFO - Setting next_dagrun for process_silver_layer to None, run_after=None
[2026-09-06T02:39:55.894+0000] {processor.py:183} INFO - Processing /opt/airflow/dags/silver_processing_dag.py took 0.326 seconds
[2026-09-06T02:40:26.230+0000] {processor.py:161} INFO - Started process (PID=26583) to work on /opt/airflow/dags/silver_processing_dag.py
[2026-09-06T02:40:26.236+0000] {processor.py:830} INFO - Processing file /opt/airflow/dags/silver_processing_dag.py for tasks to queue
[2026-09-06T02:40:26.242+0000] {logging_mixin.py:188} INFO - [2026-09-06T02:40:26.242+0000] {dagbag.py:545} INFO - Filling up the DagBag from /opt/airflow/dags/silver_processing_dag.py
[2026-09-06T02:40:26.297+0000] {processor.py:840} INFO - DAG(s) 'process_silver_layer' retrieved from /opt/airflow/dags/silver_processing_dag.py
[2026-09-06T02:40:26.365+0000] {logging_mixin.py:188} INFO - [2026-09-06T02:40:26.364+0000] {dag.py:3096} INFO - Sync 1 DAGs
[2026-09-06T02:40:26.409+0000] {logging_mixin.py:188} INFO - [2026-09-06T02:40:26.408+0000] {dag.py:3954} INFO - Setting next_dagrun for process_silver_layer to None, run_after=None
[2026-09-06T02:40:26.465+0000] {processor.py:183} INFO - Processing /opt/airflow/dags/silver_processing_dag.py took 0.252 seconds
[2026-09-06T02:40:57.048+0000] {processor.py:161} INFO - Started process (PID=26598) to work on /opt/airflow/dags/silver_processing_dag.py
[2026-09-06T02:40:57.051+0000] {processor.py:830} INFO - Processing file /opt/airflow/dags/silver_processing_dag.py for tasks to queue
[2026-09-06T02:40:57.057+0000] {logging_mixin.py:188} INFO - [2026-09-06T02:40:57.056+0000] {dagbag.py:545} INFO - Filling up the DagBag from /opt/airflow/dags/silver_processing_dag.py
[2026-09-06T02:40:57.099+0000] {processor.py:840} INFO - DAG(s) 'process_silver_layer' retrieved from /opt/airflow/dags/silver_processing_dag.py
[2026-09-06T02:40:57.182+0000] {logging_mixin.py:188} INFO - [2026-09-06T02:40:57.181+0000] {dag.py:3096} INFO - Sync 1 DAGs
[2026-09-06T02:40:57.242+0000] {logging_mixin.py:188} INFO - [2026-09-06T02:40:57.241+0000] {dag.py:3954} INFO - Setting next_dagrun for process_silver_layer to None, run_after=None
[2026-09-06T02:40:57.308+0000] {processor.py:183} INFO - Processing /opt/airflow/dags/silver_processing_dag.py took 0.275 seconds
[2026-09-06T02:41:27.959+0000] {processor.py:161} INFO - Started process (PID=26613) to work on /opt/airflow/dags/silver_processing_dag.py
[2026-09-06T02:41:27.962+0000] {processor.py:830} INFO - Processing file /opt/airflow/dags/silver_processing_dag.py for tasks to queue
[2026-09-06T02:41:27.972+0000] {logging_mixin.py:188} INFO - [2026-09-06T02:41:27.971+0000] {dagbag.py:545} INFO - Filling up the DagBag from /opt/airflow/dags/silver_processing_dag.py
[2026-09-06T02:41:28.018+0000] {processor.py:840} INFO - DAG(s) 'process_silver_layer' retrieved from /opt/airflow/dags/silver_processing_dag.py
[2026-09-06T02:41:28.070+0000] {logging_mixin.py:188} INFO - [2026-09-06T02:41:28.070+0000] {dag.py:3096} INFO - Sync 1 DAGs
[2026-09-06T02:41:28.121+0000] {logging_mixin.py:188} INFO - [2026-09-06T02:41:28.120+0000] {dag.py:3954} INFO - Setting next_dagrun for process_silver_layer to None, run_after=None
[2026-09-06T02:41:28.178+0000] {processor.py:183} INFO - Processing /opt/airflow/dags/silver_processing_dag.py took 0.233 seconds
[2026-09-06T02:41:58.759+0000] {processor.py:161} INFO - Started process (PID=26628) to work on /opt/airflow/dags/silver_processing_dag.py
[2026-09-06T02:41:58.762+0000] {processor.py:830} INFO - Processing file /opt/airflow/dags/silver_processing_dag.py for tasks to queue
[2026-09-06T02:41:58.768+0000] {logging_mixin.py:188} INFO - [2026-09-06T02:41:58.768+0000] {dagbag.py:545} INFO - Filling up the DagBag from /opt/airflow/dags/silver_processing_dag.py
[2026-09-06T02:41:58.818+0000] {processor.py:840} INFO - DAG(s) 'process_silver_layer' retrieved from /opt/airflow/dags/silver_processing_dag.py
[2026-09-06T02:41:58.873+0000] {logging_mixin.py:188} INFO - [2026-09-06T02:41:58.872+0000] {dag.py:3096} INFO - Sync 1 DAGs
[2026-09-06T02:41:58.909+0000] {logging_mixin.py:188} INFO - [2026-09-06T02:41:58.909+0000] {dag.py:3954} INFO - Setting next_dagrun for process_silver_layer to None, run_after=None
[2026-09-06T02:41:58.962+0000] {processor.py:183} INFO - Processing /opt/airflow/dags/silver_processing_dag.py took 0.221 seconds
[2026-09-06T02:42:29.554+0000] {processor.py:161} INFO - Started process (PID=26643) to work on /opt/airflow/dags/silver_processing_dag.py
[2026-09-06T02:42:29.556+0000] {processor.py:830} INFO - Processing file /opt/airflow/dags/silver_processing_dag.py for tasks to queue
[2026-09-06T02:42:29.561+0000] {logging_mixin.py:188} INFO - [2026-09-06T02:42:29.561+0000] {dagbag.py:545} INFO - Filling up the DagBag from /opt/airflow/dags/silver_processing_dag.py
[2026-09-06T02:42:29.596+0000] {processor.py:840} INFO - DAG(s) 'process_silver_layer' retrieved from /opt/airflow/dags/silver_processing_dag.py
[2026-09-06T02:42:29.652+0000] {logging_mixin.py:188} INFO - [2026-09-06T02:42:29.651+0000] {dag.py:3096} INFO - Sync 1 DAGs
[2026-09-06T02:42:29.683+0000] {logging_mixin.py:188} INFO - [2026-09-06T02:42:29.682+0000] {dag.py:3954} INFO - Setting next_dagrun for process_silver_layer to None, run_after=None
[2026-09-06T02:42:29.736+0000] {processor.py:183} INFO - Processing /opt/airflow/dags/silver_processing_dag.py took 0.194 seconds
[2026-09-06T02:43:00.155+0000] {processor.py:161} INFO - Started process (PID=26658) to work on /opt/airflow/dags/silver_processing_dag.py
[2026-09-06T02:43:00.158+0000] {processor.py:830} INFO - Processing file /opt/airflow/dags/silver_processing_dag.py for tasks to queue
[2026-09-06T02:43:00.163+0000] {logging_mixin.py:188} INFO - [2026-09-06T02:43:00.162+0000] {dagbag.py:545} INFO - Filling up the DagBag from /opt/airflow/dags/silver_processing_dag.py
[2026-09-06T02:43:00.207+0000] {processor.py:840} INFO - DAG(s) 'process_silver_layer' retrieved from /opt/airflow/dags/silver_processing_dag.py
[2026-09-06T02:43:00.261+0000] {logging_mixin.py:188} INFO - [2026-09-06T02:43:00.260+0000] {dag.py:3096} INFO - Sync 1 DAGs
[2026-09-06T02:43:00.297+0000] {logging_mixin.py:188} INFO - [2026-09-06T02:43:00.296+0000] {dag.py:3954} INFO - Setting next_dagrun for process_silver_layer to None, run_after=None
[2026-09-06T02:43:00.355+0000] {processor.py:183} INFO - Processing /opt/airflow/dags/silver_processing_dag.py took 0.217 seconds
[2026-09-06T02:43:30.839+0000] {processor.py:161} INFO - Started process (PID=26673) to work on /opt/airflow/dags/silver_processing_dag.py
[2026-09-06T02:43:30.842+0000] {processor.py:830} INFO - Processing file /opt/airflow/dags/silver_processing_dag.py for tasks to queue
[2026-09-06T02:43:30.848+0000] {logging_mixin.py:188} INFO - [2026-09-06T02:43:30.847+0000] {dagbag.py:545} INFO - Filling up the DagBag from /opt/airflow/dags/silver_processing_dag.py
[2026-09-06T02:43:30.897+0000] {processor.py:840} INFO - DAG(s) 'process_silver_layer' retrieved from /opt/airflow/dags/silver_processing_dag.py
[2026-09-06T02:43:30.994+0000] {logging_mixin.py:188} INFO - [2026-09-06T02:43:30.992+0000] {dag.py:3096} INFO - Sync 1 DAGs
[2026-09-06T02:43:31.041+0000] {logging_mixin.py:188} INFO - [2026-09-06T02:43:31.040+0000] {dag.py:3954} INFO - Setting next_dagrun for process_silver_layer to None, run_after=None
[2026-09-06T02:43:31.114+0000] {processor.py:183} INFO - Processing /opt/airflow/dags/silver_processing_dag.py took 0.291 seconds
[2026-09-06T02:44:01.773+0000] {processor.py:161} INFO - Started process (PID=26688) to work on /opt/airflow/dags/silver_processing_dag.py
[2026-09-06T02:44:01.776+0000] {processor.py:830} INFO - Processing file /opt/airflow/dags/silver_processing_dag.py for tasks to queue
[2026-09-06T02:44:01.782+0000] {logging_mixin.py:188} INFO - [2026-09-06T02:44:01.781+0000] {dagbag.py:545} INFO - Filling up the DagBag from /opt/airflow/dags/silver_processing_dag.py
[2026-09-06T02:44:01.823+0000] {processor.py:840} INFO - DAG(s) 'process_silver_layer' retrieved from /opt/airflow/dags/silver_processing_dag.py
[2026-09-06T02:44:01.878+0000] {logging_mixin.py:188} INFO - [2026-09-06T02:44:01.878+0000] {dag.py:3096} INFO - Sync 1 DAGs
[2026-09-06T02:44:01.920+0000] {logging_mixin.py:188} INFO - [2026-09-06T02:44:01.920+0000] {dag.py:3954} INFO - Setting next_dagrun for process_silver_layer to None, run_after=None
[2026-09-06T02:44:01.988+0000] {processor.py:183} INFO - Processing /opt/airflow/dags/silver_processing_dag.py took 0.231 seconds
[2026-09-06T02:44:32.456+0000] {processor.py:161} INFO - Started process (PID=26703) to work on /opt/airflow/dags/silver_processing_dag.py
[2026-09-06T02:44:32.460+0000] {processor.py:830} INFO - Processing file /opt/airflow/dags/silver_processing_dag.py for tasks to queue
[2026-09-06T02:44:32.469+0000] {logging_mixin.py:188} INFO - [2026-09-06T02:44:32.468+0000] {dagbag.py:545} INFO - Filling up the DagBag from /opt/airflow/dags/silver_processing_dag.py
[2026-09-06T02:44:32.545+0000] {processor.py:840} INFO - DAG(s) 'process_silver_layer' retrieved from /opt/airflow/dags/silver_processing_dag.py
[2026-09-06T02:44:32.671+0000] {logging_mixin.py:188} INFO - [2026-09-06T02:44:32.670+0000] {dag.py:3096} INFO - Sync 1 DAGs
[2026-09-06T02:44:32.767+0000] {logging_mixin.py:188} INFO - [2026-09-06T02:44:32.766+0000] {dag.py:3954} INFO - Setting next_dagrun for process_silver_layer to None, run_after=None
[2026-09-06T02:44:33.015+0000] {processor.py:183} INFO - Processing /opt/airflow/dags/silver_processing_dag.py took 0.578 seconds
[2026-09-06T02:45:04.210+0000] {processor.py:161} INFO - Started process (PID=26716) to work on /opt/airflow/dags/silver_processing_dag.py
[2026-09-06T02:45:04.223+0000] {processor.py:830} INFO - Processing file /opt/airflow/dags/silver_processing_dag.py for tasks to queue
[2026-09-06T02:45:04.241+0000] {logging_mixin.py:188} INFO - [2026-09-06T02:45:04.239+0000] {dagbag.py:545} INFO - Filling up the DagBag from /opt/airflow/dags/silver_processing_dag.py
[2026-09-06T02:45:04.408+0000] {processor.py:840} INFO - DAG(s) 'process_silver_layer' retrieved from /opt/airflow/dags/silver_processing_dag.py
[2026-09-06T02:45:04.590+0000] {logging_mixin.py:188} INFO - [2026-09-06T02:45:04.589+0000] {dag.py:3096} INFO - Sync 1 DAGs
[2026-09-06T02:45:04.830+0000] {logging_mixin.py:188} INFO - [2026-09-06T02:45:04.829+0000] {dag.py:3954} INFO - Setting next_dagrun for process_silver_layer to None, run_after=None
[2026-09-06T02:45:09.202+0000] {processor.py:183} INFO - Processing /opt/airflow/dags/silver_processing_dag.py took 5.020 seconds
[2026-09-06T02:45:39.403+0000] {processor.py:161} INFO - Started process (PID=26733) to work on /opt/airflow/dags/silver_processing_dag.py
[2026-09-06T02:45:39.408+0000] {processor.py:830} INFO - Processing file /opt/airflow/dags/silver_processing_dag.py for tasks to queue
[2026-09-06T02:45:39.414+0000] {logging_mixin.py:188} INFO - [2026-09-06T02:45:39.413+0000] {dagbag.py:545} INFO - Filling up the DagBag from /opt/airflow/dags/silver_processing_dag.py
[2026-09-06T02:45:39.498+0000] {processor.py:840} INFO - DAG(s) 'process_silver_layer' retrieved from /opt/airflow/dags/silver_processing_dag.py
[2026-09-06T02:45:39.560+0000] {logging_mixin.py:188} INFO - [2026-09-06T02:45:39.560+0000] {dag.py:3096} INFO - Sync 1 DAGs
[2026-09-06T02:45:39.597+0000] {logging_mixin.py:188} INFO - [2026-09-06T02:45:39.596+0000] {dag.py:3954} INFO - Setting next_dagrun for process_silver_layer to None, run_after=None
[2026-09-06T02:45:39.652+0000] {processor.py:183} INFO - Processing /opt/airflow/dags/silver_processing_dag.py took 0.265 seconds
[2026-09-06T02:46:10.178+0000] {processor.py:161} INFO - Started process (PID=26748) to work on /opt/airflow/dags/silver_processing_dag.py
[2026-09-06T02:46:10.181+0000] {processor.py:830} INFO - Processing file /opt/airflow/dags/silver_processing_dag.py for tasks to queue
[2026-09-06T02:46:10.189+0000] {logging_mixin.py:188} INFO - [2026-09-06T02:46:10.188+0000] {dagbag.py:545} INFO - Filling up the DagBag from /opt/airflow/dags/silver_processing_dag.py
[2026-09-06T02:46:10.238+0000] {processor.py:840} INFO - DAG(s) 'process_silver_layer' retrieved from /opt/airflow/dags/silver_processing_dag.py
[2026-09-06T02:46:10.299+0000] {logging_mixin.py:188} INFO - [2026-09-06T02:46:10.298+0000] {dag.py:3096} INFO - Sync 1 DAGs
[2026-09-06T02:46:10.352+0000] {logging_mixin.py:188} INFO - [2026-09-06T02:46:10.342+0000] {dag.py:3954} INFO - Setting next_dagrun for process_silver_layer to None, run_after=None
[2026-09-06T02:46:10.467+0000] {processor.py:183} INFO - Processing /opt/airflow/dags/silver_processing_dag.py took 0.306 seconds
[2026-09-06T02:46:41.245+0000] {processor.py:161} INFO - Started process (PID=26763) to work on /opt/airflow/dags/silver_processing_dag.py
[2026-09-06T02:46:41.249+0000] {processor.py:830} INFO - Processing file /opt/airflow/dags/silver_processing_dag.py for tasks to queue
[2026-09-06T02:46:41.267+0000] {logging_mixin.py:188} INFO - [2026-09-06T02:46:41.266+0000] {dagbag.py:545} INFO - Filling up the DagBag from /opt/airflow/dags/silver_processing_dag.py
[2026-09-06T02:46:41.365+0000] {processor.py:840} INFO - DAG(s) 'process_silver_layer' retrieved from /opt/airflow/dags/silver_processing_dag.py
[2026-09-06T02:46:41.436+0000] {logging_mixin.py:188} INFO - [2026-09-06T02:46:41.435+0000] {dag.py:3096} INFO - Sync 1 DAGs
[2026-09-06T02:46:41.472+0000] {logging_mixin.py:188} INFO - [2026-09-06T02:46:41.471+0000] {dag.py:3954} INFO - Setting next_dagrun for process_silver_layer to None, run_after=None
[2026-09-06T02:46:41.521+0000] {processor.py:183} INFO - Processing /opt/airflow/dags/silver_processing_dag.py took 0.298 seconds
[2026-09-06T02:47:12.250+0000] {processor.py:161} INFO - Started process (PID=26778) to work on /opt/airflow/dags/silver_processing_dag.py
[2026-09-06T02:47:12.254+0000] {processor.py:830} INFO - Processing file /opt/airflow/dags/silver_processing_dag.py for tasks to queue
[2026-09-06T02:47:12.260+0000] {logging_mixin.py:188} INFO - [2026-09-06T02:47:12.259+0000] {dagbag.py:545} INFO - Filling up the DagBag from /opt/airflow/dags/silver_processing_dag.py
[2026-09-06T02:47:12.310+0000] {processor.py:840} INFO - DAG(s) 'process_silver_layer' retrieved from /opt/airflow/dags/silver_processing_dag.py
[2026-09-06T02:47:12.364+0000] {logging_mixin.py:188} INFO - [2026-09-06T02:47:12.364+0000] {dag.py:3096} INFO - Sync 1 DAGs
[2026-09-06T02:47:12.408+0000] {logging_mixin.py:188} INFO - [2026-09-06T02:47:12.407+0000] {dag.py:3954} INFO - Setting next_dagrun for process_silver_layer to None, run_after=None
[2026-09-06T02:47:12.459+0000] {processor.py:183} INFO - Processing /opt/airflow/dags/silver_processing_dag.py took 0.224 seconds
[2026-09-06T02:47:43.084+0000] {processor.py:161} INFO - Started process (PID=26793) to work on /opt/airflow/dags/silver_processing_dag.py
[2026-09-06T02:47:43.091+0000] {processor.py:830} INFO - Processing file /opt/airflow/dags/silver_processing_dag.py for tasks to queue
[2026-09-06T02:47:43.099+0000] {logging_mixin.py:188} INFO - [2026-09-06T02:47:43.098+0000] {dagbag.py:545} INFO - Filling up the DagBag from /opt/airflow/dags/silver_processing_dag.py
[2026-09-06T02:47:43.162+0000] {processor.py:840} INFO - DAG(s) 'process_silver_layer' retrieved from /opt/airflow/dags/silver_processing_dag.py
[2026-09-06T02:47:43.252+0000] {logging_mixin.py:188} INFO - [2026-09-06T02:47:43.251+0000] {dag.py:3096} INFO - Sync 1 DAGs
[2026-09-06T02:47:43.305+0000] {logging_mixin.py:188} INFO - [2026-09-06T02:47:43.304+0000] {dag.py:3954} INFO - Setting next_dagrun for process_silver_layer to None, run_after=None
[2026-09-06T02:47:43.364+0000] {processor.py:183} INFO - Processing /opt/airflow/dags/silver_processing_dag.py took 0.304 seconds
[2026-09-06T02:48:13.473+0000] {processor.py:161} INFO - Started process (PID=26808) to work on /opt/airflow/dags/silver_processing_dag.py
[2026-09-06T02:48:13.477+0000] {processor.py:830} INFO - Processing file /opt/airflow/dags/silver_processing_dag.py for tasks to queue
[2026-09-06T02:48:13.484+0000] {logging_mixin.py:188} INFO - [2026-09-06T02:48:13.483+0000] {dagbag.py:545} INFO - Filling up the DagBag from /opt/airflow/dags/silver_processing_dag.py
[2026-09-06T02:48:13.530+0000] {processor.py:840} INFO - DAG(s) 'process_silver_layer' retrieved from /opt/airflow/dags/silver_processing_dag.py
[2026-09-06T02:48:13.585+0000] {logging_mixin.py:188} INFO - [2026-09-06T02:48:13.585+0000] {dag.py:3096} INFO - Sync 1 DAGs
[2026-09-06T02:48:13.617+0000] {logging_mixin.py:188} INFO - [2026-09-06T02:48:13.617+0000] {dag.py:3954} INFO - Setting next_dagrun for process_silver_layer to None, run_after=None
[2026-09-06T02:48:13.697+0000] {processor.py:183} INFO - Processing /opt/airflow/dags/silver_processing_dag.py took 0.240 seconds
[2026-09-06T02:48:43.902+0000] {processor.py:161} INFO - Started process (PID=26823) to work on /opt/airflow/dags/silver_processing_dag.py
[2026-09-06T02:48:43.904+0000] {processor.py:830} INFO - Processing file /opt/airflow/dags/silver_processing_dag.py for tasks to queue
[2026-09-06T02:48:43.911+0000] {logging_mixin.py:188} INFO - [2026-09-06T02:48:43.910+0000] {dagbag.py:545} INFO - Filling up the DagBag from /opt/airflow/dags/silver_processing_dag.py
[2026-09-06T02:48:43.954+0000] {processor.py:840} INFO - DAG(s) 'process_silver_layer' retrieved from /opt/airflow/dags/silver_processing_dag.py
[2026-09-06T02:48:44.007+0000] {logging_mixin.py:188} INFO - [2026-09-06T02:48:44.006+0000] {dag.py:3096} INFO - Sync 1 DAGs
[2026-09-06T02:48:44.036+0000] {logging_mixin.py:188} INFO - [2026-09-06T02:48:44.036+0000] {dag.py:3954} INFO - Setting next_dagrun for process_silver_layer to None, run_after=None
[2026-09-06T02:48:44.093+0000] {processor.py:183} INFO - Processing /opt/airflow/dags/silver_processing_dag.py took 0.209 seconds
[2026-09-06T02:49:14.882+0000] {processor.py:161} INFO - Started process (PID=26838) to work on /opt/airflow/dags/silver_processing_dag.py
[2026-09-06T02:49:14.891+0000] {processor.py:830} INFO - Processing file /opt/airflow/dags/silver_processing_dag.py for tasks to queue
[2026-09-06T02:49:14.900+0000] {logging_mixin.py:188} INFO - [2026-09-06T02:49:14.899+0000] {dagbag.py:545} INFO - Filling up the DagBag from /opt/airflow/dags/silver_processing_dag.py
[2026-09-06T02:49:14.967+0000] {processor.py:840} INFO - DAG(s) 'process_silver_layer' retrieved from /opt/airflow/dags/silver_processing_dag.py
[2026-09-06T02:49:15.063+0000] {logging_mixin.py:188} INFO - [2026-09-06T02:49:15.061+0000] {dag.py:3096} INFO - Sync 1 DAGs
[2026-09-06T02:49:15.140+0000] {logging_mixin.py:188} INFO - [2026-09-06T02:49:15.139+0000] {dag.py:3954} INFO - Setting next_dagrun for process_silver_layer to None, run_after=None
[2026-09-06T02:49:15.193+0000] {processor.py:183} INFO - Processing /opt/airflow/dags/silver_processing_dag.py took 0.341 seconds
[2026-09-06T02:49:45.961+0000] {processor.py:161} INFO - Started process (PID=26853) to work on /opt/airflow/dags/silver_processing_dag.py
[2026-09-06T02:49:45.964+0000] {processor.py:830} INFO - Processing file /opt/airflow/dags/silver_processing_dag.py for tasks to queue
[2026-09-06T02:49:45.979+0000] {logging_mixin.py:188} INFO - [2026-09-06T02:49:45.978+0000] {dagbag.py:545} INFO - Filling up the DagBag from /opt/airflow/dags/silver_processing_dag.py
[2026-09-06T02:49:46.076+0000] {processor.py:840} INFO - DAG(s) 'process_silver_layer' retrieved from /opt/airflow/dags/silver_processing_dag.py
[2026-09-06T02:49:46.146+0000] {logging_mixin.py:188} INFO - [2026-09-06T02:49:46.146+0000] {dag.py:3096} INFO - Sync 1 DAGs
[2026-09-06T02:49:46.197+0000] {logging_mixin.py:188} INFO - [2026-09-06T02:49:46.196+0000] {dag.py:3954} INFO - Setting next_dagrun for process_silver_layer to None, run_after=None
[2026-09-06T02:49:46.245+0000] {processor.py:183} INFO - Processing /opt/airflow/dags/silver_processing_dag.py took 0.328 seconds
[2026-09-06T02:50:16.921+0000] {processor.py:161} INFO - Started process (PID=26868) to work on /opt/airflow/dags/silver_processing_dag.py
[2026-09-06T02:50:16.924+0000] {processor.py:830} INFO - Processing file /opt/airflow/dags/silver_processing_dag.py for tasks to queue
[2026-09-06T02:50:16.934+0000] {logging_mixin.py:188} INFO - [2026-09-06T02:50:16.933+0000] {dagbag.py:545} INFO - Filling up the DagBag from /opt/airflow/dags/silver_processing_dag.py
[2026-09-06T02:50:16.983+0000] {processor.py:840} INFO - DAG(s) 'process_silver_layer' retrieved from /opt/airflow/dags/silver_processing_dag.py
[2026-09-06T02:50:17.040+0000] {logging_mixin.py:188} INFO - [2026-09-06T02:50:17.038+0000] {dag.py:3096} INFO - Sync 1 DAGs
[2026-09-06T02:50:17.073+0000] {logging_mixin.py:188} INFO - [2026-09-06T02:50:17.073+0000] {dag.py:3954} INFO - Setting next_dagrun for process_silver_layer to None, run_after=None
[2026-09-06T02:50:17.118+0000] {processor.py:183} INFO - Processing /opt/airflow/dags/silver_processing_dag.py took 0.219 seconds
[2026-09-06T02:50:47.602+0000] {processor.py:161} INFO - Started process (PID=26883) to work on /opt/airflow/dags/silver_processing_dag.py
[2026-09-06T02:50:47.604+0000] {processor.py:830} INFO - Processing file /opt/airflow/dags/silver_processing_dag.py for tasks to queue
[2026-09-06T02:50:47.611+0000] {logging_mixin.py:188} INFO - [2026-09-06T02:50:47.611+0000] {dagbag.py:545} INFO - Filling up the DagBag from /opt/airflow/dags/silver_processing_dag.py
[2026-09-06T02:50:47.660+0000] {processor.py:840} INFO - DAG(s) 'process_silver_layer' retrieved from /opt/airflow/dags/silver_processing_dag.py
[2026-09-06T02:50:47.736+0000] {logging_mixin.py:188} INFO - [2026-09-06T02:50:47.735+0000] {dag.py:3096} INFO - Sync 1 DAGs
[2026-09-06T02:50:47.768+0000] {logging_mixin.py:188} INFO - [2026-09-06T02:50:47.768+0000] {dag.py:3954} INFO - Setting next_dagrun for process_silver_layer to None, run_after=None
[2026-09-06T02:50:47.831+0000] {processor.py:183} INFO - Processing /opt/airflow/dags/silver_processing_dag.py took 0.250 seconds
[2026-09-06T02:51:18.649+0000] {processor.py:161} INFO - Started process (PID=26898) to work on /opt/airflow/dags/silver_processing_dag.py
[2026-09-06T02:51:18.655+0000] {processor.py:830} INFO - Processing file /opt/airflow/dags/silver_processing_dag.py for tasks to queue
[2026-09-06T02:51:18.663+0000] {logging_mixin.py:188} INFO - [2026-09-06T02:51:18.661+0000] {dagbag.py:545} INFO - Filling up the DagBag from /opt/airflow/dags/silver_processing_dag.py
[2026-09-06T02:51:18.717+0000] {processor.py:840} INFO - DAG(s) 'process_silver_layer' retrieved from /opt/airflow/dags/silver_processing_dag.py
[2026-09-06T02:51:18.826+0000] {logging_mixin.py:188} INFO - [2026-09-06T02:51:18.825+0000] {dag.py:3096} INFO - Sync 1 DAGs
[2026-09-06T02:51:18.941+0000] {logging_mixin.py:188} INFO - [2026-09-06T02:51:18.941+0000] {dag.py:3954} INFO - Setting next_dagrun for process_silver_layer to None, run_after=None
[2026-09-06T02:51:19.119+0000] {processor.py:183} INFO - Processing /opt/airflow/dags/silver_processing_dag.py took 0.495 seconds
[2026-09-06T02:51:49.677+0000] {processor.py:161} INFO - Started process (PID=26913) to work on /opt/airflow/dags/silver_processing_dag.py
[2026-09-06T02:51:49.679+0000] {processor.py:830} INFO - Processing file /opt/airflow/dags/silver_processing_dag.py for tasks to queue
[2026-09-06T02:51:49.686+0000] {logging_mixin.py:188} INFO - [2026-09-06T02:51:49.685+0000] {dagbag.py:545} INFO - Filling up the DagBag from /opt/airflow/dags/silver_processing_dag.py
[2026-09-06T02:51:49.746+0000] {processor.py:840} INFO - DAG(s) 'process_silver_layer' retrieved from /opt/airflow/dags/silver_processing_dag.py
[2026-09-06T02:51:49.809+0000] {logging_mixin.py:188} INFO - [2026-09-06T02:51:49.809+0000] {dag.py:3096} INFO - Sync 1 DAGs
[2026-09-06T02:51:49.847+0000] {logging_mixin.py:188} INFO - [2026-09-06T02:51:49.846+0000] {dag.py:3954} INFO - Setting next_dagrun for process_silver_layer to None, run_after=None
[2026-09-06T02:51:49.906+0000] {processor.py:183} INFO - Processing /opt/airflow/dags/silver_processing_dag.py took 0.246 seconds
[2026-09-06T02:52:20.402+0000] {processor.py:161} INFO - Started process (PID=26928) to work on /opt/airflow/dags/silver_processing_dag.py
[2026-09-06T02:52:20.405+0000] {processor.py:830} INFO - Processing file /opt/airflow/dags/silver_processing_dag.py for tasks to queue
[2026-09-06T02:52:20.411+0000] {logging_mixin.py:188} INFO - [2026-09-06T02:52:20.410+0000] {dagbag.py:545} INFO - Filling up the DagBag from /opt/airflow/dags/silver_processing_dag.py
[2026-09-06T02:52:20.455+0000] {processor.py:840} INFO - DAG(s) 'process_silver_layer' retrieved from /opt/airflow/dags/silver_processing_dag.py
[2026-09-06T02:52:20.511+0000] {logging_mixin.py:188} INFO - [2026-09-06T02:52:20.511+0000] {dag.py:3096} INFO - Sync 1 DAGs
[2026-09-06T02:52:20.546+0000] {logging_mixin.py:188} INFO - [2026-09-06T02:52:20.546+0000] {dag.py:3954} INFO - Setting next_dagrun for process_silver_layer to None, run_after=None
[2026-09-06T02:52:20.606+0000] {processor.py:183} INFO - Processing /opt/airflow/dags/silver_processing_dag.py took 0.222 seconds
[2026-09-06T02:52:51.111+0000] {processor.py:161} INFO - Started process (PID=26943) to work on /opt/airflow/dags/silver_processing_dag.py
[2026-09-06T02:52:51.120+0000] {processor.py:830} INFO - Processing file /opt/airflow/dags/silver_processing_dag.py for tasks to queue
[2026-09-06T02:52:51.126+0000] {logging_mixin.py:188} INFO - [2026-09-06T02:52:51.125+0000] {dagbag.py:545} INFO - Filling up the DagBag from /opt/airflow/dags/silver_processing_dag.py
[2026-09-06T02:52:51.177+0000] {processor.py:840} INFO - DAG(s) 'process_silver_layer' retrieved from /opt/airflow/dags/silver_processing_dag.py
[2026-09-06T02:52:51.260+0000] {logging_mixin.py:188} INFO - [2026-09-06T02:52:51.260+0000] {dag.py:3096} INFO - Sync 1 DAGs
[2026-09-06T02:52:51.318+0000] {logging_mixin.py:188} INFO - [2026-09-06T02:52:51.318+0000] {dag.py:3954} INFO - Setting next_dagrun for process_silver_layer to None, run_after=None
[2026-09-06T02:52:51.411+0000] {processor.py:183} INFO - Processing /opt/airflow/dags/silver_processing_dag.py took 0.315 seconds
[2026-09-06T02:53:21.987+0000] {processor.py:161} INFO - Started process (PID=26958) to work on /opt/airflow/dags/silver_processing_dag.py
[2026-09-06T02:53:21.989+0000] {processor.py:830} INFO - Processing file /opt/airflow/dags/silver_processing_dag.py for tasks to queue
[2026-09-06T02:53:21.997+0000] {logging_mixin.py:188} INFO - [2026-09-06T02:53:21.996+0000] {dagbag.py:545} INFO - Filling up the DagBag from /opt/airflow/dags/silver_processing_dag.py
[2026-09-06T02:53:22.046+0000] {processor.py:840} INFO - DAG(s) 'process_silver_layer' retrieved from /opt/airflow/dags/silver_processing_dag.py
[2026-09-06T02:53:22.116+0000] {logging_mixin.py:188} INFO - [2026-09-06T02:53:22.115+0000] {dag.py:3096} INFO - Sync 1 DAGs
[2026-09-06T02:53:22.151+0000] {logging_mixin.py:188} INFO - [2026-09-06T02:53:22.150+0000] {dag.py:3954} INFO - Setting next_dagrun for process_silver_layer to None, run_after=None
[2026-09-06T02:53:22.212+0000] {processor.py:183} INFO - Processing /opt/airflow/dags/silver_processing_dag.py took 0.240 seconds
[2026-09-06T02:53:52.930+0000] {processor.py:161} INFO - Started process (PID=26973) to work on /opt/airflow/dags/silver_processing_dag.py
[2026-09-06T02:53:52.932+0000] {processor.py:830} INFO - Processing file /opt/airflow/dags/silver_processing_dag.py for tasks to queue
[2026-09-06T02:53:52.937+0000] {logging_mixin.py:188} INFO - [2026-09-06T02:53:52.936+0000] {dagbag.py:545} INFO - Filling up the DagBag from /opt/airflow/dags/silver_processing_dag.py
[2026-09-06T02:53:52.978+0000] {processor.py:840} INFO - DAG(s) 'process_silver_layer' retrieved from /opt/airflow/dags/silver_processing_dag.py
[2026-09-06T02:53:53.036+0000] {logging_mixin.py:188} INFO - [2026-09-06T02:53:53.035+0000] {dag.py:3096} INFO - Sync 1 DAGs
[2026-09-06T02:53:53.074+0000] {logging_mixin.py:188} INFO - [2026-09-06T02:53:53.073+0000] {dag.py:3954} INFO - Setting next_dagrun for process_silver_layer to None, run_after=None
[2026-09-06T02:53:53.128+0000] {processor.py:183} INFO - Processing /opt/airflow/dags/silver_processing_dag.py took 0.220 seconds
[2026-09-06T02:54:23.799+0000] {processor.py:161} INFO - Started process (PID=26988) to work on /opt/airflow/dags/silver_processing_dag.py
[2026-09-06T02:54:23.802+0000] {processor.py:830} INFO - Processing file /opt/airflow/dags/silver_processing_dag.py for tasks to queue
[2026-09-06T02:54:23.808+0000] {logging_mixin.py:188} INFO - [2026-09-06T02:54:23.807+0000] {dagbag.py:545} INFO - Filling up the DagBag from /opt/airflow/dags/silver_processing_dag.py
[2026-09-06T02:54:23.857+0000] {processor.py:840} INFO - DAG(s) 'process_silver_layer' retrieved from /opt/airflow/dags/silver_processing_dag.py
[2026-09-06T02:54:23.931+0000] {logging_mixin.py:188} INFO - [2026-09-06T02:54:23.930+0000] {dag.py:3096} INFO - Sync 1 DAGs
[2026-09-06T02:54:23.973+0000] {logging_mixin.py:188} INFO - [2026-09-06T02:54:23.973+0000] {dag.py:3954} INFO - Setting next_dagrun for process_silver_layer to None, run_after=None
[2026-09-06T02:54:24.031+0000] {processor.py:183} INFO - Processing /opt/airflow/dags/silver_processing_dag.py took 0.263 seconds
[2026-09-06T02:54:54.760+0000] {processor.py:161} INFO - Started process (PID=27003) to work on /opt/airflow/dags/silver_processing_dag.py
[2026-09-06T02:54:54.763+0000] {processor.py:830} INFO - Processing file /opt/airflow/dags/silver_processing_dag.py for tasks to queue
[2026-09-06T02:54:54.769+0000] {logging_mixin.py:188} INFO - [2026-09-06T02:54:54.768+0000] {dagbag.py:545} INFO - Filling up the DagBag from /opt/airflow/dags/silver_processing_dag.py
[2026-09-06T02:54:54.818+0000] {processor.py:840} INFO - DAG(s) 'process_silver_layer' retrieved from /opt/airflow/dags/silver_processing_dag.py
[2026-09-06T02:54:54.887+0000] {logging_mixin.py:188} INFO - [2026-09-06T02:54:54.886+0000] {dag.py:3096} INFO - Sync 1 DAGs
[2026-09-06T02:54:54.937+0000] {logging_mixin.py:188} INFO - [2026-09-06T02:54:54.937+0000] {dag.py:3954} INFO - Setting next_dagrun for process_silver_layer to None, run_after=None
[2026-09-06T02:54:55.012+0000] {processor.py:183} INFO - Processing /opt/airflow/dags/silver_processing_dag.py took 0.269 seconds
[2026-09-06T02:55:25.459+0000] {processor.py:161} INFO - Started process (PID=27018) to work on /opt/airflow/dags/silver_processing_dag.py
[2026-09-06T02:55:25.462+0000] {processor.py:830} INFO - Processing file /opt/airflow/dags/silver_processing_dag.py for tasks to queue
[2026-09-06T02:55:25.468+0000] {logging_mixin.py:188} INFO - [2026-09-06T02:55:25.468+0000] {dagbag.py:545} INFO - Filling up the DagBag from /opt/airflow/dags/silver_processing_dag.py
[2026-09-06T02:55:25.513+0000] {processor.py:840} INFO - DAG(s) 'process_silver_layer' retrieved from /opt/airflow/dags/silver_processing_dag.py
[2026-09-06T02:55:25.566+0000] {logging_mixin.py:188} INFO - [2026-09-06T02:55:25.566+0000] {dag.py:3096} INFO - Sync 1 DAGs
[2026-09-06T02:55:25.597+0000] {logging_mixin.py:188} INFO - [2026-09-06T02:55:25.597+0000] {dag.py:3954} INFO - Setting next_dagrun for process_silver_layer to None, run_after=None
[2026-09-06T02:55:25.655+0000] {processor.py:183} INFO - Processing /opt/airflow/dags/silver_processing_dag.py took 0.214 seconds
[2026-09-06T02:55:56.417+0000] {processor.py:161} INFO - Started process (PID=27033) to work on /opt/airflow/dags/silver_processing_dag.py
[2026-09-06T02:55:56.419+0000] {processor.py:830} INFO - Processing file /opt/airflow/dags/silver_processing_dag.py for tasks to queue
[2026-09-06T02:55:56.428+0000] {logging_mixin.py:188} INFO - [2026-09-06T02:55:56.427+0000] {dagbag.py:545} INFO - Filling up the DagBag from /opt/airflow/dags/silver_processing_dag.py
[2026-09-06T02:55:56.471+0000] {processor.py:840} INFO - DAG(s) 'process_silver_layer' retrieved from /opt/airflow/dags/silver_processing_dag.py
[2026-09-06T02:55:56.522+0000] {logging_mixin.py:188} INFO - [2026-09-06T02:55:56.522+0000] {dag.py:3096} INFO - Sync 1 DAGs
[2026-09-06T02:55:56.558+0000] {logging_mixin.py:188} INFO - [2026-09-06T02:55:56.557+0000] {dag.py:3954} INFO - Setting next_dagrun for process_silver_layer to None, run_after=None
[2026-09-06T02:55:56.599+0000] {processor.py:183} INFO - Processing /opt/airflow/dags/silver_processing_dag.py took 0.200 seconds
[2026-09-06T02:56:27.167+0000] {processor.py:161} INFO - Started process (PID=27048) to work on /opt/airflow/dags/silver_processing_dag.py
[2026-09-06T02:56:27.169+0000] {processor.py:830} INFO - Processing file /opt/airflow/dags/silver_processing_dag.py for tasks to queue
[2026-09-06T02:56:27.175+0000] {logging_mixin.py:188} INFO - [2026-09-06T02:56:27.174+0000] {dagbag.py:545} INFO - Filling up the DagBag from /opt/airflow/dags/silver_processing_dag.py
[2026-09-06T02:56:27.214+0000] {processor.py:840} INFO - DAG(s) 'process_silver_layer' retrieved from /opt/airflow/dags/silver_processing_dag.py
[2026-09-06T02:56:27.287+0000] {logging_mixin.py:188} INFO - [2026-09-06T02:56:27.286+0000] {dag.py:3096} INFO - Sync 1 DAGs
[2026-09-06T02:56:27.332+0000] {logging_mixin.py:188} INFO - [2026-09-06T02:56:27.331+0000] {dag.py:3954} INFO - Setting next_dagrun for process_silver_layer to None, run_after=None
[2026-09-06T02:56:27.404+0000] {processor.py:183} INFO - Processing /opt/airflow/dags/silver_processing_dag.py took 0.250 seconds
[2026-09-06T02:56:58.080+0000] {processor.py:161} INFO - Started process (PID=27063) to work on /opt/airflow/dags/silver_processing_dag.py
[2026-09-06T02:56:58.085+0000] {processor.py:830} INFO - Processing file /opt/airflow/dags/silver_processing_dag.py for tasks to queue
[2026-09-06T02:56:58.094+0000] {logging_mixin.py:188} INFO - [2026-09-06T02:56:58.093+0000] {dagbag.py:545} INFO - Filling up the DagBag from /opt/airflow/dags/silver_processing_dag.py
[2026-09-06T02:56:58.141+0000] {processor.py:840} INFO - DAG(s) 'process_silver_layer' retrieved from /opt/airflow/dags/silver_processing_dag.py
[2026-09-06T02:56:58.190+0000] {logging_mixin.py:188} INFO - [2026-09-06T02:56:58.190+0000] {dag.py:3096} INFO - Sync 1 DAGs
[2026-09-06T02:56:58.228+0000] {logging_mixin.py:188} INFO - [2026-09-06T02:56:58.228+0000] {dag.py:3954} INFO - Setting next_dagrun for process_silver_layer to None, run_after=None
[2026-09-06T02:56:58.292+0000] {processor.py:183} INFO - Processing /opt/airflow/dags/silver_processing_dag.py took 0.231 seconds
[2026-09-06T02:57:29.241+0000] {processor.py:161} INFO - Started process (PID=27078) to work on /opt/airflow/dags/silver_processing_dag.py
[2026-09-06T02:57:29.252+0000] {processor.py:830} INFO - Processing file /opt/airflow/dags/silver_processing_dag.py for tasks to queue
[2026-09-06T02:57:29.273+0000] {logging_mixin.py:188} INFO - [2026-09-06T02:57:29.272+0000] {dagbag.py:545} INFO - Filling up the DagBag from /opt/airflow/dags/silver_processing_dag.py
[2026-09-06T02:57:29.680+0000] {processor.py:840} INFO - DAG(s) 'process_silver_layer' retrieved from /opt/airflow/dags/silver_processing_dag.py
[2026-09-06T02:57:29.902+0000] {logging_mixin.py:188} INFO - [2026-09-06T02:57:29.891+0000] {dag.py:3096} INFO - Sync 1 DAGs
[2026-09-06T02:57:30.048+0000] {logging_mixin.py:188} INFO - [2026-09-06T02:57:30.047+0000] {dag.py:3954} INFO - Setting next_dagrun for process_silver_layer to None, run_after=None
[2026-09-06T02:57:30.212+0000] {processor.py:183} INFO - Processing /opt/airflow/dags/silver_processing_dag.py took 1.010 seconds
[2026-09-06T02:58:00.773+0000] {processor.py:161} INFO - Started process (PID=27093) to work on /opt/airflow/dags/silver_processing_dag.py
[2026-09-06T02:58:00.781+0000] {processor.py:830} INFO - Processing file /opt/airflow/dags/silver_processing_dag.py for tasks to queue
[2026-09-06T02:58:00.789+0000] {logging_mixin.py:188} INFO - [2026-09-06T02:58:00.788+0000] {dagbag.py:545} INFO - Filling up the DagBag from /opt/airflow/dags/silver_processing_dag.py
[2026-09-06T02:58:00.859+0000] {processor.py:840} INFO - DAG(s) 'process_silver_layer' retrieved from /opt/airflow/dags/silver_processing_dag.py
[2026-09-06T02:58:01.000+0000] {logging_mixin.py:188} INFO - [2026-09-06T02:58:00.999+0000] {dag.py:3096} INFO - Sync 1 DAGs
[2026-09-06T02:58:01.108+0000] {logging_mixin.py:188} INFO - [2026-09-06T02:58:01.107+0000] {dag.py:3954} INFO - Setting next_dagrun for process_silver_layer to None, run_after=None
[2026-09-06T02:58:01.177+0000] {processor.py:183} INFO - Processing /opt/airflow/dags/silver_processing_dag.py took 0.427 seconds
[2026-09-06T02:58:31.879+0000] {processor.py:161} INFO - Started process (PID=27108) to work on /opt/airflow/dags/silver_processing_dag.py
[2026-09-06T02:58:31.883+0000] {processor.py:830} INFO - Processing file /opt/airflow/dags/silver_processing_dag.py for tasks to queue
[2026-09-06T02:58:31.894+0000] {logging_mixin.py:188} INFO - [2026-09-06T02:58:31.893+0000] {dagbag.py:545} INFO - Filling up the DagBag from /opt/airflow/dags/silver_processing_dag.py
[2026-09-06T02:58:31.978+0000] {processor.py:840} INFO - DAG(s) 'process_silver_layer' retrieved from /opt/airflow/dags/silver_processing_dag.py
[2026-09-06T02:58:32.081+0000] {logging_mixin.py:188} INFO - [2026-09-06T02:58:32.071+0000] {dag.py:3096} INFO - Sync 1 DAGs
[2026-09-06T02:58:32.216+0000] {logging_mixin.py:188} INFO - [2026-09-06T02:58:32.216+0000] {dag.py:3954} INFO - Setting next_dagrun for process_silver_layer to None, run_after=None
[2026-09-06T02:58:32.330+0000] {processor.py:183} INFO - Processing /opt/airflow/dags/silver_processing_dag.py took 0.496 seconds
[2026-09-06T02:59:03.070+0000] {processor.py:161} INFO - Started process (PID=27123) to work on /opt/airflow/dags/silver_processing_dag.py
[2026-09-06T02:59:03.091+0000] {processor.py:830} INFO - Processing file /opt/airflow/dags/silver_processing_dag.py for tasks to queue
[2026-09-06T02:59:03.100+0000] {logging_mixin.py:188} INFO - [2026-09-06T02:59:03.099+0000] {dagbag.py:545} INFO - Filling up the DagBag from /opt/airflow/dags/silver_processing_dag.py
[2026-09-06T02:59:03.190+0000] {processor.py:840} INFO - DAG(s) 'process_silver_layer' retrieved from /opt/airflow/dags/silver_processing_dag.py
[2026-09-06T02:59:03.326+0000] {logging_mixin.py:188} INFO - [2026-09-06T02:59:03.323+0000] {dag.py:3096} INFO - Sync 1 DAGs
[2026-09-06T02:59:03.400+0000] {logging_mixin.py:188} INFO - [2026-09-06T02:59:03.399+0000] {dag.py:3954} INFO - Setting next_dagrun for process_silver_layer to None, run_after=None
[2026-09-06T02:59:03.491+0000] {processor.py:183} INFO - Processing /opt/airflow/dags/silver_processing_dag.py took 0.460 seconds
[2026-09-06T02:59:34.115+0000] {processor.py:161} INFO - Started process (PID=27138) to work on /opt/airflow/dags/silver_processing_dag.py
[2026-09-06T02:59:34.119+0000] {processor.py:830} INFO - Processing file /opt/airflow/dags/silver_processing_dag.py for tasks to queue
[2026-09-06T02:59:34.129+0000] {logging_mixin.py:188} INFO - [2026-09-06T02:59:34.128+0000] {dagbag.py:545} INFO - Filling up the DagBag from /opt/airflow/dags/silver_processing_dag.py
[2026-09-06T02:59:34.190+0000] {processor.py:840} INFO - DAG(s) 'process_silver_layer' retrieved from /opt/airflow/dags/silver_processing_dag.py
[2026-09-06T02:59:34.286+0000] {logging_mixin.py:188} INFO - [2026-09-06T02:59:34.283+0000] {dag.py:3096} INFO - Sync 1 DAGs
[2026-09-06T02:59:34.356+0000] {logging_mixin.py:188} INFO - [2026-09-06T02:59:34.356+0000] {dag.py:3954} INFO - Setting next_dagrun for process_silver_layer to None, run_after=None
[2026-09-06T02:59:34.452+0000] {processor.py:183} INFO - Processing /opt/airflow/dags/silver_processing_dag.py took 0.362 seconds
[2026-09-06T03:00:04.935+0000] {processor.py:161} INFO - Started process (PID=27155) to work on /opt/airflow/dags/silver_processing_dag.py
[2026-09-06T03:00:04.939+0000] {processor.py:830} INFO - Processing file /opt/airflow/dags/silver_processing_dag.py for tasks to queue
[2026-09-06T03:00:04.960+0000] {logging_mixin.py:188} INFO - [2026-09-06T03:00:04.959+0000] {dagbag.py:545} INFO - Filling up the DagBag from /opt/airflow/dags/silver_processing_dag.py
[2026-09-06T03:00:05.094+0000] {processor.py:840} INFO - DAG(s) 'process_silver_layer' retrieved from /opt/airflow/dags/silver_processing_dag.py
[2026-09-06T03:00:05.227+0000] {logging_mixin.py:188} INFO - [2026-09-06T03:00:05.226+0000] {dag.py:3096} INFO - Sync 1 DAGs
[2026-09-06T03:00:05.321+0000] {logging_mixin.py:188} INFO - [2026-09-06T03:00:05.321+0000] {dag.py:3954} INFO - Setting next_dagrun for process_silver_layer to None, run_after=None
[2026-09-06T03:00:05.448+0000] {processor.py:183} INFO - Processing /opt/airflow/dags/silver_processing_dag.py took 0.565 seconds
[2026-09-06T03:00:35.988+0000] {processor.py:161} INFO - Started process (PID=27178) to work on /opt/airflow/dags/silver_processing_dag.py
[2026-09-06T03:00:35.993+0000] {processor.py:830} INFO - Processing file /opt/airflow/dags/silver_processing_dag.py for tasks to queue
[2026-09-06T03:00:36.003+0000] {logging_mixin.py:188} INFO - [2026-09-06T03:00:36.002+0000] {dagbag.py:545} INFO - Filling up the DagBag from /opt/airflow/dags/silver_processing_dag.py
[2026-09-06T03:00:36.079+0000] {processor.py:840} INFO - DAG(s) 'process_silver_layer' retrieved from /opt/airflow/dags/silver_processing_dag.py
[2026-09-06T03:00:36.243+0000] {logging_mixin.py:188} INFO - [2026-09-06T03:00:36.242+0000] {dag.py:3096} INFO - Sync 1 DAGs
[2026-09-06T03:00:36.317+0000] {logging_mixin.py:188} INFO - [2026-09-06T03:00:36.317+0000] {dag.py:3954} INFO - Setting next_dagrun for process_silver_layer to None, run_after=None
[2026-09-06T03:00:36.410+0000] {processor.py:183} INFO - Processing /opt/airflow/dags/silver_processing_dag.py took 0.470 seconds
[2026-09-06T03:01:07.204+0000] {processor.py:161} INFO - Started process (PID=27323) to work on /opt/airflow/dags/silver_processing_dag.py
[2026-09-06T03:01:07.220+0000] {processor.py:830} INFO - Processing file /opt/airflow/dags/silver_processing_dag.py for tasks to queue
[2026-09-06T03:01:07.265+0000] {logging_mixin.py:188} INFO - [2026-09-06T03:01:07.260+0000] {dagbag.py:545} INFO - Filling up the DagBag from /opt/airflow/dags/silver_processing_dag.py
[2026-09-06T03:01:07.446+0000] {processor.py:840} INFO - DAG(s) 'process_silver_layer' retrieved from /opt/airflow/dags/silver_processing_dag.py
[2026-09-06T03:01:07.743+0000] {logging_mixin.py:188} INFO - [2026-09-06T03:01:07.740+0000] {dag.py:3096} INFO - Sync 1 DAGs
[2026-09-06T03:01:07.914+0000] {logging_mixin.py:188} INFO - [2026-09-06T03:01:07.914+0000] {dag.py:3954} INFO - Setting next_dagrun for process_silver_layer to None, run_after=None
[2026-09-06T03:01:08.089+0000] {processor.py:183} INFO - Processing /opt/airflow/dags/silver_processing_dag.py took 0.999 seconds
[2026-09-06T03:01:38.554+0000] {processor.py:161} INFO - Started process (PID=27398) to work on /opt/airflow/dags/silver_processing_dag.py
[2026-09-06T03:01:38.568+0000] {processor.py:830} INFO - Processing file /opt/airflow/dags/silver_processing_dag.py for tasks to queue
[2026-09-06T03:01:38.596+0000] {logging_mixin.py:188} INFO - [2026-09-06T03:01:38.594+0000] {dagbag.py:545} INFO - Filling up the DagBag from /opt/airflow/dags/silver_processing_dag.py
[2026-09-06T03:01:38.766+0000] {processor.py:840} INFO - DAG(s) 'process_silver_layer' retrieved from /opt/airflow/dags/silver_processing_dag.py
[2026-09-06T03:01:39.021+0000] {logging_mixin.py:188} INFO - [2026-09-06T03:01:39.020+0000] {dag.py:3096} INFO - Sync 1 DAGs
[2026-09-06T03:01:39.283+0000] {logging_mixin.py:188} INFO - [2026-09-06T03:01:39.282+0000] {dag.py:3954} INFO - Setting next_dagrun for process_silver_layer to None, run_after=None
[2026-09-06T03:01:39.604+0000] {processor.py:183} INFO - Processing /opt/airflow/dags/silver_processing_dag.py took 1.146 seconds
[2026-09-06T03:02:10.350+0000] {processor.py:161} INFO - Started process (PID=27525) to work on /opt/airflow/dags/silver_processing_dag.py
[2026-09-06T03:02:10.355+0000] {processor.py:830} INFO - Processing file /opt/airflow/dags/silver_processing_dag.py for tasks to queue
[2026-09-06T03:02:10.361+0000] {logging_mixin.py:188} INFO - [2026-09-06T03:02:10.360+0000] {dagbag.py:545} INFO - Filling up the DagBag from /opt/airflow/dags/silver_processing_dag.py
[2026-09-06T03:02:10.424+0000] {processor.py:840} INFO - DAG(s) 'process_silver_layer' retrieved from /opt/airflow/dags/silver_processing_dag.py
[2026-09-06T03:02:10.510+0000] {logging_mixin.py:188} INFO - [2026-09-06T03:02:10.509+0000] {dag.py:3096} INFO - Sync 1 DAGs
[2026-09-06T03:02:10.558+0000] {logging_mixin.py:188} INFO - [2026-09-06T03:02:10.558+0000] {dag.py:3954} INFO - Setting next_dagrun for process_silver_layer to None, run_after=None
[2026-09-06T03:02:10.611+0000] {processor.py:183} INFO - Processing /opt/airflow/dags/silver_processing_dag.py took 0.290 seconds
[2026-09-06T03:02:40.808+0000] {processor.py:161} INFO - Started process (PID=27612) to work on /opt/airflow/dags/silver_processing_dag.py
[2026-09-06T03:02:40.812+0000] {processor.py:830} INFO - Processing file /opt/airflow/dags/silver_processing_dag.py for tasks to queue
[2026-09-06T03:02:40.818+0000] {logging_mixin.py:188} INFO - [2026-09-06T03:02:40.817+0000] {dagbag.py:545} INFO - Filling up the DagBag from /opt/airflow/dags/silver_processing_dag.py
[2026-09-06T03:02:40.869+0000] {processor.py:840} INFO - DAG(s) 'process_silver_layer' retrieved from /opt/airflow/dags/silver_processing_dag.py
[2026-09-06T03:02:40.975+0000] {logging_mixin.py:188} INFO - [2026-09-06T03:02:40.974+0000] {dag.py:3096} INFO - Sync 1 DAGs
[2026-09-06T03:02:41.063+0000] {logging_mixin.py:188} INFO - [2026-09-06T03:02:41.063+0000] {dag.py:3954} INFO - Setting next_dagrun for process_silver_layer to None, run_after=None
[2026-09-06T03:02:41.168+0000] {processor.py:183} INFO - Processing /opt/airflow/dags/silver_processing_dag.py took 0.378 seconds
[2026-09-06T03:03:11.835+0000] {processor.py:161} INFO - Started process (PID=27640) to work on /opt/airflow/dags/silver_processing_dag.py
[2026-09-06T03:03:11.855+0000] {processor.py:830} INFO - Processing file /opt/airflow/dags/silver_processing_dag.py for tasks to queue
[2026-09-06T03:03:11.881+0000] {logging_mixin.py:188} INFO - [2026-09-06T03:03:11.880+0000] {dagbag.py:545} INFO - Filling up the DagBag from /opt/airflow/dags/silver_processing_dag.py
[2026-09-06T03:03:12.240+0000] {processor.py:840} INFO - DAG(s) 'process_silver_layer' retrieved from /opt/airflow/dags/silver_processing_dag.py
[2026-09-06T03:03:12.380+0000] {logging_mixin.py:188} INFO - [2026-09-06T03:03:12.379+0000] {dag.py:3096} INFO - Sync 1 DAGs
[2026-09-06T03:03:12.482+0000] {logging_mixin.py:188} INFO - [2026-09-06T03:03:12.481+0000] {dag.py:3954} INFO - Setting next_dagrun for process_silver_layer to None, run_after=None
[2026-09-06T03:03:12.730+0000] {processor.py:183} INFO - Processing /opt/airflow/dags/silver_processing_dag.py took 0.926 seconds
[2026-09-06T03:03:43.475+0000] {processor.py:161} INFO - Started process (PID=27676) to work on /opt/airflow/dags/silver_processing_dag.py
[2026-09-06T03:03:43.487+0000] {processor.py:830} INFO - Processing file /opt/airflow/dags/silver_processing_dag.py for tasks to queue
[2026-09-06T03:03:43.500+0000] {logging_mixin.py:188} INFO - [2026-09-06T03:03:43.499+0000] {dagbag.py:545} INFO - Filling up the DagBag from /opt/airflow/dags/silver_processing_dag.py
[2026-09-06T03:03:43.689+0000] {processor.py:840} INFO - DAG(s) 'process_silver_layer' retrieved from /opt/airflow/dags/silver_processing_dag.py
[2026-09-06T03:03:43.880+0000] {logging_mixin.py:188} INFO - [2026-09-06T03:03:43.879+0000] {dag.py:3096} INFO - Sync 1 DAGs
[2026-09-06T03:03:43.977+0000] {logging_mixin.py:188} INFO - [2026-09-06T03:03:43.977+0000] {dag.py:3954} INFO - Setting next_dagrun for process_silver_layer to None, run_after=None
[2026-09-06T03:03:44.146+0000] {processor.py:183} INFO - Processing /opt/airflow/dags/silver_processing_dag.py took 0.696 seconds
[2026-09-06T03:04:14.929+0000] {processor.py:161} INFO - Started process (PID=27757) to work on /opt/airflow/dags/silver_processing_dag.py
[2026-09-06T03:04:14.950+0000] {processor.py:830} INFO - Processing file /opt/airflow/dags/silver_processing_dag.py for tasks to queue
[2026-09-06T03:04:15.114+0000] {logging_mixin.py:188} INFO - [2026-09-06T03:04:15.113+0000] {dagbag.py:545} INFO - Filling up the DagBag from /opt/airflow/dags/silver_processing_dag.py
[2026-09-06T03:04:16.001+0000] {processor.py:840} INFO - DAG(s) 'process_silver_layer' retrieved from /opt/airflow/dags/silver_processing_dag.py
[2026-09-06T03:04:16.305+0000] {logging_mixin.py:188} INFO - [2026-09-06T03:04:16.304+0000] {dag.py:3096} INFO - Sync 1 DAGs
[2026-09-06T03:04:16.497+0000] {logging_mixin.py:188} INFO - [2026-09-06T03:04:16.496+0000] {dag.py:3954} INFO - Setting next_dagrun for process_silver_layer to None, run_after=None
[2026-09-06T03:04:16.635+0000] {processor.py:183} INFO - Processing /opt/airflow/dags/silver_processing_dag.py took 1.723 seconds
[2026-09-06T03:04:46.935+0000] {processor.py:161} INFO - Started process (PID=27801) to work on /opt/airflow/dags/silver_processing_dag.py
[2026-09-06T03:04:46.940+0000] {processor.py:830} INFO - Processing file /opt/airflow/dags/silver_processing_dag.py for tasks to queue
[2026-09-06T03:04:46.948+0000] {logging_mixin.py:188} INFO - [2026-09-06T03:04:46.947+0000] {dagbag.py:545} INFO - Filling up the DagBag from /opt/airflow/dags/silver_processing_dag.py
[2026-09-06T03:04:46.994+0000] {processor.py:840} INFO - DAG(s) 'process_silver_layer' retrieved from /opt/airflow/dags/silver_processing_dag.py
[2026-09-06T03:04:47.052+0000] {logging_mixin.py:188} INFO - [2026-09-06T03:04:47.052+0000] {dag.py:3096} INFO - Sync 1 DAGs
[2026-09-06T03:04:47.085+0000] {logging_mixin.py:188} INFO - [2026-09-06T03:04:47.085+0000] {dag.py:3954} INFO - Setting next_dagrun for process_silver_layer to None, run_after=None
[2026-09-06T03:04:47.143+0000] {processor.py:183} INFO - Processing /opt/airflow/dags/silver_processing_dag.py took 0.228 seconds
[2026-09-06T03:05:18.172+0000] {processor.py:161} INFO - Started process (PID=27919) to work on /opt/airflow/dags/silver_processing_dag.py
[2026-09-06T03:05:18.176+0000] {processor.py:830} INFO - Processing file /opt/airflow/dags/silver_processing_dag.py for tasks to queue
[2026-09-06T03:05:18.192+0000] {logging_mixin.py:188} INFO - [2026-09-06T03:05:18.191+0000] {dagbag.py:545} INFO - Filling up the DagBag from /opt/airflow/dags/silver_processing_dag.py
[2026-09-06T03:05:18.441+0000] {processor.py:840} INFO - DAG(s) 'process_silver_layer' retrieved from /opt/airflow/dags/silver_processing_dag.py
[2026-09-06T03:05:18.572+0000] {logging_mixin.py:188} INFO - [2026-09-06T03:05:18.572+0000] {dag.py:3096} INFO - Sync 1 DAGs
[2026-09-06T03:05:18.643+0000] {logging_mixin.py:188} INFO - [2026-09-06T03:05:18.643+0000] {dag.py:3954} INFO - Setting next_dagrun for process_silver_layer to None, run_after=None
[2026-09-06T03:05:18.815+0000] {processor.py:183} INFO - Processing /opt/airflow/dags/silver_processing_dag.py took 0.691 seconds
[2026-09-06T03:05:49.635+0000] {processor.py:161} INFO - Started process (PID=28361) to work on /opt/airflow/dags/silver_processing_dag.py
[2026-09-06T03:05:49.639+0000] {processor.py:830} INFO - Processing file /opt/airflow/dags/silver_processing_dag.py for tasks to queue
[2026-09-06T03:05:49.656+0000] {logging_mixin.py:188} INFO - [2026-09-06T03:05:49.655+0000] {dagbag.py:545} INFO - Filling up the DagBag from /opt/airflow/dags/silver_processing_dag.py
[2026-09-06T03:05:49.980+0000] {processor.py:840} INFO - DAG(s) 'process_silver_layer' retrieved from /opt/airflow/dags/silver_processing_dag.py
[2026-09-06T03:05:50.175+0000] {logging_mixin.py:188} INFO - [2026-09-06T03:05:50.174+0000] {dag.py:3096} INFO - Sync 1 DAGs
[2026-09-06T03:05:50.276+0000] {logging_mixin.py:188} INFO - [2026-09-06T03:05:50.273+0000] {dag.py:3954} INFO - Setting next_dagrun for process_silver_layer to None, run_after=None
[2026-09-06T03:05:50.443+0000] {processor.py:183} INFO - Processing /opt/airflow/dags/silver_processing_dag.py took 0.831 seconds
[2026-09-06T03:06:20.920+0000] {processor.py:161} INFO - Started process (PID=28603) to work on /opt/airflow/dags/silver_processing_dag.py
[2026-09-06T03:06:20.931+0000] {processor.py:830} INFO - Processing file /opt/airflow/dags/silver_processing_dag.py for tasks to queue
[2026-09-06T03:06:20.941+0000] {logging_mixin.py:188} INFO - [2026-09-06T03:06:20.940+0000] {dagbag.py:545} INFO - Filling up the DagBag from /opt/airflow/dags/silver_processing_dag.py
[2026-09-06T03:06:21.037+0000] {processor.py:840} INFO - DAG(s) 'process_silver_layer' retrieved from /opt/airflow/dags/silver_processing_dag.py
[2026-09-06T03:06:21.135+0000] {logging_mixin.py:188} INFO - [2026-09-06T03:06:21.134+0000] {dag.py:3096} INFO - Sync 1 DAGs
[2026-09-06T03:06:21.171+0000] {logging_mixin.py:188} INFO - [2026-09-06T03:06:21.170+0000] {dag.py:3954} INFO - Setting next_dagrun for process_silver_layer to None, run_after=None
[2026-09-06T03:06:21.224+0000] {processor.py:183} INFO - Processing /opt/airflow/dags/silver_processing_dag.py took 0.346 seconds
[2026-09-06T03:06:51.381+0000] {processor.py:161} INFO - Started process (PID=28674) to work on /opt/airflow/dags/silver_processing_dag.py
[2026-09-06T03:06:51.384+0000] {processor.py:830} INFO - Processing file /opt/airflow/dags/silver_processing_dag.py for tasks to queue
[2026-09-06T03:06:51.389+0000] {logging_mixin.py:188} INFO - [2026-09-06T03:06:51.388+0000] {dagbag.py:545} INFO - Filling up the DagBag from /opt/airflow/dags/silver_processing_dag.py
[2026-09-06T03:06:51.434+0000] {processor.py:840} INFO - DAG(s) 'process_silver_layer' retrieved from /opt/airflow/dags/silver_processing_dag.py
[2026-09-06T03:06:51.497+0000] {logging_mixin.py:188} INFO - [2026-09-06T03:06:51.496+0000] {dag.py:3096} INFO - Sync 1 DAGs
[2026-09-06T03:06:51.599+0000] {logging_mixin.py:188} INFO - [2026-09-06T03:06:51.599+0000] {dag.py:3954} INFO - Setting next_dagrun for process_silver_layer to None, run_after=None
[2026-09-06T03:06:51.787+0000] {processor.py:183} INFO - Processing /opt/airflow/dags/silver_processing_dag.py took 0.425 seconds
[2026-09-06T03:07:22.119+0000] {processor.py:161} INFO - Started process (PID=28747) to work on /opt/airflow/dags/silver_processing_dag.py
[2026-09-06T03:07:22.124+0000] {processor.py:830} INFO - Processing file /opt/airflow/dags/silver_processing_dag.py for tasks to queue
[2026-09-06T03:07:22.136+0000] {logging_mixin.py:188} INFO - [2026-09-06T03:07:22.135+0000] {dagbag.py:545} INFO - Filling up the DagBag from /opt/airflow/dags/silver_processing_dag.py
[2026-09-06T03:07:22.212+0000] {processor.py:840} INFO - DAG(s) 'process_silver_layer' retrieved from /opt/airflow/dags/silver_processing_dag.py
[2026-09-06T03:07:22.276+0000] {logging_mixin.py:188} INFO - [2026-09-06T03:07:22.275+0000] {dag.py:3096} INFO - Sync 1 DAGs
[2026-09-06T03:07:22.328+0000] {logging_mixin.py:188} INFO - [2026-09-06T03:07:22.328+0000] {dag.py:3954} INFO - Setting next_dagrun for process_silver_layer to None, run_after=None
[2026-09-06T03:07:22.439+0000] {processor.py:183} INFO - Processing /opt/airflow/dags/silver_processing_dag.py took 0.335 seconds
[2026-09-06T03:07:53.273+0000] {processor.py:161} INFO - Started process (PID=28848) to work on /opt/airflow/dags/silver_processing_dag.py
[2026-09-06T03:07:53.276+0000] {processor.py:830} INFO - Processing file /opt/airflow/dags/silver_processing_dag.py for tasks to queue
[2026-09-06T03:07:53.286+0000] {logging_mixin.py:188} INFO - [2026-09-06T03:07:53.286+0000] {dagbag.py:545} INFO - Filling up the DagBag from /opt/airflow/dags/silver_processing_dag.py
[2026-09-06T03:07:53.335+0000] {processor.py:840} INFO - DAG(s) 'process_silver_layer' retrieved from /opt/airflow/dags/silver_processing_dag.py
[2026-09-06T03:07:53.398+0000] {logging_mixin.py:188} INFO - [2026-09-06T03:07:53.397+0000] {dag.py:3096} INFO - Sync 1 DAGs
[2026-09-06T03:07:53.444+0000] {logging_mixin.py:188} INFO - [2026-09-06T03:07:53.443+0000] {dag.py:3954} INFO - Setting next_dagrun for process_silver_layer to None, run_after=None
[2026-09-06T03:07:53.495+0000] {processor.py:183} INFO - Processing /opt/airflow/dags/silver_processing_dag.py took 0.242 seconds
[2026-09-06T03:08:24.145+0000] {processor.py:161} INFO - Started process (PID=28898) to work on /opt/airflow/dags/silver_processing_dag.py
[2026-09-06T03:08:24.178+0000] {processor.py:830} INFO - Processing file /opt/airflow/dags/silver_processing_dag.py for tasks to queue
[2026-09-06T03:08:24.222+0000] {logging_mixin.py:188} INFO - [2026-09-06T03:08:24.221+0000] {dagbag.py:545} INFO - Filling up the DagBag from /opt/airflow/dags/silver_processing_dag.py
[2026-09-06T03:08:24.331+0000] {processor.py:840} INFO - DAG(s) 'process_silver_layer' retrieved from /opt/airflow/dags/silver_processing_dag.py
[2026-09-06T03:08:24.459+0000] {logging_mixin.py:188} INFO - [2026-09-06T03:08:24.458+0000] {dag.py:3096} INFO - Sync 1 DAGs
[2026-09-06T03:08:24.585+0000] {logging_mixin.py:188} INFO - [2026-09-06T03:08:24.584+0000] {dag.py:3954} INFO - Setting next_dagrun for process_silver_layer to None, run_after=None
[2026-09-06T03:08:25.041+0000] {processor.py:183} INFO - Processing /opt/airflow/dags/silver_processing_dag.py took 0.930 seconds
[2026-09-06T03:08:56.059+0000] {processor.py:161} INFO - Started process (PID=28913) to work on /opt/airflow/dags/silver_processing_dag.py
[2026-09-06T03:08:56.062+0000] {processor.py:830} INFO - Processing file /opt/airflow/dags/silver_processing_dag.py for tasks to queue
[2026-09-06T03:08:56.070+0000] {logging_mixin.py:188} INFO - [2026-09-06T03:08:56.069+0000] {dagbag.py:545} INFO - Filling up the DagBag from /opt/airflow/dags/silver_processing_dag.py
[2026-09-06T03:08:56.115+0000] {processor.py:840} INFO - DAG(s) 'process_silver_layer' retrieved from /opt/airflow/dags/silver_processing_dag.py
[2026-09-06T03:08:56.173+0000] {logging_mixin.py:188} INFO - [2026-09-06T03:08:56.172+0000] {dag.py:3096} INFO - Sync 1 DAGs
[2026-09-06T03:08:56.203+0000] {logging_mixin.py:188} INFO - [2026-09-06T03:08:56.203+0000] {dag.py:3954} INFO - Setting next_dagrun for process_silver_layer to None, run_after=None
[2026-09-06T03:08:56.263+0000] {processor.py:183} INFO - Processing /opt/airflow/dags/silver_processing_dag.py took 0.227 seconds
[2026-09-06T03:09:26.989+0000] {processor.py:161} INFO - Started process (PID=28928) to work on /opt/airflow/dags/silver_processing_dag.py
[2026-09-06T03:09:26.992+0000] {processor.py:830} INFO - Processing file /opt/airflow/dags/silver_processing_dag.py for tasks to queue
[2026-09-06T03:09:27.002+0000] {logging_mixin.py:188} INFO - [2026-09-06T03:09:26.999+0000] {dagbag.py:545} INFO - Filling up the DagBag from /opt/airflow/dags/silver_processing_dag.py
[2026-09-06T03:09:27.453+0000] {processor.py:840} INFO - DAG(s) 'process_silver_layer' retrieved from /opt/airflow/dags/silver_processing_dag.py
[2026-09-06T03:09:27.516+0000] {logging_mixin.py:188} INFO - [2026-09-06T03:09:27.515+0000] {dag.py:3096} INFO - Sync 1 DAGs
[2026-09-06T03:09:27.546+0000] {logging_mixin.py:188} INFO - [2026-09-06T03:09:27.546+0000] {dag.py:3954} INFO - Setting next_dagrun for process_silver_layer to None, run_after=None
[2026-09-06T03:09:27.595+0000] {processor.py:183} INFO - Processing /opt/airflow/dags/silver_processing_dag.py took 0.622 seconds
[2026-09-06T03:09:57.750+0000] {processor.py:161} INFO - Started process (PID=28943) to work on /opt/airflow/dags/silver_processing_dag.py
[2026-09-06T03:09:57.753+0000] {processor.py:830} INFO - Processing file /opt/airflow/dags/silver_processing_dag.py for tasks to queue
[2026-09-06T03:09:57.762+0000] {logging_mixin.py:188} INFO - [2026-09-06T03:09:57.761+0000] {dagbag.py:545} INFO - Filling up the DagBag from /opt/airflow/dags/silver_processing_dag.py
[2026-09-06T03:09:57.812+0000] {processor.py:840} INFO - DAG(s) 'process_silver_layer' retrieved from /opt/airflow/dags/silver_processing_dag.py
[2026-09-06T03:09:57.876+0000] {logging_mixin.py:188} INFO - [2026-09-06T03:09:57.876+0000] {dag.py:3096} INFO - Sync 1 DAGs
[2026-09-06T03:09:57.910+0000] {logging_mixin.py:188} INFO - [2026-09-06T03:09:57.910+0000] {dag.py:3954} INFO - Setting next_dagrun for process_silver_layer to None, run_after=None
[2026-09-06T03:09:57.973+0000] {processor.py:183} INFO - Processing /opt/airflow/dags/silver_processing_dag.py took 0.246 seconds
[2026-09-06T03:10:28.798+0000] {processor.py:161} INFO - Started process (PID=28958) to work on /opt/airflow/dags/silver_processing_dag.py
[2026-09-06T03:10:28.803+0000] {processor.py:830} INFO - Processing file /opt/airflow/dags/silver_processing_dag.py for tasks to queue
[2026-09-06T03:10:28.812+0000] {logging_mixin.py:188} INFO - [2026-09-06T03:10:28.810+0000] {dagbag.py:545} INFO - Filling up the DagBag from /opt/airflow/dags/silver_processing_dag.py
[2026-09-06T03:10:28.871+0000] {processor.py:840} INFO - DAG(s) 'process_silver_layer' retrieved from /opt/airflow/dags/silver_processing_dag.py
[2026-09-06T03:10:28.961+0000] {logging_mixin.py:188} INFO - [2026-09-06T03:10:28.960+0000] {dag.py:3096} INFO - Sync 1 DAGs
[2026-09-06T03:10:29.020+0000] {logging_mixin.py:188} INFO - [2026-09-06T03:10:29.017+0000] {dag.py:3954} INFO - Setting next_dagrun for process_silver_layer to None, run_after=None
[2026-09-06T03:10:29.088+0000] {processor.py:183} INFO - Processing /opt/airflow/dags/silver_processing_dag.py took 0.318 seconds
[2026-09-06T03:10:59.504+0000] {processor.py:161} INFO - Started process (PID=28973) to work on /opt/airflow/dags/silver_processing_dag.py
[2026-09-06T03:10:59.515+0000] {processor.py:830} INFO - Processing file /opt/airflow/dags/silver_processing_dag.py for tasks to queue
[2026-09-06T03:10:59.530+0000] {logging_mixin.py:188} INFO - [2026-09-06T03:10:59.529+0000] {dagbag.py:545} INFO - Filling up the DagBag from /opt/airflow/dags/silver_processing_dag.py
[2026-09-06T03:10:59.657+0000] {processor.py:840} INFO - DAG(s) 'process_silver_layer' retrieved from /opt/airflow/dags/silver_processing_dag.py
[2026-09-06T03:10:59.765+0000] {logging_mixin.py:188} INFO - [2026-09-06T03:10:59.764+0000] {dag.py:3096} INFO - Sync 1 DAGs
[2026-09-06T03:10:59.846+0000] {logging_mixin.py:188} INFO - [2026-09-06T03:10:59.845+0000] {dag.py:3954} INFO - Setting next_dagrun for process_silver_layer to None, run_after=None
[2026-09-06T03:10:59.963+0000] {processor.py:183} INFO - Processing /opt/airflow/dags/silver_processing_dag.py took 0.497 seconds
[2026-09-06T03:11:30.779+0000] {processor.py:161} INFO - Started process (PID=28988) to work on /opt/airflow/dags/silver_processing_dag.py
[2026-09-06T03:11:30.787+0000] {processor.py:830} INFO - Processing file /opt/airflow/dags/silver_processing_dag.py for tasks to queue
[2026-09-06T03:11:30.801+0000] {logging_mixin.py:188} INFO - [2026-09-06T03:11:30.800+0000] {dagbag.py:545} INFO - Filling up the DagBag from /opt/airflow/dags/silver_processing_dag.py
[2026-09-06T03:11:30.882+0000] {processor.py:840} INFO - DAG(s) 'process_silver_layer' retrieved from /opt/airflow/dags/silver_processing_dag.py
[2026-09-06T03:11:30.994+0000] {logging_mixin.py:188} INFO - [2026-09-06T03:11:30.993+0000] {dag.py:3096} INFO - Sync 1 DAGs
[2026-09-06T03:11:31.055+0000] {logging_mixin.py:188} INFO - [2026-09-06T03:11:31.055+0000] {dag.py:3954} INFO - Setting next_dagrun for process_silver_layer to None, run_after=None
[2026-09-06T03:11:31.124+0000] {processor.py:183} INFO - Processing /opt/airflow/dags/silver_processing_dag.py took 0.395 seconds
[2026-09-06T03:12:01.754+0000] {processor.py:161} INFO - Started process (PID=29003) to work on /opt/airflow/dags/silver_processing_dag.py
[2026-09-06T03:12:01.757+0000] {processor.py:830} INFO - Processing file /opt/airflow/dags/silver_processing_dag.py for tasks to queue
[2026-09-06T03:12:01.774+0000] {logging_mixin.py:188} INFO - [2026-09-06T03:12:01.773+0000] {dagbag.py:545} INFO - Filling up the DagBag from /opt/airflow/dags/silver_processing_dag.py
[2026-09-06T03:12:01.895+0000] {processor.py:840} INFO - DAG(s) 'process_silver_layer' retrieved from /opt/airflow/dags/silver_processing_dag.py
[2026-09-06T03:12:02.040+0000] {logging_mixin.py:188} INFO - [2026-09-06T03:12:02.039+0000] {dag.py:3096} INFO - Sync 1 DAGs
[2026-09-06T03:12:02.144+0000] {logging_mixin.py:188} INFO - [2026-09-06T03:12:02.143+0000] {dag.py:3954} INFO - Setting next_dagrun for process_silver_layer to None, run_after=None
[2026-09-06T03:12:02.396+0000] {processor.py:183} INFO - Processing /opt/airflow/dags/silver_processing_dag.py took 0.684 seconds
[2026-09-06T03:12:33.125+0000] {processor.py:161} INFO - Started process (PID=29018) to work on /opt/airflow/dags/silver_processing_dag.py
[2026-09-06T03:12:33.133+0000] {processor.py:830} INFO - Processing file /opt/airflow/dags/silver_processing_dag.py for tasks to queue
[2026-09-06T03:12:33.141+0000] {logging_mixin.py:188} INFO - [2026-09-06T03:12:33.140+0000] {dagbag.py:545} INFO - Filling up the DagBag from /opt/airflow/dags/silver_processing_dag.py
[2026-09-06T03:12:33.229+0000] {processor.py:840} INFO - DAG(s) 'process_silver_layer' retrieved from /opt/airflow/dags/silver_processing_dag.py
[2026-09-06T03:12:33.355+0000] {logging_mixin.py:188} INFO - [2026-09-06T03:12:33.354+0000] {dag.py:3096} INFO - Sync 1 DAGs
[2026-09-06T03:12:33.420+0000] {logging_mixin.py:188} INFO - [2026-09-06T03:12:33.419+0000] {dag.py:3954} INFO - Setting next_dagrun for process_silver_layer to None, run_after=None
[2026-09-06T03:12:33.529+0000] {processor.py:183} INFO - Processing /opt/airflow/dags/silver_processing_dag.py took 0.434 seconds
[2026-09-06T03:13:04.279+0000] {processor.py:161} INFO - Started process (PID=29033) to work on /opt/airflow/dags/silver_processing_dag.py
[2026-09-06T03:13:04.285+0000] {processor.py:830} INFO - Processing file /opt/airflow/dags/silver_processing_dag.py for tasks to queue
[2026-09-06T03:13:04.299+0000] {logging_mixin.py:188} INFO - [2026-09-06T03:13:04.298+0000] {dagbag.py:545} INFO - Filling up the DagBag from /opt/airflow/dags/silver_processing_dag.py
[2026-09-06T03:13:04.383+0000] {processor.py:840} INFO - DAG(s) 'process_silver_layer' retrieved from /opt/airflow/dags/silver_processing_dag.py
[2026-09-06T03:13:04.482+0000] {logging_mixin.py:188} INFO - [2026-09-06T03:13:04.481+0000] {dag.py:3096} INFO - Sync 1 DAGs
[2026-09-06T03:13:04.535+0000] {logging_mixin.py:188} INFO - [2026-09-06T03:13:04.534+0000] {dag.py:3954} INFO - Setting next_dagrun for process_silver_layer to None, run_after=None
[2026-09-06T03:13:04.605+0000] {processor.py:183} INFO - Processing /opt/airflow/dags/silver_processing_dag.py took 0.364 seconds
[2026-09-06T03:13:34.806+0000] {processor.py:161} INFO - Started process (PID=29048) to work on /opt/airflow/dags/silver_processing_dag.py
[2026-09-06T03:13:34.810+0000] {processor.py:830} INFO - Processing file /opt/airflow/dags/silver_processing_dag.py for tasks to queue
[2026-09-06T03:13:34.817+0000] {logging_mixin.py:188} INFO - [2026-09-06T03:13:34.816+0000] {dagbag.py:545} INFO - Filling up the DagBag from /opt/airflow/dags/silver_processing_dag.py
[2026-09-06T03:13:34.868+0000] {processor.py:840} INFO - DAG(s) 'process_silver_layer' retrieved from /opt/airflow/dags/silver_processing_dag.py
[2026-09-06T03:13:34.927+0000] {logging_mixin.py:188} INFO - [2026-09-06T03:13:34.927+0000] {dag.py:3096} INFO - Sync 1 DAGs
[2026-09-06T03:13:34.960+0000] {logging_mixin.py:188} INFO - [2026-09-06T03:13:34.960+0000] {dag.py:3954} INFO - Setting next_dagrun for process_silver_layer to None, run_after=None
[2026-09-06T03:13:35.021+0000] {processor.py:183} INFO - Processing /opt/airflow/dags/silver_processing_dag.py took 0.251 seconds
[2026-09-06T03:14:05.818+0000] {processor.py:161} INFO - Started process (PID=29063) to work on /opt/airflow/dags/silver_processing_dag.py
[2026-09-06T03:14:05.825+0000] {processor.py:830} INFO - Processing file /opt/airflow/dags/silver_processing_dag.py for tasks to queue
[2026-09-06T03:14:05.851+0000] {logging_mixin.py:188} INFO - [2026-09-06T03:14:05.850+0000] {dagbag.py:545} INFO - Filling up the DagBag from /opt/airflow/dags/silver_processing_dag.py
[2026-09-06T03:14:05.966+0000] {processor.py:840} INFO - DAG(s) 'process_silver_layer' retrieved from /opt/airflow/dags/silver_processing_dag.py
[2026-09-06T03:14:06.072+0000] {logging_mixin.py:188} INFO - [2026-09-06T03:14:06.072+0000] {dag.py:3096} INFO - Sync 1 DAGs
[2026-09-06T03:14:06.142+0000] {logging_mixin.py:188} INFO - [2026-09-06T03:14:06.141+0000] {dag.py:3954} INFO - Setting next_dagrun for process_silver_layer to None, run_after=None
[2026-09-06T03:14:06.244+0000] {processor.py:183} INFO - Processing /opt/airflow/dags/silver_processing_dag.py took 0.451 seconds
[2026-09-06T03:14:37.883+0000] {processor.py:161} INFO - Started process (PID=29078) to work on /opt/airflow/dags/silver_processing_dag.py
[2026-09-06T03:14:37.888+0000] {processor.py:830} INFO - Processing file /opt/airflow/dags/silver_processing_dag.py for tasks to queue
[2026-09-06T03:14:37.913+0000] {logging_mixin.py:188} INFO - [2026-09-06T03:14:37.912+0000] {dagbag.py:545} INFO - Filling up the DagBag from /opt/airflow/dags/silver_processing_dag.py
[2026-09-06T03:14:38.136+0000] {processor.py:840} INFO - DAG(s) 'process_silver_layer' retrieved from /opt/airflow/dags/silver_processing_dag.py
[2026-09-06T03:14:38.290+0000] {logging_mixin.py:188} INFO - [2026-09-06T03:14:38.289+0000] {dag.py:3096} INFO - Sync 1 DAGs
[2026-09-06T03:14:38.415+0000] {logging_mixin.py:188} INFO - [2026-09-06T03:14:38.415+0000] {dag.py:3954} INFO - Setting next_dagrun for process_silver_layer to None, run_after=None
[2026-09-06T03:14:38.555+0000] {processor.py:183} INFO - Processing /opt/airflow/dags/silver_processing_dag.py took 0.721 seconds
[2026-09-06T03:15:09.150+0000] {processor.py:161} INFO - Started process (PID=29093) to work on /opt/airflow/dags/silver_processing_dag.py
[2026-09-06T03:15:09.156+0000] {processor.py:830} INFO - Processing file /opt/airflow/dags/silver_processing_dag.py for tasks to queue
[2026-09-06T03:15:09.167+0000] {logging_mixin.py:188} INFO - [2026-09-06T03:15:09.166+0000] {dagbag.py:545} INFO - Filling up the DagBag from /opt/airflow/dags/silver_processing_dag.py
[2026-09-06T03:15:09.242+0000] {processor.py:840} INFO - DAG(s) 'process_silver_layer' retrieved from /opt/airflow/dags/silver_processing_dag.py
[2026-09-06T03:15:09.327+0000] {logging_mixin.py:188} INFO - [2026-09-06T03:15:09.327+0000] {dag.py:3096} INFO - Sync 1 DAGs
[2026-09-06T03:15:09.405+0000] {logging_mixin.py:188} INFO - [2026-09-06T03:15:09.393+0000] {dag.py:3954} INFO - Setting next_dagrun for process_silver_layer to None, run_after=None
[2026-09-06T03:15:09.525+0000] {processor.py:183} INFO - Processing /opt/airflow/dags/silver_processing_dag.py took 0.401 seconds
[2026-09-06T03:15:40.701+0000] {processor.py:161} INFO - Started process (PID=29108) to work on /opt/airflow/dags/silver_processing_dag.py
[2026-09-06T03:15:40.719+0000] {processor.py:830} INFO - Processing file /opt/airflow/dags/silver_processing_dag.py for tasks to queue
[2026-09-06T03:15:40.739+0000] {logging_mixin.py:188} INFO - [2026-09-06T03:15:40.738+0000] {dagbag.py:545} INFO - Filling up the DagBag from /opt/airflow/dags/silver_processing_dag.py
[2026-09-06T03:15:40.855+0000] {processor.py:840} INFO - DAG(s) 'process_silver_layer' retrieved from /opt/airflow/dags/silver_processing_dag.py
[2026-09-06T03:15:40.952+0000] {logging_mixin.py:188} INFO - [2026-09-06T03:15:40.952+0000] {dag.py:3096} INFO - Sync 1 DAGs
[2026-09-06T03:15:40.998+0000] {logging_mixin.py:188} INFO - [2026-09-06T03:15:40.997+0000] {dag.py:3954} INFO - Setting next_dagrun for process_silver_layer to None, run_after=None
[2026-09-06T03:15:41.068+0000] {processor.py:183} INFO - Processing /opt/airflow/dags/silver_processing_dag.py took 0.397 seconds
[2026-09-06T03:16:11.597+0000] {processor.py:161} INFO - Started process (PID=29123) to work on /opt/airflow/dags/silver_processing_dag.py
[2026-09-06T03:16:11.601+0000] {processor.py:830} INFO - Processing file /opt/airflow/dags/silver_processing_dag.py for tasks to queue
[2026-09-06T03:16:11.609+0000] {logging_mixin.py:188} INFO - [2026-09-06T03:16:11.608+0000] {dagbag.py:545} INFO - Filling up the DagBag from /opt/airflow/dags/silver_processing_dag.py
[2026-09-06T03:16:11.671+0000] {processor.py:840} INFO - DAG(s) 'process_silver_layer' retrieved from /opt/airflow/dags/silver_processing_dag.py
[2026-09-06T03:16:11.756+0000] {logging_mixin.py:188} INFO - [2026-09-06T03:16:11.755+0000] {dag.py:3096} INFO - Sync 1 DAGs
[2026-09-06T03:16:11.827+0000] {logging_mixin.py:188} INFO - [2026-09-06T03:16:11.825+0000] {dag.py:3954} INFO - Setting next_dagrun for process_silver_layer to None, run_after=None
[2026-09-06T03:16:11.923+0000] {processor.py:183} INFO - Processing /opt/airflow/dags/silver_processing_dag.py took 0.356 seconds
[2026-09-06T03:16:42.172+0000] {processor.py:161} INFO - Started process (PID=29138) to work on /opt/airflow/dags/silver_processing_dag.py
[2026-09-06T03:16:42.176+0000] {processor.py:830} INFO - Processing file /opt/airflow/dags/silver_processing_dag.py for tasks to queue
[2026-09-06T03:16:42.191+0000] {logging_mixin.py:188} INFO - [2026-09-06T03:16:42.190+0000] {dagbag.py:545} INFO - Filling up the DagBag from /opt/airflow/dags/silver_processing_dag.py
[2026-09-06T03:16:42.272+0000] {processor.py:840} INFO - DAG(s) 'process_silver_layer' retrieved from /opt/airflow/dags/silver_processing_dag.py
[2026-09-06T03:16:42.406+0000] {logging_mixin.py:188} INFO - [2026-09-06T03:16:42.406+0000] {dag.py:3096} INFO - Sync 1 DAGs
[2026-09-06T03:16:42.502+0000] {logging_mixin.py:188} INFO - [2026-09-06T03:16:42.501+0000] {dag.py:3954} INFO - Setting next_dagrun for process_silver_layer to None, run_after=None
[2026-09-06T03:16:42.611+0000] {processor.py:183} INFO - Processing /opt/airflow/dags/silver_processing_dag.py took 0.464 seconds
[2026-09-06T03:17:13.323+0000] {processor.py:161} INFO - Started process (PID=29153) to work on /opt/airflow/dags/silver_processing_dag.py
[2026-09-06T03:17:13.326+0000] {processor.py:830} INFO - Processing file /opt/airflow/dags/silver_processing_dag.py for tasks to queue
[2026-09-06T03:17:13.342+0000] {logging_mixin.py:188} INFO - [2026-09-06T03:17:13.341+0000] {dagbag.py:545} INFO - Filling up the DagBag from /opt/airflow/dags/silver_processing_dag.py
[2026-09-06T03:17:13.549+0000] {processor.py:840} INFO - DAG(s) 'process_silver_layer' retrieved from /opt/airflow/dags/silver_processing_dag.py
[2026-09-06T03:17:13.697+0000] {logging_mixin.py:188} INFO - [2026-09-06T03:17:13.696+0000] {dag.py:3096} INFO - Sync 1 DAGs
[2026-09-06T03:17:13.765+0000] {logging_mixin.py:188} INFO - [2026-09-06T03:17:13.764+0000] {dag.py:3954} INFO - Setting next_dagrun for process_silver_layer to None, run_after=None
[2026-09-06T03:17:13.834+0000] {processor.py:183} INFO - Processing /opt/airflow/dags/silver_processing_dag.py took 0.537 seconds
[2026-09-06T03:17:44.133+0000] {processor.py:161} INFO - Started process (PID=29168) to work on /opt/airflow/dags/silver_processing_dag.py
[2026-09-06T03:17:44.139+0000] {processor.py:830} INFO - Processing file /opt/airflow/dags/silver_processing_dag.py for tasks to queue
[2026-09-06T03:17:44.146+0000] {logging_mixin.py:188} INFO - [2026-09-06T03:17:44.145+0000] {dagbag.py:545} INFO - Filling up the DagBag from /opt/airflow/dags/silver_processing_dag.py
[2026-09-06T03:17:44.209+0000] {processor.py:840} INFO - DAG(s) 'process_silver_layer' retrieved from /opt/airflow/dags/silver_processing_dag.py
[2026-09-06T03:17:44.300+0000] {logging_mixin.py:188} INFO - [2026-09-06T03:17:44.299+0000] {dag.py:3096} INFO - Sync 1 DAGs
[2026-09-06T03:17:44.358+0000] {logging_mixin.py:188} INFO - [2026-09-06T03:17:44.358+0000] {dag.py:3954} INFO - Setting next_dagrun for process_silver_layer to None, run_after=None
[2026-09-06T03:17:44.450+0000] {processor.py:183} INFO - Processing /opt/airflow/dags/silver_processing_dag.py took 0.344 seconds
[2026-09-06T03:18:15.096+0000] {processor.py:161} INFO - Started process (PID=29183) to work on /opt/airflow/dags/silver_processing_dag.py
[2026-09-06T03:18:15.100+0000] {processor.py:830} INFO - Processing file /opt/airflow/dags/silver_processing_dag.py for tasks to queue
[2026-09-06T03:18:15.109+0000] {logging_mixin.py:188} INFO - [2026-09-06T03:18:15.108+0000] {dagbag.py:545} INFO - Filling up the DagBag from /opt/airflow/dags/silver_processing_dag.py
[2026-09-06T03:18:15.177+0000] {processor.py:840} INFO - DAG(s) 'process_silver_layer' retrieved from /opt/airflow/dags/silver_processing_dag.py
[2026-09-06T03:18:15.250+0000] {logging_mixin.py:188} INFO - [2026-09-06T03:18:15.249+0000] {dag.py:3096} INFO - Sync 1 DAGs
[2026-09-06T03:18:15.305+0000] {logging_mixin.py:188} INFO - [2026-09-06T03:18:15.304+0000] {dag.py:3954} INFO - Setting next_dagrun for process_silver_layer to None, run_after=None
[2026-09-06T03:18:15.371+0000] {processor.py:183} INFO - Processing /opt/airflow/dags/silver_processing_dag.py took 0.298 seconds
[2026-09-06T03:18:45.990+0000] {processor.py:161} INFO - Started process (PID=29198) to work on /opt/airflow/dags/silver_processing_dag.py
[2026-09-06T03:18:45.997+0000] {processor.py:830} INFO - Processing file /opt/airflow/dags/silver_processing_dag.py for tasks to queue
[2026-09-06T03:18:46.013+0000] {logging_mixin.py:188} INFO - [2026-09-06T03:18:46.012+0000] {dagbag.py:545} INFO - Filling up the DagBag from /opt/airflow/dags/silver_processing_dag.py
[2026-09-06T03:18:46.081+0000] {processor.py:840} INFO - DAG(s) 'process_silver_layer' retrieved from /opt/airflow/dags/silver_processing_dag.py
[2026-09-06T03:18:46.195+0000] {logging_mixin.py:188} INFO - [2026-09-06T03:18:46.194+0000] {dag.py:3096} INFO - Sync 1 DAGs
[2026-09-06T03:18:46.282+0000] {logging_mixin.py:188} INFO - [2026-09-06T03:18:46.282+0000] {dag.py:3954} INFO - Setting next_dagrun for process_silver_layer to None, run_after=None
[2026-09-06T03:18:46.413+0000] {processor.py:183} INFO - Processing /opt/airflow/dags/silver_processing_dag.py took 0.446 seconds
[2026-09-06T03:19:17.074+0000] {processor.py:161} INFO - Started process (PID=29213) to work on /opt/airflow/dags/silver_processing_dag.py
[2026-09-06T03:19:17.078+0000] {processor.py:830} INFO - Processing file /opt/airflow/dags/silver_processing_dag.py for tasks to queue
[2026-09-06T03:19:17.088+0000] {logging_mixin.py:188} INFO - [2026-09-06T03:19:17.086+0000] {dagbag.py:545} INFO - Filling up the DagBag from /opt/airflow/dags/silver_processing_dag.py
[2026-09-06T03:19:17.156+0000] {processor.py:840} INFO - DAG(s) 'process_silver_layer' retrieved from /opt/airflow/dags/silver_processing_dag.py
[2026-09-06T03:19:17.255+0000] {logging_mixin.py:188} INFO - [2026-09-06T03:19:17.254+0000] {dag.py:3096} INFO - Sync 1 DAGs
[2026-09-06T03:19:17.308+0000] {logging_mixin.py:188} INFO - [2026-09-06T03:19:17.307+0000] {dag.py:3954} INFO - Setting next_dagrun for process_silver_layer to None, run_after=None
[2026-09-06T03:19:17.379+0000] {processor.py:183} INFO - Processing /opt/airflow/dags/silver_processing_dag.py took 0.330 seconds
[2026-09-06T03:19:47.943+0000] {processor.py:161} INFO - Started process (PID=29228) to work on /opt/airflow/dags/silver_processing_dag.py
[2026-09-06T03:19:47.948+0000] {processor.py:830} INFO - Processing file /opt/airflow/dags/silver_processing_dag.py for tasks to queue
[2026-09-06T03:19:47.959+0000] {logging_mixin.py:188} INFO - [2026-09-06T03:19:47.958+0000] {dagbag.py:545} INFO - Filling up the DagBag from /opt/airflow/dags/silver_processing_dag.py
[2026-09-06T03:19:48.045+0000] {processor.py:840} INFO - DAG(s) 'process_silver_layer' retrieved from /opt/airflow/dags/silver_processing_dag.py
[2026-09-06T03:19:48.132+0000] {logging_mixin.py:188} INFO - [2026-09-06T03:19:48.131+0000] {dag.py:3096} INFO - Sync 1 DAGs
[2026-09-06T03:19:48.179+0000] {logging_mixin.py:188} INFO - [2026-09-06T03:19:48.179+0000] {dag.py:3954} INFO - Setting next_dagrun for process_silver_layer to None, run_after=None
[2026-09-06T03:19:48.255+0000] {processor.py:183} INFO - Processing /opt/airflow/dags/silver_processing_dag.py took 0.335 seconds
[2026-09-06T03:20:18.813+0000] {processor.py:161} INFO - Started process (PID=29243) to work on /opt/airflow/dags/silver_processing_dag.py
[2026-09-06T03:20:18.818+0000] {processor.py:830} INFO - Processing file /opt/airflow/dags/silver_processing_dag.py for tasks to queue
[2026-09-06T03:20:18.831+0000] {logging_mixin.py:188} INFO - [2026-09-06T03:20:18.830+0000] {dagbag.py:545} INFO - Filling up the DagBag from /opt/airflow/dags/silver_processing_dag.py
[2026-09-06T03:20:18.968+0000] {processor.py:840} INFO - DAG(s) 'process_silver_layer' retrieved from /opt/airflow/dags/silver_processing_dag.py
[2026-09-06T03:20:19.051+0000] {logging_mixin.py:188} INFO - [2026-09-06T03:20:19.051+0000] {dag.py:3096} INFO - Sync 1 DAGs
[2026-09-06T03:20:19.099+0000] {logging_mixin.py:188} INFO - [2026-09-06T03:20:19.099+0000] {dag.py:3954} INFO - Setting next_dagrun for process_silver_layer to None, run_after=None
[2026-09-06T03:20:19.176+0000] {processor.py:183} INFO - Processing /opt/airflow/dags/silver_processing_dag.py took 0.404 seconds
[2026-09-06T03:20:49.337+0000] {processor.py:161} INFO - Started process (PID=29258) to work on /opt/airflow/dags/silver_processing_dag.py
[2026-09-06T03:20:49.340+0000] {processor.py:830} INFO - Processing file /opt/airflow/dags/silver_processing_dag.py for tasks to queue
[2026-09-06T03:20:49.346+0000] {logging_mixin.py:188} INFO - [2026-09-06T03:20:49.345+0000] {dagbag.py:545} INFO - Filling up the DagBag from /opt/airflow/dags/silver_processing_dag.py
[2026-09-06T03:20:49.405+0000] {processor.py:840} INFO - DAG(s) 'process_silver_layer' retrieved from /opt/airflow/dags/silver_processing_dag.py
[2026-09-06T03:20:49.501+0000] {logging_mixin.py:188} INFO - [2026-09-06T03:20:49.501+0000] {dag.py:3096} INFO - Sync 1 DAGs
[2026-09-06T03:20:49.566+0000] {logging_mixin.py:188} INFO - [2026-09-06T03:20:49.566+0000] {dag.py:3954} INFO - Setting next_dagrun for process_silver_layer to None, run_after=None
[2026-09-06T03:20:49.618+0000] {processor.py:183} INFO - Processing /opt/airflow/dags/silver_processing_dag.py took 0.299 seconds
[2026-09-06T03:21:20.009+0000] {processor.py:161} INFO - Started process (PID=29273) to work on /opt/airflow/dags/silver_processing_dag.py
[2026-09-06T03:21:20.013+0000] {processor.py:830} INFO - Processing file /opt/airflow/dags/silver_processing_dag.py for tasks to queue
[2026-09-06T03:21:20.025+0000] {logging_mixin.py:188} INFO - [2026-09-06T03:21:20.023+0000] {dagbag.py:545} INFO - Filling up the DagBag from /opt/airflow/dags/silver_processing_dag.py
[2026-09-06T03:21:20.124+0000] {processor.py:840} INFO - DAG(s) 'process_silver_layer' retrieved from /opt/airflow/dags/silver_processing_dag.py
[2026-09-06T03:21:20.221+0000] {logging_mixin.py:188} INFO - [2026-09-06T03:21:20.221+0000] {dag.py:3096} INFO - Sync 1 DAGs
[2026-09-06T03:21:20.255+0000] {logging_mixin.py:188} INFO - [2026-09-06T03:21:20.255+0000] {dag.py:3954} INFO - Setting next_dagrun for process_silver_layer to None, run_after=None
[2026-09-06T03:21:20.345+0000] {processor.py:183} INFO - Processing /opt/airflow/dags/silver_processing_dag.py took 0.367 seconds
[2026-09-06T03:21:50.663+0000] {processor.py:161} INFO - Started process (PID=29288) to work on /opt/airflow/dags/silver_processing_dag.py
[2026-09-06T03:21:50.668+0000] {processor.py:830} INFO - Processing file /opt/airflow/dags/silver_processing_dag.py for tasks to queue
[2026-09-06T03:21:50.677+0000] {logging_mixin.py:188} INFO - [2026-09-06T03:21:50.676+0000] {dagbag.py:545} INFO - Filling up the DagBag from /opt/airflow/dags/silver_processing_dag.py
[2026-09-06T03:21:50.743+0000] {processor.py:840} INFO - DAG(s) 'process_silver_layer' retrieved from /opt/airflow/dags/silver_processing_dag.py
[2026-09-06T03:21:50.860+0000] {logging_mixin.py:188} INFO - [2026-09-06T03:21:50.859+0000] {dag.py:3096} INFO - Sync 1 DAGs
[2026-09-06T03:21:50.948+0000] {logging_mixin.py:188} INFO - [2026-09-06T03:21:50.946+0000] {dag.py:3954} INFO - Setting next_dagrun for process_silver_layer to None, run_after=None
[2026-09-06T03:21:51.029+0000] {processor.py:183} INFO - Processing /opt/airflow/dags/silver_processing_dag.py took 0.391 seconds
[2026-09-06T03:22:21.370+0000] {processor.py:161} INFO - Started process (PID=29303) to work on /opt/airflow/dags/silver_processing_dag.py
[2026-09-06T03:22:21.373+0000] {processor.py:830} INFO - Processing file /opt/airflow/dags/silver_processing_dag.py for tasks to queue
[2026-09-06T03:22:21.379+0000] {logging_mixin.py:188} INFO - [2026-09-06T03:22:21.378+0000] {dagbag.py:545} INFO - Filling up the DagBag from /opt/airflow/dags/silver_processing_dag.py
[2026-09-06T03:22:21.425+0000] {processor.py:840} INFO - DAG(s) 'process_silver_layer' retrieved from /opt/airflow/dags/silver_processing_dag.py
[2026-09-06T03:22:21.486+0000] {logging_mixin.py:188} INFO - [2026-09-06T03:22:21.486+0000] {dag.py:3096} INFO - Sync 1 DAGs
[2026-09-06T03:22:21.522+0000] {logging_mixin.py:188} INFO - [2026-09-06T03:22:21.522+0000] {dag.py:3954} INFO - Setting next_dagrun for process_silver_layer to None, run_after=None
[2026-09-06T03:22:21.580+0000] {processor.py:183} INFO - Processing /opt/airflow/dags/silver_processing_dag.py took 0.229 seconds
[2026-09-06T03:22:52.447+0000] {processor.py:161} INFO - Started process (PID=29318) to work on /opt/airflow/dags/silver_processing_dag.py
[2026-09-06T03:22:52.451+0000] {processor.py:830} INFO - Processing file /opt/airflow/dags/silver_processing_dag.py for tasks to queue
[2026-09-06T03:22:52.459+0000] {logging_mixin.py:188} INFO - [2026-09-06T03:22:52.458+0000] {dagbag.py:545} INFO - Filling up the DagBag from /opt/airflow/dags/silver_processing_dag.py
[2026-09-06T03:22:52.515+0000] {processor.py:840} INFO - DAG(s) 'process_silver_layer' retrieved from /opt/airflow/dags/silver_processing_dag.py
[2026-09-06T03:22:52.618+0000] {logging_mixin.py:188} INFO - [2026-09-06T03:22:52.617+0000] {dag.py:3096} INFO - Sync 1 DAGs
[2026-09-06T03:22:52.667+0000] {logging_mixin.py:188} INFO - [2026-09-06T03:22:52.666+0000] {dag.py:3954} INFO - Setting next_dagrun for process_silver_layer to None, run_after=None
[2026-09-06T03:22:52.756+0000] {processor.py:183} INFO - Processing /opt/airflow/dags/silver_processing_dag.py took 0.331 seconds
[2026-09-06T03:23:23.346+0000] {processor.py:161} INFO - Started process (PID=29333) to work on /opt/airflow/dags/silver_processing_dag.py
[2026-09-06T03:23:23.350+0000] {processor.py:830} INFO - Processing file /opt/airflow/dags/silver_processing_dag.py for tasks to queue
[2026-09-06T03:23:23.359+0000] {logging_mixin.py:188} INFO - [2026-09-06T03:23:23.358+0000] {dagbag.py:545} INFO - Filling up the DagBag from /opt/airflow/dags/silver_processing_dag.py
[2026-09-06T03:23:23.443+0000] {processor.py:840} INFO - DAG(s) 'process_silver_layer' retrieved from /opt/airflow/dags/silver_processing_dag.py
[2026-09-06T03:23:23.512+0000] {logging_mixin.py:188} INFO - [2026-09-06T03:23:23.511+0000] {dag.py:3096} INFO - Sync 1 DAGs
[2026-09-06T03:23:23.547+0000] {logging_mixin.py:188} INFO - [2026-09-06T03:23:23.546+0000] {dag.py:3954} INFO - Setting next_dagrun for process_silver_layer to None, run_after=None
[2026-09-06T03:23:23.623+0000] {processor.py:183} INFO - Processing /opt/airflow/dags/silver_processing_dag.py took 0.302 seconds
[2026-09-06T03:23:54.186+0000] {processor.py:161} INFO - Started process (PID=29348) to work on /opt/airflow/dags/silver_processing_dag.py
[2026-09-06T03:23:54.188+0000] {processor.py:830} INFO - Processing file /opt/airflow/dags/silver_processing_dag.py for tasks to queue
[2026-09-06T03:23:54.194+0000] {logging_mixin.py:188} INFO - [2026-09-06T03:23:54.193+0000] {dagbag.py:545} INFO - Filling up the DagBag from /opt/airflow/dags/silver_processing_dag.py
[2026-09-06T03:23:54.235+0000] {processor.py:840} INFO - DAG(s) 'process_silver_layer' retrieved from /opt/airflow/dags/silver_processing_dag.py
[2026-09-06T03:23:54.304+0000] {logging_mixin.py:188} INFO - [2026-09-06T03:23:54.303+0000] {dag.py:3096} INFO - Sync 1 DAGs
[2026-09-06T03:23:54.352+0000] {logging_mixin.py:188} INFO - [2026-09-06T03:23:54.352+0000] {dag.py:3954} INFO - Setting next_dagrun for process_silver_layer to None, run_after=None
[2026-09-06T03:23:54.431+0000] {processor.py:183} INFO - Processing /opt/airflow/dags/silver_processing_dag.py took 0.263 seconds
[2026-09-06T03:24:24.688+0000] {processor.py:161} INFO - Started process (PID=29363) to work on /opt/airflow/dags/silver_processing_dag.py
[2026-09-06T03:24:24.691+0000] {processor.py:830} INFO - Processing file /opt/airflow/dags/silver_processing_dag.py for tasks to queue
[2026-09-06T03:24:24.698+0000] {logging_mixin.py:188} INFO - [2026-09-06T03:24:24.697+0000] {dagbag.py:545} INFO - Filling up the DagBag from /opt/airflow/dags/silver_processing_dag.py
[2026-09-06T03:24:24.743+0000] {processor.py:840} INFO - DAG(s) 'process_silver_layer' retrieved from /opt/airflow/dags/silver_processing_dag.py
[2026-09-06T03:24:24.813+0000] {logging_mixin.py:188} INFO - [2026-09-06T03:24:24.812+0000] {dag.py:3096} INFO - Sync 1 DAGs
[2026-09-06T03:24:24.868+0000] {logging_mixin.py:188} INFO - [2026-09-06T03:24:24.867+0000] {dag.py:3954} INFO - Setting next_dagrun for process_silver_layer to None, run_after=None
[2026-09-06T03:24:24.919+0000] {processor.py:183} INFO - Processing /opt/airflow/dags/silver_processing_dag.py took 0.250 seconds
[2026-09-06T03:24:55.729+0000] {processor.py:161} INFO - Started process (PID=29378) to work on /opt/airflow/dags/silver_processing_dag.py
[2026-09-06T03:24:55.732+0000] {processor.py:830} INFO - Processing file /opt/airflow/dags/silver_processing_dag.py for tasks to queue
[2026-09-06T03:24:55.739+0000] {logging_mixin.py:188} INFO - [2026-09-06T03:24:55.738+0000] {dagbag.py:545} INFO - Filling up the DagBag from /opt/airflow/dags/silver_processing_dag.py
[2026-09-06T03:24:55.809+0000] {processor.py:840} INFO - DAG(s) 'process_silver_layer' retrieved from /opt/airflow/dags/silver_processing_dag.py
[2026-09-06T03:24:55.869+0000] {logging_mixin.py:188} INFO - [2026-09-06T03:24:55.868+0000] {dag.py:3096} INFO - Sync 1 DAGs
[2026-09-06T03:24:55.914+0000] {logging_mixin.py:188} INFO - [2026-09-06T03:24:55.914+0000] {dag.py:3954} INFO - Setting next_dagrun for process_silver_layer to None, run_after=None
[2026-09-06T03:24:55.966+0000] {processor.py:183} INFO - Processing /opt/airflow/dags/silver_processing_dag.py took 0.260 seconds
[2026-09-06T03:25:26.830+0000] {processor.py:161} INFO - Started process (PID=29393) to work on /opt/airflow/dags/silver_processing_dag.py
[2026-09-06T03:25:26.834+0000] {processor.py:830} INFO - Processing file /opt/airflow/dags/silver_processing_dag.py for tasks to queue
[2026-09-06T03:25:26.840+0000] {logging_mixin.py:188} INFO - [2026-09-06T03:25:26.839+0000] {dagbag.py:545} INFO - Filling up the DagBag from /opt/airflow/dags/silver_processing_dag.py
[2026-09-06T03:25:26.885+0000] {processor.py:840} INFO - DAG(s) 'process_silver_layer' retrieved from /opt/airflow/dags/silver_processing_dag.py
[2026-09-06T03:25:26.946+0000] {logging_mixin.py:188} INFO - [2026-09-06T03:25:26.946+0000] {dag.py:3096} INFO - Sync 1 DAGs
[2026-09-06T03:25:26.979+0000] {logging_mixin.py:188} INFO - [2026-09-06T03:25:26.978+0000] {dag.py:3954} INFO - Setting next_dagrun for process_silver_layer to None, run_after=None
[2026-09-06T03:25:27.031+0000] {processor.py:183} INFO - Processing /opt/airflow/dags/silver_processing_dag.py took 0.218 seconds
[2026-09-06T03:25:57.774+0000] {processor.py:161} INFO - Started process (PID=29408) to work on /opt/airflow/dags/silver_processing_dag.py
[2026-09-06T03:25:57.776+0000] {processor.py:830} INFO - Processing file /opt/airflow/dags/silver_processing_dag.py for tasks to queue
[2026-09-06T03:25:57.787+0000] {logging_mixin.py:188} INFO - [2026-09-06T03:25:57.786+0000] {dagbag.py:545} INFO - Filling up the DagBag from /opt/airflow/dags/silver_processing_dag.py
[2026-09-06T03:25:57.847+0000] {processor.py:840} INFO - DAG(s) 'process_silver_layer' retrieved from /opt/airflow/dags/silver_processing_dag.py
[2026-09-06T03:25:57.903+0000] {logging_mixin.py:188} INFO - [2026-09-06T03:25:57.902+0000] {dag.py:3096} INFO - Sync 1 DAGs
[2026-09-06T03:25:57.943+0000] {logging_mixin.py:188} INFO - [2026-09-06T03:25:57.942+0000] {dag.py:3954} INFO - Setting next_dagrun for process_silver_layer to None, run_after=None
[2026-09-06T03:25:58.054+0000] {processor.py:183} INFO - Processing /opt/airflow/dags/silver_processing_dag.py took 0.298 seconds
[2026-09-06T03:26:28.724+0000] {processor.py:161} INFO - Started process (PID=29423) to work on /opt/airflow/dags/silver_processing_dag.py
[2026-09-06T03:26:28.733+0000] {processor.py:830} INFO - Processing file /opt/airflow/dags/silver_processing_dag.py for tasks to queue
[2026-09-06T03:26:28.754+0000] {logging_mixin.py:188} INFO - [2026-09-06T03:26:28.750+0000] {dagbag.py:545} INFO - Filling up the DagBag from /opt/airflow/dags/silver_processing_dag.py
[2026-09-06T03:26:28.864+0000] {processor.py:840} INFO - DAG(s) 'process_silver_layer' retrieved from /opt/airflow/dags/silver_processing_dag.py
[2026-09-06T03:26:28.930+0000] {logging_mixin.py:188} INFO - [2026-09-06T03:26:28.930+0000] {dag.py:3096} INFO - Sync 1 DAGs
[2026-09-06T03:26:28.961+0000] {logging_mixin.py:188} INFO - [2026-09-06T03:26:28.961+0000] {dag.py:3954} INFO - Setting next_dagrun for process_silver_layer to None, run_after=None
[2026-09-06T03:26:29.011+0000] {processor.py:183} INFO - Processing /opt/airflow/dags/silver_processing_dag.py took 0.342 seconds
[2026-09-06T03:26:59.835+0000] {processor.py:161} INFO - Started process (PID=29438) to work on /opt/airflow/dags/silver_processing_dag.py
[2026-09-06T03:26:59.837+0000] {processor.py:830} INFO - Processing file /opt/airflow/dags/silver_processing_dag.py for tasks to queue
[2026-09-06T03:26:59.847+0000] {logging_mixin.py:188} INFO - [2026-09-06T03:26:59.846+0000] {dagbag.py:545} INFO - Filling up the DagBag from /opt/airflow/dags/silver_processing_dag.py
[2026-09-06T03:26:59.893+0000] {processor.py:840} INFO - DAG(s) 'process_silver_layer' retrieved from /opt/airflow/dags/silver_processing_dag.py
[2026-09-06T03:26:59.959+0000] {logging_mixin.py:188} INFO - [2026-09-06T03:26:59.958+0000] {dag.py:3096} INFO - Sync 1 DAGs
[2026-09-06T03:26:59.987+0000] {logging_mixin.py:188} INFO - [2026-09-06T03:26:59.986+0000] {dag.py:3954} INFO - Setting next_dagrun for process_silver_layer to None, run_after=None
[2026-09-06T03:27:00.070+0000] {processor.py:183} INFO - Processing /opt/airflow/dags/silver_processing_dag.py took 0.254 seconds
[2026-09-06T03:27:30.309+0000] {processor.py:161} INFO - Started process (PID=29453) to work on /opt/airflow/dags/silver_processing_dag.py
[2026-09-06T03:27:30.321+0000] {processor.py:830} INFO - Processing file /opt/airflow/dags/silver_processing_dag.py for tasks to queue
[2026-09-06T03:27:30.338+0000] {logging_mixin.py:188} INFO - [2026-09-06T03:27:30.337+0000] {dagbag.py:545} INFO - Filling up the DagBag from /opt/airflow/dags/silver_processing_dag.py
[2026-09-06T03:27:30.428+0000] {processor.py:840} INFO - DAG(s) 'process_silver_layer' retrieved from /opt/airflow/dags/silver_processing_dag.py
[2026-09-06T03:27:30.489+0000] {logging_mixin.py:188} INFO - [2026-09-06T03:27:30.488+0000] {dag.py:3096} INFO - Sync 1 DAGs
[2026-09-06T03:27:30.520+0000] {logging_mixin.py:188} INFO - [2026-09-06T03:27:30.519+0000] {dag.py:3954} INFO - Setting next_dagrun for process_silver_layer to None, run_after=None
[2026-09-06T03:27:30.568+0000] {processor.py:183} INFO - Processing /opt/airflow/dags/silver_processing_dag.py took 0.294 seconds
[2026-09-06T03:28:00.718+0000] {processor.py:161} INFO - Started process (PID=29468) to work on /opt/airflow/dags/silver_processing_dag.py
[2026-09-06T03:28:00.744+0000] {processor.py:830} INFO - Processing file /opt/airflow/dags/silver_processing_dag.py for tasks to queue
[2026-09-06T03:28:00.763+0000] {logging_mixin.py:188} INFO - [2026-09-06T03:28:00.759+0000] {dagbag.py:545} INFO - Filling up the DagBag from /opt/airflow/dags/silver_processing_dag.py
[2026-09-06T03:28:00.866+0000] {processor.py:840} INFO - DAG(s) 'process_silver_layer' retrieved from /opt/airflow/dags/silver_processing_dag.py
[2026-09-06T03:28:01.056+0000] {logging_mixin.py:188} INFO - [2026-09-06T03:28:01.055+0000] {dag.py:3096} INFO - Sync 1 DAGs
[2026-09-06T03:28:01.123+0000] {logging_mixin.py:188} INFO - [2026-09-06T03:28:01.122+0000] {dag.py:3954} INFO - Setting next_dagrun for process_silver_layer to None, run_after=None
[2026-09-06T03:28:01.263+0000] {processor.py:183} INFO - Processing /opt/airflow/dags/silver_processing_dag.py took 0.571 seconds
[2026-09-06T03:28:32.084+0000] {processor.py:161} INFO - Started process (PID=29483) to work on /opt/airflow/dags/silver_processing_dag.py
[2026-09-06T03:28:32.087+0000] {processor.py:830} INFO - Processing file /opt/airflow/dags/silver_processing_dag.py for tasks to queue
[2026-09-06T03:28:32.093+0000] {logging_mixin.py:188} INFO - [2026-09-06T03:28:32.092+0000] {dagbag.py:545} INFO - Filling up the DagBag from /opt/airflow/dags/silver_processing_dag.py
[2026-09-06T03:28:32.136+0000] {processor.py:840} INFO - DAG(s) 'process_silver_layer' retrieved from /opt/airflow/dags/silver_processing_dag.py
[2026-09-06T03:28:32.199+0000] {logging_mixin.py:188} INFO - [2026-09-06T03:28:32.199+0000] {dag.py:3096} INFO - Sync 1 DAGs
[2026-09-06T03:28:32.245+0000] {logging_mixin.py:188} INFO - [2026-09-06T03:28:32.244+0000] {dag.py:3954} INFO - Setting next_dagrun for process_silver_layer to None, run_after=None
[2026-09-06T03:28:32.315+0000] {processor.py:183} INFO - Processing /opt/airflow/dags/silver_processing_dag.py took 0.250 seconds
[2026-09-06T03:29:02.894+0000] {processor.py:161} INFO - Started process (PID=29498) to work on /opt/airflow/dags/silver_processing_dag.py
[2026-09-06T03:29:02.902+0000] {processor.py:830} INFO - Processing file /opt/airflow/dags/silver_processing_dag.py for tasks to queue
[2026-09-06T03:29:02.909+0000] {logging_mixin.py:188} INFO - [2026-09-06T03:29:02.908+0000] {dagbag.py:545} INFO - Filling up the DagBag from /opt/airflow/dags/silver_processing_dag.py
[2026-09-06T03:29:02.971+0000] {processor.py:840} INFO - DAG(s) 'process_silver_layer' retrieved from /opt/airflow/dags/silver_processing_dag.py
[2026-09-06T03:29:03.072+0000] {logging_mixin.py:188} INFO - [2026-09-06T03:29:03.072+0000] {dag.py:3096} INFO - Sync 1 DAGs
[2026-09-06T03:29:03.130+0000] {logging_mixin.py:188} INFO - [2026-09-06T03:29:03.130+0000] {dag.py:3954} INFO - Setting next_dagrun for process_silver_layer to None, run_after=None
[2026-09-06T03:29:03.192+0000] {processor.py:183} INFO - Processing /opt/airflow/dags/silver_processing_dag.py took 0.321 seconds
[2026-09-06T03:29:33.885+0000] {processor.py:161} INFO - Started process (PID=29513) to work on /opt/airflow/dags/silver_processing_dag.py
[2026-09-06T03:29:33.888+0000] {processor.py:830} INFO - Processing file /opt/airflow/dags/silver_processing_dag.py for tasks to queue
[2026-09-06T03:29:33.894+0000] {logging_mixin.py:188} INFO - [2026-09-06T03:29:33.893+0000] {dagbag.py:545} INFO - Filling up the DagBag from /opt/airflow/dags/silver_processing_dag.py
[2026-09-06T03:29:33.940+0000] {processor.py:840} INFO - DAG(s) 'process_silver_layer' retrieved from /opt/airflow/dags/silver_processing_dag.py
[2026-09-06T03:29:34.001+0000] {logging_mixin.py:188} INFO - [2026-09-06T03:29:34.000+0000] {dag.py:3096} INFO - Sync 1 DAGs
[2026-09-06T03:29:34.034+0000] {logging_mixin.py:188} INFO - [2026-09-06T03:29:34.033+0000] {dag.py:3954} INFO - Setting next_dagrun for process_silver_layer to None, run_after=None
[2026-09-06T03:29:34.091+0000] {processor.py:183} INFO - Processing /opt/airflow/dags/silver_processing_dag.py took 0.227 seconds
[2026-09-06T03:30:04.633+0000] {processor.py:161} INFO - Started process (PID=29528) to work on /opt/airflow/dags/silver_processing_dag.py
[2026-09-06T03:30:04.636+0000] {processor.py:830} INFO - Processing file /opt/airflow/dags/silver_processing_dag.py for tasks to queue
[2026-09-06T03:30:04.643+0000] {logging_mixin.py:188} INFO - [2026-09-06T03:30:04.642+0000] {dagbag.py:545} INFO - Filling up the DagBag from /opt/airflow/dags/silver_processing_dag.py
[2026-09-06T03:30:04.698+0000] {processor.py:840} INFO - DAG(s) 'process_silver_layer' retrieved from /opt/airflow/dags/silver_processing_dag.py
[2026-09-06T03:30:04.786+0000] {logging_mixin.py:188} INFO - [2026-09-06T03:30:04.786+0000] {dag.py:3096} INFO - Sync 1 DAGs
[2026-09-06T03:30:04.829+0000] {logging_mixin.py:188} INFO - [2026-09-06T03:30:04.829+0000] {dag.py:3954} INFO - Setting next_dagrun for process_silver_layer to None, run_after=None
[2026-09-06T03:30:04.898+0000] {processor.py:183} INFO - Processing /opt/airflow/dags/silver_processing_dag.py took 0.282 seconds
[2026-09-06T03:30:35.675+0000] {processor.py:161} INFO - Started process (PID=29543) to work on /opt/airflow/dags/silver_processing_dag.py
[2026-09-06T03:30:35.678+0000] {processor.py:830} INFO - Processing file /opt/airflow/dags/silver_processing_dag.py for tasks to queue
[2026-09-06T03:30:35.687+0000] {logging_mixin.py:188} INFO - [2026-09-06T03:30:35.687+0000] {dagbag.py:545} INFO - Filling up the DagBag from /opt/airflow/dags/silver_processing_dag.py
[2026-09-06T03:30:35.735+0000] {processor.py:840} INFO - DAG(s) 'process_silver_layer' retrieved from /opt/airflow/dags/silver_processing_dag.py
[2026-09-06T03:30:35.798+0000] {logging_mixin.py:188} INFO - [2026-09-06T03:30:35.798+0000] {dag.py:3096} INFO - Sync 1 DAGs
[2026-09-06T03:30:35.836+0000] {logging_mixin.py:188} INFO - [2026-09-06T03:30:35.835+0000] {dag.py:3954} INFO - Setting next_dagrun for process_silver_layer to None, run_after=None
[2026-09-06T03:30:35.892+0000] {processor.py:183} INFO - Processing /opt/airflow/dags/silver_processing_dag.py took 0.234 seconds
[2026-09-06T03:31:06.612+0000] {processor.py:161} INFO - Started process (PID=29558) to work on /opt/airflow/dags/silver_processing_dag.py
[2026-09-06T03:31:06.616+0000] {processor.py:830} INFO - Processing file /opt/airflow/dags/silver_processing_dag.py for tasks to queue
[2026-09-06T03:31:06.621+0000] {logging_mixin.py:188} INFO - [2026-09-06T03:31:06.620+0000] {dagbag.py:545} INFO - Filling up the DagBag from /opt/airflow/dags/silver_processing_dag.py
[2026-09-06T03:31:06.662+0000] {processor.py:840} INFO - DAG(s) 'process_silver_layer' retrieved from /opt/airflow/dags/silver_processing_dag.py
[2026-09-06T03:31:06.723+0000] {logging_mixin.py:188} INFO - [2026-09-06T03:31:06.722+0000] {dag.py:3096} INFO - Sync 1 DAGs
[2026-09-06T03:31:06.770+0000] {logging_mixin.py:188} INFO - [2026-09-06T03:31:06.769+0000] {dag.py:3954} INFO - Setting next_dagrun for process_silver_layer to None, run_after=None
[2026-09-06T03:31:06.870+0000] {processor.py:183} INFO - Processing /opt/airflow/dags/silver_processing_dag.py took 0.272 seconds
[2026-09-06T03:31:37.340+0000] {processor.py:161} INFO - Started process (PID=29573) to work on /opt/airflow/dags/silver_processing_dag.py
[2026-09-06T03:31:37.343+0000] {processor.py:830} INFO - Processing file /opt/airflow/dags/silver_processing_dag.py for tasks to queue
[2026-09-06T03:31:37.352+0000] {logging_mixin.py:188} INFO - [2026-09-06T03:31:37.351+0000] {dagbag.py:545} INFO - Filling up the DagBag from /opt/airflow/dags/silver_processing_dag.py
[2026-09-06T03:31:37.398+0000] {processor.py:840} INFO - DAG(s) 'process_silver_layer' retrieved from /opt/airflow/dags/silver_processing_dag.py
[2026-09-06T03:31:37.458+0000] {logging_mixin.py:188} INFO - [2026-09-06T03:31:37.457+0000] {dag.py:3096} INFO - Sync 1 DAGs
[2026-09-06T03:31:37.489+0000] {logging_mixin.py:188} INFO - [2026-09-06T03:31:37.488+0000] {dag.py:3954} INFO - Setting next_dagrun for process_silver_layer to None, run_after=None
[2026-09-06T03:31:37.547+0000] {processor.py:183} INFO - Processing /opt/airflow/dags/silver_processing_dag.py took 0.226 seconds
[2026-09-06T03:32:08.286+0000] {processor.py:161} INFO - Started process (PID=29588) to work on /opt/airflow/dags/silver_processing_dag.py
[2026-09-06T03:32:08.289+0000] {processor.py:830} INFO - Processing file /opt/airflow/dags/silver_processing_dag.py for tasks to queue
[2026-09-06T03:32:08.306+0000] {logging_mixin.py:188} INFO - [2026-09-06T03:32:08.305+0000] {dagbag.py:545} INFO - Filling up the DagBag from /opt/airflow/dags/silver_processing_dag.py
[2026-09-06T03:32:08.373+0000] {processor.py:840} INFO - DAG(s) 'process_silver_layer' retrieved from /opt/airflow/dags/silver_processing_dag.py
[2026-09-06T03:32:08.483+0000] {logging_mixin.py:188} INFO - [2026-09-06T03:32:08.483+0000] {dag.py:3096} INFO - Sync 1 DAGs
[2026-09-06T03:32:08.520+0000] {logging_mixin.py:188} INFO - [2026-09-06T03:32:08.520+0000] {dag.py:3954} INFO - Setting next_dagrun for process_silver_layer to None, run_after=None
[2026-09-06T03:32:08.567+0000] {processor.py:183} INFO - Processing /opt/airflow/dags/silver_processing_dag.py took 0.305 seconds
[2026-09-06T03:32:39.109+0000] {processor.py:161} INFO - Started process (PID=29603) to work on /opt/airflow/dags/silver_processing_dag.py
[2026-09-06T03:32:39.112+0000] {processor.py:830} INFO - Processing file /opt/airflow/dags/silver_processing_dag.py for tasks to queue
[2026-09-06T03:32:39.119+0000] {logging_mixin.py:188} INFO - [2026-09-06T03:32:39.118+0000] {dagbag.py:545} INFO - Filling up the DagBag from /opt/airflow/dags/silver_processing_dag.py
[2026-09-06T03:32:39.165+0000] {processor.py:840} INFO - DAG(s) 'process_silver_layer' retrieved from /opt/airflow/dags/silver_processing_dag.py
[2026-09-06T03:32:39.214+0000] {logging_mixin.py:188} INFO - [2026-09-06T03:32:39.214+0000] {dag.py:3096} INFO - Sync 1 DAGs
[2026-09-06T03:32:39.256+0000] {logging_mixin.py:188} INFO - [2026-09-06T03:32:39.255+0000] {dag.py:3954} INFO - Setting next_dagrun for process_silver_layer to None, run_after=None
[2026-09-06T03:32:39.312+0000] {processor.py:183} INFO - Processing /opt/airflow/dags/silver_processing_dag.py took 0.221 seconds
[2026-09-06T03:33:09.878+0000] {processor.py:161} INFO - Started process (PID=29618) to work on /opt/airflow/dags/silver_processing_dag.py
[2026-09-06T03:33:09.881+0000] {processor.py:830} INFO - Processing file /opt/airflow/dags/silver_processing_dag.py for tasks to queue
[2026-09-06T03:33:09.887+0000] {logging_mixin.py:188} INFO - [2026-09-06T03:33:09.887+0000] {dagbag.py:545} INFO - Filling up the DagBag from /opt/airflow/dags/silver_processing_dag.py
[2026-09-06T03:33:09.930+0000] {processor.py:840} INFO - DAG(s) 'process_silver_layer' retrieved from /opt/airflow/dags/silver_processing_dag.py
[2026-09-06T03:33:09.980+0000] {logging_mixin.py:188} INFO - [2026-09-06T03:33:09.980+0000] {dag.py:3096} INFO - Sync 1 DAGs
[2026-09-06T03:33:10.031+0000] {logging_mixin.py:188} INFO - [2026-09-06T03:33:10.031+0000] {dag.py:3954} INFO - Setting next_dagrun for process_silver_layer to None, run_after=None
[2026-09-06T03:33:10.164+0000] {processor.py:183} INFO - Processing /opt/airflow/dags/silver_processing_dag.py took 0.305 seconds
[2026-09-06T03:33:40.500+0000] {processor.py:161} INFO - Started process (PID=29633) to work on /opt/airflow/dags/silver_processing_dag.py
[2026-09-06T03:33:40.503+0000] {processor.py:830} INFO - Processing file /opt/airflow/dags/silver_processing_dag.py for tasks to queue
[2026-09-06T03:33:40.510+0000] {logging_mixin.py:188} INFO - [2026-09-06T03:33:40.509+0000] {dagbag.py:545} INFO - Filling up the DagBag from /opt/airflow/dags/silver_processing_dag.py
[2026-09-06T03:33:40.591+0000] {processor.py:840} INFO - DAG(s) 'process_silver_layer' retrieved from /opt/airflow/dags/silver_processing_dag.py
[2026-09-06T03:33:40.724+0000] {logging_mixin.py:188} INFO - [2026-09-06T03:33:40.723+0000] {dag.py:3096} INFO - Sync 1 DAGs
[2026-09-06T03:33:40.851+0000] {logging_mixin.py:188} INFO - [2026-09-06T03:33:40.851+0000] {dag.py:3954} INFO - Setting next_dagrun for process_silver_layer to None, run_after=None
[2026-09-06T03:33:40.996+0000] {processor.py:183} INFO - Processing /opt/airflow/dags/silver_processing_dag.py took 0.519 seconds
[2026-09-06T03:34:11.436+0000] {processor.py:161} INFO - Started process (PID=29648) to work on /opt/airflow/dags/silver_processing_dag.py
[2026-09-06T03:34:11.446+0000] {processor.py:830} INFO - Processing file /opt/airflow/dags/silver_processing_dag.py for tasks to queue
[2026-09-06T03:34:11.455+0000] {logging_mixin.py:188} INFO - [2026-09-06T03:34:11.454+0000] {dagbag.py:545} INFO - Filling up the DagBag from /opt/airflow/dags/silver_processing_dag.py
[2026-09-06T03:34:11.551+0000] {processor.py:840} INFO - DAG(s) 'process_silver_layer' retrieved from /opt/airflow/dags/silver_processing_dag.py
[2026-09-06T03:34:11.652+0000] {logging_mixin.py:188} INFO - [2026-09-06T03:34:11.651+0000] {dag.py:3096} INFO - Sync 1 DAGs
[2026-09-06T03:34:11.684+0000] {logging_mixin.py:188} INFO - [2026-09-06T03:34:11.684+0000] {dag.py:3954} INFO - Setting next_dagrun for process_silver_layer to None, run_after=None
[2026-09-06T03:34:11.741+0000] {processor.py:183} INFO - Processing /opt/airflow/dags/silver_processing_dag.py took 0.336 seconds
[2026-09-06T03:34:42.024+0000] {processor.py:161} INFO - Started process (PID=29663) to work on /opt/airflow/dags/silver_processing_dag.py
[2026-09-06T03:34:42.028+0000] {processor.py:830} INFO - Processing file /opt/airflow/dags/silver_processing_dag.py for tasks to queue
[2026-09-06T03:34:42.034+0000] {logging_mixin.py:188} INFO - [2026-09-06T03:34:42.034+0000] {dagbag.py:545} INFO - Filling up the DagBag from /opt/airflow/dags/silver_processing_dag.py
[2026-09-06T03:34:42.078+0000] {processor.py:840} INFO - DAG(s) 'process_silver_layer' retrieved from /opt/airflow/dags/silver_processing_dag.py
[2026-09-06T03:34:42.138+0000] {logging_mixin.py:188} INFO - [2026-09-06T03:34:42.137+0000] {dag.py:3096} INFO - Sync 1 DAGs
[2026-09-06T03:34:42.181+0000] {logging_mixin.py:188} INFO - [2026-09-06T03:34:42.181+0000] {dag.py:3954} INFO - Setting next_dagrun for process_silver_layer to None, run_after=None
[2026-09-06T03:34:42.232+0000] {processor.py:183} INFO - Processing /opt/airflow/dags/silver_processing_dag.py took 0.223 seconds
[2026-09-06T03:35:12.851+0000] {processor.py:161} INFO - Started process (PID=29678) to work on /opt/airflow/dags/silver_processing_dag.py
[2026-09-06T03:35:12.854+0000] {processor.py:830} INFO - Processing file /opt/airflow/dags/silver_processing_dag.py for tasks to queue
[2026-09-06T03:35:12.866+0000] {logging_mixin.py:188} INFO - [2026-09-06T03:35:12.862+0000] {dagbag.py:545} INFO - Filling up the DagBag from /opt/airflow/dags/silver_processing_dag.py
[2026-09-06T03:35:12.936+0000] {processor.py:840} INFO - DAG(s) 'process_silver_layer' retrieved from /opt/airflow/dags/silver_processing_dag.py
[2026-09-06T03:35:13.055+0000] {logging_mixin.py:188} INFO - [2026-09-06T03:35:13.055+0000] {dag.py:3096} INFO - Sync 1 DAGs
[2026-09-06T03:35:13.122+0000] {logging_mixin.py:188} INFO - [2026-09-06T03:35:13.121+0000] {dag.py:3954} INFO - Setting next_dagrun for process_silver_layer to None, run_after=None
[2026-09-06T03:35:13.206+0000] {processor.py:183} INFO - Processing /opt/airflow/dags/silver_processing_dag.py took 0.375 seconds
[2026-09-06T03:35:43.698+0000] {processor.py:161} INFO - Started process (PID=29693) to work on /opt/airflow/dags/silver_processing_dag.py
[2026-09-06T03:35:43.702+0000] {processor.py:830} INFO - Processing file /opt/airflow/dags/silver_processing_dag.py for tasks to queue
[2026-09-06T03:35:43.712+0000] {logging_mixin.py:188} INFO - [2026-09-06T03:35:43.711+0000] {dagbag.py:545} INFO - Filling up the DagBag from /opt/airflow/dags/silver_processing_dag.py
[2026-09-06T03:35:43.776+0000] {processor.py:840} INFO - DAG(s) 'process_silver_layer' retrieved from /opt/airflow/dags/silver_processing_dag.py
[2026-09-06T03:35:43.835+0000] {logging_mixin.py:188} INFO - [2026-09-06T03:35:43.834+0000] {dag.py:3096} INFO - Sync 1 DAGs
[2026-09-06T03:35:43.870+0000] {logging_mixin.py:188} INFO - [2026-09-06T03:35:43.869+0000] {dag.py:3954} INFO - Setting next_dagrun for process_silver_layer to None, run_after=None
[2026-09-06T03:35:43.918+0000] {processor.py:183} INFO - Processing /opt/airflow/dags/silver_processing_dag.py took 0.235 seconds
[2026-09-06T03:36:14.470+0000] {processor.py:161} INFO - Started process (PID=29708) to work on /opt/airflow/dags/silver_processing_dag.py
[2026-09-06T03:36:14.473+0000] {processor.py:830} INFO - Processing file /opt/airflow/dags/silver_processing_dag.py for tasks to queue
[2026-09-06T03:36:14.481+0000] {logging_mixin.py:188} INFO - [2026-09-06T03:36:14.480+0000] {dagbag.py:545} INFO - Filling up the DagBag from /opt/airflow/dags/silver_processing_dag.py
[2026-09-06T03:36:14.548+0000] {processor.py:840} INFO - DAG(s) 'process_silver_layer' retrieved from /opt/airflow/dags/silver_processing_dag.py
[2026-09-06T03:36:14.608+0000] {logging_mixin.py:188} INFO - [2026-09-06T03:36:14.608+0000] {dag.py:3096} INFO - Sync 1 DAGs
[2026-09-06T03:36:14.646+0000] {logging_mixin.py:188} INFO - [2026-09-06T03:36:14.645+0000] {dag.py:3954} INFO - Setting next_dagrun for process_silver_layer to None, run_after=None
[2026-09-06T03:36:14.704+0000] {processor.py:183} INFO - Processing /opt/airflow/dags/silver_processing_dag.py took 0.259 seconds
[2026-09-06T03:36:45.627+0000] {processor.py:161} INFO - Started process (PID=29723) to work on /opt/airflow/dags/silver_processing_dag.py
[2026-09-06T03:36:45.654+0000] {processor.py:830} INFO - Processing file /opt/airflow/dags/silver_processing_dag.py for tasks to queue
[2026-09-06T03:36:45.679+0000] {logging_mixin.py:188} INFO - [2026-09-06T03:36:45.676+0000] {dagbag.py:545} INFO - Filling up the DagBag from /opt/airflow/dags/silver_processing_dag.py
[2026-09-06T03:36:45.834+0000] {processor.py:840} INFO - DAG(s) 'process_silver_layer' retrieved from /opt/airflow/dags/silver_processing_dag.py
[2026-09-06T03:36:45.924+0000] {logging_mixin.py:188} INFO - [2026-09-06T03:36:45.924+0000] {dag.py:3096} INFO - Sync 1 DAGs
[2026-09-06T03:36:45.964+0000] {logging_mixin.py:188} INFO - [2026-09-06T03:36:45.963+0000] {dag.py:3954} INFO - Setting next_dagrun for process_silver_layer to None, run_after=None
[2026-09-06T03:36:46.014+0000] {processor.py:183} INFO - Processing /opt/airflow/dags/silver_processing_dag.py took 0.412 seconds
[2026-09-06T03:37:16.519+0000] {processor.py:161} INFO - Started process (PID=29738) to work on /opt/airflow/dags/silver_processing_dag.py
[2026-09-06T03:37:16.522+0000] {processor.py:830} INFO - Processing file /opt/airflow/dags/silver_processing_dag.py for tasks to queue
[2026-09-06T03:37:16.529+0000] {logging_mixin.py:188} INFO - [2026-09-06T03:37:16.528+0000] {dagbag.py:545} INFO - Filling up the DagBag from /opt/airflow/dags/silver_processing_dag.py
[2026-09-06T03:37:16.579+0000] {processor.py:840} INFO - DAG(s) 'process_silver_layer' retrieved from /opt/airflow/dags/silver_processing_dag.py
[2026-09-06T03:37:16.636+0000] {logging_mixin.py:188} INFO - [2026-09-06T03:37:16.635+0000] {dag.py:3096} INFO - Sync 1 DAGs
[2026-09-06T03:37:16.673+0000] {logging_mixin.py:188} INFO - [2026-09-06T03:37:16.672+0000] {dag.py:3954} INFO - Setting next_dagrun for process_silver_layer to None, run_after=None
[2026-09-06T03:37:16.720+0000] {processor.py:183} INFO - Processing /opt/airflow/dags/silver_processing_dag.py took 0.220 seconds
[2026-09-06T03:37:47.469+0000] {processor.py:161} INFO - Started process (PID=29753) to work on /opt/airflow/dags/silver_processing_dag.py
[2026-09-06T03:37:47.483+0000] {processor.py:830} INFO - Processing file /opt/airflow/dags/silver_processing_dag.py for tasks to queue
[2026-09-06T03:37:47.496+0000] {logging_mixin.py:188} INFO - [2026-09-06T03:37:47.495+0000] {dagbag.py:545} INFO - Filling up the DagBag from /opt/airflow/dags/silver_processing_dag.py
[2026-09-06T03:37:47.536+0000] {processor.py:840} INFO - DAG(s) 'process_silver_layer' retrieved from /opt/airflow/dags/silver_processing_dag.py
[2026-09-06T03:37:47.596+0000] {logging_mixin.py:188} INFO - [2026-09-06T03:37:47.595+0000] {dag.py:3096} INFO - Sync 1 DAGs
[2026-09-06T03:37:47.640+0000] {logging_mixin.py:188} INFO - [2026-09-06T03:37:47.639+0000] {dag.py:3954} INFO - Setting next_dagrun for process_silver_layer to None, run_after=None
[2026-09-06T03:37:47.689+0000] {processor.py:183} INFO - Processing /opt/airflow/dags/silver_processing_dag.py took 0.243 seconds
[2026-09-06T03:38:18.171+0000] {processor.py:161} INFO - Started process (PID=29768) to work on /opt/airflow/dags/silver_processing_dag.py
[2026-09-06T03:38:18.173+0000] {processor.py:830} INFO - Processing file /opt/airflow/dags/silver_processing_dag.py for tasks to queue
[2026-09-06T03:38:18.179+0000] {logging_mixin.py:188} INFO - [2026-09-06T03:38:18.178+0000] {dagbag.py:545} INFO - Filling up the DagBag from /opt/airflow/dags/silver_processing_dag.py
[2026-09-06T03:38:18.218+0000] {processor.py:840} INFO - DAG(s) 'process_silver_layer' retrieved from /opt/airflow/dags/silver_processing_dag.py
[2026-09-06T03:38:18.291+0000] {logging_mixin.py:188} INFO - [2026-09-06T03:38:18.290+0000] {dag.py:3096} INFO - Sync 1 DAGs
[2026-09-06T03:38:18.340+0000] {logging_mixin.py:188} INFO - [2026-09-06T03:38:18.339+0000] {dag.py:3954} INFO - Setting next_dagrun for process_silver_layer to None, run_after=None
[2026-09-06T03:38:18.442+0000] {processor.py:183} INFO - Processing /opt/airflow/dags/silver_processing_dag.py took 0.289 seconds
[2026-09-06T03:38:48.953+0000] {processor.py:161} INFO - Started process (PID=29783) to work on /opt/airflow/dags/silver_processing_dag.py
[2026-09-06T03:38:48.956+0000] {processor.py:830} INFO - Processing file /opt/airflow/dags/silver_processing_dag.py for tasks to queue
[2026-09-06T03:38:48.963+0000] {logging_mixin.py:188} INFO - [2026-09-06T03:38:48.962+0000] {dagbag.py:545} INFO - Filling up the DagBag from /opt/airflow/dags/silver_processing_dag.py
[2026-09-06T03:38:49.005+0000] {processor.py:840} INFO - DAG(s) 'process_silver_layer' retrieved from /opt/airflow/dags/silver_processing_dag.py
[2026-09-06T03:38:49.059+0000] {logging_mixin.py:188} INFO - [2026-09-06T03:38:49.058+0000] {dag.py:3096} INFO - Sync 1 DAGs
[2026-09-06T03:38:49.088+0000] {logging_mixin.py:188} INFO - [2026-09-06T03:38:49.087+0000] {dag.py:3954} INFO - Setting next_dagrun for process_silver_layer to None, run_after=None
[2026-09-06T03:38:49.140+0000] {processor.py:183} INFO - Processing /opt/airflow/dags/silver_processing_dag.py took 0.202 seconds
[2026-09-06T03:39:19.593+0000] {processor.py:161} INFO - Started process (PID=29798) to work on /opt/airflow/dags/silver_processing_dag.py
[2026-09-06T03:39:19.595+0000] {processor.py:830} INFO - Processing file /opt/airflow/dags/silver_processing_dag.py for tasks to queue
[2026-09-06T03:39:19.601+0000] {logging_mixin.py:188} INFO - [2026-09-06T03:39:19.600+0000] {dagbag.py:545} INFO - Filling up the DagBag from /opt/airflow/dags/silver_processing_dag.py
[2026-09-06T03:39:19.644+0000] {processor.py:840} INFO - DAG(s) 'process_silver_layer' retrieved from /opt/airflow/dags/silver_processing_dag.py
[2026-09-06T03:39:19.706+0000] {logging_mixin.py:188} INFO - [2026-09-06T03:39:19.706+0000] {dag.py:3096} INFO - Sync 1 DAGs
[2026-09-06T03:39:19.733+0000] {logging_mixin.py:188} INFO - [2026-09-06T03:39:19.733+0000] {dag.py:3954} INFO - Setting next_dagrun for process_silver_layer to None, run_after=None
[2026-09-06T03:39:19.783+0000] {processor.py:183} INFO - Processing /opt/airflow/dags/silver_processing_dag.py took 0.207 seconds
[2026-09-06T03:39:49.934+0000] {processor.py:161} INFO - Started process (PID=29813) to work on /opt/airflow/dags/silver_processing_dag.py
[2026-09-06T03:39:49.936+0000] {processor.py:830} INFO - Processing file /opt/airflow/dags/silver_processing_dag.py for tasks to queue
[2026-09-06T03:39:49.942+0000] {logging_mixin.py:188} INFO - [2026-09-06T03:39:49.941+0000] {dagbag.py:545} INFO - Filling up the DagBag from /opt/airflow/dags/silver_processing_dag.py
[2026-09-06T03:39:49.987+0000] {processor.py:840} INFO - DAG(s) 'process_silver_layer' retrieved from /opt/airflow/dags/silver_processing_dag.py
[2026-09-06T03:39:50.035+0000] {logging_mixin.py:188} INFO - [2026-09-06T03:39:50.035+0000] {dag.py:3096} INFO - Sync 1 DAGs
[2026-09-06T03:39:50.068+0000] {logging_mixin.py:188} INFO - [2026-09-06T03:39:50.068+0000] {dag.py:3954} INFO - Setting next_dagrun for process_silver_layer to None, run_after=None
[2026-09-06T03:39:50.115+0000] {processor.py:183} INFO - Processing /opt/airflow/dags/silver_processing_dag.py took 0.198 seconds
[2026-09-06T03:40:20.678+0000] {processor.py:161} INFO - Started process (PID=29828) to work on /opt/airflow/dags/silver_processing_dag.py
[2026-09-06T03:40:20.681+0000] {processor.py:830} INFO - Processing file /opt/airflow/dags/silver_processing_dag.py for tasks to queue
[2026-09-06T03:40:20.691+0000] {logging_mixin.py:188} INFO - [2026-09-06T03:40:20.690+0000] {dagbag.py:545} INFO - Filling up the DagBag from /opt/airflow/dags/silver_processing_dag.py
[2026-09-06T03:40:20.755+0000] {processor.py:840} INFO - DAG(s) 'process_silver_layer' retrieved from /opt/airflow/dags/silver_processing_dag.py
[2026-09-06T03:40:20.893+0000] {logging_mixin.py:188} INFO - [2026-09-06T03:40:20.892+0000] {dag.py:3096} INFO - Sync 1 DAGs
[2026-09-06T03:40:20.994+0000] {logging_mixin.py:188} INFO - [2026-09-06T03:40:20.993+0000] {dag.py:3954} INFO - Setting next_dagrun for process_silver_layer to None, run_after=None
[2026-09-06T03:40:21.097+0000] {processor.py:183} INFO - Processing /opt/airflow/dags/silver_processing_dag.py took 0.439 seconds
[2026-09-06T03:40:51.824+0000] {processor.py:161} INFO - Started process (PID=29843) to work on /opt/airflow/dags/silver_processing_dag.py
[2026-09-06T03:40:51.827+0000] {processor.py:830} INFO - Processing file /opt/airflow/dags/silver_processing_dag.py for tasks to queue
[2026-09-06T03:40:51.835+0000] {logging_mixin.py:188} INFO - [2026-09-06T03:40:51.834+0000] {dagbag.py:545} INFO - Filling up the DagBag from /opt/airflow/dags/silver_processing_dag.py
[2026-09-06T03:40:51.878+0000] {processor.py:840} INFO - DAG(s) 'process_silver_layer' retrieved from /opt/airflow/dags/silver_processing_dag.py
[2026-09-06T03:40:51.938+0000] {logging_mixin.py:188} INFO - [2026-09-06T03:40:51.937+0000] {dag.py:3096} INFO - Sync 1 DAGs
[2026-09-06T03:40:51.970+0000] {logging_mixin.py:188} INFO - [2026-09-06T03:40:51.969+0000] {dag.py:3954} INFO - Setting next_dagrun for process_silver_layer to None, run_after=None
[2026-09-06T03:40:52.018+0000] {processor.py:183} INFO - Processing /opt/airflow/dags/silver_processing_dag.py took 0.229 seconds
[2026-09-06T03:41:22.621+0000] {processor.py:161} INFO - Started process (PID=29858) to work on /opt/airflow/dags/silver_processing_dag.py
[2026-09-06T03:41:22.624+0000] {processor.py:830} INFO - Processing file /opt/airflow/dags/silver_processing_dag.py for tasks to queue
[2026-09-06T03:41:22.631+0000] {logging_mixin.py:188} INFO - [2026-09-06T03:41:22.630+0000] {dagbag.py:545} INFO - Filling up the DagBag from /opt/airflow/dags/silver_processing_dag.py
[2026-09-06T03:41:22.677+0000] {processor.py:840} INFO - DAG(s) 'process_silver_layer' retrieved from /opt/airflow/dags/silver_processing_dag.py
[2026-09-06T03:41:22.727+0000] {logging_mixin.py:188} INFO - [2026-09-06T03:41:22.727+0000] {dag.py:3096} INFO - Sync 1 DAGs
[2026-09-06T03:41:22.770+0000] {logging_mixin.py:188} INFO - [2026-09-06T03:41:22.770+0000] {dag.py:3954} INFO - Setting next_dagrun for process_silver_layer to None, run_after=None
[2026-09-06T03:41:22.833+0000] {processor.py:183} INFO - Processing /opt/airflow/dags/silver_processing_dag.py took 0.234 seconds
[2026-09-06T03:41:53.325+0000] {processor.py:161} INFO - Started process (PID=29873) to work on /opt/airflow/dags/silver_processing_dag.py
[2026-09-06T03:41:53.329+0000] {processor.py:830} INFO - Processing file /opt/airflow/dags/silver_processing_dag.py for tasks to queue
[2026-09-06T03:41:53.333+0000] {logging_mixin.py:188} INFO - [2026-09-06T03:41:53.332+0000] {dagbag.py:545} INFO - Filling up the DagBag from /opt/airflow/dags/silver_processing_dag.py
[2026-09-06T03:41:53.388+0000] {processor.py:840} INFO - DAG(s) 'process_silver_layer' retrieved from /opt/airflow/dags/silver_processing_dag.py
[2026-09-06T03:41:53.482+0000] {logging_mixin.py:188} INFO - [2026-09-06T03:41:53.481+0000] {dag.py:3096} INFO - Sync 1 DAGs
[2026-09-06T03:41:53.536+0000] {logging_mixin.py:188} INFO - [2026-09-06T03:41:53.536+0000] {dag.py:3954} INFO - Setting next_dagrun for process_silver_layer to None, run_after=None
[2026-09-06T03:41:53.596+0000] {processor.py:183} INFO - Processing /opt/airflow/dags/silver_processing_dag.py took 0.298 seconds
[2026-09-06T03:42:24.680+0000] {processor.py:161} INFO - Started process (PID=29888) to work on /opt/airflow/dags/silver_processing_dag.py
[2026-09-06T03:42:24.683+0000] {processor.py:830} INFO - Processing file /opt/airflow/dags/silver_processing_dag.py for tasks to queue
[2026-09-06T03:42:24.693+0000] {logging_mixin.py:188} INFO - [2026-09-06T03:42:24.691+0000] {dagbag.py:545} INFO - Filling up the DagBag from /opt/airflow/dags/silver_processing_dag.py
[2026-09-06T03:42:24.768+0000] {processor.py:840} INFO - DAG(s) 'process_silver_layer' retrieved from /opt/airflow/dags/silver_processing_dag.py
[2026-09-06T03:42:24.869+0000] {logging_mixin.py:188} INFO - [2026-09-06T03:42:24.869+0000] {dag.py:3096} INFO - Sync 1 DAGs
[2026-09-06T03:42:24.920+0000] {logging_mixin.py:188} INFO - [2026-09-06T03:42:24.918+0000] {dag.py:3954} INFO - Setting next_dagrun for process_silver_layer to None, run_after=None
[2026-09-06T03:42:25.035+0000] {processor.py:183} INFO - Processing /opt/airflow/dags/silver_processing_dag.py took 0.379 seconds
[2026-09-06T03:42:55.244+0000] {processor.py:161} INFO - Started process (PID=29903) to work on /opt/airflow/dags/silver_processing_dag.py
[2026-09-06T03:42:55.247+0000] {processor.py:830} INFO - Processing file /opt/airflow/dags/silver_processing_dag.py for tasks to queue
[2026-09-06T03:42:55.253+0000] {logging_mixin.py:188} INFO - [2026-09-06T03:42:55.253+0000] {dagbag.py:545} INFO - Filling up the DagBag from /opt/airflow/dags/silver_processing_dag.py
[2026-09-06T03:42:55.299+0000] {processor.py:840} INFO - DAG(s) 'process_silver_layer' retrieved from /opt/airflow/dags/silver_processing_dag.py
[2026-09-06T03:42:55.362+0000] {logging_mixin.py:188} INFO - [2026-09-06T03:42:55.361+0000] {dag.py:3096} INFO - Sync 1 DAGs
[2026-09-06T03:42:55.400+0000] {logging_mixin.py:188} INFO - [2026-09-06T03:42:55.399+0000] {dag.py:3954} INFO - Setting next_dagrun for process_silver_layer to None, run_after=None
[2026-09-06T03:42:55.462+0000] {processor.py:183} INFO - Processing /opt/airflow/dags/silver_processing_dag.py took 0.234 seconds
[2026-09-06T03:43:26.013+0000] {processor.py:161} INFO - Started process (PID=29918) to work on /opt/airflow/dags/silver_processing_dag.py
[2026-09-06T03:43:26.017+0000] {processor.py:830} INFO - Processing file /opt/airflow/dags/silver_processing_dag.py for tasks to queue
[2026-09-06T03:43:26.024+0000] {logging_mixin.py:188} INFO - [2026-09-06T03:43:26.023+0000] {dagbag.py:545} INFO - Filling up the DagBag from /opt/airflow/dags/silver_processing_dag.py
[2026-09-06T03:43:26.068+0000] {processor.py:840} INFO - DAG(s) 'process_silver_layer' retrieved from /opt/airflow/dags/silver_processing_dag.py
[2026-09-06T03:43:26.127+0000] {logging_mixin.py:188} INFO - [2026-09-06T03:43:26.127+0000] {dag.py:3096} INFO - Sync 1 DAGs
[2026-09-06T03:43:26.163+0000] {logging_mixin.py:188} INFO - [2026-09-06T03:43:26.162+0000] {dag.py:3954} INFO - Setting next_dagrun for process_silver_layer to None, run_after=None
[2026-09-06T03:43:26.307+0000] {processor.py:183} INFO - Processing /opt/airflow/dags/silver_processing_dag.py took 0.307 seconds
[2026-09-06T03:43:57.210+0000] {processor.py:161} INFO - Started process (PID=29933) to work on /opt/airflow/dags/silver_processing_dag.py
[2026-09-06T03:43:57.213+0000] {processor.py:830} INFO - Processing file /opt/airflow/dags/silver_processing_dag.py for tasks to queue
[2026-09-06T03:43:57.220+0000] {logging_mixin.py:188} INFO - [2026-09-06T03:43:57.219+0000] {dagbag.py:545} INFO - Filling up the DagBag from /opt/airflow/dags/silver_processing_dag.py
[2026-09-06T03:43:57.275+0000] {processor.py:840} INFO - DAG(s) 'process_silver_layer' retrieved from /opt/airflow/dags/silver_processing_dag.py
[2026-09-06T03:43:57.357+0000] {logging_mixin.py:188} INFO - [2026-09-06T03:43:57.356+0000] {dag.py:3096} INFO - Sync 1 DAGs
[2026-09-06T03:43:57.394+0000] {logging_mixin.py:188} INFO - [2026-09-06T03:43:57.393+0000] {dag.py:3954} INFO - Setting next_dagrun for process_silver_layer to None, run_after=None
[2026-09-06T03:43:57.446+0000] {processor.py:183} INFO - Processing /opt/airflow/dags/silver_processing_dag.py took 0.254 seconds
[2026-09-06T03:44:27.917+0000] {processor.py:161} INFO - Started process (PID=29948) to work on /opt/airflow/dags/silver_processing_dag.py
[2026-09-06T03:44:27.920+0000] {processor.py:830} INFO - Processing file /opt/airflow/dags/silver_processing_dag.py for tasks to queue
[2026-09-06T03:44:27.926+0000] {logging_mixin.py:188} INFO - [2026-09-06T03:44:27.925+0000] {dagbag.py:545} INFO - Filling up the DagBag from /opt/airflow/dags/silver_processing_dag.py
[2026-09-06T03:44:27.979+0000] {processor.py:840} INFO - DAG(s) 'process_silver_layer' retrieved from /opt/airflow/dags/silver_processing_dag.py
[2026-09-06T03:44:28.048+0000] {logging_mixin.py:188} INFO - [2026-09-06T03:44:28.048+0000] {dag.py:3096} INFO - Sync 1 DAGs
[2026-09-06T03:44:28.086+0000] {logging_mixin.py:188} INFO - [2026-09-06T03:44:28.086+0000] {dag.py:3954} INFO - Setting next_dagrun for process_silver_layer to None, run_after=None
[2026-09-06T03:44:28.162+0000] {processor.py:183} INFO - Processing /opt/airflow/dags/silver_processing_dag.py took 0.262 seconds
[2026-09-06T03:44:58.418+0000] {processor.py:161} INFO - Started process (PID=29963) to work on /opt/airflow/dags/silver_processing_dag.py
[2026-09-06T03:44:58.421+0000] {processor.py:830} INFO - Processing file /opt/airflow/dags/silver_processing_dag.py for tasks to queue
[2026-09-06T03:44:58.427+0000] {logging_mixin.py:188} INFO - [2026-09-06T03:44:58.426+0000] {dagbag.py:545} INFO - Filling up the DagBag from /opt/airflow/dags/silver_processing_dag.py
[2026-09-06T03:44:58.477+0000] {processor.py:840} INFO - DAG(s) 'process_silver_layer' retrieved from /opt/airflow/dags/silver_processing_dag.py
[2026-09-06T03:44:58.551+0000] {logging_mixin.py:188} INFO - [2026-09-06T03:44:58.550+0000] {dag.py:3096} INFO - Sync 1 DAGs
[2026-09-06T03:44:58.590+0000] {logging_mixin.py:188} INFO - [2026-09-06T03:44:58.589+0000] {dag.py:3954} INFO - Setting next_dagrun for process_silver_layer to None, run_after=None
[2026-09-06T03:44:58.651+0000] {processor.py:183} INFO - Processing /opt/airflow/dags/silver_processing_dag.py took 0.249 seconds
[2026-09-06T03:45:28.846+0000] {processor.py:161} INFO - Started process (PID=29978) to work on /opt/airflow/dags/silver_processing_dag.py
[2026-09-06T03:45:28.852+0000] {processor.py:830} INFO - Processing file /opt/airflow/dags/silver_processing_dag.py for tasks to queue
[2026-09-06T03:45:28.862+0000] {logging_mixin.py:188} INFO - [2026-09-06T03:45:28.861+0000] {dagbag.py:545} INFO - Filling up the DagBag from /opt/airflow/dags/silver_processing_dag.py
[2026-09-06T03:45:28.915+0000] {processor.py:840} INFO - DAG(s) 'process_silver_layer' retrieved from /opt/airflow/dags/silver_processing_dag.py
[2026-09-06T03:45:29.000+0000] {logging_mixin.py:188} INFO - [2026-09-06T03:45:28.999+0000] {dag.py:3096} INFO - Sync 1 DAGs
[2026-09-06T03:45:29.044+0000] {logging_mixin.py:188} INFO - [2026-09-06T03:45:29.043+0000] {dag.py:3954} INFO - Setting next_dagrun for process_silver_layer to None, run_after=None
[2026-09-06T03:45:29.111+0000] {processor.py:183} INFO - Processing /opt/airflow/dags/silver_processing_dag.py took 0.287 seconds
[2026-09-06T03:45:59.722+0000] {processor.py:161} INFO - Started process (PID=29993) to work on /opt/airflow/dags/silver_processing_dag.py
[2026-09-06T03:45:59.725+0000] {processor.py:830} INFO - Processing file /opt/airflow/dags/silver_processing_dag.py for tasks to queue
[2026-09-06T03:45:59.732+0000] {logging_mixin.py:188} INFO - [2026-09-06T03:45:59.730+0000] {dagbag.py:545} INFO - Filling up the DagBag from /opt/airflow/dags/silver_processing_dag.py
[2026-09-06T03:45:59.777+0000] {processor.py:840} INFO - DAG(s) 'process_silver_layer' retrieved from /opt/airflow/dags/silver_processing_dag.py
[2026-09-06T03:45:59.840+0000] {logging_mixin.py:188} INFO - [2026-09-06T03:45:59.839+0000] {dag.py:3096} INFO - Sync 1 DAGs
[2026-09-06T03:45:59.878+0000] {logging_mixin.py:188} INFO - [2026-09-06T03:45:59.877+0000] {dag.py:3954} INFO - Setting next_dagrun for process_silver_layer to None, run_after=None
[2026-09-06T03:45:59.945+0000] {processor.py:183} INFO - Processing /opt/airflow/dags/silver_processing_dag.py took 0.240 seconds
[2026-09-06T03:46:30.220+0000] {processor.py:161} INFO - Started process (PID=30008) to work on /opt/airflow/dags/silver_processing_dag.py
[2026-09-06T03:46:30.223+0000] {processor.py:830} INFO - Processing file /opt/airflow/dags/silver_processing_dag.py for tasks to queue
[2026-09-06T03:46:30.231+0000] {logging_mixin.py:188} INFO - [2026-09-06T03:46:30.231+0000] {dagbag.py:545} INFO - Filling up the DagBag from /opt/airflow/dags/silver_processing_dag.py
[2026-09-06T03:46:30.294+0000] {processor.py:840} INFO - DAG(s) 'process_silver_layer' retrieved from /opt/airflow/dags/silver_processing_dag.py
[2026-09-06T03:46:30.359+0000] {logging_mixin.py:188} INFO - [2026-09-06T03:46:30.359+0000] {dag.py:3096} INFO - Sync 1 DAGs
[2026-09-06T03:46:30.397+0000] {logging_mixin.py:188} INFO - [2026-09-06T03:46:30.396+0000] {dag.py:3954} INFO - Setting next_dagrun for process_silver_layer to None, run_after=None
[2026-09-06T03:46:30.467+0000] {processor.py:183} INFO - Processing /opt/airflow/dags/silver_processing_dag.py took 0.265 seconds
[2026-09-06T03:47:00.733+0000] {processor.py:161} INFO - Started process (PID=30023) to work on /opt/airflow/dags/silver_processing_dag.py
[2026-09-06T03:47:00.736+0000] {processor.py:830} INFO - Processing file /opt/airflow/dags/silver_processing_dag.py for tasks to queue
[2026-09-06T03:47:00.743+0000] {logging_mixin.py:188} INFO - [2026-09-06T03:47:00.742+0000] {dagbag.py:545} INFO - Filling up the DagBag from /opt/airflow/dags/silver_processing_dag.py
[2026-09-06T03:47:00.800+0000] {processor.py:840} INFO - DAG(s) 'process_silver_layer' retrieved from /opt/airflow/dags/silver_processing_dag.py
[2026-09-06T03:47:00.868+0000] {logging_mixin.py:188} INFO - [2026-09-06T03:47:00.867+0000] {dag.py:3096} INFO - Sync 1 DAGs
[2026-09-06T03:47:00.918+0000] {logging_mixin.py:188} INFO - [2026-09-06T03:47:00.917+0000] {dag.py:3954} INFO - Setting next_dagrun for process_silver_layer to None, run_after=None
[2026-09-06T03:47:00.982+0000] {processor.py:183} INFO - Processing /opt/airflow/dags/silver_processing_dag.py took 0.267 seconds
[2026-09-06T03:47:31.459+0000] {processor.py:161} INFO - Started process (PID=30038) to work on /opt/airflow/dags/silver_processing_dag.py
[2026-09-06T03:47:31.478+0000] {processor.py:830} INFO - Processing file /opt/airflow/dags/silver_processing_dag.py for tasks to queue
[2026-09-06T03:47:31.495+0000] {logging_mixin.py:188} INFO - [2026-09-06T03:47:31.493+0000] {dagbag.py:545} INFO - Filling up the DagBag from /opt/airflow/dags/silver_processing_dag.py
[2026-09-06T03:47:31.615+0000] {processor.py:840} INFO - DAG(s) 'process_silver_layer' retrieved from /opt/airflow/dags/silver_processing_dag.py
[2026-09-06T03:47:31.781+0000] {logging_mixin.py:188} INFO - [2026-09-06T03:47:31.770+0000] {dag.py:3096} INFO - Sync 1 DAGs
[2026-09-06T03:47:31.868+0000] {logging_mixin.py:188} INFO - [2026-09-06T03:47:31.868+0000] {dag.py:3954} INFO - Setting next_dagrun for process_silver_layer to None, run_after=None
[2026-09-06T03:47:32.001+0000] {processor.py:183} INFO - Processing /opt/airflow/dags/silver_processing_dag.py took 0.594 seconds
[2026-09-06T03:48:02.233+0000] {processor.py:161} INFO - Started process (PID=30053) to work on /opt/airflow/dags/silver_processing_dag.py
[2026-09-06T03:48:02.237+0000] {processor.py:830} INFO - Processing file /opt/airflow/dags/silver_processing_dag.py for tasks to queue
[2026-09-06T03:48:02.245+0000] {logging_mixin.py:188} INFO - [2026-09-06T03:48:02.244+0000] {dagbag.py:545} INFO - Filling up the DagBag from /opt/airflow/dags/silver_processing_dag.py
[2026-09-06T03:48:02.317+0000] {processor.py:840} INFO - DAG(s) 'process_silver_layer' retrieved from /opt/airflow/dags/silver_processing_dag.py
[2026-09-06T03:48:02.382+0000] {logging_mixin.py:188} INFO - [2026-09-06T03:48:02.382+0000] {dag.py:3096} INFO - Sync 1 DAGs
[2026-09-06T03:48:02.415+0000] {logging_mixin.py:188} INFO - [2026-09-06T03:48:02.415+0000] {dag.py:3954} INFO - Setting next_dagrun for process_silver_layer to None, run_after=None
[2026-09-06T03:48:02.491+0000] {processor.py:183} INFO - Processing /opt/airflow/dags/silver_processing_dag.py took 0.292 seconds
[2026-09-06T03:48:33.151+0000] {processor.py:161} INFO - Started process (PID=30068) to work on /opt/airflow/dags/silver_processing_dag.py
[2026-09-06T03:48:33.154+0000] {processor.py:830} INFO - Processing file /opt/airflow/dags/silver_processing_dag.py for tasks to queue
[2026-09-06T03:48:33.161+0000] {logging_mixin.py:188} INFO - [2026-09-06T03:48:33.160+0000] {dagbag.py:545} INFO - Filling up the DagBag from /opt/airflow/dags/silver_processing_dag.py
[2026-09-06T03:48:33.217+0000] {processor.py:840} INFO - DAG(s) 'process_silver_layer' retrieved from /opt/airflow/dags/silver_processing_dag.py
[2026-09-06T03:48:33.288+0000] {logging_mixin.py:188} INFO - [2026-09-06T03:48:33.287+0000] {dag.py:3096} INFO - Sync 1 DAGs
[2026-09-06T03:48:33.326+0000] {logging_mixin.py:188} INFO - [2026-09-06T03:48:33.325+0000] {dag.py:3954} INFO - Setting next_dagrun for process_silver_layer to None, run_after=None
[2026-09-06T03:48:33.434+0000] {processor.py:183} INFO - Processing /opt/airflow/dags/silver_processing_dag.py took 0.305 seconds
[2026-09-06T03:49:04.021+0000] {processor.py:161} INFO - Started process (PID=30083) to work on /opt/airflow/dags/silver_processing_dag.py
[2026-09-06T03:49:04.023+0000] {processor.py:830} INFO - Processing file /opt/airflow/dags/silver_processing_dag.py for tasks to queue
[2026-09-06T03:49:04.029+0000] {logging_mixin.py:188} INFO - [2026-09-06T03:49:04.028+0000] {dagbag.py:545} INFO - Filling up the DagBag from /opt/airflow/dags/silver_processing_dag.py
[2026-09-06T03:49:04.072+0000] {processor.py:840} INFO - DAG(s) 'process_silver_layer' retrieved from /opt/airflow/dags/silver_processing_dag.py
[2026-09-06T03:49:04.132+0000] {logging_mixin.py:188} INFO - [2026-09-06T03:49:04.132+0000] {dag.py:3096} INFO - Sync 1 DAGs
[2026-09-06T03:49:04.174+0000] {logging_mixin.py:188} INFO - [2026-09-06T03:49:04.174+0000] {dag.py:3954} INFO - Setting next_dagrun for process_silver_layer to None, run_after=None
[2026-09-06T03:49:04.239+0000] {processor.py:183} INFO - Processing /opt/airflow/dags/silver_processing_dag.py took 0.236 seconds
[2026-09-06T03:49:34.885+0000] {processor.py:161} INFO - Started process (PID=30098) to work on /opt/airflow/dags/silver_processing_dag.py
[2026-09-06T03:49:34.889+0000] {processor.py:830} INFO - Processing file /opt/airflow/dags/silver_processing_dag.py for tasks to queue
[2026-09-06T03:49:34.899+0000] {logging_mixin.py:188} INFO - [2026-09-06T03:49:34.898+0000] {dagbag.py:545} INFO - Filling up the DagBag from /opt/airflow/dags/silver_processing_dag.py
[2026-09-06T03:49:34.989+0000] {processor.py:840} INFO - DAG(s) 'process_silver_layer' retrieved from /opt/airflow/dags/silver_processing_dag.py
[2026-09-06T03:49:35.083+0000] {logging_mixin.py:188} INFO - [2026-09-06T03:49:35.082+0000] {dag.py:3096} INFO - Sync 1 DAGs
[2026-09-06T03:49:35.131+0000] {logging_mixin.py:188} INFO - [2026-09-06T03:49:35.130+0000] {dag.py:3954} INFO - Setting next_dagrun for process_silver_layer to None, run_after=None
[2026-09-06T03:49:35.195+0000] {processor.py:183} INFO - Processing /opt/airflow/dags/silver_processing_dag.py took 0.336 seconds
[2026-09-06T03:50:05.954+0000] {processor.py:161} INFO - Started process (PID=30113) to work on /opt/airflow/dags/silver_processing_dag.py
[2026-09-06T03:50:05.960+0000] {processor.py:830} INFO - Processing file /opt/airflow/dags/silver_processing_dag.py for tasks to queue
[2026-09-06T03:50:05.967+0000] {logging_mixin.py:188} INFO - [2026-09-06T03:50:05.966+0000] {dagbag.py:545} INFO - Filling up the DagBag from /opt/airflow/dags/silver_processing_dag.py
[2026-09-06T03:50:06.018+0000] {processor.py:840} INFO - DAG(s) 'process_silver_layer' retrieved from /opt/airflow/dags/silver_processing_dag.py
[2026-09-06T03:50:06.079+0000] {logging_mixin.py:188} INFO - [2026-09-06T03:50:06.078+0000] {dag.py:3096} INFO - Sync 1 DAGs
[2026-09-06T03:50:06.115+0000] {logging_mixin.py:188} INFO - [2026-09-06T03:50:06.115+0000] {dag.py:3954} INFO - Setting next_dagrun for process_silver_layer to None, run_after=None
[2026-09-06T03:50:06.170+0000] {processor.py:183} INFO - Processing /opt/airflow/dags/silver_processing_dag.py took 0.232 seconds
[2026-09-06T03:50:37.167+0000] {processor.py:161} INFO - Started process (PID=30128) to work on /opt/airflow/dags/silver_processing_dag.py
[2026-09-06T03:50:37.170+0000] {processor.py:830} INFO - Processing file /opt/airflow/dags/silver_processing_dag.py for tasks to queue
[2026-09-06T03:50:37.179+0000] {logging_mixin.py:188} INFO - [2026-09-06T03:50:37.178+0000] {dagbag.py:545} INFO - Filling up the DagBag from /opt/airflow/dags/silver_processing_dag.py
[2026-09-06T03:50:37.233+0000] {processor.py:840} INFO - DAG(s) 'process_silver_layer' retrieved from /opt/airflow/dags/silver_processing_dag.py
[2026-09-06T03:50:37.294+0000] {logging_mixin.py:188} INFO - [2026-09-06T03:50:37.293+0000] {dag.py:3096} INFO - Sync 1 DAGs
[2026-09-06T03:50:37.330+0000] {logging_mixin.py:188} INFO - [2026-09-06T03:50:37.330+0000] {dag.py:3954} INFO - Setting next_dagrun for process_silver_layer to None, run_after=None
[2026-09-06T03:50:37.396+0000] {processor.py:183} INFO - Processing /opt/airflow/dags/silver_processing_dag.py took 0.252 seconds
[2026-09-06T03:51:09.363+0000] {processor.py:161} INFO - Started process (PID=30143) to work on /opt/airflow/dags/silver_processing_dag.py
[2026-09-06T03:51:09.370+0000] {processor.py:830} INFO - Processing file /opt/airflow/dags/silver_processing_dag.py for tasks to queue
[2026-09-06T03:51:09.384+0000] {logging_mixin.py:188} INFO - [2026-09-06T03:51:09.383+0000] {dagbag.py:545} INFO - Filling up the DagBag from /opt/airflow/dags/silver_processing_dag.py
[2026-09-06T03:51:09.490+0000] {processor.py:840} INFO - DAG(s) 'process_silver_layer' retrieved from /opt/airflow/dags/silver_processing_dag.py
[2026-09-06T03:51:09.637+0000] {logging_mixin.py:188} INFO - [2026-09-06T03:51:09.636+0000] {dag.py:3096} INFO - Sync 1 DAGs
[2026-09-06T03:51:09.749+0000] {logging_mixin.py:188} INFO - [2026-09-06T03:51:09.749+0000] {dag.py:3954} INFO - Setting next_dagrun for process_silver_layer to None, run_after=None
[2026-09-06T03:51:10.006+0000] {processor.py:183} INFO - Processing /opt/airflow/dags/silver_processing_dag.py took 0.692 seconds
[2026-09-06T03:51:40.890+0000] {processor.py:161} INFO - Started process (PID=30158) to work on /opt/airflow/dags/silver_processing_dag.py
[2026-09-06T03:51:40.895+0000] {processor.py:830} INFO - Processing file /opt/airflow/dags/silver_processing_dag.py for tasks to queue
[2026-09-06T03:51:40.904+0000] {logging_mixin.py:188} INFO - [2026-09-06T03:51:40.902+0000] {dagbag.py:545} INFO - Filling up the DagBag from /opt/airflow/dags/silver_processing_dag.py
[2026-09-06T03:51:40.964+0000] {processor.py:840} INFO - DAG(s) 'process_silver_layer' retrieved from /opt/airflow/dags/silver_processing_dag.py
[2026-09-06T03:51:41.075+0000] {logging_mixin.py:188} INFO - [2026-09-06T03:51:41.072+0000] {dag.py:3096} INFO - Sync 1 DAGs
[2026-09-06T03:51:41.131+0000] {logging_mixin.py:188} INFO - [2026-09-06T03:51:41.130+0000] {dag.py:3954} INFO - Setting next_dagrun for process_silver_layer to None, run_after=None
[2026-09-06T03:51:41.192+0000] {processor.py:183} INFO - Processing /opt/airflow/dags/silver_processing_dag.py took 0.330 seconds
[2026-09-06T03:52:12.246+0000] {processor.py:161} INFO - Started process (PID=30173) to work on /opt/airflow/dags/silver_processing_dag.py
[2026-09-06T03:52:12.258+0000] {processor.py:830} INFO - Processing file /opt/airflow/dags/silver_processing_dag.py for tasks to queue
[2026-09-06T03:52:12.275+0000] {logging_mixin.py:188} INFO - [2026-09-06T03:52:12.273+0000] {dagbag.py:545} INFO - Filling up the DagBag from /opt/airflow/dags/silver_processing_dag.py
[2026-09-06T03:52:12.795+0000] {processor.py:840} INFO - DAG(s) 'process_silver_layer' retrieved from /opt/airflow/dags/silver_processing_dag.py
[2026-09-06T03:52:12.935+0000] {logging_mixin.py:188} INFO - [2026-09-06T03:52:12.935+0000] {dag.py:3096} INFO - Sync 1 DAGs
[2026-09-06T03:52:13.016+0000] {logging_mixin.py:188} INFO - [2026-09-06T03:52:13.015+0000] {dag.py:3954} INFO - Setting next_dagrun for process_silver_layer to None, run_after=None
[2026-09-06T03:52:13.170+0000] {processor.py:183} INFO - Processing /opt/airflow/dags/silver_processing_dag.py took 0.968 seconds
[2026-09-06T03:52:43.701+0000] {processor.py:161} INFO - Started process (PID=30188) to work on /opt/airflow/dags/silver_processing_dag.py
[2026-09-06T03:52:43.714+0000] {processor.py:830} INFO - Processing file /opt/airflow/dags/silver_processing_dag.py for tasks to queue
[2026-09-06T03:52:43.737+0000] {logging_mixin.py:188} INFO - [2026-09-06T03:52:43.735+0000] {dagbag.py:545} INFO - Filling up the DagBag from /opt/airflow/dags/silver_processing_dag.py
[2026-09-06T03:52:43.872+0000] {processor.py:840} INFO - DAG(s) 'process_silver_layer' retrieved from /opt/airflow/dags/silver_processing_dag.py
[2026-09-06T03:52:44.035+0000] {logging_mixin.py:188} INFO - [2026-09-06T03:52:44.034+0000] {dag.py:3096} INFO - Sync 1 DAGs
[2026-09-06T03:52:44.165+0000] {logging_mixin.py:188} INFO - [2026-09-06T03:52:44.164+0000] {dag.py:3954} INFO - Setting next_dagrun for process_silver_layer to None, run_after=None
[2026-09-06T03:52:44.275+0000] {processor.py:183} INFO - Processing /opt/airflow/dags/silver_processing_dag.py took 0.612 seconds
[2026-09-06T03:53:14.616+0000] {processor.py:161} INFO - Started process (PID=30203) to work on /opt/airflow/dags/silver_processing_dag.py
[2026-09-06T03:53:14.624+0000] {processor.py:830} INFO - Processing file /opt/airflow/dags/silver_processing_dag.py for tasks to queue
[2026-09-06T03:53:14.638+0000] {logging_mixin.py:188} INFO - [2026-09-06T03:53:14.636+0000] {dagbag.py:545} INFO - Filling up the DagBag from /opt/airflow/dags/silver_processing_dag.py
[2026-09-06T03:53:14.710+0000] {processor.py:840} INFO - DAG(s) 'process_silver_layer' retrieved from /opt/airflow/dags/silver_processing_dag.py
[2026-09-06T03:53:14.816+0000] {logging_mixin.py:188} INFO - [2026-09-06T03:53:14.816+0000] {dag.py:3096} INFO - Sync 1 DAGs
[2026-09-06T03:53:14.921+0000] {logging_mixin.py:188} INFO - [2026-09-06T03:53:14.921+0000] {dag.py:3954} INFO - Setting next_dagrun for process_silver_layer to None, run_after=None
[2026-09-06T03:53:15.063+0000] {processor.py:183} INFO - Processing /opt/airflow/dags/silver_processing_dag.py took 0.472 seconds
[2026-09-06T03:53:45.352+0000] {processor.py:161} INFO - Started process (PID=30218) to work on /opt/airflow/dags/silver_processing_dag.py
[2026-09-06T03:53:45.357+0000] {processor.py:830} INFO - Processing file /opt/airflow/dags/silver_processing_dag.py for tasks to queue
[2026-09-06T03:53:45.366+0000] {logging_mixin.py:188} INFO - [2026-09-06T03:53:45.365+0000] {dagbag.py:545} INFO - Filling up the DagBag from /opt/airflow/dags/silver_processing_dag.py
[2026-09-06T03:53:45.433+0000] {processor.py:840} INFO - DAG(s) 'process_silver_layer' retrieved from /opt/airflow/dags/silver_processing_dag.py
[2026-09-06T03:53:45.572+0000] {logging_mixin.py:188} INFO - [2026-09-06T03:53:45.571+0000] {dag.py:3096} INFO - Sync 1 DAGs
[2026-09-06T03:53:45.634+0000] {logging_mixin.py:188} INFO - [2026-09-06T03:53:45.633+0000] {dag.py:3954} INFO - Setting next_dagrun for process_silver_layer to None, run_after=None
[2026-09-06T03:53:45.740+0000] {processor.py:183} INFO - Processing /opt/airflow/dags/silver_processing_dag.py took 0.409 seconds
[2026-09-06T03:54:16.283+0000] {processor.py:161} INFO - Started process (PID=30233) to work on /opt/airflow/dags/silver_processing_dag.py
[2026-09-06T03:54:16.287+0000] {processor.py:830} INFO - Processing file /opt/airflow/dags/silver_processing_dag.py for tasks to queue
[2026-09-06T03:54:16.297+0000] {logging_mixin.py:188} INFO - [2026-09-06T03:54:16.295+0000] {dagbag.py:545} INFO - Filling up the DagBag from /opt/airflow/dags/silver_processing_dag.py
[2026-09-06T03:54:16.376+0000] {processor.py:840} INFO - DAG(s) 'process_silver_layer' retrieved from /opt/airflow/dags/silver_processing_dag.py
[2026-09-06T03:54:16.469+0000] {logging_mixin.py:188} INFO - [2026-09-06T03:54:16.468+0000] {dag.py:3096} INFO - Sync 1 DAGs
[2026-09-06T03:54:16.518+0000] {logging_mixin.py:188} INFO - [2026-09-06T03:54:16.518+0000] {dag.py:3954} INFO - Setting next_dagrun for process_silver_layer to None, run_after=None
[2026-09-06T03:54:16.634+0000] {processor.py:183} INFO - Processing /opt/airflow/dags/silver_processing_dag.py took 0.373 seconds
[2026-09-06T03:54:47.537+0000] {processor.py:161} INFO - Started process (PID=30248) to work on /opt/airflow/dags/silver_processing_dag.py
[2026-09-06T03:54:47.539+0000] {processor.py:830} INFO - Processing file /opt/airflow/dags/silver_processing_dag.py for tasks to queue
[2026-09-06T03:54:47.545+0000] {logging_mixin.py:188} INFO - [2026-09-06T03:54:47.544+0000] {dagbag.py:545} INFO - Filling up the DagBag from /opt/airflow/dags/silver_processing_dag.py
[2026-09-06T03:54:47.616+0000] {processor.py:840} INFO - DAG(s) 'process_silver_layer' retrieved from /opt/airflow/dags/silver_processing_dag.py
[2026-09-06T03:54:47.714+0000] {logging_mixin.py:188} INFO - [2026-09-06T03:54:47.713+0000] {dag.py:3096} INFO - Sync 1 DAGs
[2026-09-06T03:54:47.763+0000] {logging_mixin.py:188} INFO - [2026-09-06T03:54:47.762+0000] {dag.py:3954} INFO - Setting next_dagrun for process_silver_layer to None, run_after=None
[2026-09-06T03:54:47.832+0000] {processor.py:183} INFO - Processing /opt/airflow/dags/silver_processing_dag.py took 0.317 seconds
[2026-09-06T03:55:18.547+0000] {processor.py:161} INFO - Started process (PID=30263) to work on /opt/airflow/dags/silver_processing_dag.py
[2026-09-06T03:55:18.551+0000] {processor.py:830} INFO - Processing file /opt/airflow/dags/silver_processing_dag.py for tasks to queue
[2026-09-06T03:55:18.565+0000] {logging_mixin.py:188} INFO - [2026-09-06T03:55:18.564+0000] {dagbag.py:545} INFO - Filling up the DagBag from /opt/airflow/dags/silver_processing_dag.py
[2026-09-06T03:55:18.663+0000] {processor.py:840} INFO - DAG(s) 'process_silver_layer' retrieved from /opt/airflow/dags/silver_processing_dag.py
[2026-09-06T03:55:18.824+0000] {logging_mixin.py:188} INFO - [2026-09-06T03:55:18.823+0000] {dag.py:3096} INFO - Sync 1 DAGs
[2026-09-06T03:55:18.925+0000] {logging_mixin.py:188} INFO - [2026-09-06T03:55:18.925+0000] {dag.py:3954} INFO - Setting next_dagrun for process_silver_layer to None, run_after=None
[2026-09-06T03:55:19.106+0000] {processor.py:183} INFO - Processing /opt/airflow/dags/silver_processing_dag.py took 0.588 seconds
[2026-09-06T03:55:49.498+0000] {processor.py:161} INFO - Started process (PID=30278) to work on /opt/airflow/dags/silver_processing_dag.py
[2026-09-06T03:55:49.501+0000] {processor.py:830} INFO - Processing file /opt/airflow/dags/silver_processing_dag.py for tasks to queue
[2026-09-06T03:55:49.509+0000] {logging_mixin.py:188} INFO - [2026-09-06T03:55:49.508+0000] {dagbag.py:545} INFO - Filling up the DagBag from /opt/airflow/dags/silver_processing_dag.py
[2026-09-06T03:55:49.570+0000] {processor.py:840} INFO - DAG(s) 'process_silver_layer' retrieved from /opt/airflow/dags/silver_processing_dag.py
[2026-09-06T03:55:49.643+0000] {logging_mixin.py:188} INFO - [2026-09-06T03:55:49.642+0000] {dag.py:3096} INFO - Sync 1 DAGs
[2026-09-06T03:55:49.691+0000] {logging_mixin.py:188} INFO - [2026-09-06T03:55:49.690+0000] {dag.py:3954} INFO - Setting next_dagrun for process_silver_layer to None, run_after=None
[2026-09-06T03:55:49.795+0000] {processor.py:183} INFO - Processing /opt/airflow/dags/silver_processing_dag.py took 0.316 seconds
[2026-09-06T03:56:19.983+0000] {processor.py:161} INFO - Started process (PID=30293) to work on /opt/airflow/dags/silver_processing_dag.py
[2026-09-06T03:56:20.018+0000] {processor.py:830} INFO - Processing file /opt/airflow/dags/silver_processing_dag.py for tasks to queue
[2026-09-06T03:56:20.058+0000] {logging_mixin.py:188} INFO - [2026-09-06T03:56:20.055+0000] {dagbag.py:545} INFO - Filling up the DagBag from /opt/airflow/dags/silver_processing_dag.py
[2026-09-06T03:56:20.165+0000] {processor.py:840} INFO - DAG(s) 'process_silver_layer' retrieved from /opt/airflow/dags/silver_processing_dag.py
[2026-09-06T03:56:20.277+0000] {logging_mixin.py:188} INFO - [2026-09-06T03:56:20.277+0000] {dag.py:3096} INFO - Sync 1 DAGs
[2026-09-06T03:56:20.342+0000] {logging_mixin.py:188} INFO - [2026-09-06T03:56:20.341+0000] {dag.py:3954} INFO - Setting next_dagrun for process_silver_layer to None, run_after=None
[2026-09-06T03:56:20.452+0000] {processor.py:183} INFO - Processing /opt/airflow/dags/silver_processing_dag.py took 0.523 seconds
[2026-09-06T03:56:51.419+0000] {processor.py:161} INFO - Started process (PID=30308) to work on /opt/airflow/dags/silver_processing_dag.py
[2026-09-06T03:56:51.422+0000] {processor.py:830} INFO - Processing file /opt/airflow/dags/silver_processing_dag.py for tasks to queue
[2026-09-06T03:56:51.430+0000] {logging_mixin.py:188} INFO - [2026-09-06T03:56:51.429+0000] {dagbag.py:545} INFO - Filling up the DagBag from /opt/airflow/dags/silver_processing_dag.py
[2026-09-06T03:56:51.498+0000] {processor.py:840} INFO - DAG(s) 'process_silver_layer' retrieved from /opt/airflow/dags/silver_processing_dag.py
[2026-09-06T03:56:51.570+0000] {logging_mixin.py:188} INFO - [2026-09-06T03:56:51.570+0000] {dag.py:3096} INFO - Sync 1 DAGs
[2026-09-06T03:56:51.618+0000] {logging_mixin.py:188} INFO - [2026-09-06T03:56:51.617+0000] {dag.py:3954} INFO - Setting next_dagrun for process_silver_layer to None, run_after=None
[2026-09-06T03:56:51.694+0000] {processor.py:183} INFO - Processing /opt/airflow/dags/silver_processing_dag.py took 0.300 seconds
[2026-09-06T03:57:22.586+0000] {processor.py:161} INFO - Started process (PID=30323) to work on /opt/airflow/dags/silver_processing_dag.py
[2026-09-06T03:57:22.591+0000] {processor.py:830} INFO - Processing file /opt/airflow/dags/silver_processing_dag.py for tasks to queue
[2026-09-06T03:57:22.604+0000] {logging_mixin.py:188} INFO - [2026-09-06T03:57:22.601+0000] {dagbag.py:545} INFO - Filling up the DagBag from /opt/airflow/dags/silver_processing_dag.py
[2026-09-06T03:57:22.692+0000] {processor.py:840} INFO - DAG(s) 'process_silver_layer' retrieved from /opt/airflow/dags/silver_processing_dag.py
[2026-09-06T03:57:22.805+0000] {logging_mixin.py:188} INFO - [2026-09-06T03:57:22.804+0000] {dag.py:3096} INFO - Sync 1 DAGs
[2026-09-06T03:57:22.844+0000] {logging_mixin.py:188} INFO - [2026-09-06T03:57:22.843+0000] {dag.py:3954} INFO - Setting next_dagrun for process_silver_layer to None, run_after=None
[2026-09-06T03:57:22.916+0000] {processor.py:183} INFO - Processing /opt/airflow/dags/silver_processing_dag.py took 0.375 seconds
[2026-09-06T03:57:53.277+0000] {processor.py:161} INFO - Started process (PID=30338) to work on /opt/airflow/dags/silver_processing_dag.py
[2026-09-06T03:57:53.280+0000] {processor.py:830} INFO - Processing file /opt/airflow/dags/silver_processing_dag.py for tasks to queue
[2026-09-06T03:57:53.285+0000] {logging_mixin.py:188} INFO - [2026-09-06T03:57:53.284+0000] {dagbag.py:545} INFO - Filling up the DagBag from /opt/airflow/dags/silver_processing_dag.py
[2026-09-06T03:57:53.343+0000] {processor.py:840} INFO - DAG(s) 'process_silver_layer' retrieved from /opt/airflow/dags/silver_processing_dag.py
[2026-09-06T03:57:53.414+0000] {logging_mixin.py:188} INFO - [2026-09-06T03:57:53.413+0000] {dag.py:3096} INFO - Sync 1 DAGs
[2026-09-06T03:57:53.462+0000] {logging_mixin.py:188} INFO - [2026-09-06T03:57:53.462+0000] {dag.py:3954} INFO - Setting next_dagrun for process_silver_layer to None, run_after=None
[2026-09-06T03:57:53.536+0000] {processor.py:183} INFO - Processing /opt/airflow/dags/silver_processing_dag.py took 0.283 seconds
[2026-09-06T03:58:24.551+0000] {processor.py:161} INFO - Started process (PID=30353) to work on /opt/airflow/dags/silver_processing_dag.py
[2026-09-06T03:58:24.556+0000] {processor.py:830} INFO - Processing file /opt/airflow/dags/silver_processing_dag.py for tasks to queue
[2026-09-06T03:58:24.565+0000] {logging_mixin.py:188} INFO - [2026-09-06T03:58:24.564+0000] {dagbag.py:545} INFO - Filling up the DagBag from /opt/airflow/dags/silver_processing_dag.py
[2026-09-06T03:58:24.623+0000] {processor.py:840} INFO - DAG(s) 'process_silver_layer' retrieved from /opt/airflow/dags/silver_processing_dag.py
[2026-09-06T03:58:24.694+0000] {logging_mixin.py:188} INFO - [2026-09-06T03:58:24.694+0000] {dag.py:3096} INFO - Sync 1 DAGs
[2026-09-06T03:58:24.740+0000] {logging_mixin.py:188} INFO - [2026-09-06T03:58:24.739+0000] {dag.py:3954} INFO - Setting next_dagrun for process_silver_layer to None, run_after=None
[2026-09-06T03:58:24.823+0000] {processor.py:183} INFO - Processing /opt/airflow/dags/silver_processing_dag.py took 0.335 seconds
[2026-09-06T03:58:55.263+0000] {processor.py:161} INFO - Started process (PID=30368) to work on /opt/airflow/dags/silver_processing_dag.py
[2026-09-06T03:58:55.267+0000] {processor.py:830} INFO - Processing file /opt/airflow/dags/silver_processing_dag.py for tasks to queue
[2026-09-06T03:58:55.277+0000] {logging_mixin.py:188} INFO - [2026-09-06T03:58:55.276+0000] {dagbag.py:545} INFO - Filling up the DagBag from /opt/airflow/dags/silver_processing_dag.py
[2026-09-06T03:58:55.339+0000] {processor.py:840} INFO - DAG(s) 'process_silver_layer' retrieved from /opt/airflow/dags/silver_processing_dag.py
[2026-09-06T03:58:55.442+0000] {logging_mixin.py:188} INFO - [2026-09-06T03:58:55.441+0000] {dag.py:3096} INFO - Sync 1 DAGs
[2026-09-06T03:58:55.541+0000] {logging_mixin.py:188} INFO - [2026-09-06T03:58:55.540+0000] {dag.py:3954} INFO - Setting next_dagrun for process_silver_layer to None, run_after=None
[2026-09-06T03:58:55.676+0000] {processor.py:183} INFO - Processing /opt/airflow/dags/silver_processing_dag.py took 0.440 seconds
[2026-09-06T03:59:25.951+0000] {processor.py:161} INFO - Started process (PID=30383) to work on /opt/airflow/dags/silver_processing_dag.py
[2026-09-06T03:59:25.957+0000] {processor.py:830} INFO - Processing file /opt/airflow/dags/silver_processing_dag.py for tasks to queue
[2026-09-06T03:59:25.966+0000] {logging_mixin.py:188} INFO - [2026-09-06T03:59:25.965+0000] {dagbag.py:545} INFO - Filling up the DagBag from /opt/airflow/dags/silver_processing_dag.py
[2026-09-06T03:59:26.022+0000] {processor.py:840} INFO - DAG(s) 'process_silver_layer' retrieved from /opt/airflow/dags/silver_processing_dag.py
[2026-09-06T03:59:26.095+0000] {logging_mixin.py:188} INFO - [2026-09-06T03:59:26.095+0000] {dag.py:3096} INFO - Sync 1 DAGs
[2026-09-06T03:59:26.164+0000] {logging_mixin.py:188} INFO - [2026-09-06T03:59:26.164+0000] {dag.py:3954} INFO - Setting next_dagrun for process_silver_layer to None, run_after=None
[2026-09-06T03:59:26.282+0000] {processor.py:183} INFO - Processing /opt/airflow/dags/silver_processing_dag.py took 0.357 seconds
[2026-09-06T03:59:56.882+0000] {processor.py:161} INFO - Started process (PID=30398) to work on /opt/airflow/dags/silver_processing_dag.py
[2026-09-06T03:59:56.887+0000] {processor.py:830} INFO - Processing file /opt/airflow/dags/silver_processing_dag.py for tasks to queue
[2026-09-06T03:59:56.905+0000] {logging_mixin.py:188} INFO - [2026-09-06T03:59:56.903+0000] {dagbag.py:545} INFO - Filling up the DagBag from /opt/airflow/dags/silver_processing_dag.py
[2026-09-06T03:59:57.219+0000] {processor.py:840} INFO - DAG(s) 'process_silver_layer' retrieved from /opt/airflow/dags/silver_processing_dag.py
[2026-09-06T03:59:57.420+0000] {logging_mixin.py:188} INFO - [2026-09-06T03:59:57.420+0000] {dag.py:3096} INFO - Sync 1 DAGs
[2026-09-06T03:59:57.500+0000] {logging_mixin.py:188} INFO - [2026-09-06T03:59:57.499+0000] {dag.py:3954} INFO - Setting next_dagrun for process_silver_layer to None, run_after=None
[2026-09-06T03:59:57.610+0000] {processor.py:183} INFO - Processing /opt/airflow/dags/silver_processing_dag.py took 0.772 seconds
[2026-09-06T04:00:28.477+0000] {processor.py:161} INFO - Started process (PID=30418) to work on /opt/airflow/dags/silver_processing_dag.py
[2026-09-06T04:00:28.492+0000] {processor.py:830} INFO - Processing file /opt/airflow/dags/silver_processing_dag.py for tasks to queue
[2026-09-06T04:00:28.509+0000] {logging_mixin.py:188} INFO - [2026-09-06T04:00:28.508+0000] {dagbag.py:545} INFO - Filling up the DagBag from /opt/airflow/dags/silver_processing_dag.py
[2026-09-06T04:00:29.073+0000] {processor.py:840} INFO - DAG(s) 'process_silver_layer' retrieved from /opt/airflow/dags/silver_processing_dag.py
[2026-09-06T04:00:29.247+0000] {logging_mixin.py:188} INFO - [2026-09-06T04:00:29.246+0000] {dag.py:3096} INFO - Sync 1 DAGs
[2026-09-06T04:00:29.401+0000] {logging_mixin.py:188} INFO - [2026-09-06T04:00:29.400+0000] {dag.py:3954} INFO - Setting next_dagrun for process_silver_layer to None, run_after=None
[2026-09-06T04:00:29.733+0000] {processor.py:183} INFO - Processing /opt/airflow/dags/silver_processing_dag.py took 1.306 seconds
[2026-09-06T04:01:00.129+0000] {processor.py:161} INFO - Started process (PID=30459) to work on /opt/airflow/dags/silver_processing_dag.py
[2026-09-06T04:01:00.134+0000] {processor.py:830} INFO - Processing file /opt/airflow/dags/silver_processing_dag.py for tasks to queue
[2026-09-06T04:01:00.143+0000] {logging_mixin.py:188} INFO - [2026-09-06T04:01:00.142+0000] {dagbag.py:545} INFO - Filling up the DagBag from /opt/airflow/dags/silver_processing_dag.py
[2026-09-06T04:01:00.323+0000] {processor.py:840} INFO - DAG(s) 'process_silver_layer' retrieved from /opt/airflow/dags/silver_processing_dag.py
[2026-09-06T04:01:00.487+0000] {logging_mixin.py:188} INFO - [2026-09-06T04:01:00.487+0000] {dag.py:3096} INFO - Sync 1 DAGs
[2026-09-06T04:01:00.593+0000] {logging_mixin.py:188} INFO - [2026-09-06T04:01:00.592+0000] {dag.py:3954} INFO - Setting next_dagrun for process_silver_layer to None, run_after=None
[2026-09-06T04:01:00.802+0000] {processor.py:183} INFO - Processing /opt/airflow/dags/silver_processing_dag.py took 0.709 seconds
[2026-09-06T04:01:31.592+0000] {processor.py:161} INFO - Started process (PID=30571) to work on /opt/airflow/dags/silver_processing_dag.py
[2026-09-06T04:01:31.596+0000] {processor.py:830} INFO - Processing file /opt/airflow/dags/silver_processing_dag.py for tasks to queue
[2026-09-06T04:01:31.615+0000] {logging_mixin.py:188} INFO - [2026-09-06T04:01:31.614+0000] {dagbag.py:545} INFO - Filling up the DagBag from /opt/airflow/dags/silver_processing_dag.py
[2026-09-06T04:01:31.795+0000] {processor.py:840} INFO - DAG(s) 'process_silver_layer' retrieved from /opt/airflow/dags/silver_processing_dag.py
[2026-09-06T04:01:32.294+0000] {logging_mixin.py:188} INFO - [2026-09-06T04:01:32.293+0000] {dag.py:3096} INFO - Sync 1 DAGs
[2026-09-06T04:01:32.418+0000] {logging_mixin.py:188} INFO - [2026-09-06T04:01:32.417+0000] {dag.py:3954} INFO - Setting next_dagrun for process_silver_layer to None, run_after=None
[2026-09-06T04:01:32.557+0000] {processor.py:183} INFO - Processing /opt/airflow/dags/silver_processing_dag.py took 1.016 seconds
[2026-09-06T04:02:04.008+0000] {processor.py:161} INFO - Started process (PID=30664) to work on /opt/airflow/dags/silver_processing_dag.py
[2026-09-06T04:02:04.028+0000] {processor.py:830} INFO - Processing file /opt/airflow/dags/silver_processing_dag.py for tasks to queue
[2026-09-06T04:02:04.142+0000] {logging_mixin.py:188} INFO - [2026-09-06T04:02:04.136+0000] {dagbag.py:545} INFO - Filling up the DagBag from /opt/airflow/dags/silver_processing_dag.py
[2026-09-06T04:02:05.205+0000] {processor.py:840} INFO - DAG(s) 'process_silver_layer' retrieved from /opt/airflow/dags/silver_processing_dag.py
[2026-09-06T04:02:05.613+0000] {logging_mixin.py:188} INFO - [2026-09-06T04:02:05.612+0000] {dag.py:3096} INFO - Sync 1 DAGs
[2026-09-06T04:02:06.134+0000] {logging_mixin.py:188} INFO - [2026-09-06T04:02:06.126+0000] {dag.py:3954} INFO - Setting next_dagrun for process_silver_layer to None, run_after=None
[2026-09-06T04:02:06.458+0000] {processor.py:183} INFO - Processing /opt/airflow/dags/silver_processing_dag.py took 2.766 seconds
[2026-09-06T04:02:37.446+0000] {processor.py:161} INFO - Started process (PID=30698) to work on /opt/airflow/dags/silver_processing_dag.py
[2026-09-06T04:02:37.497+0000] {processor.py:830} INFO - Processing file /opt/airflow/dags/silver_processing_dag.py for tasks to queue
[2026-09-06T04:02:37.555+0000] {logging_mixin.py:188} INFO - [2026-09-06T04:02:37.544+0000] {dagbag.py:545} INFO - Filling up the DagBag from /opt/airflow/dags/silver_processing_dag.py
[2026-09-06T04:02:38.418+0000] {processor.py:840} INFO - DAG(s) 'process_silver_layer' retrieved from /opt/airflow/dags/silver_processing_dag.py
[2026-09-06T04:02:38.937+0000] {logging_mixin.py:188} INFO - [2026-09-06T04:02:38.936+0000] {dag.py:3096} INFO - Sync 1 DAGs
[2026-09-06T04:02:39.341+0000] {logging_mixin.py:188} INFO - [2026-09-06T04:02:39.340+0000] {dag.py:3954} INFO - Setting next_dagrun for process_silver_layer to None, run_after=None
[2026-09-06T04:02:39.738+0000] {processor.py:183} INFO - Processing /opt/airflow/dags/silver_processing_dag.py took 2.495 seconds
[2026-09-06T04:03:10.710+0000] {processor.py:161} INFO - Started process (PID=30817) to work on /opt/airflow/dags/silver_processing_dag.py
[2026-09-06T04:03:10.715+0000] {processor.py:830} INFO - Processing file /opt/airflow/dags/silver_processing_dag.py for tasks to queue
[2026-09-06T04:03:10.724+0000] {logging_mixin.py:188} INFO - [2026-09-06T04:03:10.723+0000] {dagbag.py:545} INFO - Filling up the DagBag from /opt/airflow/dags/silver_processing_dag.py
[2026-09-06T04:03:10.858+0000] {processor.py:840} INFO - DAG(s) 'process_silver_layer' retrieved from /opt/airflow/dags/silver_processing_dag.py
[2026-09-06T04:03:10.990+0000] {logging_mixin.py:188} INFO - [2026-09-06T04:03:10.989+0000] {dag.py:3096} INFO - Sync 1 DAGs
[2026-09-06T04:03:11.041+0000] {logging_mixin.py:188} INFO - [2026-09-06T04:03:11.040+0000] {dag.py:3954} INFO - Setting next_dagrun for process_silver_layer to None, run_after=None
[2026-09-06T04:03:11.099+0000] {processor.py:183} INFO - Processing /opt/airflow/dags/silver_processing_dag.py took 0.415 seconds
[2026-09-06T04:03:41.884+0000] {processor.py:161} INFO - Started process (PID=30905) to work on /opt/airflow/dags/silver_processing_dag.py
[2026-09-06T04:03:41.893+0000] {processor.py:830} INFO - Processing file /opt/airflow/dags/silver_processing_dag.py for tasks to queue
[2026-09-06T04:03:41.910+0000] {logging_mixin.py:188} INFO - [2026-09-06T04:03:41.908+0000] {dagbag.py:545} INFO - Filling up the DagBag from /opt/airflow/dags/silver_processing_dag.py
[2026-09-06T04:03:42.099+0000] {processor.py:840} INFO - DAG(s) 'process_silver_layer' retrieved from /opt/airflow/dags/silver_processing_dag.py
[2026-09-06T04:03:42.280+0000] {logging_mixin.py:188} INFO - [2026-09-06T04:03:42.269+0000] {dag.py:3096} INFO - Sync 1 DAGs
[2026-09-06T04:03:42.369+0000] {logging_mixin.py:188} INFO - [2026-09-06T04:03:42.358+0000] {dag.py:3954} INFO - Setting next_dagrun for process_silver_layer to None, run_after=None
[2026-09-06T04:03:42.507+0000] {processor.py:183} INFO - Processing /opt/airflow/dags/silver_processing_dag.py took 0.675 seconds
[2026-09-06T04:04:13.782+0000] {processor.py:161} INFO - Started process (PID=30938) to work on /opt/airflow/dags/silver_processing_dag.py
[2026-09-06T04:04:13.793+0000] {processor.py:830} INFO - Processing file /opt/airflow/dags/silver_processing_dag.py for tasks to queue
[2026-09-06T04:04:13.810+0000] {logging_mixin.py:188} INFO - [2026-09-06T04:04:13.809+0000] {dagbag.py:545} INFO - Filling up the DagBag from /opt/airflow/dags/silver_processing_dag.py
[2026-09-06T04:04:14.002+0000] {processor.py:840} INFO - DAG(s) 'process_silver_layer' retrieved from /opt/airflow/dags/silver_processing_dag.py
[2026-09-06T04:04:14.258+0000] {logging_mixin.py:188} INFO - [2026-09-06T04:04:14.258+0000] {dag.py:3096} INFO - Sync 1 DAGs
[2026-09-06T04:04:14.376+0000] {logging_mixin.py:188} INFO - [2026-09-06T04:04:14.376+0000] {dag.py:3954} INFO - Setting next_dagrun for process_silver_layer to None, run_after=None
[2026-09-06T04:04:14.600+0000] {processor.py:183} INFO - Processing /opt/airflow/dags/silver_processing_dag.py took 0.895 seconds
[2026-09-06T04:04:45.034+0000] {processor.py:161} INFO - Started process (PID=30958) to work on /opt/airflow/dags/silver_processing_dag.py
[2026-09-06T04:04:45.037+0000] {processor.py:830} INFO - Processing file /opt/airflow/dags/silver_processing_dag.py for tasks to queue
[2026-09-06T04:04:45.044+0000] {logging_mixin.py:188} INFO - [2026-09-06T04:04:45.043+0000] {dagbag.py:545} INFO - Filling up the DagBag from /opt/airflow/dags/silver_processing_dag.py
[2026-09-06T04:04:45.153+0000] {processor.py:840} INFO - DAG(s) 'process_silver_layer' retrieved from /opt/airflow/dags/silver_processing_dag.py
[2026-09-06T04:04:45.268+0000] {logging_mixin.py:188} INFO - [2026-09-06T04:04:45.268+0000] {dag.py:3096} INFO - Sync 1 DAGs
[2026-09-06T04:04:45.331+0000] {logging_mixin.py:188} INFO - [2026-09-06T04:04:45.330+0000] {dag.py:3954} INFO - Setting next_dagrun for process_silver_layer to None, run_after=None
[2026-09-06T04:04:45.428+0000] {processor.py:183} INFO - Processing /opt/airflow/dags/silver_processing_dag.py took 0.419 seconds
[2026-09-06T04:05:16.510+0000] {processor.py:161} INFO - Started process (PID=31047) to work on /opt/airflow/dags/silver_processing_dag.py
[2026-09-06T04:05:16.525+0000] {processor.py:830} INFO - Processing file /opt/airflow/dags/silver_processing_dag.py for tasks to queue
[2026-09-06T04:05:16.542+0000] {logging_mixin.py:188} INFO - [2026-09-06T04:05:16.540+0000] {dagbag.py:545} INFO - Filling up the DagBag from /opt/airflow/dags/silver_processing_dag.py
[2026-09-06T04:05:16.723+0000] {processor.py:840} INFO - DAG(s) 'process_silver_layer' retrieved from /opt/airflow/dags/silver_processing_dag.py
[2026-09-06T04:05:16.878+0000] {logging_mixin.py:188} INFO - [2026-09-06T04:05:16.877+0000] {dag.py:3096} INFO - Sync 1 DAGs
[2026-09-06T04:05:16.978+0000] {logging_mixin.py:188} INFO - [2026-09-06T04:05:16.977+0000] {dag.py:3954} INFO - Setting next_dagrun for process_silver_layer to None, run_after=None
[2026-09-06T04:05:17.094+0000] {processor.py:183} INFO - Processing /opt/airflow/dags/silver_processing_dag.py took 0.640 seconds
[2026-09-06T04:05:47.648+0000] {processor.py:161} INFO - Started process (PID=31070) to work on /opt/airflow/dags/silver_processing_dag.py
[2026-09-06T04:05:47.679+0000] {processor.py:830} INFO - Processing file /opt/airflow/dags/silver_processing_dag.py for tasks to queue
[2026-09-06T04:05:47.728+0000] {logging_mixin.py:188} INFO - [2026-09-06T04:05:47.723+0000] {dagbag.py:545} INFO - Filling up the DagBag from /opt/airflow/dags/silver_processing_dag.py
[2026-09-06T04:05:48.976+0000] {processor.py:840} INFO - DAG(s) 'process_silver_layer' retrieved from /opt/airflow/dags/silver_processing_dag.py
[2026-09-06T04:05:49.241+0000] {logging_mixin.py:188} INFO - [2026-09-06T04:05:49.241+0000] {dag.py:3096} INFO - Sync 1 DAGs
[2026-09-06T04:05:49.540+0000] {logging_mixin.py:188} INFO - [2026-09-06T04:05:49.540+0000] {dag.py:3954} INFO - Setting next_dagrun for process_silver_layer to None, run_after=None
[2026-09-06T04:05:49.880+0000] {processor.py:183} INFO - Processing /opt/airflow/dags/silver_processing_dag.py took 2.253 seconds
[2026-09-06T04:06:20.636+0000] {processor.py:161} INFO - Started process (PID=31113) to work on /opt/airflow/dags/silver_processing_dag.py
[2026-09-06T04:06:20.643+0000] {processor.py:830} INFO - Processing file /opt/airflow/dags/silver_processing_dag.py for tasks to queue
[2026-09-06T04:06:20.658+0000] {logging_mixin.py:188} INFO - [2026-09-06T04:06:20.655+0000] {dagbag.py:545} INFO - Filling up the DagBag from /opt/airflow/dags/silver_processing_dag.py
[2026-09-06T04:06:20.971+0000] {processor.py:840} INFO - DAG(s) 'process_silver_layer' retrieved from /opt/airflow/dags/silver_processing_dag.py
[2026-09-06T04:06:21.141+0000] {logging_mixin.py:188} INFO - [2026-09-06T04:06:21.140+0000] {dag.py:3096} INFO - Sync 1 DAGs
[2026-09-06T04:06:21.225+0000] {logging_mixin.py:188} INFO - [2026-09-06T04:06:21.224+0000] {dag.py:3954} INFO - Setting next_dagrun for process_silver_layer to None, run_after=None
[2026-09-06T04:06:21.334+0000] {processor.py:183} INFO - Processing /opt/airflow/dags/silver_processing_dag.py took 0.747 seconds
[2026-09-06T04:06:51.983+0000] {processor.py:161} INFO - Started process (PID=31193) to work on /opt/airflow/dags/silver_processing_dag.py
[2026-09-06T04:06:51.988+0000] {processor.py:830} INFO - Processing file /opt/airflow/dags/silver_processing_dag.py for tasks to queue
[2026-09-06T04:06:51.995+0000] {logging_mixin.py:188} INFO - [2026-09-06T04:06:51.994+0000] {dagbag.py:545} INFO - Filling up the DagBag from /opt/airflow/dags/silver_processing_dag.py
[2026-09-06T04:06:52.145+0000] {processor.py:840} INFO - DAG(s) 'process_silver_layer' retrieved from /opt/airflow/dags/silver_processing_dag.py
[2026-09-06T04:06:52.315+0000] {logging_mixin.py:188} INFO - [2026-09-06T04:06:52.314+0000] {dag.py:3096} INFO - Sync 1 DAGs
[2026-09-06T04:06:52.451+0000] {logging_mixin.py:188} INFO - [2026-09-06T04:06:52.451+0000] {dag.py:3954} INFO - Setting next_dagrun for process_silver_layer to None, run_after=None
[2026-09-06T04:06:52.602+0000] {processor.py:183} INFO - Processing /opt/airflow/dags/silver_processing_dag.py took 0.654 seconds
[2026-09-06T04:07:23.866+0000] {processor.py:161} INFO - Started process (PID=31277) to work on /opt/airflow/dags/silver_processing_dag.py
[2026-09-06T04:07:23.871+0000] {processor.py:830} INFO - Processing file /opt/airflow/dags/silver_processing_dag.py for tasks to queue
[2026-09-06T04:07:23.893+0000] {logging_mixin.py:188} INFO - [2026-09-06T04:07:23.892+0000] {dagbag.py:545} INFO - Filling up the DagBag from /opt/airflow/dags/silver_processing_dag.py
[2026-09-06T04:07:24.091+0000] {processor.py:840} INFO - DAG(s) 'process_silver_layer' retrieved from /opt/airflow/dags/silver_processing_dag.py
[2026-09-06T04:07:24.250+0000] {logging_mixin.py:188} INFO - [2026-09-06T04:07:24.249+0000] {dag.py:3096} INFO - Sync 1 DAGs
[2026-09-06T04:07:24.412+0000] {logging_mixin.py:188} INFO - [2026-09-06T04:07:24.412+0000] {dag.py:3954} INFO - Setting next_dagrun for process_silver_layer to None, run_after=None
[2026-09-06T04:07:24.605+0000] {processor.py:183} INFO - Processing /opt/airflow/dags/silver_processing_dag.py took 0.794 seconds
[2026-09-06T04:07:55.421+0000] {processor.py:161} INFO - Started process (PID=31885) to work on /opt/airflow/dags/silver_processing_dag.py
[2026-09-06T04:07:55.433+0000] {processor.py:830} INFO - Processing file /opt/airflow/dags/silver_processing_dag.py for tasks to queue
[2026-09-06T04:07:55.459+0000] {logging_mixin.py:188} INFO - [2026-09-06T04:07:55.457+0000] {dagbag.py:545} INFO - Filling up the DagBag from /opt/airflow/dags/silver_processing_dag.py
[2026-09-06T04:07:55.586+0000] {processor.py:840} INFO - DAG(s) 'process_silver_layer' retrieved from /opt/airflow/dags/silver_processing_dag.py
[2026-09-06T04:07:55.678+0000] {logging_mixin.py:188} INFO - [2026-09-06T04:07:55.678+0000] {dag.py:3096} INFO - Sync 1 DAGs
[2026-09-06T04:07:55.755+0000] {logging_mixin.py:188} INFO - [2026-09-06T04:07:55.755+0000] {dag.py:3954} INFO - Setting next_dagrun for process_silver_layer to None, run_after=None
[2026-09-06T04:07:55.874+0000] {processor.py:183} INFO - Processing /opt/airflow/dags/silver_processing_dag.py took 0.481 seconds
[2026-09-06T04:08:27.742+0000] {processor.py:161} INFO - Started process (PID=31948) to work on /opt/airflow/dags/silver_processing_dag.py
[2026-09-06T04:08:27.754+0000] {processor.py:830} INFO - Processing file /opt/airflow/dags/silver_processing_dag.py for tasks to queue
[2026-09-06T04:08:27.769+0000] {logging_mixin.py:188} INFO - [2026-09-06T04:08:27.767+0000] {dagbag.py:545} INFO - Filling up the DagBag from /opt/airflow/dags/silver_processing_dag.py
[2026-09-06T04:08:27.835+0000] {processor.py:840} INFO - DAG(s) 'process_silver_layer' retrieved from /opt/airflow/dags/silver_processing_dag.py
[2026-09-06T04:08:27.902+0000] {logging_mixin.py:188} INFO - [2026-09-06T04:08:27.901+0000] {dag.py:3096} INFO - Sync 1 DAGs
[2026-09-06T04:08:27.951+0000] {logging_mixin.py:188} INFO - [2026-09-06T04:08:27.950+0000] {dag.py:3954} INFO - Setting next_dagrun for process_silver_layer to None, run_after=None
[2026-09-06T04:08:31.935+0000] {processor.py:183} INFO - Processing /opt/airflow/dags/silver_processing_dag.py took 4.282 seconds
[2026-09-06T04:09:02.402+0000] {processor.py:161} INFO - Started process (PID=32029) to work on /opt/airflow/dags/silver_processing_dag.py
[2026-09-06T04:09:02.409+0000] {processor.py:830} INFO - Processing file /opt/airflow/dags/silver_processing_dag.py for tasks to queue
[2026-09-06T04:09:02.437+0000] {logging_mixin.py:188} INFO - [2026-09-06T04:09:02.436+0000] {dagbag.py:545} INFO - Filling up the DagBag from /opt/airflow/dags/silver_processing_dag.py
[2026-09-06T04:09:02.662+0000] {processor.py:840} INFO - DAG(s) 'process_silver_layer' retrieved from /opt/airflow/dags/silver_processing_dag.py
[2026-09-06T04:09:02.822+0000] {logging_mixin.py:188} INFO - [2026-09-06T04:09:02.821+0000] {dag.py:3096} INFO - Sync 1 DAGs
[2026-09-06T04:09:02.908+0000] {logging_mixin.py:188} INFO - [2026-09-06T04:09:02.908+0000] {dag.py:3954} INFO - Setting next_dagrun for process_silver_layer to None, run_after=None
[2026-09-06T04:09:03.043+0000] {processor.py:183} INFO - Processing /opt/airflow/dags/silver_processing_dag.py took 0.684 seconds
[2026-09-06T04:09:33.452+0000] {processor.py:161} INFO - Started process (PID=32095) to work on /opt/airflow/dags/silver_processing_dag.py
[2026-09-06T04:09:33.456+0000] {processor.py:830} INFO - Processing file /opt/airflow/dags/silver_processing_dag.py for tasks to queue
[2026-09-06T04:09:33.472+0000] {logging_mixin.py:188} INFO - [2026-09-06T04:09:33.464+0000] {dagbag.py:545} INFO - Filling up the DagBag from /opt/airflow/dags/silver_processing_dag.py
[2026-09-06T04:09:33.561+0000] {processor.py:840} INFO - DAG(s) 'process_silver_layer' retrieved from /opt/airflow/dags/silver_processing_dag.py
[2026-09-06T04:09:33.658+0000] {logging_mixin.py:188} INFO - [2026-09-06T04:09:33.657+0000] {dag.py:3096} INFO - Sync 1 DAGs
[2026-09-06T04:09:33.717+0000] {logging_mixin.py:188} INFO - [2026-09-06T04:09:33.716+0000] {dag.py:3954} INFO - Setting next_dagrun for process_silver_layer to None, run_after=None
[2026-09-06T04:09:33.804+0000] {processor.py:183} INFO - Processing /opt/airflow/dags/silver_processing_dag.py took 0.377 seconds
[2026-09-06T04:10:04.415+0000] {processor.py:161} INFO - Started process (PID=32203) to work on /opt/airflow/dags/silver_processing_dag.py
[2026-09-06T04:10:04.419+0000] {processor.py:830} INFO - Processing file /opt/airflow/dags/silver_processing_dag.py for tasks to queue
[2026-09-06T04:10:04.430+0000] {logging_mixin.py:188} INFO - [2026-09-06T04:10:04.428+0000] {dagbag.py:545} INFO - Filling up the DagBag from /opt/airflow/dags/silver_processing_dag.py
[2026-09-06T04:10:04.500+0000] {processor.py:840} INFO - DAG(s) 'process_silver_layer' retrieved from /opt/airflow/dags/silver_processing_dag.py
[2026-09-06T04:10:04.584+0000] {logging_mixin.py:188} INFO - [2026-09-06T04:10:04.582+0000] {dag.py:3096} INFO - Sync 1 DAGs
[2026-09-06T04:10:04.631+0000] {logging_mixin.py:188} INFO - [2026-09-06T04:10:04.631+0000] {dag.py:3954} INFO - Setting next_dagrun for process_silver_layer to None, run_after=None
[2026-09-06T04:10:04.739+0000] {processor.py:183} INFO - Processing /opt/airflow/dags/silver_processing_dag.py took 0.362 seconds
[2026-09-06T04:10:34.899+0000] {processor.py:161} INFO - Started process (PID=32250) to work on /opt/airflow/dags/silver_processing_dag.py
[2026-09-06T04:10:34.903+0000] {processor.py:830} INFO - Processing file /opt/airflow/dags/silver_processing_dag.py for tasks to queue
[2026-09-06T04:10:34.909+0000] {logging_mixin.py:188} INFO - [2026-09-06T04:10:34.907+0000] {dagbag.py:545} INFO - Filling up the DagBag from /opt/airflow/dags/silver_processing_dag.py
[2026-09-06T04:10:34.958+0000] {processor.py:840} INFO - DAG(s) 'process_silver_layer' retrieved from /opt/airflow/dags/silver_processing_dag.py
[2026-09-06T04:10:35.018+0000] {logging_mixin.py:188} INFO - [2026-09-06T04:10:35.017+0000] {dag.py:3096} INFO - Sync 1 DAGs
[2026-09-06T04:10:35.053+0000] {logging_mixin.py:188} INFO - [2026-09-06T04:10:35.053+0000] {dag.py:3954} INFO - Setting next_dagrun for process_silver_layer to None, run_after=None
[2026-09-06T04:10:35.102+0000] {processor.py:183} INFO - Processing /opt/airflow/dags/silver_processing_dag.py took 0.219 seconds
[2026-09-06T04:11:06.238+0000] {processor.py:161} INFO - Started process (PID=32268) to work on /opt/airflow/dags/silver_processing_dag.py
[2026-09-06T04:11:06.241+0000] {processor.py:830} INFO - Processing file /opt/airflow/dags/silver_processing_dag.py for tasks to queue
[2026-09-06T04:11:06.256+0000] {logging_mixin.py:188} INFO - [2026-09-06T04:11:06.255+0000] {dagbag.py:545} INFO - Filling up the DagBag from /opt/airflow/dags/silver_processing_dag.py
[2026-09-06T04:11:06.329+0000] {processor.py:840} INFO - DAG(s) 'process_silver_layer' retrieved from /opt/airflow/dags/silver_processing_dag.py
[2026-09-06T04:11:06.433+0000] {logging_mixin.py:188} INFO - [2026-09-06T04:11:06.432+0000] {dag.py:3096} INFO - Sync 1 DAGs
[2026-09-06T04:11:06.515+0000] {logging_mixin.py:188} INFO - [2026-09-06T04:11:06.514+0000] {dag.py:3954} INFO - Setting next_dagrun for process_silver_layer to None, run_after=None
[2026-09-06T04:11:06.611+0000] {processor.py:183} INFO - Processing /opt/airflow/dags/silver_processing_dag.py took 0.424 seconds
[2026-09-06T04:11:37.333+0000] {processor.py:161} INFO - Started process (PID=32283) to work on /opt/airflow/dags/silver_processing_dag.py
[2026-09-06T04:11:37.337+0000] {processor.py:830} INFO - Processing file /opt/airflow/dags/silver_processing_dag.py for tasks to queue
[2026-09-06T04:11:37.353+0000] {logging_mixin.py:188} INFO - [2026-09-06T04:11:37.352+0000] {dagbag.py:545} INFO - Filling up the DagBag from /opt/airflow/dags/silver_processing_dag.py
[2026-09-06T04:11:37.469+0000] {processor.py:840} INFO - DAG(s) 'process_silver_layer' retrieved from /opt/airflow/dags/silver_processing_dag.py
[2026-09-06T04:11:37.552+0000] {logging_mixin.py:188} INFO - [2026-09-06T04:11:37.551+0000] {dag.py:3096} INFO - Sync 1 DAGs
[2026-09-06T04:11:37.616+0000] {logging_mixin.py:188} INFO - [2026-09-06T04:11:37.614+0000] {dag.py:3954} INFO - Setting next_dagrun for process_silver_layer to None, run_after=None
[2026-09-06T04:11:37.686+0000] {processor.py:183} INFO - Processing /opt/airflow/dags/silver_processing_dag.py took 0.387 seconds
[2026-09-06T04:12:08.549+0000] {processor.py:161} INFO - Started process (PID=32298) to work on /opt/airflow/dags/silver_processing_dag.py
[2026-09-06T04:12:08.555+0000] {processor.py:830} INFO - Processing file /opt/airflow/dags/silver_processing_dag.py for tasks to queue
[2026-09-06T04:12:08.576+0000] {logging_mixin.py:188} INFO - [2026-09-06T04:12:08.573+0000] {dagbag.py:545} INFO - Filling up the DagBag from /opt/airflow/dags/silver_processing_dag.py
[2026-09-06T04:12:08.702+0000] {processor.py:840} INFO - DAG(s) 'process_silver_layer' retrieved from /opt/airflow/dags/silver_processing_dag.py
[2026-09-06T04:12:08.768+0000] {logging_mixin.py:188} INFO - [2026-09-06T04:12:08.767+0000] {dag.py:3096} INFO - Sync 1 DAGs
[2026-09-06T04:12:08.809+0000] {logging_mixin.py:188} INFO - [2026-09-06T04:12:08.808+0000] {dag.py:3954} INFO - Setting next_dagrun for process_silver_layer to None, run_after=None
[2026-09-06T04:12:10.992+0000] {processor.py:183} INFO - Processing /opt/airflow/dags/silver_processing_dag.py took 2.479 seconds
[2026-09-06T04:12:41.934+0000] {processor.py:161} INFO - Started process (PID=32313) to work on /opt/airflow/dags/silver_processing_dag.py
[2026-09-06T04:12:41.938+0000] {processor.py:830} INFO - Processing file /opt/airflow/dags/silver_processing_dag.py for tasks to queue
[2026-09-06T04:12:41.949+0000] {logging_mixin.py:188} INFO - [2026-09-06T04:12:41.947+0000] {dagbag.py:545} INFO - Filling up the DagBag from /opt/airflow/dags/silver_processing_dag.py
[2026-09-06T04:12:42.006+0000] {processor.py:840} INFO - DAG(s) 'process_silver_layer' retrieved from /opt/airflow/dags/silver_processing_dag.py
[2026-09-06T04:12:42.084+0000] {logging_mixin.py:188} INFO - [2026-09-06T04:12:42.083+0000] {dag.py:3096} INFO - Sync 1 DAGs
[2026-09-06T04:12:42.133+0000] {logging_mixin.py:188} INFO - [2026-09-06T04:12:42.133+0000] {dag.py:3954} INFO - Setting next_dagrun for process_silver_layer to None, run_after=None
[2026-09-06T04:12:44.138+0000] {processor.py:183} INFO - Processing /opt/airflow/dags/silver_processing_dag.py took 2.228 seconds
[2026-09-06T04:13:14.778+0000] {processor.py:161} INFO - Started process (PID=32328) to work on /opt/airflow/dags/silver_processing_dag.py
[2026-09-06T04:13:14.790+0000] {processor.py:830} INFO - Processing file /opt/airflow/dags/silver_processing_dag.py for tasks to queue
[2026-09-06T04:13:14.811+0000] {logging_mixin.py:188} INFO - [2026-09-06T04:13:14.810+0000] {dagbag.py:545} INFO - Filling up the DagBag from /opt/airflow/dags/silver_processing_dag.py
[2026-09-06T04:13:14.910+0000] {processor.py:840} INFO - DAG(s) 'process_silver_layer' retrieved from /opt/airflow/dags/silver_processing_dag.py
[2026-09-06T04:13:15.055+0000] {logging_mixin.py:188} INFO - [2026-09-06T04:13:15.054+0000] {dag.py:3096} INFO - Sync 1 DAGs
[2026-09-06T04:13:15.137+0000] {logging_mixin.py:188} INFO - [2026-09-06T04:13:15.137+0000] {dag.py:3954} INFO - Setting next_dagrun for process_silver_layer to None, run_after=None
[2026-09-06T04:13:15.237+0000] {processor.py:183} INFO - Processing /opt/airflow/dags/silver_processing_dag.py took 0.493 seconds
[2026-09-06T04:13:45.475+0000] {processor.py:161} INFO - Started process (PID=32343) to work on /opt/airflow/dags/silver_processing_dag.py
[2026-09-06T04:13:45.478+0000] {processor.py:830} INFO - Processing file /opt/airflow/dags/silver_processing_dag.py for tasks to queue
[2026-09-06T04:13:45.486+0000] {logging_mixin.py:188} INFO - [2026-09-06T04:13:45.485+0000] {dagbag.py:545} INFO - Filling up the DagBag from /opt/airflow/dags/silver_processing_dag.py
[2026-09-06T04:13:45.590+0000] {processor.py:840} INFO - DAG(s) 'process_silver_layer' retrieved from /opt/airflow/dags/silver_processing_dag.py
[2026-09-06T04:13:45.688+0000] {logging_mixin.py:188} INFO - [2026-09-06T04:13:45.688+0000] {dag.py:3096} INFO - Sync 1 DAGs
[2026-09-06T04:13:45.750+0000] {logging_mixin.py:188} INFO - [2026-09-06T04:13:45.750+0000] {dag.py:3954} INFO - Setting next_dagrun for process_silver_layer to None, run_after=None
[2026-09-06T04:13:45.845+0000] {processor.py:183} INFO - Processing /opt/airflow/dags/silver_processing_dag.py took 0.395 seconds
[2026-09-06T04:14:16.311+0000] {processor.py:161} INFO - Started process (PID=32360) to work on /opt/airflow/dags/silver_processing_dag.py
[2026-09-06T04:14:16.315+0000] {processor.py:830} INFO - Processing file /opt/airflow/dags/silver_processing_dag.py for tasks to queue
[2026-09-06T04:14:16.322+0000] {logging_mixin.py:188} INFO - [2026-09-06T04:14:16.321+0000] {dagbag.py:545} INFO - Filling up the DagBag from /opt/airflow/dags/silver_processing_dag.py
[2026-09-06T04:14:16.384+0000] {processor.py:840} INFO - DAG(s) 'process_silver_layer' retrieved from /opt/airflow/dags/silver_processing_dag.py
[2026-09-06T04:14:16.435+0000] {logging_mixin.py:188} INFO - [2026-09-06T04:14:16.435+0000] {dag.py:3096} INFO - Sync 1 DAGs
[2026-09-06T04:14:16.472+0000] {logging_mixin.py:188} INFO - [2026-09-06T04:14:16.471+0000] {dag.py:3954} INFO - Setting next_dagrun for process_silver_layer to None, run_after=None
[2026-09-06T04:14:16.525+0000] {processor.py:183} INFO - Processing /opt/airflow/dags/silver_processing_dag.py took 0.230 seconds
[2026-09-06T04:14:46.718+0000] {processor.py:161} INFO - Started process (PID=32373) to work on /opt/airflow/dags/silver_processing_dag.py
[2026-09-06T04:14:46.721+0000] {processor.py:830} INFO - Processing file /opt/airflow/dags/silver_processing_dag.py for tasks to queue
[2026-09-06T04:14:46.731+0000] {logging_mixin.py:188} INFO - [2026-09-06T04:14:46.730+0000] {dagbag.py:545} INFO - Filling up the DagBag from /opt/airflow/dags/silver_processing_dag.py
[2026-09-06T04:14:46.809+0000] {processor.py:840} INFO - DAG(s) 'process_silver_layer' retrieved from /opt/airflow/dags/silver_processing_dag.py
[2026-09-06T04:14:46.893+0000] {logging_mixin.py:188} INFO - [2026-09-06T04:14:46.892+0000] {dag.py:3096} INFO - Sync 1 DAGs
[2026-09-06T04:14:46.945+0000] {logging_mixin.py:188} INFO - [2026-09-06T04:14:46.944+0000] {dag.py:3954} INFO - Setting next_dagrun for process_silver_layer to None, run_after=None
[2026-09-06T04:14:47.013+0000] {processor.py:183} INFO - Processing /opt/airflow/dags/silver_processing_dag.py took 0.328 seconds
[2026-09-06T04:15:17.180+0000] {processor.py:161} INFO - Started process (PID=32388) to work on /opt/airflow/dags/silver_processing_dag.py
[2026-09-06T04:15:17.198+0000] {processor.py:830} INFO - Processing file /opt/airflow/dags/silver_processing_dag.py for tasks to queue
[2026-09-06T04:15:17.213+0000] {logging_mixin.py:188} INFO - [2026-09-06T04:15:17.211+0000] {dagbag.py:545} INFO - Filling up the DagBag from /opt/airflow/dags/silver_processing_dag.py
[2026-09-06T04:15:17.306+0000] {processor.py:840} INFO - DAG(s) 'process_silver_layer' retrieved from /opt/airflow/dags/silver_processing_dag.py
[2026-09-06T04:15:17.429+0000] {logging_mixin.py:188} INFO - [2026-09-06T04:15:17.428+0000] {dag.py:3096} INFO - Sync 1 DAGs
[2026-09-06T04:15:17.506+0000] {logging_mixin.py:188} INFO - [2026-09-06T04:15:17.505+0000] {dag.py:3954} INFO - Setting next_dagrun for process_silver_layer to None, run_after=None
[2026-09-06T04:15:17.608+0000] {processor.py:183} INFO - Processing /opt/airflow/dags/silver_processing_dag.py took 0.461 seconds
[2026-09-06T04:15:48.364+0000] {processor.py:161} INFO - Started process (PID=32403) to work on /opt/airflow/dags/silver_processing_dag.py
[2026-09-06T04:15:48.367+0000] {processor.py:830} INFO - Processing file /opt/airflow/dags/silver_processing_dag.py for tasks to queue
[2026-09-06T04:15:48.383+0000] {logging_mixin.py:188} INFO - [2026-09-06T04:15:48.382+0000] {dagbag.py:545} INFO - Filling up the DagBag from /opt/airflow/dags/silver_processing_dag.py
[2026-09-06T04:15:48.462+0000] {processor.py:840} INFO - DAG(s) 'process_silver_layer' retrieved from /opt/airflow/dags/silver_processing_dag.py
[2026-09-06T04:15:48.610+0000] {logging_mixin.py:188} INFO - [2026-09-06T04:15:48.609+0000] {dag.py:3096} INFO - Sync 1 DAGs
[2026-09-06T04:15:48.712+0000] {logging_mixin.py:188} INFO - [2026-09-06T04:15:48.711+0000] {dag.py:3954} INFO - Setting next_dagrun for process_silver_layer to None, run_after=None
[2026-09-06T04:15:48.834+0000] {processor.py:183} INFO - Processing /opt/airflow/dags/silver_processing_dag.py took 0.525 seconds
[2026-09-06T04:16:19.190+0000] {processor.py:161} INFO - Started process (PID=32420) to work on /opt/airflow/dags/silver_processing_dag.py
[2026-09-06T04:16:19.192+0000] {processor.py:830} INFO - Processing file /opt/airflow/dags/silver_processing_dag.py for tasks to queue
[2026-09-06T04:16:19.198+0000] {logging_mixin.py:188} INFO - [2026-09-06T04:16:19.197+0000] {dagbag.py:545} INFO - Filling up the DagBag from /opt/airflow/dags/silver_processing_dag.py
[2026-09-06T04:16:19.249+0000] {processor.py:840} INFO - DAG(s) 'process_silver_layer' retrieved from /opt/airflow/dags/silver_processing_dag.py
[2026-09-06T04:16:19.303+0000] {logging_mixin.py:188} INFO - [2026-09-06T04:16:19.302+0000] {dag.py:3096} INFO - Sync 1 DAGs
[2026-09-06T04:16:19.342+0000] {logging_mixin.py:188} INFO - [2026-09-06T04:16:19.341+0000] {dag.py:3954} INFO - Setting next_dagrun for process_silver_layer to None, run_after=None
[2026-09-06T04:16:19.396+0000] {processor.py:183} INFO - Processing /opt/airflow/dags/silver_processing_dag.py took 0.224 seconds
[2026-09-06T04:16:50.006+0000] {processor.py:161} INFO - Started process (PID=32433) to work on /opt/airflow/dags/silver_processing_dag.py
[2026-09-06T04:16:50.012+0000] {processor.py:830} INFO - Processing file /opt/airflow/dags/silver_processing_dag.py for tasks to queue
[2026-09-06T04:16:50.021+0000] {logging_mixin.py:188} INFO - [2026-09-06T04:16:50.019+0000] {dagbag.py:545} INFO - Filling up the DagBag from /opt/airflow/dags/silver_processing_dag.py
[2026-09-06T04:16:50.189+0000] {processor.py:840} INFO - DAG(s) 'process_silver_layer' retrieved from /opt/airflow/dags/silver_processing_dag.py
[2026-09-06T04:16:50.301+0000] {logging_mixin.py:188} INFO - [2026-09-06T04:16:50.300+0000] {dag.py:3096} INFO - Sync 1 DAGs
[2026-09-06T04:16:50.352+0000] {logging_mixin.py:188} INFO - [2026-09-06T04:16:50.351+0000] {dag.py:3954} INFO - Setting next_dagrun for process_silver_layer to None, run_after=None
[2026-09-06T04:16:50.425+0000] {processor.py:183} INFO - Processing /opt/airflow/dags/silver_processing_dag.py took 0.449 seconds
[2026-09-06T04:17:21.055+0000] {processor.py:161} INFO - Started process (PID=32448) to work on /opt/airflow/dags/silver_processing_dag.py
[2026-09-06T04:17:21.062+0000] {processor.py:830} INFO - Processing file /opt/airflow/dags/silver_processing_dag.py for tasks to queue
[2026-09-06T04:17:21.069+0000] {logging_mixin.py:188} INFO - [2026-09-06T04:17:21.068+0000] {dagbag.py:545} INFO - Filling up the DagBag from /opt/airflow/dags/silver_processing_dag.py
[2026-09-06T04:17:21.168+0000] {processor.py:840} INFO - DAG(s) 'process_silver_layer' retrieved from /opt/airflow/dags/silver_processing_dag.py
[2026-09-06T04:17:21.254+0000] {logging_mixin.py:188} INFO - [2026-09-06T04:17:21.253+0000] {dag.py:3096} INFO - Sync 1 DAGs
[2026-09-06T04:17:21.330+0000] {logging_mixin.py:188} INFO - [2026-09-06T04:17:21.330+0000] {dag.py:3954} INFO - Setting next_dagrun for process_silver_layer to None, run_after=None
[2026-09-06T04:17:21.473+0000] {processor.py:183} INFO - Processing /opt/airflow/dags/silver_processing_dag.py took 0.453 seconds
[2026-09-06T04:17:52.099+0000] {processor.py:161} INFO - Started process (PID=32463) to work on /opt/airflow/dags/silver_processing_dag.py
[2026-09-06T04:17:52.133+0000] {processor.py:830} INFO - Processing file /opt/airflow/dags/silver_processing_dag.py for tasks to queue
[2026-09-06T04:17:52.151+0000] {logging_mixin.py:188} INFO - [2026-09-06T04:17:52.150+0000] {dagbag.py:545} INFO - Filling up the DagBag from /opt/airflow/dags/silver_processing_dag.py
[2026-09-06T04:17:52.258+0000] {processor.py:840} INFO - DAG(s) 'process_silver_layer' retrieved from /opt/airflow/dags/silver_processing_dag.py
[2026-09-06T04:17:52.396+0000] {logging_mixin.py:188} INFO - [2026-09-06T04:17:52.396+0000] {dag.py:3096} INFO - Sync 1 DAGs
[2026-09-06T04:17:52.467+0000] {logging_mixin.py:188} INFO - [2026-09-06T04:17:52.467+0000] {dag.py:3954} INFO - Setting next_dagrun for process_silver_layer to None, run_after=None
[2026-09-06T04:17:52.590+0000] {processor.py:183} INFO - Processing /opt/airflow/dags/silver_processing_dag.py took 0.522 seconds
[2026-09-06T04:18:23.179+0000] {processor.py:161} INFO - Started process (PID=32478) to work on /opt/airflow/dags/silver_processing_dag.py
[2026-09-06T04:18:23.182+0000] {processor.py:830} INFO - Processing file /opt/airflow/dags/silver_processing_dag.py for tasks to queue
[2026-09-06T04:18:23.197+0000] {logging_mixin.py:188} INFO - [2026-09-06T04:18:23.196+0000] {dagbag.py:545} INFO - Filling up the DagBag from /opt/airflow/dags/silver_processing_dag.py
[2026-09-06T04:18:23.289+0000] {processor.py:840} INFO - DAG(s) 'process_silver_layer' retrieved from /opt/airflow/dags/silver_processing_dag.py
[2026-09-06T04:18:23.362+0000] {logging_mixin.py:188} INFO - [2026-09-06T04:18:23.362+0000] {dag.py:3096} INFO - Sync 1 DAGs
[2026-09-06T04:18:23.424+0000] {logging_mixin.py:188} INFO - [2026-09-06T04:18:23.423+0000] {dag.py:3954} INFO - Setting next_dagrun for process_silver_layer to None, run_after=None
[2026-09-06T04:18:23.495+0000] {processor.py:183} INFO - Processing /opt/airflow/dags/silver_processing_dag.py took 0.348 seconds
[2026-09-06T04:18:53.782+0000] {processor.py:161} INFO - Started process (PID=32493) to work on /opt/airflow/dags/silver_processing_dag.py
[2026-09-06T04:18:53.785+0000] {processor.py:830} INFO - Processing file /opt/airflow/dags/silver_processing_dag.py for tasks to queue
[2026-09-06T04:18:53.798+0000] {logging_mixin.py:188} INFO - [2026-09-06T04:18:53.797+0000] {dagbag.py:545} INFO - Filling up the DagBag from /opt/airflow/dags/silver_processing_dag.py
[2026-09-06T04:18:53.863+0000] {processor.py:840} INFO - DAG(s) 'process_silver_layer' retrieved from /opt/airflow/dags/silver_processing_dag.py
[2026-09-06T04:18:53.976+0000] {logging_mixin.py:188} INFO - [2026-09-06T04:18:53.976+0000] {dag.py:3096} INFO - Sync 1 DAGs
[2026-09-06T04:18:54.038+0000] {logging_mixin.py:188} INFO - [2026-09-06T04:18:54.037+0000] {dag.py:3954} INFO - Setting next_dagrun for process_silver_layer to None, run_after=None
[2026-09-06T04:18:54.180+0000] {processor.py:183} INFO - Processing /opt/airflow/dags/silver_processing_dag.py took 0.421 seconds
[2026-09-06T04:19:24.681+0000] {processor.py:161} INFO - Started process (PID=32508) to work on /opt/airflow/dags/silver_processing_dag.py
[2026-09-06T04:19:24.686+0000] {processor.py:830} INFO - Processing file /opt/airflow/dags/silver_processing_dag.py for tasks to queue
[2026-09-06T04:19:24.698+0000] {logging_mixin.py:188} INFO - [2026-09-06T04:19:24.697+0000] {dagbag.py:545} INFO - Filling up the DagBag from /opt/airflow/dags/silver_processing_dag.py
[2026-09-06T04:19:24.772+0000] {processor.py:840} INFO - DAG(s) 'process_silver_layer' retrieved from /opt/airflow/dags/silver_processing_dag.py
[2026-09-06T04:19:24.846+0000] {logging_mixin.py:188} INFO - [2026-09-06T04:19:24.845+0000] {dag.py:3096} INFO - Sync 1 DAGs
[2026-09-06T04:19:24.907+0000] {logging_mixin.py:188} INFO - [2026-09-06T04:19:24.907+0000] {dag.py:3954} INFO - Setting next_dagrun for process_silver_layer to None, run_after=None
[2026-09-06T04:19:24.984+0000] {processor.py:183} INFO - Processing /opt/airflow/dags/silver_processing_dag.py took 0.324 seconds
[2026-09-06T04:19:55.576+0000] {processor.py:161} INFO - Started process (PID=32523) to work on /opt/airflow/dags/silver_processing_dag.py
[2026-09-06T04:19:55.580+0000] {processor.py:830} INFO - Processing file /opt/airflow/dags/silver_processing_dag.py for tasks to queue
[2026-09-06T04:19:55.594+0000] {logging_mixin.py:188} INFO - [2026-09-06T04:19:55.586+0000] {dagbag.py:545} INFO - Filling up the DagBag from /opt/airflow/dags/silver_processing_dag.py
[2026-09-06T04:19:55.760+0000] {processor.py:840} INFO - DAG(s) 'process_silver_layer' retrieved from /opt/airflow/dags/silver_processing_dag.py
[2026-09-06T04:19:55.853+0000] {logging_mixin.py:188} INFO - [2026-09-06T04:19:55.853+0000] {dag.py:3096} INFO - Sync 1 DAGs
[2026-09-06T04:19:55.916+0000] {logging_mixin.py:188} INFO - [2026-09-06T04:19:55.916+0000] {dag.py:3954} INFO - Setting next_dagrun for process_silver_layer to None, run_after=None
[2026-09-06T04:19:55.979+0000] {processor.py:183} INFO - Processing /opt/airflow/dags/silver_processing_dag.py took 0.440 seconds
[2026-09-06T04:20:26.466+0000] {processor.py:161} INFO - Started process (PID=32538) to work on /opt/airflow/dags/silver_processing_dag.py
[2026-09-06T04:20:26.471+0000] {processor.py:830} INFO - Processing file /opt/airflow/dags/silver_processing_dag.py for tasks to queue
[2026-09-06T04:20:26.478+0000] {logging_mixin.py:188} INFO - [2026-09-06T04:20:26.477+0000] {dagbag.py:545} INFO - Filling up the DagBag from /opt/airflow/dags/silver_processing_dag.py
[2026-09-06T04:20:26.558+0000] {processor.py:840} INFO - DAG(s) 'process_silver_layer' retrieved from /opt/airflow/dags/silver_processing_dag.py
[2026-09-06T04:20:26.655+0000] {logging_mixin.py:188} INFO - [2026-09-06T04:20:26.654+0000] {dag.py:3096} INFO - Sync 1 DAGs
[2026-09-06T04:20:26.721+0000] {logging_mixin.py:188} INFO - [2026-09-06T04:20:26.720+0000] {dag.py:3954} INFO - Setting next_dagrun for process_silver_layer to None, run_after=None
[2026-09-06T04:20:26.817+0000] {processor.py:183} INFO - Processing /opt/airflow/dags/silver_processing_dag.py took 0.368 seconds
[2026-09-06T04:20:57.449+0000] {processor.py:161} INFO - Started process (PID=32553) to work on /opt/airflow/dags/silver_processing_dag.py
[2026-09-06T04:20:57.452+0000] {processor.py:830} INFO - Processing file /opt/airflow/dags/silver_processing_dag.py for tasks to queue
[2026-09-06T04:20:57.461+0000] {logging_mixin.py:188} INFO - [2026-09-06T04:20:57.460+0000] {dagbag.py:545} INFO - Filling up the DagBag from /opt/airflow/dags/silver_processing_dag.py
[2026-09-06T04:20:57.538+0000] {processor.py:840} INFO - DAG(s) 'process_silver_layer' retrieved from /opt/airflow/dags/silver_processing_dag.py
[2026-09-06T04:20:57.637+0000] {logging_mixin.py:188} INFO - [2026-09-06T04:20:57.637+0000] {dag.py:3096} INFO - Sync 1 DAGs
[2026-09-06T04:20:57.684+0000] {logging_mixin.py:188} INFO - [2026-09-06T04:20:57.682+0000] {dag.py:3954} INFO - Setting next_dagrun for process_silver_layer to None, run_after=None
[2026-09-06T04:20:57.763+0000] {processor.py:183} INFO - Processing /opt/airflow/dags/silver_processing_dag.py took 0.340 seconds
[2026-09-06T04:21:28.330+0000] {processor.py:161} INFO - Started process (PID=32568) to work on /opt/airflow/dags/silver_processing_dag.py
[2026-09-06T04:21:28.334+0000] {processor.py:830} INFO - Processing file /opt/airflow/dags/silver_processing_dag.py for tasks to queue
[2026-09-06T04:21:28.350+0000] {logging_mixin.py:188} INFO - [2026-09-06T04:21:28.349+0000] {dagbag.py:545} INFO - Filling up the DagBag from /opt/airflow/dags/silver_processing_dag.py
[2026-09-06T04:21:28.412+0000] {processor.py:840} INFO - DAG(s) 'process_silver_layer' retrieved from /opt/airflow/dags/silver_processing_dag.py
[2026-09-06T04:21:28.491+0000] {logging_mixin.py:188} INFO - [2026-09-06T04:21:28.490+0000] {dag.py:3096} INFO - Sync 1 DAGs
[2026-09-06T04:21:28.537+0000] {logging_mixin.py:188} INFO - [2026-09-06T04:21:28.537+0000] {dag.py:3954} INFO - Setting next_dagrun for process_silver_layer to None, run_after=None
[2026-09-06T04:21:28.607+0000] {processor.py:183} INFO - Processing /opt/airflow/dags/silver_processing_dag.py took 0.299 seconds
[2026-09-06T04:21:59.307+0000] {processor.py:161} INFO - Started process (PID=32583) to work on /opt/airflow/dags/silver_processing_dag.py
[2026-09-06T04:21:59.312+0000] {processor.py:830} INFO - Processing file /opt/airflow/dags/silver_processing_dag.py for tasks to queue
[2026-09-06T04:21:59.324+0000] {logging_mixin.py:188} INFO - [2026-09-06T04:21:59.323+0000] {dagbag.py:545} INFO - Filling up the DagBag from /opt/airflow/dags/silver_processing_dag.py
[2026-09-06T04:21:59.408+0000] {processor.py:840} INFO - DAG(s) 'process_silver_layer' retrieved from /opt/airflow/dags/silver_processing_dag.py
[2026-09-06T04:21:59.545+0000] {logging_mixin.py:188} INFO - [2026-09-06T04:21:59.545+0000] {dag.py:3096} INFO - Sync 1 DAGs
[2026-09-06T04:21:59.653+0000] {logging_mixin.py:188} INFO - [2026-09-06T04:21:59.652+0000] {dag.py:3954} INFO - Setting next_dagrun for process_silver_layer to None, run_after=None
[2026-09-06T04:21:59.785+0000] {processor.py:183} INFO - Processing /opt/airflow/dags/silver_processing_dag.py took 0.502 seconds
[2026-09-06T04:22:30.583+0000] {processor.py:161} INFO - Started process (PID=32598) to work on /opt/airflow/dags/silver_processing_dag.py
[2026-09-06T04:22:30.589+0000] {processor.py:830} INFO - Processing file /opt/airflow/dags/silver_processing_dag.py for tasks to queue
[2026-09-06T04:22:30.623+0000] {logging_mixin.py:188} INFO - [2026-09-06T04:22:30.621+0000] {dagbag.py:545} INFO - Filling up the DagBag from /opt/airflow/dags/silver_processing_dag.py
[2026-09-06T04:22:30.736+0000] {processor.py:840} INFO - DAG(s) 'process_silver_layer' retrieved from /opt/airflow/dags/silver_processing_dag.py
[2026-09-06T04:22:30.818+0000] {logging_mixin.py:188} INFO - [2026-09-06T04:22:30.817+0000] {dag.py:3096} INFO - Sync 1 DAGs
[2026-09-06T04:22:30.867+0000] {logging_mixin.py:188} INFO - [2026-09-06T04:22:30.866+0000] {dag.py:3954} INFO - Setting next_dagrun for process_silver_layer to None, run_after=None
[2026-09-06T04:22:30.950+0000] {processor.py:183} INFO - Processing /opt/airflow/dags/silver_processing_dag.py took 0.408 seconds
[2026-09-06T04:23:01.428+0000] {processor.py:161} INFO - Started process (PID=32613) to work on /opt/airflow/dags/silver_processing_dag.py
[2026-09-06T04:23:01.432+0000] {processor.py:830} INFO - Processing file /opt/airflow/dags/silver_processing_dag.py for tasks to queue
[2026-09-06T04:23:01.441+0000] {logging_mixin.py:188} INFO - [2026-09-06T04:23:01.440+0000] {dagbag.py:545} INFO - Filling up the DagBag from /opt/airflow/dags/silver_processing_dag.py
[2026-09-06T04:23:01.517+0000] {processor.py:840} INFO - DAG(s) 'process_silver_layer' retrieved from /opt/airflow/dags/silver_processing_dag.py
[2026-09-06T04:23:01.595+0000] {logging_mixin.py:188} INFO - [2026-09-06T04:23:01.594+0000] {dag.py:3096} INFO - Sync 1 DAGs
[2026-09-06T04:23:01.653+0000] {logging_mixin.py:188} INFO - [2026-09-06T04:23:01.653+0000] {dag.py:3954} INFO - Setting next_dagrun for process_silver_layer to None, run_after=None
[2026-09-06T04:23:01.736+0000] {processor.py:183} INFO - Processing /opt/airflow/dags/silver_processing_dag.py took 0.337 seconds
[2026-09-06T04:23:32.298+0000] {processor.py:161} INFO - Started process (PID=32628) to work on /opt/airflow/dags/silver_processing_dag.py
[2026-09-06T04:23:32.311+0000] {processor.py:830} INFO - Processing file /opt/airflow/dags/silver_processing_dag.py for tasks to queue
[2026-09-06T04:23:32.327+0000] {logging_mixin.py:188} INFO - [2026-09-06T04:23:32.326+0000] {dagbag.py:545} INFO - Filling up the DagBag from /opt/airflow/dags/silver_processing_dag.py
[2026-09-06T04:23:32.426+0000] {processor.py:840} INFO - DAG(s) 'process_silver_layer' retrieved from /opt/airflow/dags/silver_processing_dag.py
[2026-09-06T04:23:32.589+0000] {logging_mixin.py:188} INFO - [2026-09-06T04:23:32.583+0000] {dag.py:3096} INFO - Sync 1 DAGs
[2026-09-06T04:23:32.756+0000] {logging_mixin.py:188} INFO - [2026-09-06T04:23:32.755+0000] {dag.py:3954} INFO - Setting next_dagrun for process_silver_layer to None, run_after=None
[2026-09-06T04:23:32.915+0000] {processor.py:183} INFO - Processing /opt/airflow/dags/silver_processing_dag.py took 0.671 seconds
[2026-09-06T04:24:03.553+0000] {processor.py:161} INFO - Started process (PID=32643) to work on /opt/airflow/dags/silver_processing_dag.py
[2026-09-06T04:24:03.556+0000] {processor.py:830} INFO - Processing file /opt/airflow/dags/silver_processing_dag.py for tasks to queue
[2026-09-06T04:24:03.563+0000] {logging_mixin.py:188} INFO - [2026-09-06T04:24:03.562+0000] {dagbag.py:545} INFO - Filling up the DagBag from /opt/airflow/dags/silver_processing_dag.py
[2026-09-06T04:24:03.636+0000] {processor.py:840} INFO - DAG(s) 'process_silver_layer' retrieved from /opt/airflow/dags/silver_processing_dag.py
[2026-09-06T04:24:03.700+0000] {logging_mixin.py:188} INFO - [2026-09-06T04:24:03.700+0000] {dag.py:3096} INFO - Sync 1 DAGs
[2026-09-06T04:24:03.754+0000] {logging_mixin.py:188} INFO - [2026-09-06T04:24:03.754+0000] {dag.py:3954} INFO - Setting next_dagrun for process_silver_layer to None, run_after=None
[2026-09-06T04:24:03.833+0000] {processor.py:183} INFO - Processing /opt/airflow/dags/silver_processing_dag.py took 0.310 seconds
[2026-09-06T04:24:34.401+0000] {processor.py:161} INFO - Started process (PID=32658) to work on /opt/airflow/dags/silver_processing_dag.py
[2026-09-06T04:24:34.409+0000] {processor.py:830} INFO - Processing file /opt/airflow/dags/silver_processing_dag.py for tasks to queue
[2026-09-06T04:24:34.455+0000] {logging_mixin.py:188} INFO - [2026-09-06T04:24:34.449+0000] {dagbag.py:545} INFO - Filling up the DagBag from /opt/airflow/dags/silver_processing_dag.py
[2026-09-06T04:24:34.530+0000] {processor.py:840} INFO - DAG(s) 'process_silver_layer' retrieved from /opt/airflow/dags/silver_processing_dag.py
[2026-09-06T04:24:34.617+0000] {logging_mixin.py:188} INFO - [2026-09-06T04:24:34.616+0000] {dag.py:3096} INFO - Sync 1 DAGs
[2026-09-06T04:24:34.665+0000] {logging_mixin.py:188} INFO - [2026-09-06T04:24:34.664+0000] {dag.py:3954} INFO - Setting next_dagrun for process_silver_layer to None, run_after=None
[2026-09-06T04:24:34.731+0000] {processor.py:183} INFO - Processing /opt/airflow/dags/silver_processing_dag.py took 0.369 seconds
[2026-09-06T04:25:05.212+0000] {processor.py:161} INFO - Started process (PID=32673) to work on /opt/airflow/dags/silver_processing_dag.py
[2026-09-06T04:25:05.216+0000] {processor.py:830} INFO - Processing file /opt/airflow/dags/silver_processing_dag.py for tasks to queue
[2026-09-06T04:25:05.222+0000] {logging_mixin.py:188} INFO - [2026-09-06T04:25:05.221+0000] {dagbag.py:545} INFO - Filling up the DagBag from /opt/airflow/dags/silver_processing_dag.py
[2026-09-06T04:25:05.292+0000] {processor.py:840} INFO - DAG(s) 'process_silver_layer' retrieved from /opt/airflow/dags/silver_processing_dag.py
[2026-09-06T04:25:05.364+0000] {logging_mixin.py:188} INFO - [2026-09-06T04:25:05.363+0000] {dag.py:3096} INFO - Sync 1 DAGs
[2026-09-06T04:25:05.444+0000] {logging_mixin.py:188} INFO - [2026-09-06T04:25:05.444+0000] {dag.py:3954} INFO - Setting next_dagrun for process_silver_layer to None, run_after=None
[2026-09-06T04:25:05.537+0000] {processor.py:183} INFO - Processing /opt/airflow/dags/silver_processing_dag.py took 0.351 seconds
[2026-09-06T04:25:36.002+0000] {processor.py:161} INFO - Started process (PID=32688) to work on /opt/airflow/dags/silver_processing_dag.py
[2026-09-06T04:25:36.007+0000] {processor.py:830} INFO - Processing file /opt/airflow/dags/silver_processing_dag.py for tasks to queue
[2026-09-06T04:25:36.018+0000] {logging_mixin.py:188} INFO - [2026-09-06T04:25:36.015+0000] {dagbag.py:545} INFO - Filling up the DagBag from /opt/airflow/dags/silver_processing_dag.py
[2026-09-06T04:25:36.068+0000] {processor.py:840} INFO - DAG(s) 'process_silver_layer' retrieved from /opt/airflow/dags/silver_processing_dag.py
[2026-09-06T04:25:36.157+0000] {logging_mixin.py:188} INFO - [2026-09-06T04:25:36.156+0000] {dag.py:3096} INFO - Sync 1 DAGs
[2026-09-06T04:25:36.226+0000] {logging_mixin.py:188} INFO - [2026-09-06T04:25:36.225+0000] {dag.py:3954} INFO - Setting next_dagrun for process_silver_layer to None, run_after=None
[2026-09-06T04:25:36.338+0000] {processor.py:183} INFO - Processing /opt/airflow/dags/silver_processing_dag.py took 0.358 seconds
[2026-09-06T04:26:06.828+0000] {processor.py:161} INFO - Started process (PID=32703) to work on /opt/airflow/dags/silver_processing_dag.py
[2026-09-06T04:26:06.831+0000] {processor.py:830} INFO - Processing file /opt/airflow/dags/silver_processing_dag.py for tasks to queue
[2026-09-06T04:26:06.841+0000] {logging_mixin.py:188} INFO - [2026-09-06T04:26:06.840+0000] {dagbag.py:545} INFO - Filling up the DagBag from /opt/airflow/dags/silver_processing_dag.py
[2026-09-06T04:26:06.897+0000] {processor.py:840} INFO - DAG(s) 'process_silver_layer' retrieved from /opt/airflow/dags/silver_processing_dag.py
[2026-09-06T04:26:07.016+0000] {logging_mixin.py:188} INFO - [2026-09-06T04:26:07.015+0000] {dag.py:3096} INFO - Sync 1 DAGs
[2026-09-06T04:26:07.101+0000] {logging_mixin.py:188} INFO - [2026-09-06T04:26:07.101+0000] {dag.py:3954} INFO - Setting next_dagrun for process_silver_layer to None, run_after=None
[2026-09-06T04:26:07.180+0000] {processor.py:183} INFO - Processing /opt/airflow/dags/silver_processing_dag.py took 0.376 seconds
[2026-09-06T04:26:37.816+0000] {processor.py:161} INFO - Started process (PID=32718) to work on /opt/airflow/dags/silver_processing_dag.py
[2026-09-06T04:26:37.828+0000] {processor.py:830} INFO - Processing file /opt/airflow/dags/silver_processing_dag.py for tasks to queue
[2026-09-06T04:26:37.844+0000] {logging_mixin.py:188} INFO - [2026-09-06T04:26:37.843+0000] {dagbag.py:545} INFO - Filling up the DagBag from /opt/airflow/dags/silver_processing_dag.py
[2026-09-06T04:26:37.950+0000] {processor.py:840} INFO - DAG(s) 'process_silver_layer' retrieved from /opt/airflow/dags/silver_processing_dag.py
[2026-09-06T04:26:38.085+0000] {logging_mixin.py:188} INFO - [2026-09-06T04:26:38.085+0000] {dag.py:3096} INFO - Sync 1 DAGs
[2026-09-06T04:26:38.179+0000] {logging_mixin.py:188} INFO - [2026-09-06T04:26:38.179+0000] {dag.py:3954} INFO - Setting next_dagrun for process_silver_layer to None, run_after=None
[2026-09-06T04:26:38.305+0000] {processor.py:183} INFO - Processing /opt/airflow/dags/silver_processing_dag.py took 0.530 seconds
[2026-09-06T04:27:08.464+0000] {processor.py:161} INFO - Started process (PID=32730) to work on /opt/airflow/dags/silver_processing_dag.py
[2026-09-06T04:27:08.467+0000] {processor.py:830} INFO - Processing file /opt/airflow/dags/silver_processing_dag.py for tasks to queue
[2026-09-06T04:27:08.472+0000] {logging_mixin.py:188} INFO - [2026-09-06T04:27:08.471+0000] {dagbag.py:545} INFO - Filling up the DagBag from /opt/airflow/dags/silver_processing_dag.py
[2026-09-06T04:27:08.510+0000] {processor.py:840} INFO - DAG(s) 'process_silver_layer' retrieved from /opt/airflow/dags/silver_processing_dag.py
[2026-09-06T04:27:08.573+0000] {logging_mixin.py:188} INFO - [2026-09-06T04:27:08.569+0000] {dag.py:3096} INFO - Sync 1 DAGs
[2026-09-06T04:27:08.618+0000] {logging_mixin.py:188} INFO - [2026-09-06T04:27:08.617+0000] {dag.py:3954} INFO - Setting next_dagrun for process_silver_layer to None, run_after=None
[2026-09-06T04:27:08.666+0000] {processor.py:183} INFO - Processing /opt/airflow/dags/silver_processing_dag.py took 0.224 seconds
[2026-09-06T04:27:39.432+0000] {processor.py:161} INFO - Started process (PID=32748) to work on /opt/airflow/dags/silver_processing_dag.py
[2026-09-06T04:27:39.435+0000] {processor.py:830} INFO - Processing file /opt/airflow/dags/silver_processing_dag.py for tasks to queue
[2026-09-06T04:27:39.442+0000] {logging_mixin.py:188} INFO - [2026-09-06T04:27:39.441+0000] {dagbag.py:545} INFO - Filling up the DagBag from /opt/airflow/dags/silver_processing_dag.py
[2026-09-06T04:27:39.512+0000] {processor.py:840} INFO - DAG(s) 'process_silver_layer' retrieved from /opt/airflow/dags/silver_processing_dag.py
[2026-09-06T04:27:39.576+0000] {logging_mixin.py:188} INFO - [2026-09-06T04:27:39.576+0000] {dag.py:3096} INFO - Sync 1 DAGs
[2026-09-06T04:27:39.619+0000] {logging_mixin.py:188} INFO - [2026-09-06T04:27:39.619+0000] {dag.py:3954} INFO - Setting next_dagrun for process_silver_layer to None, run_after=None
[2026-09-06T04:27:39.703+0000] {processor.py:183} INFO - Processing /opt/airflow/dags/silver_processing_dag.py took 0.290 seconds
[2026-09-06T04:28:10.158+0000] {processor.py:161} INFO - Started process (PID=32763) to work on /opt/airflow/dags/silver_processing_dag.py
[2026-09-06T04:28:10.161+0000] {processor.py:830} INFO - Processing file /opt/airflow/dags/silver_processing_dag.py for tasks to queue
[2026-09-06T04:28:10.172+0000] {logging_mixin.py:188} INFO - [2026-09-06T04:28:10.171+0000] {dagbag.py:545} INFO - Filling up the DagBag from /opt/airflow/dags/silver_processing_dag.py
[2026-09-06T04:28:10.231+0000] {processor.py:840} INFO - DAG(s) 'process_silver_layer' retrieved from /opt/airflow/dags/silver_processing_dag.py
[2026-09-06T04:28:10.333+0000] {logging_mixin.py:188} INFO - [2026-09-06T04:28:10.332+0000] {dag.py:3096} INFO - Sync 1 DAGs
[2026-09-06T04:28:10.439+0000] {logging_mixin.py:188} INFO - [2026-09-06T04:28:10.438+0000] {dag.py:3954} INFO - Setting next_dagrun for process_silver_layer to None, run_after=None
[2026-09-06T04:28:10.553+0000] {processor.py:183} INFO - Processing /opt/airflow/dags/silver_processing_dag.py took 0.419 seconds
[2026-09-06T04:28:40.996+0000] {processor.py:161} INFO - Started process (PID=32778) to work on /opt/airflow/dags/silver_processing_dag.py
[2026-09-06T04:28:40.999+0000] {processor.py:830} INFO - Processing file /opt/airflow/dags/silver_processing_dag.py for tasks to queue
[2026-09-06T04:28:41.009+0000] {logging_mixin.py:188} INFO - [2026-09-06T04:28:41.008+0000] {dagbag.py:545} INFO - Filling up the DagBag from /opt/airflow/dags/silver_processing_dag.py
[2026-09-06T04:28:41.079+0000] {processor.py:840} INFO - DAG(s) 'process_silver_layer' retrieved from /opt/airflow/dags/silver_processing_dag.py
[2026-09-06T04:28:41.191+0000] {logging_mixin.py:188} INFO - [2026-09-06T04:28:41.190+0000] {dag.py:3096} INFO - Sync 1 DAGs
[2026-09-06T04:28:41.257+0000] {logging_mixin.py:188} INFO - [2026-09-06T04:28:41.256+0000] {dag.py:3954} INFO - Setting next_dagrun for process_silver_layer to None, run_after=None
[2026-09-06T04:28:41.320+0000] {processor.py:183} INFO - Processing /opt/airflow/dags/silver_processing_dag.py took 0.348 seconds
[2026-09-06T04:29:11.798+0000] {processor.py:161} INFO - Started process (PID=32793) to work on /opt/airflow/dags/silver_processing_dag.py
[2026-09-06T04:29:11.810+0000] {processor.py:830} INFO - Processing file /opt/airflow/dags/silver_processing_dag.py for tasks to queue
[2026-09-06T04:29:11.819+0000] {logging_mixin.py:188} INFO - [2026-09-06T04:29:11.816+0000] {dagbag.py:545} INFO - Filling up the DagBag from /opt/airflow/dags/silver_processing_dag.py
[2026-09-06T04:29:11.957+0000] {processor.py:840} INFO - DAG(s) 'process_silver_layer' retrieved from /opt/airflow/dags/silver_processing_dag.py
[2026-09-06T04:29:12.071+0000] {logging_mixin.py:188} INFO - [2026-09-06T04:29:12.071+0000] {dag.py:3096} INFO - Sync 1 DAGs
[2026-09-06T04:29:12.118+0000] {logging_mixin.py:188} INFO - [2026-09-06T04:29:12.117+0000] {dag.py:3954} INFO - Setting next_dagrun for process_silver_layer to None, run_after=None
[2026-09-06T04:29:12.178+0000] {processor.py:183} INFO - Processing /opt/airflow/dags/silver_processing_dag.py took 0.405 seconds
[2026-09-06T04:29:42.687+0000] {processor.py:161} INFO - Started process (PID=32808) to work on /opt/airflow/dags/silver_processing_dag.py
[2026-09-06T04:29:42.690+0000] {processor.py:830} INFO - Processing file /opt/airflow/dags/silver_processing_dag.py for tasks to queue
[2026-09-06T04:29:42.705+0000] {logging_mixin.py:188} INFO - [2026-09-06T04:29:42.704+0000] {dagbag.py:545} INFO - Filling up the DagBag from /opt/airflow/dags/silver_processing_dag.py
[2026-09-06T04:29:42.856+0000] {processor.py:840} INFO - DAG(s) 'process_silver_layer' retrieved from /opt/airflow/dags/silver_processing_dag.py
[2026-09-06T04:29:42.972+0000] {logging_mixin.py:188} INFO - [2026-09-06T04:29:42.971+0000] {dag.py:3096} INFO - Sync 1 DAGs
[2026-09-06T04:29:43.027+0000] {logging_mixin.py:188} INFO - [2026-09-06T04:29:43.026+0000] {dag.py:3954} INFO - Setting next_dagrun for process_silver_layer to None, run_after=None
[2026-09-06T04:29:43.125+0000] {processor.py:183} INFO - Processing /opt/airflow/dags/silver_processing_dag.py took 0.473 seconds
[2026-09-06T04:30:13.787+0000] {processor.py:161} INFO - Started process (PID=32823) to work on /opt/airflow/dags/silver_processing_dag.py
[2026-09-06T04:30:13.800+0000] {processor.py:830} INFO - Processing file /opt/airflow/dags/silver_processing_dag.py for tasks to queue
[2026-09-06T04:30:13.819+0000] {logging_mixin.py:188} INFO - [2026-09-06T04:30:13.818+0000] {dagbag.py:545} INFO - Filling up the DagBag from /opt/airflow/dags/silver_processing_dag.py
[2026-09-06T04:30:13.876+0000] {processor.py:840} INFO - DAG(s) 'process_silver_layer' retrieved from /opt/airflow/dags/silver_processing_dag.py
[2026-09-06T04:30:13.945+0000] {logging_mixin.py:188} INFO - [2026-09-06T04:30:13.944+0000] {dag.py:3096} INFO - Sync 1 DAGs
[2026-09-06T04:30:13.995+0000] {logging_mixin.py:188} INFO - [2026-09-06T04:30:13.994+0000] {dag.py:3954} INFO - Setting next_dagrun for process_silver_layer to None, run_after=None
[2026-09-06T04:30:14.059+0000] {processor.py:183} INFO - Processing /opt/airflow/dags/silver_processing_dag.py took 0.315 seconds
[2026-09-06T04:30:44.710+0000] {processor.py:161} INFO - Started process (PID=32838) to work on /opt/airflow/dags/silver_processing_dag.py
[2026-09-06T04:30:44.714+0000] {processor.py:830} INFO - Processing file /opt/airflow/dags/silver_processing_dag.py for tasks to queue
[2026-09-06T04:30:44.725+0000] {logging_mixin.py:188} INFO - [2026-09-06T04:30:44.724+0000] {dagbag.py:545} INFO - Filling up the DagBag from /opt/airflow/dags/silver_processing_dag.py
[2026-09-06T04:30:44.805+0000] {processor.py:840} INFO - DAG(s) 'process_silver_layer' retrieved from /opt/airflow/dags/silver_processing_dag.py
[2026-09-06T04:30:44.875+0000] {logging_mixin.py:188} INFO - [2026-09-06T04:30:44.874+0000] {dag.py:3096} INFO - Sync 1 DAGs
[2026-09-06T04:30:44.932+0000] {logging_mixin.py:188} INFO - [2026-09-06T04:30:44.930+0000] {dag.py:3954} INFO - Setting next_dagrun for process_silver_layer to None, run_after=None
[2026-09-06T04:30:44.989+0000] {processor.py:183} INFO - Processing /opt/airflow/dags/silver_processing_dag.py took 0.303 seconds
[2026-09-06T04:31:15.431+0000] {processor.py:161} INFO - Started process (PID=32853) to work on /opt/airflow/dags/silver_processing_dag.py
[2026-09-06T04:31:15.435+0000] {processor.py:830} INFO - Processing file /opt/airflow/dags/silver_processing_dag.py for tasks to queue
[2026-09-06T04:31:15.444+0000] {logging_mixin.py:188} INFO - [2026-09-06T04:31:15.442+0000] {dagbag.py:545} INFO - Filling up the DagBag from /opt/airflow/dags/silver_processing_dag.py
[2026-09-06T04:31:15.502+0000] {processor.py:840} INFO - DAG(s) 'process_silver_layer' retrieved from /opt/airflow/dags/silver_processing_dag.py
[2026-09-06T04:31:15.583+0000] {logging_mixin.py:188} INFO - [2026-09-06T04:31:15.582+0000] {dag.py:3096} INFO - Sync 1 DAGs
[2026-09-06T04:31:15.641+0000] {logging_mixin.py:188} INFO - [2026-09-06T04:31:15.640+0000] {dag.py:3954} INFO - Setting next_dagrun for process_silver_layer to None, run_after=None
[2026-09-06T04:31:15.706+0000] {processor.py:183} INFO - Processing /opt/airflow/dags/silver_processing_dag.py took 0.295 seconds
[2026-09-06T04:31:46.194+0000] {processor.py:161} INFO - Started process (PID=32868) to work on /opt/airflow/dags/silver_processing_dag.py
[2026-09-06T04:31:46.197+0000] {processor.py:830} INFO - Processing file /opt/airflow/dags/silver_processing_dag.py for tasks to queue
[2026-09-06T04:31:46.205+0000] {logging_mixin.py:188} INFO - [2026-09-06T04:31:46.204+0000] {dagbag.py:545} INFO - Filling up the DagBag from /opt/airflow/dags/silver_processing_dag.py
[2026-09-06T04:31:46.273+0000] {processor.py:840} INFO - DAG(s) 'process_silver_layer' retrieved from /opt/airflow/dags/silver_processing_dag.py
[2026-09-06T04:31:46.367+0000] {logging_mixin.py:188} INFO - [2026-09-06T04:31:46.366+0000] {dag.py:3096} INFO - Sync 1 DAGs
[2026-09-06T04:31:46.420+0000] {logging_mixin.py:188} INFO - [2026-09-06T04:31:46.419+0000] {dag.py:3954} INFO - Setting next_dagrun for process_silver_layer to None, run_after=None
[2026-09-06T04:31:46.495+0000] {processor.py:183} INFO - Processing /opt/airflow/dags/silver_processing_dag.py took 0.325 seconds
[2026-09-06T04:32:17.052+0000] {processor.py:161} INFO - Started process (PID=32883) to work on /opt/airflow/dags/silver_processing_dag.py
[2026-09-06T04:32:17.055+0000] {processor.py:830} INFO - Processing file /opt/airflow/dags/silver_processing_dag.py for tasks to queue
[2026-09-06T04:32:17.068+0000] {logging_mixin.py:188} INFO - [2026-09-06T04:32:17.066+0000] {dagbag.py:545} INFO - Filling up the DagBag from /opt/airflow/dags/silver_processing_dag.py
[2026-09-06T04:32:17.127+0000] {processor.py:840} INFO - DAG(s) 'process_silver_layer' retrieved from /opt/airflow/dags/silver_processing_dag.py
[2026-09-06T04:32:17.212+0000] {logging_mixin.py:188} INFO - [2026-09-06T04:32:17.211+0000] {dag.py:3096} INFO - Sync 1 DAGs
[2026-09-06T04:32:17.271+0000] {logging_mixin.py:188} INFO - [2026-09-06T04:32:17.270+0000] {dag.py:3954} INFO - Setting next_dagrun for process_silver_layer to None, run_after=None
[2026-09-06T04:32:17.360+0000] {processor.py:183} INFO - Processing /opt/airflow/dags/silver_processing_dag.py took 0.329 seconds
[2026-09-06T04:32:47.897+0000] {processor.py:161} INFO - Started process (PID=32898) to work on /opt/airflow/dags/silver_processing_dag.py
[2026-09-06T04:32:47.901+0000] {processor.py:830} INFO - Processing file /opt/airflow/dags/silver_processing_dag.py for tasks to queue
[2026-09-06T04:32:47.911+0000] {logging_mixin.py:188} INFO - [2026-09-06T04:32:47.910+0000] {dagbag.py:545} INFO - Filling up the DagBag from /opt/airflow/dags/silver_processing_dag.py
[2026-09-06T04:32:47.968+0000] {processor.py:840} INFO - DAG(s) 'process_silver_layer' retrieved from /opt/airflow/dags/silver_processing_dag.py
[2026-09-06T04:32:48.055+0000] {logging_mixin.py:188} INFO - [2026-09-06T04:32:48.054+0000] {dag.py:3096} INFO - Sync 1 DAGs
[2026-09-06T04:32:48.100+0000] {logging_mixin.py:188} INFO - [2026-09-06T04:32:48.100+0000] {dag.py:3954} INFO - Setting next_dagrun for process_silver_layer to None, run_after=None
[2026-09-06T04:32:48.168+0000] {processor.py:183} INFO - Processing /opt/airflow/dags/silver_processing_dag.py took 0.296 seconds
[2026-09-06T04:33:18.687+0000] {processor.py:161} INFO - Started process (PID=32913) to work on /opt/airflow/dags/silver_processing_dag.py
[2026-09-06T04:33:18.691+0000] {processor.py:830} INFO - Processing file /opt/airflow/dags/silver_processing_dag.py for tasks to queue
[2026-09-06T04:33:18.701+0000] {logging_mixin.py:188} INFO - [2026-09-06T04:33:18.699+0000] {dagbag.py:545} INFO - Filling up the DagBag from /opt/airflow/dags/silver_processing_dag.py
[2026-09-06T04:33:18.789+0000] {processor.py:840} INFO - DAG(s) 'process_silver_layer' retrieved from /opt/airflow/dags/silver_processing_dag.py
[2026-09-06T04:33:18.875+0000] {logging_mixin.py:188} INFO - [2026-09-06T04:33:18.875+0000] {dag.py:3096} INFO - Sync 1 DAGs
[2026-09-06T04:33:18.919+0000] {logging_mixin.py:188} INFO - [2026-09-06T04:33:18.919+0000] {dag.py:3954} INFO - Setting next_dagrun for process_silver_layer to None, run_after=None
[2026-09-06T04:33:18.985+0000] {processor.py:183} INFO - Processing /opt/airflow/dags/silver_processing_dag.py took 0.324 seconds
[2026-09-06T04:33:49.471+0000] {processor.py:161} INFO - Started process (PID=32928) to work on /opt/airflow/dags/silver_processing_dag.py
[2026-09-06T04:33:49.475+0000] {processor.py:830} INFO - Processing file /opt/airflow/dags/silver_processing_dag.py for tasks to queue
[2026-09-06T04:33:49.489+0000] {logging_mixin.py:188} INFO - [2026-09-06T04:33:49.489+0000] {dagbag.py:545} INFO - Filling up the DagBag from /opt/airflow/dags/silver_processing_dag.py
[2026-09-06T04:33:49.607+0000] {processor.py:840} INFO - DAG(s) 'process_silver_layer' retrieved from /opt/airflow/dags/silver_processing_dag.py
[2026-09-06T04:33:49.734+0000] {logging_mixin.py:188} INFO - [2026-09-06T04:33:49.733+0000] {dag.py:3096} INFO - Sync 1 DAGs
[2026-09-06T04:33:49.816+0000] {logging_mixin.py:188} INFO - [2026-09-06T04:33:49.816+0000] {dag.py:3954} INFO - Setting next_dagrun for process_silver_layer to None, run_after=None
[2026-09-06T04:33:49.903+0000] {processor.py:183} INFO - Processing /opt/airflow/dags/silver_processing_dag.py took 0.457 seconds
[2026-09-06T04:34:20.411+0000] {processor.py:161} INFO - Started process (PID=32943) to work on /opt/airflow/dags/silver_processing_dag.py
[2026-09-06T04:34:20.416+0000] {processor.py:830} INFO - Processing file /opt/airflow/dags/silver_processing_dag.py for tasks to queue
[2026-09-06T04:34:20.424+0000] {logging_mixin.py:188} INFO - [2026-09-06T04:34:20.423+0000] {dagbag.py:545} INFO - Filling up the DagBag from /opt/airflow/dags/silver_processing_dag.py
[2026-09-06T04:34:20.486+0000] {processor.py:840} INFO - DAG(s) 'process_silver_layer' retrieved from /opt/airflow/dags/silver_processing_dag.py
[2026-09-06T04:34:20.557+0000] {logging_mixin.py:188} INFO - [2026-09-06T04:34:20.556+0000] {dag.py:3096} INFO - Sync 1 DAGs
[2026-09-06T04:34:20.608+0000] {logging_mixin.py:188} INFO - [2026-09-06T04:34:20.603+0000] {dag.py:3954} INFO - Setting next_dagrun for process_silver_layer to None, run_after=None
[2026-09-06T04:34:20.777+0000] {processor.py:183} INFO - Processing /opt/airflow/dags/silver_processing_dag.py took 0.396 seconds
[2026-09-06T04:34:51.316+0000] {processor.py:161} INFO - Started process (PID=32958) to work on /opt/airflow/dags/silver_processing_dag.py
[2026-09-06T04:34:51.319+0000] {processor.py:830} INFO - Processing file /opt/airflow/dags/silver_processing_dag.py for tasks to queue
[2026-09-06T04:34:51.327+0000] {logging_mixin.py:188} INFO - [2026-09-06T04:34:51.326+0000] {dagbag.py:545} INFO - Filling up the DagBag from /opt/airflow/dags/silver_processing_dag.py
[2026-09-06T04:34:51.390+0000] {processor.py:840} INFO - DAG(s) 'process_silver_layer' retrieved from /opt/airflow/dags/silver_processing_dag.py
[2026-09-06T04:34:51.464+0000] {logging_mixin.py:188} INFO - [2026-09-06T04:34:51.464+0000] {dag.py:3096} INFO - Sync 1 DAGs
[2026-09-06T04:34:51.508+0000] {logging_mixin.py:188} INFO - [2026-09-06T04:34:51.508+0000] {dag.py:3954} INFO - Setting next_dagrun for process_silver_layer to None, run_after=None
[2026-09-06T04:34:51.575+0000] {processor.py:183} INFO - Processing /opt/airflow/dags/silver_processing_dag.py took 0.281 seconds
[2026-09-06T04:35:22.091+0000] {processor.py:161} INFO - Started process (PID=32973) to work on /opt/airflow/dags/silver_processing_dag.py
[2026-09-06T04:35:22.095+0000] {processor.py:830} INFO - Processing file /opt/airflow/dags/silver_processing_dag.py for tasks to queue
[2026-09-06T04:35:22.101+0000] {logging_mixin.py:188} INFO - [2026-09-06T04:35:22.100+0000] {dagbag.py:545} INFO - Filling up the DagBag from /opt/airflow/dags/silver_processing_dag.py
[2026-09-06T04:35:22.155+0000] {processor.py:840} INFO - DAG(s) 'process_silver_layer' retrieved from /opt/airflow/dags/silver_processing_dag.py
[2026-09-06T04:35:22.223+0000] {logging_mixin.py:188} INFO - [2026-09-06T04:35:22.222+0000] {dag.py:3096} INFO - Sync 1 DAGs
[2026-09-06T04:35:22.280+0000] {logging_mixin.py:188} INFO - [2026-09-06T04:35:22.279+0000] {dag.py:3954} INFO - Setting next_dagrun for process_silver_layer to None, run_after=None
[2026-09-06T04:35:22.347+0000] {processor.py:183} INFO - Processing /opt/airflow/dags/silver_processing_dag.py took 0.288 seconds
[2026-09-06T04:35:53.038+0000] {processor.py:161} INFO - Started process (PID=32988) to work on /opt/airflow/dags/silver_processing_dag.py
[2026-09-06T04:35:53.051+0000] {processor.py:830} INFO - Processing file /opt/airflow/dags/silver_processing_dag.py for tasks to queue
[2026-09-06T04:35:53.067+0000] {logging_mixin.py:188} INFO - [2026-09-06T04:35:53.058+0000] {dagbag.py:545} INFO - Filling up the DagBag from /opt/airflow/dags/silver_processing_dag.py
[2026-09-06T04:35:53.164+0000] {processor.py:840} INFO - DAG(s) 'process_silver_layer' retrieved from /opt/airflow/dags/silver_processing_dag.py
[2026-09-06T04:35:53.335+0000] {logging_mixin.py:188} INFO - [2026-09-06T04:35:53.334+0000] {dag.py:3096} INFO - Sync 1 DAGs
[2026-09-06T04:35:53.434+0000] {logging_mixin.py:188} INFO - [2026-09-06T04:35:53.433+0000] {dag.py:3954} INFO - Setting next_dagrun for process_silver_layer to None, run_after=None
[2026-09-06T04:35:53.567+0000] {processor.py:183} INFO - Processing /opt/airflow/dags/silver_processing_dag.py took 0.568 seconds
[2026-09-06T04:36:24.285+0000] {processor.py:161} INFO - Started process (PID=33003) to work on /opt/airflow/dags/silver_processing_dag.py
[2026-09-06T04:36:24.287+0000] {processor.py:830} INFO - Processing file /opt/airflow/dags/silver_processing_dag.py for tasks to queue
[2026-09-06T04:36:24.298+0000] {logging_mixin.py:188} INFO - [2026-09-06T04:36:24.296+0000] {dagbag.py:545} INFO - Filling up the DagBag from /opt/airflow/dags/silver_processing_dag.py
[2026-09-06T04:36:24.366+0000] {processor.py:840} INFO - DAG(s) 'process_silver_layer' retrieved from /opt/airflow/dags/silver_processing_dag.py
[2026-09-06T04:36:24.433+0000] {logging_mixin.py:188} INFO - [2026-09-06T04:36:24.433+0000] {dag.py:3096} INFO - Sync 1 DAGs
[2026-09-06T04:36:24.483+0000] {logging_mixin.py:188} INFO - [2026-09-06T04:36:24.483+0000] {dag.py:3954} INFO - Setting next_dagrun for process_silver_layer to None, run_after=None
[2026-09-06T04:36:24.543+0000] {processor.py:183} INFO - Processing /opt/airflow/dags/silver_processing_dag.py took 0.291 seconds
[2026-09-06T04:36:54.695+0000] {processor.py:161} INFO - Started process (PID=33018) to work on /opt/airflow/dags/silver_processing_dag.py
[2026-09-06T04:36:54.698+0000] {processor.py:830} INFO - Processing file /opt/airflow/dags/silver_processing_dag.py for tasks to queue
[2026-09-06T04:36:54.708+0000] {logging_mixin.py:188} INFO - [2026-09-06T04:36:54.706+0000] {dagbag.py:545} INFO - Filling up the DagBag from /opt/airflow/dags/silver_processing_dag.py
[2026-09-06T04:36:54.771+0000] {processor.py:840} INFO - DAG(s) 'process_silver_layer' retrieved from /opt/airflow/dags/silver_processing_dag.py
[2026-09-06T04:36:54.856+0000] {logging_mixin.py:188} INFO - [2026-09-06T04:36:54.855+0000] {dag.py:3096} INFO - Sync 1 DAGs
[2026-09-06T04:36:54.901+0000] {logging_mixin.py:188} INFO - [2026-09-06T04:36:54.900+0000] {dag.py:3954} INFO - Setting next_dagrun for process_silver_layer to None, run_after=None
[2026-09-06T04:36:54.967+0000] {processor.py:183} INFO - Processing /opt/airflow/dags/silver_processing_dag.py took 0.293 seconds
[2026-09-06T04:37:25.440+0000] {processor.py:161} INFO - Started process (PID=33033) to work on /opt/airflow/dags/silver_processing_dag.py
[2026-09-06T04:37:25.443+0000] {processor.py:830} INFO - Processing file /opt/airflow/dags/silver_processing_dag.py for tasks to queue
[2026-09-06T04:37:25.459+0000] {logging_mixin.py:188} INFO - [2026-09-06T04:37:25.457+0000] {dagbag.py:545} INFO - Filling up the DagBag from /opt/airflow/dags/silver_processing_dag.py
[2026-09-06T04:37:25.514+0000] {processor.py:840} INFO - DAG(s) 'process_silver_layer' retrieved from /opt/airflow/dags/silver_processing_dag.py
[2026-09-06T04:37:25.584+0000] {logging_mixin.py:188} INFO - [2026-09-06T04:37:25.583+0000] {dag.py:3096} INFO - Sync 1 DAGs
[2026-09-06T04:37:25.638+0000] {logging_mixin.py:188} INFO - [2026-09-06T04:37:25.637+0000] {dag.py:3954} INFO - Setting next_dagrun for process_silver_layer to None, run_after=None
[2026-09-06T04:37:25.704+0000] {processor.py:183} INFO - Processing /opt/airflow/dags/silver_processing_dag.py took 0.301 seconds
[2026-09-06T04:37:56.245+0000] {processor.py:161} INFO - Started process (PID=33048) to work on /opt/airflow/dags/silver_processing_dag.py
[2026-09-06T04:37:56.249+0000] {processor.py:830} INFO - Processing file /opt/airflow/dags/silver_processing_dag.py for tasks to queue
[2026-09-06T04:37:56.256+0000] {logging_mixin.py:188} INFO - [2026-09-06T04:37:56.255+0000] {dagbag.py:545} INFO - Filling up the DagBag from /opt/airflow/dags/silver_processing_dag.py
[2026-09-06T04:37:56.346+0000] {processor.py:840} INFO - DAG(s) 'process_silver_layer' retrieved from /opt/airflow/dags/silver_processing_dag.py
[2026-09-06T04:37:56.461+0000] {logging_mixin.py:188} INFO - [2026-09-06T04:37:56.460+0000] {dag.py:3096} INFO - Sync 1 DAGs
[2026-09-06T04:37:56.528+0000] {logging_mixin.py:188} INFO - [2026-09-06T04:37:56.527+0000] {dag.py:3954} INFO - Setting next_dagrun for process_silver_layer to None, run_after=None
[2026-09-06T04:37:56.602+0000] {processor.py:183} INFO - Processing /opt/airflow/dags/silver_processing_dag.py took 0.385 seconds
[2026-09-06T04:38:27.315+0000] {processor.py:161} INFO - Started process (PID=33063) to work on /opt/airflow/dags/silver_processing_dag.py
[2026-09-06T04:38:27.318+0000] {processor.py:830} INFO - Processing file /opt/airflow/dags/silver_processing_dag.py for tasks to queue
[2026-09-06T04:38:27.332+0000] {logging_mixin.py:188} INFO - [2026-09-06T04:38:27.331+0000] {dagbag.py:545} INFO - Filling up the DagBag from /opt/airflow/dags/silver_processing_dag.py
[2026-09-06T04:38:27.446+0000] {processor.py:840} INFO - DAG(s) 'process_silver_layer' retrieved from /opt/airflow/dags/silver_processing_dag.py
[2026-09-06T04:38:27.597+0000] {logging_mixin.py:188} INFO - [2026-09-06T04:38:27.596+0000] {dag.py:3096} INFO - Sync 1 DAGs
[2026-09-06T04:38:27.690+0000] {logging_mixin.py:188} INFO - [2026-09-06T04:38:27.690+0000] {dag.py:3954} INFO - Setting next_dagrun for process_silver_layer to None, run_after=None
[2026-09-06T04:38:27.749+0000] {processor.py:183} INFO - Processing /opt/airflow/dags/silver_processing_dag.py took 0.472 seconds
[2026-09-06T04:38:58.222+0000] {processor.py:161} INFO - Started process (PID=33078) to work on /opt/airflow/dags/silver_processing_dag.py
[2026-09-06T04:38:58.225+0000] {processor.py:830} INFO - Processing file /opt/airflow/dags/silver_processing_dag.py for tasks to queue
[2026-09-06T04:38:58.236+0000] {logging_mixin.py:188} INFO - [2026-09-06T04:38:58.232+0000] {dagbag.py:545} INFO - Filling up the DagBag from /opt/airflow/dags/silver_processing_dag.py
[2026-09-06T04:38:58.284+0000] {processor.py:840} INFO - DAG(s) 'process_silver_layer' retrieved from /opt/airflow/dags/silver_processing_dag.py
[2026-09-06T04:38:58.363+0000] {logging_mixin.py:188} INFO - [2026-09-06T04:38:58.362+0000] {dag.py:3096} INFO - Sync 1 DAGs
[2026-09-06T04:38:58.407+0000] {logging_mixin.py:188} INFO - [2026-09-06T04:38:58.406+0000] {dag.py:3954} INFO - Setting next_dagrun for process_silver_layer to None, run_after=None
[2026-09-06T04:38:58.468+0000] {processor.py:183} INFO - Processing /opt/airflow/dags/silver_processing_dag.py took 0.268 seconds
[2026-09-06T04:39:29.048+0000] {processor.py:161} INFO - Started process (PID=33093) to work on /opt/airflow/dags/silver_processing_dag.py
[2026-09-06T04:39:29.052+0000] {processor.py:830} INFO - Processing file /opt/airflow/dags/silver_processing_dag.py for tasks to queue
[2026-09-06T04:39:29.063+0000] {logging_mixin.py:188} INFO - [2026-09-06T04:39:29.062+0000] {dagbag.py:545} INFO - Filling up the DagBag from /opt/airflow/dags/silver_processing_dag.py
[2026-09-06T04:39:29.131+0000] {processor.py:840} INFO - DAG(s) 'process_silver_layer' retrieved from /opt/airflow/dags/silver_processing_dag.py
[2026-09-06T04:39:29.223+0000] {logging_mixin.py:188} INFO - [2026-09-06T04:39:29.222+0000] {dag.py:3096} INFO - Sync 1 DAGs
[2026-09-06T04:39:29.278+0000] {logging_mixin.py:188} INFO - [2026-09-06T04:39:29.277+0000] {dag.py:3954} INFO - Setting next_dagrun for process_silver_layer to None, run_after=None
[2026-09-06T04:39:29.379+0000] {processor.py:183} INFO - Processing /opt/airflow/dags/silver_processing_dag.py took 0.363 seconds
[2026-09-06T04:39:59.863+0000] {processor.py:161} INFO - Started process (PID=33108) to work on /opt/airflow/dags/silver_processing_dag.py
[2026-09-06T04:39:59.882+0000] {processor.py:830} INFO - Processing file /opt/airflow/dags/silver_processing_dag.py for tasks to queue
[2026-09-06T04:39:59.891+0000] {logging_mixin.py:188} INFO - [2026-09-06T04:39:59.890+0000] {dagbag.py:545} INFO - Filling up the DagBag from /opt/airflow/dags/silver_processing_dag.py
[2026-09-06T04:40:00.246+0000] {processor.py:840} INFO - DAG(s) 'process_silver_layer' retrieved from /opt/airflow/dags/silver_processing_dag.py
[2026-09-06T04:40:00.384+0000] {logging_mixin.py:188} INFO - [2026-09-06T04:40:00.383+0000] {dag.py:3096} INFO - Sync 1 DAGs
[2026-09-06T04:40:00.480+0000] {logging_mixin.py:188} INFO - [2026-09-06T04:40:00.479+0000] {dag.py:3954} INFO - Setting next_dagrun for process_silver_layer to None, run_after=None
[2026-09-06T04:40:00.624+0000] {processor.py:183} INFO - Processing /opt/airflow/dags/silver_processing_dag.py took 0.816 seconds
[2026-09-06T04:40:31.221+0000] {processor.py:161} INFO - Started process (PID=33125) to work on /opt/airflow/dags/silver_processing_dag.py
[2026-09-06T04:40:31.225+0000] {processor.py:830} INFO - Processing file /opt/airflow/dags/silver_processing_dag.py for tasks to queue
[2026-09-06T04:40:31.242+0000] {logging_mixin.py:188} INFO - [2026-09-06T04:40:31.241+0000] {dagbag.py:545} INFO - Filling up the DagBag from /opt/airflow/dags/silver_processing_dag.py
[2026-09-06T04:40:31.405+0000] {processor.py:840} INFO - DAG(s) 'process_silver_layer' retrieved from /opt/airflow/dags/silver_processing_dag.py
[2026-09-06T04:40:31.454+0000] {logging_mixin.py:188} INFO - [2026-09-06T04:40:31.453+0000] {dag.py:3096} INFO - Sync 1 DAGs
[2026-09-06T04:40:31.489+0000] {logging_mixin.py:188} INFO - [2026-09-06T04:40:31.489+0000] {dag.py:3954} INFO - Setting next_dagrun for process_silver_layer to None, run_after=None
[2026-09-06T04:40:31.550+0000] {processor.py:183} INFO - Processing /opt/airflow/dags/silver_processing_dag.py took 0.387 seconds
[2026-09-06T04:41:01.698+0000] {processor.py:161} INFO - Started process (PID=33140) to work on /opt/airflow/dags/silver_processing_dag.py
[2026-09-06T04:41:01.701+0000] {processor.py:830} INFO - Processing file /opt/airflow/dags/silver_processing_dag.py for tasks to queue
[2026-09-06T04:41:01.708+0000] {logging_mixin.py:188} INFO - [2026-09-06T04:41:01.707+0000] {dagbag.py:545} INFO - Filling up the DagBag from /opt/airflow/dags/silver_processing_dag.py
[2026-09-06T04:41:01.764+0000] {processor.py:840} INFO - DAG(s) 'process_silver_layer' retrieved from /opt/airflow/dags/silver_processing_dag.py
[2026-09-06T04:41:01.828+0000] {logging_mixin.py:188} INFO - [2026-09-06T04:41:01.827+0000] {dag.py:3096} INFO - Sync 1 DAGs
[2026-09-06T04:41:01.871+0000] {logging_mixin.py:188} INFO - [2026-09-06T04:41:01.871+0000] {dag.py:3954} INFO - Setting next_dagrun for process_silver_layer to None, run_after=None
[2026-09-06T04:41:02.198+0000] {processor.py:183} INFO - Processing /opt/airflow/dags/silver_processing_dag.py took 0.519 seconds
[2026-09-06T04:41:32.880+0000] {processor.py:161} INFO - Started process (PID=33155) to work on /opt/airflow/dags/silver_processing_dag.py
[2026-09-06T04:41:32.885+0000] {processor.py:830} INFO - Processing file /opt/airflow/dags/silver_processing_dag.py for tasks to queue
[2026-09-06T04:41:32.892+0000] {logging_mixin.py:188} INFO - [2026-09-06T04:41:32.891+0000] {dagbag.py:545} INFO - Filling up the DagBag from /opt/airflow/dags/silver_processing_dag.py
[2026-09-06T04:41:32.940+0000] {processor.py:840} INFO - DAG(s) 'process_silver_layer' retrieved from /opt/airflow/dags/silver_processing_dag.py
[2026-09-06T04:41:33.003+0000] {logging_mixin.py:188} INFO - [2026-09-06T04:41:33.003+0000] {dag.py:3096} INFO - Sync 1 DAGs
[2026-09-06T04:41:33.054+0000] {logging_mixin.py:188} INFO - [2026-09-06T04:41:33.053+0000] {dag.py:3954} INFO - Setting next_dagrun for process_silver_layer to None, run_after=None
[2026-09-06T04:41:33.128+0000] {processor.py:183} INFO - Processing /opt/airflow/dags/silver_processing_dag.py took 0.267 seconds
[2026-09-06T04:42:03.657+0000] {processor.py:161} INFO - Started process (PID=33170) to work on /opt/airflow/dags/silver_processing_dag.py
[2026-09-06T04:42:03.660+0000] {processor.py:830} INFO - Processing file /opt/airflow/dags/silver_processing_dag.py for tasks to queue
[2026-09-06T04:42:03.666+0000] {logging_mixin.py:188} INFO - [2026-09-06T04:42:03.665+0000] {dagbag.py:545} INFO - Filling up the DagBag from /opt/airflow/dags/silver_processing_dag.py
[2026-09-06T04:42:03.712+0000] {processor.py:840} INFO - DAG(s) 'process_silver_layer' retrieved from /opt/airflow/dags/silver_processing_dag.py
[2026-09-06T04:42:03.784+0000] {logging_mixin.py:188} INFO - [2026-09-06T04:42:03.784+0000] {dag.py:3096} INFO - Sync 1 DAGs
[2026-09-06T04:42:03.814+0000] {logging_mixin.py:188} INFO - [2026-09-06T04:42:03.813+0000] {dag.py:3954} INFO - Setting next_dagrun for process_silver_layer to None, run_after=None
[2026-09-06T04:42:03.868+0000] {processor.py:183} INFO - Processing /opt/airflow/dags/silver_processing_dag.py took 0.225 seconds
[2026-09-06T04:42:34.628+0000] {processor.py:161} INFO - Started process (PID=33185) to work on /opt/airflow/dags/silver_processing_dag.py
[2026-09-06T04:42:34.634+0000] {processor.py:830} INFO - Processing file /opt/airflow/dags/silver_processing_dag.py for tasks to queue
[2026-09-06T04:42:34.641+0000] {logging_mixin.py:188} INFO - [2026-09-06T04:42:34.640+0000] {dagbag.py:545} INFO - Filling up the DagBag from /opt/airflow/dags/silver_processing_dag.py
[2026-09-06T04:42:34.775+0000] {processor.py:840} INFO - DAG(s) 'process_silver_layer' retrieved from /opt/airflow/dags/silver_processing_dag.py
[2026-09-06T04:42:34.849+0000] {logging_mixin.py:188} INFO - [2026-09-06T04:42:34.849+0000] {dag.py:3096} INFO - Sync 1 DAGs
[2026-09-06T04:42:34.887+0000] {logging_mixin.py:188} INFO - [2026-09-06T04:42:34.887+0000] {dag.py:3954} INFO - Setting next_dagrun for process_silver_layer to None, run_after=None
[2026-09-06T04:42:34.970+0000] {processor.py:183} INFO - Processing /opt/airflow/dags/silver_processing_dag.py took 0.367 seconds
[2026-09-06T04:43:05.156+0000] {processor.py:161} INFO - Started process (PID=33200) to work on /opt/airflow/dags/silver_processing_dag.py
[2026-09-06T04:43:05.161+0000] {processor.py:830} INFO - Processing file /opt/airflow/dags/silver_processing_dag.py for tasks to queue
[2026-09-06T04:43:05.170+0000] {logging_mixin.py:188} INFO - [2026-09-06T04:43:05.169+0000] {dagbag.py:545} INFO - Filling up the DagBag from /opt/airflow/dags/silver_processing_dag.py
[2026-09-06T04:43:05.259+0000] {processor.py:840} INFO - DAG(s) 'process_silver_layer' retrieved from /opt/airflow/dags/silver_processing_dag.py
[2026-09-06T04:43:05.353+0000] {logging_mixin.py:188} INFO - [2026-09-06T04:43:05.352+0000] {dag.py:3096} INFO - Sync 1 DAGs
[2026-09-06T04:43:05.406+0000] {logging_mixin.py:188} INFO - [2026-09-06T04:43:05.406+0000] {dag.py:3954} INFO - Setting next_dagrun for process_silver_layer to None, run_after=None
[2026-09-06T04:43:05.452+0000] {processor.py:183} INFO - Processing /opt/airflow/dags/silver_processing_dag.py took 0.316 seconds
[2026-09-06T04:43:36.067+0000] {processor.py:161} INFO - Started process (PID=33215) to work on /opt/airflow/dags/silver_processing_dag.py
[2026-09-06T04:43:36.070+0000] {processor.py:830} INFO - Processing file /opt/airflow/dags/silver_processing_dag.py for tasks to queue
[2026-09-06T04:43:36.075+0000] {logging_mixin.py:188} INFO - [2026-09-06T04:43:36.075+0000] {dagbag.py:545} INFO - Filling up the DagBag from /opt/airflow/dags/silver_processing_dag.py
[2026-09-06T04:43:36.118+0000] {processor.py:840} INFO - DAG(s) 'process_silver_layer' retrieved from /opt/airflow/dags/silver_processing_dag.py
[2026-09-06T04:43:36.197+0000] {logging_mixin.py:188} INFO - [2026-09-06T04:43:36.197+0000] {dag.py:3096} INFO - Sync 1 DAGs
[2026-09-06T04:43:36.235+0000] {logging_mixin.py:188} INFO - [2026-09-06T04:43:36.235+0000] {dag.py:3954} INFO - Setting next_dagrun for process_silver_layer to None, run_after=None
[2026-09-06T04:43:36.283+0000] {processor.py:183} INFO - Processing /opt/airflow/dags/silver_processing_dag.py took 0.230 seconds
[2026-09-06T04:44:06.922+0000] {processor.py:161} INFO - Started process (PID=33230) to work on /opt/airflow/dags/silver_processing_dag.py
[2026-09-06T04:44:06.924+0000] {processor.py:830} INFO - Processing file /opt/airflow/dags/silver_processing_dag.py for tasks to queue
[2026-09-06T04:44:06.930+0000] {logging_mixin.py:188} INFO - [2026-09-06T04:44:06.929+0000] {dagbag.py:545} INFO - Filling up the DagBag from /opt/airflow/dags/silver_processing_dag.py
[2026-09-06T04:44:06.975+0000] {processor.py:840} INFO - DAG(s) 'process_silver_layer' retrieved from /opt/airflow/dags/silver_processing_dag.py
[2026-09-06T04:44:07.033+0000] {logging_mixin.py:188} INFO - [2026-09-06T04:44:07.033+0000] {dag.py:3096} INFO - Sync 1 DAGs
[2026-09-06T04:44:07.063+0000] {logging_mixin.py:188} INFO - [2026-09-06T04:44:07.063+0000] {dag.py:3954} INFO - Setting next_dagrun for process_silver_layer to None, run_after=None
[2026-09-06T04:44:07.109+0000] {processor.py:183} INFO - Processing /opt/airflow/dags/silver_processing_dag.py took 0.204 seconds
[2026-09-06T04:44:37.681+0000] {processor.py:161} INFO - Started process (PID=33245) to work on /opt/airflow/dags/silver_processing_dag.py
[2026-09-06T04:44:37.685+0000] {processor.py:830} INFO - Processing file /opt/airflow/dags/silver_processing_dag.py for tasks to queue
[2026-09-06T04:44:37.692+0000] {logging_mixin.py:188} INFO - [2026-09-06T04:44:37.691+0000] {dagbag.py:545} INFO - Filling up the DagBag from /opt/airflow/dags/silver_processing_dag.py
[2026-09-06T04:44:37.740+0000] {processor.py:840} INFO - DAG(s) 'process_silver_layer' retrieved from /opt/airflow/dags/silver_processing_dag.py
[2026-09-06T04:44:37.807+0000] {logging_mixin.py:188} INFO - [2026-09-06T04:44:37.807+0000] {dag.py:3096} INFO - Sync 1 DAGs
[2026-09-06T04:44:37.836+0000] {logging_mixin.py:188} INFO - [2026-09-06T04:44:37.836+0000] {dag.py:3954} INFO - Setting next_dagrun for process_silver_layer to None, run_after=None
[2026-09-06T04:44:37.883+0000] {processor.py:183} INFO - Processing /opt/airflow/dags/silver_processing_dag.py took 0.226 seconds
[2026-09-06T04:45:08.305+0000] {processor.py:161} INFO - Started process (PID=33260) to work on /opt/airflow/dags/silver_processing_dag.py
[2026-09-06T04:45:08.307+0000] {processor.py:830} INFO - Processing file /opt/airflow/dags/silver_processing_dag.py for tasks to queue
[2026-09-06T04:45:08.313+0000] {logging_mixin.py:188} INFO - [2026-09-06T04:45:08.312+0000] {dagbag.py:545} INFO - Filling up the DagBag from /opt/airflow/dags/silver_processing_dag.py
[2026-09-06T04:45:08.356+0000] {processor.py:840} INFO - DAG(s) 'process_silver_layer' retrieved from /opt/airflow/dags/silver_processing_dag.py
[2026-09-06T04:45:08.406+0000] {logging_mixin.py:188} INFO - [2026-09-06T04:45:08.405+0000] {dag.py:3096} INFO - Sync 1 DAGs
[2026-09-06T04:45:08.446+0000] {logging_mixin.py:188} INFO - [2026-09-06T04:45:08.446+0000] {dag.py:3954} INFO - Setting next_dagrun for process_silver_layer to None, run_after=None
[2026-09-06T04:45:08.496+0000] {processor.py:183} INFO - Processing /opt/airflow/dags/silver_processing_dag.py took 0.210 seconds
[2026-09-06T04:45:39.125+0000] {processor.py:161} INFO - Started process (PID=33275) to work on /opt/airflow/dags/silver_processing_dag.py
[2026-09-06T04:45:39.129+0000] {processor.py:830} INFO - Processing file /opt/airflow/dags/silver_processing_dag.py for tasks to queue
[2026-09-06T04:45:39.139+0000] {logging_mixin.py:188} INFO - [2026-09-06T04:45:39.138+0000] {dagbag.py:545} INFO - Filling up the DagBag from /opt/airflow/dags/silver_processing_dag.py
[2026-09-06T04:45:39.192+0000] {processor.py:840} INFO - DAG(s) 'process_silver_layer' retrieved from /opt/airflow/dags/silver_processing_dag.py
[2026-09-06T04:45:39.296+0000] {logging_mixin.py:188} INFO - [2026-09-06T04:45:39.296+0000] {dag.py:3096} INFO - Sync 1 DAGs
[2026-09-06T04:45:39.327+0000] {logging_mixin.py:188} INFO - [2026-09-06T04:45:39.327+0000] {dag.py:3954} INFO - Setting next_dagrun for process_silver_layer to None, run_after=None
[2026-09-06T04:45:39.372+0000] {processor.py:183} INFO - Processing /opt/airflow/dags/silver_processing_dag.py took 0.268 seconds
[2026-09-06T04:46:09.948+0000] {processor.py:161} INFO - Started process (PID=33290) to work on /opt/airflow/dags/silver_processing_dag.py
[2026-09-06T04:46:09.951+0000] {processor.py:830} INFO - Processing file /opt/airflow/dags/silver_processing_dag.py for tasks to queue
[2026-09-06T04:46:09.957+0000] {logging_mixin.py:188} INFO - [2026-09-06T04:46:09.956+0000] {dagbag.py:545} INFO - Filling up the DagBag from /opt/airflow/dags/silver_processing_dag.py
[2026-09-06T04:46:10.008+0000] {processor.py:840} INFO - DAG(s) 'process_silver_layer' retrieved from /opt/airflow/dags/silver_processing_dag.py
[2026-09-06T04:46:10.062+0000] {logging_mixin.py:188} INFO - [2026-09-06T04:46:10.061+0000] {dag.py:3096} INFO - Sync 1 DAGs
[2026-09-06T04:46:10.099+0000] {logging_mixin.py:188} INFO - [2026-09-06T04:46:10.099+0000] {dag.py:3954} INFO - Setting next_dagrun for process_silver_layer to None, run_after=None
[2026-09-06T04:46:10.156+0000] {processor.py:183} INFO - Processing /opt/airflow/dags/silver_processing_dag.py took 0.220 seconds
[2026-09-06T04:46:40.700+0000] {processor.py:161} INFO - Started process (PID=33305) to work on /opt/airflow/dags/silver_processing_dag.py
[2026-09-06T04:46:40.703+0000] {processor.py:830} INFO - Processing file /opt/airflow/dags/silver_processing_dag.py for tasks to queue
[2026-09-06T04:46:40.710+0000] {logging_mixin.py:188} INFO - [2026-09-06T04:46:40.709+0000] {dagbag.py:545} INFO - Filling up the DagBag from /opt/airflow/dags/silver_processing_dag.py
[2026-09-06T04:46:40.756+0000] {processor.py:840} INFO - DAG(s) 'process_silver_layer' retrieved from /opt/airflow/dags/silver_processing_dag.py
[2026-09-06T04:46:40.820+0000] {logging_mixin.py:188} INFO - [2026-09-06T04:46:40.820+0000] {dag.py:3096} INFO - Sync 1 DAGs
[2026-09-06T04:46:40.870+0000] {logging_mixin.py:188} INFO - [2026-09-06T04:46:40.870+0000] {dag.py:3954} INFO - Setting next_dagrun for process_silver_layer to None, run_after=None
[2026-09-06T04:46:40.924+0000] {processor.py:183} INFO - Processing /opt/airflow/dags/silver_processing_dag.py took 0.239 seconds
[2026-09-06T04:47:11.823+0000] {processor.py:161} INFO - Started process (PID=33320) to work on /opt/airflow/dags/silver_processing_dag.py
[2026-09-06T04:47:11.826+0000] {processor.py:830} INFO - Processing file /opt/airflow/dags/silver_processing_dag.py for tasks to queue
[2026-09-06T04:47:11.833+0000] {logging_mixin.py:188} INFO - [2026-09-06T04:47:11.832+0000] {dagbag.py:545} INFO - Filling up the DagBag from /opt/airflow/dags/silver_processing_dag.py
[2026-09-06T04:47:11.893+0000] {processor.py:840} INFO - DAG(s) 'process_silver_layer' retrieved from /opt/airflow/dags/silver_processing_dag.py
[2026-09-06T04:47:11.957+0000] {logging_mixin.py:188} INFO - [2026-09-06T04:47:11.956+0000] {dag.py:3096} INFO - Sync 1 DAGs
[2026-09-06T04:47:11.991+0000] {logging_mixin.py:188} INFO - [2026-09-06T04:47:11.991+0000] {dag.py:3954} INFO - Setting next_dagrun for process_silver_layer to None, run_after=None
[2026-09-06T04:47:12.048+0000] {processor.py:183} INFO - Processing /opt/airflow/dags/silver_processing_dag.py took 0.249 seconds
[2026-09-06T04:47:42.807+0000] {processor.py:161} INFO - Started process (PID=33335) to work on /opt/airflow/dags/silver_processing_dag.py
[2026-09-06T04:47:42.809+0000] {processor.py:830} INFO - Processing file /opt/airflow/dags/silver_processing_dag.py for tasks to queue
[2026-09-06T04:47:42.815+0000] {logging_mixin.py:188} INFO - [2026-09-06T04:47:42.814+0000] {dagbag.py:545} INFO - Filling up the DagBag from /opt/airflow/dags/silver_processing_dag.py
[2026-09-06T04:47:42.855+0000] {processor.py:840} INFO - DAG(s) 'process_silver_layer' retrieved from /opt/airflow/dags/silver_processing_dag.py
[2026-09-06T04:47:42.905+0000] {logging_mixin.py:188} INFO - [2026-09-06T04:47:42.904+0000] {dag.py:3096} INFO - Sync 1 DAGs
[2026-09-06T04:47:42.939+0000] {logging_mixin.py:188} INFO - [2026-09-06T04:47:42.938+0000] {dag.py:3954} INFO - Setting next_dagrun for process_silver_layer to None, run_after=None
[2026-09-06T04:47:42.982+0000] {processor.py:183} INFO - Processing /opt/airflow/dags/silver_processing_dag.py took 0.195 seconds
[2026-09-06T04:48:13.509+0000] {processor.py:161} INFO - Started process (PID=33350) to work on /opt/airflow/dags/silver_processing_dag.py
[2026-09-06T04:48:13.512+0000] {processor.py:830} INFO - Processing file /opt/airflow/dags/silver_processing_dag.py for tasks to queue
[2026-09-06T04:48:13.517+0000] {logging_mixin.py:188} INFO - [2026-09-06T04:48:13.517+0000] {dagbag.py:545} INFO - Filling up the DagBag from /opt/airflow/dags/silver_processing_dag.py
[2026-09-06T04:48:13.567+0000] {processor.py:840} INFO - DAG(s) 'process_silver_layer' retrieved from /opt/airflow/dags/silver_processing_dag.py
[2026-09-06T04:48:13.656+0000] {logging_mixin.py:188} INFO - [2026-09-06T04:48:13.655+0000] {dag.py:3096} INFO - Sync 1 DAGs
[2026-09-06T04:48:13.701+0000] {logging_mixin.py:188} INFO - [2026-09-06T04:48:13.701+0000] {dag.py:3954} INFO - Setting next_dagrun for process_silver_layer to None, run_after=None
[2026-09-06T04:48:13.772+0000] {processor.py:183} INFO - Processing /opt/airflow/dags/silver_processing_dag.py took 0.280 seconds
[2026-09-06T04:48:44.303+0000] {processor.py:161} INFO - Started process (PID=33365) to work on /opt/airflow/dags/silver_processing_dag.py
[2026-09-06T04:48:44.306+0000] {processor.py:830} INFO - Processing file /opt/airflow/dags/silver_processing_dag.py for tasks to queue
[2026-09-06T04:48:44.313+0000] {logging_mixin.py:188} INFO - [2026-09-06T04:48:44.312+0000] {dagbag.py:545} INFO - Filling up the DagBag from /opt/airflow/dags/silver_processing_dag.py
[2026-09-06T04:48:44.355+0000] {processor.py:840} INFO - DAG(s) 'process_silver_layer' retrieved from /opt/airflow/dags/silver_processing_dag.py
[2026-09-06T04:48:44.414+0000] {logging_mixin.py:188} INFO - [2026-09-06T04:48:44.413+0000] {dag.py:3096} INFO - Sync 1 DAGs
[2026-09-06T04:48:44.461+0000] {logging_mixin.py:188} INFO - [2026-09-06T04:48:44.461+0000] {dag.py:3954} INFO - Setting next_dagrun for process_silver_layer to None, run_after=None
[2026-09-06T04:48:44.510+0000] {processor.py:183} INFO - Processing /opt/airflow/dags/silver_processing_dag.py took 0.221 seconds
[2026-09-06T04:49:15.121+0000] {processor.py:161} INFO - Started process (PID=33380) to work on /opt/airflow/dags/silver_processing_dag.py
[2026-09-06T04:49:15.123+0000] {processor.py:830} INFO - Processing file /opt/airflow/dags/silver_processing_dag.py for tasks to queue
[2026-09-06T04:49:15.128+0000] {logging_mixin.py:188} INFO - [2026-09-06T04:49:15.128+0000] {dagbag.py:545} INFO - Filling up the DagBag from /opt/airflow/dags/silver_processing_dag.py
[2026-09-06T04:49:15.168+0000] {processor.py:840} INFO - DAG(s) 'process_silver_layer' retrieved from /opt/airflow/dags/silver_processing_dag.py
[2026-09-06T04:49:15.237+0000] {logging_mixin.py:188} INFO - [2026-09-06T04:49:15.236+0000] {dag.py:3096} INFO - Sync 1 DAGs
[2026-09-06T04:49:15.298+0000] {logging_mixin.py:188} INFO - [2026-09-06T04:49:15.297+0000] {dag.py:3954} INFO - Setting next_dagrun for process_silver_layer to None, run_after=None
[2026-09-06T04:49:15.386+0000] {processor.py:183} INFO - Processing /opt/airflow/dags/silver_processing_dag.py took 0.281 seconds
[2026-09-06T04:49:45.950+0000] {processor.py:161} INFO - Started process (PID=33395) to work on /opt/airflow/dags/silver_processing_dag.py
[2026-09-06T04:49:45.953+0000] {processor.py:830} INFO - Processing file /opt/airflow/dags/silver_processing_dag.py for tasks to queue
[2026-09-06T04:49:45.958+0000] {logging_mixin.py:188} INFO - [2026-09-06T04:49:45.957+0000] {dagbag.py:545} INFO - Filling up the DagBag from /opt/airflow/dags/silver_processing_dag.py
[2026-09-06T04:49:45.995+0000] {processor.py:840} INFO - DAG(s) 'process_silver_layer' retrieved from /opt/airflow/dags/silver_processing_dag.py
[2026-09-06T04:49:46.051+0000] {logging_mixin.py:188} INFO - [2026-09-06T04:49:46.051+0000] {dag.py:3096} INFO - Sync 1 DAGs
[2026-09-06T04:49:46.086+0000] {logging_mixin.py:188} INFO - [2026-09-06T04:49:46.086+0000] {dag.py:3954} INFO - Setting next_dagrun for process_silver_layer to None, run_after=None
[2026-09-06T04:49:46.133+0000] {processor.py:183} INFO - Processing /opt/airflow/dags/silver_processing_dag.py took 0.196 seconds
[2026-09-06T04:50:16.672+0000] {processor.py:161} INFO - Started process (PID=33410) to work on /opt/airflow/dags/silver_processing_dag.py
[2026-09-06T04:50:16.675+0000] {processor.py:830} INFO - Processing file /opt/airflow/dags/silver_processing_dag.py for tasks to queue
[2026-09-06T04:50:16.683+0000] {logging_mixin.py:188} INFO - [2026-09-06T04:50:16.683+0000] {dagbag.py:545} INFO - Filling up the DagBag from /opt/airflow/dags/silver_processing_dag.py
[2026-09-06T04:50:16.738+0000] {processor.py:840} INFO - DAG(s) 'process_silver_layer' retrieved from /opt/airflow/dags/silver_processing_dag.py
[2026-09-06T04:50:16.824+0000] {logging_mixin.py:188} INFO - [2026-09-06T04:50:16.823+0000] {dag.py:3096} INFO - Sync 1 DAGs
[2026-09-06T04:50:16.861+0000] {logging_mixin.py:188} INFO - [2026-09-06T04:50:16.861+0000] {dag.py:3954} INFO - Setting next_dagrun for process_silver_layer to None, run_after=None
[2026-09-06T04:50:16.912+0000] {processor.py:183} INFO - Processing /opt/airflow/dags/silver_processing_dag.py took 0.261 seconds
[2026-09-06T04:50:47.540+0000] {processor.py:161} INFO - Started process (PID=33425) to work on /opt/airflow/dags/silver_processing_dag.py
[2026-09-06T04:50:47.543+0000] {processor.py:830} INFO - Processing file /opt/airflow/dags/silver_processing_dag.py for tasks to queue
[2026-09-06T04:50:47.549+0000] {logging_mixin.py:188} INFO - [2026-09-06T04:50:47.548+0000] {dagbag.py:545} INFO - Filling up the DagBag from /opt/airflow/dags/silver_processing_dag.py
[2026-09-06T04:50:47.588+0000] {processor.py:840} INFO - DAG(s) 'process_silver_layer' retrieved from /opt/airflow/dags/silver_processing_dag.py
[2026-09-06T04:50:47.642+0000] {logging_mixin.py:188} INFO - [2026-09-06T04:50:47.642+0000] {dag.py:3096} INFO - Sync 1 DAGs
[2026-09-06T04:50:47.669+0000] {logging_mixin.py:188} INFO - [2026-09-06T04:50:47.669+0000] {dag.py:3954} INFO - Setting next_dagrun for process_silver_layer to None, run_after=None
[2026-09-06T04:50:47.732+0000] {processor.py:183} INFO - Processing /opt/airflow/dags/silver_processing_dag.py took 0.209 seconds
[2026-09-06T04:51:18.387+0000] {processor.py:161} INFO - Started process (PID=33440) to work on /opt/airflow/dags/silver_processing_dag.py
[2026-09-06T04:51:18.389+0000] {processor.py:830} INFO - Processing file /opt/airflow/dags/silver_processing_dag.py for tasks to queue
[2026-09-06T04:51:18.395+0000] {logging_mixin.py:188} INFO - [2026-09-06T04:51:18.394+0000] {dagbag.py:545} INFO - Filling up the DagBag from /opt/airflow/dags/silver_processing_dag.py
[2026-09-06T04:51:18.442+0000] {processor.py:840} INFO - DAG(s) 'process_silver_layer' retrieved from /opt/airflow/dags/silver_processing_dag.py
[2026-09-06T04:51:18.516+0000] {logging_mixin.py:188} INFO - [2026-09-06T04:51:18.516+0000] {dag.py:3096} INFO - Sync 1 DAGs
[2026-09-06T04:51:18.558+0000] {logging_mixin.py:188} INFO - [2026-09-06T04:51:18.558+0000] {dag.py:3954} INFO - Setting next_dagrun for process_silver_layer to None, run_after=None
[2026-09-06T04:51:18.601+0000] {processor.py:183} INFO - Processing /opt/airflow/dags/silver_processing_dag.py took 0.235 seconds
[2026-09-06T04:51:49.090+0000] {processor.py:161} INFO - Started process (PID=33455) to work on /opt/airflow/dags/silver_processing_dag.py
[2026-09-06T04:51:49.092+0000] {processor.py:830} INFO - Processing file /opt/airflow/dags/silver_processing_dag.py for tasks to queue
[2026-09-06T04:51:49.097+0000] {logging_mixin.py:188} INFO - [2026-09-06T04:51:49.096+0000] {dagbag.py:545} INFO - Filling up the DagBag from /opt/airflow/dags/silver_processing_dag.py
[2026-09-06T04:51:49.134+0000] {processor.py:840} INFO - DAG(s) 'process_silver_layer' retrieved from /opt/airflow/dags/silver_processing_dag.py
[2026-09-06T04:51:49.184+0000] {logging_mixin.py:188} INFO - [2026-09-06T04:51:49.184+0000] {dag.py:3096} INFO - Sync 1 DAGs
[2026-09-06T04:51:49.219+0000] {logging_mixin.py:188} INFO - [2026-09-06T04:51:49.219+0000] {dag.py:3954} INFO - Setting next_dagrun for process_silver_layer to None, run_after=None
[2026-09-06T04:51:49.270+0000] {processor.py:183} INFO - Processing /opt/airflow/dags/silver_processing_dag.py took 0.195 seconds
[2026-09-06T04:52:19.729+0000] {processor.py:161} INFO - Started process (PID=33470) to work on /opt/airflow/dags/silver_processing_dag.py
[2026-09-06T04:52:19.731+0000] {processor.py:830} INFO - Processing file /opt/airflow/dags/silver_processing_dag.py for tasks to queue
[2026-09-06T04:52:19.738+0000] {logging_mixin.py:188} INFO - [2026-09-06T04:52:19.737+0000] {dagbag.py:545} INFO - Filling up the DagBag from /opt/airflow/dags/silver_processing_dag.py
[2026-09-06T04:52:19.780+0000] {processor.py:840} INFO - DAG(s) 'process_silver_layer' retrieved from /opt/airflow/dags/silver_processing_dag.py
[2026-09-06T04:52:19.835+0000] {logging_mixin.py:188} INFO - [2026-09-06T04:52:19.834+0000] {dag.py:3096} INFO - Sync 1 DAGs
[2026-09-06T04:52:19.871+0000] {logging_mixin.py:188} INFO - [2026-09-06T04:52:19.871+0000] {dag.py:3954} INFO - Setting next_dagrun for process_silver_layer to None, run_after=None
[2026-09-06T04:52:19.930+0000] {processor.py:183} INFO - Processing /opt/airflow/dags/silver_processing_dag.py took 0.219 seconds
[2026-09-06T04:52:50.561+0000] {processor.py:161} INFO - Started process (PID=33485) to work on /opt/airflow/dags/silver_processing_dag.py
[2026-09-06T04:52:50.564+0000] {processor.py:830} INFO - Processing file /opt/airflow/dags/silver_processing_dag.py for tasks to queue
[2026-09-06T04:52:50.571+0000] {logging_mixin.py:188} INFO - [2026-09-06T04:52:50.570+0000] {dagbag.py:545} INFO - Filling up the DagBag from /opt/airflow/dags/silver_processing_dag.py
[2026-09-06T04:52:50.622+0000] {processor.py:840} INFO - DAG(s) 'process_silver_layer' retrieved from /opt/airflow/dags/silver_processing_dag.py
[2026-09-06T04:52:50.675+0000] {logging_mixin.py:188} INFO - [2026-09-06T04:52:50.674+0000] {dag.py:3096} INFO - Sync 1 DAGs
[2026-09-06T04:52:50.715+0000] {logging_mixin.py:188} INFO - [2026-09-06T04:52:50.714+0000] {dag.py:3954} INFO - Setting next_dagrun for process_silver_layer to None, run_after=None
[2026-09-06T04:52:50.762+0000] {processor.py:183} INFO - Processing /opt/airflow/dags/silver_processing_dag.py took 0.217 seconds
[2026-09-06T04:53:21.178+0000] {processor.py:161} INFO - Started process (PID=33500) to work on /opt/airflow/dags/silver_processing_dag.py
[2026-09-06T04:53:21.181+0000] {processor.py:830} INFO - Processing file /opt/airflow/dags/silver_processing_dag.py for tasks to queue
[2026-09-06T04:53:21.187+0000] {logging_mixin.py:188} INFO - [2026-09-06T04:53:21.186+0000] {dagbag.py:545} INFO - Filling up the DagBag from /opt/airflow/dags/silver_processing_dag.py
[2026-09-06T04:53:21.225+0000] {processor.py:840} INFO - DAG(s) 'process_silver_layer' retrieved from /opt/airflow/dags/silver_processing_dag.py
[2026-09-06T04:53:21.299+0000] {logging_mixin.py:188} INFO - [2026-09-06T04:53:21.299+0000] {dag.py:3096} INFO - Sync 1 DAGs
[2026-09-06T04:53:21.331+0000] {logging_mixin.py:188} INFO - [2026-09-06T04:53:21.331+0000] {dag.py:3954} INFO - Setting next_dagrun for process_silver_layer to None, run_after=None
[2026-09-06T04:53:21.377+0000] {processor.py:183} INFO - Processing /opt/airflow/dags/silver_processing_dag.py took 0.218 seconds
[2026-09-06T04:53:51.796+0000] {processor.py:161} INFO - Started process (PID=33515) to work on /opt/airflow/dags/silver_processing_dag.py
[2026-09-06T04:53:51.800+0000] {processor.py:830} INFO - Processing file /opt/airflow/dags/silver_processing_dag.py for tasks to queue
[2026-09-06T04:53:51.809+0000] {logging_mixin.py:188} INFO - [2026-09-06T04:53:51.808+0000] {dagbag.py:545} INFO - Filling up the DagBag from /opt/airflow/dags/silver_processing_dag.py
[2026-09-06T04:53:51.957+0000] {processor.py:840} INFO - DAG(s) 'process_silver_layer' retrieved from /opt/airflow/dags/silver_processing_dag.py
[2026-09-06T04:53:52.101+0000] {logging_mixin.py:188} INFO - [2026-09-06T04:53:52.100+0000] {dag.py:3096} INFO - Sync 1 DAGs
[2026-09-06T04:53:52.188+0000] {logging_mixin.py:188} INFO - [2026-09-06T04:53:52.187+0000] {dag.py:3954} INFO - Setting next_dagrun for process_silver_layer to None, run_after=None
[2026-09-06T04:53:52.252+0000] {processor.py:183} INFO - Processing /opt/airflow/dags/silver_processing_dag.py took 0.489 seconds
[2026-09-06T04:54:23.103+0000] {processor.py:161} INFO - Started process (PID=33530) to work on /opt/airflow/dags/silver_processing_dag.py
[2026-09-06T04:54:23.116+0000] {processor.py:830} INFO - Processing file /opt/airflow/dags/silver_processing_dag.py for tasks to queue
[2026-09-06T04:54:23.128+0000] {logging_mixin.py:188} INFO - [2026-09-06T04:54:23.127+0000] {dagbag.py:545} INFO - Filling up the DagBag from /opt/airflow/dags/silver_processing_dag.py
[2026-09-06T04:54:23.167+0000] {processor.py:840} INFO - DAG(s) 'process_silver_layer' retrieved from /opt/airflow/dags/silver_processing_dag.py
[2026-09-06T04:54:23.215+0000] {logging_mixin.py:188} INFO - [2026-09-06T04:54:23.215+0000] {dag.py:3096} INFO - Sync 1 DAGs
[2026-09-06T04:54:23.257+0000] {logging_mixin.py:188} INFO - [2026-09-06T04:54:23.256+0000] {dag.py:3954} INFO - Setting next_dagrun for process_silver_layer to None, run_after=None
[2026-09-06T04:54:23.301+0000] {processor.py:183} INFO - Processing /opt/airflow/dags/silver_processing_dag.py took 0.212 seconds
[2026-09-06T04:54:53.884+0000] {processor.py:161} INFO - Started process (PID=33545) to work on /opt/airflow/dags/silver_processing_dag.py
[2026-09-06T04:54:53.887+0000] {processor.py:830} INFO - Processing file /opt/airflow/dags/silver_processing_dag.py for tasks to queue
[2026-09-06T04:54:53.894+0000] {logging_mixin.py:188} INFO - [2026-09-06T04:54:53.892+0000] {dagbag.py:545} INFO - Filling up the DagBag from /opt/airflow/dags/silver_processing_dag.py
[2026-09-06T04:54:53.977+0000] {processor.py:840} INFO - DAG(s) 'process_silver_layer' retrieved from /opt/airflow/dags/silver_processing_dag.py
[2026-09-06T04:54:54.045+0000] {logging_mixin.py:188} INFO - [2026-09-06T04:54:54.044+0000] {dag.py:3096} INFO - Sync 1 DAGs
[2026-09-06T04:54:54.092+0000] {logging_mixin.py:188} INFO - [2026-09-06T04:54:54.091+0000] {dag.py:3954} INFO - Setting next_dagrun for process_silver_layer to None, run_after=None
[2026-09-06T04:54:54.164+0000] {processor.py:183} INFO - Processing /opt/airflow/dags/silver_processing_dag.py took 0.297 seconds
[2026-09-06T04:55:24.634+0000] {processor.py:161} INFO - Started process (PID=33560) to work on /opt/airflow/dags/silver_processing_dag.py
[2026-09-06T04:55:24.637+0000] {processor.py:830} INFO - Processing file /opt/airflow/dags/silver_processing_dag.py for tasks to queue
[2026-09-06T04:55:24.643+0000] {logging_mixin.py:188} INFO - [2026-09-06T04:55:24.642+0000] {dagbag.py:545} INFO - Filling up the DagBag from /opt/airflow/dags/silver_processing_dag.py
[2026-09-06T04:55:24.684+0000] {processor.py:840} INFO - DAG(s) 'process_silver_layer' retrieved from /opt/airflow/dags/silver_processing_dag.py
[2026-09-06T04:55:24.741+0000] {logging_mixin.py:188} INFO - [2026-09-06T04:55:24.740+0000] {dag.py:3096} INFO - Sync 1 DAGs
[2026-09-06T04:55:24.774+0000] {logging_mixin.py:188} INFO - [2026-09-06T04:55:24.774+0000] {dag.py:3954} INFO - Setting next_dagrun for process_silver_layer to None, run_after=None
[2026-09-06T04:55:24.831+0000] {processor.py:183} INFO - Processing /opt/airflow/dags/silver_processing_dag.py took 0.211 seconds
[2026-09-06T04:55:59.377+0000] {processor.py:161} INFO - Started process (PID=33573) to work on /opt/airflow/dags/silver_processing_dag.py
[2026-09-06T04:55:59.420+0000] {processor.py:830} INFO - Processing file /opt/airflow/dags/silver_processing_dag.py for tasks to queue
[2026-09-06T04:55:59.692+0000] {logging_mixin.py:188} INFO - [2026-09-06T04:55:59.690+0000] {dagbag.py:545} INFO - Filling up the DagBag from /opt/airflow/dags/silver_processing_dag.py
[2026-09-06T04:56:02.492+0000] {processor.py:840} INFO - DAG(s) 'process_silver_layer' retrieved from /opt/airflow/dags/silver_processing_dag.py
[2026-09-06T04:56:02.753+0000] {logging_mixin.py:188} INFO - [2026-09-06T04:56:02.742+0000] {dag.py:3096} INFO - Sync 1 DAGs
[2026-09-06T04:56:02.939+0000] {logging_mixin.py:188} INFO - [2026-09-06T04:56:02.938+0000] {dag.py:3954} INFO - Setting next_dagrun for process_silver_layer to None, run_after=None
[2026-09-06T04:56:03.209+0000] {processor.py:183} INFO - Processing /opt/airflow/dags/silver_processing_dag.py took 3.867 seconds
[2026-09-06T04:56:34.340+0000] {processor.py:161} INFO - Started process (PID=33590) to work on /opt/airflow/dags/silver_processing_dag.py
[2026-09-06T04:56:34.343+0000] {processor.py:830} INFO - Processing file /opt/airflow/dags/silver_processing_dag.py for tasks to queue
[2026-09-06T04:56:34.349+0000] {logging_mixin.py:188} INFO - [2026-09-06T04:56:34.348+0000] {dagbag.py:545} INFO - Filling up the DagBag from /opt/airflow/dags/silver_processing_dag.py
[2026-09-06T04:56:34.392+0000] {processor.py:840} INFO - DAG(s) 'process_silver_layer' retrieved from /opt/airflow/dags/silver_processing_dag.py
[2026-09-06T04:56:34.448+0000] {logging_mixin.py:188} INFO - [2026-09-06T04:56:34.448+0000] {dag.py:3096} INFO - Sync 1 DAGs
[2026-09-06T04:56:34.494+0000] {logging_mixin.py:188} INFO - [2026-09-06T04:56:34.494+0000] {dag.py:3954} INFO - Setting next_dagrun for process_silver_layer to None, run_after=None
[2026-09-06T04:56:34.543+0000] {processor.py:183} INFO - Processing /opt/airflow/dags/silver_processing_dag.py took 0.221 seconds
[2026-09-06T04:57:05.015+0000] {processor.py:161} INFO - Started process (PID=33605) to work on /opt/airflow/dags/silver_processing_dag.py
[2026-09-06T04:57:05.020+0000] {processor.py:830} INFO - Processing file /opt/airflow/dags/silver_processing_dag.py for tasks to queue
[2026-09-06T04:57:05.026+0000] {logging_mixin.py:188} INFO - [2026-09-06T04:57:05.026+0000] {dagbag.py:545} INFO - Filling up the DagBag from /opt/airflow/dags/silver_processing_dag.py
[2026-09-06T04:57:05.071+0000] {processor.py:840} INFO - DAG(s) 'process_silver_layer' retrieved from /opt/airflow/dags/silver_processing_dag.py
[2026-09-06T04:57:05.128+0000] {logging_mixin.py:188} INFO - [2026-09-06T04:57:05.127+0000] {dag.py:3096} INFO - Sync 1 DAGs
[2026-09-06T04:57:05.163+0000] {logging_mixin.py:188} INFO - [2026-09-06T04:57:05.163+0000] {dag.py:3954} INFO - Setting next_dagrun for process_silver_layer to None, run_after=None
[2026-09-06T04:57:05.213+0000] {processor.py:183} INFO - Processing /opt/airflow/dags/silver_processing_dag.py took 0.216 seconds
[2026-09-06T04:57:35.784+0000] {processor.py:161} INFO - Started process (PID=33620) to work on /opt/airflow/dags/silver_processing_dag.py
[2026-09-06T04:57:35.849+0000] {processor.py:830} INFO - Processing file /opt/airflow/dags/silver_processing_dag.py for tasks to queue
[2026-09-06T04:57:35.929+0000] {logging_mixin.py:188} INFO - [2026-09-06T04:57:35.927+0000] {dagbag.py:545} INFO - Filling up the DagBag from /opt/airflow/dags/silver_processing_dag.py
[2026-09-06T04:57:36.957+0000] {processor.py:840} INFO - DAG(s) 'process_silver_layer' retrieved from /opt/airflow/dags/silver_processing_dag.py
[2026-09-06T04:57:37.139+0000] {logging_mixin.py:188} INFO - [2026-09-06T04:57:37.139+0000] {dag.py:3096} INFO - Sync 1 DAGs
[2026-09-06T04:57:37.418+0000] {logging_mixin.py:188} INFO - [2026-09-06T04:57:37.417+0000] {dag.py:3954} INFO - Setting next_dagrun for process_silver_layer to None, run_after=None
[2026-09-06T04:57:37.714+0000] {processor.py:183} INFO - Processing /opt/airflow/dags/silver_processing_dag.py took 1.968 seconds
[2026-09-06T04:58:08.627+0000] {processor.py:161} INFO - Started process (PID=33635) to work on /opt/airflow/dags/silver_processing_dag.py
[2026-09-06T04:58:08.629+0000] {processor.py:830} INFO - Processing file /opt/airflow/dags/silver_processing_dag.py for tasks to queue
[2026-09-06T04:58:08.635+0000] {logging_mixin.py:188} INFO - [2026-09-06T04:58:08.635+0000] {dagbag.py:545} INFO - Filling up the DagBag from /opt/airflow/dags/silver_processing_dag.py
[2026-09-06T04:58:08.673+0000] {processor.py:840} INFO - DAG(s) 'process_silver_layer' retrieved from /opt/airflow/dags/silver_processing_dag.py
[2026-09-06T04:58:08.728+0000] {logging_mixin.py:188} INFO - [2026-09-06T04:58:08.727+0000] {dag.py:3096} INFO - Sync 1 DAGs
[2026-09-06T04:58:08.764+0000] {logging_mixin.py:188} INFO - [2026-09-06T04:58:08.764+0000] {dag.py:3954} INFO - Setting next_dagrun for process_silver_layer to None, run_after=None
[2026-09-06T04:58:08.825+0000] {processor.py:183} INFO - Processing /opt/airflow/dags/silver_processing_dag.py took 0.214 seconds
[2026-09-06T04:58:39.511+0000] {processor.py:161} INFO - Started process (PID=33650) to work on /opt/airflow/dags/silver_processing_dag.py
[2026-09-06T04:58:39.514+0000] {processor.py:830} INFO - Processing file /opt/airflow/dags/silver_processing_dag.py for tasks to queue
[2026-09-06T04:58:39.519+0000] {logging_mixin.py:188} INFO - [2026-09-06T04:58:39.518+0000] {dagbag.py:545} INFO - Filling up the DagBag from /opt/airflow/dags/silver_processing_dag.py
[2026-09-06T04:58:39.558+0000] {processor.py:840} INFO - DAG(s) 'process_silver_layer' retrieved from /opt/airflow/dags/silver_processing_dag.py
[2026-09-06T04:58:39.612+0000] {logging_mixin.py:188} INFO - [2026-09-06T04:58:39.611+0000] {dag.py:3096} INFO - Sync 1 DAGs
[2026-09-06T04:58:39.660+0000] {logging_mixin.py:188} INFO - [2026-09-06T04:58:39.659+0000] {dag.py:3954} INFO - Setting next_dagrun for process_silver_layer to None, run_after=None
[2026-09-06T04:58:39.736+0000] {processor.py:183} INFO - Processing /opt/airflow/dags/silver_processing_dag.py took 0.247 seconds
[2026-09-06T04:59:10.171+0000] {processor.py:161} INFO - Started process (PID=33665) to work on /opt/airflow/dags/silver_processing_dag.py
[2026-09-06T04:59:10.174+0000] {processor.py:830} INFO - Processing file /opt/airflow/dags/silver_processing_dag.py for tasks to queue
[2026-09-06T04:59:10.181+0000] {logging_mixin.py:188} INFO - [2026-09-06T04:59:10.180+0000] {dagbag.py:545} INFO - Filling up the DagBag from /opt/airflow/dags/silver_processing_dag.py
[2026-09-06T04:59:10.220+0000] {processor.py:840} INFO - DAG(s) 'process_silver_layer' retrieved from /opt/airflow/dags/silver_processing_dag.py
[2026-09-06T04:59:10.273+0000] {logging_mixin.py:188} INFO - [2026-09-06T04:59:10.273+0000] {dag.py:3096} INFO - Sync 1 DAGs
[2026-09-06T04:59:10.315+0000] {logging_mixin.py:188} INFO - [2026-09-06T04:59:10.315+0000] {dag.py:3954} INFO - Setting next_dagrun for process_silver_layer to None, run_after=None
[2026-09-06T04:59:10.366+0000] {processor.py:183} INFO - Processing /opt/airflow/dags/silver_processing_dag.py took 0.210 seconds
[2026-09-06T04:59:40.450+0000] {processor.py:161} INFO - Started process (PID=33680) to work on /opt/airflow/dags/silver_processing_dag.py
[2026-09-06T04:59:40.453+0000] {processor.py:830} INFO - Processing file /opt/airflow/dags/silver_processing_dag.py for tasks to queue
[2026-09-06T04:59:40.458+0000] {logging_mixin.py:188} INFO - [2026-09-06T04:59:40.457+0000] {dagbag.py:545} INFO - Filling up the DagBag from /opt/airflow/dags/silver_processing_dag.py
[2026-09-06T04:59:40.501+0000] {processor.py:840} INFO - DAG(s) 'process_silver_layer' retrieved from /opt/airflow/dags/silver_processing_dag.py
[2026-09-06T04:59:40.548+0000] {logging_mixin.py:188} INFO - [2026-09-06T04:59:40.548+0000] {dag.py:3096} INFO - Sync 1 DAGs
[2026-09-06T04:59:40.583+0000] {logging_mixin.py:188} INFO - [2026-09-06T04:59:40.582+0000] {dag.py:3954} INFO - Setting next_dagrun for process_silver_layer to None, run_after=None
[2026-09-06T04:59:40.626+0000] {processor.py:183} INFO - Processing /opt/airflow/dags/silver_processing_dag.py took 0.195 seconds
[2026-09-06T05:00:12.760+0000] {processor.py:161} INFO - Started process (PID=33697) to work on /opt/airflow/dags/silver_processing_dag.py
[2026-09-06T05:00:12.816+0000] {processor.py:830} INFO - Processing file /opt/airflow/dags/silver_processing_dag.py for tasks to queue
[2026-09-06T05:00:12.951+0000] {logging_mixin.py:188} INFO - [2026-09-06T05:00:12.950+0000] {dagbag.py:545} INFO - Filling up the DagBag from /opt/airflow/dags/silver_processing_dag.py
[2026-09-06T05:00:13.385+0000] {processor.py:840} INFO - DAG(s) 'process_silver_layer' retrieved from /opt/airflow/dags/silver_processing_dag.py
[2026-09-06T05:00:13.725+0000] {logging_mixin.py:188} INFO - [2026-09-06T05:00:13.724+0000] {dag.py:3096} INFO - Sync 1 DAGs
[2026-09-06T05:00:13.932+0000] {logging_mixin.py:188} INFO - [2026-09-06T05:00:13.932+0000] {dag.py:3954} INFO - Setting next_dagrun for process_silver_layer to None, run_after=None
[2026-09-06T05:00:14.134+0000] {processor.py:183} INFO - Processing /opt/airflow/dags/silver_processing_dag.py took 1.558 seconds
[2026-09-06T05:00:44.619+0000] {processor.py:161} INFO - Started process (PID=33792) to work on /opt/airflow/dags/silver_processing_dag.py
[2026-09-06T05:00:44.637+0000] {processor.py:830} INFO - Processing file /opt/airflow/dags/silver_processing_dag.py for tasks to queue
[2026-09-06T05:00:44.655+0000] {logging_mixin.py:188} INFO - [2026-09-06T05:00:44.654+0000] {dagbag.py:545} INFO - Filling up the DagBag from /opt/airflow/dags/silver_processing_dag.py
[2026-09-06T05:00:44.764+0000] {processor.py:840} INFO - DAG(s) 'process_silver_layer' retrieved from /opt/airflow/dags/silver_processing_dag.py
[2026-09-06T05:00:44.897+0000] {logging_mixin.py:188} INFO - [2026-09-06T05:00:44.897+0000] {dag.py:3096} INFO - Sync 1 DAGs
[2026-09-06T05:00:44.985+0000] {logging_mixin.py:188} INFO - [2026-09-06T05:00:44.984+0000] {dag.py:3954} INFO - Setting next_dagrun for process_silver_layer to None, run_after=None
[2026-09-06T05:00:45.096+0000] {processor.py:183} INFO - Processing /opt/airflow/dags/silver_processing_dag.py took 0.521 seconds
[2026-09-06T05:01:15.393+0000] {processor.py:161} INFO - Started process (PID=33921) to work on /opt/airflow/dags/silver_processing_dag.py
[2026-09-06T05:01:15.397+0000] {processor.py:830} INFO - Processing file /opt/airflow/dags/silver_processing_dag.py for tasks to queue
[2026-09-06T05:01:15.409+0000] {logging_mixin.py:188} INFO - [2026-09-06T05:01:15.408+0000] {dagbag.py:545} INFO - Filling up the DagBag from /opt/airflow/dags/silver_processing_dag.py
[2026-09-06T05:01:15.476+0000] {processor.py:840} INFO - DAG(s) 'process_silver_layer' retrieved from /opt/airflow/dags/silver_processing_dag.py
[2026-09-06T05:01:15.582+0000] {logging_mixin.py:188} INFO - [2026-09-06T05:01:15.581+0000] {dag.py:3096} INFO - Sync 1 DAGs
[2026-09-06T05:01:15.645+0000] {logging_mixin.py:188} INFO - [2026-09-06T05:01:15.645+0000] {dag.py:3954} INFO - Setting next_dagrun for process_silver_layer to None, run_after=None
[2026-09-06T05:01:15.747+0000] {processor.py:183} INFO - Processing /opt/airflow/dags/silver_processing_dag.py took 0.393 seconds
[2026-09-06T05:01:46.167+0000] {processor.py:161} INFO - Started process (PID=34030) to work on /opt/airflow/dags/silver_processing_dag.py
[2026-09-06T05:01:46.176+0000] {processor.py:830} INFO - Processing file /opt/airflow/dags/silver_processing_dag.py for tasks to queue
[2026-09-06T05:01:46.208+0000] {logging_mixin.py:188} INFO - [2026-09-06T05:01:46.205+0000] {dagbag.py:545} INFO - Filling up the DagBag from /opt/airflow/dags/silver_processing_dag.py
[2026-09-06T05:01:46.442+0000] {processor.py:840} INFO - DAG(s) 'process_silver_layer' retrieved from /opt/airflow/dags/silver_processing_dag.py
[2026-09-06T05:01:46.729+0000] {logging_mixin.py:188} INFO - [2026-09-06T05:01:46.724+0000] {dag.py:3096} INFO - Sync 1 DAGs
[2026-09-06T05:01:46.988+0000] {logging_mixin.py:188} INFO - [2026-09-06T05:01:46.986+0000] {dag.py:3954} INFO - Setting next_dagrun for process_silver_layer to None, run_after=None
[2026-09-06T05:01:47.216+0000] {processor.py:183} INFO - Processing /opt/airflow/dags/silver_processing_dag.py took 1.136 seconds
[2026-09-06T05:02:17.474+0000] {processor.py:161} INFO - Started process (PID=34091) to work on /opt/airflow/dags/silver_processing_dag.py
[2026-09-06T05:02:17.483+0000] {processor.py:830} INFO - Processing file /opt/airflow/dags/silver_processing_dag.py for tasks to queue
[2026-09-06T05:02:17.546+0000] {logging_mixin.py:188} INFO - [2026-09-06T05:02:17.545+0000] {dagbag.py:545} INFO - Filling up the DagBag from /opt/airflow/dags/silver_processing_dag.py
[2026-09-06T05:02:17.768+0000] {processor.py:840} INFO - DAG(s) 'process_silver_layer' retrieved from /opt/airflow/dags/silver_processing_dag.py
[2026-09-06T05:02:17.869+0000] {logging_mixin.py:188} INFO - [2026-09-06T05:02:17.869+0000] {dag.py:3096} INFO - Sync 1 DAGs
[2026-09-06T05:02:17.929+0000] {logging_mixin.py:188} INFO - [2026-09-06T05:02:17.923+0000] {dag.py:3954} INFO - Setting next_dagrun for process_silver_layer to None, run_after=None
[2026-09-06T05:02:18.016+0000] {processor.py:183} INFO - Processing /opt/airflow/dags/silver_processing_dag.py took 0.565 seconds
[2026-09-06T05:02:48.750+0000] {processor.py:161} INFO - Started process (PID=34154) to work on /opt/airflow/dags/silver_processing_dag.py
[2026-09-06T05:02:48.790+0000] {processor.py:830} INFO - Processing file /opt/airflow/dags/silver_processing_dag.py for tasks to queue
[2026-09-06T05:02:48.828+0000] {logging_mixin.py:188} INFO - [2026-09-06T05:02:48.822+0000] {dagbag.py:545} INFO - Filling up the DagBag from /opt/airflow/dags/silver_processing_dag.py
[2026-09-06T05:02:49.170+0000] {processor.py:840} INFO - DAG(s) 'process_silver_layer' retrieved from /opt/airflow/dags/silver_processing_dag.py
[2026-09-06T05:02:49.388+0000] {logging_mixin.py:188} INFO - [2026-09-06T05:02:49.387+0000] {dag.py:3096} INFO - Sync 1 DAGs
[2026-09-06T05:02:49.542+0000] {logging_mixin.py:188} INFO - [2026-09-06T05:02:49.530+0000] {dag.py:3954} INFO - Setting next_dagrun for process_silver_layer to None, run_after=None
[2026-09-06T05:02:49.750+0000] {processor.py:183} INFO - Processing /opt/airflow/dags/silver_processing_dag.py took 1.079 seconds
[2026-09-06T05:03:20.811+0000] {processor.py:161} INFO - Started process (PID=34174) to work on /opt/airflow/dags/silver_processing_dag.py
[2026-09-06T05:03:20.844+0000] {processor.py:830} INFO - Processing file /opt/airflow/dags/silver_processing_dag.py for tasks to queue
[2026-09-06T05:03:20.879+0000] {logging_mixin.py:188} INFO - [2026-09-06T05:03:20.878+0000] {dagbag.py:545} INFO - Filling up the DagBag from /opt/airflow/dags/silver_processing_dag.py
[2026-09-06T05:03:21.125+0000] {processor.py:840} INFO - DAG(s) 'process_silver_layer' retrieved from /opt/airflow/dags/silver_processing_dag.py
[2026-09-06T05:03:21.335+0000] {logging_mixin.py:188} INFO - [2026-09-06T05:03:21.335+0000] {dag.py:3096} INFO - Sync 1 DAGs
[2026-09-06T05:03:21.476+0000] {logging_mixin.py:188} INFO - [2026-09-06T05:03:21.475+0000] {dag.py:3954} INFO - Setting next_dagrun for process_silver_layer to None, run_after=None
[2026-09-06T05:03:21.708+0000] {processor.py:183} INFO - Processing /opt/airflow/dags/silver_processing_dag.py took 0.943 seconds
[2026-09-06T05:03:53.153+0000] {processor.py:161} INFO - Started process (PID=34273) to work on /opt/airflow/dags/silver_processing_dag.py
[2026-09-06T05:03:53.158+0000] {processor.py:830} INFO - Processing file /opt/airflow/dags/silver_processing_dag.py for tasks to queue
[2026-09-06T05:03:53.178+0000] {logging_mixin.py:188} INFO - [2026-09-06T05:03:53.176+0000] {dagbag.py:545} INFO - Filling up the DagBag from /opt/airflow/dags/silver_processing_dag.py
[2026-09-06T05:03:53.311+0000] {processor.py:840} INFO - DAG(s) 'process_silver_layer' retrieved from /opt/airflow/dags/silver_processing_dag.py
[2026-09-06T05:03:53.524+0000] {logging_mixin.py:188} INFO - [2026-09-06T05:03:53.523+0000] {dag.py:3096} INFO - Sync 1 DAGs
[2026-09-06T05:03:53.644+0000] {logging_mixin.py:188} INFO - [2026-09-06T05:03:53.644+0000] {dag.py:3954} INFO - Setting next_dagrun for process_silver_layer to None, run_after=None
[2026-09-06T05:03:53.829+0000] {processor.py:183} INFO - Processing /opt/airflow/dags/silver_processing_dag.py took 0.742 seconds
[2026-09-06T05:04:27.025+0000] {processor.py:161} INFO - Started process (PID=34327) to work on /opt/airflow/dags/silver_processing_dag.py
[2026-09-06T05:04:27.032+0000] {processor.py:830} INFO - Processing file /opt/airflow/dags/silver_processing_dag.py for tasks to queue
[2026-09-06T05:04:27.056+0000] {logging_mixin.py:188} INFO - [2026-09-06T05:04:27.054+0000] {dagbag.py:545} INFO - Filling up the DagBag from /opt/airflow/dags/silver_processing_dag.py
[2026-09-06T05:04:27.516+0000] {processor.py:840} INFO - DAG(s) 'process_silver_layer' retrieved from /opt/airflow/dags/silver_processing_dag.py
[2026-09-06T05:04:27.769+0000] {logging_mixin.py:188} INFO - [2026-09-06T05:04:27.768+0000] {dag.py:3096} INFO - Sync 1 DAGs
[2026-09-06T05:04:27.905+0000] {logging_mixin.py:188} INFO - [2026-09-06T05:04:27.905+0000] {dag.py:3954} INFO - Setting next_dagrun for process_silver_layer to None, run_after=None
[2026-09-06T05:04:28.151+0000] {processor.py:183} INFO - Processing /opt/airflow/dags/silver_processing_dag.py took 1.165 seconds
[2026-09-06T05:04:59.055+0000] {processor.py:161} INFO - Started process (PID=34444) to work on /opt/airflow/dags/silver_processing_dag.py
[2026-09-06T05:04:59.058+0000] {processor.py:830} INFO - Processing file /opt/airflow/dags/silver_processing_dag.py for tasks to queue
[2026-09-06T05:04:59.094+0000] {logging_mixin.py:188} INFO - [2026-09-06T05:04:59.091+0000] {dagbag.py:545} INFO - Filling up the DagBag from /opt/airflow/dags/silver_processing_dag.py
[2026-09-06T05:04:59.446+0000] {processor.py:840} INFO - DAG(s) 'process_silver_layer' retrieved from /opt/airflow/dags/silver_processing_dag.py
[2026-09-06T05:04:59.648+0000] {logging_mixin.py:188} INFO - [2026-09-06T05:04:59.647+0000] {dag.py:3096} INFO - Sync 1 DAGs
[2026-09-06T05:04:59.892+0000] {logging_mixin.py:188} INFO - [2026-09-06T05:04:59.892+0000] {dag.py:3954} INFO - Setting next_dagrun for process_silver_layer to None, run_after=None
[2026-09-06T05:05:00.119+0000] {processor.py:183} INFO - Processing /opt/airflow/dags/silver_processing_dag.py took 1.207 seconds
[2026-09-06T05:05:30.843+0000] {processor.py:161} INFO - Started process (PID=35061) to work on /opt/airflow/dags/silver_processing_dag.py
[2026-09-06T05:05:30.856+0000] {processor.py:830} INFO - Processing file /opt/airflow/dags/silver_processing_dag.py for tasks to queue
[2026-09-06T05:05:30.876+0000] {logging_mixin.py:188} INFO - [2026-09-06T05:05:30.874+0000] {dagbag.py:545} INFO - Filling up the DagBag from /opt/airflow/dags/silver_processing_dag.py
[2026-09-06T05:05:31.095+0000] {processor.py:840} INFO - DAG(s) 'process_silver_layer' retrieved from /opt/airflow/dags/silver_processing_dag.py
[2026-09-06T05:05:31.251+0000] {logging_mixin.py:188} INFO - [2026-09-06T05:05:31.250+0000] {dag.py:3096} INFO - Sync 1 DAGs
[2026-09-06T05:05:31.372+0000] {logging_mixin.py:188} INFO - [2026-09-06T05:05:31.372+0000] {dag.py:3954} INFO - Setting next_dagrun for process_silver_layer to None, run_after=None
[2026-09-06T05:05:31.576+0000] {processor.py:183} INFO - Processing /opt/airflow/dags/silver_processing_dag.py took 0.789 seconds
[2026-09-06T05:06:02.915+0000] {processor.py:161} INFO - Started process (PID=35146) to work on /opt/airflow/dags/silver_processing_dag.py
[2026-09-06T05:06:02.948+0000] {processor.py:830} INFO - Processing file /opt/airflow/dags/silver_processing_dag.py for tasks to queue
[2026-09-06T05:06:02.976+0000] {logging_mixin.py:188} INFO - [2026-09-06T05:06:02.975+0000] {dagbag.py:545} INFO - Filling up the DagBag from /opt/airflow/dags/silver_processing_dag.py
[2026-09-06T05:06:03.436+0000] {processor.py:840} INFO - DAG(s) 'process_silver_layer' retrieved from /opt/airflow/dags/silver_processing_dag.py
[2026-09-06T05:06:03.708+0000] {logging_mixin.py:188} INFO - [2026-09-06T05:06:03.707+0000] {dag.py:3096} INFO - Sync 1 DAGs
[2026-09-06T05:06:03.842+0000] {logging_mixin.py:188} INFO - [2026-09-06T05:06:03.842+0000] {dag.py:3954} INFO - Setting next_dagrun for process_silver_layer to None, run_after=None
[2026-09-06T05:06:04.010+0000] {processor.py:183} INFO - Processing /opt/airflow/dags/silver_processing_dag.py took 1.191 seconds
[2026-09-06T05:06:34.494+0000] {processor.py:161} INFO - Started process (PID=35214) to work on /opt/airflow/dags/silver_processing_dag.py
[2026-09-06T05:06:34.501+0000] {processor.py:830} INFO - Processing file /opt/airflow/dags/silver_processing_dag.py for tasks to queue
[2026-09-06T05:06:34.519+0000] {logging_mixin.py:188} INFO - [2026-09-06T05:06:34.518+0000] {dagbag.py:545} INFO - Filling up the DagBag from /opt/airflow/dags/silver_processing_dag.py
[2026-09-06T05:06:34.821+0000] {processor.py:840} INFO - DAG(s) 'process_silver_layer' retrieved from /opt/airflow/dags/silver_processing_dag.py
[2026-09-06T05:06:35.008+0000] {logging_mixin.py:188} INFO - [2026-09-06T05:06:35.007+0000] {dag.py:3096} INFO - Sync 1 DAGs
[2026-09-06T05:06:35.206+0000] {logging_mixin.py:188} INFO - [2026-09-06T05:06:35.205+0000] {dag.py:3954} INFO - Setting next_dagrun for process_silver_layer to None, run_after=None
[2026-09-06T05:06:35.549+0000] {processor.py:183} INFO - Processing /opt/airflow/dags/silver_processing_dag.py took 1.087 seconds
[2026-09-06T05:07:06.144+0000] {processor.py:161} INFO - Started process (PID=35315) to work on /opt/airflow/dags/silver_processing_dag.py
[2026-09-06T05:07:06.147+0000] {processor.py:830} INFO - Processing file /opt/airflow/dags/silver_processing_dag.py for tasks to queue
[2026-09-06T05:07:06.153+0000] {logging_mixin.py:188} INFO - [2026-09-06T05:07:06.152+0000] {dagbag.py:545} INFO - Filling up the DagBag from /opt/airflow/dags/silver_processing_dag.py
[2026-09-06T05:07:06.279+0000] {processor.py:840} INFO - DAG(s) 'process_silver_layer' retrieved from /opt/airflow/dags/silver_processing_dag.py
[2026-09-06T05:07:06.376+0000] {logging_mixin.py:188} INFO - [2026-09-06T05:07:06.375+0000] {dag.py:3096} INFO - Sync 1 DAGs
[2026-09-06T05:07:06.422+0000] {logging_mixin.py:188} INFO - [2026-09-06T05:07:06.421+0000] {dag.py:3954} INFO - Setting next_dagrun for process_silver_layer to None, run_after=None
[2026-09-06T05:07:06.488+0000] {processor.py:183} INFO - Processing /opt/airflow/dags/silver_processing_dag.py took 0.360 seconds
[2026-09-06T05:07:37.142+0000] {processor.py:161} INFO - Started process (PID=35392) to work on /opt/airflow/dags/silver_processing_dag.py
[2026-09-06T05:07:37.145+0000] {processor.py:830} INFO - Processing file /opt/airflow/dags/silver_processing_dag.py for tasks to queue
[2026-09-06T05:07:37.152+0000] {logging_mixin.py:188} INFO - [2026-09-06T05:07:37.151+0000] {dagbag.py:545} INFO - Filling up the DagBag from /opt/airflow/dags/silver_processing_dag.py
[2026-09-06T05:07:37.229+0000] {processor.py:840} INFO - DAG(s) 'process_silver_layer' retrieved from /opt/airflow/dags/silver_processing_dag.py
[2026-09-06T05:07:37.299+0000] {logging_mixin.py:188} INFO - [2026-09-06T05:07:37.298+0000] {dag.py:3096} INFO - Sync 1 DAGs
[2026-09-06T05:07:37.381+0000] {logging_mixin.py:188} INFO - [2026-09-06T05:07:37.380+0000] {dag.py:3954} INFO - Setting next_dagrun for process_silver_layer to None, run_after=None
[2026-09-06T05:07:37.482+0000] {processor.py:183} INFO - Processing /opt/airflow/dags/silver_processing_dag.py took 0.363 seconds
[2026-09-06T05:08:08.106+0000] {processor.py:161} INFO - Started process (PID=35407) to work on /opt/airflow/dags/silver_processing_dag.py
[2026-09-06T05:08:08.110+0000] {processor.py:830} INFO - Processing file /opt/airflow/dags/silver_processing_dag.py for tasks to queue
[2026-09-06T05:08:08.119+0000] {logging_mixin.py:188} INFO - [2026-09-06T05:08:08.117+0000] {dagbag.py:545} INFO - Filling up the DagBag from /opt/airflow/dags/silver_processing_dag.py
[2026-09-06T05:08:08.176+0000] {processor.py:840} INFO - DAG(s) 'process_silver_layer' retrieved from /opt/airflow/dags/silver_processing_dag.py
[2026-09-06T05:08:08.255+0000] {logging_mixin.py:188} INFO - [2026-09-06T05:08:08.255+0000] {dag.py:3096} INFO - Sync 1 DAGs
[2026-09-06T05:08:08.332+0000] {logging_mixin.py:188} INFO - [2026-09-06T05:08:08.331+0000] {dag.py:3954} INFO - Setting next_dagrun for process_silver_layer to None, run_after=None
[2026-09-06T05:08:08.414+0000] {processor.py:183} INFO - Processing /opt/airflow/dags/silver_processing_dag.py took 0.330 seconds
[2026-09-06T05:08:39.073+0000] {processor.py:161} INFO - Started process (PID=35422) to work on /opt/airflow/dags/silver_processing_dag.py
[2026-09-06T05:08:39.076+0000] {processor.py:830} INFO - Processing file /opt/airflow/dags/silver_processing_dag.py for tasks to queue
[2026-09-06T05:08:39.096+0000] {logging_mixin.py:188} INFO - [2026-09-06T05:08:39.095+0000] {dagbag.py:545} INFO - Filling up the DagBag from /opt/airflow/dags/silver_processing_dag.py
[2026-09-06T05:08:39.204+0000] {processor.py:840} INFO - DAG(s) 'process_silver_layer' retrieved from /opt/airflow/dags/silver_processing_dag.py
[2026-09-06T05:08:39.314+0000] {logging_mixin.py:188} INFO - [2026-09-06T05:08:39.313+0000] {dag.py:3096} INFO - Sync 1 DAGs
[2026-09-06T05:08:39.386+0000] {logging_mixin.py:188} INFO - [2026-09-06T05:08:39.386+0000] {dag.py:3954} INFO - Setting next_dagrun for process_silver_layer to None, run_after=None
[2026-09-06T05:08:39.496+0000] {processor.py:183} INFO - Processing /opt/airflow/dags/silver_processing_dag.py took 0.447 seconds
[2026-09-06T05:09:10.055+0000] {processor.py:161} INFO - Started process (PID=35437) to work on /opt/airflow/dags/silver_processing_dag.py
[2026-09-06T05:09:10.059+0000] {processor.py:830} INFO - Processing file /opt/airflow/dags/silver_processing_dag.py for tasks to queue
[2026-09-06T05:09:10.067+0000] {logging_mixin.py:188} INFO - [2026-09-06T05:09:10.066+0000] {dagbag.py:545} INFO - Filling up the DagBag from /opt/airflow/dags/silver_processing_dag.py
[2026-09-06T05:09:10.125+0000] {processor.py:840} INFO - DAG(s) 'process_silver_layer' retrieved from /opt/airflow/dags/silver_processing_dag.py
[2026-09-06T05:09:10.204+0000] {logging_mixin.py:188} INFO - [2026-09-06T05:09:10.203+0000] {dag.py:3096} INFO - Sync 1 DAGs
[2026-09-06T05:09:10.250+0000] {logging_mixin.py:188} INFO - [2026-09-06T05:09:10.249+0000] {dag.py:3954} INFO - Setting next_dagrun for process_silver_layer to None, run_after=None
[2026-09-06T05:09:10.322+0000] {processor.py:183} INFO - Processing /opt/airflow/dags/silver_processing_dag.py took 0.291 seconds
[2026-09-06T05:09:40.814+0000] {processor.py:161} INFO - Started process (PID=35452) to work on /opt/airflow/dags/silver_processing_dag.py
[2026-09-06T05:09:40.827+0000] {processor.py:830} INFO - Processing file /opt/airflow/dags/silver_processing_dag.py for tasks to queue
[2026-09-06T05:09:40.838+0000] {logging_mixin.py:188} INFO - [2026-09-06T05:09:40.837+0000] {dagbag.py:545} INFO - Filling up the DagBag from /opt/airflow/dags/silver_processing_dag.py
[2026-09-06T05:09:40.901+0000] {processor.py:840} INFO - DAG(s) 'process_silver_layer' retrieved from /opt/airflow/dags/silver_processing_dag.py
[2026-09-06T05:09:40.984+0000] {logging_mixin.py:188} INFO - [2026-09-06T05:09:40.984+0000] {dag.py:3096} INFO - Sync 1 DAGs
[2026-09-06T05:09:41.043+0000] {logging_mixin.py:188} INFO - [2026-09-06T05:09:41.041+0000] {dag.py:3954} INFO - Setting next_dagrun for process_silver_layer to None, run_after=None
[2026-09-06T05:09:41.113+0000] {processor.py:183} INFO - Processing /opt/airflow/dags/silver_processing_dag.py took 0.328 seconds
[2026-09-06T05:10:11.602+0000] {processor.py:161} INFO - Started process (PID=35467) to work on /opt/airflow/dags/silver_processing_dag.py
[2026-09-06T05:10:11.605+0000] {processor.py:830} INFO - Processing file /opt/airflow/dags/silver_processing_dag.py for tasks to queue
[2026-09-06T05:10:11.614+0000] {logging_mixin.py:188} INFO - [2026-09-06T05:10:11.613+0000] {dagbag.py:545} INFO - Filling up the DagBag from /opt/airflow/dags/silver_processing_dag.py
[2026-09-06T05:10:11.668+0000] {processor.py:840} INFO - DAG(s) 'process_silver_layer' retrieved from /opt/airflow/dags/silver_processing_dag.py
[2026-09-06T05:10:11.779+0000] {logging_mixin.py:188} INFO - [2026-09-06T05:10:11.778+0000] {dag.py:3096} INFO - Sync 1 DAGs
[2026-09-06T05:10:11.859+0000] {logging_mixin.py:188} INFO - [2026-09-06T05:10:11.857+0000] {dag.py:3954} INFO - Setting next_dagrun for process_silver_layer to None, run_after=None
[2026-09-06T05:10:11.994+0000] {processor.py:183} INFO - Processing /opt/airflow/dags/silver_processing_dag.py took 0.417 seconds
[2026-09-06T05:10:42.562+0000] {processor.py:161} INFO - Started process (PID=35482) to work on /opt/airflow/dags/silver_processing_dag.py
[2026-09-06T05:10:42.565+0000] {processor.py:830} INFO - Processing file /opt/airflow/dags/silver_processing_dag.py for tasks to queue
[2026-09-06T05:10:42.574+0000] {logging_mixin.py:188} INFO - [2026-09-06T05:10:42.572+0000] {dagbag.py:545} INFO - Filling up the DagBag from /opt/airflow/dags/silver_processing_dag.py
[2026-09-06T05:10:42.641+0000] {processor.py:840} INFO - DAG(s) 'process_silver_layer' retrieved from /opt/airflow/dags/silver_processing_dag.py
[2026-09-06T05:10:42.706+0000] {logging_mixin.py:188} INFO - [2026-09-06T05:10:42.705+0000] {dag.py:3096} INFO - Sync 1 DAGs
[2026-09-06T05:10:42.759+0000] {logging_mixin.py:188} INFO - [2026-09-06T05:10:42.758+0000] {dag.py:3954} INFO - Setting next_dagrun for process_silver_layer to None, run_after=None
[2026-09-06T05:10:42.841+0000] {processor.py:183} INFO - Processing /opt/airflow/dags/silver_processing_dag.py took 0.302 seconds
[2026-09-06T05:11:13.356+0000] {processor.py:161} INFO - Started process (PID=35497) to work on /opt/airflow/dags/silver_processing_dag.py
[2026-09-06T05:11:13.360+0000] {processor.py:830} INFO - Processing file /opt/airflow/dags/silver_processing_dag.py for tasks to queue
[2026-09-06T05:11:13.371+0000] {logging_mixin.py:188} INFO - [2026-09-06T05:11:13.368+0000] {dagbag.py:545} INFO - Filling up the DagBag from /opt/airflow/dags/silver_processing_dag.py
[2026-09-06T05:11:13.435+0000] {processor.py:840} INFO - DAG(s) 'process_silver_layer' retrieved from /opt/airflow/dags/silver_processing_dag.py
[2026-09-06T05:11:13.505+0000] {logging_mixin.py:188} INFO - [2026-09-06T05:11:13.504+0000] {dag.py:3096} INFO - Sync 1 DAGs
[2026-09-06T05:11:13.550+0000] {logging_mixin.py:188} INFO - [2026-09-06T05:11:13.549+0000] {dag.py:3954} INFO - Setting next_dagrun for process_silver_layer to None, run_after=None
[2026-09-06T05:11:13.616+0000] {processor.py:183} INFO - Processing /opt/airflow/dags/silver_processing_dag.py took 0.285 seconds
[2026-09-06T05:11:44.113+0000] {processor.py:161} INFO - Started process (PID=35512) to work on /opt/airflow/dags/silver_processing_dag.py
[2026-09-06T05:11:44.117+0000] {processor.py:830} INFO - Processing file /opt/airflow/dags/silver_processing_dag.py for tasks to queue
[2026-09-06T05:11:44.126+0000] {logging_mixin.py:188} INFO - [2026-09-06T05:11:44.124+0000] {dagbag.py:545} INFO - Filling up the DagBag from /opt/airflow/dags/silver_processing_dag.py
[2026-09-06T05:11:44.187+0000] {processor.py:840} INFO - DAG(s) 'process_silver_layer' retrieved from /opt/airflow/dags/silver_processing_dag.py
[2026-09-06T05:11:44.298+0000] {logging_mixin.py:188} INFO - [2026-09-06T05:11:44.297+0000] {dag.py:3096} INFO - Sync 1 DAGs
[2026-09-06T05:11:44.385+0000] {logging_mixin.py:188} INFO - [2026-09-06T05:11:44.384+0000] {dag.py:3954} INFO - Setting next_dagrun for process_silver_layer to None, run_after=None
[2026-09-06T05:11:44.462+0000] {processor.py:183} INFO - Processing /opt/airflow/dags/silver_processing_dag.py took 0.371 seconds
[2026-09-06T05:12:14.915+0000] {processor.py:161} INFO - Started process (PID=35527) to work on /opt/airflow/dags/silver_processing_dag.py
[2026-09-06T05:12:14.918+0000] {processor.py:830} INFO - Processing file /opt/airflow/dags/silver_processing_dag.py for tasks to queue
[2026-09-06T05:12:14.925+0000] {logging_mixin.py:188} INFO - [2026-09-06T05:12:14.924+0000] {dagbag.py:545} INFO - Filling up the DagBag from /opt/airflow/dags/silver_processing_dag.py
[2026-09-06T05:12:15.001+0000] {processor.py:840} INFO - DAG(s) 'process_silver_layer' retrieved from /opt/airflow/dags/silver_processing_dag.py
[2026-09-06T05:12:15.097+0000] {logging_mixin.py:188} INFO - [2026-09-06T05:12:15.097+0000] {dag.py:3096} INFO - Sync 1 DAGs
[2026-09-06T05:12:15.148+0000] {logging_mixin.py:188} INFO - [2026-09-06T05:12:15.147+0000] {dag.py:3954} INFO - Setting next_dagrun for process_silver_layer to None, run_after=None
[2026-09-06T05:12:15.215+0000] {processor.py:183} INFO - Processing /opt/airflow/dags/silver_processing_dag.py took 0.327 seconds
[2026-09-06T05:12:45.714+0000] {processor.py:161} INFO - Started process (PID=35542) to work on /opt/airflow/dags/silver_processing_dag.py
[2026-09-06T05:12:45.734+0000] {processor.py:830} INFO - Processing file /opt/airflow/dags/silver_processing_dag.py for tasks to queue
[2026-09-06T05:12:45.758+0000] {logging_mixin.py:188} INFO - [2026-09-06T05:12:45.756+0000] {dagbag.py:545} INFO - Filling up the DagBag from /opt/airflow/dags/silver_processing_dag.py
[2026-09-06T05:12:45.904+0000] {processor.py:840} INFO - DAG(s) 'process_silver_layer' retrieved from /opt/airflow/dags/silver_processing_dag.py
[2026-09-06T05:12:46.010+0000] {logging_mixin.py:188} INFO - [2026-09-06T05:12:46.007+0000] {dag.py:3096} INFO - Sync 1 DAGs
[2026-09-06T05:12:46.052+0000] {logging_mixin.py:188} INFO - [2026-09-06T05:12:46.052+0000] {dag.py:3954} INFO - Setting next_dagrun for process_silver_layer to None, run_after=None
[2026-09-06T05:12:46.112+0000] {processor.py:183} INFO - Processing /opt/airflow/dags/silver_processing_dag.py took 0.421 seconds
[2026-09-06T05:13:16.732+0000] {processor.py:161} INFO - Started process (PID=35557) to work on /opt/airflow/dags/silver_processing_dag.py
[2026-09-06T05:13:16.735+0000] {processor.py:830} INFO - Processing file /opt/airflow/dags/silver_processing_dag.py for tasks to queue
[2026-09-06T05:13:16.741+0000] {logging_mixin.py:188} INFO - [2026-09-06T05:13:16.740+0000] {dagbag.py:545} INFO - Filling up the DagBag from /opt/airflow/dags/silver_processing_dag.py
[2026-09-06T05:13:16.819+0000] {processor.py:840} INFO - DAG(s) 'process_silver_layer' retrieved from /opt/airflow/dags/silver_processing_dag.py
[2026-09-06T05:13:16.890+0000] {logging_mixin.py:188} INFO - [2026-09-06T05:13:16.890+0000] {dag.py:3096} INFO - Sync 1 DAGs
[2026-09-06T05:13:16.936+0000] {logging_mixin.py:188} INFO - [2026-09-06T05:13:16.936+0000] {dag.py:3954} INFO - Setting next_dagrun for process_silver_layer to None, run_after=None
[2026-09-06T05:13:17.015+0000] {processor.py:183} INFO - Processing /opt/airflow/dags/silver_processing_dag.py took 0.307 seconds
[2026-09-06T05:13:47.513+0000] {processor.py:161} INFO - Started process (PID=35572) to work on /opt/airflow/dags/silver_processing_dag.py
[2026-09-06T05:13:47.517+0000] {processor.py:830} INFO - Processing file /opt/airflow/dags/silver_processing_dag.py for tasks to queue
[2026-09-06T05:13:47.524+0000] {logging_mixin.py:188} INFO - [2026-09-06T05:13:47.523+0000] {dagbag.py:545} INFO - Filling up the DagBag from /opt/airflow/dags/silver_processing_dag.py
[2026-09-06T05:13:47.584+0000] {processor.py:840} INFO - DAG(s) 'process_silver_layer' retrieved from /opt/airflow/dags/silver_processing_dag.py
[2026-09-06T05:13:47.661+0000] {logging_mixin.py:188} INFO - [2026-09-06T05:13:47.661+0000] {dag.py:3096} INFO - Sync 1 DAGs
[2026-09-06T05:13:47.710+0000] {logging_mixin.py:188} INFO - [2026-09-06T05:13:47.709+0000] {dag.py:3954} INFO - Setting next_dagrun for process_silver_layer to None, run_after=None
[2026-09-06T05:13:47.805+0000] {processor.py:183} INFO - Processing /opt/airflow/dags/silver_processing_dag.py took 0.319 seconds
[2026-09-06T05:14:18.279+0000] {processor.py:161} INFO - Started process (PID=35587) to work on /opt/airflow/dags/silver_processing_dag.py
[2026-09-06T05:14:18.284+0000] {processor.py:830} INFO - Processing file /opt/airflow/dags/silver_processing_dag.py for tasks to queue
[2026-09-06T05:14:18.294+0000] {logging_mixin.py:188} INFO - [2026-09-06T05:14:18.293+0000] {dagbag.py:545} INFO - Filling up the DagBag from /opt/airflow/dags/silver_processing_dag.py
[2026-09-06T05:14:18.348+0000] {processor.py:840} INFO - DAG(s) 'process_silver_layer' retrieved from /opt/airflow/dags/silver_processing_dag.py
[2026-09-06T05:14:18.450+0000] {logging_mixin.py:188} INFO - [2026-09-06T05:14:18.449+0000] {dag.py:3096} INFO - Sync 1 DAGs
[2026-09-06T05:14:18.531+0000] {logging_mixin.py:188} INFO - [2026-09-06T05:14:18.531+0000] {dag.py:3954} INFO - Setting next_dagrun for process_silver_layer to None, run_after=None
[2026-09-06T05:14:18.638+0000] {processor.py:183} INFO - Processing /opt/airflow/dags/silver_processing_dag.py took 0.383 seconds
[2026-09-06T05:14:49.428+0000] {processor.py:161} INFO - Started process (PID=35602) to work on /opt/airflow/dags/silver_processing_dag.py
[2026-09-06T05:14:49.434+0000] {processor.py:830} INFO - Processing file /opt/airflow/dags/silver_processing_dag.py for tasks to queue
[2026-09-06T05:14:49.466+0000] {logging_mixin.py:188} INFO - [2026-09-06T05:14:49.465+0000] {dagbag.py:545} INFO - Filling up the DagBag from /opt/airflow/dags/silver_processing_dag.py
[2026-09-06T05:14:49.635+0000] {processor.py:840} INFO - DAG(s) 'process_silver_layer' retrieved from /opt/airflow/dags/silver_processing_dag.py
[2026-09-06T05:14:49.754+0000] {logging_mixin.py:188} INFO - [2026-09-06T05:14:49.753+0000] {dag.py:3096} INFO - Sync 1 DAGs
[2026-09-06T05:14:49.817+0000] {logging_mixin.py:188} INFO - [2026-09-06T05:14:49.817+0000] {dag.py:3954} INFO - Setting next_dagrun for process_silver_layer to None, run_after=None
[2026-09-06T05:14:49.912+0000] {processor.py:183} INFO - Processing /opt/airflow/dags/silver_processing_dag.py took 0.533 seconds
[2026-09-06T05:15:20.197+0000] {processor.py:161} INFO - Started process (PID=35617) to work on /opt/airflow/dags/silver_processing_dag.py
[2026-09-06T05:15:20.207+0000] {processor.py:830} INFO - Processing file /opt/airflow/dags/silver_processing_dag.py for tasks to queue
[2026-09-06T05:15:20.223+0000] {logging_mixin.py:188} INFO - [2026-09-06T05:15:20.222+0000] {dagbag.py:545} INFO - Filling up the DagBag from /opt/airflow/dags/silver_processing_dag.py
[2026-09-06T05:15:20.300+0000] {processor.py:840} INFO - DAG(s) 'process_silver_layer' retrieved from /opt/airflow/dags/silver_processing_dag.py
[2026-09-06T05:15:20.372+0000] {logging_mixin.py:188} INFO - [2026-09-06T05:15:20.371+0000] {dag.py:3096} INFO - Sync 1 DAGs
[2026-09-06T05:15:20.421+0000] {logging_mixin.py:188} INFO - [2026-09-06T05:15:20.420+0000] {dag.py:3954} INFO - Setting next_dagrun for process_silver_layer to None, run_after=None
[2026-09-06T05:15:20.493+0000] {processor.py:183} INFO - Processing /opt/airflow/dags/silver_processing_dag.py took 0.318 seconds
[2026-09-06T05:15:51.002+0000] {processor.py:161} INFO - Started process (PID=35632) to work on /opt/airflow/dags/silver_processing_dag.py
[2026-09-06T05:15:51.006+0000] {processor.py:830} INFO - Processing file /opt/airflow/dags/silver_processing_dag.py for tasks to queue
[2026-09-06T05:15:51.016+0000] {logging_mixin.py:188} INFO - [2026-09-06T05:15:51.014+0000] {dagbag.py:545} INFO - Filling up the DagBag from /opt/airflow/dags/silver_processing_dag.py
[2026-09-06T05:15:51.085+0000] {processor.py:840} INFO - DAG(s) 'process_silver_layer' retrieved from /opt/airflow/dags/silver_processing_dag.py
[2026-09-06T05:15:51.208+0000] {logging_mixin.py:188} INFO - [2026-09-06T05:15:51.201+0000] {dag.py:3096} INFO - Sync 1 DAGs
[2026-09-06T05:15:51.276+0000] {logging_mixin.py:188} INFO - [2026-09-06T05:15:51.276+0000] {dag.py:3954} INFO - Setting next_dagrun for process_silver_layer to None, run_after=None
[2026-09-06T05:15:51.347+0000] {processor.py:183} INFO - Processing /opt/airflow/dags/silver_processing_dag.py took 0.371 seconds
[2026-09-06T05:16:21.844+0000] {processor.py:161} INFO - Started process (PID=35647) to work on /opt/airflow/dags/silver_processing_dag.py
[2026-09-06T05:16:21.855+0000] {processor.py:830} INFO - Processing file /opt/airflow/dags/silver_processing_dag.py for tasks to queue
[2026-09-06T05:16:21.866+0000] {logging_mixin.py:188} INFO - [2026-09-06T05:16:21.865+0000] {dagbag.py:545} INFO - Filling up the DagBag from /opt/airflow/dags/silver_processing_dag.py
[2026-09-06T05:16:21.937+0000] {processor.py:840} INFO - DAG(s) 'process_silver_layer' retrieved from /opt/airflow/dags/silver_processing_dag.py
[2026-09-06T05:16:22.052+0000] {logging_mixin.py:188} INFO - [2026-09-06T05:16:22.051+0000] {dag.py:3096} INFO - Sync 1 DAGs
[2026-09-06T05:16:22.155+0000] {logging_mixin.py:188} INFO - [2026-09-06T05:16:22.154+0000] {dag.py:3954} INFO - Setting next_dagrun for process_silver_layer to None, run_after=None
[2026-09-06T05:16:22.316+0000] {processor.py:183} INFO - Processing /opt/airflow/dags/silver_processing_dag.py took 0.498 seconds
[2026-09-06T05:16:52.858+0000] {processor.py:161} INFO - Started process (PID=35662) to work on /opt/airflow/dags/silver_processing_dag.py
[2026-09-06T05:16:52.863+0000] {processor.py:830} INFO - Processing file /opt/airflow/dags/silver_processing_dag.py for tasks to queue
[2026-09-06T05:16:52.876+0000] {logging_mixin.py:188} INFO - [2026-09-06T05:16:52.874+0000] {dagbag.py:545} INFO - Filling up the DagBag from /opt/airflow/dags/silver_processing_dag.py
[2026-09-06T05:16:52.967+0000] {processor.py:840} INFO - DAG(s) 'process_silver_layer' retrieved from /opt/airflow/dags/silver_processing_dag.py
[2026-09-06T05:16:53.079+0000] {logging_mixin.py:188} INFO - [2026-09-06T05:16:53.073+0000] {dag.py:3096} INFO - Sync 1 DAGs
[2026-09-06T05:16:53.138+0000] {logging_mixin.py:188} INFO - [2026-09-06T05:16:53.138+0000] {dag.py:3954} INFO - Setting next_dagrun for process_silver_layer to None, run_after=None
[2026-09-06T05:16:53.215+0000] {processor.py:183} INFO - Processing /opt/airflow/dags/silver_processing_dag.py took 0.390 seconds
[2026-09-06T05:17:23.764+0000] {processor.py:161} INFO - Started process (PID=35677) to work on /opt/airflow/dags/silver_processing_dag.py
[2026-09-06T05:17:23.767+0000] {processor.py:830} INFO - Processing file /opt/airflow/dags/silver_processing_dag.py for tasks to queue
[2026-09-06T05:17:23.776+0000] {logging_mixin.py:188} INFO - [2026-09-06T05:17:23.775+0000] {dagbag.py:545} INFO - Filling up the DagBag from /opt/airflow/dags/silver_processing_dag.py
[2026-09-06T05:17:23.849+0000] {processor.py:840} INFO - DAG(s) 'process_silver_layer' retrieved from /opt/airflow/dags/silver_processing_dag.py
[2026-09-06T05:17:23.937+0000] {logging_mixin.py:188} INFO - [2026-09-06T05:17:23.936+0000] {dag.py:3096} INFO - Sync 1 DAGs
[2026-09-06T05:17:23.982+0000] {logging_mixin.py:188} INFO - [2026-09-06T05:17:23.981+0000] {dag.py:3954} INFO - Setting next_dagrun for process_silver_layer to None, run_after=None
[2026-09-06T05:17:24.040+0000] {processor.py:183} INFO - Processing /opt/airflow/dags/silver_processing_dag.py took 0.303 seconds
[2026-09-06T05:17:54.293+0000] {processor.py:161} INFO - Started process (PID=35692) to work on /opt/airflow/dags/silver_processing_dag.py
[2026-09-06T05:17:54.296+0000] {processor.py:830} INFO - Processing file /opt/airflow/dags/silver_processing_dag.py for tasks to queue
[2026-09-06T05:17:54.314+0000] {logging_mixin.py:188} INFO - [2026-09-06T05:17:54.313+0000] {dagbag.py:545} INFO - Filling up the DagBag from /opt/airflow/dags/silver_processing_dag.py
[2026-09-06T05:17:54.523+0000] {processor.py:840} INFO - DAG(s) 'process_silver_layer' retrieved from /opt/airflow/dags/silver_processing_dag.py
[2026-09-06T05:17:54.641+0000] {logging_mixin.py:188} INFO - [2026-09-06T05:17:54.640+0000] {dag.py:3096} INFO - Sync 1 DAGs
[2026-09-06T05:17:54.693+0000] {logging_mixin.py:188} INFO - [2026-09-06T05:17:54.693+0000] {dag.py:3954} INFO - Setting next_dagrun for process_silver_layer to None, run_after=None
[2026-09-06T05:17:54.751+0000] {processor.py:183} INFO - Processing /opt/airflow/dags/silver_processing_dag.py took 0.495 seconds
[2026-09-06T05:18:25.314+0000] {processor.py:161} INFO - Started process (PID=35707) to work on /opt/airflow/dags/silver_processing_dag.py
[2026-09-06T05:18:25.318+0000] {processor.py:830} INFO - Processing file /opt/airflow/dags/silver_processing_dag.py for tasks to queue
[2026-09-06T05:18:25.327+0000] {logging_mixin.py:188} INFO - [2026-09-06T05:18:25.326+0000] {dagbag.py:545} INFO - Filling up the DagBag from /opt/airflow/dags/silver_processing_dag.py
[2026-09-06T05:18:25.398+0000] {processor.py:840} INFO - DAG(s) 'process_silver_layer' retrieved from /opt/airflow/dags/silver_processing_dag.py
[2026-09-06T05:18:25.471+0000] {logging_mixin.py:188} INFO - [2026-09-06T05:18:25.470+0000] {dag.py:3096} INFO - Sync 1 DAGs
[2026-09-06T05:18:25.516+0000] {logging_mixin.py:188} INFO - [2026-09-06T05:18:25.516+0000] {dag.py:3954} INFO - Setting next_dagrun for process_silver_layer to None, run_after=None
[2026-09-06T05:18:25.583+0000] {processor.py:183} INFO - Processing /opt/airflow/dags/silver_processing_dag.py took 0.305 seconds
[2026-09-06T05:18:56.030+0000] {processor.py:161} INFO - Started process (PID=35722) to work on /opt/airflow/dags/silver_processing_dag.py
[2026-09-06T05:18:56.033+0000] {processor.py:830} INFO - Processing file /opt/airflow/dags/silver_processing_dag.py for tasks to queue
[2026-09-06T05:18:56.044+0000] {logging_mixin.py:188} INFO - [2026-09-06T05:18:56.043+0000] {dagbag.py:545} INFO - Filling up the DagBag from /opt/airflow/dags/silver_processing_dag.py
[2026-09-06T05:18:56.100+0000] {processor.py:840} INFO - DAG(s) 'process_silver_layer' retrieved from /opt/airflow/dags/silver_processing_dag.py
[2026-09-06T05:18:56.173+0000] {logging_mixin.py:188} INFO - [2026-09-06T05:18:56.172+0000] {dag.py:3096} INFO - Sync 1 DAGs
[2026-09-06T05:18:56.215+0000] {logging_mixin.py:188} INFO - [2026-09-06T05:18:56.214+0000] {dag.py:3954} INFO - Setting next_dagrun for process_silver_layer to None, run_after=None
[2026-09-06T05:18:56.282+0000] {processor.py:183} INFO - Processing /opt/airflow/dags/silver_processing_dag.py took 0.274 seconds
[2026-09-06T05:19:26.847+0000] {processor.py:161} INFO - Started process (PID=35737) to work on /opt/airflow/dags/silver_processing_dag.py
[2026-09-06T05:19:26.850+0000] {processor.py:830} INFO - Processing file /opt/airflow/dags/silver_processing_dag.py for tasks to queue
[2026-09-06T05:19:26.862+0000] {logging_mixin.py:188} INFO - [2026-09-06T05:19:26.861+0000] {dagbag.py:545} INFO - Filling up the DagBag from /opt/airflow/dags/silver_processing_dag.py
[2026-09-06T05:19:26.926+0000] {processor.py:840} INFO - DAG(s) 'process_silver_layer' retrieved from /opt/airflow/dags/silver_processing_dag.py
[2026-09-06T05:19:26.999+0000] {logging_mixin.py:188} INFO - [2026-09-06T05:19:26.998+0000] {dag.py:3096} INFO - Sync 1 DAGs
[2026-09-06T05:19:27.054+0000] {logging_mixin.py:188} INFO - [2026-09-06T05:19:27.053+0000] {dag.py:3954} INFO - Setting next_dagrun for process_silver_layer to None, run_after=None
[2026-09-06T05:19:27.128+0000] {processor.py:183} INFO - Processing /opt/airflow/dags/silver_processing_dag.py took 0.304 seconds
[2026-09-06T05:19:58.017+0000] {processor.py:161} INFO - Started process (PID=35752) to work on /opt/airflow/dags/silver_processing_dag.py
[2026-09-06T05:19:58.025+0000] {processor.py:830} INFO - Processing file /opt/airflow/dags/silver_processing_dag.py for tasks to queue
[2026-09-06T05:19:58.053+0000] {logging_mixin.py:188} INFO - [2026-09-06T05:19:58.052+0000] {dagbag.py:545} INFO - Filling up the DagBag from /opt/airflow/dags/silver_processing_dag.py
[2026-09-06T05:19:58.226+0000] {processor.py:840} INFO - DAG(s) 'process_silver_layer' retrieved from /opt/airflow/dags/silver_processing_dag.py
[2026-09-06T05:19:58.386+0000] {logging_mixin.py:188} INFO - [2026-09-06T05:19:58.385+0000] {dag.py:3096} INFO - Sync 1 DAGs
[2026-09-06T05:19:58.487+0000] {logging_mixin.py:188} INFO - [2026-09-06T05:19:58.486+0000] {dag.py:3954} INFO - Setting next_dagrun for process_silver_layer to None, run_after=None
[2026-09-06T05:19:58.582+0000] {processor.py:183} INFO - Processing /opt/airflow/dags/silver_processing_dag.py took 0.602 seconds
[2026-09-06T05:20:29.064+0000] {processor.py:161} INFO - Started process (PID=35767) to work on /opt/airflow/dags/silver_processing_dag.py
[2026-09-06T05:20:29.069+0000] {processor.py:830} INFO - Processing file /opt/airflow/dags/silver_processing_dag.py for tasks to queue
[2026-09-06T05:20:29.079+0000] {logging_mixin.py:188} INFO - [2026-09-06T05:20:29.078+0000] {dagbag.py:545} INFO - Filling up the DagBag from /opt/airflow/dags/silver_processing_dag.py
[2026-09-06T05:20:29.141+0000] {processor.py:840} INFO - DAG(s) 'process_silver_layer' retrieved from /opt/airflow/dags/silver_processing_dag.py
[2026-09-06T05:20:29.281+0000] {logging_mixin.py:188} INFO - [2026-09-06T05:20:29.280+0000] {dag.py:3096} INFO - Sync 1 DAGs
[2026-09-06T05:20:29.342+0000] {logging_mixin.py:188} INFO - [2026-09-06T05:20:29.341+0000] {dag.py:3954} INFO - Setting next_dagrun for process_silver_layer to None, run_after=None
[2026-09-06T05:20:29.399+0000] {processor.py:183} INFO - Processing /opt/airflow/dags/silver_processing_dag.py took 0.357 seconds
[2026-09-06T05:20:59.914+0000] {processor.py:161} INFO - Started process (PID=35782) to work on /opt/airflow/dags/silver_processing_dag.py
[2026-09-06T05:20:59.917+0000] {processor.py:830} INFO - Processing file /opt/airflow/dags/silver_processing_dag.py for tasks to queue
[2026-09-06T05:20:59.932+0000] {logging_mixin.py:188} INFO - [2026-09-06T05:20:59.931+0000] {dagbag.py:545} INFO - Filling up the DagBag from /opt/airflow/dags/silver_processing_dag.py
[2026-09-06T05:21:00.049+0000] {processor.py:840} INFO - DAG(s) 'process_silver_layer' retrieved from /opt/airflow/dags/silver_processing_dag.py
[2026-09-06T05:21:00.179+0000] {logging_mixin.py:188} INFO - [2026-09-06T05:21:00.178+0000] {dag.py:3096} INFO - Sync 1 DAGs
[2026-09-06T05:21:00.244+0000] {logging_mixin.py:188} INFO - [2026-09-06T05:21:00.243+0000] {dag.py:3954} INFO - Setting next_dagrun for process_silver_layer to None, run_after=None
[2026-09-06T05:21:00.362+0000] {processor.py:183} INFO - Processing /opt/airflow/dags/silver_processing_dag.py took 0.479 seconds
[2026-09-06T05:21:31.000+0000] {processor.py:161} INFO - Started process (PID=35797) to work on /opt/airflow/dags/silver_processing_dag.py
[2026-09-06T05:21:31.003+0000] {processor.py:830} INFO - Processing file /opt/airflow/dags/silver_processing_dag.py for tasks to queue
[2026-09-06T05:21:31.010+0000] {logging_mixin.py:188} INFO - [2026-09-06T05:21:31.009+0000] {dagbag.py:545} INFO - Filling up the DagBag from /opt/airflow/dags/silver_processing_dag.py
[2026-09-06T05:21:31.087+0000] {processor.py:840} INFO - DAG(s) 'process_silver_layer' retrieved from /opt/airflow/dags/silver_processing_dag.py
[2026-09-06T05:21:31.167+0000] {logging_mixin.py:188} INFO - [2026-09-06T05:21:31.166+0000] {dag.py:3096} INFO - Sync 1 DAGs
[2026-09-06T05:21:31.213+0000] {logging_mixin.py:188} INFO - [2026-09-06T05:21:31.213+0000] {dag.py:3954} INFO - Setting next_dagrun for process_silver_layer to None, run_after=None
[2026-09-06T05:21:31.282+0000] {processor.py:183} INFO - Processing /opt/airflow/dags/silver_processing_dag.py took 0.307 seconds
[2026-09-06T05:22:01.740+0000] {processor.py:161} INFO - Started process (PID=35812) to work on /opt/airflow/dags/silver_processing_dag.py
[2026-09-06T05:22:01.745+0000] {processor.py:830} INFO - Processing file /opt/airflow/dags/silver_processing_dag.py for tasks to queue
[2026-09-06T05:22:01.759+0000] {logging_mixin.py:188} INFO - [2026-09-06T05:22:01.758+0000] {dagbag.py:545} INFO - Filling up the DagBag from /opt/airflow/dags/silver_processing_dag.py
[2026-09-06T05:22:01.824+0000] {processor.py:840} INFO - DAG(s) 'process_silver_layer' retrieved from /opt/airflow/dags/silver_processing_dag.py
[2026-09-06T05:22:01.912+0000] {logging_mixin.py:188} INFO - [2026-09-06T05:22:01.911+0000] {dag.py:3096} INFO - Sync 1 DAGs
[2026-09-06T05:22:01.968+0000] {logging_mixin.py:188} INFO - [2026-09-06T05:22:01.968+0000] {dag.py:3954} INFO - Setting next_dagrun for process_silver_layer to None, run_after=None
[2026-09-06T05:22:02.028+0000] {processor.py:183} INFO - Processing /opt/airflow/dags/silver_processing_dag.py took 0.312 seconds
[2026-09-06T05:22:32.598+0000] {processor.py:161} INFO - Started process (PID=35827) to work on /opt/airflow/dags/silver_processing_dag.py
[2026-09-06T05:22:32.605+0000] {processor.py:830} INFO - Processing file /opt/airflow/dags/silver_processing_dag.py for tasks to queue
[2026-09-06T05:22:32.615+0000] {logging_mixin.py:188} INFO - [2026-09-06T05:22:32.614+0000] {dagbag.py:545} INFO - Filling up the DagBag from /opt/airflow/dags/silver_processing_dag.py
[2026-09-06T05:22:32.715+0000] {processor.py:840} INFO - DAG(s) 'process_silver_layer' retrieved from /opt/airflow/dags/silver_processing_dag.py
[2026-09-06T05:22:32.815+0000] {logging_mixin.py:188} INFO - [2026-09-06T05:22:32.814+0000] {dag.py:3096} INFO - Sync 1 DAGs
[2026-09-06T05:22:32.895+0000] {logging_mixin.py:188} INFO - [2026-09-06T05:22:32.894+0000] {dag.py:3954} INFO - Setting next_dagrun for process_silver_layer to None, run_after=None
[2026-09-06T05:22:32.997+0000] {processor.py:183} INFO - Processing /opt/airflow/dags/silver_processing_dag.py took 0.431 seconds
[2026-09-06T05:23:03.443+0000] {processor.py:161} INFO - Started process (PID=35842) to work on /opt/airflow/dags/silver_processing_dag.py
[2026-09-06T05:23:03.447+0000] {processor.py:830} INFO - Processing file /opt/airflow/dags/silver_processing_dag.py for tasks to queue
[2026-09-06T05:23:03.460+0000] {logging_mixin.py:188} INFO - [2026-09-06T05:23:03.458+0000] {dagbag.py:545} INFO - Filling up the DagBag from /opt/airflow/dags/silver_processing_dag.py
[2026-09-06T05:23:03.512+0000] {processor.py:840} INFO - DAG(s) 'process_silver_layer' retrieved from /opt/airflow/dags/silver_processing_dag.py
[2026-09-06T05:23:03.598+0000] {logging_mixin.py:188} INFO - [2026-09-06T05:23:03.597+0000] {dag.py:3096} INFO - Sync 1 DAGs
[2026-09-06T05:23:03.644+0000] {logging_mixin.py:188} INFO - [2026-09-06T05:23:03.644+0000] {dag.py:3954} INFO - Setting next_dagrun for process_silver_layer to None, run_after=None
[2026-09-06T05:23:03.705+0000] {processor.py:183} INFO - Processing /opt/airflow/dags/silver_processing_dag.py took 0.284 seconds
[2026-09-06T05:23:34.221+0000] {processor.py:161} INFO - Started process (PID=35857) to work on /opt/airflow/dags/silver_processing_dag.py
[2026-09-06T05:23:34.228+0000] {processor.py:830} INFO - Processing file /opt/airflow/dags/silver_processing_dag.py for tasks to queue
[2026-09-06T05:23:34.251+0000] {logging_mixin.py:188} INFO - [2026-09-06T05:23:34.250+0000] {dagbag.py:545} INFO - Filling up the DagBag from /opt/airflow/dags/silver_processing_dag.py
[2026-09-06T05:23:34.429+0000] {processor.py:840} INFO - DAG(s) 'process_silver_layer' retrieved from /opt/airflow/dags/silver_processing_dag.py
[2026-09-06T05:23:34.559+0000] {logging_mixin.py:188} INFO - [2026-09-06T05:23:34.559+0000] {dag.py:3096} INFO - Sync 1 DAGs
[2026-09-06T05:23:34.644+0000] {logging_mixin.py:188} INFO - [2026-09-06T05:23:34.643+0000] {dag.py:3954} INFO - Setting next_dagrun for process_silver_layer to None, run_after=None
[2026-09-06T05:23:34.861+0000] {processor.py:183} INFO - Processing /opt/airflow/dags/silver_processing_dag.py took 0.679 seconds
[2026-09-06T05:24:05.302+0000] {processor.py:161} INFO - Started process (PID=35874) to work on /opt/airflow/dags/silver_processing_dag.py
[2026-09-06T05:24:05.324+0000] {processor.py:830} INFO - Processing file /opt/airflow/dags/silver_processing_dag.py for tasks to queue
[2026-09-06T05:24:05.341+0000] {logging_mixin.py:188} INFO - [2026-09-06T05:24:05.340+0000] {dagbag.py:545} INFO - Filling up the DagBag from /opt/airflow/dags/silver_processing_dag.py
[2026-09-06T05:24:05.406+0000] {processor.py:840} INFO - DAG(s) 'process_silver_layer' retrieved from /opt/airflow/dags/silver_processing_dag.py
[2026-09-06T05:24:05.495+0000] {logging_mixin.py:188} INFO - [2026-09-06T05:24:05.494+0000] {dag.py:3096} INFO - Sync 1 DAGs
[2026-09-06T05:24:05.535+0000] {logging_mixin.py:188} INFO - [2026-09-06T05:24:05.534+0000] {dag.py:3954} INFO - Setting next_dagrun for process_silver_layer to None, run_after=None
[2026-09-06T05:24:05.573+0000] {processor.py:183} INFO - Processing /opt/airflow/dags/silver_processing_dag.py took 0.310 seconds
[2026-09-06T05:24:36.075+0000] {processor.py:161} INFO - Started process (PID=35887) to work on /opt/airflow/dags/silver_processing_dag.py
[2026-09-06T05:24:36.091+0000] {processor.py:830} INFO - Processing file /opt/airflow/dags/silver_processing_dag.py for tasks to queue
[2026-09-06T05:24:36.098+0000] {logging_mixin.py:188} INFO - [2026-09-06T05:24:36.097+0000] {dagbag.py:545} INFO - Filling up the DagBag from /opt/airflow/dags/silver_processing_dag.py
[2026-09-06T05:24:36.181+0000] {processor.py:840} INFO - DAG(s) 'process_silver_layer' retrieved from /opt/airflow/dags/silver_processing_dag.py
[2026-09-06T05:24:36.298+0000] {logging_mixin.py:188} INFO - [2026-09-06T05:24:36.298+0000] {dag.py:3096} INFO - Sync 1 DAGs
[2026-09-06T05:24:36.376+0000] {logging_mixin.py:188} INFO - [2026-09-06T05:24:36.376+0000] {dag.py:3954} INFO - Setting next_dagrun for process_silver_layer to None, run_after=None
[2026-09-06T05:24:36.491+0000] {processor.py:183} INFO - Processing /opt/airflow/dags/silver_processing_dag.py took 0.451 seconds
[2026-09-06T05:25:06.921+0000] {processor.py:161} INFO - Started process (PID=35902) to work on /opt/airflow/dags/silver_processing_dag.py
[2026-09-06T05:25:06.926+0000] {processor.py:830} INFO - Processing file /opt/airflow/dags/silver_processing_dag.py for tasks to queue
[2026-09-06T05:25:06.935+0000] {logging_mixin.py:188} INFO - [2026-09-06T05:25:06.934+0000] {dagbag.py:545} INFO - Filling up the DagBag from /opt/airflow/dags/silver_processing_dag.py
[2026-09-06T05:25:07.008+0000] {processor.py:840} INFO - DAG(s) 'process_silver_layer' retrieved from /opt/airflow/dags/silver_processing_dag.py
[2026-09-06T05:25:07.113+0000] {logging_mixin.py:188} INFO - [2026-09-06T05:25:07.112+0000] {dag.py:3096} INFO - Sync 1 DAGs
[2026-09-06T05:25:07.180+0000] {logging_mixin.py:188} INFO - [2026-09-06T05:25:07.180+0000] {dag.py:3954} INFO - Setting next_dagrun for process_silver_layer to None, run_after=None
[2026-09-06T05:25:07.287+0000] {processor.py:183} INFO - Processing /opt/airflow/dags/silver_processing_dag.py took 0.386 seconds
[2026-09-06T05:25:37.761+0000] {processor.py:161} INFO - Started process (PID=35917) to work on /opt/airflow/dags/silver_processing_dag.py
[2026-09-06T05:25:37.770+0000] {processor.py:830} INFO - Processing file /opt/airflow/dags/silver_processing_dag.py for tasks to queue
[2026-09-06T05:25:37.776+0000] {logging_mixin.py:188} INFO - [2026-09-06T05:25:37.775+0000] {dagbag.py:545} INFO - Filling up the DagBag from /opt/airflow/dags/silver_processing_dag.py
[2026-09-06T05:25:37.877+0000] {processor.py:840} INFO - DAG(s) 'process_silver_layer' retrieved from /opt/airflow/dags/silver_processing_dag.py
[2026-09-06T05:25:38.078+0000] {logging_mixin.py:188} INFO - [2026-09-06T05:25:38.075+0000] {dag.py:3096} INFO - Sync 1 DAGs
[2026-09-06T05:25:38.163+0000] {logging_mixin.py:188} INFO - [2026-09-06T05:25:38.163+0000] {dag.py:3954} INFO - Setting next_dagrun for process_silver_layer to None, run_after=None
[2026-09-06T05:25:38.224+0000] {processor.py:183} INFO - Processing /opt/airflow/dags/silver_processing_dag.py took 0.497 seconds
[2026-09-06T05:26:09.016+0000] {processor.py:161} INFO - Started process (PID=35932) to work on /opt/airflow/dags/silver_processing_dag.py
[2026-09-06T05:26:09.019+0000] {processor.py:830} INFO - Processing file /opt/airflow/dags/silver_processing_dag.py for tasks to queue
[2026-09-06T05:26:09.026+0000] {logging_mixin.py:188} INFO - [2026-09-06T05:26:09.025+0000] {dagbag.py:545} INFO - Filling up the DagBag from /opt/airflow/dags/silver_processing_dag.py
[2026-09-06T05:26:09.109+0000] {processor.py:840} INFO - DAG(s) 'process_silver_layer' retrieved from /opt/airflow/dags/silver_processing_dag.py
[2026-09-06T05:26:09.244+0000] {logging_mixin.py:188} INFO - [2026-09-06T05:26:09.243+0000] {dag.py:3096} INFO - Sync 1 DAGs
[2026-09-06T05:26:09.290+0000] {logging_mixin.py:188} INFO - [2026-09-06T05:26:09.290+0000] {dag.py:3954} INFO - Setting next_dagrun for process_silver_layer to None, run_after=None
[2026-09-06T05:26:09.351+0000] {processor.py:183} INFO - Processing /opt/airflow/dags/silver_processing_dag.py took 0.356 seconds
[2026-09-06T05:26:39.953+0000] {processor.py:161} INFO - Started process (PID=35947) to work on /opt/airflow/dags/silver_processing_dag.py
[2026-09-06T05:26:39.956+0000] {processor.py:830} INFO - Processing file /opt/airflow/dags/silver_processing_dag.py for tasks to queue
[2026-09-06T05:26:39.970+0000] {logging_mixin.py:188} INFO - [2026-09-06T05:26:39.968+0000] {dagbag.py:545} INFO - Filling up the DagBag from /opt/airflow/dags/silver_processing_dag.py
[2026-09-06T05:26:40.046+0000] {processor.py:840} INFO - DAG(s) 'process_silver_layer' retrieved from /opt/airflow/dags/silver_processing_dag.py
[2026-09-06T05:26:40.200+0000] {logging_mixin.py:188} INFO - [2026-09-06T05:26:40.200+0000] {dag.py:3096} INFO - Sync 1 DAGs
[2026-09-06T05:26:40.313+0000] {logging_mixin.py:188} INFO - [2026-09-06T05:26:40.313+0000] {dag.py:3954} INFO - Setting next_dagrun for process_silver_layer to None, run_after=None
[2026-09-06T05:26:40.417+0000] {processor.py:183} INFO - Processing /opt/airflow/dags/silver_processing_dag.py took 0.525 seconds
[2026-09-06T05:27:10.983+0000] {processor.py:161} INFO - Started process (PID=35962) to work on /opt/airflow/dags/silver_processing_dag.py
[2026-09-06T05:27:10.985+0000] {processor.py:830} INFO - Processing file /opt/airflow/dags/silver_processing_dag.py for tasks to queue
[2026-09-06T05:27:11.001+0000] {logging_mixin.py:188} INFO - [2026-09-06T05:27:11.000+0000] {dagbag.py:545} INFO - Filling up the DagBag from /opt/airflow/dags/silver_processing_dag.py
[2026-09-06T05:27:11.065+0000] {processor.py:840} INFO - DAG(s) 'process_silver_layer' retrieved from /opt/airflow/dags/silver_processing_dag.py
[2026-09-06T05:27:11.129+0000] {logging_mixin.py:188} INFO - [2026-09-06T05:27:11.129+0000] {dag.py:3096} INFO - Sync 1 DAGs
[2026-09-06T05:27:11.174+0000] {logging_mixin.py:188} INFO - [2026-09-06T05:27:11.174+0000] {dag.py:3954} INFO - Setting next_dagrun for process_silver_layer to None, run_after=None
[2026-09-06T05:27:11.233+0000] {processor.py:183} INFO - Processing /opt/airflow/dags/silver_processing_dag.py took 0.275 seconds
[2026-09-06T05:27:41.665+0000] {processor.py:161} INFO - Started process (PID=35977) to work on /opt/airflow/dags/silver_processing_dag.py
[2026-09-06T05:27:41.670+0000] {processor.py:830} INFO - Processing file /opt/airflow/dags/silver_processing_dag.py for tasks to queue
[2026-09-06T05:27:41.679+0000] {logging_mixin.py:188} INFO - [2026-09-06T05:27:41.678+0000] {dagbag.py:545} INFO - Filling up the DagBag from /opt/airflow/dags/silver_processing_dag.py
[2026-09-06T05:27:41.749+0000] {processor.py:840} INFO - DAG(s) 'process_silver_layer' retrieved from /opt/airflow/dags/silver_processing_dag.py
[2026-09-06T05:27:41.817+0000] {logging_mixin.py:188} INFO - [2026-09-06T05:27:41.816+0000] {dag.py:3096} INFO - Sync 1 DAGs
[2026-09-06T05:27:41.887+0000] {logging_mixin.py:188} INFO - [2026-09-06T05:27:41.886+0000] {dag.py:3954} INFO - Setting next_dagrun for process_silver_layer to None, run_after=None
[2026-09-06T05:27:41.958+0000] {processor.py:183} INFO - Processing /opt/airflow/dags/silver_processing_dag.py took 0.314 seconds
[2026-09-06T05:28:12.532+0000] {processor.py:161} INFO - Started process (PID=35992) to work on /opt/airflow/dags/silver_processing_dag.py
[2026-09-06T05:28:12.535+0000] {processor.py:830} INFO - Processing file /opt/airflow/dags/silver_processing_dag.py for tasks to queue
[2026-09-06T05:28:12.548+0000] {logging_mixin.py:188} INFO - [2026-09-06T05:28:12.547+0000] {dagbag.py:545} INFO - Filling up the DagBag from /opt/airflow/dags/silver_processing_dag.py
[2026-09-06T05:28:12.663+0000] {processor.py:840} INFO - DAG(s) 'process_silver_layer' retrieved from /opt/airflow/dags/silver_processing_dag.py
[2026-09-06T05:28:12.806+0000] {logging_mixin.py:188} INFO - [2026-09-06T05:28:12.805+0000] {dag.py:3096} INFO - Sync 1 DAGs
[2026-09-06T05:28:12.864+0000] {logging_mixin.py:188} INFO - [2026-09-06T05:28:12.863+0000] {dag.py:3954} INFO - Setting next_dagrun for process_silver_layer to None, run_after=None
[2026-09-06T05:28:12.965+0000] {processor.py:183} INFO - Processing /opt/airflow/dags/silver_processing_dag.py took 0.458 seconds
[2026-09-06T05:28:43.452+0000] {processor.py:161} INFO - Started process (PID=36007) to work on /opt/airflow/dags/silver_processing_dag.py
[2026-09-06T05:28:43.460+0000] {processor.py:830} INFO - Processing file /opt/airflow/dags/silver_processing_dag.py for tasks to queue
[2026-09-06T05:28:43.472+0000] {logging_mixin.py:188} INFO - [2026-09-06T05:28:43.469+0000] {dagbag.py:545} INFO - Filling up the DagBag from /opt/airflow/dags/silver_processing_dag.py
[2026-09-06T05:28:43.533+0000] {processor.py:840} INFO - DAG(s) 'process_silver_layer' retrieved from /opt/airflow/dags/silver_processing_dag.py
[2026-09-06T05:28:43.615+0000] {logging_mixin.py:188} INFO - [2026-09-06T05:28:43.614+0000] {dag.py:3096} INFO - Sync 1 DAGs
[2026-09-06T05:28:43.658+0000] {logging_mixin.py:188} INFO - [2026-09-06T05:28:43.657+0000] {dag.py:3954} INFO - Setting next_dagrun for process_silver_layer to None, run_after=None
[2026-09-06T05:28:43.725+0000] {processor.py:183} INFO - Processing /opt/airflow/dags/silver_processing_dag.py took 0.291 seconds
[2026-09-06T05:29:14.202+0000] {processor.py:161} INFO - Started process (PID=36022) to work on /opt/airflow/dags/silver_processing_dag.py
[2026-09-06T05:29:14.206+0000] {processor.py:830} INFO - Processing file /opt/airflow/dags/silver_processing_dag.py for tasks to queue
[2026-09-06T05:29:14.215+0000] {logging_mixin.py:188} INFO - [2026-09-06T05:29:14.214+0000] {dagbag.py:545} INFO - Filling up the DagBag from /opt/airflow/dags/silver_processing_dag.py
[2026-09-06T05:29:14.291+0000] {processor.py:840} INFO - DAG(s) 'process_silver_layer' retrieved from /opt/airflow/dags/silver_processing_dag.py
[2026-09-06T05:29:14.357+0000] {logging_mixin.py:188} INFO - [2026-09-06T05:29:14.356+0000] {dag.py:3096} INFO - Sync 1 DAGs
[2026-09-06T05:29:14.397+0000] {logging_mixin.py:188} INFO - [2026-09-06T05:29:14.397+0000] {dag.py:3954} INFO - Setting next_dagrun for process_silver_layer to None, run_after=None
[2026-09-06T05:29:14.475+0000] {processor.py:183} INFO - Processing /opt/airflow/dags/silver_processing_dag.py took 0.296 seconds
[2026-09-06T05:29:44.981+0000] {processor.py:161} INFO - Started process (PID=36037) to work on /opt/airflow/dags/silver_processing_dag.py
[2026-09-06T05:29:44.985+0000] {processor.py:830} INFO - Processing file /opt/airflow/dags/silver_processing_dag.py for tasks to queue
[2026-09-06T05:29:44.991+0000] {logging_mixin.py:188} INFO - [2026-09-06T05:29:44.990+0000] {dagbag.py:545} INFO - Filling up the DagBag from /opt/airflow/dags/silver_processing_dag.py
[2026-09-06T05:29:45.101+0000] {processor.py:840} INFO - DAG(s) 'process_silver_layer' retrieved from /opt/airflow/dags/silver_processing_dag.py
[2026-09-06T05:29:45.182+0000] {logging_mixin.py:188} INFO - [2026-09-06T05:29:45.181+0000] {dag.py:3096} INFO - Sync 1 DAGs
[2026-09-06T05:29:45.224+0000] {logging_mixin.py:188} INFO - [2026-09-06T05:29:45.224+0000] {dag.py:3954} INFO - Setting next_dagrun for process_silver_layer to None, run_after=None
[2026-09-06T05:29:45.293+0000] {processor.py:183} INFO - Processing /opt/airflow/dags/silver_processing_dag.py took 0.338 seconds
[2026-09-06T05:30:15.636+0000] {processor.py:161} INFO - Started process (PID=36054) to work on /opt/airflow/dags/silver_processing_dag.py
[2026-09-06T05:30:15.639+0000] {processor.py:830} INFO - Processing file /opt/airflow/dags/silver_processing_dag.py for tasks to queue
[2026-09-06T05:30:15.646+0000] {logging_mixin.py:188} INFO - [2026-09-06T05:30:15.645+0000] {dagbag.py:545} INFO - Filling up the DagBag from /opt/airflow/dags/silver_processing_dag.py
[2026-09-06T05:30:15.686+0000] {processor.py:840} INFO - DAG(s) 'process_silver_layer' retrieved from /opt/airflow/dags/silver_processing_dag.py
[2026-09-06T05:30:15.747+0000] {logging_mixin.py:188} INFO - [2026-09-06T05:30:15.747+0000] {dag.py:3096} INFO - Sync 1 DAGs
[2026-09-06T05:30:15.775+0000] {logging_mixin.py:188} INFO - [2026-09-06T05:30:15.774+0000] {dag.py:3954} INFO - Setting next_dagrun for process_silver_layer to None, run_after=None
[2026-09-06T05:30:15.827+0000] {processor.py:183} INFO - Processing /opt/airflow/dags/silver_processing_dag.py took 0.207 seconds
[2026-09-06T05:30:46.404+0000] {processor.py:161} INFO - Started process (PID=36067) to work on /opt/airflow/dags/silver_processing_dag.py
[2026-09-06T05:30:46.408+0000] {processor.py:830} INFO - Processing file /opt/airflow/dags/silver_processing_dag.py for tasks to queue
[2026-09-06T05:30:46.414+0000] {logging_mixin.py:188} INFO - [2026-09-06T05:30:46.413+0000] {dagbag.py:545} INFO - Filling up the DagBag from /opt/airflow/dags/silver_processing_dag.py
[2026-09-06T05:30:46.478+0000] {processor.py:840} INFO - DAG(s) 'process_silver_layer' retrieved from /opt/airflow/dags/silver_processing_dag.py
[2026-09-06T05:30:46.564+0000] {logging_mixin.py:188} INFO - [2026-09-06T05:30:46.563+0000] {dag.py:3096} INFO - Sync 1 DAGs
[2026-09-06T05:30:46.616+0000] {logging_mixin.py:188} INFO - [2026-09-06T05:30:46.616+0000] {dag.py:3954} INFO - Setting next_dagrun for process_silver_layer to None, run_after=None
[2026-09-06T05:30:46.682+0000] {processor.py:183} INFO - Processing /opt/airflow/dags/silver_processing_dag.py took 0.302 seconds
[2026-09-06T05:31:17.236+0000] {processor.py:161} INFO - Started process (PID=36082) to work on /opt/airflow/dags/silver_processing_dag.py
[2026-09-06T05:31:17.240+0000] {processor.py:830} INFO - Processing file /opt/airflow/dags/silver_processing_dag.py for tasks to queue
[2026-09-06T05:31:17.251+0000] {logging_mixin.py:188} INFO - [2026-09-06T05:31:17.249+0000] {dagbag.py:545} INFO - Filling up the DagBag from /opt/airflow/dags/silver_processing_dag.py
[2026-09-06T05:31:17.311+0000] {processor.py:840} INFO - DAG(s) 'process_silver_layer' retrieved from /opt/airflow/dags/silver_processing_dag.py
[2026-09-06T05:31:17.385+0000] {logging_mixin.py:188} INFO - [2026-09-06T05:31:17.384+0000] {dag.py:3096} INFO - Sync 1 DAGs
[2026-09-06T05:31:17.431+0000] {logging_mixin.py:188} INFO - [2026-09-06T05:31:17.431+0000] {dag.py:3954} INFO - Setting next_dagrun for process_silver_layer to None, run_after=None
[2026-09-06T05:31:17.506+0000] {processor.py:183} INFO - Processing /opt/airflow/dags/silver_processing_dag.py took 0.292 seconds
[2026-09-06T05:31:47.994+0000] {processor.py:161} INFO - Started process (PID=36097) to work on /opt/airflow/dags/silver_processing_dag.py
[2026-09-06T05:31:47.999+0000] {processor.py:830} INFO - Processing file /opt/airflow/dags/silver_processing_dag.py for tasks to queue
[2026-09-06T05:31:48.013+0000] {logging_mixin.py:188} INFO - [2026-09-06T05:31:48.012+0000] {dagbag.py:545} INFO - Filling up the DagBag from /opt/airflow/dags/silver_processing_dag.py
[2026-09-06T05:31:48.103+0000] {processor.py:840} INFO - DAG(s) 'process_silver_layer' retrieved from /opt/airflow/dags/silver_processing_dag.py
[2026-09-06T05:31:48.221+0000] {logging_mixin.py:188} INFO - [2026-09-06T05:31:48.221+0000] {dag.py:3096} INFO - Sync 1 DAGs
[2026-09-06T05:31:48.302+0000] {logging_mixin.py:188} INFO - [2026-09-06T05:31:48.302+0000] {dag.py:3954} INFO - Setting next_dagrun for process_silver_layer to None, run_after=None
[2026-09-06T05:31:48.387+0000] {processor.py:183} INFO - Processing /opt/airflow/dags/silver_processing_dag.py took 0.419 seconds
[2026-09-06T05:32:18.993+0000] {processor.py:161} INFO - Started process (PID=36112) to work on /opt/airflow/dags/silver_processing_dag.py
[2026-09-06T05:32:18.997+0000] {processor.py:830} INFO - Processing file /opt/airflow/dags/silver_processing_dag.py for tasks to queue
[2026-09-06T05:32:19.005+0000] {logging_mixin.py:188} INFO - [2026-09-06T05:32:19.003+0000] {dagbag.py:545} INFO - Filling up the DagBag from /opt/airflow/dags/silver_processing_dag.py
[2026-09-06T05:32:19.063+0000] {processor.py:840} INFO - DAG(s) 'process_silver_layer' retrieved from /opt/airflow/dags/silver_processing_dag.py
[2026-09-06T05:32:19.150+0000] {logging_mixin.py:188} INFO - [2026-09-06T05:32:19.149+0000] {dag.py:3096} INFO - Sync 1 DAGs
[2026-09-06T05:32:19.191+0000] {logging_mixin.py:188} INFO - [2026-09-06T05:32:19.191+0000] {dag.py:3954} INFO - Setting next_dagrun for process_silver_layer to None, run_after=None
[2026-09-06T05:32:19.303+0000] {processor.py:183} INFO - Processing /opt/airflow/dags/silver_processing_dag.py took 0.332 seconds
[2026-09-06T05:32:49.757+0000] {processor.py:161} INFO - Started process (PID=36127) to work on /opt/airflow/dags/silver_processing_dag.py
[2026-09-06T05:32:49.760+0000] {processor.py:830} INFO - Processing file /opt/airflow/dags/silver_processing_dag.py for tasks to queue
[2026-09-06T05:32:49.770+0000] {logging_mixin.py:188} INFO - [2026-09-06T05:32:49.768+0000] {dagbag.py:545} INFO - Filling up the DagBag from /opt/airflow/dags/silver_processing_dag.py
[2026-09-06T05:32:49.886+0000] {processor.py:840} INFO - DAG(s) 'process_silver_layer' retrieved from /opt/airflow/dags/silver_processing_dag.py
[2026-09-06T05:32:50.007+0000] {logging_mixin.py:188} INFO - [2026-09-06T05:32:50.006+0000] {dag.py:3096} INFO - Sync 1 DAGs
[2026-09-06T05:32:50.071+0000] {logging_mixin.py:188} INFO - [2026-09-06T05:32:50.070+0000] {dag.py:3954} INFO - Setting next_dagrun for process_silver_layer to None, run_after=None
[2026-09-06T05:32:50.133+0000] {processor.py:183} INFO - Processing /opt/airflow/dags/silver_processing_dag.py took 0.398 seconds
[2026-09-06T05:33:20.698+0000] {processor.py:161} INFO - Started process (PID=36142) to work on /opt/airflow/dags/silver_processing_dag.py
[2026-09-06T05:33:20.717+0000] {processor.py:830} INFO - Processing file /opt/airflow/dags/silver_processing_dag.py for tasks to queue
[2026-09-06T05:33:20.733+0000] {logging_mixin.py:188} INFO - [2026-09-06T05:33:20.731+0000] {dagbag.py:545} INFO - Filling up the DagBag from /opt/airflow/dags/silver_processing_dag.py
[2026-09-06T05:33:20.843+0000] {processor.py:840} INFO - DAG(s) 'process_silver_layer' retrieved from /opt/airflow/dags/silver_processing_dag.py
[2026-09-06T05:33:20.960+0000] {logging_mixin.py:188} INFO - [2026-09-06T05:33:20.959+0000] {dag.py:3096} INFO - Sync 1 DAGs
[2026-09-06T05:33:21.030+0000] {logging_mixin.py:188} INFO - [2026-09-06T05:33:21.030+0000] {dag.py:3954} INFO - Setting next_dagrun for process_silver_layer to None, run_after=None
[2026-09-06T05:33:21.114+0000] {processor.py:183} INFO - Processing /opt/airflow/dags/silver_processing_dag.py took 0.447 seconds
[2026-09-06T05:33:51.836+0000] {processor.py:161} INFO - Started process (PID=36157) to work on /opt/airflow/dags/silver_processing_dag.py
[2026-09-06T05:33:51.839+0000] {processor.py:830} INFO - Processing file /opt/airflow/dags/silver_processing_dag.py for tasks to queue
[2026-09-06T05:33:51.858+0000] {logging_mixin.py:188} INFO - [2026-09-06T05:33:51.857+0000] {dagbag.py:545} INFO - Filling up the DagBag from /opt/airflow/dags/silver_processing_dag.py
[2026-09-06T05:33:51.923+0000] {processor.py:840} INFO - DAG(s) 'process_silver_layer' retrieved from /opt/airflow/dags/silver_processing_dag.py
[2026-09-06T05:33:51.996+0000] {logging_mixin.py:188} INFO - [2026-09-06T05:33:51.996+0000] {dag.py:3096} INFO - Sync 1 DAGs
[2026-09-06T05:33:52.060+0000] {logging_mixin.py:188} INFO - [2026-09-06T05:33:52.060+0000] {dag.py:3954} INFO - Setting next_dagrun for process_silver_layer to None, run_after=None
[2026-09-06T05:33:52.143+0000] {processor.py:183} INFO - Processing /opt/airflow/dags/silver_processing_dag.py took 0.358 seconds
[2026-09-06T05:34:22.582+0000] {processor.py:161} INFO - Started process (PID=36172) to work on /opt/airflow/dags/silver_processing_dag.py
[2026-09-06T05:34:22.585+0000] {processor.py:830} INFO - Processing file /opt/airflow/dags/silver_processing_dag.py for tasks to queue
[2026-09-06T05:34:22.597+0000] {logging_mixin.py:188} INFO - [2026-09-06T05:34:22.595+0000] {dagbag.py:545} INFO - Filling up the DagBag from /opt/airflow/dags/silver_processing_dag.py
[2026-09-06T05:34:22.648+0000] {processor.py:840} INFO - DAG(s) 'process_silver_layer' retrieved from /opt/airflow/dags/silver_processing_dag.py
[2026-09-06T05:34:22.729+0000] {logging_mixin.py:188} INFO - [2026-09-06T05:34:22.728+0000] {dag.py:3096} INFO - Sync 1 DAGs
[2026-09-06T05:34:22.784+0000] {logging_mixin.py:188} INFO - [2026-09-06T05:34:22.783+0000] {dag.py:3954} INFO - Setting next_dagrun for process_silver_layer to None, run_after=None
[2026-09-06T05:34:22.886+0000] {processor.py:183} INFO - Processing /opt/airflow/dags/silver_processing_dag.py took 0.325 seconds
[2026-09-06T05:34:53.391+0000] {processor.py:161} INFO - Started process (PID=36187) to work on /opt/airflow/dags/silver_processing_dag.py
[2026-09-06T05:34:53.394+0000] {processor.py:830} INFO - Processing file /opt/airflow/dags/silver_processing_dag.py for tasks to queue
[2026-09-06T05:34:53.401+0000] {logging_mixin.py:188} INFO - [2026-09-06T05:34:53.400+0000] {dagbag.py:545} INFO - Filling up the DagBag from /opt/airflow/dags/silver_processing_dag.py
[2026-09-06T05:34:53.465+0000] {processor.py:840} INFO - DAG(s) 'process_silver_layer' retrieved from /opt/airflow/dags/silver_processing_dag.py
[2026-09-06T05:34:53.541+0000] {logging_mixin.py:188} INFO - [2026-09-06T05:34:53.541+0000] {dag.py:3096} INFO - Sync 1 DAGs
[2026-09-06T05:34:53.583+0000] {logging_mixin.py:188} INFO - [2026-09-06T05:34:53.582+0000] {dag.py:3954} INFO - Setting next_dagrun for process_silver_layer to None, run_after=None
[2026-09-06T05:34:53.672+0000] {processor.py:183} INFO - Processing /opt/airflow/dags/silver_processing_dag.py took 0.301 seconds
[2026-09-06T05:35:24.205+0000] {processor.py:161} INFO - Started process (PID=36202) to work on /opt/airflow/dags/silver_processing_dag.py
[2026-09-06T05:35:24.220+0000] {processor.py:830} INFO - Processing file /opt/airflow/dags/silver_processing_dag.py for tasks to queue
[2026-09-06T05:35:24.229+0000] {logging_mixin.py:188} INFO - [2026-09-06T05:35:24.228+0000] {dagbag.py:545} INFO - Filling up the DagBag from /opt/airflow/dags/silver_processing_dag.py
[2026-09-06T05:35:24.341+0000] {processor.py:840} INFO - DAG(s) 'process_silver_layer' retrieved from /opt/airflow/dags/silver_processing_dag.py
[2026-09-06T05:35:24.413+0000] {logging_mixin.py:188} INFO - [2026-09-06T05:35:24.413+0000] {dag.py:3096} INFO - Sync 1 DAGs
[2026-09-06T05:35:24.463+0000] {logging_mixin.py:188} INFO - [2026-09-06T05:35:24.463+0000] {dag.py:3954} INFO - Setting next_dagrun for process_silver_layer to None, run_after=None
[2026-09-06T05:35:24.542+0000] {processor.py:183} INFO - Processing /opt/airflow/dags/silver_processing_dag.py took 0.372 seconds
[2026-09-06T05:35:55.115+0000] {processor.py:161} INFO - Started process (PID=36217) to work on /opt/airflow/dags/silver_processing_dag.py
[2026-09-06T05:35:55.121+0000] {processor.py:830} INFO - Processing file /opt/airflow/dags/silver_processing_dag.py for tasks to queue
[2026-09-06T05:35:55.129+0000] {logging_mixin.py:188} INFO - [2026-09-06T05:35:55.127+0000] {dagbag.py:545} INFO - Filling up the DagBag from /opt/airflow/dags/silver_processing_dag.py
[2026-09-06T05:35:55.212+0000] {processor.py:840} INFO - DAG(s) 'process_silver_layer' retrieved from /opt/airflow/dags/silver_processing_dag.py
[2026-09-06T05:35:55.308+0000] {logging_mixin.py:188} INFO - [2026-09-06T05:35:55.307+0000] {dag.py:3096} INFO - Sync 1 DAGs
[2026-09-06T05:35:55.351+0000] {logging_mixin.py:188} INFO - [2026-09-06T05:35:55.350+0000] {dag.py:3954} INFO - Setting next_dagrun for process_silver_layer to None, run_after=None
[2026-09-06T05:35:55.416+0000] {processor.py:183} INFO - Processing /opt/airflow/dags/silver_processing_dag.py took 0.325 seconds
[2026-09-06T05:36:25.901+0000] {processor.py:161} INFO - Started process (PID=36232) to work on /opt/airflow/dags/silver_processing_dag.py
[2026-09-06T05:36:25.905+0000] {processor.py:830} INFO - Processing file /opt/airflow/dags/silver_processing_dag.py for tasks to queue
[2026-09-06T05:36:25.912+0000] {logging_mixin.py:188} INFO - [2026-09-06T05:36:25.911+0000] {dagbag.py:545} INFO - Filling up the DagBag from /opt/airflow/dags/silver_processing_dag.py
[2026-09-06T05:36:25.971+0000] {processor.py:840} INFO - DAG(s) 'process_silver_layer' retrieved from /opt/airflow/dags/silver_processing_dag.py
[2026-09-06T05:36:26.045+0000] {logging_mixin.py:188} INFO - [2026-09-06T05:36:26.044+0000] {dag.py:3096} INFO - Sync 1 DAGs
[2026-09-06T05:36:26.091+0000] {logging_mixin.py:188} INFO - [2026-09-06T05:36:26.091+0000] {dag.py:3954} INFO - Setting next_dagrun for process_silver_layer to None, run_after=None
[2026-09-06T05:36:26.167+0000] {processor.py:183} INFO - Processing /opt/airflow/dags/silver_processing_dag.py took 0.306 seconds
[2026-09-06T05:36:57.015+0000] {processor.py:161} INFO - Started process (PID=36247) to work on /opt/airflow/dags/silver_processing_dag.py
[2026-09-06T05:36:57.028+0000] {processor.py:830} INFO - Processing file /opt/airflow/dags/silver_processing_dag.py for tasks to queue
[2026-09-06T05:36:57.052+0000] {logging_mixin.py:188} INFO - [2026-09-06T05:36:57.051+0000] {dagbag.py:545} INFO - Filling up the DagBag from /opt/airflow/dags/silver_processing_dag.py
[2026-09-06T05:36:57.174+0000] {processor.py:840} INFO - DAG(s) 'process_silver_layer' retrieved from /opt/airflow/dags/silver_processing_dag.py
[2026-09-06T05:36:57.251+0000] {logging_mixin.py:188} INFO - [2026-09-06T05:36:57.250+0000] {dag.py:3096} INFO - Sync 1 DAGs
[2026-09-06T05:36:57.298+0000] {logging_mixin.py:188} INFO - [2026-09-06T05:36:57.298+0000] {dag.py:3954} INFO - Setting next_dagrun for process_silver_layer to None, run_after=None
[2026-09-06T05:36:57.356+0000] {processor.py:183} INFO - Processing /opt/airflow/dags/silver_processing_dag.py took 0.369 seconds
[2026-09-06T05:37:27.816+0000] {processor.py:161} INFO - Started process (PID=36262) to work on /opt/airflow/dags/silver_processing_dag.py
[2026-09-06T05:37:27.819+0000] {processor.py:830} INFO - Processing file /opt/airflow/dags/silver_processing_dag.py for tasks to queue
[2026-09-06T05:37:27.829+0000] {logging_mixin.py:188} INFO - [2026-09-06T05:37:27.826+0000] {dagbag.py:545} INFO - Filling up the DagBag from /opt/airflow/dags/silver_processing_dag.py
[2026-09-06T05:37:27.882+0000] {processor.py:840} INFO - DAG(s) 'process_silver_layer' retrieved from /opt/airflow/dags/silver_processing_dag.py
[2026-09-06T05:37:27.965+0000] {logging_mixin.py:188} INFO - [2026-09-06T05:37:27.964+0000] {dag.py:3096} INFO - Sync 1 DAGs
[2026-09-06T05:37:28.009+0000] {logging_mixin.py:188} INFO - [2026-09-06T05:37:28.007+0000] {dag.py:3954} INFO - Setting next_dagrun for process_silver_layer to None, run_after=None
[2026-09-06T05:37:28.083+0000] {processor.py:183} INFO - Processing /opt/airflow/dags/silver_processing_dag.py took 0.291 seconds
[2026-09-06T05:37:58.652+0000] {processor.py:161} INFO - Started process (PID=36277) to work on /opt/airflow/dags/silver_processing_dag.py
[2026-09-06T05:37:58.655+0000] {processor.py:830} INFO - Processing file /opt/airflow/dags/silver_processing_dag.py for tasks to queue
[2026-09-06T05:37:58.663+0000] {logging_mixin.py:188} INFO - [2026-09-06T05:37:58.662+0000] {dagbag.py:545} INFO - Filling up the DagBag from /opt/airflow/dags/silver_processing_dag.py
[2026-09-06T05:37:58.717+0000] {processor.py:840} INFO - DAG(s) 'process_silver_layer' retrieved from /opt/airflow/dags/silver_processing_dag.py
[2026-09-06T05:37:58.820+0000] {logging_mixin.py:188} INFO - [2026-09-06T05:37:58.820+0000] {dag.py:3096} INFO - Sync 1 DAGs
[2026-09-06T05:37:58.869+0000] {logging_mixin.py:188} INFO - [2026-09-06T05:37:58.868+0000] {dag.py:3954} INFO - Setting next_dagrun for process_silver_layer to None, run_after=None
[2026-09-06T05:37:58.950+0000] {processor.py:183} INFO - Processing /opt/airflow/dags/silver_processing_dag.py took 0.324 seconds
[2026-09-06T05:38:29.507+0000] {processor.py:161} INFO - Started process (PID=36292) to work on /opt/airflow/dags/silver_processing_dag.py
[2026-09-06T05:38:29.511+0000] {processor.py:830} INFO - Processing file /opt/airflow/dags/silver_processing_dag.py for tasks to queue
[2026-09-06T05:38:29.518+0000] {logging_mixin.py:188} INFO - [2026-09-06T05:38:29.517+0000] {dagbag.py:545} INFO - Filling up the DagBag from /opt/airflow/dags/silver_processing_dag.py
[2026-09-06T05:38:29.606+0000] {processor.py:840} INFO - DAG(s) 'process_silver_layer' retrieved from /opt/airflow/dags/silver_processing_dag.py
[2026-09-06T05:38:29.686+0000] {logging_mixin.py:188} INFO - [2026-09-06T05:38:29.685+0000] {dag.py:3096} INFO - Sync 1 DAGs
[2026-09-06T05:38:29.731+0000] {logging_mixin.py:188} INFO - [2026-09-06T05:38:29.730+0000] {dag.py:3954} INFO - Setting next_dagrun for process_silver_layer to None, run_after=None
[2026-09-06T05:38:29.795+0000] {processor.py:183} INFO - Processing /opt/airflow/dags/silver_processing_dag.py took 0.308 seconds
[2026-09-06T05:39:00.490+0000] {processor.py:161} INFO - Started process (PID=36307) to work on /opt/airflow/dags/silver_processing_dag.py
[2026-09-06T05:39:00.504+0000] {processor.py:830} INFO - Processing file /opt/airflow/dags/silver_processing_dag.py for tasks to queue
[2026-09-06T05:39:00.518+0000] {logging_mixin.py:188} INFO - [2026-09-06T05:39:00.517+0000] {dagbag.py:545} INFO - Filling up the DagBag from /opt/airflow/dags/silver_processing_dag.py
[2026-09-06T05:39:00.714+0000] {processor.py:840} INFO - DAG(s) 'process_silver_layer' retrieved from /opt/airflow/dags/silver_processing_dag.py
[2026-09-06T05:39:00.876+0000] {logging_mixin.py:188} INFO - [2026-09-06T05:39:00.875+0000] {dag.py:3096} INFO - Sync 1 DAGs
[2026-09-06T05:39:00.978+0000] {logging_mixin.py:188} INFO - [2026-09-06T05:39:00.978+0000] {dag.py:3954} INFO - Setting next_dagrun for process_silver_layer to None, run_after=None
[2026-09-06T05:39:01.135+0000] {processor.py:183} INFO - Processing /opt/airflow/dags/silver_processing_dag.py took 0.689 seconds
[2026-09-06T05:39:31.826+0000] {processor.py:161} INFO - Started process (PID=36322) to work on /opt/airflow/dags/silver_processing_dag.py
[2026-09-06T05:39:31.829+0000] {processor.py:830} INFO - Processing file /opt/airflow/dags/silver_processing_dag.py for tasks to queue
[2026-09-06T05:39:31.839+0000] {logging_mixin.py:188} INFO - [2026-09-06T05:39:31.837+0000] {dagbag.py:545} INFO - Filling up the DagBag from /opt/airflow/dags/silver_processing_dag.py
[2026-09-06T05:39:31.904+0000] {processor.py:840} INFO - DAG(s) 'process_silver_layer' retrieved from /opt/airflow/dags/silver_processing_dag.py
[2026-09-06T05:39:31.968+0000] {logging_mixin.py:188} INFO - [2026-09-06T05:39:31.967+0000] {dag.py:3096} INFO - Sync 1 DAGs
[2026-09-06T05:39:32.006+0000] {logging_mixin.py:188} INFO - [2026-09-06T05:39:32.006+0000] {dag.py:3954} INFO - Setting next_dagrun for process_silver_layer to None, run_after=None
[2026-09-06T05:39:32.076+0000] {processor.py:183} INFO - Processing /opt/airflow/dags/silver_processing_dag.py took 0.271 seconds
[2026-09-06T05:40:02.590+0000] {processor.py:161} INFO - Started process (PID=36337) to work on /opt/airflow/dags/silver_processing_dag.py
[2026-09-06T05:40:02.596+0000] {processor.py:830} INFO - Processing file /opt/airflow/dags/silver_processing_dag.py for tasks to queue
[2026-09-06T05:40:02.607+0000] {logging_mixin.py:188} INFO - [2026-09-06T05:40:02.606+0000] {dagbag.py:545} INFO - Filling up the DagBag from /opt/airflow/dags/silver_processing_dag.py
[2026-09-06T05:40:02.686+0000] {processor.py:840} INFO - DAG(s) 'process_silver_layer' retrieved from /opt/airflow/dags/silver_processing_dag.py
[2026-09-06T05:40:02.802+0000] {logging_mixin.py:188} INFO - [2026-09-06T05:40:02.801+0000] {dag.py:3096} INFO - Sync 1 DAGs
[2026-09-06T05:40:02.872+0000] {logging_mixin.py:188} INFO - [2026-09-06T05:40:02.871+0000] {dag.py:3954} INFO - Setting next_dagrun for process_silver_layer to None, run_after=None
[2026-09-06T05:40:02.943+0000] {processor.py:183} INFO - Processing /opt/airflow/dags/silver_processing_dag.py took 0.377 seconds
[2026-09-06T05:40:33.458+0000] {processor.py:161} INFO - Started process (PID=36352) to work on /opt/airflow/dags/silver_processing_dag.py
[2026-09-06T05:40:33.464+0000] {processor.py:830} INFO - Processing file /opt/airflow/dags/silver_processing_dag.py for tasks to queue
[2026-09-06T05:40:33.488+0000] {logging_mixin.py:188} INFO - [2026-09-06T05:40:33.484+0000] {dagbag.py:545} INFO - Filling up the DagBag from /opt/airflow/dags/silver_processing_dag.py
[2026-09-06T05:40:33.647+0000] {processor.py:840} INFO - DAG(s) 'process_silver_layer' retrieved from /opt/airflow/dags/silver_processing_dag.py
[2026-09-06T05:40:33.725+0000] {logging_mixin.py:188} INFO - [2026-09-06T05:40:33.724+0000] {dag.py:3096} INFO - Sync 1 DAGs
[2026-09-06T05:40:33.772+0000] {logging_mixin.py:188} INFO - [2026-09-06T05:40:33.772+0000] {dag.py:3954} INFO - Setting next_dagrun for process_silver_layer to None, run_after=None
[2026-09-06T05:40:33.826+0000] {processor.py:183} INFO - Processing /opt/airflow/dags/silver_processing_dag.py took 0.412 seconds
[2026-09-06T05:41:04.420+0000] {processor.py:161} INFO - Started process (PID=36367) to work on /opt/airflow/dags/silver_processing_dag.py
[2026-09-06T05:41:04.427+0000] {processor.py:830} INFO - Processing file /opt/airflow/dags/silver_processing_dag.py for tasks to queue
[2026-09-06T05:41:04.435+0000] {logging_mixin.py:188} INFO - [2026-09-06T05:41:04.434+0000] {dagbag.py:545} INFO - Filling up the DagBag from /opt/airflow/dags/silver_processing_dag.py
[2026-09-06T05:41:04.522+0000] {processor.py:840} INFO - DAG(s) 'process_silver_layer' retrieved from /opt/airflow/dags/silver_processing_dag.py
[2026-09-06T05:41:04.608+0000] {logging_mixin.py:188} INFO - [2026-09-06T05:41:04.608+0000] {dag.py:3096} INFO - Sync 1 DAGs
[2026-09-06T05:41:04.655+0000] {logging_mixin.py:188} INFO - [2026-09-06T05:41:04.654+0000] {dag.py:3954} INFO - Setting next_dagrun for process_silver_layer to None, run_after=None
[2026-09-06T05:41:04.715+0000] {processor.py:183} INFO - Processing /opt/airflow/dags/silver_processing_dag.py took 0.331 seconds
[2026-09-06T05:41:35.190+0000] {processor.py:161} INFO - Started process (PID=36382) to work on /opt/airflow/dags/silver_processing_dag.py
[2026-09-06T05:41:35.203+0000] {processor.py:830} INFO - Processing file /opt/airflow/dags/silver_processing_dag.py for tasks to queue
[2026-09-06T05:41:35.211+0000] {logging_mixin.py:188} INFO - [2026-09-06T05:41:35.210+0000] {dagbag.py:545} INFO - Filling up the DagBag from /opt/airflow/dags/silver_processing_dag.py
[2026-09-06T05:41:35.455+0000] {processor.py:840} INFO - DAG(s) 'process_silver_layer' retrieved from /opt/airflow/dags/silver_processing_dag.py
[2026-09-06T05:41:35.621+0000] {logging_mixin.py:188} INFO - [2026-09-06T05:41:35.620+0000] {dag.py:3096} INFO - Sync 1 DAGs
[2026-09-06T05:41:35.695+0000] {logging_mixin.py:188} INFO - [2026-09-06T05:41:35.694+0000] {dag.py:3954} INFO - Setting next_dagrun for process_silver_layer to None, run_after=None
[2026-09-06T05:41:35.763+0000] {processor.py:183} INFO - Processing /opt/airflow/dags/silver_processing_dag.py took 0.597 seconds
[2026-09-06T05:42:06.232+0000] {processor.py:161} INFO - Started process (PID=36397) to work on /opt/airflow/dags/silver_processing_dag.py
[2026-09-06T05:42:06.238+0000] {processor.py:830} INFO - Processing file /opt/airflow/dags/silver_processing_dag.py for tasks to queue
[2026-09-06T05:42:06.246+0000] {logging_mixin.py:188} INFO - [2026-09-06T05:42:06.245+0000] {dagbag.py:545} INFO - Filling up the DagBag from /opt/airflow/dags/silver_processing_dag.py
[2026-09-06T05:42:06.324+0000] {processor.py:840} INFO - DAG(s) 'process_silver_layer' retrieved from /opt/airflow/dags/silver_processing_dag.py
[2026-09-06T05:42:06.393+0000] {logging_mixin.py:188} INFO - [2026-09-06T05:42:06.392+0000] {dag.py:3096} INFO - Sync 1 DAGs
[2026-09-06T05:42:06.451+0000] {logging_mixin.py:188} INFO - [2026-09-06T05:42:06.451+0000] {dag.py:3954} INFO - Setting next_dagrun for process_silver_layer to None, run_after=None
[2026-09-06T05:42:06.514+0000] {processor.py:183} INFO - Processing /opt/airflow/dags/silver_processing_dag.py took 0.306 seconds
[2026-09-06T05:42:36.976+0000] {processor.py:161} INFO - Started process (PID=36412) to work on /opt/airflow/dags/silver_processing_dag.py
[2026-09-06T05:42:36.980+0000] {processor.py:830} INFO - Processing file /opt/airflow/dags/silver_processing_dag.py for tasks to queue
[2026-09-06T05:42:36.986+0000] {logging_mixin.py:188} INFO - [2026-09-06T05:42:36.985+0000] {dagbag.py:545} INFO - Filling up the DagBag from /opt/airflow/dags/silver_processing_dag.py
[2026-09-06T05:42:37.037+0000] {processor.py:840} INFO - DAG(s) 'process_silver_layer' retrieved from /opt/airflow/dags/silver_processing_dag.py
[2026-09-06T05:42:37.108+0000] {logging_mixin.py:188} INFO - [2026-09-06T05:42:37.107+0000] {dag.py:3096} INFO - Sync 1 DAGs
[2026-09-06T05:42:37.154+0000] {logging_mixin.py:188} INFO - [2026-09-06T05:42:37.153+0000] {dag.py:3954} INFO - Setting next_dagrun for process_silver_layer to None, run_after=None
[2026-09-06T05:42:37.229+0000] {processor.py:183} INFO - Processing /opt/airflow/dags/silver_processing_dag.py took 0.279 seconds
[2026-09-06T05:43:07.792+0000] {processor.py:161} INFO - Started process (PID=36427) to work on /opt/airflow/dags/silver_processing_dag.py
[2026-09-06T05:43:07.795+0000] {processor.py:830} INFO - Processing file /opt/airflow/dags/silver_processing_dag.py for tasks to queue
[2026-09-06T05:43:07.802+0000] {logging_mixin.py:188} INFO - [2026-09-06T05:43:07.801+0000] {dagbag.py:545} INFO - Filling up the DagBag from /opt/airflow/dags/silver_processing_dag.py
[2026-09-06T05:43:07.862+0000] {processor.py:840} INFO - DAG(s) 'process_silver_layer' retrieved from /opt/airflow/dags/silver_processing_dag.py
[2026-09-06T05:43:07.940+0000] {logging_mixin.py:188} INFO - [2026-09-06T05:43:07.939+0000] {dag.py:3096} INFO - Sync 1 DAGs
[2026-09-06T05:43:07.985+0000] {logging_mixin.py:188} INFO - [2026-09-06T05:43:07.984+0000] {dag.py:3954} INFO - Setting next_dagrun for process_silver_layer to None, run_after=None
[2026-09-06T05:43:08.088+0000] {processor.py:183} INFO - Processing /opt/airflow/dags/silver_processing_dag.py took 0.317 seconds
[2026-09-06T05:43:38.599+0000] {processor.py:161} INFO - Started process (PID=36442) to work on /opt/airflow/dags/silver_processing_dag.py
[2026-09-06T05:43:38.609+0000] {processor.py:830} INFO - Processing file /opt/airflow/dags/silver_processing_dag.py for tasks to queue
[2026-09-06T05:43:38.617+0000] {logging_mixin.py:188} INFO - [2026-09-06T05:43:38.616+0000] {dagbag.py:545} INFO - Filling up the DagBag from /opt/airflow/dags/silver_processing_dag.py
[2026-09-06T05:43:38.759+0000] {processor.py:840} INFO - DAG(s) 'process_silver_layer' retrieved from /opt/airflow/dags/silver_processing_dag.py
[2026-09-06T05:43:38.892+0000] {logging_mixin.py:188} INFO - [2026-09-06T05:43:38.891+0000] {dag.py:3096} INFO - Sync 1 DAGs
[2026-09-06T05:43:38.962+0000] {logging_mixin.py:188} INFO - [2026-09-06T05:43:38.962+0000] {dag.py:3954} INFO - Setting next_dagrun for process_silver_layer to None, run_after=None
[2026-09-06T05:43:39.059+0000] {processor.py:183} INFO - Processing /opt/airflow/dags/silver_processing_dag.py took 0.490 seconds
[2026-09-06T05:44:09.597+0000] {processor.py:161} INFO - Started process (PID=36457) to work on /opt/airflow/dags/silver_processing_dag.py
[2026-09-06T05:44:09.601+0000] {processor.py:830} INFO - Processing file /opt/airflow/dags/silver_processing_dag.py for tasks to queue
[2026-09-06T05:44:09.608+0000] {logging_mixin.py:188} INFO - [2026-09-06T05:44:09.607+0000] {dagbag.py:545} INFO - Filling up the DagBag from /opt/airflow/dags/silver_processing_dag.py
[2026-09-06T05:44:09.687+0000] {processor.py:840} INFO - DAG(s) 'process_silver_layer' retrieved from /opt/airflow/dags/silver_processing_dag.py
[2026-09-06T05:44:09.823+0000] {logging_mixin.py:188} INFO - [2026-09-06T05:44:09.822+0000] {dag.py:3096} INFO - Sync 1 DAGs
[2026-09-06T05:44:09.897+0000] {logging_mixin.py:188} INFO - [2026-09-06T05:44:09.896+0000] {dag.py:3954} INFO - Setting next_dagrun for process_silver_layer to None, run_after=None
[2026-09-06T05:44:09.966+0000] {processor.py:183} INFO - Processing /opt/airflow/dags/silver_processing_dag.py took 0.399 seconds
[2026-09-06T05:44:40.481+0000] {processor.py:161} INFO - Started process (PID=36472) to work on /opt/airflow/dags/silver_processing_dag.py
[2026-09-06T05:44:40.487+0000] {processor.py:830} INFO - Processing file /opt/airflow/dags/silver_processing_dag.py for tasks to queue
[2026-09-06T05:44:40.500+0000] {logging_mixin.py:188} INFO - [2026-09-06T05:44:40.499+0000] {dagbag.py:545} INFO - Filling up the DagBag from /opt/airflow/dags/silver_processing_dag.py
[2026-09-06T05:44:40.554+0000] {processor.py:840} INFO - DAG(s) 'process_silver_layer' retrieved from /opt/airflow/dags/silver_processing_dag.py
[2026-09-06T05:44:40.630+0000] {logging_mixin.py:188} INFO - [2026-09-06T05:44:40.630+0000] {dag.py:3096} INFO - Sync 1 DAGs
[2026-09-06T05:44:40.670+0000] {logging_mixin.py:188} INFO - [2026-09-06T05:44:40.670+0000] {dag.py:3954} INFO - Setting next_dagrun for process_silver_layer to None, run_after=None
[2026-09-06T05:44:40.750+0000] {processor.py:183} INFO - Processing /opt/airflow/dags/silver_processing_dag.py took 0.294 seconds
[2026-09-06T05:45:11.298+0000] {processor.py:161} INFO - Started process (PID=36487) to work on /opt/airflow/dags/silver_processing_dag.py
[2026-09-06T05:45:11.312+0000] {processor.py:830} INFO - Processing file /opt/airflow/dags/silver_processing_dag.py for tasks to queue
[2026-09-06T05:45:11.324+0000] {logging_mixin.py:188} INFO - [2026-09-06T05:45:11.323+0000] {dagbag.py:545} INFO - Filling up the DagBag from /opt/airflow/dags/silver_processing_dag.py
[2026-09-06T05:45:11.443+0000] {processor.py:840} INFO - DAG(s) 'process_silver_layer' retrieved from /opt/airflow/dags/silver_processing_dag.py
[2026-09-06T05:45:11.556+0000] {logging_mixin.py:188} INFO - [2026-09-06T05:45:11.555+0000] {dag.py:3096} INFO - Sync 1 DAGs
[2026-09-06T05:45:11.625+0000] {logging_mixin.py:188} INFO - [2026-09-06T05:45:11.618+0000] {dag.py:3954} INFO - Setting next_dagrun for process_silver_layer to None, run_after=None
[2026-09-06T05:45:11.712+0000] {processor.py:183} INFO - Processing /opt/airflow/dags/silver_processing_dag.py took 0.440 seconds
[2026-09-06T05:45:42.409+0000] {processor.py:161} INFO - Started process (PID=36502) to work on /opt/airflow/dags/silver_processing_dag.py
[2026-09-06T05:45:42.413+0000] {processor.py:830} INFO - Processing file /opt/airflow/dags/silver_processing_dag.py for tasks to queue
[2026-09-06T05:45:42.419+0000] {logging_mixin.py:188} INFO - [2026-09-06T05:45:42.418+0000] {dagbag.py:545} INFO - Filling up the DagBag from /opt/airflow/dags/silver_processing_dag.py
[2026-09-06T05:45:42.484+0000] {processor.py:840} INFO - DAG(s) 'process_silver_layer' retrieved from /opt/airflow/dags/silver_processing_dag.py
[2026-09-06T05:45:42.540+0000] {logging_mixin.py:188} INFO - [2026-09-06T05:45:42.539+0000] {dag.py:3096} INFO - Sync 1 DAGs
[2026-09-06T05:45:42.585+0000] {logging_mixin.py:188} INFO - [2026-09-06T05:45:42.585+0000] {dag.py:3954} INFO - Setting next_dagrun for process_silver_layer to None, run_after=None
[2026-09-06T05:45:42.649+0000] {processor.py:183} INFO - Processing /opt/airflow/dags/silver_processing_dag.py took 0.270 seconds
[2026-09-06T05:46:13.101+0000] {processor.py:161} INFO - Started process (PID=36517) to work on /opt/airflow/dags/silver_processing_dag.py
[2026-09-06T05:46:13.106+0000] {processor.py:830} INFO - Processing file /opt/airflow/dags/silver_processing_dag.py for tasks to queue
[2026-09-06T05:46:13.112+0000] {logging_mixin.py:188} INFO - [2026-09-06T05:46:13.111+0000] {dagbag.py:545} INFO - Filling up the DagBag from /opt/airflow/dags/silver_processing_dag.py
[2026-09-06T05:46:13.168+0000] {processor.py:840} INFO - DAG(s) 'process_silver_layer' retrieved from /opt/airflow/dags/silver_processing_dag.py
[2026-09-06T05:46:13.253+0000] {logging_mixin.py:188} INFO - [2026-09-06T05:46:13.252+0000] {dag.py:3096} INFO - Sync 1 DAGs
[2026-09-06T05:46:13.305+0000] {logging_mixin.py:188} INFO - [2026-09-06T05:46:13.305+0000] {dag.py:3954} INFO - Setting next_dagrun for process_silver_layer to None, run_after=None
[2026-09-06T05:46:13.382+0000] {processor.py:183} INFO - Processing /opt/airflow/dags/silver_processing_dag.py took 0.305 seconds
[2026-09-06T05:46:43.915+0000] {processor.py:161} INFO - Started process (PID=36532) to work on /opt/airflow/dags/silver_processing_dag.py
[2026-09-06T05:46:43.922+0000] {processor.py:830} INFO - Processing file /opt/airflow/dags/silver_processing_dag.py for tasks to queue
[2026-09-06T05:46:43.930+0000] {logging_mixin.py:188} INFO - [2026-09-06T05:46:43.929+0000] {dagbag.py:545} INFO - Filling up the DagBag from /opt/airflow/dags/silver_processing_dag.py
[2026-09-06T05:46:43.989+0000] {processor.py:840} INFO - DAG(s) 'process_silver_layer' retrieved from /opt/airflow/dags/silver_processing_dag.py
[2026-09-06T05:46:44.061+0000] {logging_mixin.py:188} INFO - [2026-09-06T05:46:44.061+0000] {dag.py:3096} INFO - Sync 1 DAGs
[2026-09-06T05:46:44.105+0000] {logging_mixin.py:188} INFO - [2026-09-06T05:46:44.105+0000] {dag.py:3954} INFO - Setting next_dagrun for process_silver_layer to None, run_after=None
[2026-09-06T05:46:44.173+0000] {processor.py:183} INFO - Processing /opt/airflow/dags/silver_processing_dag.py took 0.281 seconds
[2026-09-06T05:47:14.655+0000] {processor.py:161} INFO - Started process (PID=36547) to work on /opt/airflow/dags/silver_processing_dag.py
[2026-09-06T05:47:14.658+0000] {processor.py:830} INFO - Processing file /opt/airflow/dags/silver_processing_dag.py for tasks to queue
[2026-09-06T05:47:14.667+0000] {logging_mixin.py:188} INFO - [2026-09-06T05:47:14.664+0000] {dagbag.py:545} INFO - Filling up the DagBag from /opt/airflow/dags/silver_processing_dag.py
[2026-09-06T05:47:14.718+0000] {processor.py:840} INFO - DAG(s) 'process_silver_layer' retrieved from /opt/airflow/dags/silver_processing_dag.py
[2026-09-06T05:47:14.834+0000] {logging_mixin.py:188} INFO - [2026-09-06T05:47:14.833+0000] {dag.py:3096} INFO - Sync 1 DAGs
[2026-09-06T05:47:14.879+0000] {logging_mixin.py:188} INFO - [2026-09-06T05:47:14.879+0000] {dag.py:3954} INFO - Setting next_dagrun for process_silver_layer to None, run_after=None
[2026-09-06T05:47:14.986+0000] {processor.py:183} INFO - Processing /opt/airflow/dags/silver_processing_dag.py took 0.352 seconds
[2026-09-06T05:47:45.566+0000] {processor.py:161} INFO - Started process (PID=36562) to work on /opt/airflow/dags/silver_processing_dag.py
[2026-09-06T05:47:45.578+0000] {processor.py:830} INFO - Processing file /opt/airflow/dags/silver_processing_dag.py for tasks to queue
[2026-09-06T05:47:45.591+0000] {logging_mixin.py:188} INFO - [2026-09-06T05:47:45.590+0000] {dagbag.py:545} INFO - Filling up the DagBag from /opt/airflow/dags/silver_processing_dag.py
[2026-09-06T05:47:45.746+0000] {processor.py:840} INFO - DAG(s) 'process_silver_layer' retrieved from /opt/airflow/dags/silver_processing_dag.py
[2026-09-06T05:47:45.848+0000] {logging_mixin.py:188} INFO - [2026-09-06T05:47:45.847+0000] {dag.py:3096} INFO - Sync 1 DAGs
[2026-09-06T05:47:45.936+0000] {logging_mixin.py:188} INFO - [2026-09-06T05:47:45.931+0000] {dag.py:3954} INFO - Setting next_dagrun for process_silver_layer to None, run_after=None
[2026-09-06T05:47:46.002+0000] {processor.py:183} INFO - Processing /opt/airflow/dags/silver_processing_dag.py took 0.475 seconds
[2026-09-06T05:48:16.520+0000] {processor.py:161} INFO - Started process (PID=36577) to work on /opt/airflow/dags/silver_processing_dag.py
[2026-09-06T05:48:16.534+0000] {processor.py:830} INFO - Processing file /opt/airflow/dags/silver_processing_dag.py for tasks to queue
[2026-09-06T05:48:16.543+0000] {logging_mixin.py:188} INFO - [2026-09-06T05:48:16.542+0000] {dagbag.py:545} INFO - Filling up the DagBag from /opt/airflow/dags/silver_processing_dag.py
[2026-09-06T05:48:16.605+0000] {processor.py:840} INFO - DAG(s) 'process_silver_layer' retrieved from /opt/airflow/dags/silver_processing_dag.py
[2026-09-06T05:48:16.694+0000] {logging_mixin.py:188} INFO - [2026-09-06T05:48:16.693+0000] {dag.py:3096} INFO - Sync 1 DAGs
[2026-09-06T05:48:16.733+0000] {logging_mixin.py:188} INFO - [2026-09-06T05:48:16.732+0000] {dag.py:3954} INFO - Setting next_dagrun for process_silver_layer to None, run_after=None
[2026-09-06T05:48:16.794+0000] {processor.py:183} INFO - Processing /opt/airflow/dags/silver_processing_dag.py took 0.303 seconds
[2026-09-06T05:48:47.283+0000] {processor.py:161} INFO - Started process (PID=36592) to work on /opt/airflow/dags/silver_processing_dag.py
[2026-09-06T05:48:47.286+0000] {processor.py:830} INFO - Processing file /opt/airflow/dags/silver_processing_dag.py for tasks to queue
[2026-09-06T05:48:47.294+0000] {logging_mixin.py:188} INFO - [2026-09-06T05:48:47.293+0000] {dagbag.py:545} INFO - Filling up the DagBag from /opt/airflow/dags/silver_processing_dag.py
[2026-09-06T05:48:47.356+0000] {processor.py:840} INFO - DAG(s) 'process_silver_layer' retrieved from /opt/airflow/dags/silver_processing_dag.py
[2026-09-06T05:48:47.428+0000] {logging_mixin.py:188} INFO - [2026-09-06T05:48:47.428+0000] {dag.py:3096} INFO - Sync 1 DAGs
[2026-09-06T05:48:47.470+0000] {logging_mixin.py:188} INFO - [2026-09-06T05:48:47.469+0000] {dag.py:3954} INFO - Setting next_dagrun for process_silver_layer to None, run_after=None
[2026-09-06T05:48:47.535+0000] {processor.py:183} INFO - Processing /opt/airflow/dags/silver_processing_dag.py took 0.275 seconds
[2026-09-06T05:49:18.136+0000] {processor.py:161} INFO - Started process (PID=36607) to work on /opt/airflow/dags/silver_processing_dag.py
[2026-09-06T05:49:18.152+0000] {processor.py:830} INFO - Processing file /opt/airflow/dags/silver_processing_dag.py for tasks to queue
[2026-09-06T05:49:18.162+0000] {logging_mixin.py:188} INFO - [2026-09-06T05:49:18.158+0000] {dagbag.py:545} INFO - Filling up the DagBag from /opt/airflow/dags/silver_processing_dag.py
[2026-09-06T05:49:18.243+0000] {processor.py:840} INFO - DAG(s) 'process_silver_layer' retrieved from /opt/airflow/dags/silver_processing_dag.py
[2026-09-06T05:49:18.318+0000] {logging_mixin.py:188} INFO - [2026-09-06T05:49:18.317+0000] {dag.py:3096} INFO - Sync 1 DAGs
[2026-09-06T05:49:18.400+0000] {logging_mixin.py:188} INFO - [2026-09-06T05:49:18.399+0000] {dag.py:3954} INFO - Setting next_dagrun for process_silver_layer to None, run_after=None
[2026-09-06T05:49:18.504+0000] {processor.py:183} INFO - Processing /opt/airflow/dags/silver_processing_dag.py took 0.418 seconds
[2026-09-06T05:49:49.035+0000] {processor.py:161} INFO - Started process (PID=36622) to work on /opt/airflow/dags/silver_processing_dag.py
[2026-09-06T05:49:49.039+0000] {processor.py:830} INFO - Processing file /opt/airflow/dags/silver_processing_dag.py for tasks to queue
[2026-09-06T05:49:49.052+0000] {logging_mixin.py:188} INFO - [2026-09-06T05:49:49.052+0000] {dagbag.py:545} INFO - Filling up the DagBag from /opt/airflow/dags/silver_processing_dag.py
[2026-09-06T05:49:49.159+0000] {processor.py:840} INFO - DAG(s) 'process_silver_layer' retrieved from /opt/airflow/dags/silver_processing_dag.py
[2026-09-06T05:49:49.294+0000] {logging_mixin.py:188} INFO - [2026-09-06T05:49:49.294+0000] {dag.py:3096} INFO - Sync 1 DAGs
[2026-09-06T05:49:49.378+0000] {logging_mixin.py:188} INFO - [2026-09-06T05:49:49.378+0000] {dag.py:3954} INFO - Setting next_dagrun for process_silver_layer to None, run_after=None
[2026-09-06T05:49:49.440+0000] {processor.py:183} INFO - Processing /opt/airflow/dags/silver_processing_dag.py took 0.457 seconds
[2026-09-06T05:50:19.893+0000] {processor.py:161} INFO - Started process (PID=36637) to work on /opt/airflow/dags/silver_processing_dag.py
[2026-09-06T05:50:19.901+0000] {processor.py:830} INFO - Processing file /opt/airflow/dags/silver_processing_dag.py for tasks to queue
[2026-09-06T05:50:19.908+0000] {logging_mixin.py:188} INFO - [2026-09-06T05:50:19.907+0000] {dagbag.py:545} INFO - Filling up the DagBag from /opt/airflow/dags/silver_processing_dag.py
[2026-09-06T05:50:19.965+0000] {processor.py:840} INFO - DAG(s) 'process_silver_layer' retrieved from /opt/airflow/dags/silver_processing_dag.py
[2026-09-06T05:50:20.039+0000] {logging_mixin.py:188} INFO - [2026-09-06T05:50:20.039+0000] {dag.py:3096} INFO - Sync 1 DAGs
[2026-09-06T05:50:20.082+0000] {logging_mixin.py:188} INFO - [2026-09-06T05:50:20.081+0000] {dag.py:3954} INFO - Setting next_dagrun for process_silver_layer to None, run_after=None
[2026-09-06T05:50:20.146+0000] {processor.py:183} INFO - Processing /opt/airflow/dags/silver_processing_dag.py took 0.283 seconds
[2026-09-06T05:50:50.771+0000] {processor.py:161} INFO - Started process (PID=36652) to work on /opt/airflow/dags/silver_processing_dag.py
[2026-09-06T05:50:50.778+0000] {processor.py:830} INFO - Processing file /opt/airflow/dags/silver_processing_dag.py for tasks to queue
[2026-09-06T05:50:50.787+0000] {logging_mixin.py:188} INFO - [2026-09-06T05:50:50.786+0000] {dagbag.py:545} INFO - Filling up the DagBag from /opt/airflow/dags/silver_processing_dag.py
[2026-09-06T05:50:50.844+0000] {processor.py:840} INFO - DAG(s) 'process_silver_layer' retrieved from /opt/airflow/dags/silver_processing_dag.py
[2026-09-06T05:50:50.922+0000] {logging_mixin.py:188} INFO - [2026-09-06T05:50:50.921+0000] {dag.py:3096} INFO - Sync 1 DAGs
[2026-09-06T05:50:50.966+0000] {logging_mixin.py:188} INFO - [2026-09-06T05:50:50.964+0000] {dag.py:3954} INFO - Setting next_dagrun for process_silver_layer to None, run_after=None
[2026-09-06T05:50:51.024+0000] {processor.py:183} INFO - Processing /opt/airflow/dags/silver_processing_dag.py took 0.279 seconds
[2026-09-06T05:51:21.577+0000] {processor.py:161} INFO - Started process (PID=36667) to work on /opt/airflow/dags/silver_processing_dag.py
[2026-09-06T05:51:21.580+0000] {processor.py:830} INFO - Processing file /opt/airflow/dags/silver_processing_dag.py for tasks to queue
[2026-09-06T05:51:21.594+0000] {logging_mixin.py:188} INFO - [2026-09-06T05:51:21.593+0000] {dagbag.py:545} INFO - Filling up the DagBag from /opt/airflow/dags/silver_processing_dag.py
[2026-09-06T05:51:21.710+0000] {processor.py:840} INFO - DAG(s) 'process_silver_layer' retrieved from /opt/airflow/dags/silver_processing_dag.py
[2026-09-06T05:51:21.803+0000] {logging_mixin.py:188} INFO - [2026-09-06T05:51:21.803+0000] {dag.py:3096} INFO - Sync 1 DAGs
[2026-09-06T05:51:21.877+0000] {logging_mixin.py:188} INFO - [2026-09-06T05:51:21.876+0000] {dag.py:3954} INFO - Setting next_dagrun for process_silver_layer to None, run_after=None
[2026-09-06T05:51:21.952+0000] {processor.py:183} INFO - Processing /opt/airflow/dags/silver_processing_dag.py took 0.412 seconds
[2026-09-06T05:51:52.450+0000] {processor.py:161} INFO - Started process (PID=36682) to work on /opt/airflow/dags/silver_processing_dag.py
[2026-09-06T05:51:52.455+0000] {processor.py:830} INFO - Processing file /opt/airflow/dags/silver_processing_dag.py for tasks to queue
[2026-09-06T05:51:52.464+0000] {logging_mixin.py:188} INFO - [2026-09-06T05:51:52.462+0000] {dagbag.py:545} INFO - Filling up the DagBag from /opt/airflow/dags/silver_processing_dag.py
[2026-09-06T05:51:52.536+0000] {processor.py:840} INFO - DAG(s) 'process_silver_layer' retrieved from /opt/airflow/dags/silver_processing_dag.py
[2026-09-06T05:51:52.608+0000] {logging_mixin.py:188} INFO - [2026-09-06T05:51:52.607+0000] {dag.py:3096} INFO - Sync 1 DAGs
[2026-09-06T05:51:52.664+0000] {logging_mixin.py:188} INFO - [2026-09-06T05:51:52.664+0000] {dag.py:3954} INFO - Setting next_dagrun for process_silver_layer to None, run_after=None
[2026-09-06T05:51:52.728+0000] {processor.py:183} INFO - Processing /opt/airflow/dags/silver_processing_dag.py took 0.307 seconds
[2026-09-06T05:52:23.124+0000] {processor.py:161} INFO - Started process (PID=36697) to work on /opt/airflow/dags/silver_processing_dag.py
[2026-09-06T05:52:23.127+0000] {processor.py:830} INFO - Processing file /opt/airflow/dags/silver_processing_dag.py for tasks to queue
[2026-09-06T05:52:23.152+0000] {logging_mixin.py:188} INFO - [2026-09-06T05:52:23.149+0000] {dagbag.py:545} INFO - Filling up the DagBag from /opt/airflow/dags/silver_processing_dag.py
[2026-09-06T05:52:23.317+0000] {processor.py:840} INFO - DAG(s) 'process_silver_layer' retrieved from /opt/airflow/dags/silver_processing_dag.py
[2026-09-06T05:52:23.394+0000] {logging_mixin.py:188} INFO - [2026-09-06T05:52:23.393+0000] {dag.py:3096} INFO - Sync 1 DAGs
[2026-09-06T05:52:23.434+0000] {logging_mixin.py:188} INFO - [2026-09-06T05:52:23.434+0000] {dag.py:3954} INFO - Setting next_dagrun for process_silver_layer to None, run_after=None
[2026-09-06T05:52:23.501+0000] {processor.py:183} INFO - Processing /opt/airflow/dags/silver_processing_dag.py took 0.401 seconds
[2026-09-06T05:52:54.079+0000] {processor.py:161} INFO - Started process (PID=36712) to work on /opt/airflow/dags/silver_processing_dag.py
[2026-09-06T05:52:54.088+0000] {processor.py:830} INFO - Processing file /opt/airflow/dags/silver_processing_dag.py for tasks to queue
[2026-09-06T05:52:54.096+0000] {logging_mixin.py:188} INFO - [2026-09-06T05:52:54.095+0000] {dagbag.py:545} INFO - Filling up the DagBag from /opt/airflow/dags/silver_processing_dag.py
[2026-09-06T05:52:54.182+0000] {processor.py:840} INFO - DAG(s) 'process_silver_layer' retrieved from /opt/airflow/dags/silver_processing_dag.py
[2026-09-06T05:52:54.269+0000] {logging_mixin.py:188} INFO - [2026-09-06T05:52:54.268+0000] {dag.py:3096} INFO - Sync 1 DAGs
[2026-09-06T05:52:54.319+0000] {logging_mixin.py:188} INFO - [2026-09-06T05:52:54.319+0000] {dag.py:3954} INFO - Setting next_dagrun for process_silver_layer to None, run_after=None
[2026-09-06T05:52:54.403+0000] {processor.py:183} INFO - Processing /opt/airflow/dags/silver_processing_dag.py took 0.368 seconds
[2026-09-06T05:53:24.938+0000] {processor.py:161} INFO - Started process (PID=36727) to work on /opt/airflow/dags/silver_processing_dag.py
[2026-09-06T05:53:24.942+0000] {processor.py:830} INFO - Processing file /opt/airflow/dags/silver_processing_dag.py for tasks to queue
[2026-09-06T05:53:24.949+0000] {logging_mixin.py:188} INFO - [2026-09-06T05:53:24.948+0000] {dagbag.py:545} INFO - Filling up the DagBag from /opt/airflow/dags/silver_processing_dag.py
[2026-09-06T05:53:25.010+0000] {processor.py:840} INFO - DAG(s) 'process_silver_layer' retrieved from /opt/airflow/dags/silver_processing_dag.py
[2026-09-06T05:53:25.108+0000] {logging_mixin.py:188} INFO - [2026-09-06T05:53:25.107+0000] {dag.py:3096} INFO - Sync 1 DAGs
[2026-09-06T05:53:25.153+0000] {logging_mixin.py:188} INFO - [2026-09-06T05:53:25.152+0000] {dag.py:3954} INFO - Setting next_dagrun for process_silver_layer to None, run_after=None
[2026-09-06T05:53:25.209+0000] {processor.py:183} INFO - Processing /opt/airflow/dags/silver_processing_dag.py took 0.294 seconds
[2026-09-06T05:53:55.678+0000] {processor.py:161} INFO - Started process (PID=36742) to work on /opt/airflow/dags/silver_processing_dag.py
[2026-09-06T05:53:55.682+0000] {processor.py:830} INFO - Processing file /opt/airflow/dags/silver_processing_dag.py for tasks to queue
[2026-09-06T05:53:55.688+0000] {logging_mixin.py:188} INFO - [2026-09-06T05:53:55.687+0000] {dagbag.py:545} INFO - Filling up the DagBag from /opt/airflow/dags/silver_processing_dag.py
[2026-09-06T05:53:55.766+0000] {processor.py:840} INFO - DAG(s) 'process_silver_layer' retrieved from /opt/airflow/dags/silver_processing_dag.py
[2026-09-06T05:53:55.890+0000] {logging_mixin.py:188} INFO - [2026-09-06T05:53:55.889+0000] {dag.py:3096} INFO - Sync 1 DAGs
[2026-09-06T05:53:55.971+0000] {logging_mixin.py:188} INFO - [2026-09-06T05:53:55.970+0000] {dag.py:3954} INFO - Setting next_dagrun for process_silver_layer to None, run_after=None
[2026-09-06T05:53:56.029+0000] {processor.py:183} INFO - Processing /opt/airflow/dags/silver_processing_dag.py took 0.375 seconds
[2026-09-06T05:54:26.502+0000] {processor.py:161} INFO - Started process (PID=36757) to work on /opt/airflow/dags/silver_processing_dag.py
[2026-09-06T05:54:26.507+0000] {processor.py:830} INFO - Processing file /opt/airflow/dags/silver_processing_dag.py for tasks to queue
[2026-09-06T05:54:26.521+0000] {logging_mixin.py:188} INFO - [2026-09-06T05:54:26.520+0000] {dagbag.py:545} INFO - Filling up the DagBag from /opt/airflow/dags/silver_processing_dag.py
[2026-09-06T05:54:26.589+0000] {processor.py:840} INFO - DAG(s) 'process_silver_layer' retrieved from /opt/airflow/dags/silver_processing_dag.py
[2026-09-06T05:54:26.662+0000] {logging_mixin.py:188} INFO - [2026-09-06T05:54:26.661+0000] {dag.py:3096} INFO - Sync 1 DAGs
[2026-09-06T05:54:26.717+0000] {logging_mixin.py:188} INFO - [2026-09-06T05:54:26.716+0000] {dag.py:3954} INFO - Setting next_dagrun for process_silver_layer to None, run_after=None
[2026-09-06T05:54:26.807+0000] {processor.py:183} INFO - Processing /opt/airflow/dags/silver_processing_dag.py took 0.328 seconds
[2026-09-06T05:54:57.575+0000] {processor.py:161} INFO - Started process (PID=36772) to work on /opt/airflow/dags/silver_processing_dag.py
[2026-09-06T05:54:57.580+0000] {processor.py:830} INFO - Processing file /opt/airflow/dags/silver_processing_dag.py for tasks to queue
[2026-09-06T05:54:57.588+0000] {logging_mixin.py:188} INFO - [2026-09-06T05:54:57.587+0000] {dagbag.py:545} INFO - Filling up the DagBag from /opt/airflow/dags/silver_processing_dag.py
[2026-09-06T05:54:57.643+0000] {processor.py:840} INFO - DAG(s) 'process_silver_layer' retrieved from /opt/airflow/dags/silver_processing_dag.py
[2026-09-06T05:54:57.704+0000] {logging_mixin.py:188} INFO - [2026-09-06T05:54:57.703+0000] {dag.py:3096} INFO - Sync 1 DAGs
[2026-09-06T05:54:57.754+0000] {logging_mixin.py:188} INFO - [2026-09-06T05:54:57.753+0000] {dag.py:3954} INFO - Setting next_dagrun for process_silver_layer to None, run_after=None
[2026-09-06T05:54:57.827+0000] {processor.py:183} INFO - Processing /opt/airflow/dags/silver_processing_dag.py took 0.274 seconds
[2026-09-06T05:55:28.760+0000] {processor.py:161} INFO - Started process (PID=36787) to work on /opt/airflow/dags/silver_processing_dag.py
[2026-09-06T05:55:28.763+0000] {processor.py:830} INFO - Processing file /opt/airflow/dags/silver_processing_dag.py for tasks to queue
[2026-09-06T05:55:28.780+0000] {logging_mixin.py:188} INFO - [2026-09-06T05:55:28.778+0000] {dagbag.py:545} INFO - Filling up the DagBag from /opt/airflow/dags/silver_processing_dag.py
[2026-09-06T05:55:28.885+0000] {processor.py:840} INFO - DAG(s) 'process_silver_layer' retrieved from /opt/airflow/dags/silver_processing_dag.py
[2026-09-06T05:55:28.955+0000] {logging_mixin.py:188} INFO - [2026-09-06T05:55:28.954+0000] {dag.py:3096} INFO - Sync 1 DAGs
[2026-09-06T05:55:28.998+0000] {logging_mixin.py:188} INFO - [2026-09-06T05:55:28.998+0000] {dag.py:3954} INFO - Setting next_dagrun for process_silver_layer to None, run_after=None
[2026-09-06T05:55:29.064+0000] {processor.py:183} INFO - Processing /opt/airflow/dags/silver_processing_dag.py took 0.341 seconds
[2026-09-06T05:55:59.312+0000] {processor.py:161} INFO - Started process (PID=36802) to work on /opt/airflow/dags/silver_processing_dag.py
[2026-09-06T05:55:59.326+0000] {processor.py:830} INFO - Processing file /opt/airflow/dags/silver_processing_dag.py for tasks to queue
[2026-09-06T05:55:59.342+0000] {logging_mixin.py:188} INFO - [2026-09-06T05:55:59.341+0000] {dagbag.py:545} INFO - Filling up the DagBag from /opt/airflow/dags/silver_processing_dag.py
[2026-09-06T05:55:59.469+0000] {processor.py:840} INFO - DAG(s) 'process_silver_layer' retrieved from /opt/airflow/dags/silver_processing_dag.py
[2026-09-06T05:55:59.614+0000] {logging_mixin.py:188} INFO - [2026-09-06T05:55:59.613+0000] {dag.py:3096} INFO - Sync 1 DAGs
[2026-09-06T05:55:59.689+0000] {logging_mixin.py:188} INFO - [2026-09-06T05:55:59.688+0000] {dag.py:3954} INFO - Setting next_dagrun for process_silver_layer to None, run_after=None
[2026-09-06T05:55:59.773+0000] {processor.py:183} INFO - Processing /opt/airflow/dags/silver_processing_dag.py took 0.501 seconds
[2026-09-06T05:56:30.219+0000] {processor.py:161} INFO - Started process (PID=36817) to work on /opt/airflow/dags/silver_processing_dag.py
[2026-09-06T05:56:30.226+0000] {processor.py:830} INFO - Processing file /opt/airflow/dags/silver_processing_dag.py for tasks to queue
[2026-09-06T05:56:30.232+0000] {logging_mixin.py:188} INFO - [2026-09-06T05:56:30.231+0000] {dagbag.py:545} INFO - Filling up the DagBag from /opt/airflow/dags/silver_processing_dag.py
[2026-09-06T05:56:30.294+0000] {processor.py:840} INFO - DAG(s) 'process_silver_layer' retrieved from /opt/airflow/dags/silver_processing_dag.py
[2026-09-06T05:56:30.368+0000] {logging_mixin.py:188} INFO - [2026-09-06T05:56:30.368+0000] {dag.py:3096} INFO - Sync 1 DAGs
[2026-09-06T05:56:30.412+0000] {logging_mixin.py:188} INFO - [2026-09-06T05:56:30.412+0000] {dag.py:3954} INFO - Setting next_dagrun for process_silver_layer to None, run_after=None
[2026-09-06T05:56:30.474+0000] {processor.py:183} INFO - Processing /opt/airflow/dags/silver_processing_dag.py took 0.281 seconds
[2026-09-06T05:57:00.956+0000] {processor.py:161} INFO - Started process (PID=36832) to work on /opt/airflow/dags/silver_processing_dag.py
[2026-09-06T05:57:00.973+0000] {processor.py:830} INFO - Processing file /opt/airflow/dags/silver_processing_dag.py for tasks to queue
[2026-09-06T05:57:00.995+0000] {logging_mixin.py:188} INFO - [2026-09-06T05:57:00.995+0000] {dagbag.py:545} INFO - Filling up the DagBag from /opt/airflow/dags/silver_processing_dag.py
[2026-09-06T05:57:01.112+0000] {processor.py:840} INFO - DAG(s) 'process_silver_layer' retrieved from /opt/airflow/dags/silver_processing_dag.py
[2026-09-06T05:57:01.198+0000] {logging_mixin.py:188} INFO - [2026-09-06T05:57:01.198+0000] {dag.py:3096} INFO - Sync 1 DAGs
[2026-09-06T05:57:01.244+0000] {logging_mixin.py:188} INFO - [2026-09-06T05:57:01.243+0000] {dag.py:3954} INFO - Setting next_dagrun for process_silver_layer to None, run_after=None
[2026-09-06T05:57:01.309+0000] {processor.py:183} INFO - Processing /opt/airflow/dags/silver_processing_dag.py took 0.374 seconds
[2026-09-06T05:57:31.903+0000] {processor.py:161} INFO - Started process (PID=36847) to work on /opt/airflow/dags/silver_processing_dag.py
[2026-09-06T05:57:31.906+0000] {processor.py:830} INFO - Processing file /opt/airflow/dags/silver_processing_dag.py for tasks to queue
[2026-09-06T05:57:31.923+0000] {logging_mixin.py:188} INFO - [2026-09-06T05:57:31.921+0000] {dagbag.py:545} INFO - Filling up the DagBag from /opt/airflow/dags/silver_processing_dag.py
[2026-09-06T05:57:32.004+0000] {processor.py:840} INFO - DAG(s) 'process_silver_layer' retrieved from /opt/airflow/dags/silver_processing_dag.py
[2026-09-06T05:57:32.108+0000] {logging_mixin.py:188} INFO - [2026-09-06T05:57:32.107+0000] {dag.py:3096} INFO - Sync 1 DAGs
[2026-09-06T05:57:32.166+0000] {logging_mixin.py:188} INFO - [2026-09-06T05:57:32.166+0000] {dag.py:3954} INFO - Setting next_dagrun for process_silver_layer to None, run_after=None
[2026-09-06T05:57:32.242+0000] {processor.py:183} INFO - Processing /opt/airflow/dags/silver_processing_dag.py took 0.371 seconds
[2026-09-06T05:58:02.762+0000] {processor.py:161} INFO - Started process (PID=36862) to work on /opt/airflow/dags/silver_processing_dag.py
[2026-09-06T05:58:02.765+0000] {processor.py:830} INFO - Processing file /opt/airflow/dags/silver_processing_dag.py for tasks to queue
[2026-09-06T05:58:02.773+0000] {logging_mixin.py:188} INFO - [2026-09-06T05:58:02.771+0000] {dagbag.py:545} INFO - Filling up the DagBag from /opt/airflow/dags/silver_processing_dag.py
[2026-09-06T05:58:02.828+0000] {processor.py:840} INFO - DAG(s) 'process_silver_layer' retrieved from /opt/airflow/dags/silver_processing_dag.py
[2026-09-06T05:58:02.920+0000] {logging_mixin.py:188} INFO - [2026-09-06T05:58:02.920+0000] {dag.py:3096} INFO - Sync 1 DAGs
[2026-09-06T05:58:02.966+0000] {logging_mixin.py:188} INFO - [2026-09-06T05:58:02.966+0000] {dag.py:3954} INFO - Setting next_dagrun for process_silver_layer to None, run_after=None
[2026-09-06T05:58:03.025+0000] {processor.py:183} INFO - Processing /opt/airflow/dags/silver_processing_dag.py took 0.291 seconds
[2026-09-06T05:58:33.503+0000] {processor.py:161} INFO - Started process (PID=36877) to work on /opt/airflow/dags/silver_processing_dag.py
[2026-09-06T05:58:33.506+0000] {processor.py:830} INFO - Processing file /opt/airflow/dags/silver_processing_dag.py for tasks to queue
[2026-09-06T05:58:33.514+0000] {logging_mixin.py:188} INFO - [2026-09-06T05:58:33.513+0000] {dagbag.py:545} INFO - Filling up the DagBag from /opt/airflow/dags/silver_processing_dag.py
[2026-09-06T05:58:33.583+0000] {processor.py:840} INFO - DAG(s) 'process_silver_layer' retrieved from /opt/airflow/dags/silver_processing_dag.py
[2026-09-06T05:58:33.653+0000] {logging_mixin.py:188} INFO - [2026-09-06T05:58:33.652+0000] {dag.py:3096} INFO - Sync 1 DAGs
[2026-09-06T05:58:33.699+0000] {logging_mixin.py:188} INFO - [2026-09-06T05:58:33.698+0000] {dag.py:3954} INFO - Setting next_dagrun for process_silver_layer to None, run_after=None
[2026-09-06T05:58:33.762+0000] {processor.py:183} INFO - Processing /opt/airflow/dags/silver_processing_dag.py took 0.290 seconds
[2026-09-06T05:59:04.824+0000] {processor.py:161} INFO - Started process (PID=36892) to work on /opt/airflow/dags/silver_processing_dag.py
[2026-09-06T05:59:04.827+0000] {processor.py:830} INFO - Processing file /opt/airflow/dags/silver_processing_dag.py for tasks to queue
[2026-09-06T05:59:04.839+0000] {logging_mixin.py:188} INFO - [2026-09-06T05:59:04.838+0000] {dagbag.py:545} INFO - Filling up the DagBag from /opt/airflow/dags/silver_processing_dag.py
[2026-09-06T05:59:04.916+0000] {processor.py:840} INFO - DAG(s) 'process_silver_layer' retrieved from /opt/airflow/dags/silver_processing_dag.py
[2026-09-06T05:59:04.991+0000] {logging_mixin.py:188} INFO - [2026-09-06T05:59:04.990+0000] {dag.py:3096} INFO - Sync 1 DAGs
[2026-09-06T05:59:05.039+0000] {logging_mixin.py:188} INFO - [2026-09-06T05:59:05.038+0000] {dag.py:3954} INFO - Setting next_dagrun for process_silver_layer to None, run_after=None
[2026-09-06T05:59:05.125+0000] {processor.py:183} INFO - Processing /opt/airflow/dags/silver_processing_dag.py took 0.334 seconds
[2026-09-06T05:59:35.329+0000] {processor.py:161} INFO - Started process (PID=36907) to work on /opt/airflow/dags/silver_processing_dag.py
[2026-09-06T05:59:35.332+0000] {processor.py:830} INFO - Processing file /opt/airflow/dags/silver_processing_dag.py for tasks to queue
[2026-09-06T05:59:35.344+0000] {logging_mixin.py:188} INFO - [2026-09-06T05:59:35.342+0000] {dagbag.py:545} INFO - Filling up the DagBag from /opt/airflow/dags/silver_processing_dag.py
[2026-09-06T05:59:35.428+0000] {processor.py:840} INFO - DAG(s) 'process_silver_layer' retrieved from /opt/airflow/dags/silver_processing_dag.py
[2026-09-06T05:59:35.520+0000] {logging_mixin.py:188} INFO - [2026-09-06T05:59:35.519+0000] {dag.py:3096} INFO - Sync 1 DAGs
[2026-09-06T05:59:35.570+0000] {logging_mixin.py:188} INFO - [2026-09-06T05:59:35.570+0000] {dag.py:3954} INFO - Setting next_dagrun for process_silver_layer to None, run_after=None
[2026-09-06T05:59:35.649+0000] {processor.py:183} INFO - Processing /opt/airflow/dags/silver_processing_dag.py took 0.346 seconds
[2026-09-06T06:00:07.720+0000] {processor.py:161} INFO - Started process (PID=36924) to work on /opt/airflow/dags/silver_processing_dag.py
[2026-09-06T06:00:07.740+0000] {processor.py:830} INFO - Processing file /opt/airflow/dags/silver_processing_dag.py for tasks to queue
[2026-09-06T06:00:07.791+0000] {logging_mixin.py:188} INFO - [2026-09-06T06:00:07.789+0000] {dagbag.py:545} INFO - Filling up the DagBag from /opt/airflow/dags/silver_processing_dag.py
[2026-09-06T06:00:08.256+0000] {processor.py:840} INFO - DAG(s) 'process_silver_layer' retrieved from /opt/airflow/dags/silver_processing_dag.py
[2026-09-06T06:00:08.817+0000] {logging_mixin.py:188} INFO - [2026-09-06T06:00:08.816+0000] {dag.py:3096} INFO - Sync 1 DAGs
[2026-09-06T06:00:09.295+0000] {logging_mixin.py:188} INFO - [2026-09-06T06:00:09.294+0000] {dag.py:3954} INFO - Setting next_dagrun for process_silver_layer to None, run_after=None
[2026-09-06T06:00:09.871+0000] {processor.py:183} INFO - Processing /opt/airflow/dags/silver_processing_dag.py took 2.188 seconds
[2026-09-06T06:00:41.201+0000] {processor.py:161} INFO - Started process (PID=36944) to work on /opt/airflow/dags/silver_processing_dag.py
[2026-09-06T06:00:41.238+0000] {processor.py:830} INFO - Processing file /opt/airflow/dags/silver_processing_dag.py for tasks to queue
[2026-09-06T06:00:41.303+0000] {logging_mixin.py:188} INFO - [2026-09-06T06:00:41.302+0000] {dagbag.py:545} INFO - Filling up the DagBag from /opt/airflow/dags/silver_processing_dag.py
[2026-09-06T06:00:41.699+0000] {processor.py:840} INFO - DAG(s) 'process_silver_layer' retrieved from /opt/airflow/dags/silver_processing_dag.py
[2026-09-06T06:00:41.919+0000] {logging_mixin.py:188} INFO - [2026-09-06T06:00:41.917+0000] {dag.py:3096} INFO - Sync 1 DAGs
[2026-09-06T06:00:41.992+0000] {logging_mixin.py:188} INFO - [2026-09-06T06:00:41.991+0000] {dag.py:3954} INFO - Setting next_dagrun for process_silver_layer to None, run_after=None
[2026-09-06T06:00:42.114+0000] {processor.py:183} INFO - Processing /opt/airflow/dags/silver_processing_dag.py took 0.977 seconds
[2026-09-06T06:01:14.376+0000] {processor.py:161} INFO - Started process (PID=37021) to work on /opt/airflow/dags/silver_processing_dag.py
[2026-09-06T06:01:14.390+0000] {processor.py:830} INFO - Processing file /opt/airflow/dags/silver_processing_dag.py for tasks to queue
[2026-09-06T06:01:14.405+0000] {logging_mixin.py:188} INFO - [2026-09-06T06:01:14.397+0000] {dagbag.py:545} INFO - Filling up the DagBag from /opt/airflow/dags/silver_processing_dag.py
[2026-09-06T06:01:14.509+0000] {processor.py:840} INFO - DAG(s) 'process_silver_layer' retrieved from /opt/airflow/dags/silver_processing_dag.py
[2026-09-06T06:01:14.700+0000] {logging_mixin.py:188} INFO - [2026-09-06T06:01:14.689+0000] {dag.py:3096} INFO - Sync 1 DAGs
[2026-09-06T06:01:14.846+0000] {logging_mixin.py:188} INFO - [2026-09-06T06:01:14.845+0000] {dag.py:3954} INFO - Setting next_dagrun for process_silver_layer to None, run_after=None
[2026-09-06T06:01:15.092+0000] {processor.py:183} INFO - Processing /opt/airflow/dags/silver_processing_dag.py took 0.771 seconds
[2026-09-06T06:01:46.487+0000] {processor.py:161} INFO - Started process (PID=37124) to work on /opt/airflow/dags/silver_processing_dag.py
[2026-09-06T06:01:46.504+0000] {processor.py:830} INFO - Processing file /opt/airflow/dags/silver_processing_dag.py for tasks to queue
[2026-09-06T06:01:46.556+0000] {logging_mixin.py:188} INFO - [2026-09-06T06:01:46.547+0000] {dagbag.py:545} INFO - Filling up the DagBag from /opt/airflow/dags/silver_processing_dag.py
[2026-09-06T06:01:47.110+0000] {processor.py:840} INFO - DAG(s) 'process_silver_layer' retrieved from /opt/airflow/dags/silver_processing_dag.py
[2026-09-06T06:01:47.867+0000] {logging_mixin.py:188} INFO - [2026-09-06T06:01:47.795+0000] {dag.py:3096} INFO - Sync 1 DAGs
[2026-09-06T06:01:48.053+0000] {logging_mixin.py:188} INFO - [2026-09-06T06:01:48.053+0000] {dag.py:3954} INFO - Setting next_dagrun for process_silver_layer to None, run_after=None
[2026-09-06T06:01:48.445+0000] {processor.py:183} INFO - Processing /opt/airflow/dags/silver_processing_dag.py took 2.438 seconds
[2026-09-06T06:02:19.436+0000] {processor.py:161} INFO - Started process (PID=37188) to work on /opt/airflow/dags/silver_processing_dag.py
[2026-09-06T06:02:19.502+0000] {processor.py:830} INFO - Processing file /opt/airflow/dags/silver_processing_dag.py for tasks to queue
[2026-09-06T06:02:19.697+0000] {logging_mixin.py:188} INFO - [2026-09-06T06:02:19.675+0000] {dagbag.py:545} INFO - Filling up the DagBag from /opt/airflow/dags/silver_processing_dag.py
[2026-09-06T06:02:20.111+0000] {processor.py:840} INFO - DAG(s) 'process_silver_layer' retrieved from /opt/airflow/dags/silver_processing_dag.py
[2026-09-06T06:02:20.387+0000] {logging_mixin.py:188} INFO - [2026-09-06T06:02:20.386+0000] {dag.py:3096} INFO - Sync 1 DAGs
[2026-09-06T06:02:20.461+0000] {logging_mixin.py:188} INFO - [2026-09-06T06:02:20.460+0000] {dag.py:3954} INFO - Setting next_dagrun for process_silver_layer to None, run_after=None
[2026-09-06T06:02:20.762+0000] {processor.py:183} INFO - Processing /opt/airflow/dags/silver_processing_dag.py took 1.576 seconds
[2026-09-06T06:02:52.113+0000] {processor.py:161} INFO - Started process (PID=37299) to work on /opt/airflow/dags/silver_processing_dag.py
[2026-09-06T06:02:52.136+0000] {processor.py:830} INFO - Processing file /opt/airflow/dags/silver_processing_dag.py for tasks to queue
[2026-09-06T06:02:52.187+0000] {logging_mixin.py:188} INFO - [2026-09-06T06:02:52.186+0000] {dagbag.py:545} INFO - Filling up the DagBag from /opt/airflow/dags/silver_processing_dag.py
[2026-09-06T06:02:52.348+0000] {processor.py:840} INFO - DAG(s) 'process_silver_layer' retrieved from /opt/airflow/dags/silver_processing_dag.py
[2026-09-06T06:02:52.828+0000] {logging_mixin.py:188} INFO - [2026-09-06T06:02:52.826+0000] {dag.py:3096} INFO - Sync 1 DAGs
[2026-09-06T06:02:53.139+0000] {logging_mixin.py:188} INFO - [2026-09-06T06:02:53.138+0000] {dag.py:3954} INFO - Setting next_dagrun for process_silver_layer to None, run_after=None
[2026-09-06T06:02:53.797+0000] {processor.py:183} INFO - Processing /opt/airflow/dags/silver_processing_dag.py took 1.829 seconds
[2026-09-06T06:03:24.831+0000] {processor.py:161} INFO - Started process (PID=37411) to work on /opt/airflow/dags/silver_processing_dag.py
[2026-09-06T06:03:24.850+0000] {processor.py:830} INFO - Processing file /opt/airflow/dags/silver_processing_dag.py for tasks to queue
[2026-09-06T06:03:24.872+0000] {logging_mixin.py:188} INFO - [2026-09-06T06:03:24.870+0000] {dagbag.py:545} INFO - Filling up the DagBag from /opt/airflow/dags/silver_processing_dag.py
[2026-09-06T06:03:25.190+0000] {processor.py:840} INFO - DAG(s) 'process_silver_layer' retrieved from /opt/airflow/dags/silver_processing_dag.py
[2026-09-06T06:03:25.335+0000] {logging_mixin.py:188} INFO - [2026-09-06T06:03:25.333+0000] {dag.py:3096} INFO - Sync 1 DAGs
[2026-09-06T06:03:25.427+0000] {logging_mixin.py:188} INFO - [2026-09-06T06:03:25.426+0000] {dag.py:3954} INFO - Setting next_dagrun for process_silver_layer to None, run_after=None
[2026-09-06T06:03:25.744+0000] {processor.py:183} INFO - Processing /opt/airflow/dags/silver_processing_dag.py took 1.024 seconds
[2026-09-06T06:03:56.972+0000] {processor.py:161} INFO - Started process (PID=37449) to work on /opt/airflow/dags/silver_processing_dag.py
[2026-09-06T06:03:56.998+0000] {processor.py:830} INFO - Processing file /opt/airflow/dags/silver_processing_dag.py for tasks to queue
[2026-09-06T06:03:57.031+0000] {logging_mixin.py:188} INFO - [2026-09-06T06:03:57.030+0000] {dagbag.py:545} INFO - Filling up the DagBag from /opt/airflow/dags/silver_processing_dag.py
[2026-09-06T06:03:57.733+0000] {processor.py:840} INFO - DAG(s) 'process_silver_layer' retrieved from /opt/airflow/dags/silver_processing_dag.py
[2026-09-06T06:03:57.850+0000] {logging_mixin.py:188} INFO - [2026-09-06T06:03:57.849+0000] {dag.py:3096} INFO - Sync 1 DAGs
[2026-09-06T06:03:57.930+0000] {logging_mixin.py:188} INFO - [2026-09-06T06:03:57.930+0000] {dag.py:3954} INFO - Setting next_dagrun for process_silver_layer to None, run_after=None
[2026-09-06T06:03:58.083+0000] {processor.py:183} INFO - Processing /opt/airflow/dags/silver_processing_dag.py took 1.176 seconds
[2026-09-06T06:04:28.479+0000] {processor.py:161} INFO - Started process (PID=37486) to work on /opt/airflow/dags/silver_processing_dag.py
[2026-09-06T06:04:28.482+0000] {processor.py:830} INFO - Processing file /opt/airflow/dags/silver_processing_dag.py for tasks to queue
[2026-09-06T06:04:28.489+0000] {logging_mixin.py:188} INFO - [2026-09-06T06:04:28.488+0000] {dagbag.py:545} INFO - Filling up the DagBag from /opt/airflow/dags/silver_processing_dag.py
[2026-09-06T06:04:28.537+0000] {processor.py:840} INFO - DAG(s) 'process_silver_layer' retrieved from /opt/airflow/dags/silver_processing_dag.py
[2026-09-06T06:04:28.605+0000] {logging_mixin.py:188} INFO - [2026-09-06T06:04:28.604+0000] {dag.py:3096} INFO - Sync 1 DAGs
[2026-09-06T06:04:28.644+0000] {logging_mixin.py:188} INFO - [2026-09-06T06:04:28.643+0000] {dag.py:3954} INFO - Setting next_dagrun for process_silver_layer to None, run_after=None
[2026-09-06T06:04:28.709+0000] {processor.py:183} INFO - Processing /opt/airflow/dags/silver_processing_dag.py took 0.250 seconds
[2026-09-06T06:04:59.732+0000] {processor.py:161} INFO - Started process (PID=37558) to work on /opt/airflow/dags/silver_processing_dag.py
[2026-09-06T06:04:59.746+0000] {processor.py:830} INFO - Processing file /opt/airflow/dags/silver_processing_dag.py for tasks to queue
[2026-09-06T06:04:59.775+0000] {logging_mixin.py:188} INFO - [2026-09-06T06:04:59.773+0000] {dagbag.py:545} INFO - Filling up the DagBag from /opt/airflow/dags/silver_processing_dag.py
[2026-09-06T06:05:00.108+0000] {processor.py:840} INFO - DAG(s) 'process_silver_layer' retrieved from /opt/airflow/dags/silver_processing_dag.py
[2026-09-06T06:05:00.362+0000] {logging_mixin.py:188} INFO - [2026-09-06T06:05:00.361+0000] {dag.py:3096} INFO - Sync 1 DAGs
[2026-09-06T06:05:00.478+0000] {logging_mixin.py:188} INFO - [2026-09-06T06:05:00.477+0000] {dag.py:3954} INFO - Setting next_dagrun for process_silver_layer to None, run_after=None
[2026-09-06T06:05:00.666+0000] {processor.py:183} INFO - Processing /opt/airflow/dags/silver_processing_dag.py took 0.992 seconds
[2026-09-06T06:05:32.234+0000] {processor.py:161} INFO - Started process (PID=37589) to work on /opt/airflow/dags/silver_processing_dag.py
[2026-09-06T06:05:32.270+0000] {processor.py:830} INFO - Processing file /opt/airflow/dags/silver_processing_dag.py for tasks to queue
[2026-09-06T06:05:32.383+0000] {logging_mixin.py:188} INFO - [2026-09-06T06:05:32.360+0000] {dagbag.py:545} INFO - Filling up the DagBag from /opt/airflow/dags/silver_processing_dag.py
[2026-09-06T06:05:32.713+0000] {processor.py:840} INFO - DAG(s) 'process_silver_layer' retrieved from /opt/airflow/dags/silver_processing_dag.py
[2026-09-06T06:05:33.009+0000] {logging_mixin.py:188} INFO - [2026-09-06T06:05:33.009+0000] {dag.py:3096} INFO - Sync 1 DAGs
[2026-09-06T06:05:33.148+0000] {logging_mixin.py:188} INFO - [2026-09-06T06:05:33.147+0000] {dag.py:3954} INFO - Setting next_dagrun for process_silver_layer to None, run_after=None
[2026-09-06T06:05:33.316+0000] {processor.py:183} INFO - Processing /opt/airflow/dags/silver_processing_dag.py took 1.169 seconds
[2026-09-06T06:06:03.978+0000] {processor.py:161} INFO - Started process (PID=37719) to work on /opt/airflow/dags/silver_processing_dag.py
[2026-09-06T06:06:03.995+0000] {processor.py:830} INFO - Processing file /opt/airflow/dags/silver_processing_dag.py for tasks to queue
[2026-09-06T06:06:04.038+0000] {logging_mixin.py:188} INFO - [2026-09-06T06:06:04.035+0000] {dagbag.py:545} INFO - Filling up the DagBag from /opt/airflow/dags/silver_processing_dag.py
[2026-09-06T06:06:04.293+0000] {processor.py:840} INFO - DAG(s) 'process_silver_layer' retrieved from /opt/airflow/dags/silver_processing_dag.py
[2026-09-06T06:06:04.660+0000] {logging_mixin.py:188} INFO - [2026-09-06T06:06:04.659+0000] {dag.py:3096} INFO - Sync 1 DAGs
[2026-09-06T06:06:04.914+0000] {logging_mixin.py:188} INFO - [2026-09-06T06:06:04.914+0000] {dag.py:3954} INFO - Setting next_dagrun for process_silver_layer to None, run_after=None
[2026-09-06T06:06:05.169+0000] {processor.py:183} INFO - Processing /opt/airflow/dags/silver_processing_dag.py took 1.319 seconds
[2026-09-06T06:06:35.628+0000] {processor.py:161} INFO - Started process (PID=37779) to work on /opt/airflow/dags/silver_processing_dag.py
[2026-09-06T06:06:35.637+0000] {processor.py:830} INFO - Processing file /opt/airflow/dags/silver_processing_dag.py for tasks to queue
[2026-09-06T06:06:35.650+0000] {logging_mixin.py:188} INFO - [2026-09-06T06:06:35.647+0000] {dagbag.py:545} INFO - Filling up the DagBag from /opt/airflow/dags/silver_processing_dag.py
[2026-09-06T06:06:35.832+0000] {processor.py:840} INFO - DAG(s) 'process_silver_layer' retrieved from /opt/airflow/dags/silver_processing_dag.py
[2026-09-06T06:06:36.006+0000] {logging_mixin.py:188} INFO - [2026-09-06T06:06:36.002+0000] {dag.py:3096} INFO - Sync 1 DAGs
[2026-09-06T06:06:36.108+0000] {logging_mixin.py:188} INFO - [2026-09-06T06:06:36.108+0000] {dag.py:3954} INFO - Setting next_dagrun for process_silver_layer to None, run_after=None
[2026-09-06T06:06:36.244+0000] {processor.py:183} INFO - Processing /opt/airflow/dags/silver_processing_dag.py took 0.670 seconds
[2026-09-06T06:07:07.022+0000] {processor.py:161} INFO - Started process (PID=38385) to work on /opt/airflow/dags/silver_processing_dag.py
[2026-09-06T06:07:07.069+0000] {processor.py:830} INFO - Processing file /opt/airflow/dags/silver_processing_dag.py for tasks to queue
[2026-09-06T06:07:07.102+0000] {logging_mixin.py:188} INFO - [2026-09-06T06:07:07.101+0000] {dagbag.py:545} INFO - Filling up the DagBag from /opt/airflow/dags/silver_processing_dag.py
[2026-09-06T06:07:07.521+0000] {processor.py:840} INFO - DAG(s) 'process_silver_layer' retrieved from /opt/airflow/dags/silver_processing_dag.py
[2026-09-06T06:07:07.812+0000] {logging_mixin.py:188} INFO - [2026-09-06T06:07:07.811+0000] {dag.py:3096} INFO - Sync 1 DAGs
[2026-09-06T06:07:07.927+0000] {logging_mixin.py:188} INFO - [2026-09-06T06:07:07.927+0000] {dag.py:3954} INFO - Setting next_dagrun for process_silver_layer to None, run_after=None
[2026-09-06T06:07:08.105+0000] {processor.py:183} INFO - Processing /opt/airflow/dags/silver_processing_dag.py took 1.229 seconds
[2026-09-06T06:07:39.627+0000] {processor.py:161} INFO - Started process (PID=38455) to work on /opt/airflow/dags/silver_processing_dag.py
[2026-09-06T06:07:39.646+0000] {processor.py:830} INFO - Processing file /opt/airflow/dags/silver_processing_dag.py for tasks to queue
[2026-09-06T06:07:39.719+0000] {logging_mixin.py:188} INFO - [2026-09-06T06:07:39.717+0000] {dagbag.py:545} INFO - Filling up the DagBag from /opt/airflow/dags/silver_processing_dag.py
[2026-09-06T06:07:40.258+0000] {processor.py:840} INFO - DAG(s) 'process_silver_layer' retrieved from /opt/airflow/dags/silver_processing_dag.py
[2026-09-06T06:07:40.687+0000] {logging_mixin.py:188} INFO - [2026-09-06T06:07:40.686+0000] {dag.py:3096} INFO - Sync 1 DAGs
[2026-09-06T06:07:40.929+0000] {logging_mixin.py:188} INFO - [2026-09-06T06:07:40.929+0000] {dag.py:3954} INFO - Setting next_dagrun for process_silver_layer to None, run_after=None
[2026-09-06T06:07:41.348+0000] {processor.py:183} INFO - Processing /opt/airflow/dags/silver_processing_dag.py took 1.880 seconds
[2026-09-06T06:08:17.464+0000] {processor.py:161} INFO - Started process (PID=38550) to work on /opt/airflow/dags/silver_processing_dag.py
[2026-09-06T06:08:17.472+0000] {processor.py:830} INFO - Processing file /opt/airflow/dags/silver_processing_dag.py for tasks to queue
[2026-09-06T06:08:17.530+0000] {logging_mixin.py:188} INFO - [2026-09-06T06:08:17.529+0000] {dagbag.py:545} INFO - Filling up the DagBag from /opt/airflow/dags/silver_processing_dag.py
[2026-09-06T06:08:18.766+0000] {processor.py:840} INFO - DAG(s) 'process_silver_layer' retrieved from /opt/airflow/dags/silver_processing_dag.py
[2026-09-06T06:08:19.345+0000] {logging_mixin.py:188} INFO - [2026-09-06T06:08:19.344+0000] {dag.py:3096} INFO - Sync 1 DAGs
[2026-09-06T06:08:19.682+0000] {logging_mixin.py:188} INFO - [2026-09-06T06:08:19.681+0000] {dag.py:3954} INFO - Setting next_dagrun for process_silver_layer to None, run_after=None
[2026-09-06T06:08:20.157+0000] {processor.py:183} INFO - Processing /opt/airflow/dags/silver_processing_dag.py took 3.561 seconds
[2026-09-06T07:21:02.922+0000] {processor.py:161} INFO - Started process (PID=38634) to work on /opt/airflow/dags/silver_processing_dag.py
[2026-09-06T07:21:03.052+0000] {processor.py:830} INFO - Processing file /opt/airflow/dags/silver_processing_dag.py for tasks to queue
[2026-09-06T07:21:03.413+0000] {logging_mixin.py:188} INFO - [2026-09-06T07:21:03.391+0000] {dagbag.py:545} INFO - Filling up the DagBag from /opt/airflow/dags/silver_processing_dag.py
[2026-09-06T07:21:05.734+0000] {processor.py:840} INFO - DAG(s) 'process_silver_layer' retrieved from /opt/airflow/dags/silver_processing_dag.py
[2026-09-06T07:21:06.538+0000] {logging_mixin.py:188} INFO - [2026-09-06T07:21:06.537+0000] {dag.py:3096} INFO - Sync 1 DAGs
[2026-09-06T07:21:07.786+0000] {logging_mixin.py:188} INFO - [2026-09-06T07:21:07.785+0000] {dag.py:3954} INFO - Setting next_dagrun for process_silver_layer to None, run_after=None
[2026-09-06T07:21:10.870+0000] {processor.py:183} INFO - Processing /opt/airflow/dags/silver_processing_dag.py took 8.799 seconds
[2026-09-06T07:21:42.800+0000] {processor.py:161} INFO - Started process (PID=38658) to work on /opt/airflow/dags/silver_processing_dag.py
[2026-09-06T07:21:42.862+0000] {processor.py:830} INFO - Processing file /opt/airflow/dags/silver_processing_dag.py for tasks to queue
[2026-09-06T07:21:42.936+0000] {logging_mixin.py:188} INFO - [2026-09-06T07:21:42.935+0000] {dagbag.py:545} INFO - Filling up the DagBag from /opt/airflow/dags/silver_processing_dag.py
[2026-09-06T07:21:44.312+0000] {processor.py:840} INFO - DAG(s) 'process_silver_layer' retrieved from /opt/airflow/dags/silver_processing_dag.py
[2026-09-06T07:21:44.976+0000] {logging_mixin.py:188} INFO - [2026-09-06T07:21:44.975+0000] {dag.py:3096} INFO - Sync 1 DAGs
[2026-09-06T07:21:46.856+0000] {logging_mixin.py:188} INFO - [2026-09-06T07:21:46.855+0000] {dag.py:3954} INFO - Setting next_dagrun for process_silver_layer to None, run_after=None
[2026-09-06T07:21:50.289+0000] {processor.py:183} INFO - Processing /opt/airflow/dags/silver_processing_dag.py took 7.591 seconds
[2026-09-06T07:22:22.446+0000] {processor.py:161} INFO - Started process (PID=38675) to work on /opt/airflow/dags/silver_processing_dag.py
[2026-09-06T07:22:22.542+0000] {processor.py:830} INFO - Processing file /opt/airflow/dags/silver_processing_dag.py for tasks to queue
[2026-09-06T07:22:22.679+0000] {logging_mixin.py:188} INFO - [2026-09-06T07:22:22.666+0000] {dagbag.py:545} INFO - Filling up the DagBag from /opt/airflow/dags/silver_processing_dag.py
[2026-09-06T07:22:23.844+0000] {processor.py:840} INFO - DAG(s) 'process_silver_layer' retrieved from /opt/airflow/dags/silver_processing_dag.py
[2026-09-06T07:22:24.142+0000] {logging_mixin.py:188} INFO - [2026-09-06T07:22:24.131+0000] {dag.py:3096} INFO - Sync 1 DAGs
[2026-09-06T07:22:24.325+0000] {logging_mixin.py:188} INFO - [2026-09-06T07:22:24.324+0000] {dag.py:3954} INFO - Setting next_dagrun for process_silver_layer to None, run_after=None
[2026-09-06T07:22:24.613+0000] {processor.py:183} INFO - Processing /opt/airflow/dags/silver_processing_dag.py took 2.225 seconds
[2026-09-06T07:22:56.388+0000] {processor.py:161} INFO - Started process (PID=38693) to work on /opt/airflow/dags/silver_processing_dag.py
[2026-09-06T07:22:56.495+0000] {processor.py:830} INFO - Processing file /opt/airflow/dags/silver_processing_dag.py for tasks to queue
[2026-09-06T07:22:56.626+0000] {logging_mixin.py:188} INFO - [2026-09-06T07:22:56.624+0000] {dagbag.py:545} INFO - Filling up the DagBag from /opt/airflow/dags/silver_processing_dag.py
[2026-09-06T07:22:57.544+0000] {processor.py:840} INFO - DAG(s) 'process_silver_layer' retrieved from /opt/airflow/dags/silver_processing_dag.py
[2026-09-06T07:22:57.867+0000] {logging_mixin.py:188} INFO - [2026-09-06T07:22:57.867+0000] {dag.py:3096} INFO - Sync 1 DAGs
[2026-09-06T07:22:58.081+0000] {logging_mixin.py:188} INFO - [2026-09-06T07:22:58.068+0000] {dag.py:3954} INFO - Setting next_dagrun for process_silver_layer to None, run_after=None
[2026-09-06T07:22:58.309+0000] {processor.py:183} INFO - Processing /opt/airflow/dags/silver_processing_dag.py took 2.003 seconds
[2026-09-06T07:23:28.806+0000] {processor.py:161} INFO - Started process (PID=38714) to work on /opt/airflow/dags/silver_processing_dag.py
[2026-09-06T07:23:28.811+0000] {processor.py:830} INFO - Processing file /opt/airflow/dags/silver_processing_dag.py for tasks to queue
[2026-09-06T07:23:28.829+0000] {logging_mixin.py:188} INFO - [2026-09-06T07:23:28.828+0000] {dagbag.py:545} INFO - Filling up the DagBag from /opt/airflow/dags/silver_processing_dag.py
[2026-09-06T07:23:28.961+0000] {processor.py:840} INFO - DAG(s) 'process_silver_layer' retrieved from /opt/airflow/dags/silver_processing_dag.py
[2026-09-06T07:23:29.126+0000] {logging_mixin.py:188} INFO - [2026-09-06T07:23:29.126+0000] {dag.py:3096} INFO - Sync 1 DAGs
[2026-09-06T07:23:29.252+0000] {logging_mixin.py:188} INFO - [2026-09-06T07:23:29.251+0000] {dag.py:3954} INFO - Setting next_dagrun for process_silver_layer to None, run_after=None
[2026-09-06T07:23:29.423+0000] {processor.py:183} INFO - Processing /opt/airflow/dags/silver_processing_dag.py took 0.675 seconds
[2026-09-06T07:24:00.312+0000] {processor.py:161} INFO - Started process (PID=38795) to work on /opt/airflow/dags/silver_processing_dag.py
[2026-09-06T07:24:00.317+0000] {processor.py:830} INFO - Processing file /opt/airflow/dags/silver_processing_dag.py for tasks to queue
[2026-09-06T07:24:00.333+0000] {logging_mixin.py:188} INFO - [2026-09-06T07:24:00.331+0000] {dagbag.py:545} INFO - Filling up the DagBag from /opt/airflow/dags/silver_processing_dag.py
[2026-09-06T07:24:00.455+0000] {processor.py:840} INFO - DAG(s) 'process_silver_layer' retrieved from /opt/airflow/dags/silver_processing_dag.py
[2026-09-06T07:24:00.737+0000] {logging_mixin.py:188} INFO - [2026-09-06T07:24:00.726+0000] {dag.py:3096} INFO - Sync 1 DAGs
[2026-09-06T07:24:00.901+0000] {logging_mixin.py:188} INFO - [2026-09-06T07:24:00.900+0000] {dag.py:3954} INFO - Setting next_dagrun for process_silver_layer to None, run_after=None
[2026-09-06T07:24:01.158+0000] {processor.py:183} INFO - Processing /opt/airflow/dags/silver_processing_dag.py took 0.916 seconds
[2026-09-06T07:24:32.344+0000] {processor.py:161} INFO - Started process (PID=38888) to work on /opt/airflow/dags/silver_processing_dag.py
[2026-09-06T07:24:32.381+0000] {processor.py:830} INFO - Processing file /opt/airflow/dags/silver_processing_dag.py for tasks to queue
[2026-09-06T07:24:32.426+0000] {logging_mixin.py:188} INFO - [2026-09-06T07:24:32.425+0000] {dagbag.py:545} INFO - Filling up the DagBag from /opt/airflow/dags/silver_processing_dag.py
[2026-09-06T07:24:32.930+0000] {processor.py:840} INFO - DAG(s) 'process_silver_layer' retrieved from /opt/airflow/dags/silver_processing_dag.py
[2026-09-06T07:24:33.759+0000] {logging_mixin.py:188} INFO - [2026-09-06T07:24:33.747+0000] {dag.py:3096} INFO - Sync 1 DAGs
[2026-09-06T07:24:34.101+0000] {logging_mixin.py:188} INFO - [2026-09-06T07:24:34.099+0000] {dag.py:3954} INFO - Setting next_dagrun for process_silver_layer to None, run_after=None
[2026-09-06T07:24:34.734+0000] {processor.py:183} INFO - Processing /opt/airflow/dags/silver_processing_dag.py took 2.625 seconds
[2026-09-06T07:25:05.304+0000] {processor.py:161} INFO - Started process (PID=38960) to work on /opt/airflow/dags/silver_processing_dag.py
[2026-09-06T07:25:05.347+0000] {processor.py:830} INFO - Processing file /opt/airflow/dags/silver_processing_dag.py for tasks to queue
[2026-09-06T07:25:05.428+0000] {logging_mixin.py:188} INFO - [2026-09-06T07:25:05.426+0000] {dagbag.py:545} INFO - Filling up the DagBag from /opt/airflow/dags/silver_processing_dag.py
[2026-09-06T07:25:05.593+0000] {processor.py:840} INFO - DAG(s) 'process_silver_layer' retrieved from /opt/airflow/dags/silver_processing_dag.py
[2026-09-06T07:25:05.710+0000] {logging_mixin.py:188} INFO - [2026-09-06T07:25:05.709+0000] {dag.py:3096} INFO - Sync 1 DAGs
[2026-09-06T07:25:05.788+0000] {logging_mixin.py:188} INFO - [2026-09-06T07:25:05.787+0000] {dag.py:3954} INFO - Setting next_dagrun for process_silver_layer to None, run_after=None
[2026-09-06T07:25:05.910+0000] {processor.py:183} INFO - Processing /opt/airflow/dags/silver_processing_dag.py took 0.728 seconds
[2026-09-06T07:25:37.976+0000] {processor.py:161} INFO - Started process (PID=39045) to work on /opt/airflow/dags/silver_processing_dag.py
[2026-09-06T07:25:38.008+0000] {processor.py:830} INFO - Processing file /opt/airflow/dags/silver_processing_dag.py for tasks to queue
[2026-09-06T07:25:38.084+0000] {logging_mixin.py:188} INFO - [2026-09-06T07:25:38.080+0000] {dagbag.py:545} INFO - Filling up the DagBag from /opt/airflow/dags/silver_processing_dag.py
[2026-09-06T07:25:39.195+0000] {processor.py:840} INFO - DAG(s) 'process_silver_layer' retrieved from /opt/airflow/dags/silver_processing_dag.py
[2026-09-06T07:25:40.305+0000] {logging_mixin.py:188} INFO - [2026-09-06T07:25:40.292+0000] {dag.py:3096} INFO - Sync 1 DAGs
[2026-09-06T07:25:40.701+0000] {logging_mixin.py:188} INFO - [2026-09-06T07:25:40.701+0000] {dag.py:3954} INFO - Setting next_dagrun for process_silver_layer to None, run_after=None
[2026-09-06T07:25:41.316+0000] {processor.py:183} INFO - Processing /opt/airflow/dags/silver_processing_dag.py took 3.913 seconds
[2026-09-06T07:26:11.650+0000] {processor.py:161} INFO - Started process (PID=39113) to work on /opt/airflow/dags/silver_processing_dag.py
[2026-09-06T07:26:11.654+0000] {processor.py:830} INFO - Processing file /opt/airflow/dags/silver_processing_dag.py for tasks to queue
[2026-09-06T07:26:11.662+0000] {logging_mixin.py:188} INFO - [2026-09-06T07:26:11.660+0000] {dagbag.py:545} INFO - Filling up the DagBag from /opt/airflow/dags/silver_processing_dag.py
[2026-09-06T07:26:11.774+0000] {processor.py:840} INFO - DAG(s) 'process_silver_layer' retrieved from /opt/airflow/dags/silver_processing_dag.py
[2026-09-06T07:26:11.847+0000] {logging_mixin.py:188} INFO - [2026-09-06T07:26:11.846+0000] {dag.py:3096} INFO - Sync 1 DAGs
[2026-09-06T07:26:11.890+0000] {logging_mixin.py:188} INFO - [2026-09-06T07:26:11.890+0000] {dag.py:3954} INFO - Setting next_dagrun for process_silver_layer to None, run_after=None
[2026-09-06T07:26:11.955+0000] {processor.py:183} INFO - Processing /opt/airflow/dags/silver_processing_dag.py took 0.324 seconds
[2026-09-06T07:26:43.415+0000] {processor.py:161} INFO - Started process (PID=39192) to work on /opt/airflow/dags/silver_processing_dag.py
[2026-09-06T07:26:43.435+0000] {processor.py:830} INFO - Processing file /opt/airflow/dags/silver_processing_dag.py for tasks to queue
[2026-09-06T07:26:43.578+0000] {logging_mixin.py:188} INFO - [2026-09-06T07:26:43.527+0000] {dagbag.py:545} INFO - Filling up the DagBag from /opt/airflow/dags/silver_processing_dag.py
[2026-09-06T07:26:44.247+0000] {processor.py:840} INFO - DAG(s) 'process_silver_layer' retrieved from /opt/airflow/dags/silver_processing_dag.py
[2026-09-06T07:26:44.731+0000] {logging_mixin.py:188} INFO - [2026-09-06T07:26:44.730+0000] {dag.py:3096} INFO - Sync 1 DAGs
[2026-09-06T07:26:45.215+0000] {logging_mixin.py:188} INFO - [2026-09-06T07:26:45.215+0000] {dag.py:3954} INFO - Setting next_dagrun for process_silver_layer to None, run_after=None
[2026-09-06T07:26:45.704+0000] {processor.py:183} INFO - Processing /opt/airflow/dags/silver_processing_dag.py took 2.379 seconds
[2026-09-06T07:27:16.302+0000] {processor.py:161} INFO - Started process (PID=39217) to work on /opt/airflow/dags/silver_processing_dag.py
[2026-09-06T07:27:16.318+0000] {processor.py:830} INFO - Processing file /opt/airflow/dags/silver_processing_dag.py for tasks to queue
[2026-09-06T07:27:16.372+0000] {logging_mixin.py:188} INFO - [2026-09-06T07:27:16.370+0000] {dagbag.py:545} INFO - Filling up the DagBag from /opt/airflow/dags/silver_processing_dag.py
[2026-09-06T07:27:16.826+0000] {processor.py:840} INFO - DAG(s) 'process_silver_layer' retrieved from /opt/airflow/dags/silver_processing_dag.py
[2026-09-06T07:27:17.019+0000] {logging_mixin.py:188} INFO - [2026-09-06T07:27:17.018+0000] {dag.py:3096} INFO - Sync 1 DAGs
[2026-09-06T07:27:17.163+0000] {logging_mixin.py:188} INFO - [2026-09-06T07:27:17.162+0000] {dag.py:3954} INFO - Setting next_dagrun for process_silver_layer to None, run_after=None
[2026-09-06T07:27:17.322+0000] {processor.py:183} INFO - Processing /opt/airflow/dags/silver_processing_dag.py took 1.108 seconds
[2026-09-06T07:27:47.693+0000] {processor.py:161} INFO - Started process (PID=39265) to work on /opt/airflow/dags/silver_processing_dag.py
[2026-09-06T07:27:47.710+0000] {processor.py:830} INFO - Processing file /opt/airflow/dags/silver_processing_dag.py for tasks to queue
[2026-09-06T07:27:47.729+0000] {logging_mixin.py:188} INFO - [2026-09-06T07:27:47.727+0000] {dagbag.py:545} INFO - Filling up the DagBag from /opt/airflow/dags/silver_processing_dag.py
[2026-09-06T07:27:47.832+0000] {processor.py:840} INFO - DAG(s) 'process_silver_layer' retrieved from /opt/airflow/dags/silver_processing_dag.py
[2026-09-06T07:27:47.947+0000] {logging_mixin.py:188} INFO - [2026-09-06T07:27:47.947+0000] {dag.py:3096} INFO - Sync 1 DAGs
[2026-09-06T07:27:48.072+0000] {logging_mixin.py:188} INFO - [2026-09-06T07:27:48.071+0000] {dag.py:3954} INFO - Setting next_dagrun for process_silver_layer to None, run_after=None
[2026-09-06T07:27:48.299+0000] {processor.py:183} INFO - Processing /opt/airflow/dags/silver_processing_dag.py took 0.650 seconds
[2026-09-06T07:28:19.330+0000] {processor.py:161} INFO - Started process (PID=39322) to work on /opt/airflow/dags/silver_processing_dag.py
[2026-09-06T07:28:19.334+0000] {processor.py:830} INFO - Processing file /opt/airflow/dags/silver_processing_dag.py for tasks to queue
[2026-09-06T07:28:19.350+0000] {logging_mixin.py:188} INFO - [2026-09-06T07:28:19.349+0000] {dagbag.py:545} INFO - Filling up the DagBag from /opt/airflow/dags/silver_processing_dag.py
[2026-09-06T07:28:19.552+0000] {processor.py:840} INFO - DAG(s) 'process_silver_layer' retrieved from /opt/airflow/dags/silver_processing_dag.py
[2026-09-06T07:28:19.829+0000] {logging_mixin.py:188} INFO - [2026-09-06T07:28:19.828+0000] {dag.py:3096} INFO - Sync 1 DAGs
[2026-09-06T07:28:19.896+0000] {logging_mixin.py:188} INFO - [2026-09-06T07:28:19.895+0000] {dag.py:3954} INFO - Setting next_dagrun for process_silver_layer to None, run_after=None
[2026-09-06T07:28:20.018+0000] {processor.py:183} INFO - Processing /opt/airflow/dags/silver_processing_dag.py took 0.736 seconds
[2026-09-06T07:28:50.618+0000] {processor.py:161} INFO - Started process (PID=39359) to work on /opt/airflow/dags/silver_processing_dag.py
[2026-09-06T07:28:50.623+0000] {processor.py:830} INFO - Processing file /opt/airflow/dags/silver_processing_dag.py for tasks to queue
[2026-09-06T07:28:50.629+0000] {logging_mixin.py:188} INFO - [2026-09-06T07:28:50.628+0000] {dagbag.py:545} INFO - Filling up the DagBag from /opt/airflow/dags/silver_processing_dag.py
[2026-09-06T07:28:50.695+0000] {processor.py:840} INFO - DAG(s) 'process_silver_layer' retrieved from /opt/airflow/dags/silver_processing_dag.py
[2026-09-06T07:28:50.864+0000] {logging_mixin.py:188} INFO - [2026-09-06T07:28:50.864+0000] {dag.py:3096} INFO - Sync 1 DAGs
[2026-09-06T07:28:50.980+0000] {logging_mixin.py:188} INFO - [2026-09-06T07:28:50.979+0000] {dag.py:3954} INFO - Setting next_dagrun for process_silver_layer to None, run_after=None
[2026-09-06T07:28:51.079+0000] {processor.py:183} INFO - Processing /opt/airflow/dags/silver_processing_dag.py took 0.481 seconds
[2026-09-06T07:29:21.352+0000] {processor.py:161} INFO - Started process (PID=39433) to work on /opt/airflow/dags/silver_processing_dag.py
[2026-09-06T07:29:21.355+0000] {processor.py:830} INFO - Processing file /opt/airflow/dags/silver_processing_dag.py for tasks to queue
[2026-09-06T07:29:21.362+0000] {logging_mixin.py:188} INFO - [2026-09-06T07:29:21.361+0000] {dagbag.py:545} INFO - Filling up the DagBag from /opt/airflow/dags/silver_processing_dag.py
[2026-09-06T07:29:21.421+0000] {processor.py:840} INFO - DAG(s) 'process_silver_layer' retrieved from /opt/airflow/dags/silver_processing_dag.py
[2026-09-06T07:29:21.499+0000] {logging_mixin.py:188} INFO - [2026-09-06T07:29:21.499+0000] {dag.py:3096} INFO - Sync 1 DAGs
[2026-09-06T07:29:21.544+0000] {logging_mixin.py:188} INFO - [2026-09-06T07:29:21.543+0000] {dag.py:3954} INFO - Setting next_dagrun for process_silver_layer to None, run_after=None
[2026-09-06T07:29:21.646+0000] {processor.py:183} INFO - Processing /opt/airflow/dags/silver_processing_dag.py took 0.319 seconds
[2026-09-06T07:29:52.225+0000] {processor.py:161} INFO - Started process (PID=39515) to work on /opt/airflow/dags/silver_processing_dag.py
[2026-09-06T07:29:52.244+0000] {processor.py:830} INFO - Processing file /opt/airflow/dags/silver_processing_dag.py for tasks to queue
[2026-09-06T07:29:52.273+0000] {logging_mixin.py:188} INFO - [2026-09-06T07:29:52.269+0000] {dagbag.py:545} INFO - Filling up the DagBag from /opt/airflow/dags/silver_processing_dag.py
[2026-09-06T07:29:52.484+0000] {processor.py:840} INFO - DAG(s) 'process_silver_layer' retrieved from /opt/airflow/dags/silver_processing_dag.py
[2026-09-06T07:29:52.669+0000] {logging_mixin.py:188} INFO - [2026-09-06T07:29:52.668+0000] {dag.py:3096} INFO - Sync 1 DAGs
[2026-09-06T07:29:52.793+0000] {logging_mixin.py:188} INFO - [2026-09-06T07:29:52.793+0000] {dag.py:3954} INFO - Setting next_dagrun for process_silver_layer to None, run_after=None
[2026-09-06T07:29:52.897+0000] {processor.py:183} INFO - Processing /opt/airflow/dags/silver_processing_dag.py took 0.720 seconds
[2026-09-06T07:30:23.949+0000] {processor.py:161} INFO - Started process (PID=40144) to work on /opt/airflow/dags/silver_processing_dag.py
[2026-09-06T07:30:23.953+0000] {processor.py:830} INFO - Processing file /opt/airflow/dags/silver_processing_dag.py for tasks to queue
[2026-09-06T07:30:23.969+0000] {logging_mixin.py:188} INFO - [2026-09-06T07:30:23.960+0000] {dagbag.py:545} INFO - Filling up the DagBag from /opt/airflow/dags/silver_processing_dag.py
[2026-09-06T07:30:24.086+0000] {processor.py:840} INFO - DAG(s) 'process_silver_layer' retrieved from /opt/airflow/dags/silver_processing_dag.py
[2026-09-06T07:30:24.269+0000] {logging_mixin.py:188} INFO - [2026-09-06T07:30:24.268+0000] {dag.py:3096} INFO - Sync 1 DAGs
[2026-09-06T07:30:24.376+0000] {logging_mixin.py:188} INFO - [2026-09-06T07:30:24.376+0000] {dag.py:3954} INFO - Setting next_dagrun for process_silver_layer to None, run_after=None
[2026-09-06T07:30:24.577+0000] {processor.py:183} INFO - Processing /opt/airflow/dags/silver_processing_dag.py took 0.668 seconds
[2026-09-06T07:30:56.261+0000] {processor.py:161} INFO - Started process (PID=40212) to work on /opt/airflow/dags/silver_processing_dag.py
[2026-09-06T07:30:56.305+0000] {processor.py:830} INFO - Processing file /opt/airflow/dags/silver_processing_dag.py for tasks to queue
[2026-09-06T07:30:56.328+0000] {logging_mixin.py:188} INFO - [2026-09-06T07:30:56.326+0000] {dagbag.py:545} INFO - Filling up the DagBag from /opt/airflow/dags/silver_processing_dag.py
[2026-09-06T07:30:57.066+0000] {processor.py:840} INFO - DAG(s) 'process_silver_layer' retrieved from /opt/airflow/dags/silver_processing_dag.py
[2026-09-06T07:30:57.533+0000] {logging_mixin.py:188} INFO - [2026-09-06T07:30:57.532+0000] {dag.py:3096} INFO - Sync 1 DAGs
[2026-09-06T07:30:57.814+0000] {logging_mixin.py:188} INFO - [2026-09-06T07:30:57.813+0000] {dag.py:3954} INFO - Setting next_dagrun for process_silver_layer to None, run_after=None
[2026-09-06T07:30:58.055+0000] {processor.py:183} INFO - Processing /opt/airflow/dags/silver_processing_dag.py took 1.902 seconds
[2026-09-06T07:31:29.463+0000] {processor.py:161} INFO - Started process (PID=40297) to work on /opt/airflow/dags/silver_processing_dag.py
[2026-09-06T07:31:29.499+0000] {processor.py:830} INFO - Processing file /opt/airflow/dags/silver_processing_dag.py for tasks to queue
[2026-09-06T07:31:29.511+0000] {logging_mixin.py:188} INFO - [2026-09-06T07:31:29.510+0000] {dagbag.py:545} INFO - Filling up the DagBag from /opt/airflow/dags/silver_processing_dag.py
[2026-09-06T07:31:30.050+0000] {processor.py:840} INFO - DAG(s) 'process_silver_layer' retrieved from /opt/airflow/dags/silver_processing_dag.py
[2026-09-06T07:31:30.263+0000] {logging_mixin.py:188} INFO - [2026-09-06T07:31:30.262+0000] {dag.py:3096} INFO - Sync 1 DAGs
[2026-09-06T07:31:30.313+0000] {logging_mixin.py:188} INFO - [2026-09-06T07:31:30.313+0000] {dag.py:3954} INFO - Setting next_dagrun for process_silver_layer to None, run_after=None
[2026-09-06T07:31:30.361+0000] {processor.py:183} INFO - Processing /opt/airflow/dags/silver_processing_dag.py took 0.992 seconds
[2026-09-06T07:32:01.090+0000] {processor.py:161} INFO - Started process (PID=40399) to work on /opt/airflow/dags/silver_processing_dag.py
[2026-09-06T07:32:01.103+0000] {processor.py:830} INFO - Processing file /opt/airflow/dags/silver_processing_dag.py for tasks to queue
[2026-09-06T07:32:01.131+0000] {logging_mixin.py:188} INFO - [2026-09-06T07:32:01.128+0000] {dagbag.py:545} INFO - Filling up the DagBag from /opt/airflow/dags/silver_processing_dag.py
[2026-09-06T07:32:01.316+0000] {processor.py:840} INFO - DAG(s) 'process_silver_layer' retrieved from /opt/airflow/dags/silver_processing_dag.py
[2026-09-06T07:32:01.538+0000] {logging_mixin.py:188} INFO - [2026-09-06T07:32:01.538+0000] {dag.py:3096} INFO - Sync 1 DAGs
[2026-09-06T07:32:01.704+0000] {logging_mixin.py:188} INFO - [2026-09-06T07:32:01.703+0000] {dag.py:3954} INFO - Setting next_dagrun for process_silver_layer to None, run_after=None
[2026-09-06T07:32:01.880+0000] {processor.py:183} INFO - Processing /opt/airflow/dags/silver_processing_dag.py took 0.874 seconds
[2026-09-06T07:32:32.575+0000] {processor.py:161} INFO - Started process (PID=40467) to work on /opt/airflow/dags/silver_processing_dag.py
[2026-09-06T07:32:32.578+0000] {processor.py:830} INFO - Processing file /opt/airflow/dags/silver_processing_dag.py for tasks to queue
[2026-09-06T07:32:32.585+0000] {logging_mixin.py:188} INFO - [2026-09-06T07:32:32.584+0000] {dagbag.py:545} INFO - Filling up the DagBag from /opt/airflow/dags/silver_processing_dag.py
[2026-09-06T07:32:32.628+0000] {processor.py:840} INFO - DAG(s) 'process_silver_layer' retrieved from /opt/airflow/dags/silver_processing_dag.py
[2026-09-06T07:32:32.681+0000] {logging_mixin.py:188} INFO - [2026-09-06T07:32:32.680+0000] {dag.py:3096} INFO - Sync 1 DAGs
[2026-09-06T07:32:32.713+0000] {logging_mixin.py:188} INFO - [2026-09-06T07:32:32.713+0000] {dag.py:3954} INFO - Setting next_dagrun for process_silver_layer to None, run_after=None
[2026-09-06T07:32:32.769+0000] {processor.py:183} INFO - Processing /opt/airflow/dags/silver_processing_dag.py took 0.211 seconds
[2026-09-06T07:33:03.210+0000] {processor.py:161} INFO - Started process (PID=40482) to work on /opt/airflow/dags/silver_processing_dag.py
[2026-09-06T07:33:03.213+0000] {processor.py:830} INFO - Processing file /opt/airflow/dags/silver_processing_dag.py for tasks to queue
[2026-09-06T07:33:03.219+0000] {logging_mixin.py:188} INFO - [2026-09-06T07:33:03.218+0000] {dagbag.py:545} INFO - Filling up the DagBag from /opt/airflow/dags/silver_processing_dag.py
[2026-09-06T07:33:03.259+0000] {processor.py:840} INFO - DAG(s) 'process_silver_layer' retrieved from /opt/airflow/dags/silver_processing_dag.py
[2026-09-06T07:33:03.305+0000] {logging_mixin.py:188} INFO - [2026-09-06T07:33:03.305+0000] {dag.py:3096} INFO - Sync 1 DAGs
[2026-09-06T07:33:03.338+0000] {logging_mixin.py:188} INFO - [2026-09-06T07:33:03.338+0000] {dag.py:3954} INFO - Setting next_dagrun for process_silver_layer to None, run_after=None
[2026-09-06T07:33:03.388+0000] {processor.py:183} INFO - Processing /opt/airflow/dags/silver_processing_dag.py took 0.193 seconds
[2026-09-06T07:33:33.602+0000] {processor.py:161} INFO - Started process (PID=40497) to work on /opt/airflow/dags/silver_processing_dag.py
[2026-09-06T07:33:33.608+0000] {processor.py:830} INFO - Processing file /opt/airflow/dags/silver_processing_dag.py for tasks to queue
[2026-09-06T07:33:33.615+0000] {logging_mixin.py:188} INFO - [2026-09-06T07:33:33.614+0000] {dagbag.py:545} INFO - Filling up the DagBag from /opt/airflow/dags/silver_processing_dag.py
[2026-09-06T07:33:33.668+0000] {processor.py:840} INFO - DAG(s) 'process_silver_layer' retrieved from /opt/airflow/dags/silver_processing_dag.py
[2026-09-06T07:33:33.753+0000] {logging_mixin.py:188} INFO - [2026-09-06T07:33:33.752+0000] {dag.py:3096} INFO - Sync 1 DAGs
[2026-09-06T07:33:33.818+0000] {logging_mixin.py:188} INFO - [2026-09-06T07:33:33.817+0000] {dag.py:3954} INFO - Setting next_dagrun for process_silver_layer to None, run_after=None
[2026-09-06T07:33:33.914+0000] {processor.py:183} INFO - Processing /opt/airflow/dags/silver_processing_dag.py took 0.335 seconds
[2026-09-06T07:34:04.233+0000] {processor.py:161} INFO - Started process (PID=40512) to work on /opt/airflow/dags/silver_processing_dag.py
[2026-09-06T07:34:04.237+0000] {processor.py:830} INFO - Processing file /opt/airflow/dags/silver_processing_dag.py for tasks to queue
[2026-09-06T07:34:04.245+0000] {logging_mixin.py:188} INFO - [2026-09-06T07:34:04.244+0000] {dagbag.py:545} INFO - Filling up the DagBag from /opt/airflow/dags/silver_processing_dag.py
[2026-09-06T07:34:04.310+0000] {processor.py:840} INFO - DAG(s) 'process_silver_layer' retrieved from /opt/airflow/dags/silver_processing_dag.py
[2026-09-06T07:34:04.382+0000] {logging_mixin.py:188} INFO - [2026-09-06T07:34:04.382+0000] {dag.py:3096} INFO - Sync 1 DAGs
[2026-09-06T07:34:04.420+0000] {logging_mixin.py:188} INFO - [2026-09-06T07:34:04.419+0000] {dag.py:3954} INFO - Setting next_dagrun for process_silver_layer to None, run_after=None
[2026-09-06T07:34:04.487+0000] {processor.py:183} INFO - Processing /opt/airflow/dags/silver_processing_dag.py took 0.279 seconds
[2026-09-06T07:34:38.248+0000] {processor.py:161} INFO - Started process (PID=40525) to work on /opt/airflow/dags/silver_processing_dag.py
[2026-09-06T07:34:38.307+0000] {processor.py:830} INFO - Processing file /opt/airflow/dags/silver_processing_dag.py for tasks to queue
[2026-09-06T07:34:38.383+0000] {logging_mixin.py:188} INFO - [2026-09-06T07:34:38.372+0000] {dagbag.py:545} INFO - Filling up the DagBag from /opt/airflow/dags/silver_processing_dag.py
[2026-09-06T07:34:38.898+0000] {processor.py:840} INFO - DAG(s) 'process_silver_layer' retrieved from /opt/airflow/dags/silver_processing_dag.py
[2026-09-06T07:34:39.202+0000] {logging_mixin.py:188} INFO - [2026-09-06T07:34:39.201+0000] {dag.py:3096} INFO - Sync 1 DAGs
[2026-09-06T07:34:39.428+0000] {logging_mixin.py:188} INFO - [2026-09-06T07:34:39.428+0000] {dag.py:3954} INFO - Setting next_dagrun for process_silver_layer to None, run_after=None
[2026-09-06T07:34:40.193+0000] {processor.py:183} INFO - Processing /opt/airflow/dags/silver_processing_dag.py took 2.045 seconds
[2026-09-06T07:35:13.904+0000] {processor.py:161} INFO - Started process (PID=40540) to work on /opt/airflow/dags/silver_processing_dag.py
[2026-09-06T07:35:14.005+0000] {processor.py:830} INFO - Processing file /opt/airflow/dags/silver_processing_dag.py for tasks to queue
[2026-09-06T07:35:14.057+0000] {logging_mixin.py:188} INFO - [2026-09-06T07:35:14.054+0000] {dagbag.py:545} INFO - Filling up the DagBag from /opt/airflow/dags/silver_processing_dag.py
[2026-09-06T07:35:16.065+0000] {processor.py:840} INFO - DAG(s) 'process_silver_layer' retrieved from /opt/airflow/dags/silver_processing_dag.py
[2026-09-06T07:35:16.694+0000] {logging_mixin.py:188} INFO - [2026-09-06T07:35:16.693+0000] {dag.py:3096} INFO - Sync 1 DAGs
[2026-09-06T07:35:17.022+0000] {logging_mixin.py:188} INFO - [2026-09-06T07:35:17.021+0000] {dag.py:3954} INFO - Setting next_dagrun for process_silver_layer to None, run_after=None
[2026-09-06T07:35:17.459+0000] {processor.py:183} INFO - Processing /opt/airflow/dags/silver_processing_dag.py took 3.664 seconds
[2026-09-06T07:35:48.824+0000] {processor.py:161} INFO - Started process (PID=40555) to work on /opt/airflow/dags/silver_processing_dag.py
[2026-09-06T07:35:48.852+0000] {processor.py:830} INFO - Processing file /opt/airflow/dags/silver_processing_dag.py for tasks to queue
[2026-09-06T07:35:48.900+0000] {logging_mixin.py:188} INFO - [2026-09-06T07:35:48.897+0000] {dagbag.py:545} INFO - Filling up the DagBag from /opt/airflow/dags/silver_processing_dag.py
[2026-09-06T07:35:49.134+0000] {processor.py:840} INFO - DAG(s) 'process_silver_layer' retrieved from /opt/airflow/dags/silver_processing_dag.py
[2026-09-06T07:35:49.425+0000] {logging_mixin.py:188} INFO - [2026-09-06T07:35:49.424+0000] {dag.py:3096} INFO - Sync 1 DAGs
[2026-09-06T07:35:49.639+0000] {logging_mixin.py:188} INFO - [2026-09-06T07:35:49.639+0000] {dag.py:3954} INFO - Setting next_dagrun for process_silver_layer to None, run_after=None
[2026-09-06T07:35:49.787+0000] {processor.py:183} INFO - Processing /opt/airflow/dags/silver_processing_dag.py took 1.125 seconds
[2026-09-06T07:36:20.929+0000] {processor.py:161} INFO - Started process (PID=40572) to work on /opt/airflow/dags/silver_processing_dag.py
[2026-09-06T07:36:20.958+0000] {processor.py:830} INFO - Processing file /opt/airflow/dags/silver_processing_dag.py for tasks to queue
[2026-09-06T07:36:20.997+0000] {logging_mixin.py:188} INFO - [2026-09-06T07:36:20.996+0000] {dagbag.py:545} INFO - Filling up the DagBag from /opt/airflow/dags/silver_processing_dag.py
[2026-09-06T07:36:21.240+0000] {processor.py:840} INFO - DAG(s) 'process_silver_layer' retrieved from /opt/airflow/dags/silver_processing_dag.py
[2026-09-06T07:36:21.473+0000] {logging_mixin.py:188} INFO - [2026-09-06T07:36:21.472+0000] {dag.py:3096} INFO - Sync 1 DAGs
[2026-09-06T07:36:21.519+0000] {logging_mixin.py:188} INFO - [2026-09-06T07:36:21.518+0000] {dag.py:3954} INFO - Setting next_dagrun for process_silver_layer to None, run_after=None
[2026-09-06T07:36:21.576+0000] {processor.py:183} INFO - Processing /opt/airflow/dags/silver_processing_dag.py took 0.729 seconds
[2026-09-06T07:36:52.225+0000] {processor.py:161} INFO - Started process (PID=40587) to work on /opt/airflow/dags/silver_processing_dag.py
[2026-09-06T07:36:52.228+0000] {processor.py:830} INFO - Processing file /opt/airflow/dags/silver_processing_dag.py for tasks to queue
[2026-09-06T07:36:52.235+0000] {logging_mixin.py:188} INFO - [2026-09-06T07:36:52.234+0000] {dagbag.py:545} INFO - Filling up the DagBag from /opt/airflow/dags/silver_processing_dag.py
[2026-09-06T07:36:52.296+0000] {processor.py:840} INFO - DAG(s) 'process_silver_layer' retrieved from /opt/airflow/dags/silver_processing_dag.py
[2026-09-06T07:36:52.382+0000] {logging_mixin.py:188} INFO - [2026-09-06T07:36:52.382+0000] {dag.py:3096} INFO - Sync 1 DAGs
[2026-09-06T07:36:52.420+0000] {logging_mixin.py:188} INFO - [2026-09-06T07:36:52.420+0000] {dag.py:3954} INFO - Setting next_dagrun for process_silver_layer to None, run_after=None
[2026-09-06T07:36:52.534+0000] {processor.py:183} INFO - Processing /opt/airflow/dags/silver_processing_dag.py took 0.333 seconds
[2026-09-06T07:37:23.041+0000] {processor.py:161} INFO - Started process (PID=40602) to work on /opt/airflow/dags/silver_processing_dag.py
[2026-09-06T07:37:23.043+0000] {processor.py:830} INFO - Processing file /opt/airflow/dags/silver_processing_dag.py for tasks to queue
[2026-09-06T07:37:23.050+0000] {logging_mixin.py:188} INFO - [2026-09-06T07:37:23.049+0000] {dagbag.py:545} INFO - Filling up the DagBag from /opt/airflow/dags/silver_processing_dag.py
[2026-09-06T07:37:23.101+0000] {processor.py:840} INFO - DAG(s) 'process_silver_layer' retrieved from /opt/airflow/dags/silver_processing_dag.py
[2026-09-06T07:37:23.200+0000] {logging_mixin.py:188} INFO - [2026-09-06T07:37:23.199+0000] {dag.py:3096} INFO - Sync 1 DAGs
[2026-09-06T07:37:23.289+0000] {logging_mixin.py:188} INFO - [2026-09-06T07:37:23.288+0000] {dag.py:3954} INFO - Setting next_dagrun for process_silver_layer to None, run_after=None
[2026-09-06T07:37:23.412+0000] {processor.py:183} INFO - Processing /opt/airflow/dags/silver_processing_dag.py took 0.395 seconds
[2026-09-06T07:37:53.831+0000] {processor.py:161} INFO - Started process (PID=40617) to work on /opt/airflow/dags/silver_processing_dag.py
[2026-09-06T07:37:53.834+0000] {processor.py:830} INFO - Processing file /opt/airflow/dags/silver_processing_dag.py for tasks to queue
[2026-09-06T07:37:53.842+0000] {logging_mixin.py:188} INFO - [2026-09-06T07:37:53.840+0000] {dagbag.py:545} INFO - Filling up the DagBag from /opt/airflow/dags/silver_processing_dag.py
[2026-09-06T07:37:53.899+0000] {processor.py:840} INFO - DAG(s) 'process_silver_layer' retrieved from /opt/airflow/dags/silver_processing_dag.py
[2026-09-06T07:37:54.023+0000] {logging_mixin.py:188} INFO - [2026-09-06T07:37:54.023+0000] {dag.py:3096} INFO - Sync 1 DAGs
[2026-09-06T07:37:54.062+0000] {logging_mixin.py:188} INFO - [2026-09-06T07:37:54.062+0000] {dag.py:3954} INFO - Setting next_dagrun for process_silver_layer to None, run_after=None
[2026-09-06T07:37:54.113+0000] {processor.py:183} INFO - Processing /opt/airflow/dags/silver_processing_dag.py took 0.303 seconds
[2026-09-06T07:38:24.592+0000] {processor.py:161} INFO - Started process (PID=40632) to work on /opt/airflow/dags/silver_processing_dag.py
[2026-09-06T07:38:24.595+0000] {processor.py:830} INFO - Processing file /opt/airflow/dags/silver_processing_dag.py for tasks to queue
[2026-09-06T07:38:24.602+0000] {logging_mixin.py:188} INFO - [2026-09-06T07:38:24.601+0000] {dagbag.py:545} INFO - Filling up the DagBag from /opt/airflow/dags/silver_processing_dag.py
[2026-09-06T07:38:24.657+0000] {processor.py:840} INFO - DAG(s) 'process_silver_layer' retrieved from /opt/airflow/dags/silver_processing_dag.py
[2026-09-06T07:38:24.751+0000] {logging_mixin.py:188} INFO - [2026-09-06T07:38:24.750+0000] {dag.py:3096} INFO - Sync 1 DAGs
[2026-09-06T07:38:24.788+0000] {logging_mixin.py:188} INFO - [2026-09-06T07:38:24.787+0000] {dag.py:3954} INFO - Setting next_dagrun for process_silver_layer to None, run_after=None
[2026-09-06T07:38:24.861+0000] {processor.py:183} INFO - Processing /opt/airflow/dags/silver_processing_dag.py took 0.292 seconds
[2026-09-06T07:38:55.821+0000] {processor.py:161} INFO - Started process (PID=40647) to work on /opt/airflow/dags/silver_processing_dag.py
[2026-09-06T07:38:55.824+0000] {processor.py:830} INFO - Processing file /opt/airflow/dags/silver_processing_dag.py for tasks to queue
[2026-09-06T07:38:55.832+0000] {logging_mixin.py:188} INFO - [2026-09-06T07:38:55.831+0000] {dagbag.py:545} INFO - Filling up the DagBag from /opt/airflow/dags/silver_processing_dag.py
[2026-09-06T07:38:55.899+0000] {processor.py:840} INFO - DAG(s) 'process_silver_layer' retrieved from /opt/airflow/dags/silver_processing_dag.py
[2026-09-06T07:38:55.964+0000] {logging_mixin.py:188} INFO - [2026-09-06T07:38:55.964+0000] {dag.py:3096} INFO - Sync 1 DAGs
[2026-09-06T07:38:56.011+0000] {logging_mixin.py:188} INFO - [2026-09-06T07:38:56.011+0000] {dag.py:3954} INFO - Setting next_dagrun for process_silver_layer to None, run_after=None
[2026-09-06T07:38:56.081+0000] {processor.py:183} INFO - Processing /opt/airflow/dags/silver_processing_dag.py took 0.316 seconds
[2026-09-06T07:39:26.557+0000] {processor.py:161} INFO - Started process (PID=40662) to work on /opt/airflow/dags/silver_processing_dag.py
[2026-09-06T07:39:26.561+0000] {processor.py:830} INFO - Processing file /opt/airflow/dags/silver_processing_dag.py for tasks to queue
[2026-09-06T07:39:26.588+0000] {logging_mixin.py:188} INFO - [2026-09-06T07:39:26.586+0000] {dagbag.py:545} INFO - Filling up the DagBag from /opt/airflow/dags/silver_processing_dag.py
[2026-09-06T07:39:26.734+0000] {processor.py:840} INFO - DAG(s) 'process_silver_layer' retrieved from /opt/airflow/dags/silver_processing_dag.py
[2026-09-06T07:39:26.905+0000] {logging_mixin.py:188} INFO - [2026-09-06T07:39:26.905+0000] {dag.py:3096} INFO - Sync 1 DAGs
[2026-09-06T07:39:26.951+0000] {logging_mixin.py:188} INFO - [2026-09-06T07:39:26.951+0000] {dag.py:3954} INFO - Setting next_dagrun for process_silver_layer to None, run_after=None
[2026-09-06T07:39:27.006+0000] {processor.py:183} INFO - Processing /opt/airflow/dags/silver_processing_dag.py took 0.501 seconds
[2026-09-06T07:39:57.582+0000] {processor.py:161} INFO - Started process (PID=40677) to work on /opt/airflow/dags/silver_processing_dag.py
[2026-09-06T07:39:57.587+0000] {processor.py:830} INFO - Processing file /opt/airflow/dags/silver_processing_dag.py for tasks to queue
[2026-09-06T07:39:57.598+0000] {logging_mixin.py:188} INFO - [2026-09-06T07:39:57.597+0000] {dagbag.py:545} INFO - Filling up the DagBag from /opt/airflow/dags/silver_processing_dag.py
[2026-09-06T07:39:57.648+0000] {processor.py:840} INFO - DAG(s) 'process_silver_layer' retrieved from /opt/airflow/dags/silver_processing_dag.py
[2026-09-06T07:39:57.733+0000] {logging_mixin.py:188} INFO - [2026-09-06T07:39:57.732+0000] {dag.py:3096} INFO - Sync 1 DAGs
[2026-09-06T07:39:57.820+0000] {logging_mixin.py:188} INFO - [2026-09-06T07:39:57.819+0000] {dag.py:3954} INFO - Setting next_dagrun for process_silver_layer to None, run_after=None
[2026-09-06T07:39:57.918+0000] {processor.py:183} INFO - Processing /opt/airflow/dags/silver_processing_dag.py took 0.354 seconds
[2026-09-06T07:40:28.183+0000] {processor.py:161} INFO - Started process (PID=40692) to work on /opt/airflow/dags/silver_processing_dag.py
[2026-09-06T07:40:28.189+0000] {processor.py:830} INFO - Processing file /opt/airflow/dags/silver_processing_dag.py for tasks to queue
[2026-09-06T07:40:28.198+0000] {logging_mixin.py:188} INFO - [2026-09-06T07:40:28.196+0000] {dagbag.py:545} INFO - Filling up the DagBag from /opt/airflow/dags/silver_processing_dag.py
[2026-09-06T07:40:28.291+0000] {processor.py:840} INFO - DAG(s) 'process_silver_layer' retrieved from /opt/airflow/dags/silver_processing_dag.py
[2026-09-06T07:40:28.409+0000] {logging_mixin.py:188} INFO - [2026-09-06T07:40:28.408+0000] {dag.py:3096} INFO - Sync 1 DAGs
[2026-09-06T07:40:28.499+0000] {logging_mixin.py:188} INFO - [2026-09-06T07:40:28.498+0000] {dag.py:3954} INFO - Setting next_dagrun for process_silver_layer to None, run_after=None
[2026-09-06T07:40:28.598+0000] {processor.py:183} INFO - Processing /opt/airflow/dags/silver_processing_dag.py took 0.444 seconds
[2026-09-06T07:40:58.920+0000] {processor.py:161} INFO - Started process (PID=40705) to work on /opt/airflow/dags/silver_processing_dag.py
[2026-09-06T07:40:58.923+0000] {processor.py:830} INFO - Processing file /opt/airflow/dags/silver_processing_dag.py for tasks to queue
[2026-09-06T07:40:58.934+0000] {logging_mixin.py:188} INFO - [2026-09-06T07:40:58.932+0000] {dagbag.py:545} INFO - Filling up the DagBag from /opt/airflow/dags/silver_processing_dag.py
[2026-09-06T07:40:58.982+0000] {processor.py:840} INFO - DAG(s) 'process_silver_layer' retrieved from /opt/airflow/dags/silver_processing_dag.py
[2026-09-06T07:40:59.029+0000] {logging_mixin.py:188} INFO - [2026-09-06T07:40:59.029+0000] {dag.py:3096} INFO - Sync 1 DAGs
[2026-09-06T07:40:59.060+0000] {logging_mixin.py:188} INFO - [2026-09-06T07:40:59.060+0000] {dag.py:3954} INFO - Setting next_dagrun for process_silver_layer to None, run_after=None
[2026-09-06T07:40:59.104+0000] {processor.py:183} INFO - Processing /opt/airflow/dags/silver_processing_dag.py took 0.206 seconds
[2026-09-06T07:41:29.527+0000] {processor.py:161} INFO - Started process (PID=40717) to work on /opt/airflow/dags/silver_processing_dag.py
[2026-09-06T07:41:29.532+0000] {processor.py:830} INFO - Processing file /opt/airflow/dags/silver_processing_dag.py for tasks to queue
[2026-09-06T07:41:29.539+0000] {logging_mixin.py:188} INFO - [2026-09-06T07:41:29.538+0000] {dagbag.py:545} INFO - Filling up the DagBag from /opt/airflow/dags/silver_processing_dag.py
[2026-09-06T07:41:29.605+0000] {processor.py:840} INFO - DAG(s) 'process_silver_layer' retrieved from /opt/airflow/dags/silver_processing_dag.py
[2026-09-06T07:41:29.741+0000] {logging_mixin.py:188} INFO - [2026-09-06T07:41:29.740+0000] {dag.py:3096} INFO - Sync 1 DAGs
[2026-09-06T07:41:29.815+0000] {logging_mixin.py:188} INFO - [2026-09-06T07:41:29.814+0000] {dag.py:3954} INFO - Setting next_dagrun for process_silver_layer to None, run_after=None
[2026-09-06T07:41:29.904+0000] {processor.py:183} INFO - Processing /opt/airflow/dags/silver_processing_dag.py took 0.404 seconds
[2026-09-06T07:42:00.447+0000] {processor.py:161} INFO - Started process (PID=40732) to work on /opt/airflow/dags/silver_processing_dag.py
[2026-09-06T07:42:00.452+0000] {processor.py:830} INFO - Processing file /opt/airflow/dags/silver_processing_dag.py for tasks to queue
[2026-09-06T07:42:00.459+0000] {logging_mixin.py:188} INFO - [2026-09-06T07:42:00.458+0000] {dagbag.py:545} INFO - Filling up the DagBag from /opt/airflow/dags/silver_processing_dag.py
[2026-09-06T07:42:00.518+0000] {processor.py:840} INFO - DAG(s) 'process_silver_layer' retrieved from /opt/airflow/dags/silver_processing_dag.py
[2026-09-06T07:42:00.650+0000] {logging_mixin.py:188} INFO - [2026-09-06T07:42:00.650+0000] {dag.py:3096} INFO - Sync 1 DAGs
[2026-09-06T07:42:00.769+0000] {logging_mixin.py:188} INFO - [2026-09-06T07:42:00.769+0000] {dag.py:3954} INFO - Setting next_dagrun for process_silver_layer to None, run_after=None
[2026-09-06T07:42:00.915+0000] {processor.py:183} INFO - Processing /opt/airflow/dags/silver_processing_dag.py took 0.492 seconds
[2026-09-06T07:42:31.234+0000] {processor.py:161} INFO - Started process (PID=40747) to work on /opt/airflow/dags/silver_processing_dag.py
[2026-09-06T07:42:31.240+0000] {processor.py:830} INFO - Processing file /opt/airflow/dags/silver_processing_dag.py for tasks to queue
[2026-09-06T07:42:31.248+0000] {logging_mixin.py:188} INFO - [2026-09-06T07:42:31.247+0000] {dagbag.py:545} INFO - Filling up the DagBag from /opt/airflow/dags/silver_processing_dag.py
[2026-09-06T07:42:31.371+0000] {processor.py:840} INFO - DAG(s) 'process_silver_layer' retrieved from /opt/airflow/dags/silver_processing_dag.py
[2026-09-06T07:42:31.485+0000] {logging_mixin.py:188} INFO - [2026-09-06T07:42:31.484+0000] {dag.py:3096} INFO - Sync 1 DAGs
[2026-09-06T07:42:31.577+0000] {logging_mixin.py:188} INFO - [2026-09-06T07:42:31.566+0000] {dag.py:3954} INFO - Setting next_dagrun for process_silver_layer to None, run_after=None
[2026-09-06T07:42:31.663+0000] {processor.py:183} INFO - Processing /opt/airflow/dags/silver_processing_dag.py took 0.466 seconds
[2026-09-06T07:43:02.231+0000] {processor.py:161} INFO - Started process (PID=40762) to work on /opt/airflow/dags/silver_processing_dag.py
[2026-09-06T07:43:02.241+0000] {processor.py:830} INFO - Processing file /opt/airflow/dags/silver_processing_dag.py for tasks to queue
[2026-09-06T07:43:02.246+0000] {logging_mixin.py:188} INFO - [2026-09-06T07:43:02.245+0000] {dagbag.py:545} INFO - Filling up the DagBag from /opt/airflow/dags/silver_processing_dag.py
[2026-09-06T07:43:02.299+0000] {processor.py:840} INFO - DAG(s) 'process_silver_layer' retrieved from /opt/airflow/dags/silver_processing_dag.py
[2026-09-06T07:43:02.380+0000] {logging_mixin.py:188} INFO - [2026-09-06T07:43:02.379+0000] {dag.py:3096} INFO - Sync 1 DAGs
[2026-09-06T07:43:02.476+0000] {logging_mixin.py:188} INFO - [2026-09-06T07:43:02.465+0000] {dag.py:3954} INFO - Setting next_dagrun for process_silver_layer to None, run_after=None
[2026-09-06T07:43:02.551+0000] {processor.py:183} INFO - Processing /opt/airflow/dags/silver_processing_dag.py took 0.344 seconds
[2026-09-06T07:43:33.201+0000] {processor.py:161} INFO - Started process (PID=40777) to work on /opt/airflow/dags/silver_processing_dag.py
[2026-09-06T07:43:33.204+0000] {processor.py:830} INFO - Processing file /opt/airflow/dags/silver_processing_dag.py for tasks to queue
[2026-09-06T07:43:33.216+0000] {logging_mixin.py:188} INFO - [2026-09-06T07:43:33.215+0000] {dagbag.py:545} INFO - Filling up the DagBag from /opt/airflow/dags/silver_processing_dag.py
[2026-09-06T07:43:33.287+0000] {processor.py:840} INFO - DAG(s) 'process_silver_layer' retrieved from /opt/airflow/dags/silver_processing_dag.py
[2026-09-06T07:43:33.357+0000] {logging_mixin.py:188} INFO - [2026-09-06T07:43:33.356+0000] {dag.py:3096} INFO - Sync 1 DAGs
[2026-09-06T07:43:33.403+0000] {logging_mixin.py:188} INFO - [2026-09-06T07:43:33.403+0000] {dag.py:3954} INFO - Setting next_dagrun for process_silver_layer to None, run_after=None
[2026-09-06T07:43:33.488+0000] {processor.py:183} INFO - Processing /opt/airflow/dags/silver_processing_dag.py took 0.311 seconds
[2026-09-06T07:44:04.138+0000] {processor.py:161} INFO - Started process (PID=40792) to work on /opt/airflow/dags/silver_processing_dag.py
[2026-09-06T07:44:04.144+0000] {processor.py:830} INFO - Processing file /opt/airflow/dags/silver_processing_dag.py for tasks to queue
[2026-09-06T07:44:04.151+0000] {logging_mixin.py:188} INFO - [2026-09-06T07:44:04.150+0000] {dagbag.py:545} INFO - Filling up the DagBag from /opt/airflow/dags/silver_processing_dag.py
[2026-09-06T07:44:04.209+0000] {processor.py:840} INFO - DAG(s) 'process_silver_layer' retrieved from /opt/airflow/dags/silver_processing_dag.py
[2026-09-06T07:44:04.306+0000] {logging_mixin.py:188} INFO - [2026-09-06T07:44:04.306+0000] {dag.py:3096} INFO - Sync 1 DAGs
[2026-09-06T07:44:04.350+0000] {logging_mixin.py:188} INFO - [2026-09-06T07:44:04.349+0000] {dag.py:3954} INFO - Setting next_dagrun for process_silver_layer to None, run_after=None
[2026-09-06T07:44:04.421+0000] {processor.py:183} INFO - Processing /opt/airflow/dags/silver_processing_dag.py took 0.306 seconds
[2026-09-06T07:44:35.041+0000] {processor.py:161} INFO - Started process (PID=40807) to work on /opt/airflow/dags/silver_processing_dag.py
[2026-09-06T07:44:35.044+0000] {processor.py:830} INFO - Processing file /opt/airflow/dags/silver_processing_dag.py for tasks to queue
[2026-09-06T07:44:35.050+0000] {logging_mixin.py:188} INFO - [2026-09-06T07:44:35.049+0000] {dagbag.py:545} INFO - Filling up the DagBag from /opt/airflow/dags/silver_processing_dag.py
[2026-09-06T07:44:35.115+0000] {processor.py:840} INFO - DAG(s) 'process_silver_layer' retrieved from /opt/airflow/dags/silver_processing_dag.py
[2026-09-06T07:44:35.190+0000] {logging_mixin.py:188} INFO - [2026-09-06T07:44:35.189+0000] {dag.py:3096} INFO - Sync 1 DAGs
[2026-09-06T07:44:35.237+0000] {logging_mixin.py:188} INFO - [2026-09-06T07:44:35.237+0000] {dag.py:3954} INFO - Setting next_dagrun for process_silver_layer to None, run_after=None
[2026-09-06T07:44:35.355+0000] {processor.py:183} INFO - Processing /opt/airflow/dags/silver_processing_dag.py took 0.343 seconds
[2026-09-06T07:45:06.144+0000] {processor.py:161} INFO - Started process (PID=40822) to work on /opt/airflow/dags/silver_processing_dag.py
[2026-09-06T07:45:06.149+0000] {processor.py:830} INFO - Processing file /opt/airflow/dags/silver_processing_dag.py for tasks to queue
[2026-09-06T07:45:06.157+0000] {logging_mixin.py:188} INFO - [2026-09-06T07:45:06.156+0000] {dagbag.py:545} INFO - Filling up the DagBag from /opt/airflow/dags/silver_processing_dag.py
[2026-09-06T07:45:06.213+0000] {processor.py:840} INFO - DAG(s) 'process_silver_layer' retrieved from /opt/airflow/dags/silver_processing_dag.py
[2026-09-06T07:45:06.304+0000] {logging_mixin.py:188} INFO - [2026-09-06T07:45:06.303+0000] {dag.py:3096} INFO - Sync 1 DAGs
[2026-09-06T07:45:06.354+0000] {logging_mixin.py:188} INFO - [2026-09-06T07:45:06.354+0000] {dag.py:3954} INFO - Setting next_dagrun for process_silver_layer to None, run_after=None
[2026-09-06T07:45:06.427+0000] {processor.py:183} INFO - Processing /opt/airflow/dags/silver_processing_dag.py took 0.306 seconds
[2026-09-06T07:45:37.082+0000] {processor.py:161} INFO - Started process (PID=40837) to work on /opt/airflow/dags/silver_processing_dag.py
[2026-09-06T07:45:37.085+0000] {processor.py:830} INFO - Processing file /opt/airflow/dags/silver_processing_dag.py for tasks to queue
[2026-09-06T07:45:37.094+0000] {logging_mixin.py:188} INFO - [2026-09-06T07:45:37.092+0000] {dagbag.py:545} INFO - Filling up the DagBag from /opt/airflow/dags/silver_processing_dag.py
[2026-09-06T07:45:37.153+0000] {processor.py:840} INFO - DAG(s) 'process_silver_layer' retrieved from /opt/airflow/dags/silver_processing_dag.py
[2026-09-06T07:45:37.237+0000] {logging_mixin.py:188} INFO - [2026-09-06T07:45:37.237+0000] {dag.py:3096} INFO - Sync 1 DAGs
[2026-09-06T07:45:37.289+0000] {logging_mixin.py:188} INFO - [2026-09-06T07:45:37.289+0000] {dag.py:3954} INFO - Setting next_dagrun for process_silver_layer to None, run_after=None
[2026-09-06T07:45:37.368+0000] {processor.py:183} INFO - Processing /opt/airflow/dags/silver_processing_dag.py took 0.315 seconds
[2026-09-06T07:47:10.289+0000] {processor.py:161} INFO - Started process (PID=40850) to work on /opt/airflow/dags/silver_processing_dag.py
[2026-09-06T07:47:10.307+0000] {processor.py:830} INFO - Processing file /opt/airflow/dags/silver_processing_dag.py for tasks to queue
[2026-09-06T07:47:10.415+0000] {logging_mixin.py:188} INFO - [2026-09-06T07:47:10.414+0000] {dagbag.py:545} INFO - Filling up the DagBag from /opt/airflow/dags/silver_processing_dag.py
[2026-09-06T07:47:10.977+0000] {processor.py:840} INFO - DAG(s) 'process_silver_layer' retrieved from /opt/airflow/dags/silver_processing_dag.py
[2026-09-06T07:47:11.189+0000] {logging_mixin.py:188} INFO - [2026-09-06T07:47:11.189+0000] {dag.py:3096} INFO - Sync 1 DAGs
[2026-09-06T07:47:11.343+0000] {logging_mixin.py:188} INFO - [2026-09-06T07:47:11.343+0000] {dag.py:3954} INFO - Setting next_dagrun for process_silver_layer to None, run_after=None
[2026-09-06T07:47:11.531+0000] {processor.py:183} INFO - Processing /opt/airflow/dags/silver_processing_dag.py took 1.298 seconds
[2026-09-06T07:47:42.099+0000] {processor.py:161} INFO - Started process (PID=40865) to work on /opt/airflow/dags/silver_processing_dag.py
[2026-09-06T07:47:42.141+0000] {processor.py:830} INFO - Processing file /opt/airflow/dags/silver_processing_dag.py for tasks to queue
[2026-09-06T07:47:42.150+0000] {logging_mixin.py:188} INFO - [2026-09-06T07:47:42.149+0000] {dagbag.py:545} INFO - Filling up the DagBag from /opt/airflow/dags/silver_processing_dag.py
[2026-09-06T07:47:42.594+0000] {processor.py:840} INFO - DAG(s) 'process_silver_layer' retrieved from /opt/airflow/dags/silver_processing_dag.py
[2026-09-06T07:47:42.734+0000] {logging_mixin.py:188} INFO - [2026-09-06T07:47:42.731+0000] {dag.py:3096} INFO - Sync 1 DAGs
[2026-09-06T07:47:42.784+0000] {logging_mixin.py:188} INFO - [2026-09-06T07:47:42.784+0000] {dag.py:3954} INFO - Setting next_dagrun for process_silver_layer to None, run_after=None
[2026-09-06T07:47:42.873+0000] {processor.py:183} INFO - Processing /opt/airflow/dags/silver_processing_dag.py took 0.818 seconds
[2026-09-06T07:48:13.653+0000] {processor.py:161} INFO - Started process (PID=40880) to work on /opt/airflow/dags/silver_processing_dag.py
[2026-09-06T07:48:13.660+0000] {processor.py:830} INFO - Processing file /opt/airflow/dags/silver_processing_dag.py for tasks to queue
[2026-09-06T07:48:13.668+0000] {logging_mixin.py:188} INFO - [2026-09-06T07:48:13.667+0000] {dagbag.py:545} INFO - Filling up the DagBag from /opt/airflow/dags/silver_processing_dag.py
[2026-09-06T07:48:13.739+0000] {processor.py:840} INFO - DAG(s) 'process_silver_layer' retrieved from /opt/airflow/dags/silver_processing_dag.py
[2026-09-06T07:48:13.828+0000] {logging_mixin.py:188} INFO - [2026-09-06T07:48:13.827+0000] {dag.py:3096} INFO - Sync 1 DAGs
[2026-09-06T07:48:13.877+0000] {logging_mixin.py:188} INFO - [2026-09-06T07:48:13.876+0000] {dag.py:3954} INFO - Setting next_dagrun for process_silver_layer to None, run_after=None
[2026-09-06T07:48:14.016+0000] {processor.py:183} INFO - Processing /opt/airflow/dags/silver_processing_dag.py took 0.392 seconds
[2026-09-06T07:48:44.231+0000] {processor.py:161} INFO - Started process (PID=40895) to work on /opt/airflow/dags/silver_processing_dag.py
[2026-09-06T07:48:44.236+0000] {processor.py:830} INFO - Processing file /opt/airflow/dags/silver_processing_dag.py for tasks to queue
[2026-09-06T07:48:44.248+0000] {logging_mixin.py:188} INFO - [2026-09-06T07:48:44.246+0000] {dagbag.py:545} INFO - Filling up the DagBag from /opt/airflow/dags/silver_processing_dag.py
[2026-09-06T07:48:44.329+0000] {processor.py:840} INFO - DAG(s) 'process_silver_layer' retrieved from /opt/airflow/dags/silver_processing_dag.py
[2026-09-06T07:48:44.415+0000] {logging_mixin.py:188} INFO - [2026-09-06T07:48:44.414+0000] {dag.py:3096} INFO - Sync 1 DAGs
[2026-09-06T07:48:44.473+0000] {logging_mixin.py:188} INFO - [2026-09-06T07:48:44.472+0000] {dag.py:3954} INFO - Setting next_dagrun for process_silver_layer to None, run_after=None
[2026-09-06T07:48:44.562+0000] {processor.py:183} INFO - Processing /opt/airflow/dags/silver_processing_dag.py took 0.377 seconds
[2026-09-06T07:49:15.118+0000] {processor.py:161} INFO - Started process (PID=40910) to work on /opt/airflow/dags/silver_processing_dag.py
[2026-09-06T07:49:15.122+0000] {processor.py:830} INFO - Processing file /opt/airflow/dags/silver_processing_dag.py for tasks to queue
[2026-09-06T07:49:15.133+0000] {logging_mixin.py:188} INFO - [2026-09-06T07:49:15.131+0000] {dagbag.py:545} INFO - Filling up the DagBag from /opt/airflow/dags/silver_processing_dag.py
[2026-09-06T07:49:15.210+0000] {processor.py:840} INFO - DAG(s) 'process_silver_layer' retrieved from /opt/airflow/dags/silver_processing_dag.py
[2026-09-06T07:49:15.307+0000] {logging_mixin.py:188} INFO - [2026-09-06T07:49:15.306+0000] {dag.py:3096} INFO - Sync 1 DAGs
[2026-09-06T07:49:15.386+0000] {logging_mixin.py:188} INFO - [2026-09-06T07:49:15.385+0000] {dag.py:3954} INFO - Setting next_dagrun for process_silver_layer to None, run_after=None
[2026-09-06T07:49:15.476+0000] {processor.py:183} INFO - Processing /opt/airflow/dags/silver_processing_dag.py took 0.385 seconds
[2026-09-06T07:49:46.016+0000] {processor.py:161} INFO - Started process (PID=40925) to work on /opt/airflow/dags/silver_processing_dag.py
[2026-09-06T07:49:46.023+0000] {processor.py:830} INFO - Processing file /opt/airflow/dags/silver_processing_dag.py for tasks to queue
[2026-09-06T07:49:46.036+0000] {logging_mixin.py:188} INFO - [2026-09-06T07:49:46.035+0000] {dagbag.py:545} INFO - Filling up the DagBag from /opt/airflow/dags/silver_processing_dag.py
[2026-09-06T07:49:46.113+0000] {processor.py:840} INFO - DAG(s) 'process_silver_layer' retrieved from /opt/airflow/dags/silver_processing_dag.py
[2026-09-06T07:49:46.279+0000] {logging_mixin.py:188} INFO - [2026-09-06T07:49:46.278+0000] {dag.py:3096} INFO - Sync 1 DAGs
[2026-09-06T07:49:46.491+0000] {logging_mixin.py:188} INFO - [2026-09-06T07:49:46.481+0000] {dag.py:3954} INFO - Setting next_dagrun for process_silver_layer to None, run_after=None
[2026-09-06T07:49:46.796+0000] {processor.py:183} INFO - Processing /opt/airflow/dags/silver_processing_dag.py took 0.817 seconds
[2026-09-06T07:50:17.548+0000] {processor.py:161} INFO - Started process (PID=40940) to work on /opt/airflow/dags/silver_processing_dag.py
[2026-09-06T07:50:17.556+0000] {processor.py:830} INFO - Processing file /opt/airflow/dags/silver_processing_dag.py for tasks to queue
[2026-09-06T07:50:17.589+0000] {logging_mixin.py:188} INFO - [2026-09-06T07:50:17.588+0000] {dagbag.py:545} INFO - Filling up the DagBag from /opt/airflow/dags/silver_processing_dag.py
[2026-09-06T07:50:17.825+0000] {processor.py:840} INFO - DAG(s) 'process_silver_layer' retrieved from /opt/airflow/dags/silver_processing_dag.py
[2026-09-06T07:50:18.003+0000] {logging_mixin.py:188} INFO - [2026-09-06T07:50:18.002+0000] {dag.py:3096} INFO - Sync 1 DAGs
[2026-09-06T07:50:18.066+0000] {logging_mixin.py:188} INFO - [2026-09-06T07:50:18.066+0000] {dag.py:3954} INFO - Setting next_dagrun for process_silver_layer to None, run_after=None
[2026-09-06T07:50:18.173+0000] {processor.py:183} INFO - Processing /opt/airflow/dags/silver_processing_dag.py took 0.709 seconds
[2026-09-06T07:50:48.418+0000] {processor.py:161} INFO - Started process (PID=40955) to work on /opt/airflow/dags/silver_processing_dag.py
[2026-09-06T07:50:48.421+0000] {processor.py:830} INFO - Processing file /opt/airflow/dags/silver_processing_dag.py for tasks to queue
[2026-09-06T07:50:48.435+0000] {logging_mixin.py:188} INFO - [2026-09-06T07:50:48.433+0000] {dagbag.py:545} INFO - Filling up the DagBag from /opt/airflow/dags/silver_processing_dag.py
[2026-09-06T07:50:48.503+0000] {processor.py:840} INFO - DAG(s) 'process_silver_layer' retrieved from /opt/airflow/dags/silver_processing_dag.py
[2026-09-06T07:50:48.638+0000] {logging_mixin.py:188} INFO - [2026-09-06T07:50:48.637+0000] {dag.py:3096} INFO - Sync 1 DAGs
[2026-09-06T07:50:48.779+0000] {logging_mixin.py:188} INFO - [2026-09-06T07:50:48.779+0000] {dag.py:3954} INFO - Setting next_dagrun for process_silver_layer to None, run_after=None
[2026-09-06T07:50:48.953+0000] {processor.py:183} INFO - Processing /opt/airflow/dags/silver_processing_dag.py took 0.560 seconds
[2026-09-06T07:51:20.014+0000] {processor.py:161} INFO - Started process (PID=40970) to work on /opt/airflow/dags/silver_processing_dag.py
[2026-09-06T07:51:20.018+0000] {processor.py:830} INFO - Processing file /opt/airflow/dags/silver_processing_dag.py for tasks to queue
[2026-09-06T07:51:20.031+0000] {logging_mixin.py:188} INFO - [2026-09-06T07:51:20.029+0000] {dagbag.py:545} INFO - Filling up the DagBag from /opt/airflow/dags/silver_processing_dag.py
[2026-09-06T07:51:20.140+0000] {processor.py:840} INFO - DAG(s) 'process_silver_layer' retrieved from /opt/airflow/dags/silver_processing_dag.py
[2026-09-06T07:51:20.260+0000] {logging_mixin.py:188} INFO - [2026-09-06T07:51:20.259+0000] {dag.py:3096} INFO - Sync 1 DAGs
[2026-09-06T07:51:20.325+0000] {logging_mixin.py:188} INFO - [2026-09-06T07:51:20.324+0000] {dag.py:3954} INFO - Setting next_dagrun for process_silver_layer to None, run_after=None
[2026-09-06T07:51:20.403+0000] {processor.py:183} INFO - Processing /opt/airflow/dags/silver_processing_dag.py took 0.442 seconds
[2026-09-06T07:51:50.924+0000] {processor.py:161} INFO - Started process (PID=40987) to work on /opt/airflow/dags/silver_processing_dag.py
[2026-09-06T07:51:50.928+0000] {processor.py:830} INFO - Processing file /opt/airflow/dags/silver_processing_dag.py for tasks to queue
[2026-09-06T07:51:50.934+0000] {logging_mixin.py:188} INFO - [2026-09-06T07:51:50.933+0000] {dagbag.py:545} INFO - Filling up the DagBag from /opt/airflow/dags/silver_processing_dag.py
[2026-09-06T07:51:50.981+0000] {processor.py:840} INFO - DAG(s) 'process_silver_layer' retrieved from /opt/airflow/dags/silver_processing_dag.py
[2026-09-06T07:51:51.063+0000] {logging_mixin.py:188} INFO - [2026-09-06T07:51:51.062+0000] {dag.py:3096} INFO - Sync 1 DAGs
[2026-09-06T07:51:51.100+0000] {logging_mixin.py:188} INFO - [2026-09-06T07:51:51.100+0000] {dag.py:3954} INFO - Setting next_dagrun for process_silver_layer to None, run_after=None
[2026-09-06T07:51:51.186+0000] {processor.py:183} INFO - Processing /opt/airflow/dags/silver_processing_dag.py took 0.282 seconds
[2026-09-06T07:52:21.459+0000] {processor.py:161} INFO - Started process (PID=41002) to work on /opt/airflow/dags/silver_processing_dag.py
[2026-09-06T07:52:21.462+0000] {processor.py:830} INFO - Processing file /opt/airflow/dags/silver_processing_dag.py for tasks to queue
[2026-09-06T07:52:21.470+0000] {logging_mixin.py:188} INFO - [2026-09-06T07:52:21.469+0000] {dagbag.py:545} INFO - Filling up the DagBag from /opt/airflow/dags/silver_processing_dag.py
[2026-09-06T07:52:21.522+0000] {processor.py:840} INFO - DAG(s) 'process_silver_layer' retrieved from /opt/airflow/dags/silver_processing_dag.py
[2026-09-06T07:52:21.582+0000] {logging_mixin.py:188} INFO - [2026-09-06T07:52:21.582+0000] {dag.py:3096} INFO - Sync 1 DAGs
[2026-09-06T07:52:21.628+0000] {logging_mixin.py:188} INFO - [2026-09-06T07:52:21.627+0000] {dag.py:3954} INFO - Setting next_dagrun for process_silver_layer to None, run_after=None
[2026-09-06T07:52:21.688+0000] {processor.py:183} INFO - Processing /opt/airflow/dags/silver_processing_dag.py took 0.249 seconds
[2026-09-06T07:52:52.268+0000] {processor.py:161} INFO - Started process (PID=41017) to work on /opt/airflow/dags/silver_processing_dag.py
[2026-09-06T07:52:52.271+0000] {processor.py:830} INFO - Processing file /opt/airflow/dags/silver_processing_dag.py for tasks to queue
[2026-09-06T07:52:52.277+0000] {logging_mixin.py:188} INFO - [2026-09-06T07:52:52.276+0000] {dagbag.py:545} INFO - Filling up the DagBag from /opt/airflow/dags/silver_processing_dag.py
[2026-09-06T07:52:52.347+0000] {processor.py:840} INFO - DAG(s) 'process_silver_layer' retrieved from /opt/airflow/dags/silver_processing_dag.py
[2026-09-06T07:52:52.465+0000] {logging_mixin.py:188} INFO - [2026-09-06T07:52:52.464+0000] {dag.py:3096} INFO - Sync 1 DAGs
[2026-09-06T07:52:52.536+0000] {logging_mixin.py:188} INFO - [2026-09-06T07:52:52.535+0000] {dag.py:3954} INFO - Setting next_dagrun for process_silver_layer to None, run_after=None
[2026-09-06T07:52:52.640+0000] {processor.py:183} INFO - Processing /opt/airflow/dags/silver_processing_dag.py took 0.399 seconds
[2026-09-06T07:53:22.988+0000] {processor.py:161} INFO - Started process (PID=41032) to work on /opt/airflow/dags/silver_processing_dag.py
[2026-09-06T07:53:22.993+0000] {processor.py:830} INFO - Processing file /opt/airflow/dags/silver_processing_dag.py for tasks to queue
[2026-09-06T07:53:23.000+0000] {logging_mixin.py:188} INFO - [2026-09-06T07:53:22.999+0000] {dagbag.py:545} INFO - Filling up the DagBag from /opt/airflow/dags/silver_processing_dag.py
[2026-09-06T07:53:23.056+0000] {processor.py:840} INFO - DAG(s) 'process_silver_layer' retrieved from /opt/airflow/dags/silver_processing_dag.py
[2026-09-06T07:53:23.133+0000] {logging_mixin.py:188} INFO - [2026-09-06T07:53:23.132+0000] {dag.py:3096} INFO - Sync 1 DAGs
[2026-09-06T07:53:23.172+0000] {logging_mixin.py:188} INFO - [2026-09-06T07:53:23.172+0000] {dag.py:3954} INFO - Setting next_dagrun for process_silver_layer to None, run_after=None
[2026-09-06T07:53:23.266+0000] {processor.py:183} INFO - Processing /opt/airflow/dags/silver_processing_dag.py took 0.303 seconds
[2026-09-06T07:53:53.563+0000] {processor.py:161} INFO - Started process (PID=41047) to work on /opt/airflow/dags/silver_processing_dag.py
[2026-09-06T07:53:53.565+0000] {processor.py:830} INFO - Processing file /opt/airflow/dags/silver_processing_dag.py for tasks to queue
[2026-09-06T07:53:53.572+0000] {logging_mixin.py:188} INFO - [2026-09-06T07:53:53.571+0000] {dagbag.py:545} INFO - Filling up the DagBag from /opt/airflow/dags/silver_processing_dag.py
[2026-09-06T07:53:53.621+0000] {processor.py:840} INFO - DAG(s) 'process_silver_layer' retrieved from /opt/airflow/dags/silver_processing_dag.py
[2026-09-06T07:53:53.688+0000] {logging_mixin.py:188} INFO - [2026-09-06T07:53:53.688+0000] {dag.py:3096} INFO - Sync 1 DAGs
[2026-09-06T07:53:53.731+0000] {logging_mixin.py:188} INFO - [2026-09-06T07:53:53.730+0000] {dag.py:3954} INFO - Setting next_dagrun for process_silver_layer to None, run_after=None
[2026-09-06T07:53:53.806+0000] {processor.py:183} INFO - Processing /opt/airflow/dags/silver_processing_dag.py took 0.262 seconds
[2026-09-06T07:54:24.026+0000] {processor.py:161} INFO - Started process (PID=41062) to work on /opt/airflow/dags/silver_processing_dag.py
[2026-09-06T07:54:24.029+0000] {processor.py:830} INFO - Processing file /opt/airflow/dags/silver_processing_dag.py for tasks to queue
[2026-09-06T07:54:24.036+0000] {logging_mixin.py:188} INFO - [2026-09-06T07:54:24.035+0000] {dagbag.py:545} INFO - Filling up the DagBag from /opt/airflow/dags/silver_processing_dag.py
[2026-09-06T07:54:24.090+0000] {processor.py:840} INFO - DAG(s) 'process_silver_layer' retrieved from /opt/airflow/dags/silver_processing_dag.py
[2026-09-06T07:54:24.151+0000] {logging_mixin.py:188} INFO - [2026-09-06T07:54:24.151+0000] {dag.py:3096} INFO - Sync 1 DAGs
[2026-09-06T07:54:24.186+0000] {logging_mixin.py:188} INFO - [2026-09-06T07:54:24.186+0000] {dag.py:3954} INFO - Setting next_dagrun for process_silver_layer to None, run_after=None
[2026-09-06T07:54:24.311+0000] {processor.py:183} INFO - Processing /opt/airflow/dags/silver_processing_dag.py took 0.301 seconds
[2026-09-06T07:54:54.874+0000] {processor.py:161} INFO - Started process (PID=41077) to work on /opt/airflow/dags/silver_processing_dag.py
[2026-09-06T07:54:54.888+0000] {processor.py:830} INFO - Processing file /opt/airflow/dags/silver_processing_dag.py for tasks to queue
[2026-09-06T07:54:54.905+0000] {logging_mixin.py:188} INFO - [2026-09-06T07:54:54.905+0000] {dagbag.py:545} INFO - Filling up the DagBag from /opt/airflow/dags/silver_processing_dag.py
[2026-09-06T07:54:54.973+0000] {processor.py:840} INFO - DAG(s) 'process_silver_layer' retrieved from /opt/airflow/dags/silver_processing_dag.py
[2026-09-06T07:54:55.077+0000] {logging_mixin.py:188} INFO - [2026-09-06T07:54:55.076+0000] {dag.py:3096} INFO - Sync 1 DAGs
[2026-09-06T07:54:55.118+0000] {logging_mixin.py:188} INFO - [2026-09-06T07:54:55.117+0000] {dag.py:3954} INFO - Setting next_dagrun for process_silver_layer to None, run_after=None
[2026-09-06T07:54:55.199+0000] {processor.py:183} INFO - Processing /opt/airflow/dags/silver_processing_dag.py took 0.357 seconds
[2026-09-06T07:55:25.517+0000] {processor.py:161} INFO - Started process (PID=41092) to work on /opt/airflow/dags/silver_processing_dag.py
[2026-09-06T07:55:25.520+0000] {processor.py:830} INFO - Processing file /opt/airflow/dags/silver_processing_dag.py for tasks to queue
[2026-09-06T07:55:25.529+0000] {logging_mixin.py:188} INFO - [2026-09-06T07:55:25.528+0000] {dagbag.py:545} INFO - Filling up the DagBag from /opt/airflow/dags/silver_processing_dag.py
[2026-09-06T07:55:25.586+0000] {processor.py:840} INFO - DAG(s) 'process_silver_layer' retrieved from /opt/airflow/dags/silver_processing_dag.py
[2026-09-06T07:55:25.669+0000] {logging_mixin.py:188} INFO - [2026-09-06T07:55:25.669+0000] {dag.py:3096} INFO - Sync 1 DAGs
[2026-09-06T07:55:25.722+0000] {logging_mixin.py:188} INFO - [2026-09-06T07:55:25.721+0000] {dag.py:3954} INFO - Setting next_dagrun for process_silver_layer to None, run_after=None
[2026-09-06T07:55:25.840+0000] {processor.py:183} INFO - Processing /opt/airflow/dags/silver_processing_dag.py took 0.340 seconds
[2026-09-06T07:55:56.124+0000] {processor.py:161} INFO - Started process (PID=41105) to work on /opt/airflow/dags/silver_processing_dag.py
[2026-09-06T07:55:56.128+0000] {processor.py:830} INFO - Processing file /opt/airflow/dags/silver_processing_dag.py for tasks to queue
[2026-09-06T07:55:56.144+0000] {logging_mixin.py:188} INFO - [2026-09-06T07:55:56.142+0000] {dagbag.py:545} INFO - Filling up the DagBag from /opt/airflow/dags/silver_processing_dag.py
[2026-09-06T07:55:56.234+0000] {processor.py:840} INFO - DAG(s) 'process_silver_layer' retrieved from /opt/airflow/dags/silver_processing_dag.py
[2026-09-06T07:55:56.329+0000] {logging_mixin.py:188} INFO - [2026-09-06T07:55:56.328+0000] {dag.py:3096} INFO - Sync 1 DAGs
[2026-09-06T07:55:56.423+0000] {logging_mixin.py:188} INFO - [2026-09-06T07:55:56.422+0000] {dag.py:3954} INFO - Setting next_dagrun for process_silver_layer to None, run_after=None
[2026-09-06T07:55:56.567+0000] {processor.py:183} INFO - Processing /opt/airflow/dags/silver_processing_dag.py took 0.474 seconds
[2026-09-06T07:56:27.537+0000] {processor.py:161} INFO - Started process (PID=41120) to work on /opt/airflow/dags/silver_processing_dag.py
[2026-09-06T07:56:27.555+0000] {processor.py:830} INFO - Processing file /opt/airflow/dags/silver_processing_dag.py for tasks to queue
[2026-09-06T07:56:27.584+0000] {logging_mixin.py:188} INFO - [2026-09-06T07:56:27.579+0000] {dagbag.py:545} INFO - Filling up the DagBag from /opt/airflow/dags/silver_processing_dag.py
[2026-09-06T07:56:28.140+0000] {processor.py:840} INFO - DAG(s) 'process_silver_layer' retrieved from /opt/airflow/dags/silver_processing_dag.py
[2026-09-06T07:56:28.419+0000] {logging_mixin.py:188} INFO - [2026-09-06T07:56:28.418+0000] {dag.py:3096} INFO - Sync 1 DAGs
[2026-09-06T07:56:28.545+0000] {logging_mixin.py:188} INFO - [2026-09-06T07:56:28.538+0000] {dag.py:3954} INFO - Setting next_dagrun for process_silver_layer to None, run_after=None
[2026-09-06T07:56:28.714+0000] {processor.py:183} INFO - Processing /opt/airflow/dags/silver_processing_dag.py took 1.306 seconds
[2026-09-06T07:56:59.171+0000] {processor.py:161} INFO - Started process (PID=41135) to work on /opt/airflow/dags/silver_processing_dag.py
[2026-09-06T07:56:59.185+0000] {processor.py:830} INFO - Processing file /opt/airflow/dags/silver_processing_dag.py for tasks to queue
[2026-09-06T07:56:59.249+0000] {logging_mixin.py:188} INFO - [2026-09-06T07:56:59.246+0000] {dagbag.py:545} INFO - Filling up the DagBag from /opt/airflow/dags/silver_processing_dag.py
[2026-09-06T07:56:59.440+0000] {processor.py:840} INFO - DAG(s) 'process_silver_layer' retrieved from /opt/airflow/dags/silver_processing_dag.py
[2026-09-06T07:56:59.589+0000] {logging_mixin.py:188} INFO - [2026-09-06T07:56:59.588+0000] {dag.py:3096} INFO - Sync 1 DAGs
[2026-09-06T07:56:59.683+0000] {logging_mixin.py:188} INFO - [2026-09-06T07:56:59.682+0000] {dag.py:3954} INFO - Setting next_dagrun for process_silver_layer to None, run_after=None
[2026-09-06T07:56:59.807+0000] {processor.py:183} INFO - Processing /opt/airflow/dags/silver_processing_dag.py took 0.767 seconds
[2026-09-06T07:57:30.657+0000] {processor.py:161} INFO - Started process (PID=41152) to work on /opt/airflow/dags/silver_processing_dag.py
[2026-09-06T07:57:30.665+0000] {processor.py:830} INFO - Processing file /opt/airflow/dags/silver_processing_dag.py for tasks to queue
[2026-09-06T07:57:30.686+0000] {logging_mixin.py:188} INFO - [2026-09-06T07:57:30.683+0000] {dagbag.py:545} INFO - Filling up the DagBag from /opt/airflow/dags/silver_processing_dag.py
[2026-09-06T07:57:30.787+0000] {processor.py:840} INFO - DAG(s) 'process_silver_layer' retrieved from /opt/airflow/dags/silver_processing_dag.py
[2026-09-06T07:57:30.890+0000] {logging_mixin.py:188} INFO - [2026-09-06T07:57:30.889+0000] {dag.py:3096} INFO - Sync 1 DAGs
[2026-09-06T07:57:30.928+0000] {logging_mixin.py:188} INFO - [2026-09-06T07:57:30.927+0000] {dag.py:3954} INFO - Setting next_dagrun for process_silver_layer to None, run_after=None
[2026-09-06T07:57:31.010+0000] {processor.py:183} INFO - Processing /opt/airflow/dags/silver_processing_dag.py took 0.378 seconds
[2026-09-06T08:00:29.266+0000] {processor.py:161} INFO - Started process (PID=41165) to work on /opt/airflow/dags/silver_processing_dag.py
[2026-09-06T08:00:29.290+0000] {processor.py:830} INFO - Processing file /opt/airflow/dags/silver_processing_dag.py for tasks to queue
[2026-09-06T08:00:29.317+0000] {logging_mixin.py:188} INFO - [2026-09-06T08:00:29.315+0000] {dagbag.py:545} INFO - Filling up the DagBag from /opt/airflow/dags/silver_processing_dag.py
[2026-09-06T08:00:29.863+0000] {processor.py:840} INFO - DAG(s) 'process_silver_layer' retrieved from /opt/airflow/dags/silver_processing_dag.py
[2026-09-06T08:00:30.121+0000] {logging_mixin.py:188} INFO - [2026-09-06T08:00:30.108+0000] {dag.py:3096} INFO - Sync 1 DAGs
[2026-09-06T08:00:30.328+0000] {logging_mixin.py:188} INFO - [2026-09-06T08:00:30.327+0000] {dag.py:3954} INFO - Setting next_dagrun for process_silver_layer to None, run_after=None
[2026-09-06T08:00:30.557+0000] {processor.py:183} INFO - Processing /opt/airflow/dags/silver_processing_dag.py took 1.341 seconds
[2026-09-06T08:01:15.242+0000] {processor.py:161} INFO - Started process (PID=41184) to work on /opt/airflow/dags/silver_processing_dag.py
[2026-09-06T08:01:15.351+0000] {processor.py:830} INFO - Processing file /opt/airflow/dags/silver_processing_dag.py for tasks to queue
[2026-09-06T08:01:15.874+0000] {logging_mixin.py:188} INFO - [2026-09-06T08:01:15.873+0000] {dagbag.py:545} INFO - Filling up the DagBag from /opt/airflow/dags/silver_processing_dag.py
[2026-09-06T08:01:17.234+0000] {processor.py:840} INFO - DAG(s) 'process_silver_layer' retrieved from /opt/airflow/dags/silver_processing_dag.py
[2026-09-06T08:01:17.896+0000] {logging_mixin.py:188} INFO - [2026-09-06T08:01:17.895+0000] {dag.py:3096} INFO - Sync 1 DAGs
[2026-09-06T08:01:18.246+0000] {logging_mixin.py:188} INFO - [2026-09-06T08:01:18.245+0000] {dag.py:3954} INFO - Setting next_dagrun for process_silver_layer to None, run_after=None
[2026-09-06T08:01:18.712+0000] {processor.py:183} INFO - Processing /opt/airflow/dags/silver_processing_dag.py took 4.039 seconds
[2026-09-06T08:01:49.472+0000] {processor.py:161} INFO - Started process (PID=41210) to work on /opt/airflow/dags/silver_processing_dag.py
[2026-09-06T08:01:49.475+0000] {processor.py:830} INFO - Processing file /opt/airflow/dags/silver_processing_dag.py for tasks to queue
[2026-09-06T08:01:49.487+0000] {logging_mixin.py:188} INFO - [2026-09-06T08:01:49.485+0000] {dagbag.py:545} INFO - Filling up the DagBag from /opt/airflow/dags/silver_processing_dag.py
[2026-09-06T08:01:49.540+0000] {processor.py:840} INFO - DAG(s) 'process_silver_layer' retrieved from /opt/airflow/dags/silver_processing_dag.py
[2026-09-06T08:01:49.614+0000] {logging_mixin.py:188} INFO - [2026-09-06T08:01:49.613+0000] {dag.py:3096} INFO - Sync 1 DAGs
[2026-09-06T08:01:49.654+0000] {logging_mixin.py:188} INFO - [2026-09-06T08:01:49.653+0000] {dag.py:3954} INFO - Setting next_dagrun for process_silver_layer to None, run_after=None
[2026-09-06T08:01:49.744+0000] {processor.py:183} INFO - Processing /opt/airflow/dags/silver_processing_dag.py took 0.294 seconds
[2026-09-06T08:02:20.705+0000] {processor.py:161} INFO - Started process (PID=41378) to work on /opt/airflow/dags/silver_processing_dag.py
[2026-09-06T08:02:20.739+0000] {processor.py:830} INFO - Processing file /opt/airflow/dags/silver_processing_dag.py for tasks to queue
[2026-09-06T08:02:20.789+0000] {logging_mixin.py:188} INFO - [2026-09-06T08:02:20.781+0000] {dagbag.py:545} INFO - Filling up the DagBag from /opt/airflow/dags/silver_processing_dag.py
[2026-09-06T08:02:21.400+0000] {processor.py:840} INFO - DAG(s) 'process_silver_layer' retrieved from /opt/airflow/dags/silver_processing_dag.py
[2026-09-06T08:02:22.480+0000] {logging_mixin.py:188} INFO - [2026-09-06T08:02:22.479+0000] {dag.py:3096} INFO - Sync 1 DAGs
[2026-09-06T08:02:22.839+0000] {logging_mixin.py:188} INFO - [2026-09-06T08:02:22.838+0000] {dag.py:3954} INFO - Setting next_dagrun for process_silver_layer to None, run_after=None
[2026-09-06T08:02:23.149+0000] {processor.py:183} INFO - Processing /opt/airflow/dags/silver_processing_dag.py took 2.614 seconds
[2026-09-06T08:02:54.260+0000] {processor.py:161} INFO - Started process (PID=41448) to work on /opt/airflow/dags/silver_processing_dag.py
[2026-09-06T08:02:54.298+0000] {processor.py:830} INFO - Processing file /opt/airflow/dags/silver_processing_dag.py for tasks to queue
[2026-09-06T08:02:54.348+0000] {logging_mixin.py:188} INFO - [2026-09-06T08:02:54.343+0000] {dagbag.py:545} INFO - Filling up the DagBag from /opt/airflow/dags/silver_processing_dag.py
[2026-09-06T08:02:54.519+0000] {processor.py:840} INFO - DAG(s) 'process_silver_layer' retrieved from /opt/airflow/dags/silver_processing_dag.py
[2026-09-06T08:02:54.748+0000] {logging_mixin.py:188} INFO - [2026-09-06T08:02:54.747+0000] {dag.py:3096} INFO - Sync 1 DAGs
[2026-09-06T08:02:55.084+0000] {logging_mixin.py:188} INFO - [2026-09-06T08:02:55.083+0000] {dag.py:3954} INFO - Setting next_dagrun for process_silver_layer to None, run_after=None
[2026-09-06T08:02:55.173+0000] {processor.py:183} INFO - Processing /opt/airflow/dags/silver_processing_dag.py took 1.066 seconds
[2026-09-06T08:03:25.489+0000] {processor.py:161} INFO - Started process (PID=41587) to work on /opt/airflow/dags/silver_processing_dag.py
[2026-09-06T08:03:25.495+0000] {processor.py:830} INFO - Processing file /opt/airflow/dags/silver_processing_dag.py for tasks to queue
[2026-09-06T08:03:25.514+0000] {logging_mixin.py:188} INFO - [2026-09-06T08:03:25.513+0000] {dagbag.py:545} INFO - Filling up the DagBag from /opt/airflow/dags/silver_processing_dag.py
[2026-09-06T08:03:25.622+0000] {processor.py:840} INFO - DAG(s) 'process_silver_layer' retrieved from /opt/airflow/dags/silver_processing_dag.py
[2026-09-06T08:03:25.705+0000] {logging_mixin.py:188} INFO - [2026-09-06T08:03:25.704+0000] {dag.py:3096} INFO - Sync 1 DAGs
[2026-09-06T08:03:25.790+0000] {logging_mixin.py:188} INFO - [2026-09-06T08:03:25.790+0000] {dag.py:3954} INFO - Setting next_dagrun for process_silver_layer to None, run_after=None
[2026-09-06T08:03:25.894+0000] {processor.py:183} INFO - Processing /opt/airflow/dags/silver_processing_dag.py took 0.436 seconds
[2026-09-06T08:03:56.388+0000] {processor.py:161} INFO - Started process (PID=41655) to work on /opt/airflow/dags/silver_processing_dag.py
[2026-09-06T08:03:56.392+0000] {processor.py:830} INFO - Processing file /opt/airflow/dags/silver_processing_dag.py for tasks to queue
[2026-09-06T08:03:56.413+0000] {logging_mixin.py:188} INFO - [2026-09-06T08:03:56.412+0000] {dagbag.py:545} INFO - Filling up the DagBag from /opt/airflow/dags/silver_processing_dag.py
[2026-09-06T08:03:56.508+0000] {processor.py:840} INFO - DAG(s) 'process_silver_layer' retrieved from /opt/airflow/dags/silver_processing_dag.py
[2026-09-06T08:03:56.615+0000] {logging_mixin.py:188} INFO - [2026-09-06T08:03:56.615+0000] {dag.py:3096} INFO - Sync 1 DAGs
[2026-09-06T08:03:56.693+0000] {logging_mixin.py:188} INFO - [2026-09-06T08:03:56.692+0000] {dag.py:3954} INFO - Setting next_dagrun for process_silver_layer to None, run_after=None
[2026-09-06T08:03:56.785+0000] {processor.py:183} INFO - Processing /opt/airflow/dags/silver_processing_dag.py took 0.441 seconds
[2026-09-06T08:04:26.898+0000] {processor.py:161} INFO - Started process (PID=41678) to work on /opt/airflow/dags/silver_processing_dag.py
[2026-09-06T08:04:26.901+0000] {processor.py:830} INFO - Processing file /opt/airflow/dags/silver_processing_dag.py for tasks to queue
[2026-09-06T08:04:26.909+0000] {logging_mixin.py:188} INFO - [2026-09-06T08:04:26.908+0000] {dagbag.py:545} INFO - Filling up the DagBag from /opt/airflow/dags/silver_processing_dag.py
[2026-09-06T08:04:26.952+0000] {processor.py:840} INFO - DAG(s) 'process_silver_layer' retrieved from /opt/airflow/dags/silver_processing_dag.py
[2026-09-06T08:04:27.000+0000] {logging_mixin.py:188} INFO - [2026-09-06T08:04:27.000+0000] {dag.py:3096} INFO - Sync 1 DAGs
[2026-09-06T08:04:27.038+0000] {logging_mixin.py:188} INFO - [2026-09-06T08:04:27.037+0000] {dag.py:3954} INFO - Setting next_dagrun for process_silver_layer to None, run_after=None
[2026-09-06T08:04:27.089+0000] {processor.py:183} INFO - Processing /opt/airflow/dags/silver_processing_dag.py took 0.210 seconds
[2026-09-06T08:04:57.962+0000] {processor.py:161} INFO - Started process (PID=41695) to work on /opt/airflow/dags/silver_processing_dag.py
[2026-09-06T08:04:57.978+0000] {processor.py:830} INFO - Processing file /opt/airflow/dags/silver_processing_dag.py for tasks to queue
[2026-09-06T08:04:57.997+0000] {logging_mixin.py:188} INFO - [2026-09-06T08:04:57.996+0000] {dagbag.py:545} INFO - Filling up the DagBag from /opt/airflow/dags/silver_processing_dag.py
[2026-09-06T08:04:58.227+0000] {processor.py:840} INFO - DAG(s) 'process_silver_layer' retrieved from /opt/airflow/dags/silver_processing_dag.py
[2026-09-06T08:04:58.424+0000] {logging_mixin.py:188} INFO - [2026-09-06T08:04:58.423+0000] {dag.py:3096} INFO - Sync 1 DAGs
[2026-09-06T08:04:58.571+0000] {logging_mixin.py:188} INFO - [2026-09-06T08:04:58.570+0000] {dag.py:3954} INFO - Setting next_dagrun for process_silver_layer to None, run_after=None
[2026-09-06T08:04:58.940+0000] {processor.py:183} INFO - Processing /opt/airflow/dags/silver_processing_dag.py took 1.037 seconds
[2026-09-06T08:05:29.609+0000] {processor.py:161} INFO - Started process (PID=41713) to work on /opt/airflow/dags/silver_processing_dag.py
[2026-09-06T08:05:29.615+0000] {processor.py:830} INFO - Processing file /opt/airflow/dags/silver_processing_dag.py for tasks to queue
[2026-09-06T08:05:29.624+0000] {logging_mixin.py:188} INFO - [2026-09-06T08:05:29.622+0000] {dagbag.py:545} INFO - Filling up the DagBag from /opt/airflow/dags/silver_processing_dag.py
[2026-09-06T08:05:29.718+0000] {processor.py:840} INFO - DAG(s) 'process_silver_layer' retrieved from /opt/airflow/dags/silver_processing_dag.py
[2026-09-06T08:05:29.822+0000] {logging_mixin.py:188} INFO - [2026-09-06T08:05:29.821+0000] {dag.py:3096} INFO - Sync 1 DAGs
[2026-09-06T08:05:29.895+0000] {logging_mixin.py:188} INFO - [2026-09-06T08:05:29.894+0000] {dag.py:3954} INFO - Setting next_dagrun for process_silver_layer to None, run_after=None
[2026-09-06T08:05:30.116+0000] {processor.py:183} INFO - Processing /opt/airflow/dags/silver_processing_dag.py took 0.537 seconds
[2026-09-06T08:06:01.752+0000] {processor.py:161} INFO - Started process (PID=41732) to work on /opt/airflow/dags/silver_processing_dag.py
[2026-09-06T08:06:01.810+0000] {processor.py:830} INFO - Processing file /opt/airflow/dags/silver_processing_dag.py for tasks to queue
[2026-09-06T08:06:01.881+0000] {logging_mixin.py:188} INFO - [2026-09-06T08:06:01.880+0000] {dagbag.py:545} INFO - Filling up the DagBag from /opt/airflow/dags/silver_processing_dag.py
[2026-09-06T08:06:02.592+0000] {processor.py:840} INFO - DAG(s) 'process_silver_layer' retrieved from /opt/airflow/dags/silver_processing_dag.py
[2026-09-06T08:06:02.809+0000] {logging_mixin.py:188} INFO - [2026-09-06T08:06:02.808+0000] {dag.py:3096} INFO - Sync 1 DAGs
[2026-09-06T08:06:03.012+0000] {logging_mixin.py:188} INFO - [2026-09-06T08:06:03.012+0000] {dag.py:3954} INFO - Setting next_dagrun for process_silver_layer to None, run_after=None
[2026-09-06T08:06:03.252+0000] {processor.py:183} INFO - Processing /opt/airflow/dags/silver_processing_dag.py took 1.526 seconds
[2026-09-06T08:06:34.141+0000] {processor.py:161} INFO - Started process (PID=41822) to work on /opt/airflow/dags/silver_processing_dag.py
[2026-09-06T08:06:34.156+0000] {processor.py:830} INFO - Processing file /opt/airflow/dags/silver_processing_dag.py for tasks to queue
[2026-09-06T08:06:34.164+0000] {logging_mixin.py:188} INFO - [2026-09-06T08:06:34.163+0000] {dagbag.py:545} INFO - Filling up the DagBag from /opt/airflow/dags/silver_processing_dag.py
[2026-09-06T08:06:34.470+0000] {processor.py:840} INFO - DAG(s) 'process_silver_layer' retrieved from /opt/airflow/dags/silver_processing_dag.py
[2026-09-06T08:06:34.750+0000] {logging_mixin.py:188} INFO - [2026-09-06T08:06:34.750+0000] {dag.py:3096} INFO - Sync 1 DAGs
[2026-09-06T08:06:34.931+0000] {logging_mixin.py:188} INFO - [2026-09-06T08:06:34.930+0000] {dag.py:3954} INFO - Setting next_dagrun for process_silver_layer to None, run_after=None
[2026-09-06T08:06:35.063+0000] {processor.py:183} INFO - Processing /opt/airflow/dags/silver_processing_dag.py took 0.954 seconds
[2026-09-06T08:07:05.863+0000] {processor.py:161} INFO - Started process (PID=41850) to work on /opt/airflow/dags/silver_processing_dag.py
[2026-09-06T08:07:05.866+0000] {processor.py:830} INFO - Processing file /opt/airflow/dags/silver_processing_dag.py for tasks to queue
[2026-09-06T08:07:05.878+0000] {logging_mixin.py:188} INFO - [2026-09-06T08:07:05.876+0000] {dagbag.py:545} INFO - Filling up the DagBag from /opt/airflow/dags/silver_processing_dag.py
[2026-09-06T08:07:05.980+0000] {processor.py:840} INFO - DAG(s) 'process_silver_layer' retrieved from /opt/airflow/dags/silver_processing_dag.py
[2026-09-06T08:07:06.063+0000] {logging_mixin.py:188} INFO - [2026-09-06T08:07:06.062+0000] {dag.py:3096} INFO - Sync 1 DAGs
[2026-09-06T08:07:06.111+0000] {logging_mixin.py:188} INFO - [2026-09-06T08:07:06.111+0000] {dag.py:3954} INFO - Setting next_dagrun for process_silver_layer to None, run_after=None
[2026-09-06T08:07:06.219+0000] {processor.py:183} INFO - Processing /opt/airflow/dags/silver_processing_dag.py took 0.390 seconds
[2026-09-06T08:07:36.395+0000] {processor.py:161} INFO - Started process (PID=41868) to work on /opt/airflow/dags/silver_processing_dag.py
[2026-09-06T08:07:36.399+0000] {processor.py:830} INFO - Processing file /opt/airflow/dags/silver_processing_dag.py for tasks to queue
[2026-09-06T08:07:36.405+0000] {logging_mixin.py:188} INFO - [2026-09-06T08:07:36.404+0000] {dagbag.py:545} INFO - Filling up the DagBag from /opt/airflow/dags/silver_processing_dag.py
[2026-09-06T08:07:36.459+0000] {processor.py:840} INFO - DAG(s) 'process_silver_layer' retrieved from /opt/airflow/dags/silver_processing_dag.py
[2026-09-06T08:07:36.512+0000] {logging_mixin.py:188} INFO - [2026-09-06T08:07:36.512+0000] {dag.py:3096} INFO - Sync 1 DAGs
[2026-09-06T08:07:36.547+0000] {logging_mixin.py:188} INFO - [2026-09-06T08:07:36.547+0000] {dag.py:3954} INFO - Setting next_dagrun for process_silver_layer to None, run_after=None
[2026-09-06T08:07:36.647+0000] {processor.py:183} INFO - Processing /opt/airflow/dags/silver_processing_dag.py took 0.273 seconds
[2026-09-06T08:08:07.162+0000] {processor.py:161} INFO - Started process (PID=41888) to work on /opt/airflow/dags/silver_processing_dag.py
[2026-09-06T08:08:07.174+0000] {processor.py:830} INFO - Processing file /opt/airflow/dags/silver_processing_dag.py for tasks to queue
[2026-09-06T08:08:07.193+0000] {logging_mixin.py:188} INFO - [2026-09-06T08:08:07.191+0000] {dagbag.py:545} INFO - Filling up the DagBag from /opt/airflow/dags/silver_processing_dag.py
[2026-09-06T08:08:07.559+0000] {processor.py:840} INFO - DAG(s) 'process_silver_layer' retrieved from /opt/airflow/dags/silver_processing_dag.py
[2026-09-06T08:08:07.690+0000] {logging_mixin.py:188} INFO - [2026-09-06T08:08:07.689+0000] {dag.py:3096} INFO - Sync 1 DAGs
[2026-09-06T08:08:07.866+0000] {logging_mixin.py:188} INFO - [2026-09-06T08:08:07.865+0000] {dag.py:3954} INFO - Setting next_dagrun for process_silver_layer to None, run_after=None
[2026-09-06T08:08:08.149+0000] {processor.py:183} INFO - Processing /opt/airflow/dags/silver_processing_dag.py took 1.026 seconds
[2026-09-06T08:08:38.950+0000] {processor.py:161} INFO - Started process (PID=41925) to work on /opt/airflow/dags/silver_processing_dag.py
[2026-09-06T08:08:38.953+0000] {processor.py:830} INFO - Processing file /opt/airflow/dags/silver_processing_dag.py for tasks to queue
[2026-09-06T08:08:38.962+0000] {logging_mixin.py:188} INFO - [2026-09-06T08:08:38.960+0000] {dagbag.py:545} INFO - Filling up the DagBag from /opt/airflow/dags/silver_processing_dag.py
[2026-09-06T08:08:39.049+0000] {processor.py:840} INFO - DAG(s) 'process_silver_layer' retrieved from /opt/airflow/dags/silver_processing_dag.py
[2026-09-06T08:08:39.205+0000] {logging_mixin.py:188} INFO - [2026-09-06T08:08:39.205+0000] {dag.py:3096} INFO - Sync 1 DAGs
[2026-09-06T08:08:39.385+0000] {logging_mixin.py:188} INFO - [2026-09-06T08:08:39.384+0000] {dag.py:3954} INFO - Setting next_dagrun for process_silver_layer to None, run_after=None
[2026-09-06T08:08:40.626+0000] {processor.py:183} INFO - Processing /opt/airflow/dags/silver_processing_dag.py took 1.706 seconds
[2026-09-06T08:09:10.980+0000] {processor.py:161} INFO - Started process (PID=42022) to work on /opt/airflow/dags/silver_processing_dag.py
[2026-09-06T08:09:10.985+0000] {processor.py:830} INFO - Processing file /opt/airflow/dags/silver_processing_dag.py for tasks to queue
[2026-09-06T08:09:11.002+0000] {logging_mixin.py:188} INFO - [2026-09-06T08:09:10.999+0000] {dagbag.py:545} INFO - Filling up the DagBag from /opt/airflow/dags/silver_processing_dag.py
[2026-09-06T08:09:11.141+0000] {processor.py:840} INFO - DAG(s) 'process_silver_layer' retrieved from /opt/airflow/dags/silver_processing_dag.py
[2026-09-06T08:09:11.218+0000] {logging_mixin.py:188} INFO - [2026-09-06T08:09:11.217+0000] {dag.py:3096} INFO - Sync 1 DAGs
[2026-09-06T08:09:11.286+0000] {logging_mixin.py:188} INFO - [2026-09-06T08:09:11.285+0000] {dag.py:3954} INFO - Setting next_dagrun for process_silver_layer to None, run_after=None
[2026-09-06T08:09:11.378+0000] {processor.py:183} INFO - Processing /opt/airflow/dags/silver_processing_dag.py took 0.440 seconds
[2026-09-06T08:09:41.772+0000] {processor.py:161} INFO - Started process (PID=42106) to work on /opt/airflow/dags/silver_processing_dag.py
[2026-09-06T08:09:41.788+0000] {processor.py:830} INFO - Processing file /opt/airflow/dags/silver_processing_dag.py for tasks to queue
[2026-09-06T08:09:41.828+0000] {logging_mixin.py:188} INFO - [2026-09-06T08:09:41.827+0000] {dagbag.py:545} INFO - Filling up the DagBag from /opt/airflow/dags/silver_processing_dag.py
[2026-09-06T08:09:41.982+0000] {processor.py:840} INFO - DAG(s) 'process_silver_layer' retrieved from /opt/airflow/dags/silver_processing_dag.py
[2026-09-06T08:09:42.150+0000] {logging_mixin.py:188} INFO - [2026-09-06T08:09:42.149+0000] {dag.py:3096} INFO - Sync 1 DAGs
[2026-09-06T08:09:42.269+0000] {logging_mixin.py:188} INFO - [2026-09-06T08:09:42.269+0000] {dag.py:3954} INFO - Setting next_dagrun for process_silver_layer to None, run_after=None
[2026-09-06T08:09:42.463+0000] {processor.py:183} INFO - Processing /opt/airflow/dags/silver_processing_dag.py took 0.755 seconds
[2026-09-06T08:10:12.722+0000] {processor.py:161} INFO - Started process (PID=42745) to work on /opt/airflow/dags/silver_processing_dag.py
[2026-09-06T08:10:12.727+0000] {processor.py:830} INFO - Processing file /opt/airflow/dags/silver_processing_dag.py for tasks to queue
[2026-09-06T08:10:12.734+0000] {logging_mixin.py:188} INFO - [2026-09-06T08:10:12.733+0000] {dagbag.py:545} INFO - Filling up the DagBag from /opt/airflow/dags/silver_processing_dag.py
[2026-09-06T08:10:12.829+0000] {processor.py:840} INFO - DAG(s) 'process_silver_layer' retrieved from /opt/airflow/dags/silver_processing_dag.py
[2026-09-06T08:10:12.914+0000] {logging_mixin.py:188} INFO - [2026-09-06T08:10:12.913+0000] {dag.py:3096} INFO - Sync 1 DAGs
[2026-09-06T08:10:12.954+0000] {logging_mixin.py:188} INFO - [2026-09-06T08:10:12.954+0000] {dag.py:3954} INFO - Setting next_dagrun for process_silver_layer to None, run_after=None
[2026-09-06T08:10:13.003+0000] {processor.py:183} INFO - Processing /opt/airflow/dags/silver_processing_dag.py took 0.308 seconds
[2026-09-06T08:10:43.299+0000] {processor.py:161} INFO - Started process (PID=42833) to work on /opt/airflow/dags/silver_processing_dag.py
[2026-09-06T08:10:43.312+0000] {processor.py:830} INFO - Processing file /opt/airflow/dags/silver_processing_dag.py for tasks to queue
[2026-09-06T08:10:43.332+0000] {logging_mixin.py:188} INFO - [2026-09-06T08:10:43.331+0000] {dagbag.py:545} INFO - Filling up the DagBag from /opt/airflow/dags/silver_processing_dag.py
[2026-09-06T08:10:43.440+0000] {processor.py:840} INFO - DAG(s) 'process_silver_layer' retrieved from /opt/airflow/dags/silver_processing_dag.py
[2026-09-06T08:10:43.572+0000] {logging_mixin.py:188} INFO - [2026-09-06T08:10:43.572+0000] {dag.py:3096} INFO - Sync 1 DAGs
[2026-09-06T08:10:43.725+0000] {logging_mixin.py:188} INFO - [2026-09-06T08:10:43.724+0000] {dag.py:3954} INFO - Setting next_dagrun for process_silver_layer to None, run_after=None
[2026-09-06T08:10:43.879+0000] {processor.py:183} INFO - Processing /opt/airflow/dags/silver_processing_dag.py took 0.668 seconds
[2026-09-06T08:11:14.715+0000] {processor.py:161} INFO - Started process (PID=42910) to work on /opt/airflow/dags/silver_processing_dag.py
[2026-09-06T08:11:14.719+0000] {processor.py:830} INFO - Processing file /opt/airflow/dags/silver_processing_dag.py for tasks to queue
[2026-09-06T08:11:14.726+0000] {logging_mixin.py:188} INFO - [2026-09-06T08:11:14.724+0000] {dagbag.py:545} INFO - Filling up the DagBag from /opt/airflow/dags/silver_processing_dag.py
[2026-09-06T08:11:14.796+0000] {processor.py:840} INFO - DAG(s) 'process_silver_layer' retrieved from /opt/airflow/dags/silver_processing_dag.py
[2026-09-06T08:11:14.908+0000] {logging_mixin.py:188} INFO - [2026-09-06T08:11:14.907+0000] {dag.py:3096} INFO - Sync 1 DAGs
[2026-09-06T08:11:14.993+0000] {logging_mixin.py:188} INFO - [2026-09-06T08:11:14.993+0000] {dag.py:3954} INFO - Setting next_dagrun for process_silver_layer to None, run_after=None
[2026-09-06T08:11:15.110+0000] {processor.py:183} INFO - Processing /opt/airflow/dags/silver_processing_dag.py took 0.418 seconds
[2026-09-06T08:11:45.629+0000] {processor.py:161} INFO - Started process (PID=43000) to work on /opt/airflow/dags/silver_processing_dag.py
[2026-09-06T08:11:45.632+0000] {processor.py:830} INFO - Processing file /opt/airflow/dags/silver_processing_dag.py for tasks to queue
[2026-09-06T08:11:45.649+0000] {logging_mixin.py:188} INFO - [2026-09-06T08:11:45.647+0000] {dagbag.py:545} INFO - Filling up the DagBag from /opt/airflow/dags/silver_processing_dag.py
[2026-09-06T08:11:45.737+0000] {processor.py:840} INFO - DAG(s) 'process_silver_layer' retrieved from /opt/airflow/dags/silver_processing_dag.py
[2026-09-06T08:11:45.831+0000] {logging_mixin.py:188} INFO - [2026-09-06T08:11:45.830+0000] {dag.py:3096} INFO - Sync 1 DAGs
[2026-09-06T08:11:45.892+0000] {logging_mixin.py:188} INFO - [2026-09-06T08:11:45.891+0000] {dag.py:3954} INFO - Setting next_dagrun for process_silver_layer to None, run_after=None
[2026-09-06T08:11:45.965+0000] {processor.py:183} INFO - Processing /opt/airflow/dags/silver_processing_dag.py took 0.359 seconds
[2026-09-06T08:12:16.581+0000] {processor.py:161} INFO - Started process (PID=43049) to work on /opt/airflow/dags/silver_processing_dag.py
[2026-09-06T08:12:16.584+0000] {processor.py:830} INFO - Processing file /opt/airflow/dags/silver_processing_dag.py for tasks to queue
[2026-09-06T08:12:16.591+0000] {logging_mixin.py:188} INFO - [2026-09-06T08:12:16.590+0000] {dagbag.py:545} INFO - Filling up the DagBag from /opt/airflow/dags/silver_processing_dag.py
[2026-09-06T08:12:16.644+0000] {processor.py:840} INFO - DAG(s) 'process_silver_layer' retrieved from /opt/airflow/dags/silver_processing_dag.py
[2026-09-06T08:12:16.730+0000] {logging_mixin.py:188} INFO - [2026-09-06T08:12:16.730+0000] {dag.py:3096} INFO - Sync 1 DAGs
[2026-09-06T08:12:16.827+0000] {logging_mixin.py:188} INFO - [2026-09-06T08:12:16.826+0000] {dag.py:3954} INFO - Setting next_dagrun for process_silver_layer to None, run_after=None
[2026-09-06T08:12:17.006+0000] {processor.py:183} INFO - Processing /opt/airflow/dags/silver_processing_dag.py took 0.446 seconds
[2026-09-06T08:12:47.492+0000] {processor.py:161} INFO - Started process (PID=43064) to work on /opt/airflow/dags/silver_processing_dag.py
[2026-09-06T08:12:47.495+0000] {processor.py:830} INFO - Processing file /opt/airflow/dags/silver_processing_dag.py for tasks to queue
[2026-09-06T08:12:47.503+0000] {logging_mixin.py:188} INFO - [2026-09-06T08:12:47.502+0000] {dagbag.py:545} INFO - Filling up the DagBag from /opt/airflow/dags/silver_processing_dag.py
[2026-09-06T08:12:47.563+0000] {processor.py:840} INFO - DAG(s) 'process_silver_layer' retrieved from /opt/airflow/dags/silver_processing_dag.py
[2026-09-06T08:12:47.642+0000] {logging_mixin.py:188} INFO - [2026-09-06T08:12:47.641+0000] {dag.py:3096} INFO - Sync 1 DAGs
[2026-09-06T08:12:47.724+0000] {logging_mixin.py:188} INFO - [2026-09-06T08:12:47.723+0000] {dag.py:3954} INFO - Setting next_dagrun for process_silver_layer to None, run_after=None
[2026-09-06T08:12:47.846+0000] {processor.py:183} INFO - Processing /opt/airflow/dags/silver_processing_dag.py took 0.383 seconds
[2026-09-06T08:13:18.515+0000] {processor.py:161} INFO - Started process (PID=43079) to work on /opt/airflow/dags/silver_processing_dag.py
[2026-09-06T08:13:18.519+0000] {processor.py:830} INFO - Processing file /opt/airflow/dags/silver_processing_dag.py for tasks to queue
[2026-09-06T08:13:18.530+0000] {logging_mixin.py:188} INFO - [2026-09-06T08:13:18.529+0000] {dagbag.py:545} INFO - Filling up the DagBag from /opt/airflow/dags/silver_processing_dag.py
[2026-09-06T08:13:18.593+0000] {processor.py:840} INFO - DAG(s) 'process_silver_layer' retrieved from /opt/airflow/dags/silver_processing_dag.py
[2026-09-06T08:13:18.704+0000] {logging_mixin.py:188} INFO - [2026-09-06T08:13:18.703+0000] {dag.py:3096} INFO - Sync 1 DAGs
[2026-09-06T08:13:18.764+0000] {logging_mixin.py:188} INFO - [2026-09-06T08:13:18.763+0000] {dag.py:3954} INFO - Setting next_dagrun for process_silver_layer to None, run_after=None
[2026-09-06T08:13:18.812+0000] {processor.py:183} INFO - Processing /opt/airflow/dags/silver_processing_dag.py took 0.322 seconds
[2026-09-06T08:13:49.355+0000] {processor.py:161} INFO - Started process (PID=43094) to work on /opt/airflow/dags/silver_processing_dag.py
[2026-09-06T08:13:49.358+0000] {processor.py:830} INFO - Processing file /opt/airflow/dags/silver_processing_dag.py for tasks to queue
[2026-09-06T08:13:49.366+0000] {logging_mixin.py:188} INFO - [2026-09-06T08:13:49.365+0000] {dagbag.py:545} INFO - Filling up the DagBag from /opt/airflow/dags/silver_processing_dag.py
[2026-09-06T08:13:49.440+0000] {processor.py:840} INFO - DAG(s) 'process_silver_layer' retrieved from /opt/airflow/dags/silver_processing_dag.py
[2026-09-06T08:13:49.500+0000] {logging_mixin.py:188} INFO - [2026-09-06T08:13:49.500+0000] {dag.py:3096} INFO - Sync 1 DAGs
[2026-09-06T08:13:49.547+0000] {logging_mixin.py:188} INFO - [2026-09-06T08:13:49.546+0000] {dag.py:3954} INFO - Setting next_dagrun for process_silver_layer to None, run_after=None
[2026-09-06T08:13:49.634+0000] {processor.py:183} INFO - Processing /opt/airflow/dags/silver_processing_dag.py took 0.299 seconds
[2026-09-06T08:14:20.309+0000] {processor.py:161} INFO - Started process (PID=43111) to work on /opt/airflow/dags/silver_processing_dag.py
[2026-09-06T08:14:20.314+0000] {processor.py:830} INFO - Processing file /opt/airflow/dags/silver_processing_dag.py for tasks to queue
[2026-09-06T08:14:20.322+0000] {logging_mixin.py:188} INFO - [2026-09-06T08:14:20.321+0000] {dagbag.py:545} INFO - Filling up the DagBag from /opt/airflow/dags/silver_processing_dag.py
[2026-09-06T08:14:20.380+0000] {processor.py:840} INFO - DAG(s) 'process_silver_layer' retrieved from /opt/airflow/dags/silver_processing_dag.py
[2026-09-06T08:14:20.449+0000] {logging_mixin.py:188} INFO - [2026-09-06T08:14:20.448+0000] {dag.py:3096} INFO - Sync 1 DAGs
[2026-09-06T08:14:20.494+0000] {logging_mixin.py:188} INFO - [2026-09-06T08:14:20.493+0000] {dag.py:3954} INFO - Setting next_dagrun for process_silver_layer to None, run_after=None
[2026-09-06T08:14:20.567+0000] {processor.py:183} INFO - Processing /opt/airflow/dags/silver_processing_dag.py took 0.281 seconds
[2026-09-06T08:14:51.240+0000] {processor.py:161} INFO - Started process (PID=43124) to work on /opt/airflow/dags/silver_processing_dag.py
[2026-09-06T08:14:51.286+0000] {processor.py:830} INFO - Processing file /opt/airflow/dags/silver_processing_dag.py for tasks to queue
[2026-09-06T08:14:51.389+0000] {logging_mixin.py:188} INFO - [2026-09-06T08:14:51.373+0000] {dagbag.py:545} INFO - Filling up the DagBag from /opt/airflow/dags/silver_processing_dag.py
[2026-09-06T08:14:51.883+0000] {processor.py:840} INFO - DAG(s) 'process_silver_layer' retrieved from /opt/airflow/dags/silver_processing_dag.py
[2026-09-06T08:14:52.103+0000] {logging_mixin.py:188} INFO - [2026-09-06T08:14:52.102+0000] {dag.py:3096} INFO - Sync 1 DAGs
[2026-09-06T08:14:52.175+0000] {logging_mixin.py:188} INFO - [2026-09-06T08:14:52.174+0000] {dag.py:3954} INFO - Setting next_dagrun for process_silver_layer to None, run_after=None
[2026-09-06T08:14:52.239+0000] {processor.py:183} INFO - Processing /opt/airflow/dags/silver_processing_dag.py took 1.289 seconds
[2026-09-06T08:15:23.284+0000] {processor.py:161} INFO - Started process (PID=43139) to work on /opt/airflow/dags/silver_processing_dag.py
[2026-09-06T08:15:23.307+0000] {processor.py:830} INFO - Processing file /opt/airflow/dags/silver_processing_dag.py for tasks to queue
[2026-09-06T08:15:23.326+0000] {logging_mixin.py:188} INFO - [2026-09-06T08:15:23.325+0000] {dagbag.py:545} INFO - Filling up the DagBag from /opt/airflow/dags/silver_processing_dag.py
[2026-09-06T08:15:23.693+0000] {processor.py:840} INFO - DAG(s) 'process_silver_layer' retrieved from /opt/airflow/dags/silver_processing_dag.py
[2026-09-06T08:15:23.810+0000] {logging_mixin.py:188} INFO - [2026-09-06T08:15:23.809+0000] {dag.py:3096} INFO - Sync 1 DAGs
[2026-09-06T08:15:23.932+0000] {logging_mixin.py:188} INFO - [2026-09-06T08:15:23.931+0000] {dag.py:3954} INFO - Setting next_dagrun for process_silver_layer to None, run_after=None
[2026-09-06T08:15:24.055+0000] {processor.py:183} INFO - Processing /opt/airflow/dags/silver_processing_dag.py took 0.811 seconds
[2026-09-06T08:15:54.463+0000] {processor.py:161} INFO - Started process (PID=43156) to work on /opt/airflow/dags/silver_processing_dag.py
[2026-09-06T08:15:54.466+0000] {processor.py:830} INFO - Processing file /opt/airflow/dags/silver_processing_dag.py for tasks to queue
[2026-09-06T08:15:54.471+0000] {logging_mixin.py:188} INFO - [2026-09-06T08:15:54.470+0000] {dagbag.py:545} INFO - Filling up the DagBag from /opt/airflow/dags/silver_processing_dag.py
[2026-09-06T08:15:54.516+0000] {processor.py:840} INFO - DAG(s) 'process_silver_layer' retrieved from /opt/airflow/dags/silver_processing_dag.py
[2026-09-06T08:15:54.569+0000] {logging_mixin.py:188} INFO - [2026-09-06T08:15:54.568+0000] {dag.py:3096} INFO - Sync 1 DAGs
[2026-09-06T08:15:54.603+0000] {logging_mixin.py:188} INFO - [2026-09-06T08:15:54.603+0000] {dag.py:3954} INFO - Setting next_dagrun for process_silver_layer to None, run_after=None
[2026-09-06T08:15:54.656+0000] {processor.py:183} INFO - Processing /opt/airflow/dags/silver_processing_dag.py took 0.210 seconds
[2026-09-06T08:16:25.197+0000] {processor.py:161} INFO - Started process (PID=43171) to work on /opt/airflow/dags/silver_processing_dag.py
[2026-09-06T08:16:25.200+0000] {processor.py:830} INFO - Processing file /opt/airflow/dags/silver_processing_dag.py for tasks to queue
[2026-09-06T08:16:25.207+0000] {logging_mixin.py:188} INFO - [2026-09-06T08:16:25.206+0000] {dagbag.py:545} INFO - Filling up the DagBag from /opt/airflow/dags/silver_processing_dag.py
[2026-09-06T08:16:25.622+0000] {processor.py:840} INFO - DAG(s) 'process_silver_layer' retrieved from /opt/airflow/dags/silver_processing_dag.py
[2026-09-06T08:16:26.149+0000] {logging_mixin.py:188} INFO - [2026-09-06T08:16:26.147+0000] {dag.py:3096} INFO - Sync 1 DAGs
[2026-09-06T08:16:26.381+0000] {logging_mixin.py:188} INFO - [2026-09-06T08:16:26.381+0000] {dag.py:3954} INFO - Setting next_dagrun for process_silver_layer to None, run_after=None
[2026-09-06T08:16:26.549+0000] {processor.py:183} INFO - Processing /opt/airflow/dags/silver_processing_dag.py took 1.463 seconds
[2026-09-06T08:16:57.050+0000] {processor.py:161} INFO - Started process (PID=43186) to work on /opt/airflow/dags/silver_processing_dag.py
[2026-09-06T08:16:57.053+0000] {processor.py:830} INFO - Processing file /opt/airflow/dags/silver_processing_dag.py for tasks to queue
[2026-09-06T08:16:57.059+0000] {logging_mixin.py:188} INFO - [2026-09-06T08:16:57.058+0000] {dagbag.py:545} INFO - Filling up the DagBag from /opt/airflow/dags/silver_processing_dag.py
[2026-09-06T08:16:57.117+0000] {processor.py:840} INFO - DAG(s) 'process_silver_layer' retrieved from /opt/airflow/dags/silver_processing_dag.py
[2026-09-06T08:16:57.205+0000] {logging_mixin.py:188} INFO - [2026-09-06T08:16:57.205+0000] {dag.py:3096} INFO - Sync 1 DAGs
[2026-09-06T08:16:57.278+0000] {logging_mixin.py:188} INFO - [2026-09-06T08:16:57.278+0000] {dag.py:3954} INFO - Setting next_dagrun for process_silver_layer to None, run_after=None
[2026-09-06T08:16:57.394+0000] {processor.py:183} INFO - Processing /opt/airflow/dags/silver_processing_dag.py took 0.361 seconds
[2026-09-06T08:17:28.150+0000] {processor.py:161} INFO - Started process (PID=43201) to work on /opt/airflow/dags/silver_processing_dag.py
[2026-09-06T08:17:28.153+0000] {processor.py:830} INFO - Processing file /opt/airflow/dags/silver_processing_dag.py for tasks to queue
[2026-09-06T08:17:28.175+0000] {logging_mixin.py:188} INFO - [2026-09-06T08:17:28.174+0000] {dagbag.py:545} INFO - Filling up the DagBag from /opt/airflow/dags/silver_processing_dag.py
[2026-09-06T08:17:28.315+0000] {processor.py:840} INFO - DAG(s) 'process_silver_layer' retrieved from /opt/airflow/dags/silver_processing_dag.py
[2026-09-06T08:17:28.410+0000] {logging_mixin.py:188} INFO - [2026-09-06T08:17:28.408+0000] {dag.py:3096} INFO - Sync 1 DAGs
[2026-09-06T08:17:28.486+0000] {logging_mixin.py:188} INFO - [2026-09-06T08:17:28.486+0000] {dag.py:3954} INFO - Setting next_dagrun for process_silver_layer to None, run_after=None
[2026-09-06T08:17:28.638+0000] {processor.py:183} INFO - Processing /opt/airflow/dags/silver_processing_dag.py took 0.515 seconds
[2026-09-06T08:17:58.837+0000] {processor.py:161} INFO - Started process (PID=43216) to work on /opt/airflow/dags/silver_processing_dag.py
[2026-09-06T08:17:58.839+0000] {processor.py:830} INFO - Processing file /opt/airflow/dags/silver_processing_dag.py for tasks to queue
[2026-09-06T08:17:58.853+0000] {logging_mixin.py:188} INFO - [2026-09-06T08:17:58.852+0000] {dagbag.py:545} INFO - Filling up the DagBag from /opt/airflow/dags/silver_processing_dag.py
[2026-09-06T08:17:58.900+0000] {processor.py:840} INFO - DAG(s) 'process_silver_layer' retrieved from /opt/airflow/dags/silver_processing_dag.py
[2026-09-06T08:17:59.073+0000] {logging_mixin.py:188} INFO - [2026-09-06T08:17:59.072+0000] {dag.py:3096} INFO - Sync 1 DAGs
[2026-09-06T08:17:59.155+0000] {logging_mixin.py:188} INFO - [2026-09-06T08:17:59.154+0000] {dag.py:3954} INFO - Setting next_dagrun for process_silver_layer to None, run_after=None
[2026-09-06T08:17:59.206+0000] {processor.py:183} INFO - Processing /opt/airflow/dags/silver_processing_dag.py took 0.389 seconds
[2026-09-06T08:18:29.637+0000] {processor.py:161} INFO - Started process (PID=43231) to work on /opt/airflow/dags/silver_processing_dag.py
[2026-09-06T08:18:29.640+0000] {processor.py:830} INFO - Processing file /opt/airflow/dags/silver_processing_dag.py for tasks to queue
[2026-09-06T08:18:29.646+0000] {logging_mixin.py:188} INFO - [2026-09-06T08:18:29.645+0000] {dagbag.py:545} INFO - Filling up the DagBag from /opt/airflow/dags/silver_processing_dag.py
[2026-09-06T08:18:29.689+0000] {processor.py:840} INFO - DAG(s) 'process_silver_layer' retrieved from /opt/airflow/dags/silver_processing_dag.py
[2026-09-06T08:18:29.753+0000] {logging_mixin.py:188} INFO - [2026-09-06T08:18:29.751+0000] {dag.py:3096} INFO - Sync 1 DAGs
[2026-09-06T08:18:29.784+0000] {logging_mixin.py:188} INFO - [2026-09-06T08:18:29.783+0000] {dag.py:3954} INFO - Setting next_dagrun for process_silver_layer to None, run_after=None
[2026-09-06T08:18:29.837+0000] {processor.py:183} INFO - Processing /opt/airflow/dags/silver_processing_dag.py took 0.217 seconds
[2026-09-06T08:18:59.981+0000] {processor.py:161} INFO - Started process (PID=43246) to work on /opt/airflow/dags/silver_processing_dag.py
[2026-09-06T08:18:59.985+0000] {processor.py:830} INFO - Processing file /opt/airflow/dags/silver_processing_dag.py for tasks to queue
[2026-09-06T08:19:00.000+0000] {logging_mixin.py:188} INFO - [2026-09-06T08:19:00.000+0000] {dagbag.py:545} INFO - Filling up the DagBag from /opt/airflow/dags/silver_processing_dag.py
[2026-09-06T08:19:00.134+0000] {processor.py:840} INFO - DAG(s) 'process_silver_layer' retrieved from /opt/airflow/dags/silver_processing_dag.py
[2026-09-06T08:19:00.221+0000] {logging_mixin.py:188} INFO - [2026-09-06T08:19:00.220+0000] {dag.py:3096} INFO - Sync 1 DAGs
[2026-09-06T08:19:00.262+0000] {logging_mixin.py:188} INFO - [2026-09-06T08:19:00.261+0000] {dag.py:3954} INFO - Setting next_dagrun for process_silver_layer to None, run_after=None
[2026-09-06T08:19:00.310+0000] {processor.py:183} INFO - Processing /opt/airflow/dags/silver_processing_dag.py took 0.372 seconds
[2026-09-06T08:19:30.537+0000] {processor.py:161} INFO - Started process (PID=43261) to work on /opt/airflow/dags/silver_processing_dag.py
[2026-09-06T08:19:30.543+0000] {processor.py:830} INFO - Processing file /opt/airflow/dags/silver_processing_dag.py for tasks to queue
[2026-09-06T08:19:30.549+0000] {logging_mixin.py:188} INFO - [2026-09-06T08:19:30.548+0000] {dagbag.py:545} INFO - Filling up the DagBag from /opt/airflow/dags/silver_processing_dag.py
[2026-09-06T08:19:30.607+0000] {processor.py:840} INFO - DAG(s) 'process_silver_layer' retrieved from /opt/airflow/dags/silver_processing_dag.py
[2026-09-06T08:19:30.674+0000] {logging_mixin.py:188} INFO - [2026-09-06T08:19:30.673+0000] {dag.py:3096} INFO - Sync 1 DAGs
[2026-09-06T08:19:30.720+0000] {logging_mixin.py:188} INFO - [2026-09-06T08:19:30.720+0000] {dag.py:3954} INFO - Setting next_dagrun for process_silver_layer to None, run_after=None
[2026-09-06T08:19:30.799+0000] {processor.py:183} INFO - Processing /opt/airflow/dags/silver_processing_dag.py took 0.280 seconds
[2026-09-06T08:20:01.036+0000] {processor.py:161} INFO - Started process (PID=43276) to work on /opt/airflow/dags/silver_processing_dag.py
[2026-09-06T08:20:01.038+0000] {processor.py:830} INFO - Processing file /opt/airflow/dags/silver_processing_dag.py for tasks to queue
[2026-09-06T08:20:01.045+0000] {logging_mixin.py:188} INFO - [2026-09-06T08:20:01.044+0000] {dagbag.py:545} INFO - Filling up the DagBag from /opt/airflow/dags/silver_processing_dag.py
[2026-09-06T08:20:01.105+0000] {processor.py:840} INFO - DAG(s) 'process_silver_layer' retrieved from /opt/airflow/dags/silver_processing_dag.py
[2026-09-06T08:20:01.181+0000] {logging_mixin.py:188} INFO - [2026-09-06T08:20:01.180+0000] {dag.py:3096} INFO - Sync 1 DAGs
[2026-09-06T08:20:01.223+0000] {logging_mixin.py:188} INFO - [2026-09-06T08:20:01.223+0000] {dag.py:3954} INFO - Setting next_dagrun for process_silver_layer to None, run_after=None
[2026-09-06T08:20:01.278+0000] {processor.py:183} INFO - Processing /opt/airflow/dags/silver_processing_dag.py took 0.259 seconds
[2026-09-06T08:20:31.441+0000] {processor.py:161} INFO - Started process (PID=43291) to work on /opt/airflow/dags/silver_processing_dag.py
[2026-09-06T08:20:31.444+0000] {processor.py:830} INFO - Processing file /opt/airflow/dags/silver_processing_dag.py for tasks to queue
[2026-09-06T08:20:31.843+0000] {logging_mixin.py:188} INFO - [2026-09-06T08:20:31.824+0000] {dagbag.py:545} INFO - Filling up the DagBag from /opt/airflow/dags/silver_processing_dag.py
[2026-09-06T08:20:32.152+0000] {processor.py:840} INFO - DAG(s) 'process_silver_layer' retrieved from /opt/airflow/dags/silver_processing_dag.py
[2026-09-06T08:20:32.206+0000] {logging_mixin.py:188} INFO - [2026-09-06T08:20:32.205+0000] {dag.py:3096} INFO - Sync 1 DAGs
[2026-09-06T08:20:32.282+0000] {logging_mixin.py:188} INFO - [2026-09-06T08:20:32.281+0000] {dag.py:3954} INFO - Setting next_dagrun for process_silver_layer to None, run_after=None
[2026-09-06T08:20:32.391+0000] {processor.py:183} INFO - Processing /opt/airflow/dags/silver_processing_dag.py took 0.970 seconds
[2026-09-06T08:21:02.562+0000] {processor.py:161} INFO - Started process (PID=43306) to work on /opt/airflow/dags/silver_processing_dag.py
[2026-09-06T08:21:02.566+0000] {processor.py:830} INFO - Processing file /opt/airflow/dags/silver_processing_dag.py for tasks to queue
[2026-09-06T08:21:02.595+0000] {logging_mixin.py:188} INFO - [2026-09-06T08:21:02.594+0000] {dagbag.py:545} INFO - Filling up the DagBag from /opt/airflow/dags/silver_processing_dag.py
[2026-09-06T08:21:02.800+0000] {processor.py:840} INFO - DAG(s) 'process_silver_layer' retrieved from /opt/airflow/dags/silver_processing_dag.py
[2026-09-06T08:21:02.943+0000] {logging_mixin.py:188} INFO - [2026-09-06T08:21:02.933+0000] {dag.py:3096} INFO - Sync 1 DAGs
[2026-09-06T08:21:03.017+0000] {logging_mixin.py:188} INFO - [2026-09-06T08:21:03.016+0000] {dag.py:3954} INFO - Setting next_dagrun for process_silver_layer to None, run_after=None
[2026-09-06T08:21:03.132+0000] {processor.py:183} INFO - Processing /opt/airflow/dags/silver_processing_dag.py took 0.608 seconds
[2026-09-06T08:21:33.705+0000] {processor.py:161} INFO - Started process (PID=43321) to work on /opt/airflow/dags/silver_processing_dag.py
[2026-09-06T08:21:33.708+0000] {processor.py:830} INFO - Processing file /opt/airflow/dags/silver_processing_dag.py for tasks to queue
[2026-09-06T08:21:33.713+0000] {logging_mixin.py:188} INFO - [2026-09-06T08:21:33.712+0000] {dagbag.py:545} INFO - Filling up the DagBag from /opt/airflow/dags/silver_processing_dag.py
[2026-09-06T08:21:33.758+0000] {processor.py:840} INFO - DAG(s) 'process_silver_layer' retrieved from /opt/airflow/dags/silver_processing_dag.py
[2026-09-06T08:21:33.815+0000] {logging_mixin.py:188} INFO - [2026-09-06T08:21:33.814+0000] {dag.py:3096} INFO - Sync 1 DAGs
[2026-09-06T08:21:33.849+0000] {logging_mixin.py:188} INFO - [2026-09-06T08:21:33.848+0000] {dag.py:3954} INFO - Setting next_dagrun for process_silver_layer to None, run_after=None
[2026-09-06T08:21:33.903+0000] {processor.py:183} INFO - Processing /opt/airflow/dags/silver_processing_dag.py took 0.216 seconds
[2026-09-06T08:22:04.316+0000] {processor.py:161} INFO - Started process (PID=43336) to work on /opt/airflow/dags/silver_processing_dag.py
[2026-09-06T08:22:04.318+0000] {processor.py:830} INFO - Processing file /opt/airflow/dags/silver_processing_dag.py for tasks to queue
[2026-09-06T08:22:04.322+0000] {logging_mixin.py:188} INFO - [2026-09-06T08:22:04.322+0000] {dagbag.py:545} INFO - Filling up the DagBag from /opt/airflow/dags/silver_processing_dag.py
[2026-09-06T08:22:04.366+0000] {processor.py:840} INFO - DAG(s) 'process_silver_layer' retrieved from /opt/airflow/dags/silver_processing_dag.py
[2026-09-06T08:22:04.424+0000] {logging_mixin.py:188} INFO - [2026-09-06T08:22:04.423+0000] {dag.py:3096} INFO - Sync 1 DAGs
[2026-09-06T08:22:04.459+0000] {logging_mixin.py:188} INFO - [2026-09-06T08:22:04.458+0000] {dag.py:3954} INFO - Setting next_dagrun for process_silver_layer to None, run_after=None
[2026-09-06T08:22:04.520+0000] {processor.py:183} INFO - Processing /opt/airflow/dags/silver_processing_dag.py took 0.218 seconds
[2026-09-06T08:22:34.967+0000] {processor.py:161} INFO - Started process (PID=43351) to work on /opt/airflow/dags/silver_processing_dag.py
[2026-09-06T08:22:34.970+0000] {processor.py:830} INFO - Processing file /opt/airflow/dags/silver_processing_dag.py for tasks to queue
[2026-09-06T08:22:34.975+0000] {logging_mixin.py:188} INFO - [2026-09-06T08:22:34.975+0000] {dagbag.py:545} INFO - Filling up the DagBag from /opt/airflow/dags/silver_processing_dag.py
[2026-09-06T08:22:35.017+0000] {processor.py:840} INFO - DAG(s) 'process_silver_layer' retrieved from /opt/airflow/dags/silver_processing_dag.py
[2026-09-06T08:22:35.080+0000] {logging_mixin.py:188} INFO - [2026-09-06T08:22:35.079+0000] {dag.py:3096} INFO - Sync 1 DAGs
[2026-09-06T08:22:35.115+0000] {logging_mixin.py:188} INFO - [2026-09-06T08:22:35.114+0000] {dag.py:3954} INFO - Setting next_dagrun for process_silver_layer to None, run_after=None
[2026-09-06T08:22:35.172+0000] {processor.py:183} INFO - Processing /opt/airflow/dags/silver_processing_dag.py took 0.220 seconds
[2026-09-06T08:23:05.969+0000] {processor.py:161} INFO - Started process (PID=43366) to work on /opt/airflow/dags/silver_processing_dag.py
[2026-09-06T08:23:05.972+0000] {processor.py:830} INFO - Processing file /opt/airflow/dags/silver_processing_dag.py for tasks to queue
[2026-09-06T08:23:05.978+0000] {logging_mixin.py:188} INFO - [2026-09-06T08:23:05.977+0000] {dagbag.py:545} INFO - Filling up the DagBag from /opt/airflow/dags/silver_processing_dag.py
[2026-09-06T08:23:06.045+0000] {processor.py:840} INFO - DAG(s) 'process_silver_layer' retrieved from /opt/airflow/dags/silver_processing_dag.py
[2026-09-06T08:23:06.129+0000] {logging_mixin.py:188} INFO - [2026-09-06T08:23:06.129+0000] {dag.py:3096} INFO - Sync 1 DAGs
[2026-09-06T08:23:06.201+0000] {logging_mixin.py:188} INFO - [2026-09-06T08:23:06.201+0000] {dag.py:3954} INFO - Setting next_dagrun for process_silver_layer to None, run_after=None
[2026-09-06T08:23:06.284+0000] {processor.py:183} INFO - Processing /opt/airflow/dags/silver_processing_dag.py took 0.337 seconds
[2026-09-06T08:23:36.653+0000] {processor.py:161} INFO - Started process (PID=43381) to work on /opt/airflow/dags/silver_processing_dag.py
[2026-09-06T08:23:36.657+0000] {processor.py:830} INFO - Processing file /opt/airflow/dags/silver_processing_dag.py for tasks to queue
[2026-09-06T08:23:36.664+0000] {logging_mixin.py:188} INFO - [2026-09-06T08:23:36.662+0000] {dagbag.py:545} INFO - Filling up the DagBag from /opt/airflow/dags/silver_processing_dag.py
[2026-09-06T08:23:36.729+0000] {processor.py:840} INFO - DAG(s) 'process_silver_layer' retrieved from /opt/airflow/dags/silver_processing_dag.py
[2026-09-06T08:23:36.816+0000] {logging_mixin.py:188} INFO - [2026-09-06T08:23:36.815+0000] {dag.py:3096} INFO - Sync 1 DAGs
[2026-09-06T08:23:36.891+0000] {logging_mixin.py:188} INFO - [2026-09-06T08:23:36.890+0000] {dag.py:3954} INFO - Setting next_dagrun for process_silver_layer to None, run_after=None
[2026-09-06T08:23:36.964+0000] {processor.py:183} INFO - Processing /opt/airflow/dags/silver_processing_dag.py took 0.331 seconds
[2026-09-06T08:24:07.322+0000] {processor.py:161} INFO - Started process (PID=43396) to work on /opt/airflow/dags/silver_processing_dag.py
[2026-09-06T08:24:07.325+0000] {processor.py:830} INFO - Processing file /opt/airflow/dags/silver_processing_dag.py for tasks to queue
[2026-09-06T08:24:07.335+0000] {logging_mixin.py:188} INFO - [2026-09-06T08:24:07.334+0000] {dagbag.py:545} INFO - Filling up the DagBag from /opt/airflow/dags/silver_processing_dag.py
[2026-09-06T08:24:07.382+0000] {processor.py:840} INFO - DAG(s) 'process_silver_layer' retrieved from /opt/airflow/dags/silver_processing_dag.py
[2026-09-06T08:24:07.594+0000] {logging_mixin.py:188} INFO - [2026-09-06T08:24:07.593+0000] {dag.py:3096} INFO - Sync 1 DAGs
[2026-09-06T08:24:07.667+0000] {logging_mixin.py:188} INFO - [2026-09-06T08:24:07.666+0000] {dag.py:3954} INFO - Setting next_dagrun for process_silver_layer to None, run_after=None
[2026-09-06T08:24:07.757+0000] {processor.py:183} INFO - Processing /opt/airflow/dags/silver_processing_dag.py took 0.461 seconds
[2026-09-06T08:24:38.157+0000] {processor.py:161} INFO - Started process (PID=43411) to work on /opt/airflow/dags/silver_processing_dag.py
[2026-09-06T08:24:38.159+0000] {processor.py:830} INFO - Processing file /opt/airflow/dags/silver_processing_dag.py for tasks to queue
[2026-09-06T08:24:38.165+0000] {logging_mixin.py:188} INFO - [2026-09-06T08:24:38.164+0000] {dagbag.py:545} INFO - Filling up the DagBag from /opt/airflow/dags/silver_processing_dag.py
[2026-09-06T08:24:38.223+0000] {processor.py:840} INFO - DAG(s) 'process_silver_layer' retrieved from /opt/airflow/dags/silver_processing_dag.py
[2026-09-06T08:24:38.348+0000] {logging_mixin.py:188} INFO - [2026-09-06T08:24:38.348+0000] {dag.py:3096} INFO - Sync 1 DAGs
[2026-09-06T08:24:38.459+0000] {logging_mixin.py:188} INFO - [2026-09-06T08:24:38.459+0000] {dag.py:3954} INFO - Setting next_dagrun for process_silver_layer to None, run_after=None
[2026-09-06T08:24:38.648+0000] {processor.py:183} INFO - Processing /opt/airflow/dags/silver_processing_dag.py took 0.508 seconds
[2026-09-06T08:25:09.166+0000] {processor.py:161} INFO - Started process (PID=43426) to work on /opt/airflow/dags/silver_processing_dag.py
[2026-09-06T08:25:09.169+0000] {processor.py:830} INFO - Processing file /opt/airflow/dags/silver_processing_dag.py for tasks to queue
[2026-09-06T08:25:09.185+0000] {logging_mixin.py:188} INFO - [2026-09-06T08:25:09.184+0000] {dagbag.py:545} INFO - Filling up the DagBag from /opt/airflow/dags/silver_processing_dag.py
[2026-09-06T08:25:09.284+0000] {processor.py:840} INFO - DAG(s) 'process_silver_layer' retrieved from /opt/airflow/dags/silver_processing_dag.py
[2026-09-06T08:25:09.384+0000] {logging_mixin.py:188} INFO - [2026-09-06T08:25:09.383+0000] {dag.py:3096} INFO - Sync 1 DAGs
[2026-09-06T08:25:09.436+0000] {logging_mixin.py:188} INFO - [2026-09-06T08:25:09.436+0000] {dag.py:3954} INFO - Setting next_dagrun for process_silver_layer to None, run_after=None
[2026-09-06T08:25:09.498+0000] {processor.py:183} INFO - Processing /opt/airflow/dags/silver_processing_dag.py took 0.382 seconds
[2026-09-06T08:25:39.784+0000] {processor.py:161} INFO - Started process (PID=43441) to work on /opt/airflow/dags/silver_processing_dag.py
[2026-09-06T08:25:39.788+0000] {processor.py:830} INFO - Processing file /opt/airflow/dags/silver_processing_dag.py for tasks to queue
[2026-09-06T08:25:39.795+0000] {logging_mixin.py:188} INFO - [2026-09-06T08:25:39.794+0000] {dagbag.py:545} INFO - Filling up the DagBag from /opt/airflow/dags/silver_processing_dag.py
[2026-09-06T08:25:39.864+0000] {processor.py:840} INFO - DAG(s) 'process_silver_layer' retrieved from /opt/airflow/dags/silver_processing_dag.py
[2026-09-06T08:25:40.000+0000] {logging_mixin.py:188} INFO - [2026-09-06T08:25:40.000+0000] {dag.py:3096} INFO - Sync 1 DAGs
[2026-09-06T08:25:40.103+0000] {logging_mixin.py:188} INFO - [2026-09-06T08:25:40.102+0000] {dag.py:3954} INFO - Setting next_dagrun for process_silver_layer to None, run_after=None
[2026-09-06T08:25:40.198+0000] {processor.py:183} INFO - Processing /opt/airflow/dags/silver_processing_dag.py took 0.450 seconds
[2026-09-06T08:26:10.747+0000] {processor.py:161} INFO - Started process (PID=43456) to work on /opt/airflow/dags/silver_processing_dag.py
[2026-09-06T08:26:10.762+0000] {processor.py:830} INFO - Processing file /opt/airflow/dags/silver_processing_dag.py for tasks to queue
[2026-09-06T08:26:10.771+0000] {logging_mixin.py:188} INFO - [2026-09-06T08:26:10.768+0000] {dagbag.py:545} INFO - Filling up the DagBag from /opt/airflow/dags/silver_processing_dag.py
[2026-09-06T08:26:10.843+0000] {processor.py:840} INFO - DAG(s) 'process_silver_layer' retrieved from /opt/airflow/dags/silver_processing_dag.py
[2026-09-06T08:26:10.969+0000] {logging_mixin.py:188} INFO - [2026-09-06T08:26:10.969+0000] {dag.py:3096} INFO - Sync 1 DAGs
[2026-09-06T08:26:11.060+0000] {logging_mixin.py:188} INFO - [2026-09-06T08:26:11.059+0000] {dag.py:3954} INFO - Setting next_dagrun for process_silver_layer to None, run_after=None
[2026-09-06T08:26:11.128+0000] {processor.py:183} INFO - Processing /opt/airflow/dags/silver_processing_dag.py took 0.420 seconds
[2026-09-06T08:26:41.613+0000] {processor.py:161} INFO - Started process (PID=43469) to work on /opt/airflow/dags/silver_processing_dag.py
[2026-09-06T08:26:41.616+0000] {processor.py:830} INFO - Processing file /opt/airflow/dags/silver_processing_dag.py for tasks to queue
[2026-09-06T08:26:41.631+0000] {logging_mixin.py:188} INFO - [2026-09-06T08:26:41.630+0000] {dagbag.py:545} INFO - Filling up the DagBag from /opt/airflow/dags/silver_processing_dag.py
[2026-09-06T08:26:41.701+0000] {processor.py:840} INFO - DAG(s) 'process_silver_layer' retrieved from /opt/airflow/dags/silver_processing_dag.py
[2026-09-06T08:26:41.808+0000] {logging_mixin.py:188} INFO - [2026-09-06T08:26:41.807+0000] {dag.py:3096} INFO - Sync 1 DAGs
[2026-09-06T08:26:41.856+0000] {logging_mixin.py:188} INFO - [2026-09-06T08:26:41.855+0000] {dag.py:3954} INFO - Setting next_dagrun for process_silver_layer to None, run_after=None
[2026-09-06T08:26:41.923+0000] {processor.py:183} INFO - Processing /opt/airflow/dags/silver_processing_dag.py took 0.342 seconds
[2026-09-06T08:27:12.191+0000] {processor.py:161} INFO - Started process (PID=43486) to work on /opt/airflow/dags/silver_processing_dag.py
[2026-09-06T08:27:12.193+0000] {processor.py:830} INFO - Processing file /opt/airflow/dags/silver_processing_dag.py for tasks to queue
[2026-09-06T08:27:12.201+0000] {logging_mixin.py:188} INFO - [2026-09-06T08:27:12.200+0000] {dagbag.py:545} INFO - Filling up the DagBag from /opt/airflow/dags/silver_processing_dag.py
[2026-09-06T08:27:12.242+0000] {processor.py:840} INFO - DAG(s) 'process_silver_layer' retrieved from /opt/airflow/dags/silver_processing_dag.py
[2026-09-06T08:27:12.298+0000] {logging_mixin.py:188} INFO - [2026-09-06T08:27:12.298+0000] {dag.py:3096} INFO - Sync 1 DAGs
[2026-09-06T08:27:12.332+0000] {logging_mixin.py:188} INFO - [2026-09-06T08:27:12.331+0000] {dag.py:3954} INFO - Setting next_dagrun for process_silver_layer to None, run_after=None
[2026-09-06T08:27:12.379+0000] {processor.py:183} INFO - Processing /opt/airflow/dags/silver_processing_dag.py took 0.204 seconds
[2026-09-06T08:27:42.588+0000] {processor.py:161} INFO - Started process (PID=43501) to work on /opt/airflow/dags/silver_processing_dag.py
[2026-09-06T08:27:42.591+0000] {processor.py:830} INFO - Processing file /opt/airflow/dags/silver_processing_dag.py for tasks to queue
[2026-09-06T08:27:42.596+0000] {logging_mixin.py:188} INFO - [2026-09-06T08:27:42.596+0000] {dagbag.py:545} INFO - Filling up the DagBag from /opt/airflow/dags/silver_processing_dag.py
[2026-09-06T08:27:42.638+0000] {processor.py:840} INFO - DAG(s) 'process_silver_layer' retrieved from /opt/airflow/dags/silver_processing_dag.py
[2026-09-06T08:27:42.701+0000] {logging_mixin.py:188} INFO - [2026-09-06T08:27:42.701+0000] {dag.py:3096} INFO - Sync 1 DAGs
[2026-09-06T08:27:42.740+0000] {logging_mixin.py:188} INFO - [2026-09-06T08:27:42.739+0000] {dag.py:3954} INFO - Setting next_dagrun for process_silver_layer to None, run_after=None
[2026-09-06T08:27:42.796+0000] {processor.py:183} INFO - Processing /opt/airflow/dags/silver_processing_dag.py took 0.222 seconds
[2026-09-06T08:28:13.309+0000] {processor.py:161} INFO - Started process (PID=43514) to work on /opt/airflow/dags/silver_processing_dag.py
[2026-09-06T08:28:13.311+0000] {processor.py:830} INFO - Processing file /opt/airflow/dags/silver_processing_dag.py for tasks to queue
[2026-09-06T08:28:13.319+0000] {logging_mixin.py:188} INFO - [2026-09-06T08:28:13.318+0000] {dagbag.py:545} INFO - Filling up the DagBag from /opt/airflow/dags/silver_processing_dag.py
[2026-09-06T08:28:13.407+0000] {processor.py:840} INFO - DAG(s) 'process_silver_layer' retrieved from /opt/airflow/dags/silver_processing_dag.py
[2026-09-06T08:28:13.521+0000] {logging_mixin.py:188} INFO - [2026-09-06T08:28:13.520+0000] {dag.py:3096} INFO - Sync 1 DAGs
[2026-09-06T08:28:13.597+0000] {logging_mixin.py:188} INFO - [2026-09-06T08:28:13.597+0000] {dag.py:3954} INFO - Setting next_dagrun for process_silver_layer to None, run_after=None
[2026-09-06T08:28:13.674+0000] {processor.py:183} INFO - Processing /opt/airflow/dags/silver_processing_dag.py took 0.386 seconds
[2026-09-06T08:28:44.360+0000] {processor.py:161} INFO - Started process (PID=43529) to work on /opt/airflow/dags/silver_processing_dag.py
[2026-09-06T08:28:44.364+0000] {processor.py:830} INFO - Processing file /opt/airflow/dags/silver_processing_dag.py for tasks to queue
[2026-09-06T08:28:44.374+0000] {logging_mixin.py:188} INFO - [2026-09-06T08:28:44.373+0000] {dagbag.py:545} INFO - Filling up the DagBag from /opt/airflow/dags/silver_processing_dag.py
[2026-09-06T08:28:44.473+0000] {processor.py:840} INFO - DAG(s) 'process_silver_layer' retrieved from /opt/airflow/dags/silver_processing_dag.py
[2026-09-06T08:28:44.630+0000] {logging_mixin.py:188} INFO - [2026-09-06T08:28:44.630+0000] {dag.py:3096} INFO - Sync 1 DAGs
[2026-09-06T08:28:44.721+0000] {logging_mixin.py:188} INFO - [2026-09-06T08:28:44.721+0000] {dag.py:3954} INFO - Setting next_dagrun for process_silver_layer to None, run_after=None
[2026-09-06T08:28:44.817+0000] {processor.py:183} INFO - Processing /opt/airflow/dags/silver_processing_dag.py took 0.498 seconds
[2026-09-06T08:29:15.272+0000] {processor.py:161} INFO - Started process (PID=43544) to work on /opt/airflow/dags/silver_processing_dag.py
[2026-09-06T08:29:15.286+0000] {processor.py:830} INFO - Processing file /opt/airflow/dags/silver_processing_dag.py for tasks to queue
[2026-09-06T08:29:15.293+0000] {logging_mixin.py:188} INFO - [2026-09-06T08:29:15.292+0000] {dagbag.py:545} INFO - Filling up the DagBag from /opt/airflow/dags/silver_processing_dag.py
[2026-09-06T08:29:15.408+0000] {processor.py:840} INFO - DAG(s) 'process_silver_layer' retrieved from /opt/airflow/dags/silver_processing_dag.py
[2026-09-06T08:29:15.511+0000] {logging_mixin.py:188} INFO - [2026-09-06T08:29:15.510+0000] {dag.py:3096} INFO - Sync 1 DAGs
[2026-09-06T08:29:15.607+0000] {logging_mixin.py:188} INFO - [2026-09-06T08:29:15.605+0000] {dag.py:3954} INFO - Setting next_dagrun for process_silver_layer to None, run_after=None
[2026-09-06T08:29:15.668+0000] {processor.py:183} INFO - Processing /opt/airflow/dags/silver_processing_dag.py took 0.432 seconds
[2026-09-06T08:29:46.428+0000] {processor.py:161} INFO - Started process (PID=43559) to work on /opt/airflow/dags/silver_processing_dag.py
[2026-09-06T08:29:46.441+0000] {processor.py:830} INFO - Processing file /opt/airflow/dags/silver_processing_dag.py for tasks to queue
[2026-09-06T08:29:46.448+0000] {logging_mixin.py:188} INFO - [2026-09-06T08:29:46.447+0000] {dagbag.py:545} INFO - Filling up the DagBag from /opt/airflow/dags/silver_processing_dag.py
[2026-09-06T08:29:46.679+0000] {processor.py:840} INFO - DAG(s) 'process_silver_layer' retrieved from /opt/airflow/dags/silver_processing_dag.py
[2026-09-06T08:29:46.883+0000] {logging_mixin.py:188} INFO - [2026-09-06T08:29:46.882+0000] {dag.py:3096} INFO - Sync 1 DAGs
[2026-09-06T08:29:46.944+0000] {logging_mixin.py:188} INFO - [2026-09-06T08:29:46.944+0000] {dag.py:3954} INFO - Setting next_dagrun for process_silver_layer to None, run_after=None
[2026-09-06T08:29:47.041+0000] {processor.py:183} INFO - Processing /opt/airflow/dags/silver_processing_dag.py took 0.653 seconds
[2026-09-06T08:30:17.585+0000] {processor.py:161} INFO - Started process (PID=43574) to work on /opt/airflow/dags/silver_processing_dag.py
[2026-09-06T08:30:17.595+0000] {processor.py:830} INFO - Processing file /opt/airflow/dags/silver_processing_dag.py for tasks to queue
[2026-09-06T08:30:17.605+0000] {logging_mixin.py:188} INFO - [2026-09-06T08:30:17.604+0000] {dagbag.py:545} INFO - Filling up the DagBag from /opt/airflow/dags/silver_processing_dag.py
[2026-09-06T08:30:17.673+0000] {processor.py:840} INFO - DAG(s) 'process_silver_layer' retrieved from /opt/airflow/dags/silver_processing_dag.py
[2026-09-06T08:30:17.786+0000] {logging_mixin.py:188} INFO - [2026-09-06T08:30:17.785+0000] {dag.py:3096} INFO - Sync 1 DAGs
[2026-09-06T08:30:17.908+0000] {logging_mixin.py:188} INFO - [2026-09-06T08:30:17.908+0000] {dag.py:3954} INFO - Setting next_dagrun for process_silver_layer to None, run_after=None
[2026-09-06T08:30:18.071+0000] {processor.py:183} INFO - Processing /opt/airflow/dags/silver_processing_dag.py took 0.509 seconds
[2026-09-06T08:30:49.181+0000] {processor.py:161} INFO - Started process (PID=43589) to work on /opt/airflow/dags/silver_processing_dag.py
[2026-09-06T08:30:49.222+0000] {processor.py:830} INFO - Processing file /opt/airflow/dags/silver_processing_dag.py for tasks to queue
[2026-09-06T08:30:49.262+0000] {logging_mixin.py:188} INFO - [2026-09-06T08:30:49.261+0000] {dagbag.py:545} INFO - Filling up the DagBag from /opt/airflow/dags/silver_processing_dag.py
[2026-09-06T08:30:49.532+0000] {processor.py:840} INFO - DAG(s) 'process_silver_layer' retrieved from /opt/airflow/dags/silver_processing_dag.py
[2026-09-06T08:30:49.670+0000] {logging_mixin.py:188} INFO - [2026-09-06T08:30:49.669+0000] {dag.py:3096} INFO - Sync 1 DAGs
[2026-09-06T08:30:49.947+0000] {logging_mixin.py:188} INFO - [2026-09-06T08:30:49.946+0000] {dag.py:3954} INFO - Setting next_dagrun for process_silver_layer to None, run_after=None
[2026-09-06T08:30:50.040+0000] {processor.py:183} INFO - Processing /opt/airflow/dags/silver_processing_dag.py took 0.900 seconds
[2026-09-06T08:31:20.543+0000] {processor.py:161} INFO - Started process (PID=43604) to work on /opt/airflow/dags/silver_processing_dag.py
[2026-09-06T08:31:20.546+0000] {processor.py:830} INFO - Processing file /opt/airflow/dags/silver_processing_dag.py for tasks to queue
[2026-09-06T08:31:20.555+0000] {logging_mixin.py:188} INFO - [2026-09-06T08:31:20.553+0000] {dagbag.py:545} INFO - Filling up the DagBag from /opt/airflow/dags/silver_processing_dag.py
[2026-09-06T08:31:20.644+0000] {processor.py:840} INFO - DAG(s) 'process_silver_layer' retrieved from /opt/airflow/dags/silver_processing_dag.py
[2026-09-06T08:31:20.725+0000] {logging_mixin.py:188} INFO - [2026-09-06T08:31:20.725+0000] {dag.py:3096} INFO - Sync 1 DAGs
[2026-09-06T08:31:20.764+0000] {logging_mixin.py:188} INFO - [2026-09-06T08:31:20.763+0000] {dag.py:3954} INFO - Setting next_dagrun for process_silver_layer to None, run_after=None
[2026-09-06T08:31:20.830+0000] {processor.py:183} INFO - Processing /opt/airflow/dags/silver_processing_dag.py took 0.317 seconds
[2026-09-06T08:31:51.547+0000] {processor.py:161} INFO - Started process (PID=43619) to work on /opt/airflow/dags/silver_processing_dag.py
[2026-09-06T08:31:51.550+0000] {processor.py:830} INFO - Processing file /opt/airflow/dags/silver_processing_dag.py for tasks to queue
[2026-09-06T08:31:51.562+0000] {logging_mixin.py:188} INFO - [2026-09-06T08:31:51.561+0000] {dagbag.py:545} INFO - Filling up the DagBag from /opt/airflow/dags/silver_processing_dag.py
[2026-09-06T08:31:51.658+0000] {processor.py:840} INFO - DAG(s) 'process_silver_layer' retrieved from /opt/airflow/dags/silver_processing_dag.py
[2026-09-06T08:31:51.755+0000] {logging_mixin.py:188} INFO - [2026-09-06T08:31:51.754+0000] {dag.py:3096} INFO - Sync 1 DAGs
[2026-09-06T08:31:51.827+0000] {logging_mixin.py:188} INFO - [2026-09-06T08:31:51.826+0000] {dag.py:3954} INFO - Setting next_dagrun for process_silver_layer to None, run_after=None
[2026-09-06T08:31:51.907+0000] {processor.py:183} INFO - Processing /opt/airflow/dags/silver_processing_dag.py took 0.389 seconds
[2026-09-06T08:32:22.500+0000] {processor.py:161} INFO - Started process (PID=43634) to work on /opt/airflow/dags/silver_processing_dag.py
[2026-09-06T08:32:22.543+0000] {processor.py:830} INFO - Processing file /opt/airflow/dags/silver_processing_dag.py for tasks to queue
[2026-09-06T08:32:22.585+0000] {logging_mixin.py:188} INFO - [2026-09-06T08:32:22.584+0000] {dagbag.py:545} INFO - Filling up the DagBag from /opt/airflow/dags/silver_processing_dag.py
[2026-09-06T08:32:22.686+0000] {processor.py:840} INFO - DAG(s) 'process_silver_layer' retrieved from /opt/airflow/dags/silver_processing_dag.py
[2026-09-06T08:32:22.810+0000] {logging_mixin.py:188} INFO - [2026-09-06T08:32:22.809+0000] {dag.py:3096} INFO - Sync 1 DAGs
[2026-09-06T08:32:22.886+0000] {logging_mixin.py:188} INFO - [2026-09-06T08:32:22.885+0000] {dag.py:3954} INFO - Setting next_dagrun for process_silver_layer to None, run_after=None
[2026-09-06T08:32:22.987+0000] {processor.py:183} INFO - Processing /opt/airflow/dags/silver_processing_dag.py took 0.536 seconds
[2026-09-06T08:32:53.272+0000] {processor.py:161} INFO - Started process (PID=43649) to work on /opt/airflow/dags/silver_processing_dag.py
[2026-09-06T08:32:53.275+0000] {processor.py:830} INFO - Processing file /opt/airflow/dags/silver_processing_dag.py for tasks to queue
[2026-09-06T08:32:53.282+0000] {logging_mixin.py:188} INFO - [2026-09-06T08:32:53.281+0000] {dagbag.py:545} INFO - Filling up the DagBag from /opt/airflow/dags/silver_processing_dag.py
[2026-09-06T08:32:53.347+0000] {processor.py:840} INFO - DAG(s) 'process_silver_layer' retrieved from /opt/airflow/dags/silver_processing_dag.py
[2026-09-06T08:32:53.426+0000] {logging_mixin.py:188} INFO - [2026-09-06T08:32:53.425+0000] {dag.py:3096} INFO - Sync 1 DAGs
[2026-09-06T08:32:53.493+0000] {logging_mixin.py:188} INFO - [2026-09-06T08:32:53.493+0000] {dag.py:3954} INFO - Setting next_dagrun for process_silver_layer to None, run_after=None
[2026-09-06T08:32:53.599+0000] {processor.py:183} INFO - Processing /opt/airflow/dags/silver_processing_dag.py took 0.363 seconds
[2026-09-06T08:33:23.885+0000] {processor.py:161} INFO - Started process (PID=43666) to work on /opt/airflow/dags/silver_processing_dag.py
[2026-09-06T08:33:23.887+0000] {processor.py:830} INFO - Processing file /opt/airflow/dags/silver_processing_dag.py for tasks to queue
[2026-09-06T08:33:23.894+0000] {logging_mixin.py:188} INFO - [2026-09-06T08:33:23.894+0000] {dagbag.py:545} INFO - Filling up the DagBag from /opt/airflow/dags/silver_processing_dag.py
[2026-09-06T08:33:23.936+0000] {processor.py:840} INFO - DAG(s) 'process_silver_layer' retrieved from /opt/airflow/dags/silver_processing_dag.py
[2026-09-06T08:33:23.989+0000] {logging_mixin.py:188} INFO - [2026-09-06T08:33:23.988+0000] {dag.py:3096} INFO - Sync 1 DAGs
[2026-09-06T08:33:24.019+0000] {logging_mixin.py:188} INFO - [2026-09-06T08:33:24.018+0000] {dag.py:3954} INFO - Setting next_dagrun for process_silver_layer to None, run_after=None
[2026-09-06T08:33:24.061+0000] {processor.py:183} INFO - Processing /opt/airflow/dags/silver_processing_dag.py took 0.191 seconds
[2026-09-06T08:33:54.375+0000] {processor.py:161} INFO - Started process (PID=43679) to work on /opt/airflow/dags/silver_processing_dag.py
[2026-09-06T08:33:54.379+0000] {processor.py:830} INFO - Processing file /opt/airflow/dags/silver_processing_dag.py for tasks to queue
[2026-09-06T08:33:54.393+0000] {logging_mixin.py:188} INFO - [2026-09-06T08:33:54.392+0000] {dagbag.py:545} INFO - Filling up the DagBag from /opt/airflow/dags/silver_processing_dag.py
[2026-09-06T08:33:54.498+0000] {processor.py:840} INFO - DAG(s) 'process_silver_layer' retrieved from /opt/airflow/dags/silver_processing_dag.py
[2026-09-06T08:33:54.597+0000] {logging_mixin.py:188} INFO - [2026-09-06T08:33:54.596+0000] {dag.py:3096} INFO - Sync 1 DAGs
[2026-09-06T08:33:54.658+0000] {logging_mixin.py:188} INFO - [2026-09-06T08:33:54.658+0000] {dag.py:3954} INFO - Setting next_dagrun for process_silver_layer to None, run_after=None
[2026-09-06T08:33:54.744+0000] {processor.py:183} INFO - Processing /opt/airflow/dags/silver_processing_dag.py took 0.393 seconds
[2026-09-06T08:34:25.420+0000] {processor.py:161} INFO - Started process (PID=43694) to work on /opt/airflow/dags/silver_processing_dag.py
[2026-09-06T08:34:25.441+0000] {processor.py:830} INFO - Processing file /opt/airflow/dags/silver_processing_dag.py for tasks to queue
[2026-09-06T08:34:25.449+0000] {logging_mixin.py:188} INFO - [2026-09-06T08:34:25.448+0000] {dagbag.py:545} INFO - Filling up the DagBag from /opt/airflow/dags/silver_processing_dag.py
[2026-09-06T08:34:25.559+0000] {processor.py:840} INFO - DAG(s) 'process_silver_layer' retrieved from /opt/airflow/dags/silver_processing_dag.py
[2026-09-06T08:34:25.632+0000] {logging_mixin.py:188} INFO - [2026-09-06T08:34:25.631+0000] {dag.py:3096} INFO - Sync 1 DAGs
[2026-09-06T08:34:25.671+0000] {logging_mixin.py:188} INFO - [2026-09-06T08:34:25.671+0000] {dag.py:3954} INFO - Setting next_dagrun for process_silver_layer to None, run_after=None
[2026-09-06T08:34:25.990+0000] {processor.py:183} INFO - Processing /opt/airflow/dags/silver_processing_dag.py took 0.608 seconds
[2026-09-06T08:34:57.062+0000] {processor.py:161} INFO - Started process (PID=43709) to work on /opt/airflow/dags/silver_processing_dag.py
[2026-09-06T08:34:57.065+0000] {processor.py:830} INFO - Processing file /opt/airflow/dags/silver_processing_dag.py for tasks to queue
[2026-09-06T08:34:57.088+0000] {logging_mixin.py:188} INFO - [2026-09-06T08:34:57.086+0000] {dagbag.py:545} INFO - Filling up the DagBag from /opt/airflow/dags/silver_processing_dag.py
[2026-09-06T08:34:57.214+0000] {processor.py:840} INFO - DAG(s) 'process_silver_layer' retrieved from /opt/airflow/dags/silver_processing_dag.py
[2026-09-06T08:34:57.300+0000] {logging_mixin.py:188} INFO - [2026-09-06T08:34:57.299+0000] {dag.py:3096} INFO - Sync 1 DAGs
[2026-09-06T08:34:57.345+0000] {logging_mixin.py:188} INFO - [2026-09-06T08:34:57.345+0000] {dag.py:3954} INFO - Setting next_dagrun for process_silver_layer to None, run_after=None
[2026-09-06T08:34:57.418+0000] {processor.py:183} INFO - Processing /opt/airflow/dags/silver_processing_dag.py took 0.388 seconds
[2026-09-06T08:35:27.929+0000] {processor.py:161} INFO - Started process (PID=43724) to work on /opt/airflow/dags/silver_processing_dag.py
[2026-09-06T08:35:27.945+0000] {processor.py:830} INFO - Processing file /opt/airflow/dags/silver_processing_dag.py for tasks to queue
[2026-09-06T08:35:27.960+0000] {logging_mixin.py:188} INFO - [2026-09-06T08:35:27.959+0000] {dagbag.py:545} INFO - Filling up the DagBag from /opt/airflow/dags/silver_processing_dag.py
[2026-09-06T08:35:28.064+0000] {processor.py:840} INFO - DAG(s) 'process_silver_layer' retrieved from /opt/airflow/dags/silver_processing_dag.py
[2026-09-06T08:35:28.195+0000] {logging_mixin.py:188} INFO - [2026-09-06T08:35:28.194+0000] {dag.py:3096} INFO - Sync 1 DAGs
[2026-09-06T08:35:28.328+0000] {logging_mixin.py:188} INFO - [2026-09-06T08:35:28.327+0000] {dag.py:3954} INFO - Setting next_dagrun for process_silver_layer to None, run_after=None
[2026-09-06T08:35:28.487+0000] {processor.py:183} INFO - Processing /opt/airflow/dags/silver_processing_dag.py took 0.587 seconds
[2026-09-06T08:35:59.283+0000] {processor.py:161} INFO - Started process (PID=43739) to work on /opt/airflow/dags/silver_processing_dag.py
[2026-09-06T08:35:59.287+0000] {processor.py:830} INFO - Processing file /opt/airflow/dags/silver_processing_dag.py for tasks to queue
[2026-09-06T08:35:59.294+0000] {logging_mixin.py:188} INFO - [2026-09-06T08:35:59.292+0000] {dagbag.py:545} INFO - Filling up the DagBag from /opt/airflow/dags/silver_processing_dag.py
[2026-09-06T08:35:59.446+0000] {processor.py:840} INFO - DAG(s) 'process_silver_layer' retrieved from /opt/airflow/dags/silver_processing_dag.py
[2026-09-06T08:35:59.602+0000] {logging_mixin.py:188} INFO - [2026-09-06T08:35:59.602+0000] {dag.py:3096} INFO - Sync 1 DAGs
[2026-09-06T08:35:59.673+0000] {logging_mixin.py:188} INFO - [2026-09-06T08:35:59.673+0000] {dag.py:3954} INFO - Setting next_dagrun for process_silver_layer to None, run_after=None
[2026-09-06T08:35:59.780+0000] {processor.py:183} INFO - Processing /opt/airflow/dags/silver_processing_dag.py took 0.522 seconds
[2026-09-06T08:36:30.080+0000] {processor.py:161} INFO - Started process (PID=43754) to work on /opt/airflow/dags/silver_processing_dag.py
[2026-09-06T08:36:30.083+0000] {processor.py:830} INFO - Processing file /opt/airflow/dags/silver_processing_dag.py for tasks to queue
[2026-09-06T08:36:30.119+0000] {logging_mixin.py:188} INFO - [2026-09-06T08:36:30.118+0000] {dagbag.py:545} INFO - Filling up the DagBag from /opt/airflow/dags/silver_processing_dag.py
[2026-09-06T08:36:30.209+0000] {processor.py:840} INFO - DAG(s) 'process_silver_layer' retrieved from /opt/airflow/dags/silver_processing_dag.py
[2026-09-06T08:36:30.339+0000] {logging_mixin.py:188} INFO - [2026-09-06T08:36:30.338+0000] {dag.py:3096} INFO - Sync 1 DAGs
[2026-09-06T08:36:30.430+0000] {logging_mixin.py:188} INFO - [2026-09-06T08:36:30.429+0000] {dag.py:3954} INFO - Setting next_dagrun for process_silver_layer to None, run_after=None
[2026-09-06T08:36:30.562+0000] {processor.py:183} INFO - Processing /opt/airflow/dags/silver_processing_dag.py took 0.509 seconds
[2026-09-06T08:37:01.276+0000] {processor.py:161} INFO - Started process (PID=43769) to work on /opt/airflow/dags/silver_processing_dag.py
[2026-09-06T08:37:01.288+0000] {processor.py:830} INFO - Processing file /opt/airflow/dags/silver_processing_dag.py for tasks to queue
[2026-09-06T08:37:01.301+0000] {logging_mixin.py:188} INFO - [2026-09-06T08:37:01.300+0000] {dagbag.py:545} INFO - Filling up the DagBag from /opt/airflow/dags/silver_processing_dag.py
[2026-09-06T08:37:01.410+0000] {processor.py:840} INFO - DAG(s) 'process_silver_layer' retrieved from /opt/airflow/dags/silver_processing_dag.py
[2026-09-06T08:37:01.584+0000] {logging_mixin.py:188} INFO - [2026-09-06T08:37:01.583+0000] {dag.py:3096} INFO - Sync 1 DAGs
[2026-09-06T08:37:01.692+0000] {logging_mixin.py:188} INFO - [2026-09-06T08:37:01.692+0000] {dag.py:3954} INFO - Setting next_dagrun for process_silver_layer to None, run_after=None
[2026-09-06T08:37:01.826+0000] {processor.py:183} INFO - Processing /opt/airflow/dags/silver_processing_dag.py took 0.590 seconds
[2026-09-06T08:37:32.126+0000] {processor.py:161} INFO - Started process (PID=43784) to work on /opt/airflow/dags/silver_processing_dag.py
[2026-09-06T08:37:32.130+0000] {processor.py:830} INFO - Processing file /opt/airflow/dags/silver_processing_dag.py for tasks to queue
[2026-09-06T08:37:32.138+0000] {logging_mixin.py:188} INFO - [2026-09-06T08:37:32.137+0000] {dagbag.py:545} INFO - Filling up the DagBag from /opt/airflow/dags/silver_processing_dag.py
[2026-09-06T08:37:32.207+0000] {processor.py:840} INFO - DAG(s) 'process_silver_layer' retrieved from /opt/airflow/dags/silver_processing_dag.py
[2026-09-06T08:37:32.284+0000] {logging_mixin.py:188} INFO - [2026-09-06T08:37:32.284+0000] {dag.py:3096} INFO - Sync 1 DAGs
[2026-09-06T08:37:32.335+0000] {logging_mixin.py:188} INFO - [2026-09-06T08:37:32.333+0000] {dag.py:3954} INFO - Setting next_dagrun for process_silver_layer to None, run_after=None
[2026-09-06T08:37:32.408+0000] {processor.py:183} INFO - Processing /opt/airflow/dags/silver_processing_dag.py took 0.307 seconds
[2026-09-06T08:38:02.547+0000] {processor.py:161} INFO - Started process (PID=43799) to work on /opt/airflow/dags/silver_processing_dag.py
[2026-09-06T08:38:02.552+0000] {processor.py:830} INFO - Processing file /opt/airflow/dags/silver_processing_dag.py for tasks to queue
[2026-09-06T08:38:02.565+0000] {logging_mixin.py:188} INFO - [2026-09-06T08:38:02.564+0000] {dagbag.py:545} INFO - Filling up the DagBag from /opt/airflow/dags/silver_processing_dag.py
[2026-09-06T08:38:02.625+0000] {processor.py:840} INFO - DAG(s) 'process_silver_layer' retrieved from /opt/airflow/dags/silver_processing_dag.py
[2026-09-06T08:38:02.698+0000] {logging_mixin.py:188} INFO - [2026-09-06T08:38:02.697+0000] {dag.py:3096} INFO - Sync 1 DAGs
[2026-09-06T08:38:02.741+0000] {logging_mixin.py:188} INFO - [2026-09-06T08:38:02.741+0000] {dag.py:3954} INFO - Setting next_dagrun for process_silver_layer to None, run_after=None
[2026-09-06T08:38:02.816+0000] {processor.py:183} INFO - Processing /opt/airflow/dags/silver_processing_dag.py took 0.295 seconds
[2026-09-06T08:38:33.755+0000] {processor.py:161} INFO - Started process (PID=43814) to work on /opt/airflow/dags/silver_processing_dag.py
[2026-09-06T08:38:33.759+0000] {processor.py:830} INFO - Processing file /opt/airflow/dags/silver_processing_dag.py for tasks to queue
[2026-09-06T08:38:33.775+0000] {logging_mixin.py:188} INFO - [2026-09-06T08:38:33.774+0000] {dagbag.py:545} INFO - Filling up the DagBag from /opt/airflow/dags/silver_processing_dag.py
[2026-09-06T08:38:33.870+0000] {processor.py:840} INFO - DAG(s) 'process_silver_layer' retrieved from /opt/airflow/dags/silver_processing_dag.py
[2026-09-06T08:38:33.953+0000] {logging_mixin.py:188} INFO - [2026-09-06T08:38:33.953+0000] {dag.py:3096} INFO - Sync 1 DAGs
[2026-09-06T08:38:34.006+0000] {logging_mixin.py:188} INFO - [2026-09-06T08:38:34.006+0000] {dag.py:3954} INFO - Setting next_dagrun for process_silver_layer to None, run_after=None
[2026-09-06T08:38:34.085+0000] {processor.py:183} INFO - Processing /opt/airflow/dags/silver_processing_dag.py took 0.368 seconds
[2026-09-06T08:39:04.689+0000] {processor.py:161} INFO - Started process (PID=43829) to work on /opt/airflow/dags/silver_processing_dag.py
[2026-09-06T08:39:04.693+0000] {processor.py:830} INFO - Processing file /opt/airflow/dags/silver_processing_dag.py for tasks to queue
[2026-09-06T08:39:04.705+0000] {logging_mixin.py:188} INFO - [2026-09-06T08:39:04.704+0000] {dagbag.py:545} INFO - Filling up the DagBag from /opt/airflow/dags/silver_processing_dag.py
[2026-09-06T08:39:04.770+0000] {processor.py:840} INFO - DAG(s) 'process_silver_layer' retrieved from /opt/airflow/dags/silver_processing_dag.py
[2026-09-06T08:39:04.874+0000] {logging_mixin.py:188} INFO - [2026-09-06T08:39:04.872+0000] {dag.py:3096} INFO - Sync 1 DAGs
[2026-09-06T08:39:05.068+0000] {logging_mixin.py:188} INFO - [2026-09-06T08:39:05.068+0000] {dag.py:3954} INFO - Setting next_dagrun for process_silver_layer to None, run_after=None
[2026-09-06T08:39:05.217+0000] {processor.py:183} INFO - Processing /opt/airflow/dags/silver_processing_dag.py took 0.593 seconds
[2026-09-06T08:39:36.035+0000] {processor.py:161} INFO - Started process (PID=43846) to work on /opt/airflow/dags/silver_processing_dag.py
[2026-09-06T08:39:36.039+0000] {processor.py:830} INFO - Processing file /opt/airflow/dags/silver_processing_dag.py for tasks to queue
[2026-09-06T08:39:36.045+0000] {logging_mixin.py:188} INFO - [2026-09-06T08:39:36.044+0000] {dagbag.py:545} INFO - Filling up the DagBag from /opt/airflow/dags/silver_processing_dag.py
[2026-09-06T08:39:36.087+0000] {processor.py:840} INFO - DAG(s) 'process_silver_layer' retrieved from /opt/airflow/dags/silver_processing_dag.py
[2026-09-06T08:39:36.139+0000] {logging_mixin.py:188} INFO - [2026-09-06T08:39:36.138+0000] {dag.py:3096} INFO - Sync 1 DAGs
[2026-09-06T08:39:36.179+0000] {logging_mixin.py:188} INFO - [2026-09-06T08:39:36.178+0000] {dag.py:3954} INFO - Setting next_dagrun for process_silver_layer to None, run_after=None
[2026-09-06T08:39:36.233+0000] {processor.py:183} INFO - Processing /opt/airflow/dags/silver_processing_dag.py took 0.227 seconds
[2026-09-06T08:40:06.895+0000] {processor.py:161} INFO - Started process (PID=43859) to work on /opt/airflow/dags/silver_processing_dag.py
[2026-09-06T08:40:06.898+0000] {processor.py:830} INFO - Processing file /opt/airflow/dags/silver_processing_dag.py for tasks to queue
[2026-09-06T08:40:06.904+0000] {logging_mixin.py:188} INFO - [2026-09-06T08:40:06.903+0000] {dagbag.py:545} INFO - Filling up the DagBag from /opt/airflow/dags/silver_processing_dag.py
[2026-09-06T08:40:06.953+0000] {processor.py:840} INFO - DAG(s) 'process_silver_layer' retrieved from /opt/airflow/dags/silver_processing_dag.py
[2026-09-06T08:40:07.016+0000] {logging_mixin.py:188} INFO - [2026-09-06T08:40:07.016+0000] {dag.py:3096} INFO - Sync 1 DAGs
[2026-09-06T08:40:07.054+0000] {logging_mixin.py:188} INFO - [2026-09-06T08:40:07.053+0000] {dag.py:3954} INFO - Setting next_dagrun for process_silver_layer to None, run_after=None
[2026-09-06T08:40:07.842+0000] {processor.py:183} INFO - Processing /opt/airflow/dags/silver_processing_dag.py took 0.966 seconds
[2026-09-06T08:40:42.546+0000] {processor.py:161} INFO - Started process (PID=43874) to work on /opt/airflow/dags/silver_processing_dag.py
[2026-09-06T08:40:42.586+0000] {processor.py:830} INFO - Processing file /opt/airflow/dags/silver_processing_dag.py for tasks to queue
[2026-09-06T08:40:42.638+0000] {logging_mixin.py:188} INFO - [2026-09-06T08:40:42.637+0000] {dagbag.py:545} INFO - Filling up the DagBag from /opt/airflow/dags/silver_processing_dag.py
[2026-09-06T08:40:43.469+0000] {processor.py:840} INFO - DAG(s) 'process_silver_layer' retrieved from /opt/airflow/dags/silver_processing_dag.py
[2026-09-06T08:40:43.804+0000] {logging_mixin.py:188} INFO - [2026-09-06T08:40:43.792+0000] {dag.py:3096} INFO - Sync 1 DAGs
[2026-09-06T08:40:44.130+0000] {logging_mixin.py:188} INFO - [2026-09-06T08:40:44.129+0000] {dag.py:3954} INFO - Setting next_dagrun for process_silver_layer to None, run_after=None
[2026-09-06T08:40:44.612+0000] {processor.py:183} INFO - Processing /opt/airflow/dags/silver_processing_dag.py took 2.166 seconds
[2026-09-06T08:41:16.813+0000] {processor.py:161} INFO - Started process (PID=43889) to work on /opt/airflow/dags/silver_processing_dag.py
[2026-09-06T08:41:16.887+0000] {processor.py:830} INFO - Processing file /opt/airflow/dags/silver_processing_dag.py for tasks to queue
[2026-09-06T08:41:17.213+0000] {logging_mixin.py:188} INFO - [2026-09-06T08:41:17.200+0000] {dagbag.py:545} INFO - Filling up the DagBag from /opt/airflow/dags/silver_processing_dag.py
[2026-09-06T08:41:19.049+0000] {processor.py:840} INFO - DAG(s) 'process_silver_layer' retrieved from /opt/airflow/dags/silver_processing_dag.py
[2026-09-06T08:41:19.780+0000] {logging_mixin.py:188} INFO - [2026-09-06T08:41:19.779+0000] {dag.py:3096} INFO - Sync 1 DAGs
[2026-09-06T08:41:20.211+0000] {logging_mixin.py:188} INFO - [2026-09-06T08:41:20.211+0000] {dag.py:3954} INFO - Setting next_dagrun for process_silver_layer to None, run_after=None
[2026-09-06T08:41:20.473+0000] {processor.py:183} INFO - Processing /opt/airflow/dags/silver_processing_dag.py took 4.211 seconds
[2026-09-06T08:41:51.390+0000] {processor.py:161} INFO - Started process (PID=43904) to work on /opt/airflow/dags/silver_processing_dag.py
[2026-09-06T08:41:51.394+0000] {processor.py:830} INFO - Processing file /opt/airflow/dags/silver_processing_dag.py for tasks to queue
[2026-09-06T08:41:51.423+0000] {logging_mixin.py:188} INFO - [2026-09-06T08:41:51.422+0000] {dagbag.py:545} INFO - Filling up the DagBag from /opt/airflow/dags/silver_processing_dag.py
[2026-09-06T08:41:53.203+0000] {processor.py:840} INFO - DAG(s) 'process_silver_layer' retrieved from /opt/airflow/dags/silver_processing_dag.py
[2026-09-06T08:41:55.839+0000] {logging_mixin.py:188} INFO - [2026-09-06T08:41:55.778+0000] {dag.py:3096} INFO - Sync 1 DAGs
[2026-09-06T08:41:56.553+0000] {logging_mixin.py:188} INFO - [2026-09-06T08:41:56.553+0000] {dag.py:3954} INFO - Setting next_dagrun for process_silver_layer to None, run_after=None
[2026-09-06T08:41:57.041+0000] {processor.py:183} INFO - Processing /opt/airflow/dags/silver_processing_dag.py took 5.699 seconds
[2026-09-06T08:42:28.123+0000] {processor.py:161} INFO - Started process (PID=43919) to work on /opt/airflow/dags/silver_processing_dag.py
[2026-09-06T08:42:28.159+0000] {processor.py:830} INFO - Processing file /opt/airflow/dags/silver_processing_dag.py for tasks to queue
[2026-09-06T08:42:28.200+0000] {logging_mixin.py:188} INFO - [2026-09-06T08:42:28.185+0000] {dagbag.py:545} INFO - Filling up the DagBag from /opt/airflow/dags/silver_processing_dag.py
[2026-09-06T08:42:34.841+0000] {processor.py:840} INFO - DAG(s) 'process_silver_layer' retrieved from /opt/airflow/dags/silver_processing_dag.py
[2026-09-06T08:42:36.664+0000] {logging_mixin.py:188} INFO - [2026-09-06T08:42:36.662+0000] {dag.py:3096} INFO - Sync 1 DAGs
[2026-09-06T08:42:37.160+0000] {logging_mixin.py:188} INFO - [2026-09-06T08:42:37.159+0000] {dag.py:3954} INFO - Setting next_dagrun for process_silver_layer to None, run_after=None
[2026-09-06T08:42:37.390+0000] {processor.py:183} INFO - Processing /opt/airflow/dags/silver_processing_dag.py took 9.333 seconds
[2026-09-06T08:43:08.986+0000] {processor.py:161} INFO - Started process (PID=43934) to work on /opt/airflow/dags/silver_processing_dag.py
[2026-09-06T08:43:08.989+0000] {processor.py:830} INFO - Processing file /opt/airflow/dags/silver_processing_dag.py for tasks to queue
[2026-09-06T08:43:09.006+0000] {logging_mixin.py:188} INFO - [2026-09-06T08:43:09.005+0000] {dagbag.py:545} INFO - Filling up the DagBag from /opt/airflow/dags/silver_processing_dag.py
[2026-09-06T08:43:09.160+0000] {processor.py:840} INFO - DAG(s) 'process_silver_layer' retrieved from /opt/airflow/dags/silver_processing_dag.py
[2026-09-06T08:43:09.391+0000] {logging_mixin.py:188} INFO - [2026-09-06T08:43:09.390+0000] {dag.py:3096} INFO - Sync 1 DAGs
[2026-09-06T08:43:09.659+0000] {logging_mixin.py:188} INFO - [2026-09-06T08:43:09.655+0000] {dag.py:3954} INFO - Setting next_dagrun for process_silver_layer to None, run_after=None
[2026-09-06T08:43:09.884+0000] {processor.py:183} INFO - Processing /opt/airflow/dags/silver_processing_dag.py took 0.930 seconds
[2026-09-06T08:43:41.068+0000] {processor.py:161} INFO - Started process (PID=43949) to work on /opt/airflow/dags/silver_processing_dag.py
[2026-09-06T08:43:41.109+0000] {processor.py:830} INFO - Processing file /opt/airflow/dags/silver_processing_dag.py for tasks to queue
[2026-09-06T08:43:41.128+0000] {logging_mixin.py:188} INFO - [2026-09-06T08:43:41.127+0000] {dagbag.py:545} INFO - Filling up the DagBag from /opt/airflow/dags/silver_processing_dag.py
[2026-09-06T08:43:42.067+0000] {processor.py:840} INFO - DAG(s) 'process_silver_layer' retrieved from /opt/airflow/dags/silver_processing_dag.py
[2026-09-06T08:43:42.291+0000] {logging_mixin.py:188} INFO - [2026-09-06T08:43:42.290+0000] {dag.py:3096} INFO - Sync 1 DAGs
[2026-09-06T08:43:42.425+0000] {logging_mixin.py:188} INFO - [2026-09-06T08:43:42.424+0000] {dag.py:3954} INFO - Setting next_dagrun for process_silver_layer to None, run_after=None
[2026-09-06T08:43:42.547+0000] {processor.py:183} INFO - Processing /opt/airflow/dags/silver_processing_dag.py took 1.855 seconds
[2026-09-06T08:44:13.772+0000] {processor.py:161} INFO - Started process (PID=43964) to work on /opt/airflow/dags/silver_processing_dag.py
[2026-09-06T08:44:13.794+0000] {processor.py:830} INFO - Processing file /opt/airflow/dags/silver_processing_dag.py for tasks to queue
[2026-09-06T08:44:13.819+0000] {logging_mixin.py:188} INFO - [2026-09-06T08:44:13.813+0000] {dagbag.py:545} INFO - Filling up the DagBag from /opt/airflow/dags/silver_processing_dag.py
[2026-09-06T08:44:13.991+0000] {processor.py:840} INFO - DAG(s) 'process_silver_layer' retrieved from /opt/airflow/dags/silver_processing_dag.py
[2026-09-06T08:44:14.197+0000] {logging_mixin.py:188} INFO - [2026-09-06T08:44:14.196+0000] {dag.py:3096} INFO - Sync 1 DAGs
[2026-09-06T08:44:14.334+0000] {logging_mixin.py:188} INFO - [2026-09-06T08:44:14.323+0000] {dag.py:3954} INFO - Setting next_dagrun for process_silver_layer to None, run_after=None
[2026-09-06T08:44:14.784+0000] {processor.py:183} INFO - Processing /opt/airflow/dags/silver_processing_dag.py took 1.064 seconds
[2026-09-06T08:44:45.173+0000] {processor.py:161} INFO - Started process (PID=43979) to work on /opt/airflow/dags/silver_processing_dag.py
[2026-09-06T08:44:45.178+0000] {processor.py:830} INFO - Processing file /opt/airflow/dags/silver_processing_dag.py for tasks to queue
[2026-09-06T08:44:45.192+0000] {logging_mixin.py:188} INFO - [2026-09-06T08:44:45.191+0000] {dagbag.py:545} INFO - Filling up the DagBag from /opt/airflow/dags/silver_processing_dag.py
[2026-09-06T08:44:45.312+0000] {processor.py:840} INFO - DAG(s) 'process_silver_layer' retrieved from /opt/airflow/dags/silver_processing_dag.py
[2026-09-06T08:44:45.458+0000] {logging_mixin.py:188} INFO - [2026-09-06T08:44:45.458+0000] {dag.py:3096} INFO - Sync 1 DAGs
[2026-09-06T08:44:45.557+0000] {logging_mixin.py:188} INFO - [2026-09-06T08:44:45.557+0000] {dag.py:3954} INFO - Setting next_dagrun for process_silver_layer to None, run_after=None
[2026-09-06T08:44:45.666+0000] {processor.py:183} INFO - Processing /opt/airflow/dags/silver_processing_dag.py took 0.514 seconds
[2026-09-06T08:45:16.527+0000] {processor.py:161} INFO - Started process (PID=43994) to work on /opt/airflow/dags/silver_processing_dag.py
[2026-09-06T08:45:16.543+0000] {processor.py:830} INFO - Processing file /opt/airflow/dags/silver_processing_dag.py for tasks to queue
[2026-09-06T08:45:16.562+0000] {logging_mixin.py:188} INFO - [2026-09-06T08:45:16.560+0000] {dagbag.py:545} INFO - Filling up the DagBag from /opt/airflow/dags/silver_processing_dag.py
[2026-09-06T08:45:16.680+0000] {processor.py:840} INFO - DAG(s) 'process_silver_layer' retrieved from /opt/airflow/dags/silver_processing_dag.py
[2026-09-06T08:45:16.797+0000] {logging_mixin.py:188} INFO - [2026-09-06T08:45:16.796+0000] {dag.py:3096} INFO - Sync 1 DAGs
[2026-09-06T08:45:16.883+0000] {logging_mixin.py:188} INFO - [2026-09-06T08:45:16.883+0000] {dag.py:3954} INFO - Setting next_dagrun for process_silver_layer to None, run_after=None
[2026-09-06T08:45:17.020+0000] {processor.py:183} INFO - Processing /opt/airflow/dags/silver_processing_dag.py took 0.530 seconds
[2026-09-06T08:45:48.119+0000] {processor.py:161} INFO - Started process (PID=44009) to work on /opt/airflow/dags/silver_processing_dag.py
[2026-09-06T08:45:48.123+0000] {processor.py:830} INFO - Processing file /opt/airflow/dags/silver_processing_dag.py for tasks to queue
[2026-09-06T08:45:48.132+0000] {logging_mixin.py:188} INFO - [2026-09-06T08:45:48.130+0000] {dagbag.py:545} INFO - Filling up the DagBag from /opt/airflow/dags/silver_processing_dag.py
[2026-09-06T08:45:48.209+0000] {processor.py:840} INFO - DAG(s) 'process_silver_layer' retrieved from /opt/airflow/dags/silver_processing_dag.py
[2026-09-06T08:45:48.298+0000] {logging_mixin.py:188} INFO - [2026-09-06T08:45:48.298+0000] {dag.py:3096} INFO - Sync 1 DAGs
[2026-09-06T08:45:48.353+0000] {logging_mixin.py:188} INFO - [2026-09-06T08:45:48.353+0000] {dag.py:3954} INFO - Setting next_dagrun for process_silver_layer to None, run_after=None
[2026-09-06T08:45:48.465+0000] {processor.py:183} INFO - Processing /opt/airflow/dags/silver_processing_dag.py took 0.370 seconds
[2026-09-06T08:46:24.271+0000] {processor.py:161} INFO - Started process (PID=44024) to work on /opt/airflow/dags/silver_processing_dag.py
[2026-09-06T08:46:24.305+0000] {processor.py:830} INFO - Processing file /opt/airflow/dags/silver_processing_dag.py for tasks to queue
[2026-09-06T08:46:24.336+0000] {logging_mixin.py:188} INFO - [2026-09-06T08:46:24.335+0000] {dagbag.py:545} INFO - Filling up the DagBag from /opt/airflow/dags/silver_processing_dag.py
[2026-09-06T08:46:24.860+0000] {processor.py:840} INFO - DAG(s) 'process_silver_layer' retrieved from /opt/airflow/dags/silver_processing_dag.py
[2026-09-06T08:46:25.096+0000] {logging_mixin.py:188} INFO - [2026-09-06T08:46:25.096+0000] {dag.py:3096} INFO - Sync 1 DAGs
[2026-09-06T08:46:25.221+0000] {logging_mixin.py:188} INFO - [2026-09-06T08:46:25.221+0000] {dag.py:3954} INFO - Setting next_dagrun for process_silver_layer to None, run_after=None
[2026-09-06T08:46:25.958+0000] {processor.py:183} INFO - Processing /opt/airflow/dags/silver_processing_dag.py took 1.752 seconds
[2026-09-06T08:46:56.371+0000] {processor.py:161} INFO - Started process (PID=44039) to work on /opt/airflow/dags/silver_processing_dag.py
[2026-09-06T08:46:56.380+0000] {processor.py:830} INFO - Processing file /opt/airflow/dags/silver_processing_dag.py for tasks to queue
[2026-09-06T08:46:56.436+0000] {logging_mixin.py:188} INFO - [2026-09-06T08:46:56.434+0000] {dagbag.py:545} INFO - Filling up the DagBag from /opt/airflow/dags/silver_processing_dag.py
[2026-09-06T08:46:56.631+0000] {processor.py:840} INFO - DAG(s) 'process_silver_layer' retrieved from /opt/airflow/dags/silver_processing_dag.py
[2026-09-06T08:46:56.844+0000] {logging_mixin.py:188} INFO - [2026-09-06T08:46:56.843+0000] {dag.py:3096} INFO - Sync 1 DAGs
[2026-09-06T08:46:57.121+0000] {logging_mixin.py:188} INFO - [2026-09-06T08:46:57.120+0000] {dag.py:3954} INFO - Setting next_dagrun for process_silver_layer to None, run_after=None
[2026-09-06T08:46:57.309+0000] {processor.py:183} INFO - Processing /opt/airflow/dags/silver_processing_dag.py took 1.002 seconds
[2026-09-06T08:47:27.894+0000] {processor.py:161} INFO - Started process (PID=44054) to work on /opt/airflow/dags/silver_processing_dag.py
[2026-09-06T08:47:27.905+0000] {processor.py:830} INFO - Processing file /opt/airflow/dags/silver_processing_dag.py for tasks to queue
[2026-09-06T08:47:27.933+0000] {logging_mixin.py:188} INFO - [2026-09-06T08:47:27.932+0000] {dagbag.py:545} INFO - Filling up the DagBag from /opt/airflow/dags/silver_processing_dag.py
[2026-09-06T08:47:28.282+0000] {processor.py:840} INFO - DAG(s) 'process_silver_layer' retrieved from /opt/airflow/dags/silver_processing_dag.py
[2026-09-06T08:47:28.532+0000] {logging_mixin.py:188} INFO - [2026-09-06T08:47:28.531+0000] {dag.py:3096} INFO - Sync 1 DAGs
[2026-09-06T08:47:28.730+0000] {logging_mixin.py:188} INFO - [2026-09-06T08:47:28.730+0000] {dag.py:3954} INFO - Setting next_dagrun for process_silver_layer to None, run_after=None
[2026-09-06T08:47:28.928+0000] {processor.py:183} INFO - Processing /opt/airflow/dags/silver_processing_dag.py took 1.053 seconds
[2026-09-06T08:48:01.066+0000] {processor.py:161} INFO - Started process (PID=44069) to work on /opt/airflow/dags/silver_processing_dag.py
[2026-09-06T08:48:01.090+0000] {processor.py:830} INFO - Processing file /opt/airflow/dags/silver_processing_dag.py for tasks to queue
[2026-09-06T08:48:01.114+0000] {logging_mixin.py:188} INFO - [2026-09-06T08:48:01.113+0000] {dagbag.py:545} INFO - Filling up the DagBag from /opt/airflow/dags/silver_processing_dag.py
[2026-09-06T08:48:01.344+0000] {processor.py:840} INFO - DAG(s) 'process_silver_layer' retrieved from /opt/airflow/dags/silver_processing_dag.py
[2026-09-06T08:48:01.468+0000] {logging_mixin.py:188} INFO - [2026-09-06T08:48:01.467+0000] {dag.py:3096} INFO - Sync 1 DAGs
[2026-09-06T08:48:01.539+0000] {logging_mixin.py:188} INFO - [2026-09-06T08:48:01.539+0000] {dag.py:3954} INFO - Setting next_dagrun for process_silver_layer to None, run_after=None
[2026-09-06T08:48:01.655+0000] {processor.py:183} INFO - Processing /opt/airflow/dags/silver_processing_dag.py took 0.627 seconds
[2026-09-06T08:48:33.671+0000] {processor.py:161} INFO - Started process (PID=44084) to work on /opt/airflow/dags/silver_processing_dag.py
[2026-09-06T08:48:33.684+0000] {processor.py:830} INFO - Processing file /opt/airflow/dags/silver_processing_dag.py for tasks to queue
[2026-09-06T08:48:33.728+0000] {logging_mixin.py:188} INFO - [2026-09-06T08:48:33.727+0000] {dagbag.py:545} INFO - Filling up the DagBag from /opt/airflow/dags/silver_processing_dag.py
[2026-09-06T08:48:34.684+0000] {processor.py:840} INFO - DAG(s) 'process_silver_layer' retrieved from /opt/airflow/dags/silver_processing_dag.py
[2026-09-06T08:48:34.931+0000] {logging_mixin.py:188} INFO - [2026-09-06T08:48:34.931+0000] {dag.py:3096} INFO - Sync 1 DAGs
[2026-09-06T08:48:35.056+0000] {logging_mixin.py:188} INFO - [2026-09-06T08:48:35.055+0000] {dag.py:3954} INFO - Setting next_dagrun for process_silver_layer to None, run_after=None
[2026-09-06T08:48:35.338+0000] {processor.py:183} INFO - Processing /opt/airflow/dags/silver_processing_dag.py took 1.708 seconds
[2026-09-06T08:49:13.492+0000] {processor.py:161} INFO - Started process (PID=44099) to work on /opt/airflow/dags/silver_processing_dag.py
[2026-09-06T08:49:13.587+0000] {processor.py:830} INFO - Processing file /opt/airflow/dags/silver_processing_dag.py for tasks to queue
[2026-09-06T08:49:13.731+0000] {logging_mixin.py:188} INFO - [2026-09-06T08:49:13.730+0000] {dagbag.py:545} INFO - Filling up the DagBag from /opt/airflow/dags/silver_processing_dag.py
[2026-09-06T08:49:15.885+0000] {processor.py:840} INFO - DAG(s) 'process_silver_layer' retrieved from /opt/airflow/dags/silver_processing_dag.py
[2026-09-06T08:49:17.803+0000] {logging_mixin.py:188} INFO - [2026-09-06T08:49:17.802+0000] {dag.py:3096} INFO - Sync 1 DAGs
[2026-09-06T08:49:18.778+0000] {logging_mixin.py:188} INFO - [2026-09-06T08:49:18.778+0000] {dag.py:3954} INFO - Setting next_dagrun for process_silver_layer to None, run_after=None
[2026-09-06T08:49:19.016+0000] {processor.py:183} INFO - Processing /opt/airflow/dags/silver_processing_dag.py took 5.861 seconds
[2026-09-06T08:49:50.205+0000] {processor.py:161} INFO - Started process (PID=44111) to work on /opt/airflow/dags/silver_processing_dag.py
[2026-09-06T08:49:50.222+0000] {processor.py:830} INFO - Processing file /opt/airflow/dags/silver_processing_dag.py for tasks to queue
[2026-09-06T08:49:50.836+0000] {logging_mixin.py:188} INFO - [2026-09-06T08:49:50.835+0000] {dagbag.py:545} INFO - Filling up the DagBag from /opt/airflow/dags/silver_processing_dag.py
[2026-09-06T08:49:51.855+0000] {processor.py:840} INFO - DAG(s) 'process_silver_layer' retrieved from /opt/airflow/dags/silver_processing_dag.py
[2026-09-06T08:49:52.666+0000] {logging_mixin.py:188} INFO - [2026-09-06T08:49:52.665+0000] {dag.py:3096} INFO - Sync 1 DAGs
[2026-09-06T08:49:53.049+0000] {logging_mixin.py:188} INFO - [2026-09-06T08:49:53.049+0000] {dag.py:3954} INFO - Setting next_dagrun for process_silver_layer to None, run_after=None
[2026-09-06T08:49:53.261+0000] {processor.py:183} INFO - Processing /opt/airflow/dags/silver_processing_dag.py took 3.105 seconds
[2026-09-06T08:50:23.896+0000] {processor.py:161} INFO - Started process (PID=44126) to work on /opt/airflow/dags/silver_processing_dag.py
[2026-09-06T08:50:23.907+0000] {processor.py:830} INFO - Processing file /opt/airflow/dags/silver_processing_dag.py for tasks to queue
[2026-09-06T08:50:23.964+0000] {logging_mixin.py:188} INFO - [2026-09-06T08:50:23.961+0000] {dagbag.py:545} INFO - Filling up the DagBag from /opt/airflow/dags/silver_processing_dag.py
[2026-09-06T08:50:24.741+0000] {processor.py:840} INFO - DAG(s) 'process_silver_layer' retrieved from /opt/airflow/dags/silver_processing_dag.py
[2026-09-06T08:50:25.492+0000] {logging_mixin.py:188} INFO - [2026-09-06T08:50:25.491+0000] {dag.py:3096} INFO - Sync 1 DAGs
[2026-09-06T08:50:25.620+0000] {logging_mixin.py:188} INFO - [2026-09-06T08:50:25.619+0000] {dag.py:3954} INFO - Setting next_dagrun for process_silver_layer to None, run_after=None
[2026-09-06T08:50:25.848+0000] {processor.py:183} INFO - Processing /opt/airflow/dags/silver_processing_dag.py took 1.988 seconds
[2026-09-06T08:50:58.421+0000] {processor.py:161} INFO - Started process (PID=44141) to work on /opt/airflow/dags/silver_processing_dag.py
[2026-09-06T08:50:58.470+0000] {processor.py:830} INFO - Processing file /opt/airflow/dags/silver_processing_dag.py for tasks to queue
[2026-09-06T08:50:58.523+0000] {logging_mixin.py:188} INFO - [2026-09-06T08:50:58.522+0000] {dagbag.py:545} INFO - Filling up the DagBag from /opt/airflow/dags/silver_processing_dag.py
[2026-09-06T08:50:59.670+0000] {processor.py:840} INFO - DAG(s) 'process_silver_layer' retrieved from /opt/airflow/dags/silver_processing_dag.py
[2026-09-06T08:51:00.069+0000] {logging_mixin.py:188} INFO - [2026-09-06T08:51:00.069+0000] {dag.py:3096} INFO - Sync 1 DAGs
[2026-09-06T08:51:00.307+0000] {logging_mixin.py:188} INFO - [2026-09-06T08:51:00.306+0000] {dag.py:3954} INFO - Setting next_dagrun for process_silver_layer to None, run_after=None
[2026-09-06T08:51:00.874+0000] {processor.py:183} INFO - Processing /opt/airflow/dags/silver_processing_dag.py took 2.491 seconds
[2026-09-06T08:51:32.155+0000] {processor.py:161} INFO - Started process (PID=44156) to work on /opt/airflow/dags/silver_processing_dag.py
[2026-09-06T08:51:32.199+0000] {processor.py:830} INFO - Processing file /opt/airflow/dags/silver_processing_dag.py for tasks to queue
[2026-09-06T08:51:32.366+0000] {logging_mixin.py:188} INFO - [2026-09-06T08:51:32.365+0000] {dagbag.py:545} INFO - Filling up the DagBag from /opt/airflow/dags/silver_processing_dag.py
[2026-09-06T08:51:32.639+0000] {processor.py:840} INFO - DAG(s) 'process_silver_layer' retrieved from /opt/airflow/dags/silver_processing_dag.py
[2026-09-06T08:51:32.836+0000] {logging_mixin.py:188} INFO - [2026-09-06T08:51:32.835+0000] {dag.py:3096} INFO - Sync 1 DAGs
[2026-09-06T08:51:32.950+0000] {logging_mixin.py:188} INFO - [2026-09-06T08:51:32.949+0000] {dag.py:3954} INFO - Setting next_dagrun for process_silver_layer to None, run_after=None
[2026-09-06T08:51:33.119+0000] {processor.py:183} INFO - Processing /opt/airflow/dags/silver_processing_dag.py took 1.019 seconds
[2026-09-06T08:52:04.535+0000] {processor.py:161} INFO - Started process (PID=44171) to work on /opt/airflow/dags/silver_processing_dag.py
[2026-09-06T08:52:04.556+0000] {processor.py:830} INFO - Processing file /opt/airflow/dags/silver_processing_dag.py for tasks to queue
[2026-09-06T08:52:04.567+0000] {logging_mixin.py:188} INFO - [2026-09-06T08:52:04.566+0000] {dagbag.py:545} INFO - Filling up the DagBag from /opt/airflow/dags/silver_processing_dag.py
[2026-09-06T08:52:04.774+0000] {processor.py:840} INFO - DAG(s) 'process_silver_layer' retrieved from /opt/airflow/dags/silver_processing_dag.py
[2026-09-06T08:52:04.943+0000] {logging_mixin.py:188} INFO - [2026-09-06T08:52:04.942+0000] {dag.py:3096} INFO - Sync 1 DAGs
[2026-09-06T08:52:05.064+0000] {logging_mixin.py:188} INFO - [2026-09-06T08:52:05.063+0000] {dag.py:3954} INFO - Setting next_dagrun for process_silver_layer to None, run_after=None
[2026-09-06T08:52:05.240+0000] {processor.py:183} INFO - Processing /opt/airflow/dags/silver_processing_dag.py took 0.731 seconds
[2026-09-06T08:52:36.141+0000] {processor.py:161} INFO - Started process (PID=44186) to work on /opt/airflow/dags/silver_processing_dag.py
[2026-09-06T08:52:36.154+0000] {processor.py:830} INFO - Processing file /opt/airflow/dags/silver_processing_dag.py for tasks to queue
[2026-09-06T08:52:36.170+0000] {logging_mixin.py:188} INFO - [2026-09-06T08:52:36.169+0000] {dagbag.py:545} INFO - Filling up the DagBag from /opt/airflow/dags/silver_processing_dag.py
[2026-09-06T08:52:36.792+0000] {processor.py:840} INFO - DAG(s) 'process_silver_layer' retrieved from /opt/airflow/dags/silver_processing_dag.py
[2026-09-06T08:52:36.999+0000] {logging_mixin.py:188} INFO - [2026-09-06T08:52:36.998+0000] {dag.py:3096} INFO - Sync 1 DAGs
[2026-09-06T08:52:37.145+0000] {logging_mixin.py:188} INFO - [2026-09-06T08:52:37.145+0000] {dag.py:3954} INFO - Setting next_dagrun for process_silver_layer to None, run_after=None
[2026-09-06T08:52:37.333+0000] {processor.py:183} INFO - Processing /opt/airflow/dags/silver_processing_dag.py took 1.233 seconds
[2026-09-06T08:53:11.452+0000] {processor.py:161} INFO - Started process (PID=44201) to work on /opt/airflow/dags/silver_processing_dag.py
[2026-09-06T08:53:11.504+0000] {processor.py:830} INFO - Processing file /opt/airflow/dags/silver_processing_dag.py for tasks to queue
[2026-09-06T08:53:11.658+0000] {logging_mixin.py:188} INFO - [2026-09-06T08:53:11.656+0000] {dagbag.py:545} INFO - Filling up the DagBag from /opt/airflow/dags/silver_processing_dag.py
[2026-09-06T08:53:13.261+0000] {processor.py:840} INFO - DAG(s) 'process_silver_layer' retrieved from /opt/airflow/dags/silver_processing_dag.py
[2026-09-06T08:53:13.584+0000] {logging_mixin.py:188} INFO - [2026-09-06T08:53:13.583+0000] {dag.py:3096} INFO - Sync 1 DAGs
[2026-09-06T08:53:13.785+0000] {logging_mixin.py:188} INFO - [2026-09-06T08:53:13.775+0000] {dag.py:3954} INFO - Setting next_dagrun for process_silver_layer to None, run_after=None
[2026-09-06T08:53:14.124+0000] {processor.py:183} INFO - Processing /opt/airflow/dags/silver_processing_dag.py took 2.743 seconds
[2026-09-06T08:53:45.581+0000] {processor.py:161} INFO - Started process (PID=44216) to work on /opt/airflow/dags/silver_processing_dag.py
[2026-09-06T08:53:45.613+0000] {processor.py:830} INFO - Processing file /opt/airflow/dags/silver_processing_dag.py for tasks to queue
[2026-09-06T08:53:45.654+0000] {logging_mixin.py:188} INFO - [2026-09-06T08:53:45.653+0000] {dagbag.py:545} INFO - Filling up the DagBag from /opt/airflow/dags/silver_processing_dag.py
[2026-09-06T08:53:46.110+0000] {processor.py:840} INFO - DAG(s) 'process_silver_layer' retrieved from /opt/airflow/dags/silver_processing_dag.py
[2026-09-06T08:53:46.311+0000] {logging_mixin.py:188} INFO - [2026-09-06T08:53:46.310+0000] {dag.py:3096} INFO - Sync 1 DAGs
[2026-09-06T08:53:46.476+0000] {logging_mixin.py:188} INFO - [2026-09-06T08:53:46.464+0000] {dag.py:3954} INFO - Setting next_dagrun for process_silver_layer to None, run_after=None
[2026-09-06T08:53:46.610+0000] {processor.py:183} INFO - Processing /opt/airflow/dags/silver_processing_dag.py took 1.084 seconds
[2026-09-06T08:54:19.100+0000] {processor.py:161} INFO - Started process (PID=44231) to work on /opt/airflow/dags/silver_processing_dag.py
[2026-09-06T08:54:19.167+0000] {processor.py:830} INFO - Processing file /opt/airflow/dags/silver_processing_dag.py for tasks to queue
[2026-09-06T08:54:19.231+0000] {logging_mixin.py:188} INFO - [2026-09-06T08:54:19.230+0000] {dagbag.py:545} INFO - Filling up the DagBag from /opt/airflow/dags/silver_processing_dag.py
[2026-09-06T08:54:19.894+0000] {processor.py:840} INFO - DAG(s) 'process_silver_layer' retrieved from /opt/airflow/dags/silver_processing_dag.py
[2026-09-06T08:54:20.063+0000] {logging_mixin.py:188} INFO - [2026-09-06T08:54:20.062+0000] {dag.py:3096} INFO - Sync 1 DAGs
[2026-09-06T08:54:20.192+0000] {logging_mixin.py:188} INFO - [2026-09-06T08:54:20.191+0000] {dag.py:3954} INFO - Setting next_dagrun for process_silver_layer to None, run_after=None
[2026-09-06T08:54:20.410+0000] {processor.py:183} INFO - Processing /opt/airflow/dags/silver_processing_dag.py took 1.361 seconds
[2026-09-06T08:54:55.710+0000] {processor.py:161} INFO - Started process (PID=44246) to work on /opt/airflow/dags/silver_processing_dag.py
[2026-09-06T08:54:55.775+0000] {processor.py:830} INFO - Processing file /opt/airflow/dags/silver_processing_dag.py for tasks to queue
[2026-09-06T08:54:55.890+0000] {logging_mixin.py:188} INFO - [2026-09-06T08:54:55.888+0000] {dagbag.py:545} INFO - Filling up the DagBag from /opt/airflow/dags/silver_processing_dag.py
[2026-09-06T08:54:56.453+0000] {processor.py:840} INFO - DAG(s) 'process_silver_layer' retrieved from /opt/airflow/dags/silver_processing_dag.py
[2026-09-06T08:54:56.622+0000] {logging_mixin.py:188} INFO - [2026-09-06T08:54:56.620+0000] {dag.py:3096} INFO - Sync 1 DAGs
[2026-09-06T08:54:56.861+0000] {logging_mixin.py:188} INFO - [2026-09-06T08:54:56.861+0000] {dag.py:3954} INFO - Setting next_dagrun for process_silver_layer to None, run_after=None
[2026-09-06T08:54:57.065+0000] {processor.py:183} INFO - Processing /opt/airflow/dags/silver_processing_dag.py took 1.394 seconds
[2026-09-06T08:55:33.379+0000] {processor.py:161} INFO - Started process (PID=44261) to work on /opt/airflow/dags/silver_processing_dag.py
[2026-09-06T08:55:33.525+0000] {processor.py:830} INFO - Processing file /opt/airflow/dags/silver_processing_dag.py for tasks to queue
[2026-09-06T08:55:33.964+0000] {logging_mixin.py:188} INFO - [2026-09-06T08:55:33.962+0000] {dagbag.py:545} INFO - Filling up the DagBag from /opt/airflow/dags/silver_processing_dag.py
[2026-09-06T08:55:36.560+0000] {processor.py:840} INFO - DAG(s) 'process_silver_layer' retrieved from /opt/airflow/dags/silver_processing_dag.py
[2026-09-06T08:55:36.760+0000] {logging_mixin.py:188} INFO - [2026-09-06T08:55:36.759+0000] {dag.py:3096} INFO - Sync 1 DAGs
[2026-09-06T08:55:36.919+0000] {logging_mixin.py:188} INFO - [2026-09-06T08:55:36.919+0000] {dag.py:3954} INFO - Setting next_dagrun for process_silver_layer to None, run_after=None
[2026-09-06T08:55:37.159+0000] {processor.py:183} INFO - Processing /opt/airflow/dags/silver_processing_dag.py took 3.831 seconds
[2026-09-06T08:56:08.262+0000] {processor.py:161} INFO - Started process (PID=44276) to work on /opt/airflow/dags/silver_processing_dag.py
[2026-09-06T08:56:08.339+0000] {processor.py:830} INFO - Processing file /opt/airflow/dags/silver_processing_dag.py for tasks to queue
[2026-09-06T08:56:08.384+0000] {logging_mixin.py:188} INFO - [2026-09-06T08:56:08.382+0000] {dagbag.py:545} INFO - Filling up the DagBag from /opt/airflow/dags/silver_processing_dag.py
[2026-09-06T08:56:08.757+0000] {processor.py:840} INFO - DAG(s) 'process_silver_layer' retrieved from /opt/airflow/dags/silver_processing_dag.py
[2026-09-06T08:56:08.904+0000] {logging_mixin.py:188} INFO - [2026-09-06T08:56:08.893+0000] {dag.py:3096} INFO - Sync 1 DAGs
[2026-09-06T08:56:09.073+0000] {logging_mixin.py:188} INFO - [2026-09-06T08:56:09.072+0000] {dag.py:3954} INFO - Setting next_dagrun for process_silver_layer to None, run_after=None
[2026-09-06T08:56:09.397+0000] {processor.py:183} INFO - Processing /opt/airflow/dags/silver_processing_dag.py took 1.176 seconds
[2026-09-06T08:56:40.114+0000] {processor.py:161} INFO - Started process (PID=44291) to work on /opt/airflow/dags/silver_processing_dag.py
[2026-09-06T08:56:40.127+0000] {processor.py:830} INFO - Processing file /opt/airflow/dags/silver_processing_dag.py for tasks to queue
[2026-09-06T08:56:40.146+0000] {logging_mixin.py:188} INFO - [2026-09-06T08:56:40.145+0000] {dagbag.py:545} INFO - Filling up the DagBag from /opt/airflow/dags/silver_processing_dag.py
[2026-09-06T08:56:40.384+0000] {processor.py:840} INFO - DAG(s) 'process_silver_layer' retrieved from /opt/airflow/dags/silver_processing_dag.py
[2026-09-06T08:56:40.540+0000] {logging_mixin.py:188} INFO - [2026-09-06T08:56:40.539+0000] {dag.py:3096} INFO - Sync 1 DAGs
[2026-09-06T08:56:40.659+0000] {logging_mixin.py:188} INFO - [2026-09-06T08:56:40.658+0000] {dag.py:3954} INFO - Setting next_dagrun for process_silver_layer to None, run_after=None
[2026-09-06T08:56:40.790+0000] {processor.py:183} INFO - Processing /opt/airflow/dags/silver_processing_dag.py took 0.718 seconds
[2026-09-06T08:57:11.494+0000] {processor.py:161} INFO - Started process (PID=44306) to work on /opt/airflow/dags/silver_processing_dag.py
[2026-09-06T08:57:11.507+0000] {processor.py:830} INFO - Processing file /opt/airflow/dags/silver_processing_dag.py for tasks to queue
[2026-09-06T08:57:11.524+0000] {logging_mixin.py:188} INFO - [2026-09-06T08:57:11.521+0000] {dagbag.py:545} INFO - Filling up the DagBag from /opt/airflow/dags/silver_processing_dag.py
[2026-09-06T08:57:11.674+0000] {processor.py:840} INFO - DAG(s) 'process_silver_layer' retrieved from /opt/airflow/dags/silver_processing_dag.py
[2026-09-06T08:57:11.862+0000] {logging_mixin.py:188} INFO - [2026-09-06T08:57:11.861+0000] {dag.py:3096} INFO - Sync 1 DAGs
[2026-09-06T08:57:11.987+0000] {logging_mixin.py:188} INFO - [2026-09-06T08:57:11.986+0000] {dag.py:3954} INFO - Setting next_dagrun for process_silver_layer to None, run_after=None
[2026-09-06T08:57:12.129+0000] {processor.py:183} INFO - Processing /opt/airflow/dags/silver_processing_dag.py took 0.677 seconds
[2026-09-06T08:57:42.901+0000] {processor.py:161} INFO - Started process (PID=44321) to work on /opt/airflow/dags/silver_processing_dag.py
[2026-09-06T08:57:42.918+0000] {processor.py:830} INFO - Processing file /opt/airflow/dags/silver_processing_dag.py for tasks to queue
[2026-09-06T08:57:42.962+0000] {logging_mixin.py:188} INFO - [2026-09-06T08:57:42.955+0000] {dagbag.py:545} INFO - Filling up the DagBag from /opt/airflow/dags/silver_processing_dag.py
[2026-09-06T08:57:43.112+0000] {processor.py:840} INFO - DAG(s) 'process_silver_layer' retrieved from /opt/airflow/dags/silver_processing_dag.py
[2026-09-06T08:57:43.262+0000] {logging_mixin.py:188} INFO - [2026-09-06T08:57:43.252+0000] {dag.py:3096} INFO - Sync 1 DAGs
[2026-09-06T08:57:43.423+0000] {logging_mixin.py:188} INFO - [2026-09-06T08:57:43.422+0000] {dag.py:3954} INFO - Setting next_dagrun for process_silver_layer to None, run_after=None
[2026-09-06T08:57:43.616+0000] {processor.py:183} INFO - Processing /opt/airflow/dags/silver_processing_dag.py took 0.757 seconds
[2026-09-06T08:58:13.969+0000] {processor.py:161} INFO - Started process (PID=44336) to work on /opt/airflow/dags/silver_processing_dag.py
[2026-09-06T08:58:13.986+0000] {processor.py:830} INFO - Processing file /opt/airflow/dags/silver_processing_dag.py for tasks to queue
[2026-09-06T08:58:13.993+0000] {logging_mixin.py:188} INFO - [2026-09-06T08:58:13.991+0000] {dagbag.py:545} INFO - Filling up the DagBag from /opt/airflow/dags/silver_processing_dag.py
[2026-09-06T08:58:14.093+0000] {processor.py:840} INFO - DAG(s) 'process_silver_layer' retrieved from /opt/airflow/dags/silver_processing_dag.py
[2026-09-06T08:58:14.223+0000] {logging_mixin.py:188} INFO - [2026-09-06T08:58:14.222+0000] {dag.py:3096} INFO - Sync 1 DAGs
[2026-09-06T08:58:14.311+0000] {logging_mixin.py:188} INFO - [2026-09-06T08:58:14.310+0000] {dag.py:3954} INFO - Setting next_dagrun for process_silver_layer to None, run_after=None
[2026-09-06T08:58:14.590+0000] {processor.py:183} INFO - Processing /opt/airflow/dags/silver_processing_dag.py took 0.660 seconds
[2026-09-06T08:58:54.174+0000] {processor.py:161} INFO - Started process (PID=44351) to work on /opt/airflow/dags/silver_processing_dag.py
[2026-09-06T08:58:54.418+0000] {processor.py:830} INFO - Processing file /opt/airflow/dags/silver_processing_dag.py for tasks to queue
[2026-09-06T08:58:55.401+0000] {logging_mixin.py:188} INFO - [2026-09-06T08:58:55.399+0000] {dagbag.py:545} INFO - Filling up the DagBag from /opt/airflow/dags/silver_processing_dag.py
[2026-09-06T08:58:57.948+0000] {processor.py:840} INFO - DAG(s) 'process_silver_layer' retrieved from /opt/airflow/dags/silver_processing_dag.py
[2026-09-06T08:58:58.249+0000] {logging_mixin.py:188} INFO - [2026-09-06T08:58:58.248+0000] {dag.py:3096} INFO - Sync 1 DAGs
[2026-09-06T08:58:58.479+0000] {logging_mixin.py:188} INFO - [2026-09-06T08:58:58.478+0000] {dag.py:3954} INFO - Setting next_dagrun for process_silver_layer to None, run_after=None
[2026-09-06T08:58:58.847+0000] {processor.py:183} INFO - Processing /opt/airflow/dags/silver_processing_dag.py took 4.725 seconds
[2026-09-06T08:59:35.680+0000] {processor.py:161} INFO - Started process (PID=44366) to work on /opt/airflow/dags/silver_processing_dag.py
[2026-09-06T08:59:35.709+0000] {processor.py:830} INFO - Processing file /opt/airflow/dags/silver_processing_dag.py for tasks to queue
[2026-09-06T08:59:35.932+0000] {logging_mixin.py:188} INFO - [2026-09-06T08:59:35.928+0000] {dagbag.py:545} INFO - Filling up the DagBag from /opt/airflow/dags/silver_processing_dag.py
[2026-09-06T08:59:40.239+0000] {processor.py:840} INFO - DAG(s) 'process_silver_layer' retrieved from /opt/airflow/dags/silver_processing_dag.py
[2026-09-06T08:59:40.786+0000] {logging_mixin.py:188} INFO - [2026-09-06T08:59:40.785+0000] {dag.py:3096} INFO - Sync 1 DAGs
[2026-09-06T08:59:40.961+0000] {logging_mixin.py:188} INFO - [2026-09-06T08:59:40.960+0000] {dag.py:3954} INFO - Setting next_dagrun for process_silver_layer to None, run_after=None
[2026-09-06T08:59:41.298+0000] {processor.py:183} INFO - Processing /opt/airflow/dags/silver_processing_dag.py took 5.668 seconds
[2026-09-06T09:00:16.725+0000] {processor.py:161} INFO - Started process (PID=44381) to work on /opt/airflow/dags/silver_processing_dag.py
[2026-09-06T09:00:16.859+0000] {processor.py:830} INFO - Processing file /opt/airflow/dags/silver_processing_dag.py for tasks to queue
[2026-09-06T09:00:17.015+0000] {logging_mixin.py:188} INFO - [2026-09-06T09:00:17.014+0000] {dagbag.py:545} INFO - Filling up the DagBag from /opt/airflow/dags/silver_processing_dag.py
[2026-09-06T09:00:20.302+0000] {processor.py:840} INFO - DAG(s) 'process_silver_layer' retrieved from /opt/airflow/dags/silver_processing_dag.py
[2026-09-06T09:00:20.805+0000] {logging_mixin.py:188} INFO - [2026-09-06T09:00:20.804+0000] {dag.py:3096} INFO - Sync 1 DAGs
[2026-09-06T09:00:21.299+0000] {logging_mixin.py:188} INFO - [2026-09-06T09:00:21.298+0000] {dag.py:3954} INFO - Setting next_dagrun for process_silver_layer to None, run_after=None
[2026-09-06T09:00:21.933+0000] {processor.py:183} INFO - Processing /opt/airflow/dags/silver_processing_dag.py took 5.285 seconds
[2026-09-06T09:05:15.105+0000] {processor.py:161} INFO - Started process (PID=44404) to work on /opt/airflow/dags/silver_processing_dag.py
[2026-09-06T09:05:15.512+0000] {processor.py:830} INFO - Processing file /opt/airflow/dags/silver_processing_dag.py for tasks to queue
[2026-09-06T09:05:15.611+0000] {logging_mixin.py:188} INFO - [2026-09-06T09:05:15.599+0000] {dagbag.py:545} INFO - Filling up the DagBag from /opt/airflow/dags/silver_processing_dag.py
[2026-09-06T09:05:18.182+0000] {processor.py:840} INFO - DAG(s) 'process_silver_layer' retrieved from /opt/airflow/dags/silver_processing_dag.py
[2026-09-06T09:05:20.123+0000] {logging_mixin.py:188} INFO - [2026-09-06T09:05:20.122+0000] {dag.py:3096} INFO - Sync 1 DAGs
[2026-09-06T09:05:22.137+0000] {logging_mixin.py:188} INFO - [2026-09-06T09:05:22.136+0000] {dag.py:3954} INFO - Setting next_dagrun for process_silver_layer to None, run_after=None
[2026-09-06T09:05:23.506+0000] {processor.py:183} INFO - Processing /opt/airflow/dags/silver_processing_dag.py took 8.880 seconds
