[2026-07-28T19:00:35.922+0000] {processor.py:161} INFO - Started process (PID=162) to work on /opt/airflow/dags/silver_processing_dag.py
[2026-07-28T19:00:35.981+0000] {processor.py:830} INFO - Processing file /opt/airflow/dags/silver_processing_dag.py for tasks to queue
[2026-07-28T19:00:36.222+0000] {logging_mixin.py:188} INFO - [2026-07-28T19:00:36.221+0000] {dagbag.py:545} INFO - Filling up the DagBag from /opt/airflow/dags/silver_processing_dag.py
[2026-07-28T19:00:36.855+0000] {processor.py:840} INFO - DAG(s) 'process_silver_layer' retrieved from /opt/airflow/dags/silver_processing_dag.py
[2026-07-28T19:00:37.723+0000] {logging_mixin.py:188} INFO - [2026-07-28T19:00:37.722+0000] {dag.py:3096} INFO - Sync 1 DAGs
[2026-07-28T19:00:38.387+0000] {logging_mixin.py:188} INFO - [2026-07-28T19:00:38.387+0000] {dag.py:3954} INFO - Setting next_dagrun for process_silver_layer to None, run_after=None
[2026-07-28T19:00:39.715+0000] {processor.py:183} INFO - Processing /opt/airflow/dags/silver_processing_dag.py took 3.933 seconds
[2026-07-28T19:01:28.713+0000] {processor.py:161} INFO - Started process (PID=183) to work on /opt/airflow/dags/silver_processing_dag.py
[2026-07-28T19:01:28.717+0000] {processor.py:830} INFO - Processing file /opt/airflow/dags/silver_processing_dag.py for tasks to queue
[2026-07-28T19:01:28.742+0000] {logging_mixin.py:188} INFO - [2026-07-28T19:01:28.740+0000] {dagbag.py:545} INFO - Filling up the DagBag from /opt/airflow/dags/silver_processing_dag.py
[2026-07-28T19:01:28.952+0000] {processor.py:840} INFO - DAG(s) 'process_silver_layer' retrieved from /opt/airflow/dags/silver_processing_dag.py
[2026-07-28T19:01:30.381+0000] {logging_mixin.py:188} INFO - [2026-07-28T19:01:30.380+0000] {dag.py:3096} INFO - Sync 1 DAGs
[2026-07-28T19:01:30.434+0000] {logging_mixin.py:188} INFO - [2026-07-28T19:01:30.434+0000] {dag.py:3954} INFO - Setting next_dagrun for process_silver_layer to None, run_after=None
[2026-07-28T19:01:31.218+0000] {processor.py:183} INFO - Processing /opt/airflow/dags/silver_processing_dag.py took 2.545 seconds
[2026-07-28T19:02:02.211+0000] {processor.py:161} INFO - Started process (PID=199) to work on /opt/airflow/dags/silver_processing_dag.py
[2026-07-28T19:02:02.222+0000] {processor.py:830} INFO - Processing file /opt/airflow/dags/silver_processing_dag.py for tasks to queue
[2026-07-28T19:02:02.247+0000] {logging_mixin.py:188} INFO - [2026-07-28T19:02:02.245+0000] {dagbag.py:545} INFO - Filling up the DagBag from /opt/airflow/dags/silver_processing_dag.py
[2026-07-28T19:02:02.647+0000] {processor.py:840} INFO - DAG(s) 'process_silver_layer' retrieved from /opt/airflow/dags/silver_processing_dag.py
[2026-07-28T19:02:02.803+0000] {logging_mixin.py:188} INFO - [2026-07-28T19:02:02.802+0000] {dag.py:3096} INFO - Sync 1 DAGs
[2026-07-28T19:02:02.911+0000] {logging_mixin.py:188} INFO - [2026-07-28T19:02:02.911+0000] {dag.py:3954} INFO - Setting next_dagrun for process_silver_layer to None, run_after=None
[2026-07-28T19:02:03.345+0000] {processor.py:183} INFO - Processing /opt/airflow/dags/silver_processing_dag.py took 1.171 seconds
[2026-07-28T19:02:34.070+0000] {processor.py:161} INFO - Started process (PID=216) to work on /opt/airflow/dags/silver_processing_dag.py
[2026-07-28T19:02:34.075+0000] {processor.py:830} INFO - Processing file /opt/airflow/dags/silver_processing_dag.py for tasks to queue
[2026-07-28T19:02:34.092+0000] {logging_mixin.py:188} INFO - [2026-07-28T19:02:34.091+0000] {dagbag.py:545} INFO - Filling up the DagBag from /opt/airflow/dags/silver_processing_dag.py
[2026-07-28T19:02:34.225+0000] {processor.py:840} INFO - DAG(s) 'process_silver_layer' retrieved from /opt/airflow/dags/silver_processing_dag.py
[2026-07-28T19:02:34.299+0000] {logging_mixin.py:188} INFO - [2026-07-28T19:02:34.298+0000] {dag.py:3096} INFO - Sync 1 DAGs
[2026-07-28T19:02:34.347+0000] {logging_mixin.py:188} INFO - [2026-07-28T19:02:34.347+0000] {dag.py:3954} INFO - Setting next_dagrun for process_silver_layer to None, run_after=None
[2026-07-28T19:02:35.043+0000] {processor.py:183} INFO - Processing /opt/airflow/dags/silver_processing_dag.py took 1.040 seconds
[2026-07-28T19:03:05.436+0000] {processor.py:161} INFO - Started process (PID=299) to work on /opt/airflow/dags/silver_processing_dag.py
[2026-07-28T19:03:05.440+0000] {processor.py:830} INFO - Processing file /opt/airflow/dags/silver_processing_dag.py for tasks to queue
[2026-07-28T19:03:05.452+0000] {logging_mixin.py:188} INFO - [2026-07-28T19:03:05.451+0000] {dagbag.py:545} INFO - Filling up the DagBag from /opt/airflow/dags/silver_processing_dag.py
[2026-07-28T19:03:05.538+0000] {processor.py:840} INFO - DAG(s) 'process_silver_layer' retrieved from /opt/airflow/dags/silver_processing_dag.py
[2026-07-28T19:03:05.612+0000] {logging_mixin.py:188} INFO - [2026-07-28T19:03:05.612+0000] {dag.py:3096} INFO - Sync 1 DAGs
[2026-07-28T19:03:06.204+0000] {logging_mixin.py:188} INFO - [2026-07-28T19:03:06.203+0000] {dag.py:3954} INFO - Setting next_dagrun for process_silver_layer to None, run_after=None
[2026-07-28T19:03:06.496+0000] {processor.py:183} INFO - Processing /opt/airflow/dags/silver_processing_dag.py took 1.090 seconds
[2026-07-28T19:03:40.511+0000] {processor.py:161} INFO - Started process (PID=384) to work on /opt/airflow/dags/silver_processing_dag.py
[2026-07-28T19:03:40.515+0000] {processor.py:830} INFO - Processing file /opt/airflow/dags/silver_processing_dag.py for tasks to queue
[2026-07-28T19:03:40.528+0000] {logging_mixin.py:188} INFO - [2026-07-28T19:03:40.527+0000] {dagbag.py:545} INFO - Filling up the DagBag from /opt/airflow/dags/silver_processing_dag.py
[2026-07-28T19:03:41.250+0000] {processor.py:840} INFO - DAG(s) 'process_silver_layer' retrieved from /opt/airflow/dags/silver_processing_dag.py
[2026-07-28T19:03:41.364+0000] {logging_mixin.py:188} INFO - [2026-07-28T19:03:41.364+0000] {dag.py:3096} INFO - Sync 1 DAGs
[2026-07-28T19:03:41.451+0000] {logging_mixin.py:188} INFO - [2026-07-28T19:03:41.440+0000] {dag.py:3954} INFO - Setting next_dagrun for process_silver_layer to None, run_after=None
[2026-07-28T19:03:41.621+0000] {processor.py:183} INFO - Processing /opt/airflow/dags/silver_processing_dag.py took 1.204 seconds
[2026-07-28T19:04:12.518+0000] {processor.py:161} INFO - Started process (PID=419) to work on /opt/airflow/dags/silver_processing_dag.py
[2026-07-28T19:04:12.520+0000] {processor.py:830} INFO - Processing file /opt/airflow/dags/silver_processing_dag.py for tasks to queue
[2026-07-28T19:04:12.528+0000] {logging_mixin.py:188} INFO - [2026-07-28T19:04:12.527+0000] {dagbag.py:545} INFO - Filling up the DagBag from /opt/airflow/dags/silver_processing_dag.py
[2026-07-28T19:04:12.599+0000] {processor.py:840} INFO - DAG(s) 'process_silver_layer' retrieved from /opt/airflow/dags/silver_processing_dag.py
[2026-07-28T19:04:12.673+0000] {logging_mixin.py:188} INFO - [2026-07-28T19:04:12.671+0000] {dag.py:3096} INFO - Sync 1 DAGs
[2026-07-28T19:04:12.750+0000] {logging_mixin.py:188} INFO - [2026-07-28T19:04:12.749+0000] {dag.py:3954} INFO - Setting next_dagrun for process_silver_layer to None, run_after=None
[2026-07-28T19:04:12.852+0000] {processor.py:183} INFO - Processing /opt/airflow/dags/silver_processing_dag.py took 0.362 seconds
[2026-07-28T19:04:43.484+0000] {processor.py:161} INFO - Started process (PID=524) to work on /opt/airflow/dags/silver_processing_dag.py
[2026-07-28T19:04:43.487+0000] {processor.py:830} INFO - Processing file /opt/airflow/dags/silver_processing_dag.py for tasks to queue
[2026-07-28T19:04:43.493+0000] {logging_mixin.py:188} INFO - [2026-07-28T19:04:43.491+0000] {dagbag.py:545} INFO - Filling up the DagBag from /opt/airflow/dags/silver_processing_dag.py
[2026-07-28T19:04:43.557+0000] {processor.py:840} INFO - DAG(s) 'process_silver_layer' retrieved from /opt/airflow/dags/silver_processing_dag.py
[2026-07-28T19:04:43.614+0000] {logging_mixin.py:188} INFO - [2026-07-28T19:04:43.614+0000] {dag.py:3096} INFO - Sync 1 DAGs
[2026-07-28T19:04:43.657+0000] {logging_mixin.py:188} INFO - [2026-07-28T19:04:43.656+0000] {dag.py:3954} INFO - Setting next_dagrun for process_silver_layer to None, run_after=None
[2026-07-28T19:04:43.820+0000] {processor.py:183} INFO - Processing /opt/airflow/dags/silver_processing_dag.py took 0.350 seconds
[2026-07-28T19:05:14.633+0000] {processor.py:161} INFO - Started process (PID=583) to work on /opt/airflow/dags/silver_processing_dag.py
[2026-07-28T19:05:14.709+0000] {processor.py:830} INFO - Processing file /opt/airflow/dags/silver_processing_dag.py for tasks to queue
[2026-07-28T19:05:14.725+0000] {logging_mixin.py:188} INFO - [2026-07-28T19:05:14.722+0000] {dagbag.py:545} INFO - Filling up the DagBag from /opt/airflow/dags/silver_processing_dag.py
[2026-07-28T19:05:14.843+0000] {processor.py:840} INFO - DAG(s) 'process_silver_layer' retrieved from /opt/airflow/dags/silver_processing_dag.py
[2026-07-28T19:05:14.945+0000] {logging_mixin.py:188} INFO - [2026-07-28T19:05:14.944+0000] {dag.py:3096} INFO - Sync 1 DAGs
[2026-07-28T19:05:15.011+0000] {logging_mixin.py:188} INFO - [2026-07-28T19:05:15.010+0000] {dag.py:3954} INFO - Setting next_dagrun for process_silver_layer to None, run_after=None
[2026-07-28T19:05:15.229+0000] {processor.py:183} INFO - Processing /opt/airflow/dags/silver_processing_dag.py took 0.646 seconds
[2026-07-28T19:05:46.382+0000] {processor.py:161} INFO - Started process (PID=612) to work on /opt/airflow/dags/silver_processing_dag.py
[2026-07-28T19:05:46.396+0000] {processor.py:830} INFO - Processing file /opt/airflow/dags/silver_processing_dag.py for tasks to queue
[2026-07-28T19:05:46.415+0000] {logging_mixin.py:188} INFO - [2026-07-28T19:05:46.414+0000] {dagbag.py:545} INFO - Filling up the DagBag from /opt/airflow/dags/silver_processing_dag.py
[2026-07-28T19:05:46.528+0000] {processor.py:840} INFO - DAG(s) 'process_silver_layer' retrieved from /opt/airflow/dags/silver_processing_dag.py
[2026-07-28T19:05:46.812+0000] {logging_mixin.py:188} INFO - [2026-07-28T19:05:46.811+0000] {dag.py:3096} INFO - Sync 1 DAGs
[2026-07-28T19:05:47.107+0000] {logging_mixin.py:188} INFO - [2026-07-28T19:05:47.106+0000] {dag.py:3954} INFO - Setting next_dagrun for process_silver_layer to None, run_after=None
[2026-07-28T19:05:47.797+0000] {processor.py:183} INFO - Processing /opt/airflow/dags/silver_processing_dag.py took 1.457 seconds
[2026-07-28T19:06:18.785+0000] {processor.py:161} INFO - Started process (PID=629) to work on /opt/airflow/dags/silver_processing_dag.py
[2026-07-28T19:06:18.790+0000] {processor.py:830} INFO - Processing file /opt/airflow/dags/silver_processing_dag.py for tasks to queue
[2026-07-28T19:06:18.803+0000] {logging_mixin.py:188} INFO - [2026-07-28T19:06:18.801+0000] {dagbag.py:545} INFO - Filling up the DagBag from /opt/airflow/dags/silver_processing_dag.py
[2026-07-28T19:06:18.895+0000] {processor.py:840} INFO - DAG(s) 'process_silver_layer' retrieved from /opt/airflow/dags/silver_processing_dag.py
[2026-07-28T19:06:18.966+0000] {logging_mixin.py:188} INFO - [2026-07-28T19:06:18.966+0000] {dag.py:3096} INFO - Sync 1 DAGs
[2026-07-28T19:06:18.997+0000] {logging_mixin.py:188} INFO - [2026-07-28T19:06:18.996+0000] {dag.py:3954} INFO - Setting next_dagrun for process_silver_layer to None, run_after=None
[2026-07-28T19:06:19.117+0000] {processor.py:183} INFO - Processing /opt/airflow/dags/silver_processing_dag.py took 0.360 seconds
[2026-07-28T19:06:49.487+0000] {processor.py:161} INFO - Started process (PID=647) to work on /opt/airflow/dags/silver_processing_dag.py
[2026-07-28T19:06:49.489+0000] {processor.py:830} INFO - Processing file /opt/airflow/dags/silver_processing_dag.py for tasks to queue
[2026-07-28T19:06:49.501+0000] {logging_mixin.py:188} INFO - [2026-07-28T19:06:49.494+0000] {dagbag.py:545} INFO - Filling up the DagBag from /opt/airflow/dags/silver_processing_dag.py
[2026-07-28T19:06:49.555+0000] {processor.py:840} INFO - DAG(s) 'process_silver_layer' retrieved from /opt/airflow/dags/silver_processing_dag.py
[2026-07-28T19:06:49.660+0000] {logging_mixin.py:188} INFO - [2026-07-28T19:06:49.660+0000] {dag.py:3096} INFO - Sync 1 DAGs
[2026-07-28T19:06:49.724+0000] {logging_mixin.py:188} INFO - [2026-07-28T19:06:49.723+0000] {dag.py:3954} INFO - Setting next_dagrun for process_silver_layer to None, run_after=None
[2026-07-28T19:06:49.792+0000] {processor.py:183} INFO - Processing /opt/airflow/dags/silver_processing_dag.py took 0.327 seconds
[2026-07-28T19:07:20.308+0000] {processor.py:161} INFO - Started process (PID=663) to work on /opt/airflow/dags/silver_processing_dag.py
[2026-07-28T19:07:20.312+0000] {processor.py:830} INFO - Processing file /opt/airflow/dags/silver_processing_dag.py for tasks to queue
[2026-07-28T19:07:20.321+0000] {logging_mixin.py:188} INFO - [2026-07-28T19:07:20.319+0000] {dagbag.py:545} INFO - Filling up the DagBag from /opt/airflow/dags/silver_processing_dag.py
[2026-07-28T19:07:20.467+0000] {processor.py:840} INFO - DAG(s) 'process_silver_layer' retrieved from /opt/airflow/dags/silver_processing_dag.py
[2026-07-28T19:07:20.562+0000] {logging_mixin.py:188} INFO - [2026-07-28T19:07:20.562+0000] {dag.py:3096} INFO - Sync 1 DAGs
[2026-07-28T19:07:20.593+0000] {logging_mixin.py:188} INFO - [2026-07-28T19:07:20.592+0000] {dag.py:3954} INFO - Setting next_dagrun for process_silver_layer to None, run_after=None
[2026-07-28T19:07:20.640+0000] {processor.py:183} INFO - Processing /opt/airflow/dags/silver_processing_dag.py took 0.356 seconds
[2026-07-28T19:07:51.000+0000] {processor.py:161} INFO - Started process (PID=679) to work on /opt/airflow/dags/silver_processing_dag.py
[2026-07-28T19:07:51.003+0000] {processor.py:830} INFO - Processing file /opt/airflow/dags/silver_processing_dag.py for tasks to queue
[2026-07-28T19:07:51.009+0000] {logging_mixin.py:188} INFO - [2026-07-28T19:07:51.008+0000] {dagbag.py:545} INFO - Filling up the DagBag from /opt/airflow/dags/silver_processing_dag.py
[2026-07-28T19:07:51.067+0000] {processor.py:840} INFO - DAG(s) 'process_silver_layer' retrieved from /opt/airflow/dags/silver_processing_dag.py
[2026-07-28T19:07:51.177+0000] {logging_mixin.py:188} INFO - [2026-07-28T19:07:51.177+0000] {dag.py:3096} INFO - Sync 1 DAGs
[2026-07-28T19:07:51.343+0000] {logging_mixin.py:188} INFO - [2026-07-28T19:07:51.342+0000] {dag.py:3954} INFO - Setting next_dagrun for process_silver_layer to None, run_after=None
[2026-07-28T19:07:51.447+0000] {processor.py:183} INFO - Processing /opt/airflow/dags/silver_processing_dag.py took 0.468 seconds
[2026-07-28T19:08:21.887+0000] {processor.py:161} INFO - Started process (PID=695) to work on /opt/airflow/dags/silver_processing_dag.py
[2026-07-28T19:08:21.890+0000] {processor.py:830} INFO - Processing file /opt/airflow/dags/silver_processing_dag.py for tasks to queue
[2026-07-28T19:08:21.895+0000] {logging_mixin.py:188} INFO - [2026-07-28T19:08:21.894+0000] {dagbag.py:545} INFO - Filling up the DagBag from /opt/airflow/dags/silver_processing_dag.py
[2026-07-28T19:08:21.930+0000] {processor.py:840} INFO - DAG(s) 'process_silver_layer' retrieved from /opt/airflow/dags/silver_processing_dag.py
[2026-07-28T19:08:21.977+0000] {logging_mixin.py:188} INFO - [2026-07-28T19:08:21.977+0000] {dag.py:3096} INFO - Sync 1 DAGs
[2026-07-28T19:08:22.014+0000] {logging_mixin.py:188} INFO - [2026-07-28T19:08:22.013+0000] {dag.py:3954} INFO - Setting next_dagrun for process_silver_layer to None, run_after=None
[2026-07-28T19:08:22.065+0000] {processor.py:183} INFO - Processing /opt/airflow/dags/silver_processing_dag.py took 0.189 seconds
[2026-07-28T19:08:52.317+0000] {processor.py:161} INFO - Started process (PID=710) to work on /opt/airflow/dags/silver_processing_dag.py
[2026-07-28T19:08:52.325+0000] {processor.py:830} INFO - Processing file /opt/airflow/dags/silver_processing_dag.py for tasks to queue
[2026-07-28T19:08:52.383+0000] {logging_mixin.py:188} INFO - [2026-07-28T19:08:52.368+0000] {dagbag.py:545} INFO - Filling up the DagBag from /opt/airflow/dags/silver_processing_dag.py
[2026-07-28T19:08:52.463+0000] {processor.py:840} INFO - DAG(s) 'process_silver_layer' retrieved from /opt/airflow/dags/silver_processing_dag.py
[2026-07-28T19:08:52.521+0000] {logging_mixin.py:188} INFO - [2026-07-28T19:08:52.520+0000] {dag.py:3096} INFO - Sync 1 DAGs
[2026-07-28T19:08:52.564+0000] {logging_mixin.py:188} INFO - [2026-07-28T19:08:52.563+0000] {dag.py:3954} INFO - Setting next_dagrun for process_silver_layer to None, run_after=None
[2026-07-28T19:08:52.625+0000] {processor.py:183} INFO - Processing /opt/airflow/dags/silver_processing_dag.py took 0.371 seconds
[2026-07-28T19:09:23.164+0000] {processor.py:161} INFO - Started process (PID=727) to work on /opt/airflow/dags/silver_processing_dag.py
[2026-07-28T19:09:23.168+0000] {processor.py:830} INFO - Processing file /opt/airflow/dags/silver_processing_dag.py for tasks to queue
[2026-07-28T19:09:23.180+0000] {logging_mixin.py:188} INFO - [2026-07-28T19:09:23.179+0000] {dagbag.py:545} INFO - Filling up the DagBag from /opt/airflow/dags/silver_processing_dag.py
[2026-07-28T19:09:23.252+0000] {processor.py:840} INFO - DAG(s) 'process_silver_layer' retrieved from /opt/airflow/dags/silver_processing_dag.py
[2026-07-28T19:09:23.329+0000] {logging_mixin.py:188} INFO - [2026-07-28T19:09:23.328+0000] {dag.py:3096} INFO - Sync 1 DAGs
[2026-07-28T19:09:23.376+0000] {logging_mixin.py:188} INFO - [2026-07-28T19:09:23.375+0000] {dag.py:3954} INFO - Setting next_dagrun for process_silver_layer to None, run_after=None
[2026-07-28T19:09:23.719+0000] {processor.py:183} INFO - Processing /opt/airflow/dags/silver_processing_dag.py took 0.584 seconds
[2026-07-28T19:09:54.485+0000] {processor.py:161} INFO - Started process (PID=743) to work on /opt/airflow/dags/silver_processing_dag.py
[2026-07-28T19:09:54.488+0000] {processor.py:830} INFO - Processing file /opt/airflow/dags/silver_processing_dag.py for tasks to queue
[2026-07-28T19:09:54.495+0000] {logging_mixin.py:188} INFO - [2026-07-28T19:09:54.494+0000] {dagbag.py:545} INFO - Filling up the DagBag from /opt/airflow/dags/silver_processing_dag.py
[2026-07-28T19:09:54.545+0000] {processor.py:840} INFO - DAG(s) 'process_silver_layer' retrieved from /opt/airflow/dags/silver_processing_dag.py
[2026-07-28T19:09:54.625+0000] {logging_mixin.py:188} INFO - [2026-07-28T19:09:54.624+0000] {dag.py:3096} INFO - Sync 1 DAGs
[2026-07-28T19:09:54.653+0000] {logging_mixin.py:188} INFO - [2026-07-28T19:09:54.652+0000] {dag.py:3954} INFO - Setting next_dagrun for process_silver_layer to None, run_after=None
[2026-07-28T19:09:54.720+0000] {processor.py:183} INFO - Processing /opt/airflow/dags/silver_processing_dag.py took 0.250 seconds
[2026-07-28T19:10:25.644+0000] {processor.py:161} INFO - Started process (PID=758) to work on /opt/airflow/dags/silver_processing_dag.py
[2026-07-28T19:10:25.647+0000] {processor.py:830} INFO - Processing file /opt/airflow/dags/silver_processing_dag.py for tasks to queue
[2026-07-28T19:10:25.654+0000] {logging_mixin.py:188} INFO - [2026-07-28T19:10:25.653+0000] {dagbag.py:545} INFO - Filling up the DagBag from /opt/airflow/dags/silver_processing_dag.py
[2026-07-28T19:10:25.705+0000] {processor.py:840} INFO - DAG(s) 'process_silver_layer' retrieved from /opt/airflow/dags/silver_processing_dag.py
[2026-07-28T19:10:25.762+0000] {logging_mixin.py:188} INFO - [2026-07-28T19:10:25.762+0000] {dag.py:3096} INFO - Sync 1 DAGs
[2026-07-28T19:10:25.793+0000] {logging_mixin.py:188} INFO - [2026-07-28T19:10:25.792+0000] {dag.py:3954} INFO - Setting next_dagrun for process_silver_layer to None, run_after=None
[2026-07-28T19:10:25.836+0000] {processor.py:183} INFO - Processing /opt/airflow/dags/silver_processing_dag.py took 0.210 seconds
[2026-07-28T19:10:56.059+0000] {processor.py:161} INFO - Started process (PID=774) to work on /opt/airflow/dags/silver_processing_dag.py
[2026-07-28T19:10:56.062+0000] {processor.py:830} INFO - Processing file /opt/airflow/dags/silver_processing_dag.py for tasks to queue
[2026-07-28T19:10:56.067+0000] {logging_mixin.py:188} INFO - [2026-07-28T19:10:56.067+0000] {dagbag.py:545} INFO - Filling up the DagBag from /opt/airflow/dags/silver_processing_dag.py
[2026-07-28T19:10:56.108+0000] {processor.py:840} INFO - DAG(s) 'process_silver_layer' retrieved from /opt/airflow/dags/silver_processing_dag.py
[2026-07-28T19:10:56.154+0000] {logging_mixin.py:188} INFO - [2026-07-28T19:10:56.154+0000] {dag.py:3096} INFO - Sync 1 DAGs
[2026-07-28T19:10:56.181+0000] {logging_mixin.py:188} INFO - [2026-07-28T19:10:56.181+0000] {dag.py:3954} INFO - Setting next_dagrun for process_silver_layer to None, run_after=None
[2026-07-28T19:10:56.230+0000] {processor.py:183} INFO - Processing /opt/airflow/dags/silver_processing_dag.py took 0.196 seconds
[2026-07-28T19:11:26.347+0000] {processor.py:161} INFO - Started process (PID=790) to work on /opt/airflow/dags/silver_processing_dag.py
[2026-07-28T19:11:26.350+0000] {processor.py:830} INFO - Processing file /opt/airflow/dags/silver_processing_dag.py for tasks to queue
[2026-07-28T19:11:26.358+0000] {logging_mixin.py:188} INFO - [2026-07-28T19:11:26.357+0000] {dagbag.py:545} INFO - Filling up the DagBag from /opt/airflow/dags/silver_processing_dag.py
[2026-07-28T19:11:26.409+0000] {processor.py:840} INFO - DAG(s) 'process_silver_layer' retrieved from /opt/airflow/dags/silver_processing_dag.py
[2026-07-28T19:11:26.463+0000] {logging_mixin.py:188} INFO - [2026-07-28T19:11:26.463+0000] {dag.py:3096} INFO - Sync 1 DAGs
[2026-07-28T19:11:26.503+0000] {logging_mixin.py:188} INFO - [2026-07-28T19:11:26.502+0000] {dag.py:3954} INFO - Setting next_dagrun for process_silver_layer to None, run_after=None
[2026-07-28T19:11:26.856+0000] {processor.py:183} INFO - Processing /opt/airflow/dags/silver_processing_dag.py took 0.532 seconds
[2026-07-28T19:11:57.154+0000] {processor.py:161} INFO - Started process (PID=806) to work on /opt/airflow/dags/silver_processing_dag.py
[2026-07-28T19:11:57.157+0000] {processor.py:830} INFO - Processing file /opt/airflow/dags/silver_processing_dag.py for tasks to queue
[2026-07-28T19:11:57.167+0000] {logging_mixin.py:188} INFO - [2026-07-28T19:11:57.165+0000] {dagbag.py:545} INFO - Filling up the DagBag from /opt/airflow/dags/silver_processing_dag.py
[2026-07-28T19:11:57.208+0000] {processor.py:840} INFO - DAG(s) 'process_silver_layer' retrieved from /opt/airflow/dags/silver_processing_dag.py
[2026-07-28T19:11:57.269+0000] {logging_mixin.py:188} INFO - [2026-07-28T19:11:57.269+0000] {dag.py:3096} INFO - Sync 1 DAGs
[2026-07-28T19:11:57.308+0000] {logging_mixin.py:188} INFO - [2026-07-28T19:11:57.308+0000] {dag.py:3954} INFO - Setting next_dagrun for process_silver_layer to None, run_after=None
[2026-07-28T19:11:57.369+0000] {processor.py:183} INFO - Processing /opt/airflow/dags/silver_processing_dag.py took 0.235 seconds
[2026-07-28T19:12:27.849+0000] {processor.py:161} INFO - Started process (PID=816) to work on /opt/airflow/dags/silver_processing_dag.py
[2026-07-28T19:12:27.862+0000] {processor.py:830} INFO - Processing file /opt/airflow/dags/silver_processing_dag.py for tasks to queue
[2026-07-28T19:12:27.869+0000] {logging_mixin.py:188} INFO - [2026-07-28T19:12:27.868+0000] {dagbag.py:545} INFO - Filling up the DagBag from /opt/airflow/dags/silver_processing_dag.py
[2026-07-28T19:12:27.994+0000] {processor.py:840} INFO - DAG(s) 'process_silver_layer' retrieved from /opt/airflow/dags/silver_processing_dag.py
[2026-07-28T19:12:28.177+0000] {logging_mixin.py:188} INFO - [2026-07-28T19:12:28.176+0000] {dag.py:3096} INFO - Sync 1 DAGs
[2026-07-28T19:12:28.281+0000] {logging_mixin.py:188} INFO - [2026-07-28T19:12:28.280+0000] {dag.py:3954} INFO - Setting next_dagrun for process_silver_layer to None, run_after=None
[2026-07-28T19:12:28.449+0000] {processor.py:183} INFO - Processing /opt/airflow/dags/silver_processing_dag.py took 0.646 seconds
[2026-07-28T19:12:59.333+0000] {processor.py:161} INFO - Started process (PID=832) to work on /opt/airflow/dags/silver_processing_dag.py
[2026-07-28T19:12:59.340+0000] {processor.py:830} INFO - Processing file /opt/airflow/dags/silver_processing_dag.py for tasks to queue
[2026-07-28T19:12:59.352+0000] {logging_mixin.py:188} INFO - [2026-07-28T19:12:59.351+0000] {dagbag.py:545} INFO - Filling up the DagBag from /opt/airflow/dags/silver_processing_dag.py
[2026-07-28T19:12:59.543+0000] {processor.py:840} INFO - DAG(s) 'process_silver_layer' retrieved from /opt/airflow/dags/silver_processing_dag.py
[2026-07-28T19:12:59.904+0000] {logging_mixin.py:188} INFO - [2026-07-28T19:12:59.894+0000] {dag.py:3096} INFO - Sync 1 DAGs
[2026-07-28T19:13:00.072+0000] {logging_mixin.py:188} INFO - [2026-07-28T19:13:00.071+0000] {dag.py:3954} INFO - Setting next_dagrun for process_silver_layer to None, run_after=None
[2026-07-28T19:13:00.241+0000] {processor.py:183} INFO - Processing /opt/airflow/dags/silver_processing_dag.py took 0.949 seconds
[2026-07-28T19:13:30.650+0000] {processor.py:161} INFO - Started process (PID=849) to work on /opt/airflow/dags/silver_processing_dag.py
[2026-07-28T19:13:30.656+0000] {processor.py:830} INFO - Processing file /opt/airflow/dags/silver_processing_dag.py for tasks to queue
[2026-07-28T19:13:30.664+0000] {logging_mixin.py:188} INFO - [2026-07-28T19:13:30.663+0000] {dagbag.py:545} INFO - Filling up the DagBag from /opt/airflow/dags/silver_processing_dag.py
[2026-07-28T19:13:30.739+0000] {processor.py:840} INFO - DAG(s) 'process_silver_layer' retrieved from /opt/airflow/dags/silver_processing_dag.py
[2026-07-28T19:13:30.830+0000] {logging_mixin.py:188} INFO - [2026-07-28T19:13:30.830+0000] {dag.py:3096} INFO - Sync 1 DAGs
[2026-07-28T19:13:30.868+0000] {logging_mixin.py:188} INFO - [2026-07-28T19:13:30.867+0000] {dag.py:3954} INFO - Setting next_dagrun for process_silver_layer to None, run_after=None
[2026-07-28T19:13:31.344+0000] {processor.py:183} INFO - Processing /opt/airflow/dags/silver_processing_dag.py took 0.723 seconds
[2026-07-28T19:14:01.561+0000] {processor.py:161} INFO - Started process (PID=864) to work on /opt/airflow/dags/silver_processing_dag.py
[2026-07-28T19:14:01.566+0000] {processor.py:830} INFO - Processing file /opt/airflow/dags/silver_processing_dag.py for tasks to queue
[2026-07-28T19:14:01.582+0000] {logging_mixin.py:188} INFO - [2026-07-28T19:14:01.581+0000] {dagbag.py:545} INFO - Filling up the DagBag from /opt/airflow/dags/silver_processing_dag.py
[2026-07-28T19:14:01.651+0000] {processor.py:840} INFO - DAG(s) 'process_silver_layer' retrieved from /opt/airflow/dags/silver_processing_dag.py
[2026-07-28T19:14:01.726+0000] {logging_mixin.py:188} INFO - [2026-07-28T19:14:01.725+0000] {dag.py:3096} INFO - Sync 1 DAGs
[2026-07-28T19:14:01.758+0000] {logging_mixin.py:188} INFO - [2026-07-28T19:14:01.757+0000] {dag.py:3954} INFO - Setting next_dagrun for process_silver_layer to None, run_after=None
[2026-07-28T19:14:01.828+0000] {processor.py:183} INFO - Processing /opt/airflow/dags/silver_processing_dag.py took 0.289 seconds
[2026-07-28T19:14:32.992+0000] {processor.py:161} INFO - Started process (PID=882) to work on /opt/airflow/dags/silver_processing_dag.py
[2026-07-28T19:14:32.997+0000] {processor.py:830} INFO - Processing file /opt/airflow/dags/silver_processing_dag.py for tasks to queue
[2026-07-28T19:14:33.014+0000] {logging_mixin.py:188} INFO - [2026-07-28T19:14:33.012+0000] {dagbag.py:545} INFO - Filling up the DagBag from /opt/airflow/dags/silver_processing_dag.py
[2026-07-28T19:14:33.268+0000] {processor.py:840} INFO - DAG(s) 'process_silver_layer' retrieved from /opt/airflow/dags/silver_processing_dag.py
[2026-07-28T19:14:33.844+0000] {logging_mixin.py:188} INFO - [2026-07-28T19:14:33.843+0000] {dag.py:3096} INFO - Sync 1 DAGs
[2026-07-28T19:14:34.012+0000] {logging_mixin.py:188} INFO - [2026-07-28T19:14:34.011+0000] {dag.py:3954} INFO - Setting next_dagrun for process_silver_layer to None, run_after=None
[2026-07-28T19:14:35.457+0000] {processor.py:183} INFO - Processing /opt/airflow/dags/silver_processing_dag.py took 2.524 seconds
[2026-07-28T19:15:05.874+0000] {processor.py:161} INFO - Started process (PID=898) to work on /opt/airflow/dags/silver_processing_dag.py
[2026-07-28T19:15:05.881+0000] {processor.py:830} INFO - Processing file /opt/airflow/dags/silver_processing_dag.py for tasks to queue
[2026-07-28T19:15:05.893+0000] {logging_mixin.py:188} INFO - [2026-07-28T19:15:05.892+0000] {dagbag.py:545} INFO - Filling up the DagBag from /opt/airflow/dags/silver_processing_dag.py
[2026-07-28T19:15:05.988+0000] {processor.py:840} INFO - DAG(s) 'process_silver_layer' retrieved from /opt/airflow/dags/silver_processing_dag.py
[2026-07-28T19:15:06.069+0000] {logging_mixin.py:188} INFO - [2026-07-28T19:15:06.068+0000] {dag.py:3096} INFO - Sync 1 DAGs
[2026-07-28T19:15:06.119+0000] {logging_mixin.py:188} INFO - [2026-07-28T19:15:06.118+0000] {dag.py:3954} INFO - Setting next_dagrun for process_silver_layer to None, run_after=None
[2026-07-28T19:15:06.207+0000] {processor.py:183} INFO - Processing /opt/airflow/dags/silver_processing_dag.py took 0.354 seconds
[2026-07-28T19:15:36.877+0000] {processor.py:161} INFO - Started process (PID=913) to work on /opt/airflow/dags/silver_processing_dag.py
[2026-07-28T19:15:36.888+0000] {processor.py:830} INFO - Processing file /opt/airflow/dags/silver_processing_dag.py for tasks to queue
[2026-07-28T19:15:36.896+0000] {logging_mixin.py:188} INFO - [2026-07-28T19:15:36.894+0000] {dagbag.py:545} INFO - Filling up the DagBag from /opt/airflow/dags/silver_processing_dag.py
[2026-07-28T19:15:37.055+0000] {processor.py:840} INFO - DAG(s) 'process_silver_layer' retrieved from /opt/airflow/dags/silver_processing_dag.py
[2026-07-28T19:15:37.286+0000] {logging_mixin.py:188} INFO - [2026-07-28T19:15:37.286+0000] {dag.py:3096} INFO - Sync 1 DAGs
[2026-07-28T19:15:37.440+0000] {logging_mixin.py:188} INFO - [2026-07-28T19:15:37.440+0000] {dag.py:3954} INFO - Setting next_dagrun for process_silver_layer to None, run_after=None
[2026-07-28T19:15:37.663+0000] {processor.py:183} INFO - Processing /opt/airflow/dags/silver_processing_dag.py took 0.822 seconds
[2026-07-28T19:16:08.589+0000] {processor.py:161} INFO - Started process (PID=929) to work on /opt/airflow/dags/silver_processing_dag.py
[2026-07-28T19:16:08.592+0000] {processor.py:830} INFO - Processing file /opt/airflow/dags/silver_processing_dag.py for tasks to queue
[2026-07-28T19:16:08.605+0000] {logging_mixin.py:188} INFO - [2026-07-28T19:16:08.603+0000] {dagbag.py:545} INFO - Filling up the DagBag from /opt/airflow/dags/silver_processing_dag.py
[2026-07-28T19:16:08.882+0000] {processor.py:840} INFO - DAG(s) 'process_silver_layer' retrieved from /opt/airflow/dags/silver_processing_dag.py
[2026-07-28T19:16:08.994+0000] {logging_mixin.py:188} INFO - [2026-07-28T19:16:08.993+0000] {dag.py:3096} INFO - Sync 1 DAGs
[2026-07-28T19:16:09.080+0000] {logging_mixin.py:188} INFO - [2026-07-28T19:16:09.079+0000] {dag.py:3954} INFO - Setting next_dagrun for process_silver_layer to None, run_after=None
[2026-07-28T19:16:09.361+0000] {processor.py:183} INFO - Processing /opt/airflow/dags/silver_processing_dag.py took 0.801 seconds
[2026-07-28T19:16:39.918+0000] {processor.py:161} INFO - Started process (PID=987) to work on /opt/airflow/dags/silver_processing_dag.py
[2026-07-28T19:16:39.931+0000] {processor.py:830} INFO - Processing file /opt/airflow/dags/silver_processing_dag.py for tasks to queue
[2026-07-28T19:16:39.951+0000] {logging_mixin.py:188} INFO - [2026-07-28T19:16:39.940+0000] {dagbag.py:545} INFO - Filling up the DagBag from /opt/airflow/dags/silver_processing_dag.py
[2026-07-28T19:16:40.098+0000] {processor.py:840} INFO - DAG(s) 'process_silver_layer' retrieved from /opt/airflow/dags/silver_processing_dag.py
[2026-07-28T19:16:40.402+0000] {logging_mixin.py:188} INFO - [2026-07-28T19:16:40.401+0000] {dag.py:3096} INFO - Sync 1 DAGs
[2026-07-28T19:16:40.621+0000] {logging_mixin.py:188} INFO - [2026-07-28T19:16:40.620+0000] {dag.py:3954} INFO - Setting next_dagrun for process_silver_layer to None, run_after=None
[2026-07-28T19:16:40.782+0000] {processor.py:183} INFO - Processing /opt/airflow/dags/silver_processing_dag.py took 0.926 seconds
[2026-07-28T19:17:19.562+0000] {processor.py:161} INFO - Started process (PID=1044) to work on /opt/airflow/dags/silver_processing_dag.py
[2026-07-28T19:17:19.624+0000] {processor.py:830} INFO - Processing file /opt/airflow/dags/silver_processing_dag.py for tasks to queue
[2026-07-28T19:17:19.638+0000] {logging_mixin.py:188} INFO - [2026-07-28T19:17:19.637+0000] {dagbag.py:545} INFO - Filling up the DagBag from /opt/airflow/dags/silver_processing_dag.py
[2026-07-28T19:17:19.969+0000] {processor.py:840} INFO - DAG(s) 'process_silver_layer' retrieved from /opt/airflow/dags/silver_processing_dag.py
[2026-07-28T19:17:20.496+0000] {logging_mixin.py:188} INFO - [2026-07-28T19:17:20.495+0000] {dag.py:3096} INFO - Sync 1 DAGs
[2026-07-28T19:17:20.575+0000] {logging_mixin.py:188} INFO - [2026-07-28T19:17:20.575+0000] {dag.py:3954} INFO - Setting next_dagrun for process_silver_layer to None, run_after=None
[2026-07-28T19:17:21.375+0000] {processor.py:183} INFO - Processing /opt/airflow/dags/silver_processing_dag.py took 1.888 seconds
[2026-07-28T19:17:51.873+0000] {processor.py:161} INFO - Started process (PID=1062) to work on /opt/airflow/dags/silver_processing_dag.py
[2026-07-28T19:17:51.889+0000] {processor.py:830} INFO - Processing file /opt/airflow/dags/silver_processing_dag.py for tasks to queue
[2026-07-28T19:17:51.916+0000] {logging_mixin.py:188} INFO - [2026-07-28T19:17:51.914+0000] {dagbag.py:545} INFO - Filling up the DagBag from /opt/airflow/dags/silver_processing_dag.py
[2026-07-28T19:17:52.022+0000] {processor.py:840} INFO - DAG(s) 'process_silver_layer' retrieved from /opt/airflow/dags/silver_processing_dag.py
[2026-07-28T19:17:52.149+0000] {logging_mixin.py:188} INFO - [2026-07-28T19:17:52.148+0000] {dag.py:3096} INFO - Sync 1 DAGs
[2026-07-28T19:17:52.253+0000] {logging_mixin.py:188} INFO - [2026-07-28T19:17:52.253+0000] {dag.py:3954} INFO - Setting next_dagrun for process_silver_layer to None, run_after=None
[2026-07-28T19:17:52.371+0000] {processor.py:183} INFO - Processing /opt/airflow/dags/silver_processing_dag.py took 0.538 seconds
[2026-07-28T19:18:22.912+0000] {processor.py:161} INFO - Started process (PID=1078) to work on /opt/airflow/dags/silver_processing_dag.py
[2026-07-28T19:18:22.917+0000] {processor.py:830} INFO - Processing file /opt/airflow/dags/silver_processing_dag.py for tasks to queue
[2026-07-28T19:18:22.924+0000] {logging_mixin.py:188} INFO - [2026-07-28T19:18:22.923+0000] {dagbag.py:545} INFO - Filling up the DagBag from /opt/airflow/dags/silver_processing_dag.py
[2026-07-28T19:18:23.016+0000] {processor.py:840} INFO - DAG(s) 'process_silver_layer' retrieved from /opt/airflow/dags/silver_processing_dag.py
[2026-07-28T19:18:23.143+0000] {logging_mixin.py:188} INFO - [2026-07-28T19:18:23.143+0000] {dag.py:3096} INFO - Sync 1 DAGs
[2026-07-28T19:18:23.223+0000] {logging_mixin.py:188} INFO - [2026-07-28T19:18:23.222+0000] {dag.py:3954} INFO - Setting next_dagrun for process_silver_layer to None, run_after=None
[2026-07-28T19:18:23.354+0000] {processor.py:183} INFO - Processing /opt/airflow/dags/silver_processing_dag.py took 0.468 seconds
[2026-07-28T19:18:54.986+0000] {processor.py:161} INFO - Started process (PID=1098) to work on /opt/airflow/dags/silver_processing_dag.py
[2026-07-28T19:18:55.430+0000] {processor.py:830} INFO - Processing file /opt/airflow/dags/silver_processing_dag.py for tasks to queue
[2026-07-28T19:18:56.412+0000] {logging_mixin.py:188} INFO - [2026-07-28T19:18:56.391+0000] {dagbag.py:545} INFO - Filling up the DagBag from /opt/airflow/dags/silver_processing_dag.py
[2026-07-28T19:18:57.695+0000] {processor.py:840} INFO - DAG(s) 'process_silver_layer' retrieved from /opt/airflow/dags/silver_processing_dag.py
[2026-07-28T19:18:59.565+0000] {logging_mixin.py:188} INFO - [2026-07-28T19:18:59.565+0000] {dag.py:3096} INFO - Sync 1 DAGs
[2026-07-28T19:19:00.248+0000] {logging_mixin.py:188} INFO - [2026-07-28T19:19:00.248+0000] {dag.py:3954} INFO - Setting next_dagrun for process_silver_layer to None, run_after=None
[2026-07-28T19:19:01.150+0000] {processor.py:183} INFO - Processing /opt/airflow/dags/silver_processing_dag.py took 6.418 seconds
[2026-07-28T19:19:33.183+0000] {processor.py:161} INFO - Started process (PID=1116) to work on /opt/airflow/dags/silver_processing_dag.py
[2026-07-28T19:19:33.218+0000] {processor.py:830} INFO - Processing file /opt/airflow/dags/silver_processing_dag.py for tasks to queue
[2026-07-28T19:19:33.288+0000] {logging_mixin.py:188} INFO - [2026-07-28T19:19:33.286+0000] {dagbag.py:545} INFO - Filling up the DagBag from /opt/airflow/dags/silver_processing_dag.py
[2026-07-28T19:19:34.101+0000] {processor.py:840} INFO - DAG(s) 'process_silver_layer' retrieved from /opt/airflow/dags/silver_processing_dag.py
[2026-07-28T19:19:34.202+0000] {logging_mixin.py:188} INFO - [2026-07-28T19:19:34.201+0000] {dag.py:3096} INFO - Sync 1 DAGs
[2026-07-28T19:19:35.112+0000] {logging_mixin.py:188} INFO - [2026-07-28T19:19:35.111+0000] {dag.py:3954} INFO - Setting next_dagrun for process_silver_layer to None, run_after=None
[2026-07-28T19:19:39.511+0000] {processor.py:183} INFO - Processing /opt/airflow/dags/silver_processing_dag.py took 6.368 seconds
[2026-07-28T19:20:11.897+0000] {processor.py:161} INFO - Started process (PID=1135) to work on /opt/airflow/dags/silver_processing_dag.py
[2026-07-28T19:20:11.899+0000] {processor.py:830} INFO - Processing file /opt/airflow/dags/silver_processing_dag.py for tasks to queue
[2026-07-28T19:20:11.906+0000] {logging_mixin.py:188} INFO - [2026-07-28T19:20:11.905+0000] {dagbag.py:545} INFO - Filling up the DagBag from /opt/airflow/dags/silver_processing_dag.py
[2026-07-28T19:20:11.957+0000] {processor.py:840} INFO - DAG(s) 'process_silver_layer' retrieved from /opt/airflow/dags/silver_processing_dag.py
[2026-07-28T19:20:12.119+0000] {logging_mixin.py:188} INFO - [2026-07-28T19:20:12.118+0000] {dag.py:3096} INFO - Sync 1 DAGs
[2026-07-28T19:20:12.254+0000] {logging_mixin.py:188} INFO - [2026-07-28T19:20:12.254+0000] {dag.py:3954} INFO - Setting next_dagrun for process_silver_layer to None, run_after=None
[2026-07-28T19:20:12.397+0000] {processor.py:183} INFO - Processing /opt/airflow/dags/silver_processing_dag.py took 0.531 seconds
[2026-07-28T19:20:42.999+0000] {processor.py:161} INFO - Started process (PID=1152) to work on /opt/airflow/dags/silver_processing_dag.py
[2026-07-28T19:20:43.004+0000] {processor.py:830} INFO - Processing file /opt/airflow/dags/silver_processing_dag.py for tasks to queue
[2026-07-28T19:20:43.012+0000] {logging_mixin.py:188} INFO - [2026-07-28T19:20:43.011+0000] {dagbag.py:545} INFO - Filling up the DagBag from /opt/airflow/dags/silver_processing_dag.py
[2026-07-28T19:20:43.081+0000] {processor.py:840} INFO - DAG(s) 'process_silver_layer' retrieved from /opt/airflow/dags/silver_processing_dag.py
[2026-07-28T19:20:43.161+0000] {logging_mixin.py:188} INFO - [2026-07-28T19:20:43.161+0000] {dag.py:3096} INFO - Sync 1 DAGs
[2026-07-28T19:20:43.214+0000] {logging_mixin.py:188} INFO - [2026-07-28T19:20:43.213+0000] {dag.py:3954} INFO - Setting next_dagrun for process_silver_layer to None, run_after=None
[2026-07-28T19:20:43.335+0000] {processor.py:183} INFO - Processing /opt/airflow/dags/silver_processing_dag.py took 0.370 seconds
[2026-07-28T19:21:13.690+0000] {processor.py:161} INFO - Started process (PID=1168) to work on /opt/airflow/dags/silver_processing_dag.py
[2026-07-28T19:21:13.706+0000] {processor.py:830} INFO - Processing file /opt/airflow/dags/silver_processing_dag.py for tasks to queue
[2026-07-28T19:21:13.737+0000] {logging_mixin.py:188} INFO - [2026-07-28T19:21:13.736+0000] {dagbag.py:545} INFO - Filling up the DagBag from /opt/airflow/dags/silver_processing_dag.py
[2026-07-28T19:21:13.850+0000] {processor.py:840} INFO - DAG(s) 'process_silver_layer' retrieved from /opt/airflow/dags/silver_processing_dag.py
[2026-07-28T19:21:14.220+0000] {logging_mixin.py:188} INFO - [2026-07-28T19:21:14.218+0000] {dag.py:3096} INFO - Sync 1 DAGs
[2026-07-28T19:21:14.423+0000] {logging_mixin.py:188} INFO - [2026-07-28T19:21:14.422+0000] {dag.py:3954} INFO - Setting next_dagrun for process_silver_layer to None, run_after=None
[2026-07-28T19:21:15.097+0000] {processor.py:183} INFO - Processing /opt/airflow/dags/silver_processing_dag.py took 1.444 seconds
[2026-07-28T19:21:45.583+0000] {processor.py:161} INFO - Started process (PID=1186) to work on /opt/airflow/dags/silver_processing_dag.py
[2026-07-28T19:21:45.586+0000] {processor.py:830} INFO - Processing file /opt/airflow/dags/silver_processing_dag.py for tasks to queue
[2026-07-28T19:21:45.595+0000] {logging_mixin.py:188} INFO - [2026-07-28T19:21:45.594+0000] {dagbag.py:545} INFO - Filling up the DagBag from /opt/airflow/dags/silver_processing_dag.py
[2026-07-28T19:21:45.659+0000] {processor.py:840} INFO - DAG(s) 'process_silver_layer' retrieved from /opt/airflow/dags/silver_processing_dag.py
[2026-07-28T19:21:45.737+0000] {logging_mixin.py:188} INFO - [2026-07-28T19:21:45.736+0000] {dag.py:3096} INFO - Sync 1 DAGs
[2026-07-28T19:21:45.802+0000] {logging_mixin.py:188} INFO - [2026-07-28T19:21:45.801+0000] {dag.py:3954} INFO - Setting next_dagrun for process_silver_layer to None, run_after=None
[2026-07-28T19:21:45.866+0000] {processor.py:183} INFO - Processing /opt/airflow/dags/silver_processing_dag.py took 0.317 seconds
[2026-07-28T19:22:16.123+0000] {processor.py:161} INFO - Started process (PID=1200) to work on /opt/airflow/dags/silver_processing_dag.py
[2026-07-28T19:22:16.127+0000] {processor.py:830} INFO - Processing file /opt/airflow/dags/silver_processing_dag.py for tasks to queue
[2026-07-28T19:22:16.142+0000] {logging_mixin.py:188} INFO - [2026-07-28T19:22:16.140+0000] {dagbag.py:545} INFO - Filling up the DagBag from /opt/airflow/dags/silver_processing_dag.py
[2026-07-28T19:22:16.236+0000] {processor.py:840} INFO - DAG(s) 'process_silver_layer' retrieved from /opt/airflow/dags/silver_processing_dag.py
[2026-07-28T19:22:16.473+0000] {logging_mixin.py:188} INFO - [2026-07-28T19:22:16.473+0000] {dag.py:3096} INFO - Sync 1 DAGs
[2026-07-28T19:22:16.596+0000] {logging_mixin.py:188} INFO - [2026-07-28T19:22:16.596+0000] {dag.py:3954} INFO - Setting next_dagrun for process_silver_layer to None, run_after=None
[2026-07-28T19:22:16.787+0000] {processor.py:183} INFO - Processing /opt/airflow/dags/silver_processing_dag.py took 0.703 seconds
[2026-07-28T19:22:47.083+0000] {processor.py:161} INFO - Started process (PID=1215) to work on /opt/airflow/dags/silver_processing_dag.py
[2026-07-28T19:22:47.086+0000] {processor.py:830} INFO - Processing file /opt/airflow/dags/silver_processing_dag.py for tasks to queue
[2026-07-28T19:22:47.094+0000] {logging_mixin.py:188} INFO - [2026-07-28T19:22:47.093+0000] {dagbag.py:545} INFO - Filling up the DagBag from /opt/airflow/dags/silver_processing_dag.py
[2026-07-28T19:22:47.184+0000] {processor.py:840} INFO - DAG(s) 'process_silver_layer' retrieved from /opt/airflow/dags/silver_processing_dag.py
[2026-07-28T19:22:47.314+0000] {logging_mixin.py:188} INFO - [2026-07-28T19:22:47.300+0000] {dag.py:3096} INFO - Sync 1 DAGs
[2026-07-28T19:22:47.399+0000] {logging_mixin.py:188} INFO - [2026-07-28T19:22:47.398+0000] {dag.py:3954} INFO - Setting next_dagrun for process_silver_layer to None, run_after=None
[2026-07-28T19:22:47.463+0000] {processor.py:183} INFO - Processing /opt/airflow/dags/silver_processing_dag.py took 0.408 seconds
[2026-07-28T19:23:18.449+0000] {processor.py:161} INFO - Started process (PID=1232) to work on /opt/airflow/dags/silver_processing_dag.py
[2026-07-28T19:23:18.463+0000] {processor.py:830} INFO - Processing file /opt/airflow/dags/silver_processing_dag.py for tasks to queue
[2026-07-28T19:23:18.494+0000] {logging_mixin.py:188} INFO - [2026-07-28T19:23:18.491+0000] {dagbag.py:545} INFO - Filling up the DagBag from /opt/airflow/dags/silver_processing_dag.py
[2026-07-28T19:23:18.672+0000] {processor.py:840} INFO - DAG(s) 'process_silver_layer' retrieved from /opt/airflow/dags/silver_processing_dag.py
[2026-07-28T19:23:18.896+0000] {logging_mixin.py:188} INFO - [2026-07-28T19:23:18.895+0000] {dag.py:3096} INFO - Sync 1 DAGs
[2026-07-28T19:23:19.277+0000] {logging_mixin.py:188} INFO - [2026-07-28T19:23:19.276+0000] {dag.py:3954} INFO - Setting next_dagrun for process_silver_layer to None, run_after=None
[2026-07-28T19:23:19.502+0000] {processor.py:183} INFO - Processing /opt/airflow/dags/silver_processing_dag.py took 1.088 seconds
[2026-07-28T19:24:00.248+0000] {processor.py:161} INFO - Started process (PID=1245) to work on /opt/airflow/dags/silver_processing_dag.py
[2026-07-28T19:24:00.260+0000] {processor.py:830} INFO - Processing file /opt/airflow/dags/silver_processing_dag.py for tasks to queue
[2026-07-28T19:24:00.274+0000] {logging_mixin.py:188} INFO - [2026-07-28T19:24:00.273+0000] {dagbag.py:545} INFO - Filling up the DagBag from /opt/airflow/dags/silver_processing_dag.py
[2026-07-28T19:24:00.429+0000] {processor.py:840} INFO - DAG(s) 'process_silver_layer' retrieved from /opt/airflow/dags/silver_processing_dag.py
[2026-07-28T19:24:00.769+0000] {logging_mixin.py:188} INFO - [2026-07-28T19:24:00.759+0000] {dag.py:3096} INFO - Sync 1 DAGs
[2026-07-28T19:24:00.929+0000] {logging_mixin.py:188} INFO - [2026-07-28T19:24:00.929+0000] {dag.py:3954} INFO - Setting next_dagrun for process_silver_layer to None, run_after=None
[2026-07-28T19:24:01.203+0000] {processor.py:183} INFO - Processing /opt/airflow/dags/silver_processing_dag.py took 0.981 seconds
[2026-07-28T19:24:31.510+0000] {processor.py:161} INFO - Started process (PID=1259) to work on /opt/airflow/dags/silver_processing_dag.py
[2026-07-28T19:24:31.513+0000] {processor.py:830} INFO - Processing file /opt/airflow/dags/silver_processing_dag.py for tasks to queue
[2026-07-28T19:24:31.520+0000] {logging_mixin.py:188} INFO - [2026-07-28T19:24:31.519+0000] {dagbag.py:545} INFO - Filling up the DagBag from /opt/airflow/dags/silver_processing_dag.py
[2026-07-28T19:24:31.583+0000] {processor.py:840} INFO - DAG(s) 'process_silver_layer' retrieved from /opt/airflow/dags/silver_processing_dag.py
[2026-07-28T19:24:31.652+0000] {logging_mixin.py:188} INFO - [2026-07-28T19:24:31.651+0000] {dag.py:3096} INFO - Sync 1 DAGs
[2026-07-28T19:24:31.690+0000] {logging_mixin.py:188} INFO - [2026-07-28T19:24:31.689+0000] {dag.py:3954} INFO - Setting next_dagrun for process_silver_layer to None, run_after=None
[2026-07-28T19:24:31.740+0000] {processor.py:183} INFO - Processing /opt/airflow/dags/silver_processing_dag.py took 0.252 seconds
[2026-07-28T19:25:02.631+0000] {processor.py:161} INFO - Started process (PID=1274) to work on /opt/airflow/dags/silver_processing_dag.py
[2026-07-28T19:25:02.640+0000] {processor.py:830} INFO - Processing file /opt/airflow/dags/silver_processing_dag.py for tasks to queue
[2026-07-28T19:25:02.648+0000] {logging_mixin.py:188} INFO - [2026-07-28T19:25:02.647+0000] {dagbag.py:545} INFO - Filling up the DagBag from /opt/airflow/dags/silver_processing_dag.py
[2026-07-28T19:25:02.728+0000] {processor.py:840} INFO - DAG(s) 'process_silver_layer' retrieved from /opt/airflow/dags/silver_processing_dag.py
[2026-07-28T19:25:02.813+0000] {logging_mixin.py:188} INFO - [2026-07-28T19:25:02.813+0000] {dag.py:3096} INFO - Sync 1 DAGs
[2026-07-28T19:25:02.890+0000] {logging_mixin.py:188} INFO - [2026-07-28T19:25:02.889+0000] {dag.py:3954} INFO - Setting next_dagrun for process_silver_layer to None, run_after=None
[2026-07-28T19:25:03.051+0000] {processor.py:183} INFO - Processing /opt/airflow/dags/silver_processing_dag.py took 0.449 seconds
[2026-07-28T19:25:33.511+0000] {processor.py:161} INFO - Started process (PID=1300) to work on /opt/airflow/dags/silver_processing_dag.py
[2026-07-28T19:25:33.516+0000] {processor.py:830} INFO - Processing file /opt/airflow/dags/silver_processing_dag.py for tasks to queue
[2026-07-28T19:25:33.525+0000] {logging_mixin.py:188} INFO - [2026-07-28T19:25:33.523+0000] {dagbag.py:545} INFO - Filling up the DagBag from /opt/airflow/dags/silver_processing_dag.py
[2026-07-28T19:25:33.609+0000] {processor.py:840} INFO - DAG(s) 'process_silver_layer' retrieved from /opt/airflow/dags/silver_processing_dag.py
[2026-07-28T19:25:34.001+0000] {logging_mixin.py:188} INFO - [2026-07-28T19:25:33.989+0000] {dag.py:3096} INFO - Sync 1 DAGs
[2026-07-28T19:25:34.076+0000] {logging_mixin.py:188} INFO - [2026-07-28T19:25:34.076+0000] {dag.py:3954} INFO - Setting next_dagrun for process_silver_layer to None, run_after=None
[2026-07-28T19:25:34.205+0000] {processor.py:183} INFO - Processing /opt/airflow/dags/silver_processing_dag.py took 0.727 seconds
[2026-07-28T19:26:05.389+0000] {processor.py:161} INFO - Started process (PID=1316) to work on /opt/airflow/dags/silver_processing_dag.py
[2026-07-28T19:26:05.391+0000] {processor.py:830} INFO - Processing file /opt/airflow/dags/silver_processing_dag.py for tasks to queue
[2026-07-28T19:26:05.399+0000] {logging_mixin.py:188} INFO - [2026-07-28T19:26:05.398+0000] {dagbag.py:545} INFO - Filling up the DagBag from /opt/airflow/dags/silver_processing_dag.py
[2026-07-28T19:26:05.469+0000] {processor.py:840} INFO - DAG(s) 'process_silver_layer' retrieved from /opt/airflow/dags/silver_processing_dag.py
[2026-07-28T19:26:05.604+0000] {logging_mixin.py:188} INFO - [2026-07-28T19:26:05.603+0000] {dag.py:3096} INFO - Sync 1 DAGs
[2026-07-28T19:26:05.706+0000] {logging_mixin.py:188} INFO - [2026-07-28T19:26:05.705+0000] {dag.py:3954} INFO - Setting next_dagrun for process_silver_layer to None, run_after=None
[2026-07-28T19:26:05.787+0000] {processor.py:183} INFO - Processing /opt/airflow/dags/silver_processing_dag.py took 0.413 seconds
[2026-07-28T19:26:35.965+0000] {processor.py:161} INFO - Started process (PID=1342) to work on /opt/airflow/dags/silver_processing_dag.py
[2026-07-28T19:26:35.972+0000] {processor.py:830} INFO - Processing file /opt/airflow/dags/silver_processing_dag.py for tasks to queue
[2026-07-28T19:26:35.990+0000] {logging_mixin.py:188} INFO - [2026-07-28T19:26:35.989+0000] {dagbag.py:545} INFO - Filling up the DagBag from /opt/airflow/dags/silver_processing_dag.py
[2026-07-28T19:26:36.050+0000] {processor.py:840} INFO - DAG(s) 'process_silver_layer' retrieved from /opt/airflow/dags/silver_processing_dag.py
[2026-07-28T19:26:36.105+0000] {logging_mixin.py:188} INFO - [2026-07-28T19:26:36.104+0000] {dag.py:3096} INFO - Sync 1 DAGs
[2026-07-28T19:26:36.134+0000] {logging_mixin.py:188} INFO - [2026-07-28T19:26:36.133+0000] {dag.py:3954} INFO - Setting next_dagrun for process_silver_layer to None, run_after=None
[2026-07-28T19:26:36.310+0000] {processor.py:183} INFO - Processing /opt/airflow/dags/silver_processing_dag.py took 0.361 seconds
[2026-07-28T19:27:07.057+0000] {processor.py:161} INFO - Started process (PID=1368) to work on /opt/airflow/dags/silver_processing_dag.py
[2026-07-28T19:27:07.060+0000] {processor.py:830} INFO - Processing file /opt/airflow/dags/silver_processing_dag.py for tasks to queue
[2026-07-28T19:27:07.069+0000] {logging_mixin.py:188} INFO - [2026-07-28T19:27:07.068+0000] {dagbag.py:545} INFO - Filling up the DagBag from /opt/airflow/dags/silver_processing_dag.py
[2026-07-28T19:27:07.131+0000] {processor.py:840} INFO - DAG(s) 'process_silver_layer' retrieved from /opt/airflow/dags/silver_processing_dag.py
[2026-07-28T19:27:07.212+0000] {logging_mixin.py:188} INFO - [2026-07-28T19:27:07.212+0000] {dag.py:3096} INFO - Sync 1 DAGs
[2026-07-28T19:27:07.258+0000] {logging_mixin.py:188} INFO - [2026-07-28T19:27:07.258+0000] {dag.py:3954} INFO - Setting next_dagrun for process_silver_layer to None, run_after=None
[2026-07-28T19:27:07.313+0000] {processor.py:183} INFO - Processing /opt/airflow/dags/silver_processing_dag.py took 0.272 seconds
[2026-07-28T19:27:38.326+0000] {processor.py:161} INFO - Started process (PID=1400) to work on /opt/airflow/dags/silver_processing_dag.py
[2026-07-28T19:27:38.328+0000] {processor.py:830} INFO - Processing file /opt/airflow/dags/silver_processing_dag.py for tasks to queue
[2026-07-28T19:27:38.334+0000] {logging_mixin.py:188} INFO - [2026-07-28T19:27:38.333+0000] {dagbag.py:545} INFO - Filling up the DagBag from /opt/airflow/dags/silver_processing_dag.py
[2026-07-28T19:27:38.378+0000] {processor.py:840} INFO - DAG(s) 'process_silver_layer' retrieved from /opt/airflow/dags/silver_processing_dag.py
[2026-07-28T19:27:38.423+0000] {logging_mixin.py:188} INFO - [2026-07-28T19:27:38.422+0000] {dag.py:3096} INFO - Sync 1 DAGs
[2026-07-28T19:27:38.473+0000] {logging_mixin.py:188} INFO - [2026-07-28T19:27:38.473+0000] {dag.py:3954} INFO - Setting next_dagrun for process_silver_layer to None, run_after=None
[2026-07-28T19:27:38.518+0000] {processor.py:183} INFO - Processing /opt/airflow/dags/silver_processing_dag.py took 0.206 seconds
[2026-07-28T19:28:08.670+0000] {processor.py:161} INFO - Started process (PID=1415) to work on /opt/airflow/dags/silver_processing_dag.py
[2026-07-28T19:28:08.675+0000] {processor.py:830} INFO - Processing file /opt/airflow/dags/silver_processing_dag.py for tasks to queue
[2026-07-28T19:28:08.687+0000] {logging_mixin.py:188} INFO - [2026-07-28T19:28:08.685+0000] {dagbag.py:545} INFO - Filling up the DagBag from /opt/airflow/dags/silver_processing_dag.py
[2026-07-28T19:28:08.754+0000] {processor.py:840} INFO - DAG(s) 'process_silver_layer' retrieved from /opt/airflow/dags/silver_processing_dag.py
[2026-07-28T19:28:08.872+0000] {logging_mixin.py:188} INFO - [2026-07-28T19:28:08.871+0000] {dag.py:3096} INFO - Sync 1 DAGs
[2026-07-28T19:28:08.920+0000] {logging_mixin.py:188} INFO - [2026-07-28T19:28:08.920+0000] {dag.py:3954} INFO - Setting next_dagrun for process_silver_layer to None, run_after=None
[2026-07-28T19:28:09.252+0000] {processor.py:183} INFO - Processing /opt/airflow/dags/silver_processing_dag.py took 0.608 seconds
[2026-07-28T19:28:40.239+0000] {processor.py:161} INFO - Started process (PID=1441) to work on /opt/airflow/dags/silver_processing_dag.py
[2026-07-28T19:28:40.242+0000] {processor.py:830} INFO - Processing file /opt/airflow/dags/silver_processing_dag.py for tasks to queue
[2026-07-28T19:28:40.248+0000] {logging_mixin.py:188} INFO - [2026-07-28T19:28:40.247+0000] {dagbag.py:545} INFO - Filling up the DagBag from /opt/airflow/dags/silver_processing_dag.py
[2026-07-28T19:28:40.291+0000] {processor.py:840} INFO - DAG(s) 'process_silver_layer' retrieved from /opt/airflow/dags/silver_processing_dag.py
[2026-07-28T19:28:40.342+0000] {logging_mixin.py:188} INFO - [2026-07-28T19:28:40.341+0000] {dag.py:3096} INFO - Sync 1 DAGs
[2026-07-28T19:28:40.374+0000] {logging_mixin.py:188} INFO - [2026-07-28T19:28:40.373+0000] {dag.py:3954} INFO - Setting next_dagrun for process_silver_layer to None, run_after=None
[2026-07-28T19:28:40.411+0000] {processor.py:183} INFO - Processing /opt/airflow/dags/silver_processing_dag.py took 0.183 seconds
[2026-07-28T19:29:28.165+0000] {processor.py:161} INFO - Started process (PID=1523) to work on /opt/airflow/dags/silver_processing_dag.py
[2026-07-28T19:29:28.253+0000] {processor.py:830} INFO - Processing file /opt/airflow/dags/silver_processing_dag.py for tasks to queue
[2026-07-28T19:29:28.610+0000] {logging_mixin.py:188} INFO - [2026-07-28T19:29:28.609+0000] {dagbag.py:545} INFO - Filling up the DagBag from /opt/airflow/dags/silver_processing_dag.py
[2026-07-28T19:29:28.956+0000] {processor.py:840} INFO - DAG(s) 'process_silver_layer' retrieved from /opt/airflow/dags/silver_processing_dag.py
[2026-07-28T19:29:29.023+0000] {logging_mixin.py:188} INFO - [2026-07-28T19:29:29.022+0000] {dag.py:3096} INFO - Sync 1 DAGs
[2026-07-28T19:29:29.292+0000] {logging_mixin.py:188} INFO - [2026-07-28T19:29:29.291+0000] {dag.py:3954} INFO - Setting next_dagrun for process_silver_layer to None, run_after=None
[2026-07-28T19:29:31.050+0000] {processor.py:183} INFO - Processing /opt/airflow/dags/silver_processing_dag.py took 2.924 seconds
[2026-07-28T19:30:01.592+0000] {processor.py:161} INFO - Started process (PID=1539) to work on /opt/airflow/dags/silver_processing_dag.py
[2026-07-28T19:30:01.637+0000] {processor.py:830} INFO - Processing file /opt/airflow/dags/silver_processing_dag.py for tasks to queue
[2026-07-28T19:30:01.676+0000] {logging_mixin.py:188} INFO - [2026-07-28T19:30:01.675+0000] {dagbag.py:545} INFO - Filling up the DagBag from /opt/airflow/dags/silver_processing_dag.py
[2026-07-28T19:30:02.952+0000] {processor.py:840} INFO - DAG(s) 'process_silver_layer' retrieved from /opt/airflow/dags/silver_processing_dag.py
[2026-07-28T19:30:04.424+0000] {logging_mixin.py:188} INFO - [2026-07-28T19:30:04.423+0000] {dag.py:3096} INFO - Sync 1 DAGs
[2026-07-28T19:30:04.722+0000] {logging_mixin.py:188} INFO - [2026-07-28T19:30:04.721+0000] {dag.py:3954} INFO - Setting next_dagrun for process_silver_layer to None, run_after=None
[2026-07-28T19:30:05.168+0000] {processor.py:183} INFO - Processing /opt/airflow/dags/silver_processing_dag.py took 3.625 seconds
[2026-07-28T19:30:36.084+0000] {processor.py:161} INFO - Started process (PID=1616) to work on /opt/airflow/dags/silver_processing_dag.py
[2026-07-28T19:30:36.100+0000] {processor.py:830} INFO - Processing file /opt/airflow/dags/silver_processing_dag.py for tasks to queue
[2026-07-28T19:30:36.139+0000] {logging_mixin.py:188} INFO - [2026-07-28T19:30:36.133+0000] {dagbag.py:545} INFO - Filling up the DagBag from /opt/airflow/dags/silver_processing_dag.py
[2026-07-28T19:30:36.519+0000] {processor.py:840} INFO - DAG(s) 'process_silver_layer' retrieved from /opt/airflow/dags/silver_processing_dag.py
[2026-07-28T19:30:36.765+0000] {logging_mixin.py:188} INFO - [2026-07-28T19:30:36.765+0000] {dag.py:3096} INFO - Sync 1 DAGs
[2026-07-28T19:30:36.817+0000] {logging_mixin.py:188} INFO - [2026-07-28T19:30:36.815+0000] {dag.py:3954} INFO - Setting next_dagrun for process_silver_layer to None, run_after=None
[2026-07-28T19:30:36.878+0000] {processor.py:183} INFO - Processing /opt/airflow/dags/silver_processing_dag.py took 0.862 seconds
[2026-07-28T19:31:07.120+0000] {processor.py:161} INFO - Started process (PID=1637) to work on /opt/airflow/dags/silver_processing_dag.py
[2026-07-28T19:31:07.137+0000] {processor.py:830} INFO - Processing file /opt/airflow/dags/silver_processing_dag.py for tasks to queue
[2026-07-28T19:31:07.169+0000] {logging_mixin.py:188} INFO - [2026-07-28T19:31:07.165+0000] {dagbag.py:545} INFO - Filling up the DagBag from /opt/airflow/dags/silver_processing_dag.py
[2026-07-28T19:31:07.348+0000] {processor.py:840} INFO - DAG(s) 'process_silver_layer' retrieved from /opt/airflow/dags/silver_processing_dag.py
[2026-07-28T19:31:07.496+0000] {logging_mixin.py:188} INFO - [2026-07-28T19:31:07.495+0000] {dag.py:3096} INFO - Sync 1 DAGs
[2026-07-28T19:31:07.595+0000] {logging_mixin.py:188} INFO - [2026-07-28T19:31:07.595+0000] {dag.py:3954} INFO - Setting next_dagrun for process_silver_layer to None, run_after=None
[2026-07-28T19:31:07.702+0000] {processor.py:183} INFO - Processing /opt/airflow/dags/silver_processing_dag.py took 0.680 seconds
[2026-07-28T19:31:37.968+0000] {processor.py:161} INFO - Started process (PID=1661) to work on /opt/airflow/dags/silver_processing_dag.py
[2026-07-28T19:31:37.970+0000] {processor.py:830} INFO - Processing file /opt/airflow/dags/silver_processing_dag.py for tasks to queue
[2026-07-28T19:31:37.977+0000] {logging_mixin.py:188} INFO - [2026-07-28T19:31:37.976+0000] {dagbag.py:545} INFO - Filling up the DagBag from /opt/airflow/dags/silver_processing_dag.py
[2026-07-28T19:31:38.026+0000] {processor.py:840} INFO - DAG(s) 'process_silver_layer' retrieved from /opt/airflow/dags/silver_processing_dag.py
[2026-07-28T19:31:38.077+0000] {logging_mixin.py:188} INFO - [2026-07-28T19:31:38.077+0000] {dag.py:3096} INFO - Sync 1 DAGs
[2026-07-28T19:31:38.169+0000] {logging_mixin.py:188} INFO - [2026-07-28T19:31:38.169+0000] {dag.py:3954} INFO - Setting next_dagrun for process_silver_layer to None, run_after=None
[2026-07-28T19:31:38.383+0000] {processor.py:183} INFO - Processing /opt/airflow/dags/silver_processing_dag.py took 0.431 seconds
[2026-07-28T19:32:08.959+0000] {processor.py:161} INFO - Started process (PID=1687) to work on /opt/airflow/dags/silver_processing_dag.py
[2026-07-28T19:32:08.965+0000] {processor.py:830} INFO - Processing file /opt/airflow/dags/silver_processing_dag.py for tasks to queue
[2026-07-28T19:32:08.971+0000] {logging_mixin.py:188} INFO - [2026-07-28T19:32:08.970+0000] {dagbag.py:545} INFO - Filling up the DagBag from /opt/airflow/dags/silver_processing_dag.py
[2026-07-28T19:32:09.030+0000] {processor.py:840} INFO - DAG(s) 'process_silver_layer' retrieved from /opt/airflow/dags/silver_processing_dag.py
[2026-07-28T19:32:09.111+0000] {logging_mixin.py:188} INFO - [2026-07-28T19:32:09.110+0000] {dag.py:3096} INFO - Sync 1 DAGs
[2026-07-28T19:32:09.169+0000] {logging_mixin.py:188} INFO - [2026-07-28T19:32:09.169+0000] {dag.py:3954} INFO - Setting next_dagrun for process_silver_layer to None, run_after=None
[2026-07-28T19:32:09.241+0000] {processor.py:183} INFO - Processing /opt/airflow/dags/silver_processing_dag.py took 0.299 seconds
[2026-07-28T19:32:39.587+0000] {processor.py:161} INFO - Started process (PID=1706) to work on /opt/airflow/dags/silver_processing_dag.py
[2026-07-28T19:32:39.590+0000] {processor.py:830} INFO - Processing file /opt/airflow/dags/silver_processing_dag.py for tasks to queue
[2026-07-28T19:32:39.623+0000] {logging_mixin.py:188} INFO - [2026-07-28T19:32:39.615+0000] {dagbag.py:545} INFO - Filling up the DagBag from /opt/airflow/dags/silver_processing_dag.py
[2026-07-28T19:32:39.898+0000] {processor.py:840} INFO - DAG(s) 'process_silver_layer' retrieved from /opt/airflow/dags/silver_processing_dag.py
[2026-07-28T19:32:40.185+0000] {logging_mixin.py:188} INFO - [2026-07-28T19:32:40.184+0000] {dag.py:3096} INFO - Sync 1 DAGs
[2026-07-28T19:32:40.338+0000] {logging_mixin.py:188} INFO - [2026-07-28T19:32:40.337+0000] {dag.py:3954} INFO - Setting next_dagrun for process_silver_layer to None, run_after=None
[2026-07-28T19:32:40.501+0000] {processor.py:183} INFO - Processing /opt/airflow/dags/silver_processing_dag.py took 0.938 seconds
[2026-07-28T19:33:11.103+0000] {processor.py:161} INFO - Started process (PID=1723) to work on /opt/airflow/dags/silver_processing_dag.py
[2026-07-28T19:33:11.106+0000] {processor.py:830} INFO - Processing file /opt/airflow/dags/silver_processing_dag.py for tasks to queue
[2026-07-28T19:33:11.114+0000] {logging_mixin.py:188} INFO - [2026-07-28T19:33:11.112+0000] {dagbag.py:545} INFO - Filling up the DagBag from /opt/airflow/dags/silver_processing_dag.py
[2026-07-28T19:33:11.175+0000] {processor.py:840} INFO - DAG(s) 'process_silver_layer' retrieved from /opt/airflow/dags/silver_processing_dag.py
[2026-07-28T19:33:11.408+0000] {logging_mixin.py:188} INFO - [2026-07-28T19:33:11.407+0000] {dag.py:3096} INFO - Sync 1 DAGs
[2026-07-28T19:33:11.472+0000] {logging_mixin.py:188} INFO - [2026-07-28T19:33:11.472+0000] {dag.py:3954} INFO - Setting next_dagrun for process_silver_layer to None, run_after=None
[2026-07-28T19:33:11.521+0000] {processor.py:183} INFO - Processing /opt/airflow/dags/silver_processing_dag.py took 0.448 seconds
[2026-07-28T19:33:42.815+0000] {processor.py:161} INFO - Started process (PID=1742) to work on /opt/airflow/dags/silver_processing_dag.py
[2026-07-28T19:33:42.840+0000] {processor.py:830} INFO - Processing file /opt/airflow/dags/silver_processing_dag.py for tasks to queue
[2026-07-28T19:33:42.855+0000] {logging_mixin.py:188} INFO - [2026-07-28T19:33:42.854+0000] {dagbag.py:545} INFO - Filling up the DagBag from /opt/airflow/dags/silver_processing_dag.py
[2026-07-28T19:33:43.127+0000] {processor.py:840} INFO - DAG(s) 'process_silver_layer' retrieved from /opt/airflow/dags/silver_processing_dag.py
[2026-07-28T19:33:43.542+0000] {logging_mixin.py:188} INFO - [2026-07-28T19:33:43.541+0000] {dag.py:3096} INFO - Sync 1 DAGs
[2026-07-28T19:33:43.711+0000] {logging_mixin.py:188} INFO - [2026-07-28T19:33:43.710+0000] {dag.py:3954} INFO - Setting next_dagrun for process_silver_layer to None, run_after=None
[2026-07-28T19:33:44.733+0000] {processor.py:183} INFO - Processing /opt/airflow/dags/silver_processing_dag.py took 1.967 seconds
[2026-07-28T19:34:15.212+0000] {processor.py:161} INFO - Started process (PID=1758) to work on /opt/airflow/dags/silver_processing_dag.py
[2026-07-28T19:34:15.216+0000] {processor.py:830} INFO - Processing file /opt/airflow/dags/silver_processing_dag.py for tasks to queue
[2026-07-28T19:34:15.229+0000] {logging_mixin.py:188} INFO - [2026-07-28T19:34:15.224+0000] {dagbag.py:545} INFO - Filling up the DagBag from /opt/airflow/dags/silver_processing_dag.py
[2026-07-28T19:34:15.329+0000] {processor.py:840} INFO - DAG(s) 'process_silver_layer' retrieved from /opt/airflow/dags/silver_processing_dag.py
[2026-07-28T19:34:15.399+0000] {logging_mixin.py:188} INFO - [2026-07-28T19:34:15.398+0000] {dag.py:3096} INFO - Sync 1 DAGs
[2026-07-28T19:34:15.452+0000] {logging_mixin.py:188} INFO - [2026-07-28T19:34:15.452+0000] {dag.py:3954} INFO - Setting next_dagrun for process_silver_layer to None, run_after=None
[2026-07-28T19:34:15.637+0000] {processor.py:183} INFO - Processing /opt/airflow/dags/silver_processing_dag.py took 0.457 seconds
[2026-07-28T19:34:48.222+0000] {processor.py:161} INFO - Started process (PID=1777) to work on /opt/airflow/dags/silver_processing_dag.py
[2026-07-28T19:34:48.270+0000] {processor.py:830} INFO - Processing file /opt/airflow/dags/silver_processing_dag.py for tasks to queue
[2026-07-28T19:34:48.287+0000] {logging_mixin.py:188} INFO - [2026-07-28T19:34:48.285+0000] {dagbag.py:545} INFO - Filling up the DagBag from /opt/airflow/dags/silver_processing_dag.py
[2026-07-28T19:34:48.548+0000] {processor.py:840} INFO - DAG(s) 'process_silver_layer' retrieved from /opt/airflow/dags/silver_processing_dag.py
[2026-07-28T19:34:48.894+0000] {logging_mixin.py:188} INFO - [2026-07-28T19:34:48.893+0000] {dag.py:3096} INFO - Sync 1 DAGs
[2026-07-28T19:34:49.066+0000] {logging_mixin.py:188} INFO - [2026-07-28T19:34:49.065+0000] {dag.py:3954} INFO - Setting next_dagrun for process_silver_layer to None, run_after=None
[2026-07-28T19:34:49.542+0000] {processor.py:183} INFO - Processing /opt/airflow/dags/silver_processing_dag.py took 1.353 seconds
[2026-07-28T19:34:50.663+0000] {processor.py:161} INFO - Started process (PID=1788) to work on /opt/airflow/dags/silver_processing_dag.py
[2026-07-28T19:34:50.668+0000] {processor.py:830} INFO - Processing file /opt/airflow/dags/silver_processing_dag.py for tasks to queue
[2026-07-28T19:34:50.683+0000] {logging_mixin.py:188} INFO - [2026-07-28T19:34:50.682+0000] {dagbag.py:545} INFO - Filling up the DagBag from /opt/airflow/dags/silver_processing_dag.py
[2026-07-28T19:34:50.900+0000] {processor.py:840} INFO - DAG(s) 'process_silver_layer' retrieved from /opt/airflow/dags/silver_processing_dag.py
[2026-07-28T19:34:51.033+0000] {logging_mixin.py:188} INFO - [2026-07-28T19:34:51.032+0000] {dag.py:3096} INFO - Sync 1 DAGs
[2026-07-28T19:34:51.088+0000] {logging_mixin.py:188} INFO - [2026-07-28T19:34:51.087+0000] {dag.py:3954} INFO - Setting next_dagrun for process_silver_layer to None, run_after=None
[2026-07-28T19:34:51.440+0000] {processor.py:183} INFO - Processing /opt/airflow/dags/silver_processing_dag.py took 0.827 seconds
[2026-07-28T19:35:52.302+0000] {processor.py:161} INFO - Started process (PID=1797) to work on /opt/airflow/dags/silver_processing_dag.py
[2026-07-28T19:35:52.310+0000] {processor.py:830} INFO - Processing file /opt/airflow/dags/silver_processing_dag.py for tasks to queue
[2026-07-28T19:35:52.325+0000] {logging_mixin.py:188} INFO - [2026-07-28T19:35:52.324+0000] {dagbag.py:545} INFO - Filling up the DagBag from /opt/airflow/dags/silver_processing_dag.py
[2026-07-28T19:35:52.431+0000] {processor.py:840} INFO - DAG(s) 'process_silver_layer' retrieved from /opt/airflow/dags/silver_processing_dag.py
[2026-07-28T19:35:52.573+0000] {logging_mixin.py:188} INFO - [2026-07-28T19:35:52.572+0000] {dag.py:3096} INFO - Sync 1 DAGs
[2026-07-28T19:35:52.677+0000] {logging_mixin.py:188} INFO - [2026-07-28T19:35:52.676+0000] {dag.py:3954} INFO - Setting next_dagrun for process_silver_layer to None, run_after=None
[2026-07-28T19:35:52.971+0000] {processor.py:183} INFO - Processing /opt/airflow/dags/silver_processing_dag.py took 0.728 seconds
[2026-07-28T19:36:23.267+0000] {processor.py:161} INFO - Started process (PID=1816) to work on /opt/airflow/dags/silver_processing_dag.py
[2026-07-28T19:36:23.274+0000] {processor.py:830} INFO - Processing file /opt/airflow/dags/silver_processing_dag.py for tasks to queue
[2026-07-28T19:36:23.337+0000] {logging_mixin.py:188} INFO - [2026-07-28T19:36:23.329+0000] {dagbag.py:545} INFO - Filling up the DagBag from /opt/airflow/dags/silver_processing_dag.py
[2026-07-28T19:36:23.763+0000] {processor.py:840} INFO - DAG(s) 'process_silver_layer' retrieved from /opt/airflow/dags/silver_processing_dag.py
[2026-07-28T19:36:24.074+0000] {logging_mixin.py:188} INFO - [2026-07-28T19:36:24.074+0000] {dag.py:3096} INFO - Sync 1 DAGs
[2026-07-28T19:36:24.197+0000] {logging_mixin.py:188} INFO - [2026-07-28T19:36:24.196+0000] {dag.py:3954} INFO - Setting next_dagrun for process_silver_layer to None, run_after=None
[2026-07-28T19:36:24.461+0000] {processor.py:183} INFO - Processing /opt/airflow/dags/silver_processing_dag.py took 1.222 seconds
[2026-07-28T19:37:08.044+0000] {processor.py:161} INFO - Started process (PID=1832) to work on /opt/airflow/dags/silver_processing_dag.py
[2026-07-28T19:37:08.050+0000] {processor.py:830} INFO - Processing file /opt/airflow/dags/silver_processing_dag.py for tasks to queue
[2026-07-28T19:37:08.056+0000] {logging_mixin.py:188} INFO - [2026-07-28T19:37:08.055+0000] {dagbag.py:545} INFO - Filling up the DagBag from /opt/airflow/dags/silver_processing_dag.py
[2026-07-28T19:37:08.325+0000] {processor.py:840} INFO - DAG(s) 'process_silver_layer' retrieved from /opt/airflow/dags/silver_processing_dag.py
[2026-07-28T19:37:08.742+0000] {logging_mixin.py:188} INFO - [2026-07-28T19:37:08.742+0000] {dag.py:3096} INFO - Sync 1 DAGs
[2026-07-28T19:37:08.829+0000] {logging_mixin.py:188} INFO - [2026-07-28T19:37:08.828+0000] {dag.py:3954} INFO - Setting next_dagrun for process_silver_layer to None, run_after=None
[2026-07-28T19:37:08.920+0000] {processor.py:183} INFO - Processing /opt/airflow/dags/silver_processing_dag.py took 0.910 seconds
[2026-07-28T19:37:39.561+0000] {processor.py:161} INFO - Started process (PID=1847) to work on /opt/airflow/dags/silver_processing_dag.py
[2026-07-28T19:37:39.569+0000] {processor.py:830} INFO - Processing file /opt/airflow/dags/silver_processing_dag.py for tasks to queue
[2026-07-28T19:37:39.664+0000] {logging_mixin.py:188} INFO - [2026-07-28T19:37:39.594+0000] {dagbag.py:545} INFO - Filling up the DagBag from /opt/airflow/dags/silver_processing_dag.py
[2026-07-28T19:37:40.120+0000] {processor.py:840} INFO - DAG(s) 'process_silver_layer' retrieved from /opt/airflow/dags/silver_processing_dag.py
[2026-07-28T19:37:40.303+0000] {logging_mixin.py:188} INFO - [2026-07-28T19:37:40.293+0000] {dag.py:3096} INFO - Sync 1 DAGs
[2026-07-28T19:37:40.475+0000] {logging_mixin.py:188} INFO - [2026-07-28T19:37:40.474+0000] {dag.py:3954} INFO - Setting next_dagrun for process_silver_layer to None, run_after=None
[2026-07-28T19:37:40.865+0000] {processor.py:183} INFO - Processing /opt/airflow/dags/silver_processing_dag.py took 1.361 seconds
[2026-07-28T19:38:24.593+0000] {processor.py:161} INFO - Started process (PID=1862) to work on /opt/airflow/dags/silver_processing_dag.py
[2026-07-28T19:38:24.595+0000] {processor.py:830} INFO - Processing file /opt/airflow/dags/silver_processing_dag.py for tasks to queue
[2026-07-28T19:38:24.602+0000] {logging_mixin.py:188} INFO - [2026-07-28T19:38:24.601+0000] {dagbag.py:545} INFO - Filling up the DagBag from /opt/airflow/dags/silver_processing_dag.py
[2026-07-28T19:38:24.686+0000] {processor.py:840} INFO - DAG(s) 'process_silver_layer' retrieved from /opt/airflow/dags/silver_processing_dag.py
[2026-07-28T19:38:24.896+0000] {logging_mixin.py:188} INFO - [2026-07-28T19:38:24.895+0000] {dag.py:3096} INFO - Sync 1 DAGs
[2026-07-28T19:38:24.951+0000] {logging_mixin.py:188} INFO - [2026-07-28T19:38:24.951+0000] {dag.py:3954} INFO - Setting next_dagrun for process_silver_layer to None, run_after=None
[2026-07-28T19:38:25.921+0000] {processor.py:183} INFO - Processing /opt/airflow/dags/silver_processing_dag.py took 1.343 seconds
[2026-07-28T19:39:09.615+0000] {processor.py:161} INFO - Started process (PID=1877) to work on /opt/airflow/dags/silver_processing_dag.py
[2026-07-28T19:39:09.621+0000] {processor.py:830} INFO - Processing file /opt/airflow/dags/silver_processing_dag.py for tasks to queue
[2026-07-28T19:39:09.629+0000] {logging_mixin.py:188} INFO - [2026-07-28T19:39:09.628+0000] {dagbag.py:545} INFO - Filling up the DagBag from /opt/airflow/dags/silver_processing_dag.py
[2026-07-28T19:39:09.705+0000] {processor.py:840} INFO - DAG(s) 'process_silver_layer' retrieved from /opt/airflow/dags/silver_processing_dag.py
[2026-07-28T19:39:09.807+0000] {logging_mixin.py:188} INFO - [2026-07-28T19:39:09.807+0000] {dag.py:3096} INFO - Sync 1 DAGs
[2026-07-28T19:39:09.854+0000] {logging_mixin.py:188} INFO - [2026-07-28T19:39:09.853+0000] {dag.py:3954} INFO - Setting next_dagrun for process_silver_layer to None, run_after=None
[2026-07-28T19:39:09.957+0000] {processor.py:183} INFO - Processing /opt/airflow/dags/silver_processing_dag.py took 0.366 seconds
[2026-07-28T19:39:40.554+0000] {processor.py:161} INFO - Started process (PID=1892) to work on /opt/airflow/dags/silver_processing_dag.py
[2026-07-28T19:39:40.562+0000] {processor.py:830} INFO - Processing file /opt/airflow/dags/silver_processing_dag.py for tasks to queue
[2026-07-28T19:39:40.571+0000] {logging_mixin.py:188} INFO - [2026-07-28T19:39:40.570+0000] {dagbag.py:545} INFO - Filling up the DagBag from /opt/airflow/dags/silver_processing_dag.py
[2026-07-28T19:39:40.673+0000] {processor.py:840} INFO - DAG(s) 'process_silver_layer' retrieved from /opt/airflow/dags/silver_processing_dag.py
[2026-07-28T19:39:40.800+0000] {logging_mixin.py:188} INFO - [2026-07-28T19:39:40.799+0000] {dag.py:3096} INFO - Sync 1 DAGs
[2026-07-28T19:39:40.858+0000] {logging_mixin.py:188} INFO - [2026-07-28T19:39:40.857+0000] {dag.py:3954} INFO - Setting next_dagrun for process_silver_layer to None, run_after=None
[2026-07-28T19:39:40.920+0000] {processor.py:183} INFO - Processing /opt/airflow/dags/silver_processing_dag.py took 0.399 seconds
[2026-07-28T19:40:11.478+0000] {processor.py:161} INFO - Started process (PID=1907) to work on /opt/airflow/dags/silver_processing_dag.py
[2026-07-28T19:40:11.481+0000] {processor.py:830} INFO - Processing file /opt/airflow/dags/silver_processing_dag.py for tasks to queue
[2026-07-28T19:40:11.488+0000] {logging_mixin.py:188} INFO - [2026-07-28T19:40:11.487+0000] {dagbag.py:545} INFO - Filling up the DagBag from /opt/airflow/dags/silver_processing_dag.py
[2026-07-28T19:40:11.560+0000] {processor.py:840} INFO - DAG(s) 'process_silver_layer' retrieved from /opt/airflow/dags/silver_processing_dag.py
[2026-07-28T19:40:11.676+0000] {logging_mixin.py:188} INFO - [2026-07-28T19:40:11.675+0000] {dag.py:3096} INFO - Sync 1 DAGs
[2026-07-28T19:40:11.744+0000] {logging_mixin.py:188} INFO - [2026-07-28T19:40:11.744+0000] {dag.py:3954} INFO - Setting next_dagrun for process_silver_layer to None, run_after=None
[2026-07-28T19:40:11.862+0000] {processor.py:183} INFO - Processing /opt/airflow/dags/silver_processing_dag.py took 0.428 seconds
[2026-07-28T19:40:44.296+0000] {processor.py:161} INFO - Started process (PID=1922) to work on /opt/airflow/dags/silver_processing_dag.py
[2026-07-28T19:40:44.396+0000] {processor.py:830} INFO - Processing file /opt/airflow/dags/silver_processing_dag.py for tasks to queue
[2026-07-28T19:40:44.435+0000] {logging_mixin.py:188} INFO - [2026-07-28T19:40:44.434+0000] {dagbag.py:545} INFO - Filling up the DagBag from /opt/airflow/dags/silver_processing_dag.py
[2026-07-28T19:40:44.544+0000] {processor.py:840} INFO - DAG(s) 'process_silver_layer' retrieved from /opt/airflow/dags/silver_processing_dag.py
[2026-07-28T19:40:45.109+0000] {logging_mixin.py:188} INFO - [2026-07-28T19:40:45.109+0000] {dag.py:3096} INFO - Sync 1 DAGs
[2026-07-28T19:40:46.025+0000] {logging_mixin.py:188} INFO - [2026-07-28T19:40:46.024+0000] {dag.py:3954} INFO - Setting next_dagrun for process_silver_layer to None, run_after=None
[2026-07-28T19:40:46.574+0000] {processor.py:183} INFO - Processing /opt/airflow/dags/silver_processing_dag.py took 3.902 seconds
[2026-07-28T19:41:17.080+0000] {processor.py:161} INFO - Started process (PID=1942) to work on /opt/airflow/dags/silver_processing_dag.py
[2026-07-28T19:41:17.099+0000] {processor.py:830} INFO - Processing file /opt/airflow/dags/silver_processing_dag.py for tasks to queue
[2026-07-28T19:41:17.127+0000] {logging_mixin.py:188} INFO - [2026-07-28T19:41:17.126+0000] {dagbag.py:545} INFO - Filling up the DagBag from /opt/airflow/dags/silver_processing_dag.py
[2026-07-28T19:41:17.219+0000] {processor.py:840} INFO - DAG(s) 'process_silver_layer' retrieved from /opt/airflow/dags/silver_processing_dag.py
[2026-07-28T19:41:17.312+0000] {logging_mixin.py:188} INFO - [2026-07-28T19:41:17.311+0000] {dag.py:3096} INFO - Sync 1 DAGs
[2026-07-28T19:41:17.354+0000] {logging_mixin.py:188} INFO - [2026-07-28T19:41:17.353+0000] {dag.py:3954} INFO - Setting next_dagrun for process_silver_layer to None, run_after=None
[2026-07-28T19:41:17.450+0000] {processor.py:183} INFO - Processing /opt/airflow/dags/silver_processing_dag.py took 0.413 seconds
[2026-07-28T19:41:47.881+0000] {processor.py:161} INFO - Started process (PID=1954) to work on /opt/airflow/dags/silver_processing_dag.py
[2026-07-28T19:41:47.884+0000] {processor.py:830} INFO - Processing file /opt/airflow/dags/silver_processing_dag.py for tasks to queue
[2026-07-28T19:41:47.928+0000] {logging_mixin.py:188} INFO - [2026-07-28T19:41:47.914+0000] {dagbag.py:545} INFO - Filling up the DagBag from /opt/airflow/dags/silver_processing_dag.py
[2026-07-28T19:41:48.332+0000] {processor.py:840} INFO - DAG(s) 'process_silver_layer' retrieved from /opt/airflow/dags/silver_processing_dag.py
[2026-07-28T19:41:48.569+0000] {logging_mixin.py:188} INFO - [2026-07-28T19:41:48.568+0000] {dag.py:3096} INFO - Sync 1 DAGs
[2026-07-28T19:41:48.682+0000] {logging_mixin.py:188} INFO - [2026-07-28T19:41:48.681+0000] {dag.py:3954} INFO - Setting next_dagrun for process_silver_layer to None, run_after=None
[2026-07-28T19:41:49.021+0000] {processor.py:183} INFO - Processing /opt/airflow/dags/silver_processing_dag.py took 1.203 seconds
[2026-07-28T19:42:19.384+0000] {processor.py:161} INFO - Started process (PID=1974) to work on /opt/airflow/dags/silver_processing_dag.py
[2026-07-28T19:42:19.390+0000] {processor.py:830} INFO - Processing file /opt/airflow/dags/silver_processing_dag.py for tasks to queue
[2026-07-28T19:42:19.401+0000] {logging_mixin.py:188} INFO - [2026-07-28T19:42:19.400+0000] {dagbag.py:545} INFO - Filling up the DagBag from /opt/airflow/dags/silver_processing_dag.py
[2026-07-28T19:42:19.482+0000] {processor.py:840} INFO - DAG(s) 'process_silver_layer' retrieved from /opt/airflow/dags/silver_processing_dag.py
[2026-07-28T19:42:19.545+0000] {logging_mixin.py:188} INFO - [2026-07-28T19:42:19.544+0000] {dag.py:3096} INFO - Sync 1 DAGs
[2026-07-28T19:42:19.582+0000] {logging_mixin.py:188} INFO - [2026-07-28T19:42:19.581+0000] {dag.py:3954} INFO - Setting next_dagrun for process_silver_layer to None, run_after=None
[2026-07-28T19:42:19.630+0000] {processor.py:183} INFO - Processing /opt/airflow/dags/silver_processing_dag.py took 0.273 seconds
[2026-07-28T19:42:49.765+0000] {processor.py:161} INFO - Started process (PID=1984) to work on /opt/airflow/dags/silver_processing_dag.py
[2026-07-28T19:42:49.771+0000] {processor.py:830} INFO - Processing file /opt/airflow/dags/silver_processing_dag.py for tasks to queue
[2026-07-28T19:42:49.779+0000] {logging_mixin.py:188} INFO - [2026-07-28T19:42:49.778+0000] {dagbag.py:545} INFO - Filling up the DagBag from /opt/airflow/dags/silver_processing_dag.py
[2026-07-28T19:42:49.841+0000] {processor.py:840} INFO - DAG(s) 'process_silver_layer' retrieved from /opt/airflow/dags/silver_processing_dag.py
[2026-07-28T19:42:49.919+0000] {logging_mixin.py:188} INFO - [2026-07-28T19:42:49.919+0000] {dag.py:3096} INFO - Sync 1 DAGs
[2026-07-28T19:42:50.001+0000] {logging_mixin.py:188} INFO - [2026-07-28T19:42:50.000+0000] {dag.py:3954} INFO - Setting next_dagrun for process_silver_layer to None, run_after=None
[2026-07-28T19:42:50.107+0000] {processor.py:183} INFO - Processing /opt/airflow/dags/silver_processing_dag.py took 0.366 seconds
[2026-07-28T19:43:20.770+0000] {processor.py:161} INFO - Started process (PID=1999) to work on /opt/airflow/dags/silver_processing_dag.py
[2026-07-28T19:43:20.772+0000] {processor.py:830} INFO - Processing file /opt/airflow/dags/silver_processing_dag.py for tasks to queue
[2026-07-28T19:43:20.793+0000] {logging_mixin.py:188} INFO - [2026-07-28T19:43:20.792+0000] {dagbag.py:545} INFO - Filling up the DagBag from /opt/airflow/dags/silver_processing_dag.py
[2026-07-28T19:43:20.838+0000] {processor.py:840} INFO - DAG(s) 'process_silver_layer' retrieved from /opt/airflow/dags/silver_processing_dag.py
[2026-07-28T19:43:20.891+0000] {logging_mixin.py:188} INFO - [2026-07-28T19:43:20.890+0000] {dag.py:3096} INFO - Sync 1 DAGs
[2026-07-28T19:43:20.946+0000] {logging_mixin.py:188} INFO - [2026-07-28T19:43:20.946+0000] {dag.py:3954} INFO - Setting next_dagrun for process_silver_layer to None, run_after=None
[2026-07-28T19:43:21.002+0000] {processor.py:183} INFO - Processing /opt/airflow/dags/silver_processing_dag.py took 0.247 seconds
[2026-07-28T19:44:02.809+0000] {processor.py:161} INFO - Started process (PID=2012) to work on /opt/airflow/dags/silver_processing_dag.py
[2026-07-28T19:44:02.812+0000] {processor.py:830} INFO - Processing file /opt/airflow/dags/silver_processing_dag.py for tasks to queue
[2026-07-28T19:44:02.823+0000] {logging_mixin.py:188} INFO - [2026-07-28T19:44:02.822+0000] {dagbag.py:545} INFO - Filling up the DagBag from /opt/airflow/dags/silver_processing_dag.py
[2026-07-28T19:44:02.875+0000] {processor.py:840} INFO - DAG(s) 'process_silver_layer' retrieved from /opt/airflow/dags/silver_processing_dag.py
[2026-07-28T19:44:02.931+0000] {logging_mixin.py:188} INFO - [2026-07-28T19:44:02.931+0000] {dag.py:3096} INFO - Sync 1 DAGs
[2026-07-28T19:44:02.969+0000] {logging_mixin.py:188} INFO - [2026-07-28T19:44:02.968+0000] {dag.py:3954} INFO - Setting next_dagrun for process_silver_layer to None, run_after=None
[2026-07-28T19:44:03.024+0000] {processor.py:183} INFO - Processing /opt/airflow/dags/silver_processing_dag.py took 0.238 seconds
[2026-07-28T19:44:49.288+0000] {processor.py:161} INFO - Started process (PID=2027) to work on /opt/airflow/dags/silver_processing_dag.py
[2026-07-28T19:44:49.291+0000] {processor.py:830} INFO - Processing file /opt/airflow/dags/silver_processing_dag.py for tasks to queue
[2026-07-28T19:44:49.300+0000] {logging_mixin.py:188} INFO - [2026-07-28T19:44:49.299+0000] {dagbag.py:545} INFO - Filling up the DagBag from /opt/airflow/dags/silver_processing_dag.py
[2026-07-28T19:44:49.352+0000] {processor.py:840} INFO - DAG(s) 'process_silver_layer' retrieved from /opt/airflow/dags/silver_processing_dag.py
[2026-07-28T19:44:49.440+0000] {logging_mixin.py:188} INFO - [2026-07-28T19:44:49.440+0000] {dag.py:3096} INFO - Sync 1 DAGs
[2026-07-28T19:44:49.489+0000] {logging_mixin.py:188} INFO - [2026-07-28T19:44:49.488+0000] {dag.py:3954} INFO - Setting next_dagrun for process_silver_layer to None, run_after=None
[2026-07-28T19:44:49.553+0000] {processor.py:183} INFO - Processing /opt/airflow/dags/silver_processing_dag.py took 0.287 seconds
[2026-07-28T19:45:19.801+0000] {processor.py:161} INFO - Started process (PID=2042) to work on /opt/airflow/dags/silver_processing_dag.py
[2026-07-28T19:45:19.806+0000] {processor.py:830} INFO - Processing file /opt/airflow/dags/silver_processing_dag.py for tasks to queue
[2026-07-28T19:45:19.819+0000] {logging_mixin.py:188} INFO - [2026-07-28T19:45:19.817+0000] {dagbag.py:545} INFO - Filling up the DagBag from /opt/airflow/dags/silver_processing_dag.py
[2026-07-28T19:45:19.937+0000] {processor.py:840} INFO - DAG(s) 'process_silver_layer' retrieved from /opt/airflow/dags/silver_processing_dag.py
[2026-07-28T19:45:20.056+0000] {logging_mixin.py:188} INFO - [2026-07-28T19:45:20.055+0000] {dag.py:3096} INFO - Sync 1 DAGs
[2026-07-28T19:45:20.153+0000] {logging_mixin.py:188} INFO - [2026-07-28T19:45:20.153+0000] {dag.py:3954} INFO - Setting next_dagrun for process_silver_layer to None, run_after=None
[2026-07-28T19:45:20.336+0000] {processor.py:183} INFO - Processing /opt/airflow/dags/silver_processing_dag.py took 0.567 seconds
[2026-07-28T19:45:51.056+0000] {processor.py:161} INFO - Started process (PID=2057) to work on /opt/airflow/dags/silver_processing_dag.py
[2026-07-28T19:45:51.059+0000] {processor.py:830} INFO - Processing file /opt/airflow/dags/silver_processing_dag.py for tasks to queue
[2026-07-28T19:45:51.068+0000] {logging_mixin.py:188} INFO - [2026-07-28T19:45:51.067+0000] {dagbag.py:545} INFO - Filling up the DagBag from /opt/airflow/dags/silver_processing_dag.py
[2026-07-28T19:45:51.143+0000] {processor.py:840} INFO - DAG(s) 'process_silver_layer' retrieved from /opt/airflow/dags/silver_processing_dag.py
[2026-07-28T19:45:51.240+0000] {logging_mixin.py:188} INFO - [2026-07-28T19:45:51.239+0000] {dag.py:3096} INFO - Sync 1 DAGs
[2026-07-28T19:45:51.306+0000] {logging_mixin.py:188} INFO - [2026-07-28T19:45:51.305+0000] {dag.py:3954} INFO - Setting next_dagrun for process_silver_layer to None, run_after=None
[2026-07-28T19:45:51.416+0000] {processor.py:183} INFO - Processing /opt/airflow/dags/silver_processing_dag.py took 0.383 seconds
[2026-07-28T19:46:23.736+0000] {processor.py:161} INFO - Started process (PID=2072) to work on /opt/airflow/dags/silver_processing_dag.py
[2026-07-28T19:46:23.756+0000] {processor.py:830} INFO - Processing file /opt/airflow/dags/silver_processing_dag.py for tasks to queue
[2026-07-28T19:46:23.773+0000] {logging_mixin.py:188} INFO - [2026-07-28T19:46:23.772+0000] {dagbag.py:545} INFO - Filling up the DagBag from /opt/airflow/dags/silver_processing_dag.py
[2026-07-28T19:46:23.978+0000] {processor.py:840} INFO - DAG(s) 'process_silver_layer' retrieved from /opt/airflow/dags/silver_processing_dag.py
[2026-07-28T19:46:24.132+0000] {logging_mixin.py:188} INFO - [2026-07-28T19:46:24.131+0000] {dag.py:3096} INFO - Sync 1 DAGs
[2026-07-28T19:46:24.349+0000] {logging_mixin.py:188} INFO - [2026-07-28T19:46:24.348+0000] {dag.py:3954} INFO - Setting next_dagrun for process_silver_layer to None, run_after=None
[2026-07-28T19:46:24.757+0000] {processor.py:183} INFO - Processing /opt/airflow/dags/silver_processing_dag.py took 1.047 seconds
[2026-07-28T19:46:55.069+0000] {processor.py:161} INFO - Started process (PID=2084) to work on /opt/airflow/dags/silver_processing_dag.py
[2026-07-28T19:46:55.083+0000] {processor.py:830} INFO - Processing file /opt/airflow/dags/silver_processing_dag.py for tasks to queue
[2026-07-28T19:46:55.184+0000] {logging_mixin.py:188} INFO - [2026-07-28T19:46:55.180+0000] {dagbag.py:545} INFO - Filling up the DagBag from /opt/airflow/dags/silver_processing_dag.py
[2026-07-28T19:46:55.417+0000] {processor.py:840} INFO - DAG(s) 'process_silver_layer' retrieved from /opt/airflow/dags/silver_processing_dag.py
[2026-07-28T19:46:55.643+0000] {logging_mixin.py:188} INFO - [2026-07-28T19:46:55.642+0000] {dag.py:3096} INFO - Sync 1 DAGs
[2026-07-28T19:46:55.693+0000] {logging_mixin.py:188} INFO - [2026-07-28T19:46:55.692+0000] {dag.py:3954} INFO - Setting next_dagrun for process_silver_layer to None, run_after=None
[2026-07-28T19:46:55.881+0000] {processor.py:183} INFO - Processing /opt/airflow/dags/silver_processing_dag.py took 0.863 seconds
[2026-07-28T19:47:36.845+0000] {processor.py:161} INFO - Started process (PID=2102) to work on /opt/airflow/dags/silver_processing_dag.py
[2026-07-28T19:47:36.849+0000] {processor.py:830} INFO - Processing file /opt/airflow/dags/silver_processing_dag.py for tasks to queue
[2026-07-28T19:47:36.867+0000] {logging_mixin.py:188} INFO - [2026-07-28T19:47:36.865+0000] {dagbag.py:545} INFO - Filling up the DagBag from /opt/airflow/dags/silver_processing_dag.py
[2026-07-28T19:47:36.985+0000] {processor.py:840} INFO - DAG(s) 'process_silver_layer' retrieved from /opt/airflow/dags/silver_processing_dag.py
[2026-07-28T19:47:37.336+0000] {logging_mixin.py:188} INFO - [2026-07-28T19:47:37.336+0000] {dag.py:3096} INFO - Sync 1 DAGs
[2026-07-28T19:47:37.457+0000] {logging_mixin.py:188} INFO - [2026-07-28T19:47:37.457+0000] {dag.py:3954} INFO - Setting next_dagrun for process_silver_layer to None, run_after=None
[2026-07-28T19:47:37.725+0000] {processor.py:183} INFO - Processing /opt/airflow/dags/silver_processing_dag.py took 0.932 seconds
[2026-07-28T19:48:23.025+0000] {processor.py:161} INFO - Started process (PID=2118) to work on /opt/airflow/dags/silver_processing_dag.py
[2026-07-28T19:48:23.031+0000] {processor.py:830} INFO - Processing file /opt/airflow/dags/silver_processing_dag.py for tasks to queue
[2026-07-28T19:48:23.044+0000] {logging_mixin.py:188} INFO - [2026-07-28T19:48:23.043+0000] {dagbag.py:545} INFO - Filling up the DagBag from /opt/airflow/dags/silver_processing_dag.py
[2026-07-28T19:48:23.125+0000] {processor.py:840} INFO - DAG(s) 'process_silver_layer' retrieved from /opt/airflow/dags/silver_processing_dag.py
[2026-07-28T19:48:23.229+0000] {logging_mixin.py:188} INFO - [2026-07-28T19:48:23.229+0000] {dag.py:3096} INFO - Sync 1 DAGs
[2026-07-28T19:48:23.291+0000] {logging_mixin.py:188} INFO - [2026-07-28T19:48:23.290+0000] {dag.py:3954} INFO - Setting next_dagrun for process_silver_layer to None, run_after=None
[2026-07-28T19:48:23.548+0000] {processor.py:183} INFO - Processing /opt/airflow/dags/silver_processing_dag.py took 0.570 seconds
[2026-07-28T19:48:54.898+0000] {processor.py:161} INFO - Started process (PID=2135) to work on /opt/airflow/dags/silver_processing_dag.py
[2026-07-28T19:48:54.933+0000] {processor.py:830} INFO - Processing file /opt/airflow/dags/silver_processing_dag.py for tasks to queue
[2026-07-28T19:48:55.009+0000] {logging_mixin.py:188} INFO - [2026-07-28T19:48:55.008+0000] {dagbag.py:545} INFO - Filling up the DagBag from /opt/airflow/dags/silver_processing_dag.py
[2026-07-28T19:48:55.359+0000] {processor.py:840} INFO - DAG(s) 'process_silver_layer' retrieved from /opt/airflow/dags/silver_processing_dag.py
[2026-07-28T19:48:55.522+0000] {logging_mixin.py:188} INFO - [2026-07-28T19:48:55.521+0000] {dag.py:3096} INFO - Sync 1 DAGs
[2026-07-28T19:48:55.654+0000] {logging_mixin.py:188} INFO - [2026-07-28T19:48:55.654+0000] {dag.py:3954} INFO - Setting next_dagrun for process_silver_layer to None, run_after=None
[2026-07-28T19:48:55.819+0000] {processor.py:183} INFO - Processing /opt/airflow/dags/silver_processing_dag.py took 0.970 seconds
[2026-07-28T19:49:26.788+0000] {processor.py:161} INFO - Started process (PID=2153) to work on /opt/airflow/dags/silver_processing_dag.py
[2026-07-28T19:49:26.882+0000] {processor.py:830} INFO - Processing file /opt/airflow/dags/silver_processing_dag.py for tasks to queue
[2026-07-28T19:49:27.066+0000] {logging_mixin.py:188} INFO - [2026-07-28T19:49:27.064+0000] {dagbag.py:545} INFO - Filling up the DagBag from /opt/airflow/dags/silver_processing_dag.py
[2026-07-28T19:49:27.210+0000] {processor.py:840} INFO - DAG(s) 'process_silver_layer' retrieved from /opt/airflow/dags/silver_processing_dag.py
[2026-07-28T19:49:27.342+0000] {logging_mixin.py:188} INFO - [2026-07-28T19:49:27.341+0000] {dag.py:3096} INFO - Sync 1 DAGs
[2026-07-28T19:49:27.687+0000] {logging_mixin.py:188} INFO - [2026-07-28T19:49:27.686+0000] {dag.py:3954} INFO - Setting next_dagrun for process_silver_layer to None, run_after=None
[2026-07-28T19:49:28.863+0000] {processor.py:183} INFO - Processing /opt/airflow/dags/silver_processing_dag.py took 2.130 seconds
[2026-07-28T19:49:59.132+0000] {processor.py:161} INFO - Started process (PID=2171) to work on /opt/airflow/dags/silver_processing_dag.py
[2026-07-28T19:49:59.135+0000] {processor.py:830} INFO - Processing file /opt/airflow/dags/silver_processing_dag.py for tasks to queue
[2026-07-28T19:49:59.140+0000] {logging_mixin.py:188} INFO - [2026-07-28T19:49:59.140+0000] {dagbag.py:545} INFO - Filling up the DagBag from /opt/airflow/dags/silver_processing_dag.py
[2026-07-28T19:49:59.185+0000] {processor.py:840} INFO - DAG(s) 'process_silver_layer' retrieved from /opt/airflow/dags/silver_processing_dag.py
[2026-07-28T19:49:59.250+0000] {logging_mixin.py:188} INFO - [2026-07-28T19:49:59.249+0000] {dag.py:3096} INFO - Sync 1 DAGs
[2026-07-28T19:49:59.304+0000] {logging_mixin.py:188} INFO - [2026-07-28T19:49:59.302+0000] {dag.py:3954} INFO - Setting next_dagrun for process_silver_layer to None, run_after=None
[2026-07-28T19:49:59.393+0000] {processor.py:183} INFO - Processing /opt/airflow/dags/silver_processing_dag.py took 0.282 seconds
[2026-07-28T19:50:29.842+0000] {processor.py:161} INFO - Started process (PID=2188) to work on /opt/airflow/dags/silver_processing_dag.py
[2026-07-28T19:50:29.847+0000] {processor.py:830} INFO - Processing file /opt/airflow/dags/silver_processing_dag.py for tasks to queue
[2026-07-28T19:50:29.854+0000] {logging_mixin.py:188} INFO - [2026-07-28T19:50:29.853+0000] {dagbag.py:545} INFO - Filling up the DagBag from /opt/airflow/dags/silver_processing_dag.py
[2026-07-28T19:50:29.901+0000] {processor.py:840} INFO - DAG(s) 'process_silver_layer' retrieved from /opt/airflow/dags/silver_processing_dag.py
[2026-07-28T19:50:29.960+0000] {logging_mixin.py:188} INFO - [2026-07-28T19:50:29.960+0000] {dag.py:3096} INFO - Sync 1 DAGs
[2026-07-28T19:50:30.008+0000] {logging_mixin.py:188} INFO - [2026-07-28T19:50:30.007+0000] {dag.py:3954} INFO - Setting next_dagrun for process_silver_layer to None, run_after=None
[2026-07-28T19:50:30.060+0000] {processor.py:183} INFO - Processing /opt/airflow/dags/silver_processing_dag.py took 0.234 seconds
[2026-07-28T19:51:00.415+0000] {processor.py:161} INFO - Started process (PID=2205) to work on /opt/airflow/dags/silver_processing_dag.py
[2026-07-28T19:51:00.445+0000] {processor.py:830} INFO - Processing file /opt/airflow/dags/silver_processing_dag.py for tasks to queue
[2026-07-28T19:51:00.453+0000] {logging_mixin.py:188} INFO - [2026-07-28T19:51:00.453+0000] {dagbag.py:545} INFO - Filling up the DagBag from /opt/airflow/dags/silver_processing_dag.py
[2026-07-28T19:51:00.505+0000] {processor.py:840} INFO - DAG(s) 'process_silver_layer' retrieved from /opt/airflow/dags/silver_processing_dag.py
[2026-07-28T19:51:00.570+0000] {logging_mixin.py:188} INFO - [2026-07-28T19:51:00.569+0000] {dag.py:3096} INFO - Sync 1 DAGs
[2026-07-28T19:51:00.609+0000] {logging_mixin.py:188} INFO - [2026-07-28T19:51:00.608+0000] {dag.py:3954} INFO - Setting next_dagrun for process_silver_layer to None, run_after=None
[2026-07-28T19:51:00.787+0000] {processor.py:183} INFO - Processing /opt/airflow/dags/silver_processing_dag.py took 0.390 seconds
[2026-07-28T19:51:31.161+0000] {processor.py:161} INFO - Started process (PID=2228) to work on /opt/airflow/dags/silver_processing_dag.py
[2026-07-28T19:51:31.172+0000] {processor.py:830} INFO - Processing file /opt/airflow/dags/silver_processing_dag.py for tasks to queue
[2026-07-28T19:51:31.181+0000] {logging_mixin.py:188} INFO - [2026-07-28T19:51:31.179+0000] {dagbag.py:545} INFO - Filling up the DagBag from /opt/airflow/dags/silver_processing_dag.py
[2026-07-28T19:51:31.251+0000] {processor.py:840} INFO - DAG(s) 'process_silver_layer' retrieved from /opt/airflow/dags/silver_processing_dag.py
[2026-07-28T19:51:31.303+0000] {logging_mixin.py:188} INFO - [2026-07-28T19:51:31.302+0000] {dag.py:3096} INFO - Sync 1 DAGs
[2026-07-28T19:51:31.337+0000] {logging_mixin.py:188} INFO - [2026-07-28T19:51:31.336+0000] {dag.py:3954} INFO - Setting next_dagrun for process_silver_layer to None, run_after=None
[2026-07-28T19:51:31.558+0000] {processor.py:183} INFO - Processing /opt/airflow/dags/silver_processing_dag.py took 0.440 seconds
[2026-07-28T19:52:02.076+0000] {processor.py:161} INFO - Started process (PID=2243) to work on /opt/airflow/dags/silver_processing_dag.py
[2026-07-28T19:52:02.085+0000] {processor.py:830} INFO - Processing file /opt/airflow/dags/silver_processing_dag.py for tasks to queue
[2026-07-28T19:52:02.106+0000] {logging_mixin.py:188} INFO - [2026-07-28T19:52:02.105+0000] {dagbag.py:545} INFO - Filling up the DagBag from /opt/airflow/dags/silver_processing_dag.py
[2026-07-28T19:52:02.175+0000] {processor.py:840} INFO - DAG(s) 'process_silver_layer' retrieved from /opt/airflow/dags/silver_processing_dag.py
[2026-07-28T19:52:02.354+0000] {logging_mixin.py:188} INFO - [2026-07-28T19:52:02.353+0000] {dag.py:3096} INFO - Sync 1 DAGs
[2026-07-28T19:52:02.467+0000] {logging_mixin.py:188} INFO - [2026-07-28T19:52:02.466+0000] {dag.py:3954} INFO - Setting next_dagrun for process_silver_layer to None, run_after=None
[2026-07-28T19:52:02.522+0000] {processor.py:183} INFO - Processing /opt/airflow/dags/silver_processing_dag.py took 0.472 seconds
[2026-07-28T19:52:33.031+0000] {processor.py:161} INFO - Started process (PID=2256) to work on /opt/airflow/dags/silver_processing_dag.py
[2026-07-28T19:52:33.034+0000] {processor.py:830} INFO - Processing file /opt/airflow/dags/silver_processing_dag.py for tasks to queue
[2026-07-28T19:52:33.040+0000] {logging_mixin.py:188} INFO - [2026-07-28T19:52:33.038+0000] {dagbag.py:545} INFO - Filling up the DagBag from /opt/airflow/dags/silver_processing_dag.py
[2026-07-28T19:52:33.101+0000] {processor.py:840} INFO - DAG(s) 'process_silver_layer' retrieved from /opt/airflow/dags/silver_processing_dag.py
[2026-07-28T19:52:33.220+0000] {logging_mixin.py:188} INFO - [2026-07-28T19:52:33.219+0000] {dag.py:3096} INFO - Sync 1 DAGs
[2026-07-28T19:52:33.541+0000] {logging_mixin.py:188} INFO - [2026-07-28T19:52:33.540+0000] {dag.py:3954} INFO - Setting next_dagrun for process_silver_layer to None, run_after=None
[2026-07-28T19:52:35.776+0000] {processor.py:183} INFO - Processing /opt/airflow/dags/silver_processing_dag.py took 2.760 seconds
[2026-07-28T19:53:42.011+0000] {processor.py:161} INFO - Started process (PID=2271) to work on /opt/airflow/dags/silver_processing_dag.py
[2026-07-28T19:53:42.017+0000] {processor.py:830} INFO - Processing file /opt/airflow/dags/silver_processing_dag.py for tasks to queue
[2026-07-28T19:53:42.024+0000] {logging_mixin.py:188} INFO - [2026-07-28T19:53:42.023+0000] {dagbag.py:545} INFO - Filling up the DagBag from /opt/airflow/dags/silver_processing_dag.py
[2026-07-28T19:53:42.073+0000] {processor.py:840} INFO - DAG(s) 'process_silver_layer' retrieved from /opt/airflow/dags/silver_processing_dag.py
[2026-07-28T19:53:42.170+0000] {logging_mixin.py:188} INFO - [2026-07-28T19:53:42.170+0000] {dag.py:3096} INFO - Sync 1 DAGs
[2026-07-28T19:53:42.234+0000] {logging_mixin.py:188} INFO - [2026-07-28T19:53:42.233+0000] {dag.py:3954} INFO - Setting next_dagrun for process_silver_layer to None, run_after=None
[2026-07-28T19:53:42.292+0000] {processor.py:183} INFO - Processing /opt/airflow/dags/silver_processing_dag.py took 0.299 seconds
[2026-07-28T19:54:27.204+0000] {processor.py:161} INFO - Started process (PID=2286) to work on /opt/airflow/dags/silver_processing_dag.py
[2026-07-28T19:54:27.210+0000] {processor.py:830} INFO - Processing file /opt/airflow/dags/silver_processing_dag.py for tasks to queue
[2026-07-28T19:54:27.219+0000] {logging_mixin.py:188} INFO - [2026-07-28T19:54:27.218+0000] {dagbag.py:545} INFO - Filling up the DagBag from /opt/airflow/dags/silver_processing_dag.py
[2026-07-28T19:54:27.327+0000] {processor.py:840} INFO - DAG(s) 'process_silver_layer' retrieved from /opt/airflow/dags/silver_processing_dag.py
[2026-07-28T19:54:27.431+0000] {logging_mixin.py:188} INFO - [2026-07-28T19:54:27.430+0000] {dag.py:3096} INFO - Sync 1 DAGs
[2026-07-28T19:54:27.487+0000] {logging_mixin.py:188} INFO - [2026-07-28T19:54:27.487+0000] {dag.py:3954} INFO - Setting next_dagrun for process_silver_layer to None, run_after=None
[2026-07-28T19:54:27.584+0000] {processor.py:183} INFO - Processing /opt/airflow/dags/silver_processing_dag.py took 0.432 seconds
[2026-07-28T19:54:58.339+0000] {processor.py:161} INFO - Started process (PID=2301) to work on /opt/airflow/dags/silver_processing_dag.py
[2026-07-28T19:54:58.358+0000] {processor.py:830} INFO - Processing file /opt/airflow/dags/silver_processing_dag.py for tasks to queue
[2026-07-28T19:54:58.383+0000] {logging_mixin.py:188} INFO - [2026-07-28T19:54:58.382+0000] {dagbag.py:545} INFO - Filling up the DagBag from /opt/airflow/dags/silver_processing_dag.py
[2026-07-28T19:54:58.532+0000] {processor.py:840} INFO - DAG(s) 'process_silver_layer' retrieved from /opt/airflow/dags/silver_processing_dag.py
[2026-07-28T19:54:58.644+0000] {logging_mixin.py:188} INFO - [2026-07-28T19:54:58.644+0000] {dag.py:3096} INFO - Sync 1 DAGs
[2026-07-28T19:54:58.731+0000] {logging_mixin.py:188} INFO - [2026-07-28T19:54:58.730+0000] {dag.py:3954} INFO - Setting next_dagrun for process_silver_layer to None, run_after=None
[2026-07-28T19:54:58.806+0000] {processor.py:183} INFO - Processing /opt/airflow/dags/silver_processing_dag.py took 0.525 seconds
[2026-07-28T19:55:29.857+0000] {processor.py:161} INFO - Started process (PID=2316) to work on /opt/airflow/dags/silver_processing_dag.py
[2026-07-28T19:55:29.880+0000] {processor.py:830} INFO - Processing file /opt/airflow/dags/silver_processing_dag.py for tasks to queue
[2026-07-28T19:55:29.905+0000] {logging_mixin.py:188} INFO - [2026-07-28T19:55:29.903+0000] {dagbag.py:545} INFO - Filling up the DagBag from /opt/airflow/dags/silver_processing_dag.py
[2026-07-28T19:55:30.096+0000] {processor.py:840} INFO - DAG(s) 'process_silver_layer' retrieved from /opt/airflow/dags/silver_processing_dag.py
[2026-07-28T19:55:30.170+0000] {logging_mixin.py:188} INFO - [2026-07-28T19:55:30.170+0000] {dag.py:3096} INFO - Sync 1 DAGs
[2026-07-28T19:55:30.210+0000] {logging_mixin.py:188} INFO - [2026-07-28T19:55:30.209+0000] {dag.py:3954} INFO - Setting next_dagrun for process_silver_layer to None, run_after=None
[2026-07-28T19:55:30.276+0000] {processor.py:183} INFO - Processing /opt/airflow/dags/silver_processing_dag.py took 0.457 seconds
[2026-07-28T19:56:01.385+0000] {processor.py:161} INFO - Started process (PID=2331) to work on /opt/airflow/dags/silver_processing_dag.py
[2026-07-28T19:56:01.393+0000] {processor.py:830} INFO - Processing file /opt/airflow/dags/silver_processing_dag.py for tasks to queue
[2026-07-28T19:56:01.402+0000] {logging_mixin.py:188} INFO - [2026-07-28T19:56:01.400+0000] {dagbag.py:545} INFO - Filling up the DagBag from /opt/airflow/dags/silver_processing_dag.py
[2026-07-28T19:56:01.485+0000] {processor.py:840} INFO - DAG(s) 'process_silver_layer' retrieved from /opt/airflow/dags/silver_processing_dag.py
[2026-07-28T19:56:01.670+0000] {logging_mixin.py:188} INFO - [2026-07-28T19:56:01.670+0000] {dag.py:3096} INFO - Sync 1 DAGs
[2026-07-28T19:56:01.792+0000] {logging_mixin.py:188} INFO - [2026-07-28T19:56:01.791+0000] {dag.py:3954} INFO - Setting next_dagrun for process_silver_layer to None, run_after=None
[2026-07-28T19:56:02.063+0000] {processor.py:183} INFO - Processing /opt/airflow/dags/silver_processing_dag.py took 0.711 seconds
[2026-07-28T19:56:32.342+0000] {processor.py:161} INFO - Started process (PID=2346) to work on /opt/airflow/dags/silver_processing_dag.py
[2026-07-28T19:56:32.345+0000] {processor.py:830} INFO - Processing file /opt/airflow/dags/silver_processing_dag.py for tasks to queue
[2026-07-28T19:56:32.355+0000] {logging_mixin.py:188} INFO - [2026-07-28T19:56:32.351+0000] {dagbag.py:545} INFO - Filling up the DagBag from /opt/airflow/dags/silver_processing_dag.py
[2026-07-28T19:56:32.440+0000] {processor.py:840} INFO - DAG(s) 'process_silver_layer' retrieved from /opt/airflow/dags/silver_processing_dag.py
[2026-07-28T19:56:32.647+0000] {logging_mixin.py:188} INFO - [2026-07-28T19:56:32.646+0000] {dag.py:3096} INFO - Sync 1 DAGs
[2026-07-28T19:56:32.769+0000] {logging_mixin.py:188} INFO - [2026-07-28T19:56:32.768+0000] {dag.py:3954} INFO - Setting next_dagrun for process_silver_layer to None, run_after=None
[2026-07-28T19:56:33.022+0000] {processor.py:183} INFO - Processing /opt/airflow/dags/silver_processing_dag.py took 0.701 seconds
[2026-07-28T19:57:03.550+0000] {processor.py:161} INFO - Started process (PID=2361) to work on /opt/airflow/dags/silver_processing_dag.py
[2026-07-28T19:57:03.561+0000] {processor.py:830} INFO - Processing file /opt/airflow/dags/silver_processing_dag.py for tasks to queue
[2026-07-28T19:57:03.570+0000] {logging_mixin.py:188} INFO - [2026-07-28T19:57:03.569+0000] {dagbag.py:545} INFO - Filling up the DagBag from /opt/airflow/dags/silver_processing_dag.py
[2026-07-28T19:57:03.675+0000] {processor.py:840} INFO - DAG(s) 'process_silver_layer' retrieved from /opt/airflow/dags/silver_processing_dag.py
[2026-07-28T19:57:03.846+0000] {logging_mixin.py:188} INFO - [2026-07-28T19:57:03.846+0000] {dag.py:3096} INFO - Sync 1 DAGs
[2026-07-28T19:57:03.966+0000] {logging_mixin.py:188} INFO - [2026-07-28T19:57:03.965+0000] {dag.py:3954} INFO - Setting next_dagrun for process_silver_layer to None, run_after=None
[2026-07-28T19:57:04.105+0000] {processor.py:183} INFO - Processing /opt/airflow/dags/silver_processing_dag.py took 0.596 seconds
[2026-07-28T19:57:34.488+0000] {processor.py:161} INFO - Started process (PID=2379) to work on /opt/airflow/dags/silver_processing_dag.py
[2026-07-28T19:57:34.491+0000] {processor.py:830} INFO - Processing file /opt/airflow/dags/silver_processing_dag.py for tasks to queue
[2026-07-28T19:57:34.496+0000] {logging_mixin.py:188} INFO - [2026-07-28T19:57:34.495+0000] {dagbag.py:545} INFO - Filling up the DagBag from /opt/airflow/dags/silver_processing_dag.py
[2026-07-28T19:57:34.533+0000] {processor.py:840} INFO - DAG(s) 'process_silver_layer' retrieved from /opt/airflow/dags/silver_processing_dag.py
[2026-07-28T19:57:34.579+0000] {logging_mixin.py:188} INFO - [2026-07-28T19:57:34.579+0000] {dag.py:3096} INFO - Sync 1 DAGs
[2026-07-28T19:57:34.605+0000] {logging_mixin.py:188} INFO - [2026-07-28T19:57:34.604+0000] {dag.py:3954} INFO - Setting next_dagrun for process_silver_layer to None, run_after=None
[2026-07-28T19:57:34.644+0000] {processor.py:183} INFO - Processing /opt/airflow/dags/silver_processing_dag.py took 0.176 seconds
[2026-07-28T19:58:04.986+0000] {processor.py:161} INFO - Started process (PID=2393) to work on /opt/airflow/dags/silver_processing_dag.py
[2026-07-28T19:58:04.990+0000] {processor.py:830} INFO - Processing file /opt/airflow/dags/silver_processing_dag.py for tasks to queue
[2026-07-28T19:58:04.996+0000] {logging_mixin.py:188} INFO - [2026-07-28T19:58:04.995+0000] {dagbag.py:545} INFO - Filling up the DagBag from /opt/airflow/dags/silver_processing_dag.py
[2026-07-28T19:58:05.037+0000] {processor.py:840} INFO - DAG(s) 'process_silver_layer' retrieved from /opt/airflow/dags/silver_processing_dag.py
[2026-07-28T19:58:05.113+0000] {logging_mixin.py:188} INFO - [2026-07-28T19:58:05.112+0000] {dag.py:3096} INFO - Sync 1 DAGs
[2026-07-28T19:58:05.207+0000] {logging_mixin.py:188} INFO - [2026-07-28T19:58:05.207+0000] {dag.py:3954} INFO - Setting next_dagrun for process_silver_layer to None, run_after=None
[2026-07-28T19:58:05.302+0000] {processor.py:183} INFO - Processing /opt/airflow/dags/silver_processing_dag.py took 0.336 seconds
[2026-07-28T19:58:35.673+0000] {processor.py:161} INFO - Started process (PID=2408) to work on /opt/airflow/dags/silver_processing_dag.py
[2026-07-28T19:58:35.676+0000] {processor.py:830} INFO - Processing file /opt/airflow/dags/silver_processing_dag.py for tasks to queue
[2026-07-28T19:58:35.686+0000] {logging_mixin.py:188} INFO - [2026-07-28T19:58:35.684+0000] {dagbag.py:545} INFO - Filling up the DagBag from /opt/airflow/dags/silver_processing_dag.py
[2026-07-28T19:58:35.781+0000] {processor.py:840} INFO - DAG(s) 'process_silver_layer' retrieved from /opt/airflow/dags/silver_processing_dag.py
[2026-07-28T19:58:35.857+0000] {logging_mixin.py:188} INFO - [2026-07-28T19:58:35.856+0000] {dag.py:3096} INFO - Sync 1 DAGs
[2026-07-28T19:58:35.894+0000] {logging_mixin.py:188} INFO - [2026-07-28T19:58:35.892+0000] {dag.py:3954} INFO - Setting next_dagrun for process_silver_layer to None, run_after=None
[2026-07-28T19:58:35.948+0000] {processor.py:183} INFO - Processing /opt/airflow/dags/silver_processing_dag.py took 0.293 seconds
[2026-07-28T19:59:07.071+0000] {processor.py:161} INFO - Started process (PID=2424) to work on /opt/airflow/dags/silver_processing_dag.py
[2026-07-28T19:59:07.076+0000] {processor.py:830} INFO - Processing file /opt/airflow/dags/silver_processing_dag.py for tasks to queue
[2026-07-28T19:59:07.093+0000] {logging_mixin.py:188} INFO - [2026-07-28T19:59:07.089+0000] {dagbag.py:545} INFO - Filling up the DagBag from /opt/airflow/dags/silver_processing_dag.py
[2026-07-28T19:59:07.330+0000] {processor.py:840} INFO - DAG(s) 'process_silver_layer' retrieved from /opt/airflow/dags/silver_processing_dag.py
[2026-07-28T19:59:07.474+0000] {logging_mixin.py:188} INFO - [2026-07-28T19:59:07.473+0000] {dag.py:3096} INFO - Sync 1 DAGs
[2026-07-28T19:59:07.542+0000] {logging_mixin.py:188} INFO - [2026-07-28T19:59:07.541+0000] {dag.py:3954} INFO - Setting next_dagrun for process_silver_layer to None, run_after=None
[2026-07-28T19:59:07.984+0000] {processor.py:183} INFO - Processing /opt/airflow/dags/silver_processing_dag.py took 0.975 seconds
[2026-07-28T19:59:39.268+0000] {processor.py:161} INFO - Started process (PID=2444) to work on /opt/airflow/dags/silver_processing_dag.py
[2026-07-28T19:59:39.294+0000] {processor.py:830} INFO - Processing file /opt/airflow/dags/silver_processing_dag.py for tasks to queue
[2026-07-28T19:59:39.313+0000] {logging_mixin.py:188} INFO - [2026-07-28T19:59:39.312+0000] {dagbag.py:545} INFO - Filling up the DagBag from /opt/airflow/dags/silver_processing_dag.py
[2026-07-28T19:59:39.425+0000] {processor.py:840} INFO - DAG(s) 'process_silver_layer' retrieved from /opt/airflow/dags/silver_processing_dag.py
[2026-07-28T19:59:39.595+0000] {logging_mixin.py:188} INFO - [2026-07-28T19:59:39.595+0000] {dag.py:3096} INFO - Sync 1 DAGs
[2026-07-28T19:59:39.670+0000] {logging_mixin.py:188} INFO - [2026-07-28T19:59:39.669+0000] {dag.py:3954} INFO - Setting next_dagrun for process_silver_layer to None, run_after=None
[2026-07-28T19:59:39.928+0000] {processor.py:183} INFO - Processing /opt/airflow/dags/silver_processing_dag.py took 0.713 seconds
[2026-07-28T20:00:17.347+0000] {processor.py:161} INFO - Started process (PID=2461) to work on /opt/airflow/dags/silver_processing_dag.py
[2026-07-28T20:00:17.397+0000] {processor.py:830} INFO - Processing file /opt/airflow/dags/silver_processing_dag.py for tasks to queue
[2026-07-28T20:00:18.119+0000] {logging_mixin.py:188} INFO - [2026-07-28T20:00:18.118+0000] {dagbag.py:545} INFO - Filling up the DagBag from /opt/airflow/dags/silver_processing_dag.py
[2026-07-28T20:00:21.591+0000] {processor.py:840} INFO - DAG(s) 'process_silver_layer' retrieved from /opt/airflow/dags/silver_processing_dag.py
[2026-07-28T20:00:22.287+0000] {logging_mixin.py:188} INFO - [2026-07-28T20:00:22.286+0000] {dag.py:3096} INFO - Sync 1 DAGs
[2026-07-28T20:00:22.583+0000] {logging_mixin.py:188} INFO - [2026-07-28T20:00:22.583+0000] {dag.py:3954} INFO - Setting next_dagrun for process_silver_layer to None, run_after=None
[2026-07-28T20:00:24.496+0000] {processor.py:183} INFO - Processing /opt/airflow/dags/silver_processing_dag.py took 6.799 seconds
[2026-07-28T20:01:06.470+0000] {processor.py:161} INFO - Started process (PID=2477) to work on /opt/airflow/dags/silver_processing_dag.py
[2026-07-28T20:01:06.476+0000] {processor.py:830} INFO - Processing file /opt/airflow/dags/silver_processing_dag.py for tasks to queue
[2026-07-28T20:01:06.497+0000] {logging_mixin.py:188} INFO - [2026-07-28T20:01:06.493+0000] {dagbag.py:545} INFO - Filling up the DagBag from /opt/airflow/dags/silver_processing_dag.py
[2026-07-28T20:01:06.606+0000] {processor.py:840} INFO - DAG(s) 'process_silver_layer' retrieved from /opt/airflow/dags/silver_processing_dag.py
[2026-07-28T20:01:06.707+0000] {logging_mixin.py:188} INFO - [2026-07-28T20:01:06.706+0000] {dag.py:3096} INFO - Sync 1 DAGs
[2026-07-28T20:01:06.767+0000] {logging_mixin.py:188} INFO - [2026-07-28T20:01:06.767+0000] {dag.py:3954} INFO - Setting next_dagrun for process_silver_layer to None, run_after=None
[2026-07-28T20:01:07.930+0000] {processor.py:183} INFO - Processing /opt/airflow/dags/silver_processing_dag.py took 1.508 seconds
[2026-07-28T20:01:39.796+0000] {processor.py:161} INFO - Started process (PID=2493) to work on /opt/airflow/dags/silver_processing_dag.py
[2026-07-28T20:01:39.800+0000] {processor.py:830} INFO - Processing file /opt/airflow/dags/silver_processing_dag.py for tasks to queue
[2026-07-28T20:01:39.834+0000] {logging_mixin.py:188} INFO - [2026-07-28T20:01:39.832+0000] {dagbag.py:545} INFO - Filling up the DagBag from /opt/airflow/dags/silver_processing_dag.py
[2026-07-28T20:01:40.622+0000] {processor.py:840} INFO - DAG(s) 'process_silver_layer' retrieved from /opt/airflow/dags/silver_processing_dag.py
[2026-07-28T20:01:41.393+0000] {logging_mixin.py:188} INFO - [2026-07-28T20:01:41.392+0000] {dag.py:3096} INFO - Sync 1 DAGs
[2026-07-28T20:01:41.649+0000] {logging_mixin.py:188} INFO - [2026-07-28T20:01:41.648+0000] {dag.py:3954} INFO - Setting next_dagrun for process_silver_layer to None, run_after=None
[2026-07-28T20:01:42.092+0000] {processor.py:183} INFO - Processing /opt/airflow/dags/silver_processing_dag.py took 2.346 seconds
[2026-07-28T20:02:12.926+0000] {processor.py:161} INFO - Started process (PID=2509) to work on /opt/airflow/dags/silver_processing_dag.py
[2026-07-28T20:02:12.938+0000] {processor.py:830} INFO - Processing file /opt/airflow/dags/silver_processing_dag.py for tasks to queue
[2026-07-28T20:02:12.966+0000] {logging_mixin.py:188} INFO - [2026-07-28T20:02:12.965+0000] {dagbag.py:545} INFO - Filling up the DagBag from /opt/airflow/dags/silver_processing_dag.py
[2026-07-28T20:02:13.207+0000] {processor.py:840} INFO - DAG(s) 'process_silver_layer' retrieved from /opt/airflow/dags/silver_processing_dag.py
[2026-07-28T20:02:13.581+0000] {logging_mixin.py:188} INFO - [2026-07-28T20:02:13.581+0000] {dag.py:3096} INFO - Sync 1 DAGs
[2026-07-28T20:02:13.667+0000] {logging_mixin.py:188} INFO - [2026-07-28T20:02:13.667+0000] {dag.py:3954} INFO - Setting next_dagrun for process_silver_layer to None, run_after=None
[2026-07-28T20:02:13.926+0000] {processor.py:183} INFO - Processing /opt/airflow/dags/silver_processing_dag.py took 1.036 seconds
[2026-07-28T20:02:49.212+0000] {processor.py:161} INFO - Started process (PID=2525) to work on /opt/airflow/dags/silver_processing_dag.py
[2026-07-28T20:02:49.241+0000] {processor.py:830} INFO - Processing file /opt/airflow/dags/silver_processing_dag.py for tasks to queue
[2026-07-28T20:02:49.562+0000] {logging_mixin.py:188} INFO - [2026-07-28T20:02:49.536+0000] {dagbag.py:545} INFO - Filling up the DagBag from /opt/airflow/dags/silver_processing_dag.py
[2026-07-28T20:02:49.942+0000] {processor.py:840} INFO - DAG(s) 'process_silver_layer' retrieved from /opt/airflow/dags/silver_processing_dag.py
[2026-07-28T20:02:51.032+0000] {logging_mixin.py:188} INFO - [2026-07-28T20:02:51.031+0000] {dag.py:3096} INFO - Sync 1 DAGs
[2026-07-28T20:02:51.351+0000] {logging_mixin.py:188} INFO - [2026-07-28T20:02:51.351+0000] {dag.py:3954} INFO - Setting next_dagrun for process_silver_layer to None, run_after=None
[2026-07-28T20:02:52.161+0000] {processor.py:183} INFO - Processing /opt/airflow/dags/silver_processing_dag.py took 3.269 seconds
[2026-07-28T20:03:34.205+0000] {processor.py:161} INFO - Started process (PID=2547) to work on /opt/airflow/dags/silver_processing_dag.py
[2026-07-28T20:03:34.221+0000] {processor.py:830} INFO - Processing file /opt/airflow/dags/silver_processing_dag.py for tasks to queue
[2026-07-28T20:03:42.514+0000] {logging_mixin.py:188} INFO - [2026-07-28T20:03:42.312+0000] {dagbag.py:545} INFO - Filling up the DagBag from /opt/airflow/dags/silver_processing_dag.py
[2026-07-28T20:03:47.351+0000] {processor.py:840} INFO - DAG(s) 'process_silver_layer' retrieved from /opt/airflow/dags/silver_processing_dag.py
[2026-07-28T20:03:48.168+0000] {logging_mixin.py:188} INFO - [2026-07-28T20:03:48.167+0000] {dag.py:3096} INFO - Sync 1 DAGs
[2026-07-28T20:03:48.507+0000] {logging_mixin.py:188} INFO - [2026-07-28T20:03:48.507+0000] {dag.py:3954} INFO - Setting next_dagrun for process_silver_layer to None, run_after=None
[2026-07-28T20:03:49.005+0000] {processor.py:183} INFO - Processing /opt/airflow/dags/silver_processing_dag.py took 14.941 seconds
[2026-07-28T20:04:19.990+0000] {processor.py:161} INFO - Started process (PID=2565) to work on /opt/airflow/dags/silver_processing_dag.py
[2026-07-28T20:04:19.994+0000] {processor.py:830} INFO - Processing file /opt/airflow/dags/silver_processing_dag.py for tasks to queue
[2026-07-28T20:04:20.007+0000] {logging_mixin.py:188} INFO - [2026-07-28T20:04:20.000+0000] {dagbag.py:545} INFO - Filling up the DagBag from /opt/airflow/dags/silver_processing_dag.py
[2026-07-28T20:04:20.096+0000] {processor.py:840} INFO - DAG(s) 'process_silver_layer' retrieved from /opt/airflow/dags/silver_processing_dag.py
[2026-07-28T20:04:20.240+0000] {logging_mixin.py:188} INFO - [2026-07-28T20:04:20.239+0000] {dag.py:3096} INFO - Sync 1 DAGs
[2026-07-28T20:04:20.385+0000] {logging_mixin.py:188} INFO - [2026-07-28T20:04:20.384+0000] {dag.py:3954} INFO - Setting next_dagrun for process_silver_layer to None, run_after=None
[2026-07-28T20:04:20.560+0000] {processor.py:183} INFO - Processing /opt/airflow/dags/silver_processing_dag.py took 0.607 seconds
[2026-07-28T20:04:50.785+0000] {processor.py:161} INFO - Started process (PID=2577) to work on /opt/airflow/dags/silver_processing_dag.py
[2026-07-28T20:04:50.795+0000] {processor.py:830} INFO - Processing file /opt/airflow/dags/silver_processing_dag.py for tasks to queue
[2026-07-28T20:04:50.816+0000] {logging_mixin.py:188} INFO - [2026-07-28T20:04:50.815+0000] {dagbag.py:545} INFO - Filling up the DagBag from /opt/airflow/dags/silver_processing_dag.py
[2026-07-28T20:04:50.904+0000] {processor.py:840} INFO - DAG(s) 'process_silver_layer' retrieved from /opt/airflow/dags/silver_processing_dag.py
[2026-07-28T20:04:51.043+0000] {logging_mixin.py:188} INFO - [2026-07-28T20:04:51.042+0000] {dag.py:3096} INFO - Sync 1 DAGs
[2026-07-28T20:04:51.339+0000] {logging_mixin.py:188} INFO - [2026-07-28T20:04:51.339+0000] {dag.py:3954} INFO - Setting next_dagrun for process_silver_layer to None, run_after=None
[2026-07-28T20:04:51.578+0000] {processor.py:183} INFO - Processing /opt/airflow/dags/silver_processing_dag.py took 0.817 seconds
[2026-07-28T20:05:22.406+0000] {processor.py:161} INFO - Started process (PID=2597) to work on /opt/airflow/dags/silver_processing_dag.py
[2026-07-28T20:05:22.415+0000] {processor.py:830} INFO - Processing file /opt/airflow/dags/silver_processing_dag.py for tasks to queue
[2026-07-28T20:05:22.457+0000] {logging_mixin.py:188} INFO - [2026-07-28T20:05:22.455+0000] {dagbag.py:545} INFO - Filling up the DagBag from /opt/airflow/dags/silver_processing_dag.py
[2026-07-28T20:05:22.599+0000] {processor.py:840} INFO - DAG(s) 'process_silver_layer' retrieved from /opt/airflow/dags/silver_processing_dag.py
[2026-07-28T20:05:22.779+0000] {logging_mixin.py:188} INFO - [2026-07-28T20:05:22.778+0000] {dag.py:3096} INFO - Sync 1 DAGs
[2026-07-28T20:05:23.168+0000] {logging_mixin.py:188} INFO - [2026-07-28T20:05:23.167+0000] {dag.py:3954} INFO - Setting next_dagrun for process_silver_layer to None, run_after=None
[2026-07-28T20:05:24.200+0000] {processor.py:183} INFO - Processing /opt/airflow/dags/silver_processing_dag.py took 1.881 seconds
[2026-07-28T20:05:54.593+0000] {processor.py:161} INFO - Started process (PID=2612) to work on /opt/airflow/dags/silver_processing_dag.py
[2026-07-28T20:05:54.653+0000] {processor.py:830} INFO - Processing file /opt/airflow/dags/silver_processing_dag.py for tasks to queue
[2026-07-28T20:05:54.662+0000] {logging_mixin.py:188} INFO - [2026-07-28T20:05:54.661+0000] {dagbag.py:545} INFO - Filling up the DagBag from /opt/airflow/dags/silver_processing_dag.py
[2026-07-28T20:05:54.776+0000] {processor.py:840} INFO - DAG(s) 'process_silver_layer' retrieved from /opt/airflow/dags/silver_processing_dag.py
[2026-07-28T20:05:54.897+0000] {logging_mixin.py:188} INFO - [2026-07-28T20:05:54.896+0000] {dag.py:3096} INFO - Sync 1 DAGs
[2026-07-28T20:05:54.933+0000] {logging_mixin.py:188} INFO - [2026-07-28T20:05:54.932+0000] {dag.py:3954} INFO - Setting next_dagrun for process_silver_layer to None, run_after=None
[2026-07-28T20:05:55.077+0000] {processor.py:183} INFO - Processing /opt/airflow/dags/silver_processing_dag.py took 0.504 seconds
[2026-07-28T20:06:25.312+0000] {processor.py:161} INFO - Started process (PID=2625) to work on /opt/airflow/dags/silver_processing_dag.py
[2026-07-28T20:06:25.317+0000] {processor.py:830} INFO - Processing file /opt/airflow/dags/silver_processing_dag.py for tasks to queue
[2026-07-28T20:06:25.322+0000] {logging_mixin.py:188} INFO - [2026-07-28T20:06:25.322+0000] {dagbag.py:545} INFO - Filling up the DagBag from /opt/airflow/dags/silver_processing_dag.py
[2026-07-28T20:06:25.362+0000] {processor.py:840} INFO - DAG(s) 'process_silver_layer' retrieved from /opt/airflow/dags/silver_processing_dag.py
[2026-07-28T20:06:25.475+0000] {logging_mixin.py:188} INFO - [2026-07-28T20:06:25.474+0000] {dag.py:3096} INFO - Sync 1 DAGs
[2026-07-28T20:06:25.508+0000] {logging_mixin.py:188} INFO - [2026-07-28T20:06:25.508+0000] {dag.py:3954} INFO - Setting next_dagrun for process_silver_layer to None, run_after=None
[2026-07-28T20:06:25.668+0000] {processor.py:183} INFO - Processing /opt/airflow/dags/silver_processing_dag.py took 0.370 seconds
[2026-07-28T20:06:58.050+0000] {processor.py:161} INFO - Started process (PID=2637) to work on /opt/airflow/dags/silver_processing_dag.py
[2026-07-28T20:06:58.198+0000] {processor.py:830} INFO - Processing file /opt/airflow/dags/silver_processing_dag.py for tasks to queue
[2026-07-28T20:06:58.677+0000] {logging_mixin.py:188} INFO - [2026-07-28T20:06:58.676+0000] {dagbag.py:545} INFO - Filling up the DagBag from /opt/airflow/dags/silver_processing_dag.py
[2026-07-28T20:06:59.219+0000] {processor.py:840} INFO - DAG(s) 'process_silver_layer' retrieved from /opt/airflow/dags/silver_processing_dag.py
[2026-07-28T20:07:02.156+0000] {logging_mixin.py:188} INFO - [2026-07-28T20:07:02.153+0000] {dag.py:3096} INFO - Sync 1 DAGs
[2026-07-28T20:07:02.636+0000] {logging_mixin.py:188} INFO - [2026-07-28T20:07:02.635+0000] {dag.py:3954} INFO - Setting next_dagrun for process_silver_layer to None, run_after=None
[2026-07-28T20:07:04.364+0000] {processor.py:183} INFO - Processing /opt/airflow/dags/silver_processing_dag.py took 6.769 seconds
[2026-07-28T20:07:36.406+0000] {processor.py:161} INFO - Started process (PID=2660) to work on /opt/airflow/dags/silver_processing_dag.py
[2026-07-28T20:07:36.410+0000] {processor.py:830} INFO - Processing file /opt/airflow/dags/silver_processing_dag.py for tasks to queue
[2026-07-28T20:07:36.420+0000] {logging_mixin.py:188} INFO - [2026-07-28T20:07:36.418+0000] {dagbag.py:545} INFO - Filling up the DagBag from /opt/airflow/dags/silver_processing_dag.py
[2026-07-28T20:07:36.520+0000] {processor.py:840} INFO - DAG(s) 'process_silver_layer' retrieved from /opt/airflow/dags/silver_processing_dag.py
[2026-07-28T20:07:36.798+0000] {logging_mixin.py:188} INFO - [2026-07-28T20:07:36.797+0000] {dag.py:3096} INFO - Sync 1 DAGs
[2026-07-28T20:07:36.867+0000] {logging_mixin.py:188} INFO - [2026-07-28T20:07:36.866+0000] {dag.py:3954} INFO - Setting next_dagrun for process_silver_layer to None, run_after=None
[2026-07-28T20:07:36.956+0000] {processor.py:183} INFO - Processing /opt/airflow/dags/silver_processing_dag.py took 0.572 seconds
[2026-07-28T20:08:07.403+0000] {processor.py:161} INFO - Started process (PID=2677) to work on /opt/airflow/dags/silver_processing_dag.py
[2026-07-28T20:08:07.417+0000] {processor.py:830} INFO - Processing file /opt/airflow/dags/silver_processing_dag.py for tasks to queue
[2026-07-28T20:08:07.433+0000] {logging_mixin.py:188} INFO - [2026-07-28T20:08:07.432+0000] {dagbag.py:545} INFO - Filling up the DagBag from /opt/airflow/dags/silver_processing_dag.py
[2026-07-28T20:08:07.552+0000] {processor.py:840} INFO - DAG(s) 'process_silver_layer' retrieved from /opt/airflow/dags/silver_processing_dag.py
[2026-07-28T20:08:07.786+0000] {logging_mixin.py:188} INFO - [2026-07-28T20:08:07.785+0000] {dag.py:3096} INFO - Sync 1 DAGs
[2026-07-28T20:08:07.967+0000] {logging_mixin.py:188} INFO - [2026-07-28T20:08:07.967+0000] {dag.py:3954} INFO - Setting next_dagrun for process_silver_layer to None, run_after=None
[2026-07-28T20:08:08.562+0000] {processor.py:183} INFO - Processing /opt/airflow/dags/silver_processing_dag.py took 1.179 seconds
[2026-07-28T20:08:51.297+0000] {processor.py:161} INFO - Started process (PID=2696) to work on /opt/airflow/dags/silver_processing_dag.py
[2026-07-28T20:08:51.308+0000] {processor.py:830} INFO - Processing file /opt/airflow/dags/silver_processing_dag.py for tasks to queue
[2026-07-28T20:08:51.317+0000] {logging_mixin.py:188} INFO - [2026-07-28T20:08:51.316+0000] {dagbag.py:545} INFO - Filling up the DagBag from /opt/airflow/dags/silver_processing_dag.py
[2026-07-28T20:08:51.422+0000] {processor.py:840} INFO - DAG(s) 'process_silver_layer' retrieved from /opt/airflow/dags/silver_processing_dag.py
[2026-07-28T20:08:51.596+0000] {logging_mixin.py:188} INFO - [2026-07-28T20:08:51.595+0000] {dag.py:3096} INFO - Sync 1 DAGs
[2026-07-28T20:08:51.678+0000] {logging_mixin.py:188} INFO - [2026-07-28T20:08:51.677+0000] {dag.py:3954} INFO - Setting next_dagrun for process_silver_layer to None, run_after=None
[2026-07-28T20:08:51.917+0000] {processor.py:183} INFO - Processing /opt/airflow/dags/silver_processing_dag.py took 0.669 seconds
[2026-07-28T20:09:22.520+0000] {processor.py:161} INFO - Started process (PID=2714) to work on /opt/airflow/dags/silver_processing_dag.py
[2026-07-28T20:09:22.522+0000] {processor.py:830} INFO - Processing file /opt/airflow/dags/silver_processing_dag.py for tasks to queue
[2026-07-28T20:09:22.528+0000] {logging_mixin.py:188} INFO - [2026-07-28T20:09:22.528+0000] {dagbag.py:545} INFO - Filling up the DagBag from /opt/airflow/dags/silver_processing_dag.py
[2026-07-28T20:09:22.613+0000] {processor.py:840} INFO - DAG(s) 'process_silver_layer' retrieved from /opt/airflow/dags/silver_processing_dag.py
[2026-07-28T20:09:22.691+0000] {logging_mixin.py:188} INFO - [2026-07-28T20:09:22.691+0000] {dag.py:3096} INFO - Sync 1 DAGs
[2026-07-28T20:09:22.785+0000] {logging_mixin.py:188} INFO - [2026-07-28T20:09:22.784+0000] {dag.py:3954} INFO - Setting next_dagrun for process_silver_layer to None, run_after=None
[2026-07-28T20:09:22.930+0000] {processor.py:183} INFO - Processing /opt/airflow/dags/silver_processing_dag.py took 0.429 seconds
[2026-07-28T20:09:53.608+0000] {processor.py:161} INFO - Started process (PID=2729) to work on /opt/airflow/dags/silver_processing_dag.py
[2026-07-28T20:09:53.611+0000] {processor.py:830} INFO - Processing file /opt/airflow/dags/silver_processing_dag.py for tasks to queue
[2026-07-28T20:09:53.620+0000] {logging_mixin.py:188} INFO - [2026-07-28T20:09:53.619+0000] {dagbag.py:545} INFO - Filling up the DagBag from /opt/airflow/dags/silver_processing_dag.py
[2026-07-28T20:09:53.665+0000] {processor.py:840} INFO - DAG(s) 'process_silver_layer' retrieved from /opt/airflow/dags/silver_processing_dag.py
[2026-07-28T20:09:53.745+0000] {logging_mixin.py:188} INFO - [2026-07-28T20:09:53.744+0000] {dag.py:3096} INFO - Sync 1 DAGs
[2026-07-28T20:09:53.783+0000] {logging_mixin.py:188} INFO - [2026-07-28T20:09:53.783+0000] {dag.py:3954} INFO - Setting next_dagrun for process_silver_layer to None, run_after=None
[2026-07-28T20:09:53.837+0000] {processor.py:183} INFO - Processing /opt/airflow/dags/silver_processing_dag.py took 0.245 seconds
[2026-07-28T20:10:24.210+0000] {processor.py:161} INFO - Started process (PID=2746) to work on /opt/airflow/dags/silver_processing_dag.py
[2026-07-28T20:10:24.228+0000] {processor.py:830} INFO - Processing file /opt/airflow/dags/silver_processing_dag.py for tasks to queue
[2026-07-28T20:10:24.237+0000] {logging_mixin.py:188} INFO - [2026-07-28T20:10:24.236+0000] {dagbag.py:545} INFO - Filling up the DagBag from /opt/airflow/dags/silver_processing_dag.py
[2026-07-28T20:10:24.286+0000] {processor.py:840} INFO - DAG(s) 'process_silver_layer' retrieved from /opt/airflow/dags/silver_processing_dag.py
[2026-07-28T20:10:24.339+0000] {logging_mixin.py:188} INFO - [2026-07-28T20:10:24.339+0000] {dag.py:3096} INFO - Sync 1 DAGs
[2026-07-28T20:10:24.368+0000] {logging_mixin.py:188} INFO - [2026-07-28T20:10:24.367+0000] {dag.py:3954} INFO - Setting next_dagrun for process_silver_layer to None, run_after=None
[2026-07-28T20:10:24.414+0000] {processor.py:183} INFO - Processing /opt/airflow/dags/silver_processing_dag.py took 0.233 seconds
[2026-07-28T20:10:54.820+0000] {processor.py:161} INFO - Started process (PID=2763) to work on /opt/airflow/dags/silver_processing_dag.py
[2026-07-28T20:10:54.870+0000] {processor.py:830} INFO - Processing file /opt/airflow/dags/silver_processing_dag.py for tasks to queue
[2026-07-28T20:10:55.005+0000] {logging_mixin.py:188} INFO - [2026-07-28T20:10:54.994+0000] {dagbag.py:545} INFO - Filling up the DagBag from /opt/airflow/dags/silver_processing_dag.py
[2026-07-28T20:10:55.256+0000] {processor.py:840} INFO - DAG(s) 'process_silver_layer' retrieved from /opt/airflow/dags/silver_processing_dag.py
[2026-07-28T20:10:55.497+0000] {logging_mixin.py:188} INFO - [2026-07-28T20:10:55.496+0000] {dag.py:3096} INFO - Sync 1 DAGs
[2026-07-28T20:10:55.554+0000] {logging_mixin.py:188} INFO - [2026-07-28T20:10:55.554+0000] {dag.py:3954} INFO - Setting next_dagrun for process_silver_layer to None, run_after=None
[2026-07-28T20:10:55.661+0000] {processor.py:183} INFO - Processing /opt/airflow/dags/silver_processing_dag.py took 1.020 seconds
[2026-07-28T20:11:25.903+0000] {processor.py:161} INFO - Started process (PID=2782) to work on /opt/airflow/dags/silver_processing_dag.py
[2026-07-28T20:11:25.906+0000] {processor.py:830} INFO - Processing file /opt/airflow/dags/silver_processing_dag.py for tasks to queue
[2026-07-28T20:11:25.919+0000] {logging_mixin.py:188} INFO - [2026-07-28T20:11:25.918+0000] {dagbag.py:545} INFO - Filling up the DagBag from /opt/airflow/dags/silver_processing_dag.py
[2026-07-28T20:11:25.956+0000] {processor.py:840} INFO - DAG(s) 'process_silver_layer' retrieved from /opt/airflow/dags/silver_processing_dag.py
[2026-07-28T20:11:26.007+0000] {logging_mixin.py:188} INFO - [2026-07-28T20:11:26.007+0000] {dag.py:3096} INFO - Sync 1 DAGs
[2026-07-28T20:11:26.035+0000] {logging_mixin.py:188} INFO - [2026-07-28T20:11:26.035+0000] {dag.py:3954} INFO - Setting next_dagrun for process_silver_layer to None, run_after=None
[2026-07-28T20:11:26.081+0000] {processor.py:183} INFO - Processing /opt/airflow/dags/silver_processing_dag.py took 0.204 seconds
[2026-07-28T20:11:59.439+0000] {processor.py:161} INFO - Started process (PID=2793) to work on /opt/airflow/dags/silver_processing_dag.py
[2026-07-28T20:11:59.442+0000] {processor.py:830} INFO - Processing file /opt/airflow/dags/silver_processing_dag.py for tasks to queue
[2026-07-28T20:11:59.449+0000] {logging_mixin.py:188} INFO - [2026-07-28T20:11:59.448+0000] {dagbag.py:545} INFO - Filling up the DagBag from /opt/airflow/dags/silver_processing_dag.py
[2026-07-28T20:11:59.504+0000] {processor.py:840} INFO - DAG(s) 'process_silver_layer' retrieved from /opt/airflow/dags/silver_processing_dag.py
[2026-07-28T20:11:59.568+0000] {logging_mixin.py:188} INFO - [2026-07-28T20:11:59.567+0000] {dag.py:3096} INFO - Sync 1 DAGs
[2026-07-28T20:11:59.608+0000] {logging_mixin.py:188} INFO - [2026-07-28T20:11:59.608+0000] {dag.py:3954} INFO - Setting next_dagrun for process_silver_layer to None, run_after=None
[2026-07-28T20:11:59.664+0000] {processor.py:183} INFO - Processing /opt/airflow/dags/silver_processing_dag.py took 0.245 seconds
[2026-07-28T20:12:30.258+0000] {processor.py:161} INFO - Started process (PID=2808) to work on /opt/airflow/dags/silver_processing_dag.py
[2026-07-28T20:12:30.261+0000] {processor.py:830} INFO - Processing file /opt/airflow/dags/silver_processing_dag.py for tasks to queue
[2026-07-28T20:12:30.270+0000] {logging_mixin.py:188} INFO - [2026-07-28T20:12:30.269+0000] {dagbag.py:545} INFO - Filling up the DagBag from /opt/airflow/dags/silver_processing_dag.py
[2026-07-28T20:12:30.410+0000] {processor.py:840} INFO - DAG(s) 'process_silver_layer' retrieved from /opt/airflow/dags/silver_processing_dag.py
[2026-07-28T20:12:30.506+0000] {logging_mixin.py:188} INFO - [2026-07-28T20:12:30.506+0000] {dag.py:3096} INFO - Sync 1 DAGs
[2026-07-28T20:12:30.554+0000] {logging_mixin.py:188} INFO - [2026-07-28T20:12:30.554+0000] {dag.py:3954} INFO - Setting next_dagrun for process_silver_layer to None, run_after=None
[2026-07-28T20:12:30.741+0000] {processor.py:183} INFO - Processing /opt/airflow/dags/silver_processing_dag.py took 0.516 seconds
[2026-07-28T20:13:03.003+0000] {processor.py:161} INFO - Started process (PID=2823) to work on /opt/airflow/dags/silver_processing_dag.py
[2026-07-28T20:13:03.028+0000] {processor.py:830} INFO - Processing file /opt/airflow/dags/silver_processing_dag.py for tasks to queue
[2026-07-28T20:13:03.080+0000] {logging_mixin.py:188} INFO - [2026-07-28T20:13:03.069+0000] {dagbag.py:545} INFO - Filling up the DagBag from /opt/airflow/dags/silver_processing_dag.py
[2026-07-28T20:13:03.369+0000] {processor.py:840} INFO - DAG(s) 'process_silver_layer' retrieved from /opt/airflow/dags/silver_processing_dag.py
[2026-07-28T20:13:04.216+0000] {logging_mixin.py:188} INFO - [2026-07-28T20:13:04.215+0000] {dag.py:3096} INFO - Sync 1 DAGs
[2026-07-28T20:13:04.616+0000] {logging_mixin.py:188} INFO - [2026-07-28T20:13:04.615+0000] {dag.py:3954} INFO - Setting next_dagrun for process_silver_layer to None, run_after=None
[2026-07-28T20:13:05.833+0000] {processor.py:183} INFO - Processing /opt/airflow/dags/silver_processing_dag.py took 3.039 seconds
[2026-07-28T20:13:36.601+0000] {processor.py:161} INFO - Started process (PID=2843) to work on /opt/airflow/dags/silver_processing_dag.py
[2026-07-28T20:13:36.610+0000] {processor.py:830} INFO - Processing file /opt/airflow/dags/silver_processing_dag.py for tasks to queue
[2026-07-28T20:13:36.628+0000] {logging_mixin.py:188} INFO - [2026-07-28T20:13:36.627+0000] {dagbag.py:545} INFO - Filling up the DagBag from /opt/airflow/dags/silver_processing_dag.py
[2026-07-28T20:13:36.795+0000] {processor.py:840} INFO - DAG(s) 'process_silver_layer' retrieved from /opt/airflow/dags/silver_processing_dag.py
[2026-07-28T20:13:37.055+0000] {logging_mixin.py:188} INFO - [2026-07-28T20:13:37.054+0000] {dag.py:3096} INFO - Sync 1 DAGs
[2026-07-28T20:13:37.545+0000] {logging_mixin.py:188} INFO - [2026-07-28T20:13:37.545+0000] {dag.py:3954} INFO - Setting next_dagrun for process_silver_layer to None, run_after=None
[2026-07-28T20:13:38.157+0000] {processor.py:183} INFO - Processing /opt/airflow/dags/silver_processing_dag.py took 1.594 seconds
[2026-07-28T20:15:02.130+0000] {processor.py:161} INFO - Started process (PID=2929) to work on /opt/airflow/dags/silver_processing_dag.py
[2026-07-28T20:15:02.157+0000] {processor.py:830} INFO - Processing file /opt/airflow/dags/silver_processing_dag.py for tasks to queue
[2026-07-28T20:15:02.175+0000] {logging_mixin.py:188} INFO - [2026-07-28T20:15:02.173+0000] {dagbag.py:545} INFO - Filling up the DagBag from /opt/airflow/dags/silver_processing_dag.py
[2026-07-28T20:15:02.686+0000] {processor.py:840} INFO - DAG(s) 'process_silver_layer' retrieved from /opt/airflow/dags/silver_processing_dag.py
[2026-07-28T20:15:03.697+0000] {logging_mixin.py:188} INFO - [2026-07-28T20:15:03.655+0000] {dag.py:3096} INFO - Sync 1 DAGs
[2026-07-28T20:15:04.232+0000] {logging_mixin.py:188} INFO - [2026-07-28T20:15:04.222+0000] {dag.py:3954} INFO - Setting next_dagrun for process_silver_layer to None, run_after=None
[2026-07-28T20:15:04.520+0000] {processor.py:183} INFO - Processing /opt/airflow/dags/silver_processing_dag.py took 2.553 seconds
[2026-07-28T20:15:36.220+0000] {processor.py:161} INFO - Started process (PID=3351) to work on /opt/airflow/dags/silver_processing_dag.py
[2026-07-28T20:15:36.225+0000] {processor.py:830} INFO - Processing file /opt/airflow/dags/silver_processing_dag.py for tasks to queue
[2026-07-28T20:15:36.238+0000] {logging_mixin.py:188} INFO - [2026-07-28T20:15:36.237+0000] {dagbag.py:545} INFO - Filling up the DagBag from /opt/airflow/dags/silver_processing_dag.py
[2026-07-28T20:15:36.380+0000] {processor.py:840} INFO - DAG(s) 'process_silver_layer' retrieved from /opt/airflow/dags/silver_processing_dag.py
[2026-07-28T20:15:36.449+0000] {logging_mixin.py:188} INFO - [2026-07-28T20:15:36.449+0000] {dag.py:3096} INFO - Sync 1 DAGs
[2026-07-28T20:15:37.683+0000] {logging_mixin.py:188} INFO - [2026-07-28T20:15:37.682+0000] {dag.py:3954} INFO - Setting next_dagrun for process_silver_layer to None, run_after=None
[2026-07-28T20:15:38.731+0000] {processor.py:183} INFO - Processing /opt/airflow/dags/silver_processing_dag.py took 2.673 seconds
[2026-07-28T20:16:10.940+0000] {processor.py:161} INFO - Started process (PID=3498) to work on /opt/airflow/dags/silver_processing_dag.py
[2026-07-28T20:16:11.490+0000] {processor.py:830} INFO - Processing file /opt/airflow/dags/silver_processing_dag.py for tasks to queue
[2026-07-28T20:16:12.552+0000] {logging_mixin.py:188} INFO - [2026-07-28T20:16:12.444+0000] {dagbag.py:545} INFO - Filling up the DagBag from /opt/airflow/dags/silver_processing_dag.py
[2026-07-28T20:16:15.805+0000] {processor.py:840} INFO - DAG(s) 'process_silver_layer' retrieved from /opt/airflow/dags/silver_processing_dag.py
[2026-07-28T20:16:16.902+0000] {logging_mixin.py:188} INFO - [2026-07-28T20:16:16.900+0000] {dag.py:3096} INFO - Sync 1 DAGs
[2026-07-28T20:16:17.436+0000] {logging_mixin.py:188} INFO - [2026-07-28T20:16:17.435+0000] {dag.py:3954} INFO - Setting next_dagrun for process_silver_layer to None, run_after=None
[2026-07-28T20:15:20.770+0000] {processor.py:183} INFO - Processing /opt/airflow/dags/silver_processing_dag.py took 8.896 seconds
[2026-07-28T20:16:20.099+0000] {processor.py:161} INFO - Started process (PID=3513) to work on /opt/airflow/dags/silver_processing_dag.py
[2026-07-28T20:16:20.123+0000] {processor.py:830} INFO - Processing file /opt/airflow/dags/silver_processing_dag.py for tasks to queue
[2026-07-28T20:16:20.185+0000] {logging_mixin.py:188} INFO - [2026-07-28T20:16:20.184+0000] {dagbag.py:545} INFO - Filling up the DagBag from /opt/airflow/dags/silver_processing_dag.py
[2026-07-28T20:16:21.386+0000] {processor.py:840} INFO - DAG(s) 'process_silver_layer' retrieved from /opt/airflow/dags/silver_processing_dag.py
[2026-07-28T20:16:22.054+0000] {logging_mixin.py:188} INFO - [2026-07-28T20:16:22.053+0000] {dag.py:3096} INFO - Sync 1 DAGs
[2026-07-28T20:16:22.181+0000] {logging_mixin.py:188} INFO - [2026-07-28T20:16:22.180+0000] {dag.py:3954} INFO - Setting next_dagrun for process_silver_layer to None, run_after=None
[2026-07-28T20:16:22.706+0000] {processor.py:183} INFO - Processing /opt/airflow/dags/silver_processing_dag.py took 2.656 seconds
[2026-07-28T20:16:53.489+0000] {processor.py:161} INFO - Started process (PID=3598) to work on /opt/airflow/dags/silver_processing_dag.py
[2026-07-28T20:16:53.500+0000] {processor.py:830} INFO - Processing file /opt/airflow/dags/silver_processing_dag.py for tasks to queue
[2026-07-28T20:16:53.546+0000] {logging_mixin.py:188} INFO - [2026-07-28T20:16:53.531+0000] {dagbag.py:545} INFO - Filling up the DagBag from /opt/airflow/dags/silver_processing_dag.py
[2026-07-28T20:16:53.734+0000] {processor.py:840} INFO - DAG(s) 'process_silver_layer' retrieved from /opt/airflow/dags/silver_processing_dag.py
[2026-07-28T20:16:54.211+0000] {logging_mixin.py:188} INFO - [2026-07-28T20:16:54.211+0000] {dag.py:3096} INFO - Sync 1 DAGs
[2026-07-28T20:16:54.405+0000] {logging_mixin.py:188} INFO - [2026-07-28T20:16:54.404+0000] {dag.py:3954} INFO - Setting next_dagrun for process_silver_layer to None, run_after=None
[2026-07-28T20:16:54.677+0000] {processor.py:183} INFO - Processing /opt/airflow/dags/silver_processing_dag.py took 1.259 seconds
[2026-07-28T20:18:02.123+0000] {processor.py:161} INFO - Started process (PID=3625) to work on /opt/airflow/dags/silver_processing_dag.py
[2026-07-28T20:18:02.130+0000] {processor.py:830} INFO - Processing file /opt/airflow/dags/silver_processing_dag.py for tasks to queue
[2026-07-28T20:18:02.139+0000] {logging_mixin.py:188} INFO - [2026-07-28T20:18:02.138+0000] {dagbag.py:545} INFO - Filling up the DagBag from /opt/airflow/dags/silver_processing_dag.py
[2026-07-28T20:18:02.318+0000] {processor.py:840} INFO - DAG(s) 'process_silver_layer' retrieved from /opt/airflow/dags/silver_processing_dag.py
[2026-07-28T20:18:02.549+0000] {logging_mixin.py:188} INFO - [2026-07-28T20:18:02.549+0000] {dag.py:3096} INFO - Sync 1 DAGs
[2026-07-28T20:18:02.625+0000] {logging_mixin.py:188} INFO - [2026-07-28T20:18:02.625+0000] {dag.py:3954} INFO - Setting next_dagrun for process_silver_layer to None, run_after=None
[2026-07-28T20:18:02.803+0000] {processor.py:183} INFO - Processing /opt/airflow/dags/silver_processing_dag.py took 0.732 seconds
[2026-07-28T20:18:33.242+0000] {processor.py:161} INFO - Started process (PID=3654) to work on /opt/airflow/dags/silver_processing_dag.py
[2026-07-28T20:18:33.296+0000] {processor.py:830} INFO - Processing file /opt/airflow/dags/silver_processing_dag.py for tasks to queue
[2026-07-28T20:18:33.399+0000] {logging_mixin.py:188} INFO - [2026-07-28T20:18:33.393+0000] {dagbag.py:545} INFO - Filling up the DagBag from /opt/airflow/dags/silver_processing_dag.py
[2026-07-28T20:18:34.886+0000] {processor.py:840} INFO - DAG(s) 'process_silver_layer' retrieved from /opt/airflow/dags/silver_processing_dag.py
[2026-07-28T20:18:37.022+0000] {logging_mixin.py:188} INFO - [2026-07-28T20:18:37.021+0000] {dag.py:3096} INFO - Sync 1 DAGs
[2026-07-28T20:18:37.237+0000] {logging_mixin.py:188} INFO - [2026-07-28T20:18:37.235+0000] {dag.py:3954} INFO - Setting next_dagrun for process_silver_layer to None, run_after=None
[2026-07-28T20:18:39.116+0000] {processor.py:183} INFO - Processing /opt/airflow/dags/silver_processing_dag.py took 5.954 seconds
[2026-07-28T20:19:11.152+0000] {processor.py:161} INFO - Started process (PID=3740) to work on /opt/airflow/dags/silver_processing_dag.py
[2026-07-28T20:19:11.155+0000] {processor.py:830} INFO - Processing file /opt/airflow/dags/silver_processing_dag.py for tasks to queue
[2026-07-28T20:19:11.203+0000] {logging_mixin.py:188} INFO - [2026-07-28T20:19:11.202+0000] {dagbag.py:545} INFO - Filling up the DagBag from /opt/airflow/dags/silver_processing_dag.py
[2026-07-28T20:19:11.526+0000] {processor.py:840} INFO - DAG(s) 'process_silver_layer' retrieved from /opt/airflow/dags/silver_processing_dag.py
[2026-07-28T20:19:11.708+0000] {logging_mixin.py:188} INFO - [2026-07-28T20:19:11.708+0000] {dag.py:3096} INFO - Sync 1 DAGs
[2026-07-28T20:19:11.769+0000] {logging_mixin.py:188} INFO - [2026-07-28T20:19:11.768+0000] {dag.py:3954} INFO - Setting next_dagrun for process_silver_layer to None, run_after=None
[2026-07-28T20:19:11.899+0000] {processor.py:183} INFO - Processing /opt/airflow/dags/silver_processing_dag.py took 0.934 seconds
[2026-07-28T20:19:43.522+0000] {processor.py:161} INFO - Started process (PID=3766) to work on /opt/airflow/dags/silver_processing_dag.py
[2026-07-28T20:19:43.558+0000] {processor.py:830} INFO - Processing file /opt/airflow/dags/silver_processing_dag.py for tasks to queue
[2026-07-28T20:19:43.586+0000] {logging_mixin.py:188} INFO - [2026-07-28T20:19:43.585+0000] {dagbag.py:545} INFO - Filling up the DagBag from /opt/airflow/dags/silver_processing_dag.py
[2026-07-28T20:19:45.188+0000] {processor.py:840} INFO - DAG(s) 'process_silver_layer' retrieved from /opt/airflow/dags/silver_processing_dag.py
[2026-07-28T20:19:45.542+0000] {logging_mixin.py:188} INFO - [2026-07-28T20:19:45.539+0000] {dag.py:3096} INFO - Sync 1 DAGs
[2026-07-28T20:19:45.794+0000] {logging_mixin.py:188} INFO - [2026-07-28T20:19:45.793+0000] {dag.py:3954} INFO - Setting next_dagrun for process_silver_layer to None, run_after=None
[2026-07-28T20:19:46.030+0000] {processor.py:183} INFO - Processing /opt/airflow/dags/silver_processing_dag.py took 2.587 seconds
[2026-07-28T20:20:17.519+0000] {processor.py:161} INFO - Started process (PID=3818) to work on /opt/airflow/dags/silver_processing_dag.py
[2026-07-28T20:20:17.560+0000] {processor.py:830} INFO - Processing file /opt/airflow/dags/silver_processing_dag.py for tasks to queue
[2026-07-28T20:20:17.607+0000] {logging_mixin.py:188} INFO - [2026-07-28T20:20:17.600+0000] {dagbag.py:545} INFO - Filling up the DagBag from /opt/airflow/dags/silver_processing_dag.py
[2026-07-28T20:20:17.774+0000] {processor.py:840} INFO - DAG(s) 'process_silver_layer' retrieved from /opt/airflow/dags/silver_processing_dag.py
[2026-07-28T20:20:18.141+0000] {logging_mixin.py:188} INFO - [2026-07-28T20:20:18.141+0000] {dag.py:3096} INFO - Sync 1 DAGs
[2026-07-28T20:20:18.386+0000] {logging_mixin.py:188} INFO - [2026-07-28T20:20:18.385+0000] {dag.py:3954} INFO - Setting next_dagrun for process_silver_layer to None, run_after=None
[2026-07-28T20:20:18.709+0000] {processor.py:183} INFO - Processing /opt/airflow/dags/silver_processing_dag.py took 1.310 seconds
[2026-07-28T20:20:50.951+0000] {processor.py:161} INFO - Started process (PID=3859) to work on /opt/airflow/dags/silver_processing_dag.py
[2026-07-28T20:20:50.966+0000] {processor.py:830} INFO - Processing file /opt/airflow/dags/silver_processing_dag.py for tasks to queue
[2026-07-28T20:20:51.042+0000] {logging_mixin.py:188} INFO - [2026-07-28T20:20:51.028+0000] {dagbag.py:545} INFO - Filling up the DagBag from /opt/airflow/dags/silver_processing_dag.py
[2026-07-28T20:20:51.398+0000] {processor.py:840} INFO - DAG(s) 'process_silver_layer' retrieved from /opt/airflow/dags/silver_processing_dag.py
[2026-07-28T20:20:52.725+0000] {logging_mixin.py:188} INFO - [2026-07-28T20:20:52.724+0000] {dag.py:3096} INFO - Sync 1 DAGs
[2026-07-28T20:19:55.781+0000] {logging_mixin.py:188} INFO - [2026-07-28T20:19:55.778+0000] {dag.py:3954} INFO - Setting next_dagrun for process_silver_layer to None, run_after=None
[2026-07-28T20:20:53.795+0000] {processor.py:183} INFO - Processing /opt/airflow/dags/silver_processing_dag.py took 3.020 seconds
[2026-07-28T20:21:42.296+0000] {processor.py:161} INFO - Started process (PID=3892) to work on /opt/airflow/dags/silver_processing_dag.py
[2026-07-28T20:21:42.324+0000] {processor.py:830} INFO - Processing file /opt/airflow/dags/silver_processing_dag.py for tasks to queue
[2026-07-28T20:21:42.350+0000] {logging_mixin.py:188} INFO - [2026-07-28T20:21:42.340+0000] {dagbag.py:545} INFO - Filling up the DagBag from /opt/airflow/dags/silver_processing_dag.py
[2026-07-28T20:21:42.732+0000] {processor.py:840} INFO - DAG(s) 'process_silver_layer' retrieved from /opt/airflow/dags/silver_processing_dag.py
[2026-07-28T20:21:52.262+0000] {logging_mixin.py:188} INFO - [2026-07-28T20:21:52.261+0000] {dag.py:3096} INFO - Sync 1 DAGs
[2026-07-28T20:21:54.242+0000] {logging_mixin.py:188} INFO - [2026-07-28T20:21:54.240+0000] {dag.py:3954} INFO - Setting next_dagrun for process_silver_layer to None, run_after=None
[2026-07-28T20:21:13.037+0000] {processor.py:183} INFO - Processing /opt/airflow/dags/silver_processing_dag.py took 28.578 seconds
[2026-07-28T20:22:43.433+0000] {processor.py:161} INFO - Started process (PID=3953) to work on /opt/airflow/dags/silver_processing_dag.py
[2026-07-28T20:22:43.451+0000] {processor.py:830} INFO - Processing file /opt/airflow/dags/silver_processing_dag.py for tasks to queue
[2026-07-28T20:22:43.496+0000] {logging_mixin.py:188} INFO - [2026-07-28T20:22:43.461+0000] {dagbag.py:545} INFO - Filling up the DagBag from /opt/airflow/dags/silver_processing_dag.py
[2026-07-28T20:22:44.398+0000] {processor.py:840} INFO - DAG(s) 'process_silver_layer' retrieved from /opt/airflow/dags/silver_processing_dag.py
[2026-07-28T20:22:45.450+0000] {logging_mixin.py:188} INFO - [2026-07-28T20:22:45.447+0000] {dag.py:3096} INFO - Sync 1 DAGs
[2026-07-28T20:22:45.724+0000] {logging_mixin.py:188} INFO - [2026-07-28T20:22:45.724+0000] {dag.py:3954} INFO - Setting next_dagrun for process_silver_layer to None, run_after=None
[2026-07-28T20:22:46.984+0000] {processor.py:183} INFO - Processing /opt/airflow/dags/silver_processing_dag.py took 3.792 seconds
[2026-07-28T20:23:19.367+0000] {processor.py:161} INFO - Started process (PID=3968) to work on /opt/airflow/dags/silver_processing_dag.py
[2026-07-28T20:23:19.400+0000] {processor.py:830} INFO - Processing file /opt/airflow/dags/silver_processing_dag.py for tasks to queue
[2026-07-28T20:23:19.439+0000] {logging_mixin.py:188} INFO - [2026-07-28T20:23:19.419+0000] {dagbag.py:545} INFO - Filling up the DagBag from /opt/airflow/dags/silver_processing_dag.py
[2026-07-28T20:23:20.286+0000] {processor.py:840} INFO - DAG(s) 'process_silver_layer' retrieved from /opt/airflow/dags/silver_processing_dag.py
[2026-07-28T20:23:21.795+0000] {logging_mixin.py:188} INFO - [2026-07-28T20:23:21.792+0000] {dag.py:3096} INFO - Sync 1 DAGs
[2026-07-28T20:23:22.387+0000] {logging_mixin.py:188} INFO - [2026-07-28T20:23:22.386+0000] {dag.py:3954} INFO - Setting next_dagrun for process_silver_layer to None, run_after=None
[2026-07-28T20:23:22.899+0000] {processor.py:183} INFO - Processing /opt/airflow/dags/silver_processing_dag.py took 3.854 seconds
[2026-07-28T20:23:54.561+0000] {processor.py:161} INFO - Started process (PID=3981) to work on /opt/airflow/dags/silver_processing_dag.py
[2026-07-28T20:23:54.572+0000] {processor.py:830} INFO - Processing file /opt/airflow/dags/silver_processing_dag.py for tasks to queue
[2026-07-28T20:23:54.602+0000] {logging_mixin.py:188} INFO - [2026-07-28T20:23:54.585+0000] {dagbag.py:545} INFO - Filling up the DagBag from /opt/airflow/dags/silver_processing_dag.py
[2026-07-28T20:23:55.179+0000] {processor.py:840} INFO - DAG(s) 'process_silver_layer' retrieved from /opt/airflow/dags/silver_processing_dag.py
[2026-07-28T20:23:55.607+0000] {logging_mixin.py:188} INFO - [2026-07-28T20:23:55.606+0000] {dag.py:3096} INFO - Sync 1 DAGs
[2026-07-28T20:23:55.849+0000] {logging_mixin.py:188} INFO - [2026-07-28T20:23:55.848+0000] {dag.py:3954} INFO - Setting next_dagrun for process_silver_layer to None, run_after=None
[2026-07-28T20:23:56.095+0000] {processor.py:183} INFO - Processing /opt/airflow/dags/silver_processing_dag.py took 1.736 seconds
[2026-07-28T20:24:26.850+0000] {processor.py:161} INFO - Started process (PID=3998) to work on /opt/airflow/dags/silver_processing_dag.py
[2026-07-28T20:24:26.853+0000] {processor.py:830} INFO - Processing file /opt/airflow/dags/silver_processing_dag.py for tasks to queue
[2026-07-28T20:24:26.867+0000] {logging_mixin.py:188} INFO - [2026-07-28T20:24:26.866+0000] {dagbag.py:545} INFO - Filling up the DagBag from /opt/airflow/dags/silver_processing_dag.py
[2026-07-28T20:24:26.969+0000] {processor.py:840} INFO - DAG(s) 'process_silver_layer' retrieved from /opt/airflow/dags/silver_processing_dag.py
[2026-07-28T20:24:27.046+0000] {logging_mixin.py:188} INFO - [2026-07-28T20:24:27.046+0000] {dag.py:3096} INFO - Sync 1 DAGs
[2026-07-28T20:24:27.081+0000] {logging_mixin.py:188} INFO - [2026-07-28T20:24:27.081+0000] {dag.py:3954} INFO - Setting next_dagrun for process_silver_layer to None, run_after=None
[2026-07-28T20:23:30.759+0000] {processor.py:183} INFO - Processing /opt/airflow/dags/silver_processing_dag.py took 0.522 seconds
[2026-07-28T20:24:29.158+0000] {processor.py:161} INFO - Started process (PID=4005) to work on /opt/airflow/dags/silver_processing_dag.py
[2026-07-28T20:24:29.161+0000] {processor.py:830} INFO - Processing file /opt/airflow/dags/silver_processing_dag.py for tasks to queue
[2026-07-28T20:24:29.170+0000] {logging_mixin.py:188} INFO - [2026-07-28T20:24:29.169+0000] {dagbag.py:545} INFO - Filling up the DagBag from /opt/airflow/dags/silver_processing_dag.py
[2026-07-28T20:24:29.253+0000] {processor.py:840} INFO - DAG(s) 'process_silver_layer' retrieved from /opt/airflow/dags/silver_processing_dag.py
[2026-07-28T20:24:29.335+0000] {logging_mixin.py:188} INFO - [2026-07-28T20:24:29.334+0000] {dag.py:3096} INFO - Sync 1 DAGs
[2026-07-28T20:24:29.385+0000] {logging_mixin.py:188} INFO - [2026-07-28T20:24:29.384+0000] {dag.py:3954} INFO - Setting next_dagrun for process_silver_layer to None, run_after=None
[2026-07-28T20:24:29.461+0000] {processor.py:183} INFO - Processing /opt/airflow/dags/silver_processing_dag.py took 0.329 seconds
[2026-07-28T20:25:00.081+0000] {processor.py:161} INFO - Started process (PID=4017) to work on /opt/airflow/dags/silver_processing_dag.py
[2026-07-28T20:25:00.086+0000] {processor.py:830} INFO - Processing file /opt/airflow/dags/silver_processing_dag.py for tasks to queue
[2026-07-28T20:25:00.093+0000] {logging_mixin.py:188} INFO - [2026-07-28T20:25:00.091+0000] {dagbag.py:545} INFO - Filling up the DagBag from /opt/airflow/dags/silver_processing_dag.py
[2026-07-28T20:25:00.211+0000] {processor.py:840} INFO - DAG(s) 'process_silver_layer' retrieved from /opt/airflow/dags/silver_processing_dag.py
[2026-07-28T20:25:00.402+0000] {logging_mixin.py:188} INFO - [2026-07-28T20:25:00.400+0000] {dag.py:3096} INFO - Sync 1 DAGs
[2026-07-28T20:25:00.505+0000] {logging_mixin.py:188} INFO - [2026-07-28T20:25:00.504+0000] {dag.py:3954} INFO - Setting next_dagrun for process_silver_layer to None, run_after=None
[2026-07-28T20:25:00.651+0000] {processor.py:183} INFO - Processing /opt/airflow/dags/silver_processing_dag.py took 0.646 seconds
[2026-07-28T20:25:32.198+0000] {processor.py:161} INFO - Started process (PID=4033) to work on /opt/airflow/dags/silver_processing_dag.py
[2026-07-28T20:25:32.211+0000] {processor.py:830} INFO - Processing file /opt/airflow/dags/silver_processing_dag.py for tasks to queue
[2026-07-28T20:25:32.217+0000] {logging_mixin.py:188} INFO - [2026-07-28T20:25:32.216+0000] {dagbag.py:545} INFO - Filling up the DagBag from /opt/airflow/dags/silver_processing_dag.py
[2026-07-28T20:25:32.357+0000] {processor.py:840} INFO - DAG(s) 'process_silver_layer' retrieved from /opt/airflow/dags/silver_processing_dag.py
[2026-07-28T20:25:32.460+0000] {logging_mixin.py:188} INFO - [2026-07-28T20:25:32.459+0000] {dag.py:3096} INFO - Sync 1 DAGs
[2026-07-28T20:25:32.515+0000] {logging_mixin.py:188} INFO - [2026-07-28T20:25:32.515+0000] {dag.py:3954} INFO - Setting next_dagrun for process_silver_layer to None, run_after=None
[2026-07-28T20:25:32.615+0000] {processor.py:183} INFO - Processing /opt/airflow/dags/silver_processing_dag.py took 0.484 seconds
[2026-07-28T20:26:04.781+0000] {processor.py:161} INFO - Started process (PID=4048) to work on /opt/airflow/dags/silver_processing_dag.py
[2026-07-28T20:26:04.785+0000] {processor.py:830} INFO - Processing file /opt/airflow/dags/silver_processing_dag.py for tasks to queue
[2026-07-28T20:26:04.789+0000] {logging_mixin.py:188} INFO - [2026-07-28T20:26:04.788+0000] {dagbag.py:545} INFO - Filling up the DagBag from /opt/airflow/dags/silver_processing_dag.py
[2026-07-28T20:26:04.882+0000] {processor.py:840} INFO - DAG(s) 'process_silver_layer' retrieved from /opt/airflow/dags/silver_processing_dag.py
[2026-07-28T20:26:04.951+0000] {logging_mixin.py:188} INFO - [2026-07-28T20:26:04.951+0000] {dag.py:3096} INFO - Sync 1 DAGs
[2026-07-28T20:26:04.987+0000] {logging_mixin.py:188} INFO - [2026-07-28T20:26:04.987+0000] {dag.py:3954} INFO - Setting next_dagrun for process_silver_layer to None, run_after=None
[2026-07-28T20:26:05.052+0000] {processor.py:183} INFO - Processing /opt/airflow/dags/silver_processing_dag.py took 0.290 seconds
[2026-07-28T20:26:35.564+0000] {processor.py:161} INFO - Started process (PID=4063) to work on /opt/airflow/dags/silver_processing_dag.py
[2026-07-28T20:26:35.568+0000] {processor.py:830} INFO - Processing file /opt/airflow/dags/silver_processing_dag.py for tasks to queue
[2026-07-28T20:26:35.583+0000] {logging_mixin.py:188} INFO - [2026-07-28T20:26:35.582+0000] {dagbag.py:545} INFO - Filling up the DagBag from /opt/airflow/dags/silver_processing_dag.py
[2026-07-28T20:26:35.692+0000] {processor.py:840} INFO - DAG(s) 'process_silver_layer' retrieved from /opt/airflow/dags/silver_processing_dag.py
[2026-07-28T20:26:35.900+0000] {logging_mixin.py:188} INFO - [2026-07-28T20:26:35.900+0000] {dag.py:3096} INFO - Sync 1 DAGs
[2026-07-28T20:26:36.036+0000] {logging_mixin.py:188} INFO - [2026-07-28T20:26:36.036+0000] {dag.py:3954} INFO - Setting next_dagrun for process_silver_layer to None, run_after=None
[2026-07-28T20:26:36.146+0000] {processor.py:183} INFO - Processing /opt/airflow/dags/silver_processing_dag.py took 0.624 seconds
[2026-07-28T20:27:07.188+0000] {processor.py:161} INFO - Started process (PID=4078) to work on /opt/airflow/dags/silver_processing_dag.py
[2026-07-28T20:27:07.222+0000] {processor.py:830} INFO - Processing file /opt/airflow/dags/silver_processing_dag.py for tasks to queue
[2026-07-28T20:27:07.245+0000] {logging_mixin.py:188} INFO - [2026-07-28T20:27:07.233+0000] {dagbag.py:545} INFO - Filling up the DagBag from /opt/airflow/dags/silver_processing_dag.py
[2026-07-28T20:27:07.665+0000] {processor.py:840} INFO - DAG(s) 'process_silver_layer' retrieved from /opt/airflow/dags/silver_processing_dag.py
[2026-07-28T20:27:07.875+0000] {logging_mixin.py:188} INFO - [2026-07-28T20:27:07.875+0000] {dag.py:3096} INFO - Sync 1 DAGs
[2026-07-28T20:27:07.969+0000] {logging_mixin.py:188} INFO - [2026-07-28T20:27:07.969+0000] {dag.py:3954} INFO - Setting next_dagrun for process_silver_layer to None, run_after=None
[2026-07-28T20:27:08.055+0000] {processor.py:183} INFO - Processing /opt/airflow/dags/silver_processing_dag.py took 0.960 seconds
[2026-07-28T20:27:38.837+0000] {processor.py:161} INFO - Started process (PID=4093) to work on /opt/airflow/dags/silver_processing_dag.py
[2026-07-28T20:27:38.840+0000] {processor.py:830} INFO - Processing file /opt/airflow/dags/silver_processing_dag.py for tasks to queue
[2026-07-28T20:27:38.844+0000] {logging_mixin.py:188} INFO - [2026-07-28T20:27:38.843+0000] {dagbag.py:545} INFO - Filling up the DagBag from /opt/airflow/dags/silver_processing_dag.py
[2026-07-28T20:27:38.904+0000] {processor.py:840} INFO - DAG(s) 'process_silver_layer' retrieved from /opt/airflow/dags/silver_processing_dag.py
[2026-07-28T20:27:38.964+0000] {logging_mixin.py:188} INFO - [2026-07-28T20:27:38.963+0000] {dag.py:3096} INFO - Sync 1 DAGs
[2026-07-28T20:27:39.020+0000] {logging_mixin.py:188} INFO - [2026-07-28T20:27:39.019+0000] {dag.py:3954} INFO - Setting next_dagrun for process_silver_layer to None, run_after=None
[2026-07-28T20:27:39.132+0000] {processor.py:183} INFO - Processing /opt/airflow/dags/silver_processing_dag.py took 0.313 seconds
[2026-07-28T20:28:09.644+0000] {processor.py:161} INFO - Started process (PID=4108) to work on /opt/airflow/dags/silver_processing_dag.py
[2026-07-28T20:28:09.649+0000] {processor.py:830} INFO - Processing file /opt/airflow/dags/silver_processing_dag.py for tasks to queue
[2026-07-28T20:28:09.655+0000] {logging_mixin.py:188} INFO - [2026-07-28T20:28:09.654+0000] {dagbag.py:545} INFO - Filling up the DagBag from /opt/airflow/dags/silver_processing_dag.py
[2026-07-28T20:28:09.826+0000] {processor.py:840} INFO - DAG(s) 'process_silver_layer' retrieved from /opt/airflow/dags/silver_processing_dag.py
[2026-07-28T20:28:10.037+0000] {logging_mixin.py:188} INFO - [2026-07-28T20:28:10.027+0000] {dag.py:3096} INFO - Sync 1 DAGs
[2026-07-28T20:28:10.158+0000] {logging_mixin.py:188} INFO - [2026-07-28T20:28:10.156+0000] {dag.py:3954} INFO - Setting next_dagrun for process_silver_layer to None, run_after=None
[2026-07-28T20:28:10.729+0000] {processor.py:183} INFO - Processing /opt/airflow/dags/silver_processing_dag.py took 1.112 seconds
[2026-07-28T20:29:33.240+0000] {processor.py:161} INFO - Started process (PID=4123) to work on /opt/airflow/dags/silver_processing_dag.py
[2026-07-28T20:29:33.244+0000] {processor.py:830} INFO - Processing file /opt/airflow/dags/silver_processing_dag.py for tasks to queue
[2026-07-28T20:29:33.250+0000] {logging_mixin.py:188} INFO - [2026-07-28T20:29:33.248+0000] {dagbag.py:545} INFO - Filling up the DagBag from /opt/airflow/dags/silver_processing_dag.py
[2026-07-28T20:29:33.306+0000] {processor.py:840} INFO - DAG(s) 'process_silver_layer' retrieved from /opt/airflow/dags/silver_processing_dag.py
[2026-07-28T20:29:33.369+0000] {logging_mixin.py:188} INFO - [2026-07-28T20:29:33.368+0000] {dag.py:3096} INFO - Sync 1 DAGs
[2026-07-28T20:29:33.408+0000] {logging_mixin.py:188} INFO - [2026-07-28T20:29:33.407+0000] {dag.py:3954} INFO - Setting next_dagrun for process_silver_layer to None, run_after=None
[2026-07-28T20:29:33.473+0000] {processor.py:183} INFO - Processing /opt/airflow/dags/silver_processing_dag.py took 0.257 seconds
[2026-07-28T20:30:03.997+0000] {processor.py:161} INFO - Started process (PID=4138) to work on /opt/airflow/dags/silver_processing_dag.py
[2026-07-28T20:30:04.002+0000] {processor.py:830} INFO - Processing file /opt/airflow/dags/silver_processing_dag.py for tasks to queue
[2026-07-28T20:30:04.007+0000] {logging_mixin.py:188} INFO - [2026-07-28T20:30:04.006+0000] {dagbag.py:545} INFO - Filling up the DagBag from /opt/airflow/dags/silver_processing_dag.py
[2026-07-28T20:30:04.065+0000] {processor.py:840} INFO - DAG(s) 'process_silver_layer' retrieved from /opt/airflow/dags/silver_processing_dag.py
[2026-07-28T20:30:04.133+0000] {logging_mixin.py:188} INFO - [2026-07-28T20:30:04.133+0000] {dag.py:3096} INFO - Sync 1 DAGs
[2026-07-28T20:30:04.166+0000] {logging_mixin.py:188} INFO - [2026-07-28T20:30:04.165+0000] {dag.py:3954} INFO - Setting next_dagrun for process_silver_layer to None, run_after=None
[2026-07-28T20:30:04.214+0000] {processor.py:183} INFO - Processing /opt/airflow/dags/silver_processing_dag.py took 0.238 seconds
[2026-07-28T20:30:37.626+0000] {processor.py:161} INFO - Started process (PID=4153) to work on /opt/airflow/dags/silver_processing_dag.py
[2026-07-28T20:30:37.629+0000] {processor.py:830} INFO - Processing file /opt/airflow/dags/silver_processing_dag.py for tasks to queue
[2026-07-28T20:30:37.633+0000] {logging_mixin.py:188} INFO - [2026-07-28T20:30:37.632+0000] {dagbag.py:545} INFO - Filling up the DagBag from /opt/airflow/dags/silver_processing_dag.py
[2026-07-28T20:30:37.687+0000] {processor.py:840} INFO - DAG(s) 'process_silver_layer' retrieved from /opt/airflow/dags/silver_processing_dag.py
[2026-07-28T20:30:37.774+0000] {logging_mixin.py:188} INFO - [2026-07-28T20:30:37.773+0000] {dag.py:3096} INFO - Sync 1 DAGs
[2026-07-28T20:30:37.811+0000] {logging_mixin.py:188} INFO - [2026-07-28T20:30:37.810+0000] {dag.py:3954} INFO - Setting next_dagrun for process_silver_layer to None, run_after=None
[2026-07-28T20:30:37.870+0000] {processor.py:183} INFO - Processing /opt/airflow/dags/silver_processing_dag.py took 0.267 seconds
[2026-07-28T20:31:08.099+0000] {processor.py:161} INFO - Started process (PID=4168) to work on /opt/airflow/dags/silver_processing_dag.py
[2026-07-28T20:31:08.104+0000] {processor.py:830} INFO - Processing file /opt/airflow/dags/silver_processing_dag.py for tasks to queue
[2026-07-28T20:31:08.108+0000] {logging_mixin.py:188} INFO - [2026-07-28T20:31:08.107+0000] {dagbag.py:545} INFO - Filling up the DagBag from /opt/airflow/dags/silver_processing_dag.py
[2026-07-28T20:31:08.160+0000] {processor.py:840} INFO - DAG(s) 'process_silver_layer' retrieved from /opt/airflow/dags/silver_processing_dag.py
[2026-07-28T20:31:08.256+0000] {logging_mixin.py:188} INFO - [2026-07-28T20:31:08.255+0000] {dag.py:3096} INFO - Sync 1 DAGs
[2026-07-28T20:31:08.447+0000] {logging_mixin.py:188} INFO - [2026-07-28T20:31:08.446+0000] {dag.py:3954} INFO - Setting next_dagrun for process_silver_layer to None, run_after=None
[2026-07-28T20:31:08.674+0000] {processor.py:183} INFO - Processing /opt/airflow/dags/silver_processing_dag.py took 0.599 seconds
[2026-07-28T20:31:53.737+0000] {processor.py:161} INFO - Started process (PID=4183) to work on /opt/airflow/dags/silver_processing_dag.py
[2026-07-28T20:31:53.748+0000] {processor.py:830} INFO - Processing file /opt/airflow/dags/silver_processing_dag.py for tasks to queue
[2026-07-28T20:31:53.753+0000] {logging_mixin.py:188} INFO - [2026-07-28T20:31:53.752+0000] {dagbag.py:545} INFO - Filling up the DagBag from /opt/airflow/dags/silver_processing_dag.py
[2026-07-28T20:31:53.818+0000] {processor.py:840} INFO - DAG(s) 'process_silver_layer' retrieved from /opt/airflow/dags/silver_processing_dag.py
[2026-07-28T20:31:53.912+0000] {logging_mixin.py:188} INFO - [2026-07-28T20:31:53.911+0000] {dag.py:3096} INFO - Sync 1 DAGs
[2026-07-28T20:31:53.957+0000] {logging_mixin.py:188} INFO - [2026-07-28T20:31:53.956+0000] {dag.py:3954} INFO - Setting next_dagrun for process_silver_layer to None, run_after=None
[2026-07-28T20:31:54.053+0000] {processor.py:183} INFO - Processing /opt/airflow/dags/silver_processing_dag.py took 0.340 seconds
[2026-07-28T20:32:24.472+0000] {processor.py:161} INFO - Started process (PID=4198) to work on /opt/airflow/dags/silver_processing_dag.py
[2026-07-28T20:32:24.476+0000] {processor.py:830} INFO - Processing file /opt/airflow/dags/silver_processing_dag.py for tasks to queue
[2026-07-28T20:32:24.481+0000] {logging_mixin.py:188} INFO - [2026-07-28T20:32:24.480+0000] {dagbag.py:545} INFO - Filling up the DagBag from /opt/airflow/dags/silver_processing_dag.py
[2026-07-28T20:32:24.740+0000] {processor.py:840} INFO - DAG(s) 'process_silver_layer' retrieved from /opt/airflow/dags/silver_processing_dag.py
[2026-07-28T20:32:24.914+0000] {logging_mixin.py:188} INFO - [2026-07-28T20:32:24.913+0000] {dag.py:3096} INFO - Sync 1 DAGs
[2026-07-28T20:32:24.967+0000] {logging_mixin.py:188} INFO - [2026-07-28T20:32:24.966+0000] {dag.py:3954} INFO - Setting next_dagrun for process_silver_layer to None, run_after=None
[2026-07-28T20:32:25.128+0000] {processor.py:183} INFO - Processing /opt/airflow/dags/silver_processing_dag.py took 0.681 seconds
[2026-07-28T20:32:55.713+0000] {processor.py:161} INFO - Started process (PID=4213) to work on /opt/airflow/dags/silver_processing_dag.py
[2026-07-28T20:32:55.718+0000] {processor.py:830} INFO - Processing file /opt/airflow/dags/silver_processing_dag.py for tasks to queue
[2026-07-28T20:32:55.725+0000] {logging_mixin.py:188} INFO - [2026-07-28T20:32:55.723+0000] {dagbag.py:545} INFO - Filling up the DagBag from /opt/airflow/dags/silver_processing_dag.py
[2026-07-28T20:32:55.837+0000] {processor.py:840} INFO - DAG(s) 'process_silver_layer' retrieved from /opt/airflow/dags/silver_processing_dag.py
[2026-07-28T20:32:55.986+0000] {logging_mixin.py:188} INFO - [2026-07-28T20:32:55.986+0000] {dag.py:3096} INFO - Sync 1 DAGs
[2026-07-28T20:32:56.047+0000] {logging_mixin.py:188} INFO - [2026-07-28T20:32:56.047+0000] {dag.py:3954} INFO - Setting next_dagrun for process_silver_layer to None, run_after=None
[2026-07-28T20:32:56.295+0000] {processor.py:183} INFO - Processing /opt/airflow/dags/silver_processing_dag.py took 0.611 seconds
[2026-07-28T20:33:26.760+0000] {processor.py:161} INFO - Started process (PID=4228) to work on /opt/airflow/dags/silver_processing_dag.py
[2026-07-28T20:33:26.764+0000] {processor.py:830} INFO - Processing file /opt/airflow/dags/silver_processing_dag.py for tasks to queue
[2026-07-28T20:33:26.769+0000] {logging_mixin.py:188} INFO - [2026-07-28T20:33:26.767+0000] {dagbag.py:545} INFO - Filling up the DagBag from /opt/airflow/dags/silver_processing_dag.py
[2026-07-28T20:33:26.827+0000] {processor.py:840} INFO - DAG(s) 'process_silver_layer' retrieved from /opt/airflow/dags/silver_processing_dag.py
[2026-07-28T20:33:26.889+0000] {logging_mixin.py:188} INFO - [2026-07-28T20:33:26.888+0000] {dag.py:3096} INFO - Sync 1 DAGs
[2026-07-28T20:33:26.935+0000] {logging_mixin.py:188} INFO - [2026-07-28T20:33:26.935+0000] {dag.py:3954} INFO - Setting next_dagrun for process_silver_layer to None, run_after=None
[2026-07-28T20:33:27.009+0000] {processor.py:183} INFO - Processing /opt/airflow/dags/silver_processing_dag.py took 0.268 seconds
[2026-07-28T20:33:57.466+0000] {processor.py:161} INFO - Started process (PID=4243) to work on /opt/airflow/dags/silver_processing_dag.py
[2026-07-28T20:33:57.471+0000] {processor.py:830} INFO - Processing file /opt/airflow/dags/silver_processing_dag.py for tasks to queue
[2026-07-28T20:33:57.477+0000] {logging_mixin.py:188} INFO - [2026-07-28T20:33:57.475+0000] {dagbag.py:545} INFO - Filling up the DagBag from /opt/airflow/dags/silver_processing_dag.py
[2026-07-28T20:33:57.548+0000] {processor.py:840} INFO - DAG(s) 'process_silver_layer' retrieved from /opt/airflow/dags/silver_processing_dag.py
[2026-07-28T20:33:57.658+0000] {logging_mixin.py:188} INFO - [2026-07-28T20:33:57.657+0000] {dag.py:3096} INFO - Sync 1 DAGs
[2026-07-28T20:33:57.716+0000] {logging_mixin.py:188} INFO - [2026-07-28T20:33:57.715+0000] {dag.py:3954} INFO - Setting next_dagrun for process_silver_layer to None, run_after=None
[2026-07-28T20:33:57.778+0000] {processor.py:183} INFO - Processing /opt/airflow/dags/silver_processing_dag.py took 0.332 seconds
[2026-07-28T20:34:28.265+0000] {processor.py:161} INFO - Started process (PID=4258) to work on /opt/airflow/dags/silver_processing_dag.py
[2026-07-28T20:34:28.268+0000] {processor.py:830} INFO - Processing file /opt/airflow/dags/silver_processing_dag.py for tasks to queue
[2026-07-28T20:34:28.272+0000] {logging_mixin.py:188} INFO - [2026-07-28T20:34:28.271+0000] {dagbag.py:545} INFO - Filling up the DagBag from /opt/airflow/dags/silver_processing_dag.py
[2026-07-28T20:34:28.324+0000] {processor.py:840} INFO - DAG(s) 'process_silver_layer' retrieved from /opt/airflow/dags/silver_processing_dag.py
[2026-07-28T20:34:28.424+0000] {logging_mixin.py:188} INFO - [2026-07-28T20:34:28.423+0000] {dag.py:3096} INFO - Sync 1 DAGs
[2026-07-28T20:34:28.533+0000] {logging_mixin.py:188} INFO - [2026-07-28T20:34:28.533+0000] {dag.py:3954} INFO - Setting next_dagrun for process_silver_layer to None, run_after=None
[2026-07-28T20:34:29.387+0000] {processor.py:183} INFO - Processing /opt/airflow/dags/silver_processing_dag.py took 1.142 seconds
[2026-07-28T20:35:00.130+0000] {processor.py:161} INFO - Started process (PID=4275) to work on /opt/airflow/dags/silver_processing_dag.py
[2026-07-28T20:35:00.133+0000] {processor.py:830} INFO - Processing file /opt/airflow/dags/silver_processing_dag.py for tasks to queue
[2026-07-28T20:35:00.136+0000] {logging_mixin.py:188} INFO - [2026-07-28T20:35:00.135+0000] {dagbag.py:545} INFO - Filling up the DagBag from /opt/airflow/dags/silver_processing_dag.py
[2026-07-28T20:35:00.190+0000] {processor.py:840} INFO - DAG(s) 'process_silver_layer' retrieved from /opt/airflow/dags/silver_processing_dag.py
[2026-07-28T20:35:00.274+0000] {logging_mixin.py:188} INFO - [2026-07-28T20:35:00.273+0000] {dag.py:3096} INFO - Sync 1 DAGs
[2026-07-28T20:35:00.323+0000] {logging_mixin.py:188} INFO - [2026-07-28T20:35:00.323+0000] {dag.py:3954} INFO - Setting next_dagrun for process_silver_layer to None, run_after=None
[2026-07-28T20:35:00.385+0000] {processor.py:183} INFO - Processing /opt/airflow/dags/silver_processing_dag.py took 0.276 seconds
[2026-07-28T20:35:30.658+0000] {processor.py:161} INFO - Started process (PID=4290) to work on /opt/airflow/dags/silver_processing_dag.py
[2026-07-28T20:35:30.661+0000] {processor.py:830} INFO - Processing file /opt/airflow/dags/silver_processing_dag.py for tasks to queue
[2026-07-28T20:35:30.672+0000] {logging_mixin.py:188} INFO - [2026-07-28T20:35:30.669+0000] {dagbag.py:545} INFO - Filling up the DagBag from /opt/airflow/dags/silver_processing_dag.py
[2026-07-28T20:35:30.747+0000] {processor.py:840} INFO - DAG(s) 'process_silver_layer' retrieved from /opt/airflow/dags/silver_processing_dag.py
[2026-07-28T20:35:30.830+0000] {logging_mixin.py:188} INFO - [2026-07-28T20:35:30.829+0000] {dag.py:3096} INFO - Sync 1 DAGs
[2026-07-28T20:35:30.877+0000] {logging_mixin.py:188} INFO - [2026-07-28T20:35:30.876+0000] {dag.py:3954} INFO - Setting next_dagrun for process_silver_layer to None, run_after=None
[2026-07-28T20:35:30.946+0000] {processor.py:183} INFO - Processing /opt/airflow/dags/silver_processing_dag.py took 0.318 seconds
[2026-07-28T20:36:01.456+0000] {processor.py:161} INFO - Started process (PID=4303) to work on /opt/airflow/dags/silver_processing_dag.py
[2026-07-28T20:36:01.460+0000] {processor.py:830} INFO - Processing file /opt/airflow/dags/silver_processing_dag.py for tasks to queue
[2026-07-28T20:36:01.466+0000] {logging_mixin.py:188} INFO - [2026-07-28T20:36:01.464+0000] {dagbag.py:545} INFO - Filling up the DagBag from /opt/airflow/dags/silver_processing_dag.py
[2026-07-28T20:36:01.585+0000] {processor.py:840} INFO - DAG(s) 'process_silver_layer' retrieved from /opt/airflow/dags/silver_processing_dag.py
[2026-07-28T20:36:01.661+0000] {logging_mixin.py:188} INFO - [2026-07-28T20:36:01.660+0000] {dag.py:3096} INFO - Sync 1 DAGs
[2026-07-28T20:36:01.711+0000] {logging_mixin.py:188} INFO - [2026-07-28T20:36:01.710+0000] {dag.py:3954} INFO - Setting next_dagrun for process_silver_layer to None, run_after=None
[2026-07-28T20:36:01.807+0000] {processor.py:183} INFO - Processing /opt/airflow/dags/silver_processing_dag.py took 0.379 seconds
[2026-07-28T20:36:32.225+0000] {processor.py:161} INFO - Started process (PID=4318) to work on /opt/airflow/dags/silver_processing_dag.py
[2026-07-28T20:36:32.230+0000] {processor.py:830} INFO - Processing file /opt/airflow/dags/silver_processing_dag.py for tasks to queue
[2026-07-28T20:36:32.240+0000] {logging_mixin.py:188} INFO - [2026-07-28T20:36:32.233+0000] {dagbag.py:545} INFO - Filling up the DagBag from /opt/airflow/dags/silver_processing_dag.py
[2026-07-28T20:36:32.303+0000] {processor.py:840} INFO - DAG(s) 'process_silver_layer' retrieved from /opt/airflow/dags/silver_processing_dag.py
[2026-07-28T20:36:32.383+0000] {logging_mixin.py:188} INFO - [2026-07-28T20:36:32.382+0000] {dag.py:3096} INFO - Sync 1 DAGs
[2026-07-28T20:36:32.421+0000] {logging_mixin.py:188} INFO - [2026-07-28T20:36:32.420+0000] {dag.py:3954} INFO - Setting next_dagrun for process_silver_layer to None, run_after=None
[2026-07-28T20:36:32.491+0000] {processor.py:183} INFO - Processing /opt/airflow/dags/silver_processing_dag.py took 0.304 seconds
[2026-07-28T20:37:02.681+0000] {processor.py:161} INFO - Started process (PID=4333) to work on /opt/airflow/dags/silver_processing_dag.py
[2026-07-28T20:37:02.684+0000] {processor.py:830} INFO - Processing file /opt/airflow/dags/silver_processing_dag.py for tasks to queue
[2026-07-28T20:37:02.689+0000] {logging_mixin.py:188} INFO - [2026-07-28T20:37:02.688+0000] {dagbag.py:545} INFO - Filling up the DagBag from /opt/airflow/dags/silver_processing_dag.py
[2026-07-28T20:37:02.811+0000] {processor.py:840} INFO - DAG(s) 'process_silver_layer' retrieved from /opt/airflow/dags/silver_processing_dag.py
[2026-07-28T20:37:02.877+0000] {logging_mixin.py:188} INFO - [2026-07-28T20:37:02.877+0000] {dag.py:3096} INFO - Sync 1 DAGs
[2026-07-28T20:37:02.919+0000] {logging_mixin.py:188} INFO - [2026-07-28T20:37:02.919+0000] {dag.py:3954} INFO - Setting next_dagrun for process_silver_layer to None, run_after=None
[2026-07-28T20:37:02.978+0000] {processor.py:183} INFO - Processing /opt/airflow/dags/silver_processing_dag.py took 0.317 seconds
[2026-07-28T20:37:33.351+0000] {processor.py:161} INFO - Started process (PID=4350) to work on /opt/airflow/dags/silver_processing_dag.py
[2026-07-28T20:37:33.354+0000] {processor.py:830} INFO - Processing file /opt/airflow/dags/silver_processing_dag.py for tasks to queue
[2026-07-28T20:37:33.358+0000] {logging_mixin.py:188} INFO - [2026-07-28T20:37:33.357+0000] {dagbag.py:545} INFO - Filling up the DagBag from /opt/airflow/dags/silver_processing_dag.py
[2026-07-28T20:37:33.414+0000] {processor.py:840} INFO - DAG(s) 'process_silver_layer' retrieved from /opt/airflow/dags/silver_processing_dag.py
[2026-07-28T20:37:33.473+0000] {logging_mixin.py:188} INFO - [2026-07-28T20:37:33.473+0000] {dag.py:3096} INFO - Sync 1 DAGs
[2026-07-28T20:37:33.513+0000] {logging_mixin.py:188} INFO - [2026-07-28T20:37:33.513+0000] {dag.py:3954} INFO - Setting next_dagrun for process_silver_layer to None, run_after=None
[2026-07-28T20:37:33.606+0000] {processor.py:183} INFO - Processing /opt/airflow/dags/silver_processing_dag.py took 0.271 seconds
[2026-07-28T20:38:04.225+0000] {processor.py:161} INFO - Started process (PID=4363) to work on /opt/airflow/dags/silver_processing_dag.py
[2026-07-28T20:38:04.227+0000] {processor.py:830} INFO - Processing file /opt/airflow/dags/silver_processing_dag.py for tasks to queue
[2026-07-28T20:38:04.231+0000] {logging_mixin.py:188} INFO - [2026-07-28T20:38:04.230+0000] {dagbag.py:545} INFO - Filling up the DagBag from /opt/airflow/dags/silver_processing_dag.py
[2026-07-28T20:38:04.287+0000] {processor.py:840} INFO - DAG(s) 'process_silver_layer' retrieved from /opt/airflow/dags/silver_processing_dag.py
[2026-07-28T20:38:04.349+0000] {logging_mixin.py:188} INFO - [2026-07-28T20:38:04.348+0000] {dag.py:3096} INFO - Sync 1 DAGs
[2026-07-28T20:38:04.392+0000] {logging_mixin.py:188} INFO - [2026-07-28T20:38:04.391+0000] {dag.py:3954} INFO - Setting next_dagrun for process_silver_layer to None, run_after=None
[2026-07-28T20:38:04.473+0000] {processor.py:183} INFO - Processing /opt/airflow/dags/silver_processing_dag.py took 0.281 seconds
[2026-07-28T20:38:35.017+0000] {processor.py:161} INFO - Started process (PID=4378) to work on /opt/airflow/dags/silver_processing_dag.py
[2026-07-28T20:38:35.021+0000] {processor.py:830} INFO - Processing file /opt/airflow/dags/silver_processing_dag.py for tasks to queue
[2026-07-28T20:38:35.025+0000] {logging_mixin.py:188} INFO - [2026-07-28T20:38:35.024+0000] {dagbag.py:545} INFO - Filling up the DagBag from /opt/airflow/dags/silver_processing_dag.py
[2026-07-28T20:38:35.084+0000] {processor.py:840} INFO - DAG(s) 'process_silver_layer' retrieved from /opt/airflow/dags/silver_processing_dag.py
[2026-07-28T20:38:35.147+0000] {logging_mixin.py:188} INFO - [2026-07-28T20:38:35.146+0000] {dag.py:3096} INFO - Sync 1 DAGs
[2026-07-28T20:38:35.192+0000] {logging_mixin.py:188} INFO - [2026-07-28T20:38:35.191+0000] {dag.py:3954} INFO - Setting next_dagrun for process_silver_layer to None, run_after=None
[2026-07-28T20:38:35.266+0000] {processor.py:183} INFO - Processing /opt/airflow/dags/silver_processing_dag.py took 0.304 seconds
[2026-07-28T20:39:05.528+0000] {processor.py:161} INFO - Started process (PID=4393) to work on /opt/airflow/dags/silver_processing_dag.py
[2026-07-28T20:39:05.531+0000] {processor.py:830} INFO - Processing file /opt/airflow/dags/silver_processing_dag.py for tasks to queue
[2026-07-28T20:39:05.540+0000] {logging_mixin.py:188} INFO - [2026-07-28T20:39:05.538+0000] {dagbag.py:545} INFO - Filling up the DagBag from /opt/airflow/dags/silver_processing_dag.py
[2026-07-28T20:39:05.603+0000] {processor.py:840} INFO - DAG(s) 'process_silver_layer' retrieved from /opt/airflow/dags/silver_processing_dag.py
[2026-07-28T20:39:05.680+0000] {logging_mixin.py:188} INFO - [2026-07-28T20:39:05.680+0000] {dag.py:3096} INFO - Sync 1 DAGs
[2026-07-28T20:39:05.719+0000] {logging_mixin.py:188} INFO - [2026-07-28T20:39:05.719+0000] {dag.py:3954} INFO - Setting next_dagrun for process_silver_layer to None, run_after=None
[2026-07-28T20:39:05.772+0000] {processor.py:183} INFO - Processing /opt/airflow/dags/silver_processing_dag.py took 0.264 seconds
[2026-07-28T20:39:36.377+0000] {processor.py:161} INFO - Started process (PID=4408) to work on /opt/airflow/dags/silver_processing_dag.py
[2026-07-28T20:39:36.392+0000] {processor.py:830} INFO - Processing file /opt/airflow/dags/silver_processing_dag.py for tasks to queue
[2026-07-28T20:39:36.402+0000] {logging_mixin.py:188} INFO - [2026-07-28T20:39:36.398+0000] {dagbag.py:545} INFO - Filling up the DagBag from /opt/airflow/dags/silver_processing_dag.py
[2026-07-28T20:39:36.483+0000] {processor.py:840} INFO - DAG(s) 'process_silver_layer' retrieved from /opt/airflow/dags/silver_processing_dag.py
[2026-07-28T20:39:36.567+0000] {logging_mixin.py:188} INFO - [2026-07-28T20:39:36.567+0000] {dag.py:3096} INFO - Sync 1 DAGs
[2026-07-28T20:39:36.614+0000] {logging_mixin.py:188} INFO - [2026-07-28T20:39:36.613+0000] {dag.py:3954} INFO - Setting next_dagrun for process_silver_layer to None, run_after=None
[2026-07-28T20:39:36.696+0000] {processor.py:183} INFO - Processing /opt/airflow/dags/silver_processing_dag.py took 0.361 seconds
[2026-07-28T20:40:14.273+0000] {processor.py:161} INFO - Started process (PID=4423) to work on /opt/airflow/dags/silver_processing_dag.py
[2026-07-28T20:40:14.280+0000] {processor.py:830} INFO - Processing file /opt/airflow/dags/silver_processing_dag.py for tasks to queue
[2026-07-28T20:40:14.293+0000] {logging_mixin.py:188} INFO - [2026-07-28T20:40:14.286+0000] {dagbag.py:545} INFO - Filling up the DagBag from /opt/airflow/dags/silver_processing_dag.py
[2026-07-28T20:40:14.349+0000] {processor.py:840} INFO - DAG(s) 'process_silver_layer' retrieved from /opt/airflow/dags/silver_processing_dag.py
[2026-07-28T20:40:14.418+0000] {logging_mixin.py:188} INFO - [2026-07-28T20:40:14.418+0000] {dag.py:3096} INFO - Sync 1 DAGs
[2026-07-28T20:40:14.452+0000] {logging_mixin.py:188} INFO - [2026-07-28T20:40:14.451+0000] {dag.py:3954} INFO - Setting next_dagrun for process_silver_layer to None, run_after=None
[2026-07-28T20:40:14.517+0000] {processor.py:183} INFO - Processing /opt/airflow/dags/silver_processing_dag.py took 0.281 seconds
[2026-07-28T20:40:44.864+0000] {processor.py:161} INFO - Started process (PID=4438) to work on /opt/airflow/dags/silver_processing_dag.py
[2026-07-28T20:40:44.868+0000] {processor.py:830} INFO - Processing file /opt/airflow/dags/silver_processing_dag.py for tasks to queue
[2026-07-28T20:40:44.872+0000] {logging_mixin.py:188} INFO - [2026-07-28T20:40:44.871+0000] {dagbag.py:545} INFO - Filling up the DagBag from /opt/airflow/dags/silver_processing_dag.py
[2026-07-28T20:40:44.932+0000] {processor.py:840} INFO - DAG(s) 'process_silver_layer' retrieved from /opt/airflow/dags/silver_processing_dag.py
[2026-07-28T20:40:45.018+0000] {logging_mixin.py:188} INFO - [2026-07-28T20:40:45.017+0000] {dag.py:3096} INFO - Sync 1 DAGs
[2026-07-28T20:40:45.066+0000] {logging_mixin.py:188} INFO - [2026-07-28T20:40:45.065+0000] {dag.py:3954} INFO - Setting next_dagrun for process_silver_layer to None, run_after=None
[2026-07-28T20:40:45.160+0000] {processor.py:183} INFO - Processing /opt/airflow/dags/silver_processing_dag.py took 0.313 seconds
[2026-07-28T20:41:15.928+0000] {processor.py:161} INFO - Started process (PID=4453) to work on /opt/airflow/dags/silver_processing_dag.py
[2026-07-28T20:41:15.931+0000] {processor.py:830} INFO - Processing file /opt/airflow/dags/silver_processing_dag.py for tasks to queue
[2026-07-28T20:41:15.935+0000] {logging_mixin.py:188} INFO - [2026-07-28T20:41:15.934+0000] {dagbag.py:545} INFO - Filling up the DagBag from /opt/airflow/dags/silver_processing_dag.py
[2026-07-28T20:41:15.990+0000] {processor.py:840} INFO - DAG(s) 'process_silver_layer' retrieved from /opt/airflow/dags/silver_processing_dag.py
[2026-07-28T20:41:16.072+0000] {logging_mixin.py:188} INFO - [2026-07-28T20:41:16.072+0000] {dag.py:3096} INFO - Sync 1 DAGs
[2026-07-28T20:41:16.116+0000] {logging_mixin.py:188} INFO - [2026-07-28T20:41:16.114+0000] {dag.py:3954} INFO - Setting next_dagrun for process_silver_layer to None, run_after=None
[2026-07-28T20:41:16.171+0000] {processor.py:183} INFO - Processing /opt/airflow/dags/silver_processing_dag.py took 0.268 seconds
[2026-07-28T20:41:47.809+0000] {processor.py:161} INFO - Started process (PID=4468) to work on /opt/airflow/dags/silver_processing_dag.py
[2026-07-28T20:41:47.888+0000] {processor.py:830} INFO - Processing file /opt/airflow/dags/silver_processing_dag.py for tasks to queue
[2026-07-28T20:41:47.924+0000] {logging_mixin.py:188} INFO - [2026-07-28T20:41:47.917+0000] {dagbag.py:545} INFO - Filling up the DagBag from /opt/airflow/dags/silver_processing_dag.py
[2026-07-28T20:41:48.232+0000] {processor.py:840} INFO - DAG(s) 'process_silver_layer' retrieved from /opt/airflow/dags/silver_processing_dag.py
[2026-07-28T20:41:48.478+0000] {logging_mixin.py:188} INFO - [2026-07-28T20:41:48.477+0000] {dag.py:3096} INFO - Sync 1 DAGs
[2026-07-28T20:41:48.547+0000] {logging_mixin.py:188} INFO - [2026-07-28T20:41:48.546+0000] {dag.py:3954} INFO - Setting next_dagrun for process_silver_layer to None, run_after=None
[2026-07-28T20:41:48.638+0000] {processor.py:183} INFO - Processing /opt/airflow/dags/silver_processing_dag.py took 1.317 seconds
[2026-07-28T20:42:18.910+0000] {processor.py:161} INFO - Started process (PID=4483) to work on /opt/airflow/dags/silver_processing_dag.py
[2026-07-28T20:42:18.914+0000] {processor.py:830} INFO - Processing file /opt/airflow/dags/silver_processing_dag.py for tasks to queue
[2026-07-28T20:42:18.918+0000] {logging_mixin.py:188} INFO - [2026-07-28T20:42:18.917+0000] {dagbag.py:545} INFO - Filling up the DagBag from /opt/airflow/dags/silver_processing_dag.py
[2026-07-28T20:42:18.972+0000] {processor.py:840} INFO - DAG(s) 'process_silver_layer' retrieved from /opt/airflow/dags/silver_processing_dag.py
[2026-07-28T20:42:19.062+0000] {logging_mixin.py:188} INFO - [2026-07-28T20:42:19.061+0000] {dag.py:3096} INFO - Sync 1 DAGs
[2026-07-28T20:42:19.109+0000] {logging_mixin.py:188} INFO - [2026-07-28T20:42:19.108+0000] {dag.py:3954} INFO - Setting next_dagrun for process_silver_layer to None, run_after=None
[2026-07-28T20:42:19.188+0000] {processor.py:183} INFO - Processing /opt/airflow/dags/silver_processing_dag.py took 0.297 seconds
[2026-07-28T20:42:49.902+0000] {processor.py:161} INFO - Started process (PID=4498) to work on /opt/airflow/dags/silver_processing_dag.py
[2026-07-28T20:42:49.924+0000] {processor.py:830} INFO - Processing file /opt/airflow/dags/silver_processing_dag.py for tasks to queue
[2026-07-28T20:42:49.950+0000] {logging_mixin.py:188} INFO - [2026-07-28T20:42:49.940+0000] {dagbag.py:545} INFO - Filling up the DagBag from /opt/airflow/dags/silver_processing_dag.py
[2026-07-28T20:42:50.264+0000] {processor.py:840} INFO - DAG(s) 'process_silver_layer' retrieved from /opt/airflow/dags/silver_processing_dag.py
[2026-07-28T20:42:50.388+0000] {logging_mixin.py:188} INFO - [2026-07-28T20:42:50.387+0000] {dag.py:3096} INFO - Sync 1 DAGs
[2026-07-28T20:42:50.445+0000] {logging_mixin.py:188} INFO - [2026-07-28T20:42:50.444+0000] {dag.py:3954} INFO - Setting next_dagrun for process_silver_layer to None, run_after=None
[2026-07-28T20:42:50.518+0000] {processor.py:183} INFO - Processing /opt/airflow/dags/silver_processing_dag.py took 0.717 seconds
[2026-07-28T20:43:20.909+0000] {processor.py:161} INFO - Started process (PID=4515) to work on /opt/airflow/dags/silver_processing_dag.py
[2026-07-28T20:43:20.914+0000] {processor.py:830} INFO - Processing file /opt/airflow/dags/silver_processing_dag.py for tasks to queue
[2026-07-28T20:43:20.918+0000] {logging_mixin.py:188} INFO - [2026-07-28T20:43:20.917+0000] {dagbag.py:545} INFO - Filling up the DagBag from /opt/airflow/dags/silver_processing_dag.py
[2026-07-28T20:43:20.967+0000] {processor.py:840} INFO - DAG(s) 'process_silver_layer' retrieved from /opt/airflow/dags/silver_processing_dag.py
[2026-07-28T20:43:21.017+0000] {logging_mixin.py:188} INFO - [2026-07-28T20:43:21.016+0000] {dag.py:3096} INFO - Sync 1 DAGs
[2026-07-28T20:43:21.047+0000] {logging_mixin.py:188} INFO - [2026-07-28T20:43:21.046+0000] {dag.py:3954} INFO - Setting next_dagrun for process_silver_layer to None, run_after=None
[2026-07-28T20:43:21.090+0000] {processor.py:183} INFO - Processing /opt/airflow/dags/silver_processing_dag.py took 0.226 seconds
[2026-07-28T20:44:05.613+0000] {processor.py:161} INFO - Started process (PID=4528) to work on /opt/airflow/dags/silver_processing_dag.py
[2026-07-28T20:44:05.616+0000] {processor.py:830} INFO - Processing file /opt/airflow/dags/silver_processing_dag.py for tasks to queue
[2026-07-28T20:44:05.622+0000] {logging_mixin.py:188} INFO - [2026-07-28T20:44:05.620+0000] {dagbag.py:545} INFO - Filling up the DagBag from /opt/airflow/dags/silver_processing_dag.py
[2026-07-28T20:44:05.832+0000] {processor.py:840} INFO - DAG(s) 'process_silver_layer' retrieved from /opt/airflow/dags/silver_processing_dag.py
[2026-07-28T20:44:06.009+0000] {logging_mixin.py:188} INFO - [2026-07-28T20:44:06.008+0000] {dag.py:3096} INFO - Sync 1 DAGs
[2026-07-28T20:44:06.153+0000] {logging_mixin.py:188} INFO - [2026-07-28T20:44:06.153+0000] {dag.py:3954} INFO - Setting next_dagrun for process_silver_layer to None, run_after=None
[2026-07-28T20:44:06.251+0000] {processor.py:183} INFO - Processing /opt/airflow/dags/silver_processing_dag.py took 0.659 seconds
[2026-07-28T20:44:36.739+0000] {processor.py:161} INFO - Started process (PID=4543) to work on /opt/airflow/dags/silver_processing_dag.py
[2026-07-28T20:44:36.743+0000] {processor.py:830} INFO - Processing file /opt/airflow/dags/silver_processing_dag.py for tasks to queue
[2026-07-28T20:44:36.748+0000] {logging_mixin.py:188} INFO - [2026-07-28T20:44:36.747+0000] {dagbag.py:545} INFO - Filling up the DagBag from /opt/airflow/dags/silver_processing_dag.py
[2026-07-28T20:44:36.802+0000] {processor.py:840} INFO - DAG(s) 'process_silver_layer' retrieved from /opt/airflow/dags/silver_processing_dag.py
[2026-07-28T20:44:36.866+0000] {logging_mixin.py:188} INFO - [2026-07-28T20:44:36.866+0000] {dag.py:3096} INFO - Sync 1 DAGs
[2026-07-28T20:44:36.995+0000] {logging_mixin.py:188} INFO - [2026-07-28T20:44:36.994+0000] {dag.py:3954} INFO - Setting next_dagrun for process_silver_layer to None, run_after=None
[2026-07-28T20:44:37.051+0000] {processor.py:183} INFO - Processing /opt/airflow/dags/silver_processing_dag.py took 0.334 seconds
[2026-07-28T20:45:07.562+0000] {processor.py:161} INFO - Started process (PID=4558) to work on /opt/airflow/dags/silver_processing_dag.py
[2026-07-28T20:45:07.565+0000] {processor.py:830} INFO - Processing file /opt/airflow/dags/silver_processing_dag.py for tasks to queue
[2026-07-28T20:45:07.571+0000] {logging_mixin.py:188} INFO - [2026-07-28T20:45:07.569+0000] {dagbag.py:545} INFO - Filling up the DagBag from /opt/airflow/dags/silver_processing_dag.py
[2026-07-28T20:45:07.622+0000] {processor.py:840} INFO - DAG(s) 'process_silver_layer' retrieved from /opt/airflow/dags/silver_processing_dag.py
[2026-07-28T20:45:07.685+0000] {logging_mixin.py:188} INFO - [2026-07-28T20:45:07.685+0000] {dag.py:3096} INFO - Sync 1 DAGs
[2026-07-28T20:45:07.728+0000] {logging_mixin.py:188} INFO - [2026-07-28T20:45:07.728+0000] {dag.py:3954} INFO - Setting next_dagrun for process_silver_layer to None, run_after=None
[2026-07-28T20:45:07.779+0000] {processor.py:183} INFO - Processing /opt/airflow/dags/silver_processing_dag.py took 0.252 seconds
[2026-07-28T20:45:38.309+0000] {processor.py:161} INFO - Started process (PID=4573) to work on /opt/airflow/dags/silver_processing_dag.py
[2026-07-28T20:45:38.313+0000] {processor.py:830} INFO - Processing file /opt/airflow/dags/silver_processing_dag.py for tasks to queue
[2026-07-28T20:45:38.317+0000] {logging_mixin.py:188} INFO - [2026-07-28T20:45:38.317+0000] {dagbag.py:545} INFO - Filling up the DagBag from /opt/airflow/dags/silver_processing_dag.py
[2026-07-28T20:45:38.367+0000] {processor.py:840} INFO - DAG(s) 'process_silver_layer' retrieved from /opt/airflow/dags/silver_processing_dag.py
[2026-07-28T20:45:38.430+0000] {logging_mixin.py:188} INFO - [2026-07-28T20:45:38.430+0000] {dag.py:3096} INFO - Sync 1 DAGs
[2026-07-28T20:45:38.659+0000] {logging_mixin.py:188} INFO - [2026-07-28T20:45:38.658+0000] {dag.py:3954} INFO - Setting next_dagrun for process_silver_layer to None, run_after=None
[2026-07-28T20:45:38.726+0000] {processor.py:183} INFO - Processing /opt/airflow/dags/silver_processing_dag.py took 0.433 seconds
[2026-07-28T20:46:08.961+0000] {processor.py:161} INFO - Started process (PID=4588) to work on /opt/airflow/dags/silver_processing_dag.py
[2026-07-28T20:46:08.966+0000] {processor.py:830} INFO - Processing file /opt/airflow/dags/silver_processing_dag.py for tasks to queue
[2026-07-28T20:46:08.970+0000] {logging_mixin.py:188} INFO - [2026-07-28T20:46:08.969+0000] {dagbag.py:545} INFO - Filling up the DagBag from /opt/airflow/dags/silver_processing_dag.py
[2026-07-28T20:46:09.035+0000] {processor.py:840} INFO - DAG(s) 'process_silver_layer' retrieved from /opt/airflow/dags/silver_processing_dag.py
[2026-07-28T20:46:09.196+0000] {logging_mixin.py:188} INFO - [2026-07-28T20:46:09.195+0000] {dag.py:3096} INFO - Sync 1 DAGs
[2026-07-28T20:46:09.236+0000] {logging_mixin.py:188} INFO - [2026-07-28T20:46:09.236+0000] {dag.py:3954} INFO - Setting next_dagrun for process_silver_layer to None, run_after=None
[2026-07-28T20:46:09.284+0000] {processor.py:183} INFO - Processing /opt/airflow/dags/silver_processing_dag.py took 0.354 seconds
[2026-07-28T20:46:52.800+0000] {processor.py:161} INFO - Started process (PID=4603) to work on /opt/airflow/dags/silver_processing_dag.py
[2026-07-28T20:46:52.803+0000] {processor.py:830} INFO - Processing file /opt/airflow/dags/silver_processing_dag.py for tasks to queue
[2026-07-28T20:46:52.807+0000] {logging_mixin.py:188} INFO - [2026-07-28T20:46:52.806+0000] {dagbag.py:545} INFO - Filling up the DagBag from /opt/airflow/dags/silver_processing_dag.py
[2026-07-28T20:46:52.872+0000] {processor.py:840} INFO - DAG(s) 'process_silver_layer' retrieved from /opt/airflow/dags/silver_processing_dag.py
[2026-07-28T20:46:52.946+0000] {logging_mixin.py:188} INFO - [2026-07-28T20:46:52.946+0000] {dag.py:3096} INFO - Sync 1 DAGs
[2026-07-28T20:46:52.989+0000] {logging_mixin.py:188} INFO - [2026-07-28T20:46:52.988+0000] {dag.py:3954} INFO - Setting next_dagrun for process_silver_layer to None, run_after=None
[2026-07-28T20:46:53.057+0000] {processor.py:183} INFO - Processing /opt/airflow/dags/silver_processing_dag.py took 0.284 seconds
[2026-07-28T20:47:23.858+0000] {processor.py:161} INFO - Started process (PID=4618) to work on /opt/airflow/dags/silver_processing_dag.py
[2026-07-28T20:47:23.866+0000] {processor.py:830} INFO - Processing file /opt/airflow/dags/silver_processing_dag.py for tasks to queue
[2026-07-28T20:47:23.873+0000] {logging_mixin.py:188} INFO - [2026-07-28T20:47:23.871+0000] {dagbag.py:545} INFO - Filling up the DagBag from /opt/airflow/dags/silver_processing_dag.py
[2026-07-28T20:47:23.952+0000] {processor.py:840} INFO - DAG(s) 'process_silver_layer' retrieved from /opt/airflow/dags/silver_processing_dag.py
[2026-07-28T20:47:24.033+0000] {logging_mixin.py:188} INFO - [2026-07-28T20:47:24.028+0000] {dag.py:3096} INFO - Sync 1 DAGs
[2026-07-28T20:47:24.101+0000] {logging_mixin.py:188} INFO - [2026-07-28T20:47:24.100+0000] {dag.py:3954} INFO - Setting next_dagrun for process_silver_layer to None, run_after=None
[2026-07-28T20:47:24.207+0000] {processor.py:183} INFO - Processing /opt/airflow/dags/silver_processing_dag.py took 0.373 seconds
[2026-07-28T20:48:09.915+0000] {processor.py:161} INFO - Started process (PID=4633) to work on /opt/airflow/dags/silver_processing_dag.py
[2026-07-28T20:48:09.919+0000] {processor.py:830} INFO - Processing file /opt/airflow/dags/silver_processing_dag.py for tasks to queue
[2026-07-28T20:48:09.923+0000] {logging_mixin.py:188} INFO - [2026-07-28T20:48:09.922+0000] {dagbag.py:545} INFO - Filling up the DagBag from /opt/airflow/dags/silver_processing_dag.py
[2026-07-28T20:48:10.071+0000] {processor.py:840} INFO - DAG(s) 'process_silver_layer' retrieved from /opt/airflow/dags/silver_processing_dag.py
[2026-07-28T20:48:10.246+0000] {logging_mixin.py:188} INFO - [2026-07-28T20:48:10.245+0000] {dag.py:3096} INFO - Sync 1 DAGs
[2026-07-28T20:48:10.344+0000] {logging_mixin.py:188} INFO - [2026-07-28T20:48:10.343+0000] {dag.py:3954} INFO - Setting next_dagrun for process_silver_layer to None, run_after=None
[2026-07-28T20:48:10.588+0000] {processor.py:183} INFO - Processing /opt/airflow/dags/silver_processing_dag.py took 0.699 seconds
[2026-07-28T20:48:41.485+0000] {processor.py:161} INFO - Started process (PID=4648) to work on /opt/airflow/dags/silver_processing_dag.py
[2026-07-28T20:48:41.488+0000] {processor.py:830} INFO - Processing file /opt/airflow/dags/silver_processing_dag.py for tasks to queue
[2026-07-28T20:48:41.492+0000] {logging_mixin.py:188} INFO - [2026-07-28T20:48:41.491+0000] {dagbag.py:545} INFO - Filling up the DagBag from /opt/airflow/dags/silver_processing_dag.py
[2026-07-28T20:48:41.551+0000] {processor.py:840} INFO - DAG(s) 'process_silver_layer' retrieved from /opt/airflow/dags/silver_processing_dag.py
[2026-07-28T20:48:41.624+0000] {logging_mixin.py:188} INFO - [2026-07-28T20:48:41.623+0000] {dag.py:3096} INFO - Sync 1 DAGs
[2026-07-28T20:48:41.664+0000] {logging_mixin.py:188} INFO - [2026-07-28T20:48:41.663+0000] {dag.py:3954} INFO - Setting next_dagrun for process_silver_layer to None, run_after=None
[2026-07-28T20:48:41.719+0000] {processor.py:183} INFO - Processing /opt/airflow/dags/silver_processing_dag.py took 0.253 seconds
[2026-07-28T20:49:12.039+0000] {processor.py:161} INFO - Started process (PID=4663) to work on /opt/airflow/dags/silver_processing_dag.py
[2026-07-28T20:49:12.043+0000] {processor.py:830} INFO - Processing file /opt/airflow/dags/silver_processing_dag.py for tasks to queue
[2026-07-28T20:49:12.048+0000] {logging_mixin.py:188} INFO - [2026-07-28T20:49:12.046+0000] {dagbag.py:545} INFO - Filling up the DagBag from /opt/airflow/dags/silver_processing_dag.py
[2026-07-28T20:49:12.117+0000] {processor.py:840} INFO - DAG(s) 'process_silver_layer' retrieved from /opt/airflow/dags/silver_processing_dag.py
[2026-07-28T20:49:12.294+0000] {logging_mixin.py:188} INFO - [2026-07-28T20:49:12.293+0000] {dag.py:3096} INFO - Sync 1 DAGs
[2026-07-28T20:49:12.432+0000] {logging_mixin.py:188} INFO - [2026-07-28T20:49:12.431+0000] {dag.py:3954} INFO - Setting next_dagrun for process_silver_layer to None, run_after=None
[2026-07-28T20:49:12.571+0000] {processor.py:183} INFO - Processing /opt/airflow/dags/silver_processing_dag.py took 0.589 seconds
[2026-07-28T20:49:43.197+0000] {processor.py:161} INFO - Started process (PID=4678) to work on /opt/airflow/dags/silver_processing_dag.py
[2026-07-28T20:49:43.200+0000] {processor.py:830} INFO - Processing file /opt/airflow/dags/silver_processing_dag.py for tasks to queue
[2026-07-28T20:49:43.205+0000] {logging_mixin.py:188} INFO - [2026-07-28T20:49:43.204+0000] {dagbag.py:545} INFO - Filling up the DagBag from /opt/airflow/dags/silver_processing_dag.py
[2026-07-28T20:49:43.264+0000] {processor.py:840} INFO - DAG(s) 'process_silver_layer' retrieved from /opt/airflow/dags/silver_processing_dag.py
[2026-07-28T20:49:43.385+0000] {logging_mixin.py:188} INFO - [2026-07-28T20:49:43.384+0000] {dag.py:3096} INFO - Sync 1 DAGs
[2026-07-28T20:49:43.454+0000] {logging_mixin.py:188} INFO - [2026-07-28T20:49:43.454+0000] {dag.py:3954} INFO - Setting next_dagrun for process_silver_layer to None, run_after=None
[2026-07-28T20:49:43.516+0000] {processor.py:183} INFO - Processing /opt/airflow/dags/silver_processing_dag.py took 0.340 seconds
[2026-07-28T20:50:13.855+0000] {processor.py:161} INFO - Started process (PID=4693) to work on /opt/airflow/dags/silver_processing_dag.py
[2026-07-28T20:50:13.862+0000] {processor.py:830} INFO - Processing file /opt/airflow/dags/silver_processing_dag.py for tasks to queue
[2026-07-28T20:50:13.866+0000] {logging_mixin.py:188} INFO - [2026-07-28T20:50:13.865+0000] {dagbag.py:545} INFO - Filling up the DagBag from /opt/airflow/dags/silver_processing_dag.py
[2026-07-28T20:50:13.928+0000] {processor.py:840} INFO - DAG(s) 'process_silver_layer' retrieved from /opt/airflow/dags/silver_processing_dag.py
[2026-07-28T20:50:13.996+0000] {logging_mixin.py:188} INFO - [2026-07-28T20:50:13.996+0000] {dag.py:3096} INFO - Sync 1 DAGs
[2026-07-28T20:50:14.035+0000] {logging_mixin.py:188} INFO - [2026-07-28T20:50:14.035+0000] {dag.py:3954} INFO - Setting next_dagrun for process_silver_layer to None, run_after=None
[2026-07-28T20:50:14.085+0000] {processor.py:183} INFO - Processing /opt/airflow/dags/silver_processing_dag.py took 0.253 seconds
[2026-07-28T20:50:44.576+0000] {processor.py:161} INFO - Started process (PID=4708) to work on /opt/airflow/dags/silver_processing_dag.py
[2026-07-28T20:50:44.579+0000] {processor.py:830} INFO - Processing file /opt/airflow/dags/silver_processing_dag.py for tasks to queue
[2026-07-28T20:50:44.583+0000] {logging_mixin.py:188} INFO - [2026-07-28T20:50:44.582+0000] {dagbag.py:545} INFO - Filling up the DagBag from /opt/airflow/dags/silver_processing_dag.py
[2026-07-28T20:50:44.638+0000] {processor.py:840} INFO - DAG(s) 'process_silver_layer' retrieved from /opt/airflow/dags/silver_processing_dag.py
[2026-07-28T20:50:44.702+0000] {logging_mixin.py:188} INFO - [2026-07-28T20:50:44.702+0000] {dag.py:3096} INFO - Sync 1 DAGs
[2026-07-28T20:50:44.739+0000] {logging_mixin.py:188} INFO - [2026-07-28T20:50:44.739+0000] {dag.py:3954} INFO - Setting next_dagrun for process_silver_layer to None, run_after=None
[2026-07-28T20:50:45.026+0000] {processor.py:183} INFO - Processing /opt/airflow/dags/silver_processing_dag.py took 0.471 seconds
[2026-07-28T20:51:15.380+0000] {processor.py:161} INFO - Started process (PID=4725) to work on /opt/airflow/dags/silver_processing_dag.py
[2026-07-28T20:51:15.383+0000] {processor.py:830} INFO - Processing file /opt/airflow/dags/silver_processing_dag.py for tasks to queue
[2026-07-28T20:51:15.387+0000] {logging_mixin.py:188} INFO - [2026-07-28T20:51:15.386+0000] {dagbag.py:545} INFO - Filling up the DagBag from /opt/airflow/dags/silver_processing_dag.py
[2026-07-28T20:51:15.441+0000] {processor.py:840} INFO - DAG(s) 'process_silver_layer' retrieved from /opt/airflow/dags/silver_processing_dag.py
[2026-07-28T20:51:15.506+0000] {logging_mixin.py:188} INFO - [2026-07-28T20:51:15.505+0000] {dag.py:3096} INFO - Sync 1 DAGs
[2026-07-28T20:51:15.533+0000] {logging_mixin.py:188} INFO - [2026-07-28T20:51:15.532+0000] {dag.py:3954} INFO - Setting next_dagrun for process_silver_layer to None, run_after=None
[2026-07-28T20:51:15.586+0000] {processor.py:183} INFO - Processing /opt/airflow/dags/silver_processing_dag.py took 0.232 seconds
[2026-07-28T20:51:46.071+0000] {processor.py:161} INFO - Started process (PID=4738) to work on /opt/airflow/dags/silver_processing_dag.py
[2026-07-28T20:51:46.074+0000] {processor.py:830} INFO - Processing file /opt/airflow/dags/silver_processing_dag.py for tasks to queue
[2026-07-28T20:51:46.083+0000] {logging_mixin.py:188} INFO - [2026-07-28T20:51:46.082+0000] {dagbag.py:545} INFO - Filling up the DagBag from /opt/airflow/dags/silver_processing_dag.py
[2026-07-28T20:51:46.135+0000] {processor.py:840} INFO - DAG(s) 'process_silver_layer' retrieved from /opt/airflow/dags/silver_processing_dag.py
[2026-07-28T20:51:46.201+0000] {logging_mixin.py:188} INFO - [2026-07-28T20:51:46.200+0000] {dag.py:3096} INFO - Sync 1 DAGs
[2026-07-28T20:51:46.240+0000] {logging_mixin.py:188} INFO - [2026-07-28T20:51:46.240+0000] {dag.py:3954} INFO - Setting next_dagrun for process_silver_layer to None, run_after=None
[2026-07-28T20:51:46.292+0000] {processor.py:183} INFO - Processing /opt/airflow/dags/silver_processing_dag.py took 0.237 seconds
[2026-07-28T20:52:16.586+0000] {processor.py:161} INFO - Started process (PID=4753) to work on /opt/airflow/dags/silver_processing_dag.py
[2026-07-28T20:52:16.772+0000] {processor.py:830} INFO - Processing file /opt/airflow/dags/silver_processing_dag.py for tasks to queue
[2026-07-28T20:52:16.776+0000] {logging_mixin.py:188} INFO - [2026-07-28T20:52:16.775+0000] {dagbag.py:545} INFO - Filling up the DagBag from /opt/airflow/dags/silver_processing_dag.py
[2026-07-28T20:52:16.882+0000] {processor.py:840} INFO - DAG(s) 'process_silver_layer' retrieved from /opt/airflow/dags/silver_processing_dag.py
[2026-07-28T20:52:17.004+0000] {logging_mixin.py:188} INFO - [2026-07-28T20:52:17.004+0000] {dag.py:3096} INFO - Sync 1 DAGs
[2026-07-28T20:52:17.102+0000] {logging_mixin.py:188} INFO - [2026-07-28T20:52:17.101+0000] {dag.py:3954} INFO - Setting next_dagrun for process_silver_layer to None, run_after=None
[2026-07-28T20:52:17.219+0000] {processor.py:183} INFO - Processing /opt/airflow/dags/silver_processing_dag.py took 0.654 seconds
[2026-07-28T20:52:47.495+0000] {processor.py:161} INFO - Started process (PID=4768) to work on /opt/airflow/dags/silver_processing_dag.py
[2026-07-28T20:52:47.499+0000] {processor.py:830} INFO - Processing file /opt/airflow/dags/silver_processing_dag.py for tasks to queue
[2026-07-28T20:52:47.505+0000] {logging_mixin.py:188} INFO - [2026-07-28T20:52:47.503+0000] {dagbag.py:545} INFO - Filling up the DagBag from /opt/airflow/dags/silver_processing_dag.py
[2026-07-28T20:52:47.576+0000] {processor.py:840} INFO - DAG(s) 'process_silver_layer' retrieved from /opt/airflow/dags/silver_processing_dag.py
[2026-07-28T20:52:47.662+0000] {logging_mixin.py:188} INFO - [2026-07-28T20:52:47.661+0000] {dag.py:3096} INFO - Sync 1 DAGs
[2026-07-28T20:52:47.698+0000] {logging_mixin.py:188} INFO - [2026-07-28T20:52:47.698+0000] {dag.py:3954} INFO - Setting next_dagrun for process_silver_layer to None, run_after=None
[2026-07-28T20:52:49.259+0000] {processor.py:183} INFO - Processing /opt/airflow/dags/silver_processing_dag.py took 1.785 seconds
[2026-07-28T20:53:19.898+0000] {processor.py:161} INFO - Started process (PID=4785) to work on /opt/airflow/dags/silver_processing_dag.py
[2026-07-28T20:53:19.900+0000] {processor.py:830} INFO - Processing file /opt/airflow/dags/silver_processing_dag.py for tasks to queue
[2026-07-28T20:53:19.906+0000] {logging_mixin.py:188} INFO - [2026-07-28T20:53:19.905+0000] {dagbag.py:545} INFO - Filling up the DagBag from /opt/airflow/dags/silver_processing_dag.py
[2026-07-28T20:53:19.947+0000] {processor.py:840} INFO - DAG(s) 'process_silver_layer' retrieved from /opt/airflow/dags/silver_processing_dag.py
[2026-07-28T20:53:19.994+0000] {logging_mixin.py:188} INFO - [2026-07-28T20:53:19.993+0000] {dag.py:3096} INFO - Sync 1 DAGs
[2026-07-28T20:53:20.023+0000] {logging_mixin.py:188} INFO - [2026-07-28T20:53:20.023+0000] {dag.py:3954} INFO - Setting next_dagrun for process_silver_layer to None, run_after=None
[2026-07-28T20:53:20.065+0000] {processor.py:183} INFO - Processing /opt/airflow/dags/silver_processing_dag.py took 0.178 seconds
[2026-07-28T20:53:50.779+0000] {processor.py:161} INFO - Started process (PID=4800) to work on /opt/airflow/dags/silver_processing_dag.py
[2026-07-28T20:53:50.783+0000] {processor.py:830} INFO - Processing file /opt/airflow/dags/silver_processing_dag.py for tasks to queue
[2026-07-28T20:53:50.790+0000] {logging_mixin.py:188} INFO - [2026-07-28T20:53:50.788+0000] {dagbag.py:545} INFO - Filling up the DagBag from /opt/airflow/dags/silver_processing_dag.py
[2026-07-28T20:53:50.872+0000] {processor.py:840} INFO - DAG(s) 'process_silver_layer' retrieved from /opt/airflow/dags/silver_processing_dag.py
[2026-07-28T20:53:50.952+0000] {logging_mixin.py:188} INFO - [2026-07-28T20:53:50.951+0000] {dag.py:3096} INFO - Sync 1 DAGs
[2026-07-28T20:53:50.998+0000] {logging_mixin.py:188} INFO - [2026-07-28T20:53:50.997+0000] {dag.py:3954} INFO - Setting next_dagrun for process_silver_layer to None, run_after=None
[2026-07-28T20:53:51.086+0000] {processor.py:183} INFO - Processing /opt/airflow/dags/silver_processing_dag.py took 0.333 seconds
[2026-07-28T20:54:21.300+0000] {processor.py:161} INFO - Started process (PID=4815) to work on /opt/airflow/dags/silver_processing_dag.py
[2026-07-28T20:54:21.303+0000] {processor.py:830} INFO - Processing file /opt/airflow/dags/silver_processing_dag.py for tasks to queue
[2026-07-28T20:54:21.312+0000] {logging_mixin.py:188} INFO - [2026-07-28T20:54:21.307+0000] {dagbag.py:545} INFO - Filling up the DagBag from /opt/airflow/dags/silver_processing_dag.py
[2026-07-28T20:54:21.382+0000] {processor.py:840} INFO - DAG(s) 'process_silver_layer' retrieved from /opt/airflow/dags/silver_processing_dag.py
[2026-07-28T20:54:21.439+0000] {logging_mixin.py:188} INFO - [2026-07-28T20:54:21.439+0000] {dag.py:3096} INFO - Sync 1 DAGs
[2026-07-28T20:54:21.475+0000] {logging_mixin.py:188} INFO - [2026-07-28T20:54:21.475+0000] {dag.py:3954} INFO - Setting next_dagrun for process_silver_layer to None, run_after=None
[2026-07-28T20:54:21.623+0000] {processor.py:183} INFO - Processing /opt/airflow/dags/silver_processing_dag.py took 0.365 seconds
[2026-07-28T20:54:51.988+0000] {processor.py:161} INFO - Started process (PID=4830) to work on /opt/airflow/dags/silver_processing_dag.py
[2026-07-28T20:54:51.991+0000] {processor.py:830} INFO - Processing file /opt/airflow/dags/silver_processing_dag.py for tasks to queue
[2026-07-28T20:54:51.995+0000] {logging_mixin.py:188} INFO - [2026-07-28T20:54:51.994+0000] {dagbag.py:545} INFO - Filling up the DagBag from /opt/airflow/dags/silver_processing_dag.py
[2026-07-28T20:54:52.044+0000] {processor.py:840} INFO - DAG(s) 'process_silver_layer' retrieved from /opt/airflow/dags/silver_processing_dag.py
[2026-07-28T20:54:52.099+0000] {logging_mixin.py:188} INFO - [2026-07-28T20:54:52.099+0000] {dag.py:3096} INFO - Sync 1 DAGs
[2026-07-28T20:54:52.125+0000] {logging_mixin.py:188} INFO - [2026-07-28T20:54:52.125+0000] {dag.py:3954} INFO - Setting next_dagrun for process_silver_layer to None, run_after=None
[2026-07-28T20:54:52.173+0000] {processor.py:183} INFO - Processing /opt/airflow/dags/silver_processing_dag.py took 0.199 seconds
[2026-07-28T20:55:22.498+0000] {processor.py:161} INFO - Started process (PID=4845) to work on /opt/airflow/dags/silver_processing_dag.py
[2026-07-28T20:55:22.502+0000] {processor.py:830} INFO - Processing file /opt/airflow/dags/silver_processing_dag.py for tasks to queue
[2026-07-28T20:55:22.506+0000] {logging_mixin.py:188} INFO - [2026-07-28T20:55:22.505+0000] {dagbag.py:545} INFO - Filling up the DagBag from /opt/airflow/dags/silver_processing_dag.py
[2026-07-28T20:55:22.548+0000] {processor.py:840} INFO - DAG(s) 'process_silver_layer' retrieved from /opt/airflow/dags/silver_processing_dag.py
[2026-07-28T20:55:22.599+0000] {logging_mixin.py:188} INFO - [2026-07-28T20:55:22.599+0000] {dag.py:3096} INFO - Sync 1 DAGs
[2026-07-28T20:55:22.627+0000] {logging_mixin.py:188} INFO - [2026-07-28T20:55:22.627+0000] {dag.py:3954} INFO - Setting next_dagrun for process_silver_layer to None, run_after=None
[2026-07-28T20:55:22.675+0000] {processor.py:183} INFO - Processing /opt/airflow/dags/silver_processing_dag.py took 0.197 seconds
[2026-07-28T20:55:53.207+0000] {processor.py:161} INFO - Started process (PID=4860) to work on /opt/airflow/dags/silver_processing_dag.py
[2026-07-28T20:55:53.210+0000] {processor.py:830} INFO - Processing file /opt/airflow/dags/silver_processing_dag.py for tasks to queue
[2026-07-28T20:55:53.214+0000] {logging_mixin.py:188} INFO - [2026-07-28T20:55:53.213+0000] {dagbag.py:545} INFO - Filling up the DagBag from /opt/airflow/dags/silver_processing_dag.py
[2026-07-28T20:55:53.251+0000] {processor.py:840} INFO - DAG(s) 'process_silver_layer' retrieved from /opt/airflow/dags/silver_processing_dag.py
[2026-07-28T20:55:53.298+0000] {logging_mixin.py:188} INFO - [2026-07-28T20:55:53.298+0000] {dag.py:3096} INFO - Sync 1 DAGs
[2026-07-28T20:55:53.330+0000] {logging_mixin.py:188} INFO - [2026-07-28T20:55:53.330+0000] {dag.py:3954} INFO - Setting next_dagrun for process_silver_layer to None, run_after=None
[2026-07-28T20:55:53.381+0000] {processor.py:183} INFO - Processing /opt/airflow/dags/silver_processing_dag.py took 0.186 seconds
[2026-07-28T20:56:23.606+0000] {processor.py:161} INFO - Started process (PID=4873) to work on /opt/airflow/dags/silver_processing_dag.py
[2026-07-28T20:56:23.611+0000] {processor.py:830} INFO - Processing file /opt/airflow/dags/silver_processing_dag.py for tasks to queue
[2026-07-28T20:56:23.619+0000] {logging_mixin.py:188} INFO - [2026-07-28T20:56:23.618+0000] {dagbag.py:545} INFO - Filling up the DagBag from /opt/airflow/dags/silver_processing_dag.py
[2026-07-28T20:56:23.683+0000] {processor.py:840} INFO - DAG(s) 'process_silver_layer' retrieved from /opt/airflow/dags/silver_processing_dag.py
[2026-07-28T20:56:23.729+0000] {logging_mixin.py:188} INFO - [2026-07-28T20:56:23.729+0000] {dag.py:3096} INFO - Sync 1 DAGs
[2026-07-28T20:56:23.763+0000] {logging_mixin.py:188} INFO - [2026-07-28T20:56:23.762+0000] {dag.py:3954} INFO - Setting next_dagrun for process_silver_layer to None, run_after=None
[2026-07-28T20:56:25.105+0000] {processor.py:183} INFO - Processing /opt/airflow/dags/silver_processing_dag.py took 1.518 seconds
[2026-07-28T20:56:56.008+0000] {processor.py:161} INFO - Started process (PID=4890) to work on /opt/airflow/dags/silver_processing_dag.py
[2026-07-28T20:56:56.011+0000] {processor.py:830} INFO - Processing file /opt/airflow/dags/silver_processing_dag.py for tasks to queue
[2026-07-28T20:56:56.015+0000] {logging_mixin.py:188} INFO - [2026-07-28T20:56:56.014+0000] {dagbag.py:545} INFO - Filling up the DagBag from /opt/airflow/dags/silver_processing_dag.py
[2026-07-28T20:56:56.078+0000] {processor.py:840} INFO - DAG(s) 'process_silver_layer' retrieved from /opt/airflow/dags/silver_processing_dag.py
[2026-07-28T20:56:56.153+0000] {logging_mixin.py:188} INFO - [2026-07-28T20:56:56.153+0000] {dag.py:3096} INFO - Sync 1 DAGs
[2026-07-28T20:56:56.211+0000] {logging_mixin.py:188} INFO - [2026-07-28T20:56:56.210+0000] {dag.py:3954} INFO - Setting next_dagrun for process_silver_layer to None, run_after=None
[2026-07-28T20:56:56.661+0000] {processor.py:183} INFO - Processing /opt/airflow/dags/silver_processing_dag.py took 0.673 seconds
[2026-07-28T20:57:27.278+0000] {processor.py:161} INFO - Started process (PID=4905) to work on /opt/airflow/dags/silver_processing_dag.py
[2026-07-28T20:57:27.284+0000] {processor.py:830} INFO - Processing file /opt/airflow/dags/silver_processing_dag.py for tasks to queue
[2026-07-28T20:57:27.290+0000] {logging_mixin.py:188} INFO - [2026-07-28T20:57:27.288+0000] {dagbag.py:545} INFO - Filling up the DagBag from /opt/airflow/dags/silver_processing_dag.py
[2026-07-28T20:57:27.363+0000] {processor.py:840} INFO - DAG(s) 'process_silver_layer' retrieved from /opt/airflow/dags/silver_processing_dag.py
[2026-07-28T20:57:27.430+0000] {logging_mixin.py:188} INFO - [2026-07-28T20:57:27.429+0000] {dag.py:3096} INFO - Sync 1 DAGs
[2026-07-28T20:57:27.467+0000] {logging_mixin.py:188} INFO - [2026-07-28T20:57:27.467+0000] {dag.py:3954} INFO - Setting next_dagrun for process_silver_layer to None, run_after=None
[2026-07-28T20:57:28.282+0000] {processor.py:183} INFO - Processing /opt/airflow/dags/silver_processing_dag.py took 1.048 seconds
[2026-07-28T20:57:58.728+0000] {processor.py:161} INFO - Started process (PID=4920) to work on /opt/airflow/dags/silver_processing_dag.py
[2026-07-28T20:57:58.741+0000] {processor.py:830} INFO - Processing file /opt/airflow/dags/silver_processing_dag.py for tasks to queue
[2026-07-28T20:57:58.746+0000] {logging_mixin.py:188} INFO - [2026-07-28T20:57:58.744+0000] {dagbag.py:545} INFO - Filling up the DagBag from /opt/airflow/dags/silver_processing_dag.py
[2026-07-28T20:57:58.873+0000] {processor.py:840} INFO - DAG(s) 'process_silver_layer' retrieved from /opt/airflow/dags/silver_processing_dag.py
[2026-07-28T20:57:58.962+0000] {logging_mixin.py:188} INFO - [2026-07-28T20:57:58.961+0000] {dag.py:3096} INFO - Sync 1 DAGs
[2026-07-28T20:57:59.015+0000] {logging_mixin.py:188} INFO - [2026-07-28T20:57:59.013+0000] {dag.py:3954} INFO - Setting next_dagrun for process_silver_layer to None, run_after=None
[2026-07-28T20:57:59.112+0000] {processor.py:183} INFO - Processing /opt/airflow/dags/silver_processing_dag.py took 0.419 seconds
[2026-07-28T20:58:29.483+0000] {processor.py:161} INFO - Started process (PID=4935) to work on /opt/airflow/dags/silver_processing_dag.py
[2026-07-28T20:58:29.486+0000] {processor.py:830} INFO - Processing file /opt/airflow/dags/silver_processing_dag.py for tasks to queue
[2026-07-28T20:58:29.490+0000] {logging_mixin.py:188} INFO - [2026-07-28T20:58:29.489+0000] {dagbag.py:545} INFO - Filling up the DagBag from /opt/airflow/dags/silver_processing_dag.py
[2026-07-28T20:58:29.539+0000] {processor.py:840} INFO - DAG(s) 'process_silver_layer' retrieved from /opt/airflow/dags/silver_processing_dag.py
[2026-07-28T20:58:29.604+0000] {logging_mixin.py:188} INFO - [2026-07-28T20:58:29.603+0000] {dag.py:3096} INFO - Sync 1 DAGs
[2026-07-28T20:58:29.634+0000] {logging_mixin.py:188} INFO - [2026-07-28T20:58:29.633+0000] {dag.py:3954} INFO - Setting next_dagrun for process_silver_layer to None, run_after=None
[2026-07-28T20:58:29.680+0000] {processor.py:183} INFO - Processing /opt/airflow/dags/silver_processing_dag.py took 0.218 seconds
[2026-07-28T20:58:59.975+0000] {processor.py:161} INFO - Started process (PID=4950) to work on /opt/airflow/dags/silver_processing_dag.py
[2026-07-28T20:58:59.981+0000] {processor.py:830} INFO - Processing file /opt/airflow/dags/silver_processing_dag.py for tasks to queue
[2026-07-28T20:58:59.989+0000] {logging_mixin.py:188} INFO - [2026-07-28T20:58:59.988+0000] {dagbag.py:545} INFO - Filling up the DagBag from /opt/airflow/dags/silver_processing_dag.py
[2026-07-28T20:59:00.059+0000] {processor.py:840} INFO - DAG(s) 'process_silver_layer' retrieved from /opt/airflow/dags/silver_processing_dag.py
[2026-07-28T20:59:00.141+0000] {logging_mixin.py:188} INFO - [2026-07-28T20:59:00.141+0000] {dag.py:3096} INFO - Sync 1 DAGs
[2026-07-28T20:59:00.209+0000] {logging_mixin.py:188} INFO - [2026-07-28T20:59:00.208+0000] {dag.py:3954} INFO - Setting next_dagrun for process_silver_layer to None, run_after=None
[2026-07-28T20:59:00.311+0000] {processor.py:183} INFO - Processing /opt/airflow/dags/silver_processing_dag.py took 0.356 seconds
[2026-07-28T20:59:31.086+0000] {processor.py:161} INFO - Started process (PID=4965) to work on /opt/airflow/dags/silver_processing_dag.py
[2026-07-28T20:59:31.098+0000] {processor.py:830} INFO - Processing file /opt/airflow/dags/silver_processing_dag.py for tasks to queue
[2026-07-28T20:59:31.106+0000] {logging_mixin.py:188} INFO - [2026-07-28T20:59:31.105+0000] {dagbag.py:545} INFO - Filling up the DagBag from /opt/airflow/dags/silver_processing_dag.py
[2026-07-28T20:59:31.186+0000] {processor.py:840} INFO - DAG(s) 'process_silver_layer' retrieved from /opt/airflow/dags/silver_processing_dag.py
[2026-07-28T20:59:31.250+0000] {logging_mixin.py:188} INFO - [2026-07-28T20:59:31.250+0000] {dag.py:3096} INFO - Sync 1 DAGs
[2026-07-28T20:59:31.289+0000] {logging_mixin.py:188} INFO - [2026-07-28T20:59:31.288+0000] {dag.py:3954} INFO - Setting next_dagrun for process_silver_layer to None, run_after=None
[2026-07-28T20:59:31.338+0000] {processor.py:183} INFO - Processing /opt/airflow/dags/silver_processing_dag.py took 0.286 seconds
[2026-07-28T21:00:01.877+0000] {processor.py:161} INFO - Started process (PID=4982) to work on /opt/airflow/dags/silver_processing_dag.py
[2026-07-28T21:00:01.883+0000] {processor.py:830} INFO - Processing file /opt/airflow/dags/silver_processing_dag.py for tasks to queue
[2026-07-28T21:00:01.889+0000] {logging_mixin.py:188} INFO - [2026-07-28T21:00:01.887+0000] {dagbag.py:545} INFO - Filling up the DagBag from /opt/airflow/dags/silver_processing_dag.py
[2026-07-28T21:00:02.004+0000] {processor.py:840} INFO - DAG(s) 'process_silver_layer' retrieved from /opt/airflow/dags/silver_processing_dag.py
[2026-07-28T21:00:02.102+0000] {logging_mixin.py:188} INFO - [2026-07-28T21:00:02.102+0000] {dag.py:3096} INFO - Sync 1 DAGs
[2026-07-28T21:00:02.156+0000] {logging_mixin.py:188} INFO - [2026-07-28T21:00:02.155+0000] {dag.py:3954} INFO - Setting next_dagrun for process_silver_layer to None, run_after=None
[2026-07-28T21:00:02.303+0000] {processor.py:183} INFO - Processing /opt/airflow/dags/silver_processing_dag.py took 0.459 seconds
[2026-07-28T21:00:38.758+0000] {processor.py:161} INFO - Started process (PID=4997) to work on /opt/airflow/dags/silver_processing_dag.py
[2026-07-28T21:00:38.764+0000] {processor.py:830} INFO - Processing file /opt/airflow/dags/silver_processing_dag.py for tasks to queue
[2026-07-28T21:00:38.768+0000] {logging_mixin.py:188} INFO - [2026-07-28T21:00:38.767+0000] {dagbag.py:545} INFO - Filling up the DagBag from /opt/airflow/dags/silver_processing_dag.py
[2026-07-28T21:00:38.834+0000] {processor.py:840} INFO - DAG(s) 'process_silver_layer' retrieved from /opt/airflow/dags/silver_processing_dag.py
[2026-07-28T21:00:38.931+0000] {logging_mixin.py:188} INFO - [2026-07-28T21:00:38.930+0000] {dag.py:3096} INFO - Sync 1 DAGs
[2026-07-28T21:00:38.997+0000] {logging_mixin.py:188} INFO - [2026-07-28T21:00:38.997+0000] {dag.py:3954} INFO - Setting next_dagrun for process_silver_layer to None, run_after=None
[2026-07-28T21:00:39.076+0000] {processor.py:183} INFO - Processing /opt/airflow/dags/silver_processing_dag.py took 0.339 seconds
[2026-07-28T21:01:09.715+0000] {processor.py:161} INFO - Started process (PID=5019) to work on /opt/airflow/dags/silver_processing_dag.py
[2026-07-28T21:01:09.718+0000] {processor.py:830} INFO - Processing file /opt/airflow/dags/silver_processing_dag.py for tasks to queue
[2026-07-28T21:01:09.725+0000] {logging_mixin.py:188} INFO - [2026-07-28T21:01:09.723+0000] {dagbag.py:545} INFO - Filling up the DagBag from /opt/airflow/dags/silver_processing_dag.py
[2026-07-28T21:01:09.799+0000] {processor.py:840} INFO - DAG(s) 'process_silver_layer' retrieved from /opt/airflow/dags/silver_processing_dag.py
[2026-07-28T21:01:09.875+0000] {logging_mixin.py:188} INFO - [2026-07-28T21:01:09.874+0000] {dag.py:3096} INFO - Sync 1 DAGs
[2026-07-28T21:01:09.918+0000] {logging_mixin.py:188} INFO - [2026-07-28T21:01:09.917+0000] {dag.py:3954} INFO - Setting next_dagrun for process_silver_layer to None, run_after=None
[2026-07-28T21:01:10.375+0000] {processor.py:183} INFO - Processing /opt/airflow/dags/silver_processing_dag.py took 0.683 seconds
[2026-07-28T21:01:40.740+0000] {processor.py:161} INFO - Started process (PID=5150) to work on /opt/airflow/dags/silver_processing_dag.py
[2026-07-28T21:01:40.750+0000] {processor.py:830} INFO - Processing file /opt/airflow/dags/silver_processing_dag.py for tasks to queue
[2026-07-28T21:01:40.767+0000] {logging_mixin.py:188} INFO - [2026-07-28T21:01:40.766+0000] {dagbag.py:545} INFO - Filling up the DagBag from /opt/airflow/dags/silver_processing_dag.py
[2026-07-28T21:01:41.010+0000] {processor.py:840} INFO - DAG(s) 'process_silver_layer' retrieved from /opt/airflow/dags/silver_processing_dag.py
[2026-07-28T21:01:41.116+0000] {logging_mixin.py:188} INFO - [2026-07-28T21:01:41.115+0000] {dag.py:3096} INFO - Sync 1 DAGs
[2026-07-28T21:01:41.162+0000] {logging_mixin.py:188} INFO - [2026-07-28T21:01:41.162+0000] {dag.py:3954} INFO - Setting next_dagrun for process_silver_layer to None, run_after=None
[2026-07-28T21:01:42.010+0000] {processor.py:183} INFO - Processing /opt/airflow/dags/silver_processing_dag.py took 1.332 seconds
[2026-07-28T21:02:12.433+0000] {processor.py:161} INFO - Started process (PID=5191) to work on /opt/airflow/dags/silver_processing_dag.py
[2026-07-28T21:02:12.438+0000] {processor.py:830} INFO - Processing file /opt/airflow/dags/silver_processing_dag.py for tasks to queue
[2026-07-28T21:02:12.443+0000] {logging_mixin.py:188} INFO - [2026-07-28T21:02:12.441+0000] {dagbag.py:545} INFO - Filling up the DagBag from /opt/airflow/dags/silver_processing_dag.py
[2026-07-28T21:02:12.564+0000] {processor.py:840} INFO - DAG(s) 'process_silver_layer' retrieved from /opt/airflow/dags/silver_processing_dag.py
[2026-07-28T21:02:12.680+0000] {logging_mixin.py:188} INFO - [2026-07-28T21:02:12.680+0000] {dag.py:3096} INFO - Sync 1 DAGs
[2026-07-28T21:02:12.746+0000] {logging_mixin.py:188} INFO - [2026-07-28T21:02:12.745+0000] {dag.py:3954} INFO - Setting next_dagrun for process_silver_layer to None, run_after=None
[2026-07-28T21:02:12.813+0000] {processor.py:183} INFO - Processing /opt/airflow/dags/silver_processing_dag.py took 0.404 seconds
[2026-07-28T21:02:43.509+0000] {processor.py:161} INFO - Started process (PID=5237) to work on /opt/airflow/dags/silver_processing_dag.py
[2026-07-28T21:02:43.512+0000] {processor.py:830} INFO - Processing file /opt/airflow/dags/silver_processing_dag.py for tasks to queue
[2026-07-28T21:02:43.523+0000] {logging_mixin.py:188} INFO - [2026-07-28T21:02:43.516+0000] {dagbag.py:545} INFO - Filling up the DagBag from /opt/airflow/dags/silver_processing_dag.py
[2026-07-28T21:02:43.586+0000] {processor.py:840} INFO - DAG(s) 'process_silver_layer' retrieved from /opt/airflow/dags/silver_processing_dag.py
[2026-07-28T21:02:43.646+0000] {logging_mixin.py:188} INFO - [2026-07-28T21:02:43.646+0000] {dag.py:3096} INFO - Sync 1 DAGs
[2026-07-28T21:02:43.677+0000] {logging_mixin.py:188} INFO - [2026-07-28T21:02:43.677+0000] {dag.py:3954} INFO - Setting next_dagrun for process_silver_layer to None, run_after=None
[2026-07-28T21:02:43.734+0000] {processor.py:183} INFO - Processing /opt/airflow/dags/silver_processing_dag.py took 0.286 seconds
[2026-07-28T21:03:14.194+0000] {processor.py:161} INFO - Started process (PID=5332) to work on /opt/airflow/dags/silver_processing_dag.py
[2026-07-28T21:03:14.198+0000] {processor.py:830} INFO - Processing file /opt/airflow/dags/silver_processing_dag.py for tasks to queue
[2026-07-28T21:03:14.203+0000] {logging_mixin.py:188} INFO - [2026-07-28T21:03:14.202+0000] {dagbag.py:545} INFO - Filling up the DagBag from /opt/airflow/dags/silver_processing_dag.py
[2026-07-28T21:03:14.268+0000] {processor.py:840} INFO - DAG(s) 'process_silver_layer' retrieved from /opt/airflow/dags/silver_processing_dag.py
[2026-07-28T21:03:14.356+0000] {logging_mixin.py:188} INFO - [2026-07-28T21:03:14.355+0000] {dag.py:3096} INFO - Sync 1 DAGs
[2026-07-28T21:03:14.429+0000] {logging_mixin.py:188} INFO - [2026-07-28T21:03:14.429+0000] {dag.py:3954} INFO - Setting next_dagrun for process_silver_layer to None, run_after=None
[2026-07-28T21:03:14.504+0000] {processor.py:183} INFO - Processing /opt/airflow/dags/silver_processing_dag.py took 0.331 seconds
[2026-07-28T21:03:44.941+0000] {processor.py:161} INFO - Started process (PID=5371) to work on /opt/airflow/dags/silver_processing_dag.py
[2026-07-28T21:03:44.945+0000] {processor.py:830} INFO - Processing file /opt/airflow/dags/silver_processing_dag.py for tasks to queue
[2026-07-28T21:03:44.950+0000] {logging_mixin.py:188} INFO - [2026-07-28T21:03:44.948+0000] {dagbag.py:545} INFO - Filling up the DagBag from /opt/airflow/dags/silver_processing_dag.py
[2026-07-28T21:03:45.023+0000] {processor.py:840} INFO - DAG(s) 'process_silver_layer' retrieved from /opt/airflow/dags/silver_processing_dag.py
[2026-07-28T21:03:45.094+0000] {logging_mixin.py:188} INFO - [2026-07-28T21:03:45.093+0000] {dag.py:3096} INFO - Sync 1 DAGs
[2026-07-28T21:03:45.128+0000] {logging_mixin.py:188} INFO - [2026-07-28T21:03:45.127+0000] {dag.py:3954} INFO - Setting next_dagrun for process_silver_layer to None, run_after=None
[2026-07-28T21:03:46.181+0000] {processor.py:183} INFO - Processing /opt/airflow/dags/silver_processing_dag.py took 1.263 seconds
[2026-07-28T21:04:16.889+0000] {processor.py:161} INFO - Started process (PID=5407) to work on /opt/airflow/dags/silver_processing_dag.py
[2026-07-28T21:04:16.903+0000] {processor.py:830} INFO - Processing file /opt/airflow/dags/silver_processing_dag.py for tasks to queue
[2026-07-28T21:04:16.931+0000] {logging_mixin.py:188} INFO - [2026-07-28T21:04:16.930+0000] {dagbag.py:545} INFO - Filling up the DagBag from /opt/airflow/dags/silver_processing_dag.py
[2026-07-28T21:04:17.360+0000] {processor.py:840} INFO - DAG(s) 'process_silver_layer' retrieved from /opt/airflow/dags/silver_processing_dag.py
[2026-07-28T21:04:17.686+0000] {logging_mixin.py:188} INFO - [2026-07-28T21:04:17.677+0000] {dag.py:3096} INFO - Sync 1 DAGs
[2026-07-28T21:04:17.881+0000] {logging_mixin.py:188} INFO - [2026-07-28T21:04:17.880+0000] {dag.py:3954} INFO - Setting next_dagrun for process_silver_layer to None, run_after=None
[2026-07-28T21:04:18.039+0000] {processor.py:183} INFO - Processing /opt/airflow/dags/silver_processing_dag.py took 1.180 seconds
[2026-07-28T21:04:48.874+0000] {processor.py:161} INFO - Started process (PID=5433) to work on /opt/airflow/dags/silver_processing_dag.py
[2026-07-28T21:04:48.889+0000] {processor.py:830} INFO - Processing file /opt/airflow/dags/silver_processing_dag.py for tasks to queue
[2026-07-28T21:04:48.905+0000] {logging_mixin.py:188} INFO - [2026-07-28T21:04:48.902+0000] {dagbag.py:545} INFO - Filling up the DagBag from /opt/airflow/dags/silver_processing_dag.py
[2026-07-28T21:04:49.307+0000] {processor.py:840} INFO - DAG(s) 'process_silver_layer' retrieved from /opt/airflow/dags/silver_processing_dag.py
[2026-07-28T21:04:49.491+0000] {logging_mixin.py:188} INFO - [2026-07-28T21:04:49.490+0000] {dag.py:3096} INFO - Sync 1 DAGs
[2026-07-28T21:04:49.580+0000] {logging_mixin.py:188} INFO - [2026-07-28T21:04:49.580+0000] {dag.py:3954} INFO - Setting next_dagrun for process_silver_layer to None, run_after=None
[2026-07-28T21:04:49.811+0000] {processor.py:183} INFO - Processing /opt/airflow/dags/silver_processing_dag.py took 1.011 seconds
[2026-07-28T21:05:47.951+0000] {processor.py:161} INFO - Started process (PID=5449) to work on /opt/airflow/dags/silver_processing_dag.py
[2026-07-28T21:05:47.955+0000] {processor.py:830} INFO - Processing file /opt/airflow/dags/silver_processing_dag.py for tasks to queue
[2026-07-28T21:05:47.960+0000] {logging_mixin.py:188} INFO - [2026-07-28T21:05:47.959+0000] {dagbag.py:545} INFO - Filling up the DagBag from /opt/airflow/dags/silver_processing_dag.py
[2026-07-28T21:05:48.089+0000] {processor.py:840} INFO - DAG(s) 'process_silver_layer' retrieved from /opt/airflow/dags/silver_processing_dag.py
[2026-07-28T21:05:48.238+0000] {logging_mixin.py:188} INFO - [2026-07-28T21:05:48.238+0000] {dag.py:3096} INFO - Sync 1 DAGs
[2026-07-28T21:05:48.317+0000] {logging_mixin.py:188} INFO - [2026-07-28T21:05:48.316+0000] {dag.py:3954} INFO - Setting next_dagrun for process_silver_layer to None, run_after=None
[2026-07-28T21:05:48.626+0000] {processor.py:183} INFO - Processing /opt/airflow/dags/silver_processing_dag.py took 0.698 seconds
[2026-07-28T21:06:34.241+0000] {processor.py:161} INFO - Started process (PID=5466) to work on /opt/airflow/dags/silver_processing_dag.py
[2026-07-28T21:06:34.245+0000] {processor.py:830} INFO - Processing file /opt/airflow/dags/silver_processing_dag.py for tasks to queue
[2026-07-28T21:06:34.252+0000] {logging_mixin.py:188} INFO - [2026-07-28T21:06:34.249+0000] {dagbag.py:545} INFO - Filling up the DagBag from /opt/airflow/dags/silver_processing_dag.py
[2026-07-28T21:06:34.326+0000] {processor.py:840} INFO - DAG(s) 'process_silver_layer' retrieved from /opt/airflow/dags/silver_processing_dag.py
[2026-07-28T21:06:34.411+0000] {logging_mixin.py:188} INFO - [2026-07-28T21:06:34.411+0000] {dag.py:3096} INFO - Sync 1 DAGs
[2026-07-28T21:06:34.456+0000] {logging_mixin.py:188} INFO - [2026-07-28T21:06:34.456+0000] {dag.py:3954} INFO - Setting next_dagrun for process_silver_layer to None, run_after=None
[2026-07-28T21:06:34.595+0000] {processor.py:183} INFO - Processing /opt/airflow/dags/silver_processing_dag.py took 0.375 seconds
[2026-07-28T21:07:05.176+0000] {processor.py:161} INFO - Started process (PID=5481) to work on /opt/airflow/dags/silver_processing_dag.py
[2026-07-28T21:07:05.181+0000] {processor.py:830} INFO - Processing file /opt/airflow/dags/silver_processing_dag.py for tasks to queue
[2026-07-28T21:07:05.186+0000] {logging_mixin.py:188} INFO - [2026-07-28T21:07:05.185+0000] {dagbag.py:545} INFO - Filling up the DagBag from /opt/airflow/dags/silver_processing_dag.py
[2026-07-28T21:07:05.272+0000] {processor.py:840} INFO - DAG(s) 'process_silver_layer' retrieved from /opt/airflow/dags/silver_processing_dag.py
[2026-07-28T21:07:05.335+0000] {logging_mixin.py:188} INFO - [2026-07-28T21:07:05.333+0000] {dag.py:3096} INFO - Sync 1 DAGs
[2026-07-28T21:07:05.386+0000] {logging_mixin.py:188} INFO - [2026-07-28T21:07:05.386+0000] {dag.py:3954} INFO - Setting next_dagrun for process_silver_layer to None, run_after=None
[2026-07-28T21:07:05.443+0000] {processor.py:183} INFO - Processing /opt/airflow/dags/silver_processing_dag.py took 0.298 seconds
[2026-07-28T21:07:36.156+0000] {processor.py:161} INFO - Started process (PID=5497) to work on /opt/airflow/dags/silver_processing_dag.py
[2026-07-28T21:07:36.159+0000] {processor.py:830} INFO - Processing file /opt/airflow/dags/silver_processing_dag.py for tasks to queue
[2026-07-28T21:07:36.165+0000] {logging_mixin.py:188} INFO - [2026-07-28T21:07:36.164+0000] {dagbag.py:545} INFO - Filling up the DagBag from /opt/airflow/dags/silver_processing_dag.py
[2026-07-28T21:07:36.223+0000] {processor.py:840} INFO - DAG(s) 'process_silver_layer' retrieved from /opt/airflow/dags/silver_processing_dag.py
[2026-07-28T21:07:36.291+0000] {logging_mixin.py:188} INFO - [2026-07-28T21:07:36.291+0000] {dag.py:3096} INFO - Sync 1 DAGs
[2026-07-28T21:07:36.333+0000] {logging_mixin.py:188} INFO - [2026-07-28T21:07:36.332+0000] {dag.py:3954} INFO - Setting next_dagrun for process_silver_layer to None, run_after=None
[2026-07-28T21:07:36.479+0000] {processor.py:183} INFO - Processing /opt/airflow/dags/silver_processing_dag.py took 0.348 seconds
[2026-07-28T21:08:06.942+0000] {processor.py:161} INFO - Started process (PID=5519) to work on /opt/airflow/dags/silver_processing_dag.py
[2026-07-28T21:08:06.947+0000] {processor.py:830} INFO - Processing file /opt/airflow/dags/silver_processing_dag.py for tasks to queue
[2026-07-28T21:08:06.951+0000] {logging_mixin.py:188} INFO - [2026-07-28T21:08:06.950+0000] {dagbag.py:545} INFO - Filling up the DagBag from /opt/airflow/dags/silver_processing_dag.py
[2026-07-28T21:08:07.077+0000] {processor.py:840} INFO - DAG(s) 'process_silver_layer' retrieved from /opt/airflow/dags/silver_processing_dag.py
[2026-07-28T21:08:07.212+0000] {logging_mixin.py:188} INFO - [2026-07-28T21:08:07.212+0000] {dag.py:3096} INFO - Sync 1 DAGs
[2026-07-28T21:08:07.365+0000] {logging_mixin.py:188} INFO - [2026-07-28T21:08:07.364+0000] {dag.py:3954} INFO - Setting next_dagrun for process_silver_layer to None, run_after=None
[2026-07-28T21:08:07.529+0000] {processor.py:183} INFO - Processing /opt/airflow/dags/silver_processing_dag.py took 0.623 seconds
[2026-07-28T21:08:38.359+0000] {processor.py:161} INFO - Started process (PID=5537) to work on /opt/airflow/dags/silver_processing_dag.py
[2026-07-28T21:08:38.362+0000] {processor.py:830} INFO - Processing file /opt/airflow/dags/silver_processing_dag.py for tasks to queue
[2026-07-28T21:08:38.366+0000] {logging_mixin.py:188} INFO - [2026-07-28T21:08:38.365+0000] {dagbag.py:545} INFO - Filling up the DagBag from /opt/airflow/dags/silver_processing_dag.py
[2026-07-28T21:08:38.421+0000] {processor.py:840} INFO - DAG(s) 'process_silver_layer' retrieved from /opt/airflow/dags/silver_processing_dag.py
[2026-07-28T21:08:38.545+0000] {logging_mixin.py:188} INFO - [2026-07-28T21:08:38.545+0000] {dag.py:3096} INFO - Sync 1 DAGs
[2026-07-28T21:08:38.647+0000] {logging_mixin.py:188} INFO - [2026-07-28T21:08:38.646+0000] {dag.py:3954} INFO - Setting next_dagrun for process_silver_layer to None, run_after=None
[2026-07-28T21:08:38.815+0000] {processor.py:183} INFO - Processing /opt/airflow/dags/silver_processing_dag.py took 0.478 seconds
[2026-07-28T21:09:09.668+0000] {processor.py:161} INFO - Started process (PID=5552) to work on /opt/airflow/dags/silver_processing_dag.py
[2026-07-28T21:09:09.688+0000] {processor.py:830} INFO - Processing file /opt/airflow/dags/silver_processing_dag.py for tasks to queue
[2026-07-28T21:09:09.708+0000] {logging_mixin.py:188} INFO - [2026-07-28T21:09:09.699+0000] {dagbag.py:545} INFO - Filling up the DagBag from /opt/airflow/dags/silver_processing_dag.py
[2026-07-28T21:09:09.873+0000] {processor.py:840} INFO - DAG(s) 'process_silver_layer' retrieved from /opt/airflow/dags/silver_processing_dag.py
[2026-07-28T21:09:10.020+0000] {logging_mixin.py:188} INFO - [2026-07-28T21:09:10.019+0000] {dag.py:3096} INFO - Sync 1 DAGs
[2026-07-28T21:09:10.058+0000] {logging_mixin.py:188} INFO - [2026-07-28T21:09:10.057+0000] {dag.py:3954} INFO - Setting next_dagrun for process_silver_layer to None, run_after=None
[2026-07-28T21:09:10.102+0000] {processor.py:183} INFO - Processing /opt/airflow/dags/silver_processing_dag.py took 0.503 seconds
[2026-07-28T21:09:40.565+0000] {processor.py:161} INFO - Started process (PID=5569) to work on /opt/airflow/dags/silver_processing_dag.py
[2026-07-28T21:09:40.569+0000] {processor.py:830} INFO - Processing file /opt/airflow/dags/silver_processing_dag.py for tasks to queue
[2026-07-28T21:09:40.572+0000] {logging_mixin.py:188} INFO - [2026-07-28T21:09:40.572+0000] {dagbag.py:545} INFO - Filling up the DagBag from /opt/airflow/dags/silver_processing_dag.py
[2026-07-28T21:09:40.641+0000] {processor.py:840} INFO - DAG(s) 'process_silver_layer' retrieved from /opt/airflow/dags/silver_processing_dag.py
[2026-07-28T21:09:40.752+0000] {logging_mixin.py:188} INFO - [2026-07-28T21:09:40.751+0000] {dag.py:3096} INFO - Sync 1 DAGs
[2026-07-28T21:09:40.799+0000] {logging_mixin.py:188} INFO - [2026-07-28T21:09:40.799+0000] {dag.py:3954} INFO - Setting next_dagrun for process_silver_layer to None, run_after=None
[2026-07-28T21:09:40.887+0000] {processor.py:183} INFO - Processing /opt/airflow/dags/silver_processing_dag.py took 0.352 seconds
[2026-07-28T21:10:11.461+0000] {processor.py:161} INFO - Started process (PID=5586) to work on /opt/airflow/dags/silver_processing_dag.py
[2026-07-28T21:10:11.470+0000] {processor.py:830} INFO - Processing file /opt/airflow/dags/silver_processing_dag.py for tasks to queue
[2026-07-28T21:10:11.476+0000] {logging_mixin.py:188} INFO - [2026-07-28T21:10:11.474+0000] {dagbag.py:545} INFO - Filling up the DagBag from /opt/airflow/dags/silver_processing_dag.py
[2026-07-28T21:10:11.544+0000] {processor.py:840} INFO - DAG(s) 'process_silver_layer' retrieved from /opt/airflow/dags/silver_processing_dag.py
[2026-07-28T21:10:11.625+0000] {logging_mixin.py:188} INFO - [2026-07-28T21:10:11.624+0000] {dag.py:3096} INFO - Sync 1 DAGs
[2026-07-28T21:10:11.664+0000] {logging_mixin.py:188} INFO - [2026-07-28T21:10:11.663+0000] {dag.py:3954} INFO - Setting next_dagrun for process_silver_layer to None, run_after=None
[2026-07-28T21:10:12.107+0000] {processor.py:183} INFO - Processing /opt/airflow/dags/silver_processing_dag.py took 0.669 seconds
[2026-07-28T21:10:42.463+0000] {processor.py:161} INFO - Started process (PID=5601) to work on /opt/airflow/dags/silver_processing_dag.py
[2026-07-28T21:10:42.470+0000] {processor.py:830} INFO - Processing file /opt/airflow/dags/silver_processing_dag.py for tasks to queue
[2026-07-28T21:10:42.478+0000] {logging_mixin.py:188} INFO - [2026-07-28T21:10:42.475+0000] {dagbag.py:545} INFO - Filling up the DagBag from /opt/airflow/dags/silver_processing_dag.py
[2026-07-28T21:10:42.535+0000] {processor.py:840} INFO - DAG(s) 'process_silver_layer' retrieved from /opt/airflow/dags/silver_processing_dag.py
[2026-07-28T21:10:42.625+0000] {logging_mixin.py:188} INFO - [2026-07-28T21:10:42.624+0000] {dag.py:3096} INFO - Sync 1 DAGs
[2026-07-28T21:10:42.699+0000] {logging_mixin.py:188} INFO - [2026-07-28T21:10:42.698+0000] {dag.py:3954} INFO - Setting next_dagrun for process_silver_layer to None, run_after=None
[2026-07-28T21:10:43.780+0000] {processor.py:183} INFO - Processing /opt/airflow/dags/silver_processing_dag.py took 1.336 seconds
[2026-07-28T21:11:14.708+0000] {processor.py:161} INFO - Started process (PID=5617) to work on /opt/airflow/dags/silver_processing_dag.py
[2026-07-28T21:11:14.711+0000] {processor.py:830} INFO - Processing file /opt/airflow/dags/silver_processing_dag.py for tasks to queue
[2026-07-28T21:11:14.715+0000] {logging_mixin.py:188} INFO - [2026-07-28T21:11:14.714+0000] {dagbag.py:545} INFO - Filling up the DagBag from /opt/airflow/dags/silver_processing_dag.py
[2026-07-28T21:11:14.773+0000] {processor.py:840} INFO - DAG(s) 'process_silver_layer' retrieved from /opt/airflow/dags/silver_processing_dag.py
[2026-07-28T21:11:14.848+0000] {logging_mixin.py:188} INFO - [2026-07-28T21:11:14.848+0000] {dag.py:3096} INFO - Sync 1 DAGs
[2026-07-28T21:11:14.889+0000] {logging_mixin.py:188} INFO - [2026-07-28T21:11:14.889+0000] {dag.py:3954} INFO - Setting next_dagrun for process_silver_layer to None, run_after=None
[2026-07-28T21:11:14.944+0000] {processor.py:183} INFO - Processing /opt/airflow/dags/silver_processing_dag.py took 0.256 seconds
[2026-07-28T21:11:45.461+0000] {processor.py:161} INFO - Started process (PID=5633) to work on /opt/airflow/dags/silver_processing_dag.py
[2026-07-28T21:11:45.466+0000] {processor.py:830} INFO - Processing file /opt/airflow/dags/silver_processing_dag.py for tasks to queue
[2026-07-28T21:11:45.472+0000] {logging_mixin.py:188} INFO - [2026-07-28T21:11:45.470+0000] {dagbag.py:545} INFO - Filling up the DagBag from /opt/airflow/dags/silver_processing_dag.py
[2026-07-28T21:11:45.563+0000] {processor.py:840} INFO - DAG(s) 'process_silver_layer' retrieved from /opt/airflow/dags/silver_processing_dag.py
[2026-07-28T21:11:45.653+0000] {logging_mixin.py:188} INFO - [2026-07-28T21:11:45.650+0000] {dag.py:3096} INFO - Sync 1 DAGs
[2026-07-28T21:11:45.701+0000] {logging_mixin.py:188} INFO - [2026-07-28T21:11:45.701+0000] {dag.py:3954} INFO - Setting next_dagrun for process_silver_layer to None, run_after=None
[2026-07-28T21:11:45.761+0000] {processor.py:183} INFO - Processing /opt/airflow/dags/silver_processing_dag.py took 0.344 seconds
[2026-07-28T21:12:16.033+0000] {processor.py:161} INFO - Started process (PID=5650) to work on /opt/airflow/dags/silver_processing_dag.py
[2026-07-28T21:12:16.036+0000] {processor.py:830} INFO - Processing file /opt/airflow/dags/silver_processing_dag.py for tasks to queue
[2026-07-28T21:12:16.040+0000] {logging_mixin.py:188} INFO - [2026-07-28T21:12:16.039+0000] {dagbag.py:545} INFO - Filling up the DagBag from /opt/airflow/dags/silver_processing_dag.py
[2026-07-28T21:12:16.080+0000] {processor.py:840} INFO - DAG(s) 'process_silver_layer' retrieved from /opt/airflow/dags/silver_processing_dag.py
[2026-07-28T21:12:16.131+0000] {logging_mixin.py:188} INFO - [2026-07-28T21:12:16.130+0000] {dag.py:3096} INFO - Sync 1 DAGs
[2026-07-28T21:12:16.160+0000] {logging_mixin.py:188} INFO - [2026-07-28T21:12:16.160+0000] {dag.py:3954} INFO - Setting next_dagrun for process_silver_layer to None, run_after=None
[2026-07-28T21:12:16.212+0000] {processor.py:183} INFO - Processing /opt/airflow/dags/silver_processing_dag.py took 0.193 seconds
[2026-07-28T21:12:46.706+0000] {processor.py:161} INFO - Started process (PID=5665) to work on /opt/airflow/dags/silver_processing_dag.py
[2026-07-28T21:12:46.709+0000] {processor.py:830} INFO - Processing file /opt/airflow/dags/silver_processing_dag.py for tasks to queue
[2026-07-28T21:12:46.712+0000] {logging_mixin.py:188} INFO - [2026-07-28T21:12:46.712+0000] {dagbag.py:545} INFO - Filling up the DagBag from /opt/airflow/dags/silver_processing_dag.py
[2026-07-28T21:12:46.754+0000] {processor.py:840} INFO - DAG(s) 'process_silver_layer' retrieved from /opt/airflow/dags/silver_processing_dag.py
[2026-07-28T21:12:46.824+0000] {logging_mixin.py:188} INFO - [2026-07-28T21:12:46.824+0000] {dag.py:3096} INFO - Sync 1 DAGs
[2026-07-28T21:12:46.924+0000] {logging_mixin.py:188} INFO - [2026-07-28T21:12:46.924+0000] {dag.py:3954} INFO - Setting next_dagrun for process_silver_layer to None, run_after=None
[2026-07-28T21:12:47.042+0000] {processor.py:183} INFO - Processing /opt/airflow/dags/silver_processing_dag.py took 0.357 seconds
[2026-07-28T21:13:17.686+0000] {processor.py:161} INFO - Started process (PID=5681) to work on /opt/airflow/dags/silver_processing_dag.py
[2026-07-28T21:13:17.691+0000] {processor.py:830} INFO - Processing file /opt/airflow/dags/silver_processing_dag.py for tasks to queue
[2026-07-28T21:13:17.698+0000] {logging_mixin.py:188} INFO - [2026-07-28T21:13:17.697+0000] {dagbag.py:545} INFO - Filling up the DagBag from /opt/airflow/dags/silver_processing_dag.py
[2026-07-28T21:13:17.787+0000] {processor.py:840} INFO - DAG(s) 'process_silver_layer' retrieved from /opt/airflow/dags/silver_processing_dag.py
[2026-07-28T21:13:17.871+0000] {logging_mixin.py:188} INFO - [2026-07-28T21:13:17.870+0000] {dag.py:3096} INFO - Sync 1 DAGs
[2026-07-28T21:13:17.942+0000] {logging_mixin.py:188} INFO - [2026-07-28T21:13:17.941+0000] {dag.py:3954} INFO - Setting next_dagrun for process_silver_layer to None, run_after=None
[2026-07-28T21:13:18.050+0000] {processor.py:183} INFO - Processing /opt/airflow/dags/silver_processing_dag.py took 0.409 seconds
[2026-07-28T21:13:48.440+0000] {processor.py:161} INFO - Started process (PID=5697) to work on /opt/airflow/dags/silver_processing_dag.py
[2026-07-28T21:13:48.442+0000] {processor.py:830} INFO - Processing file /opt/airflow/dags/silver_processing_dag.py for tasks to queue
[2026-07-28T21:13:48.445+0000] {logging_mixin.py:188} INFO - [2026-07-28T21:13:48.444+0000] {dagbag.py:545} INFO - Filling up the DagBag from /opt/airflow/dags/silver_processing_dag.py
[2026-07-28T21:13:48.493+0000] {processor.py:840} INFO - DAG(s) 'process_silver_layer' retrieved from /opt/airflow/dags/silver_processing_dag.py
[2026-07-28T21:13:48.551+0000] {logging_mixin.py:188} INFO - [2026-07-28T21:13:48.550+0000] {dag.py:3096} INFO - Sync 1 DAGs
[2026-07-28T21:13:48.579+0000] {logging_mixin.py:188} INFO - [2026-07-28T21:13:48.578+0000] {dag.py:3954} INFO - Setting next_dagrun for process_silver_layer to None, run_after=None
[2026-07-28T21:13:48.629+0000] {processor.py:183} INFO - Processing /opt/airflow/dags/silver_processing_dag.py took 0.201 seconds
[2026-07-28T21:14:19.068+0000] {processor.py:161} INFO - Started process (PID=5712) to work on /opt/airflow/dags/silver_processing_dag.py
[2026-07-28T21:14:19.071+0000] {processor.py:830} INFO - Processing file /opt/airflow/dags/silver_processing_dag.py for tasks to queue
[2026-07-28T21:14:19.075+0000] {logging_mixin.py:188} INFO - [2026-07-28T21:14:19.074+0000] {dagbag.py:545} INFO - Filling up the DagBag from /opt/airflow/dags/silver_processing_dag.py
[2026-07-28T21:14:19.198+0000] {processor.py:840} INFO - DAG(s) 'process_silver_layer' retrieved from /opt/airflow/dags/silver_processing_dag.py
[2026-07-28T21:14:19.380+0000] {logging_mixin.py:188} INFO - [2026-07-28T21:14:19.380+0000] {dag.py:3096} INFO - Sync 1 DAGs
[2026-07-28T21:14:19.508+0000] {logging_mixin.py:188} INFO - [2026-07-28T21:14:19.507+0000] {dag.py:3954} INFO - Setting next_dagrun for process_silver_layer to None, run_after=None
[2026-07-28T21:14:19.604+0000] {processor.py:183} INFO - Processing /opt/airflow/dags/silver_processing_dag.py took 0.554 seconds
[2026-07-28T21:14:49.811+0000] {processor.py:161} INFO - Started process (PID=5729) to work on /opt/airflow/dags/silver_processing_dag.py
[2026-07-28T21:14:49.813+0000] {processor.py:830} INFO - Processing file /opt/airflow/dags/silver_processing_dag.py for tasks to queue
[2026-07-28T21:14:49.817+0000] {logging_mixin.py:188} INFO - [2026-07-28T21:14:49.816+0000] {dagbag.py:545} INFO - Filling up the DagBag from /opt/airflow/dags/silver_processing_dag.py
[2026-07-28T21:14:49.995+0000] {processor.py:840} INFO - DAG(s) 'process_silver_layer' retrieved from /opt/airflow/dags/silver_processing_dag.py
[2026-07-28T21:14:50.196+0000] {logging_mixin.py:188} INFO - [2026-07-28T21:14:50.195+0000] {dag.py:3096} INFO - Sync 1 DAGs
[2026-07-28T21:14:50.417+0000] {logging_mixin.py:188} INFO - [2026-07-28T21:14:50.416+0000] {dag.py:3954} INFO - Setting next_dagrun for process_silver_layer to None, run_after=None
[2026-07-28T21:14:50.528+0000] {processor.py:183} INFO - Processing /opt/airflow/dags/silver_processing_dag.py took 0.742 seconds
[2026-07-28T21:15:21.083+0000] {processor.py:161} INFO - Started process (PID=5744) to work on /opt/airflow/dags/silver_processing_dag.py
[2026-07-28T21:15:21.085+0000] {processor.py:830} INFO - Processing file /opt/airflow/dags/silver_processing_dag.py for tasks to queue
[2026-07-28T21:15:21.089+0000] {logging_mixin.py:188} INFO - [2026-07-28T21:15:21.088+0000] {dagbag.py:545} INFO - Filling up the DagBag from /opt/airflow/dags/silver_processing_dag.py
[2026-07-28T21:15:21.138+0000] {processor.py:840} INFO - DAG(s) 'process_silver_layer' retrieved from /opt/airflow/dags/silver_processing_dag.py
[2026-07-28T21:15:21.184+0000] {logging_mixin.py:188} INFO - [2026-07-28T21:15:21.183+0000] {dag.py:3096} INFO - Sync 1 DAGs
[2026-07-28T21:15:21.213+0000] {logging_mixin.py:188} INFO - [2026-07-28T21:15:21.213+0000] {dag.py:3954} INFO - Setting next_dagrun for process_silver_layer to None, run_after=None
[2026-07-28T21:15:21.262+0000] {processor.py:183} INFO - Processing /opt/airflow/dags/silver_processing_dag.py took 0.197 seconds
[2026-07-28T21:15:51.885+0000] {processor.py:161} INFO - Started process (PID=5761) to work on /opt/airflow/dags/silver_processing_dag.py
[2026-07-28T21:15:51.888+0000] {processor.py:830} INFO - Processing file /opt/airflow/dags/silver_processing_dag.py for tasks to queue
[2026-07-28T21:15:51.891+0000] {logging_mixin.py:188} INFO - [2026-07-28T21:15:51.890+0000] {dagbag.py:545} INFO - Filling up the DagBag from /opt/airflow/dags/silver_processing_dag.py
[2026-07-28T21:15:51.933+0000] {processor.py:840} INFO - DAG(s) 'process_silver_layer' retrieved from /opt/airflow/dags/silver_processing_dag.py
[2026-07-28T21:15:51.980+0000] {logging_mixin.py:188} INFO - [2026-07-28T21:15:51.980+0000] {dag.py:3096} INFO - Sync 1 DAGs
[2026-07-28T21:15:52.005+0000] {logging_mixin.py:188} INFO - [2026-07-28T21:15:52.004+0000] {dag.py:3954} INFO - Setting next_dagrun for process_silver_layer to None, run_after=None
[2026-07-28T21:15:52.049+0000] {processor.py:183} INFO - Processing /opt/airflow/dags/silver_processing_dag.py took 0.179 seconds
[2026-07-28T21:16:22.757+0000] {processor.py:161} INFO - Started process (PID=5776) to work on /opt/airflow/dags/silver_processing_dag.py
[2026-07-28T21:16:22.764+0000] {processor.py:830} INFO - Processing file /opt/airflow/dags/silver_processing_dag.py for tasks to queue
[2026-07-28T21:16:22.768+0000] {logging_mixin.py:188} INFO - [2026-07-28T21:16:22.767+0000] {dagbag.py:545} INFO - Filling up the DagBag from /opt/airflow/dags/silver_processing_dag.py
[2026-07-28T21:16:22.826+0000] {processor.py:840} INFO - DAG(s) 'process_silver_layer' retrieved from /opt/airflow/dags/silver_processing_dag.py
[2026-07-28T21:16:22.914+0000] {logging_mixin.py:188} INFO - [2026-07-28T21:16:22.914+0000] {dag.py:3096} INFO - Sync 1 DAGs
[2026-07-28T21:16:22.948+0000] {logging_mixin.py:188} INFO - [2026-07-28T21:16:22.948+0000] {dag.py:3954} INFO - Setting next_dagrun for process_silver_layer to None, run_after=None
[2026-07-28T21:16:23.008+0000] {processor.py:183} INFO - Processing /opt/airflow/dags/silver_processing_dag.py took 0.275 seconds
[2026-07-28T21:16:53.180+0000] {processor.py:161} INFO - Started process (PID=5793) to work on /opt/airflow/dags/silver_processing_dag.py
[2026-07-28T21:16:53.184+0000] {processor.py:830} INFO - Processing file /opt/airflow/dags/silver_processing_dag.py for tasks to queue
[2026-07-28T21:16:53.190+0000] {logging_mixin.py:188} INFO - [2026-07-28T21:16:53.188+0000] {dagbag.py:545} INFO - Filling up the DagBag from /opt/airflow/dags/silver_processing_dag.py
[2026-07-28T21:16:53.255+0000] {processor.py:840} INFO - DAG(s) 'process_silver_layer' retrieved from /opt/airflow/dags/silver_processing_dag.py
[2026-07-28T21:16:53.313+0000] {logging_mixin.py:188} INFO - [2026-07-28T21:16:53.312+0000] {dag.py:3096} INFO - Sync 1 DAGs
[2026-07-28T21:16:53.342+0000] {logging_mixin.py:188} INFO - [2026-07-28T21:16:53.342+0000] {dag.py:3954} INFO - Setting next_dagrun for process_silver_layer to None, run_after=None
[2026-07-28T21:16:53.399+0000] {processor.py:183} INFO - Processing /opt/airflow/dags/silver_processing_dag.py took 0.240 seconds
[2026-07-28T21:17:24.212+0000] {processor.py:161} INFO - Started process (PID=5809) to work on /opt/airflow/dags/silver_processing_dag.py
[2026-07-28T21:17:24.214+0000] {processor.py:830} INFO - Processing file /opt/airflow/dags/silver_processing_dag.py for tasks to queue
[2026-07-28T21:17:24.218+0000] {logging_mixin.py:188} INFO - [2026-07-28T21:17:24.217+0000] {dagbag.py:545} INFO - Filling up the DagBag from /opt/airflow/dags/silver_processing_dag.py
[2026-07-28T21:17:24.261+0000] {processor.py:840} INFO - DAG(s) 'process_silver_layer' retrieved from /opt/airflow/dags/silver_processing_dag.py
[2026-07-28T21:17:24.315+0000] {logging_mixin.py:188} INFO - [2026-07-28T21:17:24.314+0000] {dag.py:3096} INFO - Sync 1 DAGs
[2026-07-28T21:17:24.344+0000] {logging_mixin.py:188} INFO - [2026-07-28T21:17:24.344+0000] {dag.py:3954} INFO - Setting next_dagrun for process_silver_layer to None, run_after=None
[2026-07-28T21:17:24.458+0000] {processor.py:183} INFO - Processing /opt/airflow/dags/silver_processing_dag.py took 0.260 seconds
[2026-07-28T21:17:54.862+0000] {processor.py:161} INFO - Started process (PID=5824) to work on /opt/airflow/dags/silver_processing_dag.py
[2026-07-28T21:17:54.867+0000] {processor.py:830} INFO - Processing file /opt/airflow/dags/silver_processing_dag.py for tasks to queue
[2026-07-28T21:17:54.871+0000] {logging_mixin.py:188} INFO - [2026-07-28T21:17:54.870+0000] {dagbag.py:545} INFO - Filling up the DagBag from /opt/airflow/dags/silver_processing_dag.py
[2026-07-28T21:17:54.913+0000] {processor.py:840} INFO - DAG(s) 'process_silver_layer' retrieved from /opt/airflow/dags/silver_processing_dag.py
[2026-07-28T21:17:54.973+0000] {logging_mixin.py:188} INFO - [2026-07-28T21:17:54.972+0000] {dag.py:3096} INFO - Sync 1 DAGs
[2026-07-28T21:17:55.044+0000] {logging_mixin.py:188} INFO - [2026-07-28T21:17:55.043+0000] {dag.py:3954} INFO - Setting next_dagrun for process_silver_layer to None, run_after=None
[2026-07-28T21:17:55.135+0000] {processor.py:183} INFO - Processing /opt/airflow/dags/silver_processing_dag.py took 0.287 seconds
[2026-07-28T21:18:25.686+0000] {processor.py:161} INFO - Started process (PID=5840) to work on /opt/airflow/dags/silver_processing_dag.py
[2026-07-28T21:18:25.689+0000] {processor.py:830} INFO - Processing file /opt/airflow/dags/silver_processing_dag.py for tasks to queue
[2026-07-28T21:18:25.695+0000] {logging_mixin.py:188} INFO - [2026-07-28T21:18:25.694+0000] {dagbag.py:545} INFO - Filling up the DagBag from /opt/airflow/dags/silver_processing_dag.py
[2026-07-28T21:18:25.764+0000] {processor.py:840} INFO - DAG(s) 'process_silver_layer' retrieved from /opt/airflow/dags/silver_processing_dag.py
[2026-07-28T21:18:25.817+0000] {logging_mixin.py:188} INFO - [2026-07-28T21:18:25.817+0000] {dag.py:3096} INFO - Sync 1 DAGs
[2026-07-28T21:18:25.853+0000] {logging_mixin.py:188} INFO - [2026-07-28T21:18:25.852+0000] {dag.py:3954} INFO - Setting next_dagrun for process_silver_layer to None, run_after=None
[2026-07-28T21:18:25.905+0000] {processor.py:183} INFO - Processing /opt/airflow/dags/silver_processing_dag.py took 0.241 seconds
[2026-07-28T21:18:56.142+0000] {processor.py:161} INFO - Started process (PID=5856) to work on /opt/airflow/dags/silver_processing_dag.py
[2026-07-28T21:18:56.145+0000] {processor.py:830} INFO - Processing file /opt/airflow/dags/silver_processing_dag.py for tasks to queue
[2026-07-28T21:18:56.149+0000] {logging_mixin.py:188} INFO - [2026-07-28T21:18:56.148+0000] {dagbag.py:545} INFO - Filling up the DagBag from /opt/airflow/dags/silver_processing_dag.py
[2026-07-28T21:18:56.193+0000] {processor.py:840} INFO - DAG(s) 'process_silver_layer' retrieved from /opt/airflow/dags/silver_processing_dag.py
[2026-07-28T21:18:56.256+0000] {logging_mixin.py:188} INFO - [2026-07-28T21:18:56.255+0000] {dag.py:3096} INFO - Sync 1 DAGs
[2026-07-28T21:18:56.288+0000] {logging_mixin.py:188} INFO - [2026-07-28T21:18:56.288+0000] {dag.py:3954} INFO - Setting next_dagrun for process_silver_layer to None, run_after=None
[2026-07-28T21:18:56.332+0000] {processor.py:183} INFO - Processing /opt/airflow/dags/silver_processing_dag.py took 0.206 seconds
[2026-07-28T21:19:26.991+0000] {processor.py:161} INFO - Started process (PID=5872) to work on /opt/airflow/dags/silver_processing_dag.py
[2026-07-28T21:19:26.994+0000] {processor.py:830} INFO - Processing file /opt/airflow/dags/silver_processing_dag.py for tasks to queue
[2026-07-28T21:19:26.997+0000] {logging_mixin.py:188} INFO - [2026-07-28T21:19:26.997+0000] {dagbag.py:545} INFO - Filling up the DagBag from /opt/airflow/dags/silver_processing_dag.py
[2026-07-28T21:19:27.043+0000] {processor.py:840} INFO - DAG(s) 'process_silver_layer' retrieved from /opt/airflow/dags/silver_processing_dag.py
[2026-07-28T21:19:27.094+0000] {logging_mixin.py:188} INFO - [2026-07-28T21:19:27.093+0000] {dag.py:3096} INFO - Sync 1 DAGs
[2026-07-28T21:19:27.132+0000] {logging_mixin.py:188} INFO - [2026-07-28T21:19:27.130+0000] {dag.py:3954} INFO - Setting next_dagrun for process_silver_layer to None, run_after=None
[2026-07-28T21:19:27.185+0000] {processor.py:183} INFO - Processing /opt/airflow/dags/silver_processing_dag.py took 0.208 seconds
[2026-07-28T21:19:57.749+0000] {processor.py:161} INFO - Started process (PID=5887) to work on /opt/airflow/dags/silver_processing_dag.py
[2026-07-28T21:19:57.752+0000] {processor.py:830} INFO - Processing file /opt/airflow/dags/silver_processing_dag.py for tasks to queue
[2026-07-28T21:19:57.757+0000] {logging_mixin.py:188} INFO - [2026-07-28T21:19:57.756+0000] {dagbag.py:545} INFO - Filling up the DagBag from /opt/airflow/dags/silver_processing_dag.py
[2026-07-28T21:19:57.799+0000] {processor.py:840} INFO - DAG(s) 'process_silver_layer' retrieved from /opt/airflow/dags/silver_processing_dag.py
[2026-07-28T21:19:57.945+0000] {logging_mixin.py:188} INFO - [2026-07-28T21:19:57.944+0000] {dag.py:3096} INFO - Sync 1 DAGs
[2026-07-28T21:19:58.058+0000] {logging_mixin.py:188} INFO - [2026-07-28T21:19:58.058+0000] {dag.py:3954} INFO - Setting next_dagrun for process_silver_layer to None, run_after=None
[2026-07-28T21:19:58.137+0000] {processor.py:183} INFO - Processing /opt/airflow/dags/silver_processing_dag.py took 0.402 seconds
[2026-07-28T21:20:36.453+0000] {processor.py:161} INFO - Started process (PID=5901) to work on /opt/airflow/dags/silver_processing_dag.py
[2026-07-28T21:20:36.456+0000] {processor.py:830} INFO - Processing file /opt/airflow/dags/silver_processing_dag.py for tasks to queue
[2026-07-28T21:20:36.463+0000] {logging_mixin.py:188} INFO - [2026-07-28T21:20:36.462+0000] {dagbag.py:545} INFO - Filling up the DagBag from /opt/airflow/dags/silver_processing_dag.py
[2026-07-28T21:20:36.526+0000] {processor.py:840} INFO - DAG(s) 'process_silver_layer' retrieved from /opt/airflow/dags/silver_processing_dag.py
[2026-07-28T21:20:36.591+0000] {logging_mixin.py:188} INFO - [2026-07-28T21:20:36.591+0000] {dag.py:3096} INFO - Sync 1 DAGs
[2026-07-28T21:20:36.625+0000] {logging_mixin.py:188} INFO - [2026-07-28T21:20:36.625+0000] {dag.py:3954} INFO - Setting next_dagrun for process_silver_layer to None, run_after=None
[2026-07-28T21:20:36.680+0000] {processor.py:183} INFO - Processing /opt/airflow/dags/silver_processing_dag.py took 0.257 seconds
[2026-07-28T21:21:07.162+0000] {processor.py:161} INFO - Started process (PID=5964) to work on /opt/airflow/dags/silver_processing_dag.py
[2026-07-28T21:21:07.167+0000] {processor.py:830} INFO - Processing file /opt/airflow/dags/silver_processing_dag.py for tasks to queue
[2026-07-28T21:21:07.175+0000] {logging_mixin.py:188} INFO - [2026-07-28T21:21:07.174+0000] {dagbag.py:545} INFO - Filling up the DagBag from /opt/airflow/dags/silver_processing_dag.py
[2026-07-28T21:21:07.235+0000] {processor.py:840} INFO - DAG(s) 'process_silver_layer' retrieved from /opt/airflow/dags/silver_processing_dag.py
[2026-07-28T21:21:07.301+0000] {logging_mixin.py:188} INFO - [2026-07-28T21:21:07.300+0000] {dag.py:3096} INFO - Sync 1 DAGs
[2026-07-28T21:21:07.398+0000] {logging_mixin.py:188} INFO - [2026-07-28T21:21:07.398+0000] {dag.py:3954} INFO - Setting next_dagrun for process_silver_layer to None, run_after=None
[2026-07-28T21:21:07.484+0000] {processor.py:183} INFO - Processing /opt/airflow/dags/silver_processing_dag.py took 0.347 seconds
[2026-07-28T21:21:38.074+0000] {processor.py:161} INFO - Started process (PID=5995) to work on /opt/airflow/dags/silver_processing_dag.py
[2026-07-28T21:21:38.077+0000] {processor.py:830} INFO - Processing file /opt/airflow/dags/silver_processing_dag.py for tasks to queue
[2026-07-28T21:21:38.090+0000] {logging_mixin.py:188} INFO - [2026-07-28T21:21:38.084+0000] {dagbag.py:545} INFO - Filling up the DagBag from /opt/airflow/dags/silver_processing_dag.py
[2026-07-28T21:21:38.260+0000] {processor.py:840} INFO - DAG(s) 'process_silver_layer' retrieved from /opt/airflow/dags/silver_processing_dag.py
[2026-07-28T21:21:38.471+0000] {logging_mixin.py:188} INFO - [2026-07-28T21:21:38.470+0000] {dag.py:3096} INFO - Sync 1 DAGs
[2026-07-28T21:21:38.542+0000] {logging_mixin.py:188} INFO - [2026-07-28T21:21:38.541+0000] {dag.py:3954} INFO - Setting next_dagrun for process_silver_layer to None, run_after=None
[2026-07-28T21:21:38.636+0000] {processor.py:183} INFO - Processing /opt/airflow/dags/silver_processing_dag.py took 0.584 seconds
[2026-07-28T21:22:09.037+0000] {processor.py:161} INFO - Started process (PID=6038) to work on /opt/airflow/dags/silver_processing_dag.py
[2026-07-28T21:22:09.041+0000] {processor.py:830} INFO - Processing file /opt/airflow/dags/silver_processing_dag.py for tasks to queue
[2026-07-28T21:22:09.046+0000] {logging_mixin.py:188} INFO - [2026-07-28T21:22:09.044+0000] {dagbag.py:545} INFO - Filling up the DagBag from /opt/airflow/dags/silver_processing_dag.py
[2026-07-28T21:22:09.152+0000] {processor.py:840} INFO - DAG(s) 'process_silver_layer' retrieved from /opt/airflow/dags/silver_processing_dag.py
[2026-07-28T21:22:09.299+0000] {logging_mixin.py:188} INFO - [2026-07-28T21:22:09.298+0000] {dag.py:3096} INFO - Sync 1 DAGs
[2026-07-28T21:22:09.358+0000] {logging_mixin.py:188} INFO - [2026-07-28T21:22:09.357+0000] {dag.py:3954} INFO - Setting next_dagrun for process_silver_layer to None, run_after=None
[2026-07-28T21:22:09.471+0000] {processor.py:183} INFO - Processing /opt/airflow/dags/silver_processing_dag.py took 0.494 seconds
[2026-07-28T21:22:40.060+0000] {processor.py:161} INFO - Started process (PID=6054) to work on /opt/airflow/dags/silver_processing_dag.py
[2026-07-28T21:22:40.064+0000] {processor.py:830} INFO - Processing file /opt/airflow/dags/silver_processing_dag.py for tasks to queue
[2026-07-28T21:22:40.068+0000] {logging_mixin.py:188} INFO - [2026-07-28T21:22:40.067+0000] {dagbag.py:545} INFO - Filling up the DagBag from /opt/airflow/dags/silver_processing_dag.py
[2026-07-28T21:22:40.149+0000] {processor.py:840} INFO - DAG(s) 'process_silver_layer' retrieved from /opt/airflow/dags/silver_processing_dag.py
[2026-07-28T21:22:40.285+0000] {logging_mixin.py:188} INFO - [2026-07-28T21:22:40.274+0000] {dag.py:3096} INFO - Sync 1 DAGs
[2026-07-28T21:22:40.354+0000] {logging_mixin.py:188} INFO - [2026-07-28T21:22:40.353+0000] {dag.py:3954} INFO - Setting next_dagrun for process_silver_layer to None, run_after=None
[2026-07-28T21:22:41.430+0000] {processor.py:183} INFO - Processing /opt/airflow/dags/silver_processing_dag.py took 1.391 seconds
[2026-07-28T21:23:11.692+0000] {processor.py:161} INFO - Started process (PID=6072) to work on /opt/airflow/dags/silver_processing_dag.py
[2026-07-28T21:23:11.695+0000] {processor.py:830} INFO - Processing file /opt/airflow/dags/silver_processing_dag.py for tasks to queue
[2026-07-28T21:23:11.699+0000] {logging_mixin.py:188} INFO - [2026-07-28T21:23:11.698+0000] {dagbag.py:545} INFO - Filling up the DagBag from /opt/airflow/dags/silver_processing_dag.py
[2026-07-28T21:23:11.760+0000] {processor.py:840} INFO - DAG(s) 'process_silver_layer' retrieved from /opt/airflow/dags/silver_processing_dag.py
[2026-07-28T21:23:11.865+0000] {logging_mixin.py:188} INFO - [2026-07-28T21:23:11.865+0000] {dag.py:3096} INFO - Sync 1 DAGs
[2026-07-28T21:23:11.903+0000] {logging_mixin.py:188} INFO - [2026-07-28T21:23:11.902+0000] {dag.py:3954} INFO - Setting next_dagrun for process_silver_layer to None, run_after=None
[2026-07-28T21:23:11.953+0000] {processor.py:183} INFO - Processing /opt/airflow/dags/silver_processing_dag.py took 0.277 seconds
[2026-07-28T21:23:42.308+0000] {processor.py:161} INFO - Started process (PID=6085) to work on /opt/airflow/dags/silver_processing_dag.py
[2026-07-28T21:23:42.315+0000] {processor.py:830} INFO - Processing file /opt/airflow/dags/silver_processing_dag.py for tasks to queue
[2026-07-28T21:23:42.331+0000] {logging_mixin.py:188} INFO - [2026-07-28T21:23:42.329+0000] {dagbag.py:545} INFO - Filling up the DagBag from /opt/airflow/dags/silver_processing_dag.py
[2026-07-28T21:23:42.424+0000] {processor.py:840} INFO - DAG(s) 'process_silver_layer' retrieved from /opt/airflow/dags/silver_processing_dag.py
[2026-07-28T21:23:42.573+0000] {logging_mixin.py:188} INFO - [2026-07-28T21:23:42.572+0000] {dag.py:3096} INFO - Sync 1 DAGs
[2026-07-28T21:23:42.615+0000] {logging_mixin.py:188} INFO - [2026-07-28T21:23:42.614+0000] {dag.py:3954} INFO - Setting next_dagrun for process_silver_layer to None, run_after=None
[2026-07-28T21:23:42.690+0000] {processor.py:183} INFO - Processing /opt/airflow/dags/silver_processing_dag.py took 0.412 seconds
[2026-07-28T21:24:12.969+0000] {processor.py:161} INFO - Started process (PID=6101) to work on /opt/airflow/dags/silver_processing_dag.py
[2026-07-28T21:24:12.975+0000] {processor.py:830} INFO - Processing file /opt/airflow/dags/silver_processing_dag.py for tasks to queue
[2026-07-28T21:24:12.984+0000] {logging_mixin.py:188} INFO - [2026-07-28T21:24:12.979+0000] {dagbag.py:545} INFO - Filling up the DagBag from /opt/airflow/dags/silver_processing_dag.py
[2026-07-28T21:24:13.069+0000] {processor.py:840} INFO - DAG(s) 'process_silver_layer' retrieved from /opt/airflow/dags/silver_processing_dag.py
[2026-07-28T21:24:13.169+0000] {logging_mixin.py:188} INFO - [2026-07-28T21:24:13.168+0000] {dag.py:3096} INFO - Sync 1 DAGs
[2026-07-28T21:24:13.219+0000] {logging_mixin.py:188} INFO - [2026-07-28T21:24:13.219+0000] {dag.py:3954} INFO - Setting next_dagrun for process_silver_layer to None, run_after=None
[2026-07-28T21:24:13.283+0000] {processor.py:183} INFO - Processing /opt/airflow/dags/silver_processing_dag.py took 0.347 seconds
[2026-07-28T21:24:44.266+0000] {processor.py:161} INFO - Started process (PID=6116) to work on /opt/airflow/dags/silver_processing_dag.py
[2026-07-28T21:24:44.274+0000] {processor.py:830} INFO - Processing file /opt/airflow/dags/silver_processing_dag.py for tasks to queue
[2026-07-28T21:24:44.278+0000] {logging_mixin.py:188} INFO - [2026-07-28T21:24:44.277+0000] {dagbag.py:545} INFO - Filling up the DagBag from /opt/airflow/dags/silver_processing_dag.py
[2026-07-28T21:24:44.346+0000] {processor.py:840} INFO - DAG(s) 'process_silver_layer' retrieved from /opt/airflow/dags/silver_processing_dag.py
[2026-07-28T21:24:44.419+0000] {logging_mixin.py:188} INFO - [2026-07-28T21:24:44.418+0000] {dag.py:3096} INFO - Sync 1 DAGs
[2026-07-28T21:24:44.465+0000] {logging_mixin.py:188} INFO - [2026-07-28T21:24:44.464+0000] {dag.py:3954} INFO - Setting next_dagrun for process_silver_layer to None, run_after=None
[2026-07-28T21:24:44.608+0000] {processor.py:183} INFO - Processing /opt/airflow/dags/silver_processing_dag.py took 0.367 seconds
[2026-07-28T21:25:15.237+0000] {processor.py:161} INFO - Started process (PID=6133) to work on /opt/airflow/dags/silver_processing_dag.py
[2026-07-28T21:25:15.242+0000] {processor.py:830} INFO - Processing file /opt/airflow/dags/silver_processing_dag.py for tasks to queue
[2026-07-28T21:25:15.247+0000] {logging_mixin.py:188} INFO - [2026-07-28T21:25:15.245+0000] {dagbag.py:545} INFO - Filling up the DagBag from /opt/airflow/dags/silver_processing_dag.py
[2026-07-28T21:25:15.327+0000] {processor.py:840} INFO - DAG(s) 'process_silver_layer' retrieved from /opt/airflow/dags/silver_processing_dag.py
[2026-07-28T21:25:15.508+0000] {logging_mixin.py:188} INFO - [2026-07-28T21:25:15.506+0000] {dag.py:3096} INFO - Sync 1 DAGs
[2026-07-28T21:25:15.636+0000] {logging_mixin.py:188} INFO - [2026-07-28T21:25:15.635+0000] {dag.py:3954} INFO - Setting next_dagrun for process_silver_layer to None, run_after=None
[2026-07-28T21:25:15.936+0000] {processor.py:183} INFO - Processing /opt/airflow/dags/silver_processing_dag.py took 0.727 seconds
[2026-07-28T21:25:46.680+0000] {processor.py:161} INFO - Started process (PID=6148) to work on /opt/airflow/dags/silver_processing_dag.py
[2026-07-28T21:25:46.686+0000] {processor.py:830} INFO - Processing file /opt/airflow/dags/silver_processing_dag.py for tasks to queue
[2026-07-28T21:25:46.690+0000] {logging_mixin.py:188} INFO - [2026-07-28T21:25:46.689+0000] {dagbag.py:545} INFO - Filling up the DagBag from /opt/airflow/dags/silver_processing_dag.py
[2026-07-28T21:25:46.768+0000] {processor.py:840} INFO - DAG(s) 'process_silver_layer' retrieved from /opt/airflow/dags/silver_processing_dag.py
[2026-07-28T21:25:47.115+0000] {logging_mixin.py:188} INFO - [2026-07-28T21:25:47.114+0000] {dag.py:3096} INFO - Sync 1 DAGs
[2026-07-28T21:25:47.201+0000] {logging_mixin.py:188} INFO - [2026-07-28T21:25:47.201+0000] {dag.py:3954} INFO - Setting next_dagrun for process_silver_layer to None, run_after=None
[2026-07-28T21:25:47.796+0000] {processor.py:183} INFO - Processing /opt/airflow/dags/silver_processing_dag.py took 1.138 seconds
[2026-07-28T21:26:18.355+0000] {processor.py:161} INFO - Started process (PID=6164) to work on /opt/airflow/dags/silver_processing_dag.py
[2026-07-28T21:26:18.359+0000] {processor.py:830} INFO - Processing file /opt/airflow/dags/silver_processing_dag.py for tasks to queue
[2026-07-28T21:26:18.365+0000] {logging_mixin.py:188} INFO - [2026-07-28T21:26:18.362+0000] {dagbag.py:545} INFO - Filling up the DagBag from /opt/airflow/dags/silver_processing_dag.py
[2026-07-28T21:26:18.458+0000] {processor.py:840} INFO - DAG(s) 'process_silver_layer' retrieved from /opt/airflow/dags/silver_processing_dag.py
[2026-07-28T21:26:18.845+0000] {logging_mixin.py:188} INFO - [2026-07-28T21:26:18.844+0000] {dag.py:3096} INFO - Sync 1 DAGs
[2026-07-28T21:26:19.048+0000] {logging_mixin.py:188} INFO - [2026-07-28T21:26:19.047+0000] {dag.py:3954} INFO - Setting next_dagrun for process_silver_layer to None, run_after=None
[2026-07-28T21:26:19.258+0000] {processor.py:183} INFO - Processing /opt/airflow/dags/silver_processing_dag.py took 0.965 seconds
[2026-07-28T21:27:00.679+0000] {processor.py:161} INFO - Started process (PID=6180) to work on /opt/airflow/dags/silver_processing_dag.py
[2026-07-28T21:27:00.689+0000] {processor.py:830} INFO - Processing file /opt/airflow/dags/silver_processing_dag.py for tasks to queue
[2026-07-28T21:27:00.696+0000] {logging_mixin.py:188} INFO - [2026-07-28T21:27:00.695+0000] {dagbag.py:545} INFO - Filling up the DagBag from /opt/airflow/dags/silver_processing_dag.py
[2026-07-28T21:27:00.837+0000] {processor.py:840} INFO - DAG(s) 'process_silver_layer' retrieved from /opt/airflow/dags/silver_processing_dag.py
[2026-07-28T21:27:01.019+0000] {logging_mixin.py:188} INFO - [2026-07-28T21:27:01.019+0000] {dag.py:3096} INFO - Sync 1 DAGs
[2026-07-28T21:27:01.074+0000] {logging_mixin.py:188} INFO - [2026-07-28T21:27:01.074+0000] {dag.py:3954} INFO - Setting next_dagrun for process_silver_layer to None, run_after=None
[2026-07-28T21:27:01.162+0000] {processor.py:183} INFO - Processing /opt/airflow/dags/silver_processing_dag.py took 0.508 seconds
[2026-07-28T21:27:31.378+0000] {processor.py:161} INFO - Started process (PID=6197) to work on /opt/airflow/dags/silver_processing_dag.py
[2026-07-28T21:27:31.381+0000] {processor.py:830} INFO - Processing file /opt/airflow/dags/silver_processing_dag.py for tasks to queue
[2026-07-28T21:27:31.386+0000] {logging_mixin.py:188} INFO - [2026-07-28T21:27:31.385+0000] {dagbag.py:545} INFO - Filling up the DagBag from /opt/airflow/dags/silver_processing_dag.py
[2026-07-28T21:27:31.438+0000] {processor.py:840} INFO - DAG(s) 'process_silver_layer' retrieved from /opt/airflow/dags/silver_processing_dag.py
[2026-07-28T21:27:31.583+0000] {logging_mixin.py:188} INFO - [2026-07-28T21:27:31.583+0000] {dag.py:3096} INFO - Sync 1 DAGs
[2026-07-28T21:27:31.636+0000] {logging_mixin.py:188} INFO - [2026-07-28T21:27:31.635+0000] {dag.py:3954} INFO - Setting next_dagrun for process_silver_layer to None, run_after=None
[2026-07-28T21:27:31.738+0000] {processor.py:183} INFO - Processing /opt/airflow/dags/silver_processing_dag.py took 0.382 seconds
[2026-07-28T21:28:02.063+0000] {processor.py:161} INFO - Started process (PID=6212) to work on /opt/airflow/dags/silver_processing_dag.py
[2026-07-28T21:28:02.069+0000] {processor.py:830} INFO - Processing file /opt/airflow/dags/silver_processing_dag.py for tasks to queue
[2026-07-28T21:28:02.074+0000] {logging_mixin.py:188} INFO - [2026-07-28T21:28:02.073+0000] {dagbag.py:545} INFO - Filling up the DagBag from /opt/airflow/dags/silver_processing_dag.py
[2026-07-28T21:28:02.175+0000] {processor.py:840} INFO - DAG(s) 'process_silver_layer' retrieved from /opt/airflow/dags/silver_processing_dag.py
[2026-07-28T21:28:02.245+0000] {logging_mixin.py:188} INFO - [2026-07-28T21:28:02.244+0000] {dag.py:3096} INFO - Sync 1 DAGs
[2026-07-28T21:28:02.288+0000] {logging_mixin.py:188} INFO - [2026-07-28T21:28:02.288+0000] {dag.py:3954} INFO - Setting next_dagrun for process_silver_layer to None, run_after=None
[2026-07-28T21:28:02.870+0000] {processor.py:183} INFO - Processing /opt/airflow/dags/silver_processing_dag.py took 0.828 seconds
[2026-07-28T21:28:33.858+0000] {processor.py:161} INFO - Started process (PID=6228) to work on /opt/airflow/dags/silver_processing_dag.py
[2026-07-28T21:28:33.885+0000] {processor.py:830} INFO - Processing file /opt/airflow/dags/silver_processing_dag.py for tasks to queue
[2026-07-28T21:28:33.894+0000] {logging_mixin.py:188} INFO - [2026-07-28T21:28:33.893+0000] {dagbag.py:545} INFO - Filling up the DagBag from /opt/airflow/dags/silver_processing_dag.py
[2026-07-28T21:28:33.974+0000] {processor.py:840} INFO - DAG(s) 'process_silver_layer' retrieved from /opt/airflow/dags/silver_processing_dag.py
[2026-07-28T21:28:34.039+0000] {logging_mixin.py:188} INFO - [2026-07-28T21:28:34.038+0000] {dag.py:3096} INFO - Sync 1 DAGs
[2026-07-28T21:28:34.108+0000] {logging_mixin.py:188} INFO - [2026-07-28T21:28:34.108+0000] {dag.py:3954} INFO - Setting next_dagrun for process_silver_layer to None, run_after=None
[2026-07-28T21:28:35.039+0000] {processor.py:183} INFO - Processing /opt/airflow/dags/silver_processing_dag.py took 1.241 seconds
[2026-07-28T21:29:05.388+0000] {processor.py:161} INFO - Started process (PID=6246) to work on /opt/airflow/dags/silver_processing_dag.py
[2026-07-28T21:29:05.391+0000] {processor.py:830} INFO - Processing file /opt/airflow/dags/silver_processing_dag.py for tasks to queue
[2026-07-28T21:29:05.395+0000] {logging_mixin.py:188} INFO - [2026-07-28T21:29:05.394+0000] {dagbag.py:545} INFO - Filling up the DagBag from /opt/airflow/dags/silver_processing_dag.py
[2026-07-28T21:29:05.441+0000] {processor.py:840} INFO - DAG(s) 'process_silver_layer' retrieved from /opt/airflow/dags/silver_processing_dag.py
[2026-07-28T21:29:05.497+0000] {logging_mixin.py:188} INFO - [2026-07-28T21:29:05.497+0000] {dag.py:3096} INFO - Sync 1 DAGs
[2026-07-28T21:29:05.526+0000] {logging_mixin.py:188} INFO - [2026-07-28T21:29:05.525+0000] {dag.py:3954} INFO - Setting next_dagrun for process_silver_layer to None, run_after=None
[2026-07-28T21:29:05.572+0000] {processor.py:183} INFO - Processing /opt/airflow/dags/silver_processing_dag.py took 0.200 seconds
[2026-07-28T21:29:36.047+0000] {processor.py:161} INFO - Started process (PID=6261) to work on /opt/airflow/dags/silver_processing_dag.py
[2026-07-28T21:29:36.075+0000] {processor.py:830} INFO - Processing file /opt/airflow/dags/silver_processing_dag.py for tasks to queue
[2026-07-28T21:29:36.120+0000] {logging_mixin.py:188} INFO - [2026-07-28T21:29:36.118+0000] {dagbag.py:545} INFO - Filling up the DagBag from /opt/airflow/dags/silver_processing_dag.py
[2026-07-28T21:29:36.643+0000] {processor.py:840} INFO - DAG(s) 'process_silver_layer' retrieved from /opt/airflow/dags/silver_processing_dag.py
[2026-07-28T21:29:36.808+0000] {logging_mixin.py:188} INFO - [2026-07-28T21:29:36.807+0000] {dag.py:3096} INFO - Sync 1 DAGs
[2026-07-28T21:29:36.921+0000] {logging_mixin.py:188} INFO - [2026-07-28T21:29:36.920+0000] {dag.py:3954} INFO - Setting next_dagrun for process_silver_layer to None, run_after=None
[2026-07-28T21:29:37.073+0000] {processor.py:183} INFO - Processing /opt/airflow/dags/silver_processing_dag.py took 1.072 seconds
[2026-07-28T21:30:07.920+0000] {processor.py:161} INFO - Started process (PID=6276) to work on /opt/airflow/dags/silver_processing_dag.py
[2026-07-28T21:30:07.938+0000] {processor.py:830} INFO - Processing file /opt/airflow/dags/silver_processing_dag.py for tasks to queue
[2026-07-28T21:30:07.955+0000] {logging_mixin.py:188} INFO - [2026-07-28T21:30:07.952+0000] {dagbag.py:545} INFO - Filling up the DagBag from /opt/airflow/dags/silver_processing_dag.py
[2026-07-28T21:30:08.126+0000] {processor.py:840} INFO - DAG(s) 'process_silver_layer' retrieved from /opt/airflow/dags/silver_processing_dag.py
[2026-07-28T21:30:08.287+0000] {logging_mixin.py:188} INFO - [2026-07-28T21:30:08.286+0000] {dag.py:3096} INFO - Sync 1 DAGs
[2026-07-28T21:30:08.400+0000] {logging_mixin.py:188} INFO - [2026-07-28T21:30:08.400+0000] {dag.py:3954} INFO - Setting next_dagrun for process_silver_layer to None, run_after=None
[2026-07-28T21:30:08.485+0000] {processor.py:183} INFO - Processing /opt/airflow/dags/silver_processing_dag.py took 0.641 seconds
[2026-07-28T21:30:39.259+0000] {processor.py:161} INFO - Started process (PID=6292) to work on /opt/airflow/dags/silver_processing_dag.py
[2026-07-28T21:30:39.263+0000] {processor.py:830} INFO - Processing file /opt/airflow/dags/silver_processing_dag.py for tasks to queue
[2026-07-28T21:30:39.267+0000] {logging_mixin.py:188} INFO - [2026-07-28T21:30:39.266+0000] {dagbag.py:545} INFO - Filling up the DagBag from /opt/airflow/dags/silver_processing_dag.py
[2026-07-28T21:30:39.321+0000] {processor.py:840} INFO - DAG(s) 'process_silver_layer' retrieved from /opt/airflow/dags/silver_processing_dag.py
[2026-07-28T21:30:39.396+0000] {logging_mixin.py:188} INFO - [2026-07-28T21:30:39.395+0000] {dag.py:3096} INFO - Sync 1 DAGs
[2026-07-28T21:30:39.442+0000] {logging_mixin.py:188} INFO - [2026-07-28T21:30:39.442+0000] {dag.py:3954} INFO - Setting next_dagrun for process_silver_layer to None, run_after=None
[2026-07-28T21:30:39.644+0000] {processor.py:183} INFO - Processing /opt/airflow/dags/silver_processing_dag.py took 0.413 seconds
[2026-07-28T21:31:09.824+0000] {processor.py:161} INFO - Started process (PID=6305) to work on /opt/airflow/dags/silver_processing_dag.py
[2026-07-28T21:31:09.868+0000] {processor.py:830} INFO - Processing file /opt/airflow/dags/silver_processing_dag.py for tasks to queue
[2026-07-28T21:31:09.873+0000] {logging_mixin.py:188} INFO - [2026-07-28T21:31:09.872+0000] {dagbag.py:545} INFO - Filling up the DagBag from /opt/airflow/dags/silver_processing_dag.py
[2026-07-28T21:31:09.949+0000] {processor.py:840} INFO - DAG(s) 'process_silver_layer' retrieved from /opt/airflow/dags/silver_processing_dag.py
[2026-07-28T21:31:10.177+0000] {logging_mixin.py:188} INFO - [2026-07-28T21:31:10.176+0000] {dag.py:3096} INFO - Sync 1 DAGs
[2026-07-28T21:31:10.336+0000] {logging_mixin.py:188} INFO - [2026-07-28T21:31:10.336+0000] {dag.py:3954} INFO - Setting next_dagrun for process_silver_layer to None, run_after=None
[2026-07-28T21:31:10.521+0000] {processor.py:183} INFO - Processing /opt/airflow/dags/silver_processing_dag.py took 0.722 seconds
[2026-07-28T21:31:40.952+0000] {processor.py:161} INFO - Started process (PID=6321) to work on /opt/airflow/dags/silver_processing_dag.py
[2026-07-28T21:31:40.955+0000] {processor.py:830} INFO - Processing file /opt/airflow/dags/silver_processing_dag.py for tasks to queue
[2026-07-28T21:31:40.960+0000] {logging_mixin.py:188} INFO - [2026-07-28T21:31:40.959+0000] {dagbag.py:545} INFO - Filling up the DagBag from /opt/airflow/dags/silver_processing_dag.py
[2026-07-28T21:31:41.016+0000] {processor.py:840} INFO - DAG(s) 'process_silver_layer' retrieved from /opt/airflow/dags/silver_processing_dag.py
[2026-07-28T21:31:41.080+0000] {logging_mixin.py:188} INFO - [2026-07-28T21:31:41.080+0000] {dag.py:3096} INFO - Sync 1 DAGs
[2026-07-28T21:31:41.118+0000] {logging_mixin.py:188} INFO - [2026-07-28T21:31:41.117+0000] {dag.py:3954} INFO - Setting next_dagrun for process_silver_layer to None, run_after=None
[2026-07-28T21:31:41.176+0000] {processor.py:183} INFO - Processing /opt/airflow/dags/silver_processing_dag.py took 0.243 seconds
[2026-07-28T21:32:11.606+0000] {processor.py:161} INFO - Started process (PID=6338) to work on /opt/airflow/dags/silver_processing_dag.py
[2026-07-28T21:32:11.612+0000] {processor.py:830} INFO - Processing file /opt/airflow/dags/silver_processing_dag.py for tasks to queue
[2026-07-28T21:32:11.631+0000] {logging_mixin.py:188} INFO - [2026-07-28T21:32:11.629+0000] {dagbag.py:545} INFO - Filling up the DagBag from /opt/airflow/dags/silver_processing_dag.py
[2026-07-28T21:32:11.692+0000] {processor.py:840} INFO - DAG(s) 'process_silver_layer' retrieved from /opt/airflow/dags/silver_processing_dag.py
[2026-07-28T21:32:11.770+0000] {logging_mixin.py:188} INFO - [2026-07-28T21:32:11.769+0000] {dag.py:3096} INFO - Sync 1 DAGs
[2026-07-28T21:32:11.809+0000] {logging_mixin.py:188} INFO - [2026-07-28T21:32:11.809+0000] {dag.py:3954} INFO - Setting next_dagrun for process_silver_layer to None, run_after=None
[2026-07-28T21:32:11.983+0000] {processor.py:183} INFO - Processing /opt/airflow/dags/silver_processing_dag.py took 0.408 seconds
[2026-07-28T21:32:43.071+0000] {processor.py:161} INFO - Started process (PID=6366) to work on /opt/airflow/dags/silver_processing_dag.py
[2026-07-28T21:32:43.076+0000] {processor.py:830} INFO - Processing file /opt/airflow/dags/silver_processing_dag.py for tasks to queue
[2026-07-28T21:32:43.087+0000] {logging_mixin.py:188} INFO - [2026-07-28T21:32:43.081+0000] {dagbag.py:545} INFO - Filling up the DagBag from /opt/airflow/dags/silver_processing_dag.py
[2026-07-28T21:32:43.175+0000] {processor.py:840} INFO - DAG(s) 'process_silver_layer' retrieved from /opt/airflow/dags/silver_processing_dag.py
[2026-07-28T21:32:43.255+0000] {logging_mixin.py:188} INFO - [2026-07-28T21:32:43.255+0000] {dag.py:3096} INFO - Sync 1 DAGs
[2026-07-28T21:32:43.302+0000] {logging_mixin.py:188} INFO - [2026-07-28T21:32:43.302+0000] {dag.py:3954} INFO - Setting next_dagrun for process_silver_layer to None, run_after=None
[2026-07-28T21:32:43.487+0000] {processor.py:183} INFO - Processing /opt/airflow/dags/silver_processing_dag.py took 0.449 seconds
[2026-07-28T21:33:13.704+0000] {processor.py:161} INFO - Started process (PID=6380) to work on /opt/airflow/dags/silver_processing_dag.py
[2026-07-28T21:33:13.706+0000] {processor.py:830} INFO - Processing file /opt/airflow/dags/silver_processing_dag.py for tasks to queue
[2026-07-28T21:33:13.710+0000] {logging_mixin.py:188} INFO - [2026-07-28T21:33:13.709+0000] {dagbag.py:545} INFO - Filling up the DagBag from /opt/airflow/dags/silver_processing_dag.py
[2026-07-28T21:33:13.763+0000] {processor.py:840} INFO - DAG(s) 'process_silver_layer' retrieved from /opt/airflow/dags/silver_processing_dag.py
[2026-07-28T21:33:13.821+0000] {logging_mixin.py:188} INFO - [2026-07-28T21:33:13.821+0000] {dag.py:3096} INFO - Sync 1 DAGs
[2026-07-28T21:33:13.854+0000] {logging_mixin.py:188} INFO - [2026-07-28T21:33:13.853+0000] {dag.py:3954} INFO - Setting next_dagrun for process_silver_layer to None, run_after=None
[2026-07-28T21:33:13.911+0000] {processor.py:183} INFO - Processing /opt/airflow/dags/silver_processing_dag.py took 0.226 seconds
[2026-07-28T21:33:44.613+0000] {processor.py:161} INFO - Started process (PID=6398) to work on /opt/airflow/dags/silver_processing_dag.py
[2026-07-28T21:33:44.616+0000] {processor.py:830} INFO - Processing file /opt/airflow/dags/silver_processing_dag.py for tasks to queue
[2026-07-28T21:33:44.621+0000] {logging_mixin.py:188} INFO - [2026-07-28T21:33:44.620+0000] {dagbag.py:545} INFO - Filling up the DagBag from /opt/airflow/dags/silver_processing_dag.py
[2026-07-28T21:33:44.682+0000] {processor.py:840} INFO - DAG(s) 'process_silver_layer' retrieved from /opt/airflow/dags/silver_processing_dag.py
[2026-07-28T21:33:44.749+0000] {logging_mixin.py:188} INFO - [2026-07-28T21:33:44.748+0000] {dag.py:3096} INFO - Sync 1 DAGs
[2026-07-28T21:33:44.832+0000] {logging_mixin.py:188} INFO - [2026-07-28T21:33:44.832+0000] {dag.py:3954} INFO - Setting next_dagrun for process_silver_layer to None, run_after=None
[2026-07-28T21:33:44.902+0000] {processor.py:183} INFO - Processing /opt/airflow/dags/silver_processing_dag.py took 0.313 seconds
[2026-07-28T21:34:15.150+0000] {processor.py:161} INFO - Started process (PID=6426) to work on /opt/airflow/dags/silver_processing_dag.py
[2026-07-28T21:34:15.154+0000] {processor.py:830} INFO - Processing file /opt/airflow/dags/silver_processing_dag.py for tasks to queue
[2026-07-28T21:34:15.161+0000] {logging_mixin.py:188} INFO - [2026-07-28T21:34:15.160+0000] {dagbag.py:545} INFO - Filling up the DagBag from /opt/airflow/dags/silver_processing_dag.py
[2026-07-28T21:34:15.237+0000] {processor.py:840} INFO - DAG(s) 'process_silver_layer' retrieved from /opt/airflow/dags/silver_processing_dag.py
[2026-07-28T21:34:15.302+0000] {logging_mixin.py:188} INFO - [2026-07-28T21:34:15.301+0000] {dag.py:3096} INFO - Sync 1 DAGs
[2026-07-28T21:34:15.349+0000] {logging_mixin.py:188} INFO - [2026-07-28T21:34:15.349+0000] {dag.py:3954} INFO - Setting next_dagrun for process_silver_layer to None, run_after=None
[2026-07-28T21:34:15.445+0000] {processor.py:183} INFO - Processing /opt/airflow/dags/silver_processing_dag.py took 0.329 seconds
[2026-07-28T21:34:46.088+0000] {processor.py:161} INFO - Started process (PID=6441) to work on /opt/airflow/dags/silver_processing_dag.py
[2026-07-28T21:34:46.091+0000] {processor.py:830} INFO - Processing file /opt/airflow/dags/silver_processing_dag.py for tasks to queue
[2026-07-28T21:34:46.096+0000] {logging_mixin.py:188} INFO - [2026-07-28T21:34:46.094+0000] {dagbag.py:545} INFO - Filling up the DagBag from /opt/airflow/dags/silver_processing_dag.py
[2026-07-28T21:34:46.176+0000] {processor.py:840} INFO - DAG(s) 'process_silver_layer' retrieved from /opt/airflow/dags/silver_processing_dag.py
[2026-07-28T21:34:46.247+0000] {logging_mixin.py:188} INFO - [2026-07-28T21:34:46.246+0000] {dag.py:3096} INFO - Sync 1 DAGs
[2026-07-28T21:34:46.290+0000] {logging_mixin.py:188} INFO - [2026-07-28T21:34:46.290+0000] {dag.py:3954} INFO - Setting next_dagrun for process_silver_layer to None, run_after=None
[2026-07-28T21:34:46.344+0000] {processor.py:183} INFO - Processing /opt/airflow/dags/silver_processing_dag.py took 0.275 seconds
[2026-07-28T21:35:16.811+0000] {processor.py:161} INFO - Started process (PID=6467) to work on /opt/airflow/dags/silver_processing_dag.py
[2026-07-28T21:35:16.815+0000] {processor.py:830} INFO - Processing file /opt/airflow/dags/silver_processing_dag.py for tasks to queue
[2026-07-28T21:35:16.819+0000] {logging_mixin.py:188} INFO - [2026-07-28T21:35:16.818+0000] {dagbag.py:545} INFO - Filling up the DagBag from /opt/airflow/dags/silver_processing_dag.py
[2026-07-28T21:35:16.889+0000] {processor.py:840} INFO - DAG(s) 'process_silver_layer' retrieved from /opt/airflow/dags/silver_processing_dag.py
[2026-07-28T21:35:16.957+0000] {logging_mixin.py:188} INFO - [2026-07-28T21:35:16.956+0000] {dag.py:3096} INFO - Sync 1 DAGs
[2026-07-28T21:35:17.009+0000] {logging_mixin.py:188} INFO - [2026-07-28T21:35:17.009+0000] {dag.py:3954} INFO - Setting next_dagrun for process_silver_layer to None, run_after=None
[2026-07-28T21:35:17.070+0000] {processor.py:183} INFO - Processing /opt/airflow/dags/silver_processing_dag.py took 0.285 seconds
[2026-07-28T21:35:58.861+0000] {processor.py:161} INFO - Started process (PID=6499) to work on /opt/airflow/dags/silver_processing_dag.py
[2026-07-28T21:35:58.864+0000] {processor.py:830} INFO - Processing file /opt/airflow/dags/silver_processing_dag.py for tasks to queue
[2026-07-28T21:35:58.869+0000] {logging_mixin.py:188} INFO - [2026-07-28T21:35:58.867+0000] {dagbag.py:545} INFO - Filling up the DagBag from /opt/airflow/dags/silver_processing_dag.py
[2026-07-28T21:35:58.933+0000] {processor.py:840} INFO - DAG(s) 'process_silver_layer' retrieved from /opt/airflow/dags/silver_processing_dag.py
[2026-07-28T21:35:59.342+0000] {logging_mixin.py:188} INFO - [2026-07-28T21:35:59.340+0000] {dag.py:3096} INFO - Sync 1 DAGs
[2026-07-28T21:36:00.092+0000] {logging_mixin.py:188} INFO - [2026-07-28T21:36:00.091+0000] {dag.py:3954} INFO - Setting next_dagrun for process_silver_layer to None, run_after=None
[2026-07-28T21:36:01.600+0000] {processor.py:183} INFO - Processing /opt/airflow/dags/silver_processing_dag.py took 2.764 seconds
[2026-07-28T21:36:32.588+0000] {processor.py:161} INFO - Started process (PID=6568) to work on /opt/airflow/dags/silver_processing_dag.py
[2026-07-28T21:36:32.592+0000] {processor.py:830} INFO - Processing file /opt/airflow/dags/silver_processing_dag.py for tasks to queue
[2026-07-28T21:36:32.610+0000] {logging_mixin.py:188} INFO - [2026-07-28T21:36:32.608+0000] {dagbag.py:545} INFO - Filling up the DagBag from /opt/airflow/dags/silver_processing_dag.py
[2026-07-28T21:36:32.861+0000] {processor.py:840} INFO - DAG(s) 'process_silver_layer' retrieved from /opt/airflow/dags/silver_processing_dag.py
[2026-07-28T21:36:32.950+0000] {logging_mixin.py:188} INFO - [2026-07-28T21:36:32.950+0000] {dag.py:3096} INFO - Sync 1 DAGs
[2026-07-28T21:36:32.985+0000] {logging_mixin.py:188} INFO - [2026-07-28T21:36:32.985+0000] {dag.py:3954} INFO - Setting next_dagrun for process_silver_layer to None, run_after=None
[2026-07-28T21:36:34.888+0000] {processor.py:183} INFO - Processing /opt/airflow/dags/silver_processing_dag.py took 2.548 seconds
[2026-07-28T21:37:05.749+0000] {processor.py:161} INFO - Started process (PID=6648) to work on /opt/airflow/dags/silver_processing_dag.py
[2026-07-28T21:37:05.764+0000] {processor.py:830} INFO - Processing file /opt/airflow/dags/silver_processing_dag.py for tasks to queue
[2026-07-28T21:37:05.775+0000] {logging_mixin.py:188} INFO - [2026-07-28T21:37:05.773+0000] {dagbag.py:545} INFO - Filling up the DagBag from /opt/airflow/dags/silver_processing_dag.py
[2026-07-28T21:37:06.034+0000] {processor.py:840} INFO - DAG(s) 'process_silver_layer' retrieved from /opt/airflow/dags/silver_processing_dag.py
[2026-07-28T21:37:06.268+0000] {logging_mixin.py:188} INFO - [2026-07-28T21:37:06.268+0000] {dag.py:3096} INFO - Sync 1 DAGs
[2026-07-28T21:37:06.455+0000] {logging_mixin.py:188} INFO - [2026-07-28T21:37:06.454+0000] {dag.py:3954} INFO - Setting next_dagrun for process_silver_layer to None, run_after=None
[2026-07-28T21:37:06.737+0000] {processor.py:183} INFO - Processing /opt/airflow/dags/silver_processing_dag.py took 1.041 seconds
[2026-07-28T21:37:37.299+0000] {processor.py:161} INFO - Started process (PID=7266) to work on /opt/airflow/dags/silver_processing_dag.py
[2026-07-28T21:37:37.328+0000] {processor.py:830} INFO - Processing file /opt/airflow/dags/silver_processing_dag.py for tasks to queue
[2026-07-28T21:37:37.336+0000] {logging_mixin.py:188} INFO - [2026-07-28T21:37:37.335+0000] {dagbag.py:545} INFO - Filling up the DagBag from /opt/airflow/dags/silver_processing_dag.py
[2026-07-28T21:37:37.460+0000] {processor.py:840} INFO - DAG(s) 'process_silver_layer' retrieved from /opt/airflow/dags/silver_processing_dag.py
[2026-07-28T21:37:37.690+0000] {logging_mixin.py:188} INFO - [2026-07-28T21:37:37.687+0000] {dag.py:3096} INFO - Sync 1 DAGs
[2026-07-28T21:37:37.849+0000] {logging_mixin.py:188} INFO - [2026-07-28T21:37:37.848+0000] {dag.py:3954} INFO - Setting next_dagrun for process_silver_layer to None, run_after=None
[2026-07-28T21:37:38.127+0000] {processor.py:183} INFO - Processing /opt/airflow/dags/silver_processing_dag.py took 0.863 seconds
[2026-07-28T21:38:09.661+0000] {processor.py:161} INFO - Started process (PID=7329) to work on /opt/airflow/dags/silver_processing_dag.py
[2026-07-28T21:38:09.688+0000] {processor.py:830} INFO - Processing file /opt/airflow/dags/silver_processing_dag.py for tasks to queue
[2026-07-28T21:38:09.711+0000] {logging_mixin.py:188} INFO - [2026-07-28T21:38:09.706+0000] {dagbag.py:545} INFO - Filling up the DagBag from /opt/airflow/dags/silver_processing_dag.py
[2026-07-28T21:38:10.126+0000] {processor.py:840} INFO - DAG(s) 'process_silver_layer' retrieved from /opt/airflow/dags/silver_processing_dag.py
[2026-07-28T21:38:10.380+0000] {logging_mixin.py:188} INFO - [2026-07-28T21:38:10.379+0000] {dag.py:3096} INFO - Sync 1 DAGs
[2026-07-28T21:38:10.623+0000] {logging_mixin.py:188} INFO - [2026-07-28T21:38:10.622+0000] {dag.py:3954} INFO - Setting next_dagrun for process_silver_layer to None, run_after=None
[2026-07-28T21:38:10.832+0000] {processor.py:183} INFO - Processing /opt/airflow/dags/silver_processing_dag.py took 1.339 seconds
[2026-07-28T21:38:41.682+0000] {processor.py:161} INFO - Started process (PID=7392) to work on /opt/airflow/dags/silver_processing_dag.py
[2026-07-28T21:38:41.685+0000] {processor.py:830} INFO - Processing file /opt/airflow/dags/silver_processing_dag.py for tasks to queue
[2026-07-28T21:38:41.689+0000] {logging_mixin.py:188} INFO - [2026-07-28T21:38:41.688+0000] {dagbag.py:545} INFO - Filling up the DagBag from /opt/airflow/dags/silver_processing_dag.py
[2026-07-28T21:38:41.844+0000] {processor.py:840} INFO - DAG(s) 'process_silver_layer' retrieved from /opt/airflow/dags/silver_processing_dag.py
[2026-07-28T21:38:41.962+0000] {logging_mixin.py:188} INFO - [2026-07-28T21:38:41.961+0000] {dag.py:3096} INFO - Sync 1 DAGs
[2026-07-28T21:38:42.030+0000] {logging_mixin.py:188} INFO - [2026-07-28T21:38:42.029+0000] {dag.py:3954} INFO - Setting next_dagrun for process_silver_layer to None, run_after=None
[2026-07-28T21:38:42.121+0000] {processor.py:183} INFO - Processing /opt/airflow/dags/silver_processing_dag.py took 0.486 seconds
[2026-07-28T21:39:13.170+0000] {processor.py:161} INFO - Started process (PID=7439) to work on /opt/airflow/dags/silver_processing_dag.py
[2026-07-28T21:39:13.177+0000] {processor.py:830} INFO - Processing file /opt/airflow/dags/silver_processing_dag.py for tasks to queue
[2026-07-28T21:39:13.189+0000] {logging_mixin.py:188} INFO - [2026-07-28T21:39:13.183+0000] {dagbag.py:545} INFO - Filling up the DagBag from /opt/airflow/dags/silver_processing_dag.py
[2026-07-28T21:39:13.313+0000] {processor.py:840} INFO - DAG(s) 'process_silver_layer' retrieved from /opt/airflow/dags/silver_processing_dag.py
[2026-07-28T21:39:13.408+0000] {logging_mixin.py:188} INFO - [2026-07-28T21:39:13.407+0000] {dag.py:3096} INFO - Sync 1 DAGs
[2026-07-28T21:39:13.468+0000] {logging_mixin.py:188} INFO - [2026-07-28T21:39:13.467+0000] {dag.py:3954} INFO - Setting next_dagrun for process_silver_layer to None, run_after=None
[2026-07-28T21:39:13.562+0000] {processor.py:183} INFO - Processing /opt/airflow/dags/silver_processing_dag.py took 0.493 seconds
[2026-07-28T21:39:43.926+0000] {processor.py:161} INFO - Started process (PID=7515) to work on /opt/airflow/dags/silver_processing_dag.py
[2026-07-28T21:39:43.931+0000] {processor.py:830} INFO - Processing file /opt/airflow/dags/silver_processing_dag.py for tasks to queue
[2026-07-28T21:39:43.936+0000] {logging_mixin.py:188} INFO - [2026-07-28T21:39:43.935+0000] {dagbag.py:545} INFO - Filling up the DagBag from /opt/airflow/dags/silver_processing_dag.py
[2026-07-28T21:39:44.045+0000] {processor.py:840} INFO - DAG(s) 'process_silver_layer' retrieved from /opt/airflow/dags/silver_processing_dag.py
[2026-07-28T21:39:44.128+0000] {logging_mixin.py:188} INFO - [2026-07-28T21:39:44.127+0000] {dag.py:3096} INFO - Sync 1 DAGs
[2026-07-28T21:39:44.180+0000] {logging_mixin.py:188} INFO - [2026-07-28T21:39:44.179+0000] {dag.py:3954} INFO - Setting next_dagrun for process_silver_layer to None, run_after=None
[2026-07-28T21:39:44.238+0000] {processor.py:183} INFO - Processing /opt/airflow/dags/silver_processing_dag.py took 0.350 seconds
[2026-07-28T21:40:14.611+0000] {processor.py:161} INFO - Started process (PID=7578) to work on /opt/airflow/dags/silver_processing_dag.py
[2026-07-28T21:40:14.613+0000] {processor.py:830} INFO - Processing file /opt/airflow/dags/silver_processing_dag.py for tasks to queue
[2026-07-28T21:40:14.619+0000] {logging_mixin.py:188} INFO - [2026-07-28T21:40:14.618+0000] {dagbag.py:545} INFO - Filling up the DagBag from /opt/airflow/dags/silver_processing_dag.py
[2026-07-28T21:40:14.679+0000] {processor.py:840} INFO - DAG(s) 'process_silver_layer' retrieved from /opt/airflow/dags/silver_processing_dag.py
[2026-07-28T21:40:14.742+0000] {logging_mixin.py:188} INFO - [2026-07-28T21:40:14.742+0000] {dag.py:3096} INFO - Sync 1 DAGs
[2026-07-28T21:40:14.783+0000] {logging_mixin.py:188} INFO - [2026-07-28T21:40:14.782+0000] {dag.py:3954} INFO - Setting next_dagrun for process_silver_layer to None, run_after=None
[2026-07-28T21:40:15.940+0000] {processor.py:183} INFO - Processing /opt/airflow/dags/silver_processing_dag.py took 1.365 seconds
[2026-07-28T21:40:46.069+0000] {processor.py:161} INFO - Started process (PID=7647) to work on /opt/airflow/dags/silver_processing_dag.py
[2026-07-28T21:40:46.071+0000] {processor.py:830} INFO - Processing file /opt/airflow/dags/silver_processing_dag.py for tasks to queue
[2026-07-28T21:40:46.075+0000] {logging_mixin.py:188} INFO - [2026-07-28T21:40:46.074+0000] {dagbag.py:545} INFO - Filling up the DagBag from /opt/airflow/dags/silver_processing_dag.py
[2026-07-28T21:40:46.117+0000] {processor.py:840} INFO - DAG(s) 'process_silver_layer' retrieved from /opt/airflow/dags/silver_processing_dag.py
[2026-07-28T21:40:46.169+0000] {logging_mixin.py:188} INFO - [2026-07-28T21:40:46.169+0000] {dag.py:3096} INFO - Sync 1 DAGs
[2026-07-28T21:40:46.201+0000] {logging_mixin.py:188} INFO - [2026-07-28T21:40:46.201+0000] {dag.py:3954} INFO - Setting next_dagrun for process_silver_layer to None, run_after=None
[2026-07-28T21:40:46.249+0000] {processor.py:183} INFO - Processing /opt/airflow/dags/silver_processing_dag.py took 0.204 seconds
[2026-07-28T21:41:16.765+0000] {processor.py:161} INFO - Started process (PID=7660) to work on /opt/airflow/dags/silver_processing_dag.py
[2026-07-28T21:41:16.767+0000] {processor.py:830} INFO - Processing file /opt/airflow/dags/silver_processing_dag.py for tasks to queue
[2026-07-28T21:41:16.773+0000] {logging_mixin.py:188} INFO - [2026-07-28T21:41:16.771+0000] {dagbag.py:545} INFO - Filling up the DagBag from /opt/airflow/dags/silver_processing_dag.py
[2026-07-28T21:41:16.834+0000] {processor.py:840} INFO - DAG(s) 'process_silver_layer' retrieved from /opt/airflow/dags/silver_processing_dag.py
[2026-07-28T21:41:16.895+0000] {logging_mixin.py:188} INFO - [2026-07-28T21:41:16.894+0000] {dag.py:3096} INFO - Sync 1 DAGs
[2026-07-28T21:41:16.932+0000] {logging_mixin.py:188} INFO - [2026-07-28T21:41:16.931+0000] {dag.py:3954} INFO - Setting next_dagrun for process_silver_layer to None, run_after=None
[2026-07-28T21:41:16.998+0000] {processor.py:183} INFO - Processing /opt/airflow/dags/silver_processing_dag.py took 0.252 seconds
[2026-07-28T21:41:47.889+0000] {processor.py:161} INFO - Started process (PID=7675) to work on /opt/airflow/dags/silver_processing_dag.py
[2026-07-28T21:41:47.891+0000] {processor.py:830} INFO - Processing file /opt/airflow/dags/silver_processing_dag.py for tasks to queue
[2026-07-28T21:41:47.895+0000] {logging_mixin.py:188} INFO - [2026-07-28T21:41:47.894+0000] {dagbag.py:545} INFO - Filling up the DagBag from /opt/airflow/dags/silver_processing_dag.py
[2026-07-28T21:41:47.956+0000] {processor.py:840} INFO - DAG(s) 'process_silver_layer' retrieved from /opt/airflow/dags/silver_processing_dag.py
[2026-07-28T21:41:48.029+0000] {logging_mixin.py:188} INFO - [2026-07-28T21:41:48.028+0000] {dag.py:3096} INFO - Sync 1 DAGs
[2026-07-28T21:41:48.067+0000] {logging_mixin.py:188} INFO - [2026-07-28T21:41:48.067+0000] {dag.py:3954} INFO - Setting next_dagrun for process_silver_layer to None, run_after=None
[2026-07-28T21:41:48.125+0000] {processor.py:183} INFO - Processing /opt/airflow/dags/silver_processing_dag.py took 0.258 seconds
[2026-07-28T21:42:18.485+0000] {processor.py:161} INFO - Started process (PID=7690) to work on /opt/airflow/dags/silver_processing_dag.py
[2026-07-28T21:42:18.487+0000] {processor.py:830} INFO - Processing file /opt/airflow/dags/silver_processing_dag.py for tasks to queue
[2026-07-28T21:42:18.491+0000] {logging_mixin.py:188} INFO - [2026-07-28T21:42:18.490+0000] {dagbag.py:545} INFO - Filling up the DagBag from /opt/airflow/dags/silver_processing_dag.py
[2026-07-28T21:42:18.561+0000] {processor.py:840} INFO - DAG(s) 'process_silver_layer' retrieved from /opt/airflow/dags/silver_processing_dag.py
[2026-07-28T21:42:18.696+0000] {logging_mixin.py:188} INFO - [2026-07-28T21:42:18.696+0000] {dag.py:3096} INFO - Sync 1 DAGs
[2026-07-28T21:42:18.740+0000] {logging_mixin.py:188} INFO - [2026-07-28T21:42:18.740+0000] {dag.py:3954} INFO - Setting next_dagrun for process_silver_layer to None, run_after=None
[2026-07-28T21:42:18.804+0000] {processor.py:183} INFO - Processing /opt/airflow/dags/silver_processing_dag.py took 0.357 seconds
[2026-07-28T21:42:49.408+0000] {processor.py:161} INFO - Started process (PID=7705) to work on /opt/airflow/dags/silver_processing_dag.py
[2026-07-28T21:42:49.419+0000] {processor.py:830} INFO - Processing file /opt/airflow/dags/silver_processing_dag.py for tasks to queue
[2026-07-28T21:42:49.423+0000] {logging_mixin.py:188} INFO - [2026-07-28T21:42:49.422+0000] {dagbag.py:545} INFO - Filling up the DagBag from /opt/airflow/dags/silver_processing_dag.py
[2026-07-28T21:42:49.507+0000] {processor.py:840} INFO - DAG(s) 'process_silver_layer' retrieved from /opt/airflow/dags/silver_processing_dag.py
[2026-07-28T21:42:49.662+0000] {logging_mixin.py:188} INFO - [2026-07-28T21:42:49.661+0000] {dag.py:3096} INFO - Sync 1 DAGs
[2026-07-28T21:42:49.765+0000] {logging_mixin.py:188} INFO - [2026-07-28T21:42:49.764+0000] {dag.py:3954} INFO - Setting next_dagrun for process_silver_layer to None, run_after=None
[2026-07-28T21:42:49.984+0000] {processor.py:183} INFO - Processing /opt/airflow/dags/silver_processing_dag.py took 0.602 seconds
[2026-07-28T21:43:20.473+0000] {processor.py:161} INFO - Started process (PID=7720) to work on /opt/airflow/dags/silver_processing_dag.py
[2026-07-28T21:43:20.476+0000] {processor.py:830} INFO - Processing file /opt/airflow/dags/silver_processing_dag.py for tasks to queue
[2026-07-28T21:43:20.479+0000] {logging_mixin.py:188} INFO - [2026-07-28T21:43:20.479+0000] {dagbag.py:545} INFO - Filling up the DagBag from /opt/airflow/dags/silver_processing_dag.py
[2026-07-28T21:43:20.526+0000] {processor.py:840} INFO - DAG(s) 'process_silver_layer' retrieved from /opt/airflow/dags/silver_processing_dag.py
[2026-07-28T21:43:20.613+0000] {logging_mixin.py:188} INFO - [2026-07-28T21:43:20.612+0000] {dag.py:3096} INFO - Sync 1 DAGs
[2026-07-28T21:43:20.760+0000] {logging_mixin.py:188} INFO - [2026-07-28T21:43:20.760+0000] {dag.py:3954} INFO - Setting next_dagrun for process_silver_layer to None, run_after=None
[2026-07-28T21:43:20.860+0000] {processor.py:183} INFO - Processing /opt/airflow/dags/silver_processing_dag.py took 0.415 seconds
[2026-07-28T21:43:51.116+0000] {processor.py:161} INFO - Started process (PID=7735) to work on /opt/airflow/dags/silver_processing_dag.py
[2026-07-28T21:43:51.124+0000] {processor.py:830} INFO - Processing file /opt/airflow/dags/silver_processing_dag.py for tasks to queue
[2026-07-28T21:43:51.132+0000] {logging_mixin.py:188} INFO - [2026-07-28T21:43:51.129+0000] {dagbag.py:545} INFO - Filling up the DagBag from /opt/airflow/dags/silver_processing_dag.py
[2026-07-28T21:43:51.210+0000] {processor.py:840} INFO - DAG(s) 'process_silver_layer' retrieved from /opt/airflow/dags/silver_processing_dag.py
[2026-07-28T21:43:51.396+0000] {logging_mixin.py:188} INFO - [2026-07-28T21:43:51.384+0000] {dag.py:3096} INFO - Sync 1 DAGs
[2026-07-28T21:43:51.528+0000] {logging_mixin.py:188} INFO - [2026-07-28T21:43:51.527+0000] {dag.py:3954} INFO - Setting next_dagrun for process_silver_layer to None, run_after=None
[2026-07-28T21:43:51.722+0000] {processor.py:183} INFO - Processing /opt/airflow/dags/silver_processing_dag.py took 0.638 seconds
[2026-07-28T21:44:22.301+0000] {processor.py:161} INFO - Started process (PID=7750) to work on /opt/airflow/dags/silver_processing_dag.py
[2026-07-28T21:44:22.306+0000] {processor.py:830} INFO - Processing file /opt/airflow/dags/silver_processing_dag.py for tasks to queue
[2026-07-28T21:44:22.312+0000] {logging_mixin.py:188} INFO - [2026-07-28T21:44:22.310+0000] {dagbag.py:545} INFO - Filling up the DagBag from /opt/airflow/dags/silver_processing_dag.py
[2026-07-28T21:44:22.500+0000] {processor.py:840} INFO - DAG(s) 'process_silver_layer' retrieved from /opt/airflow/dags/silver_processing_dag.py
[2026-07-28T21:44:22.659+0000] {logging_mixin.py:188} INFO - [2026-07-28T21:44:22.659+0000] {dag.py:3096} INFO - Sync 1 DAGs
[2026-07-28T21:44:22.797+0000] {logging_mixin.py:188} INFO - [2026-07-28T21:44:22.796+0000] {dag.py:3954} INFO - Setting next_dagrun for process_silver_layer to None, run_after=None
[2026-07-28T21:44:23.206+0000] {processor.py:183} INFO - Processing /opt/airflow/dags/silver_processing_dag.py took 0.946 seconds
[2026-07-28T21:44:53.944+0000] {processor.py:161} INFO - Started process (PID=7767) to work on /opt/airflow/dags/silver_processing_dag.py
[2026-07-28T21:44:53.948+0000] {processor.py:830} INFO - Processing file /opt/airflow/dags/silver_processing_dag.py for tasks to queue
[2026-07-28T21:44:53.952+0000] {logging_mixin.py:188} INFO - [2026-07-28T21:44:53.951+0000] {dagbag.py:545} INFO - Filling up the DagBag from /opt/airflow/dags/silver_processing_dag.py
[2026-07-28T21:44:54.014+0000] {processor.py:840} INFO - DAG(s) 'process_silver_layer' retrieved from /opt/airflow/dags/silver_processing_dag.py
[2026-07-28T21:44:54.085+0000] {logging_mixin.py:188} INFO - [2026-07-28T21:44:54.084+0000] {dag.py:3096} INFO - Sync 1 DAGs
[2026-07-28T21:44:54.145+0000] {logging_mixin.py:188} INFO - [2026-07-28T21:44:54.144+0000] {dag.py:3954} INFO - Setting next_dagrun for process_silver_layer to None, run_after=None
[2026-07-28T21:44:54.217+0000] {processor.py:183} INFO - Processing /opt/airflow/dags/silver_processing_dag.py took 0.307 seconds
[2026-07-28T21:45:24.627+0000] {processor.py:161} INFO - Started process (PID=7782) to work on /opt/airflow/dags/silver_processing_dag.py
[2026-07-28T21:45:24.631+0000] {processor.py:830} INFO - Processing file /opt/airflow/dags/silver_processing_dag.py for tasks to queue
[2026-07-28T21:45:24.641+0000] {logging_mixin.py:188} INFO - [2026-07-28T21:45:24.637+0000] {dagbag.py:545} INFO - Filling up the DagBag from /opt/airflow/dags/silver_processing_dag.py
[2026-07-28T21:45:24.721+0000] {processor.py:840} INFO - DAG(s) 'process_silver_layer' retrieved from /opt/airflow/dags/silver_processing_dag.py
[2026-07-28T21:45:24.830+0000] {logging_mixin.py:188} INFO - [2026-07-28T21:45:24.829+0000] {dag.py:3096} INFO - Sync 1 DAGs
[2026-07-28T21:45:24.871+0000] {logging_mixin.py:188} INFO - [2026-07-28T21:45:24.871+0000] {dag.py:3954} INFO - Setting next_dagrun for process_silver_layer to None, run_after=None
[2026-07-28T21:45:24.948+0000] {processor.py:183} INFO - Processing /opt/airflow/dags/silver_processing_dag.py took 0.346 seconds
[2026-07-28T21:45:55.069+0000] {processor.py:161} INFO - Started process (PID=7797) to work on /opt/airflow/dags/silver_processing_dag.py
[2026-07-28T21:45:55.072+0000] {processor.py:830} INFO - Processing file /opt/airflow/dags/silver_processing_dag.py for tasks to queue
[2026-07-28T21:45:55.076+0000] {logging_mixin.py:188} INFO - [2026-07-28T21:45:55.075+0000] {dagbag.py:545} INFO - Filling up the DagBag from /opt/airflow/dags/silver_processing_dag.py
[2026-07-28T21:45:55.124+0000] {processor.py:840} INFO - DAG(s) 'process_silver_layer' retrieved from /opt/airflow/dags/silver_processing_dag.py
[2026-07-28T21:45:55.173+0000] {logging_mixin.py:188} INFO - [2026-07-28T21:45:55.173+0000] {dag.py:3096} INFO - Sync 1 DAGs
[2026-07-28T21:45:55.207+0000] {logging_mixin.py:188} INFO - [2026-07-28T21:45:55.206+0000] {dag.py:3954} INFO - Setting next_dagrun for process_silver_layer to None, run_after=None
[2026-07-28T21:45:55.270+0000] {processor.py:183} INFO - Processing /opt/airflow/dags/silver_processing_dag.py took 0.216 seconds
[2026-07-28T21:46:25.479+0000] {processor.py:161} INFO - Started process (PID=7812) to work on /opt/airflow/dags/silver_processing_dag.py
[2026-07-28T21:46:25.488+0000] {processor.py:830} INFO - Processing file /opt/airflow/dags/silver_processing_dag.py for tasks to queue
[2026-07-28T21:46:25.492+0000] {logging_mixin.py:188} INFO - [2026-07-28T21:46:25.492+0000] {dagbag.py:545} INFO - Filling up the DagBag from /opt/airflow/dags/silver_processing_dag.py
[2026-07-28T21:46:25.554+0000] {processor.py:840} INFO - DAG(s) 'process_silver_layer' retrieved from /opt/airflow/dags/silver_processing_dag.py
[2026-07-28T21:46:25.686+0000] {logging_mixin.py:188} INFO - [2026-07-28T21:46:25.686+0000] {dag.py:3096} INFO - Sync 1 DAGs
[2026-07-28T21:46:25.767+0000] {logging_mixin.py:188} INFO - [2026-07-28T21:46:25.767+0000] {dag.py:3954} INFO - Setting next_dagrun for process_silver_layer to None, run_after=None
[2026-07-28T21:46:25.955+0000] {processor.py:183} INFO - Processing /opt/airflow/dags/silver_processing_dag.py took 0.496 seconds
[2026-07-28T21:46:56.185+0000] {processor.py:161} INFO - Started process (PID=7827) to work on /opt/airflow/dags/silver_processing_dag.py
[2026-07-28T21:46:56.188+0000] {processor.py:830} INFO - Processing file /opt/airflow/dags/silver_processing_dag.py for tasks to queue
[2026-07-28T21:46:56.192+0000] {logging_mixin.py:188} INFO - [2026-07-28T21:46:56.191+0000] {dagbag.py:545} INFO - Filling up the DagBag from /opt/airflow/dags/silver_processing_dag.py
[2026-07-28T21:46:56.248+0000] {processor.py:840} INFO - DAG(s) 'process_silver_layer' retrieved from /opt/airflow/dags/silver_processing_dag.py
[2026-07-28T21:46:56.321+0000] {logging_mixin.py:188} INFO - [2026-07-28T21:46:56.321+0000] {dag.py:3096} INFO - Sync 1 DAGs
[2026-07-28T21:46:56.399+0000] {logging_mixin.py:188} INFO - [2026-07-28T21:46:56.398+0000] {dag.py:3954} INFO - Setting next_dagrun for process_silver_layer to None, run_after=None
[2026-07-28T21:46:56.473+0000] {processor.py:183} INFO - Processing /opt/airflow/dags/silver_processing_dag.py took 0.305 seconds
[2026-07-28T21:47:27.108+0000] {processor.py:161} INFO - Started process (PID=7842) to work on /opt/airflow/dags/silver_processing_dag.py
[2026-07-28T21:47:27.111+0000] {processor.py:830} INFO - Processing file /opt/airflow/dags/silver_processing_dag.py for tasks to queue
[2026-07-28T21:47:27.115+0000] {logging_mixin.py:188} INFO - [2026-07-28T21:47:27.114+0000] {dagbag.py:545} INFO - Filling up the DagBag from /opt/airflow/dags/silver_processing_dag.py
[2026-07-28T21:47:27.160+0000] {processor.py:840} INFO - DAG(s) 'process_silver_layer' retrieved from /opt/airflow/dags/silver_processing_dag.py
[2026-07-28T21:47:27.236+0000] {logging_mixin.py:188} INFO - [2026-07-28T21:47:27.235+0000] {dag.py:3096} INFO - Sync 1 DAGs
[2026-07-28T21:47:27.273+0000] {logging_mixin.py:188} INFO - [2026-07-28T21:47:27.273+0000] {dag.py:3954} INFO - Setting next_dagrun for process_silver_layer to None, run_after=None
[2026-07-28T21:47:27.336+0000] {processor.py:183} INFO - Processing /opt/airflow/dags/silver_processing_dag.py took 0.243 seconds
[2026-07-28T21:47:57.577+0000] {processor.py:161} INFO - Started process (PID=7857) to work on /opt/airflow/dags/silver_processing_dag.py
[2026-07-28T21:47:57.580+0000] {processor.py:830} INFO - Processing file /opt/airflow/dags/silver_processing_dag.py for tasks to queue
[2026-07-28T21:47:57.585+0000] {logging_mixin.py:188} INFO - [2026-07-28T21:47:57.584+0000] {dagbag.py:545} INFO - Filling up the DagBag from /opt/airflow/dags/silver_processing_dag.py
[2026-07-28T21:47:57.702+0000] {processor.py:840} INFO - DAG(s) 'process_silver_layer' retrieved from /opt/airflow/dags/silver_processing_dag.py
[2026-07-28T21:47:57.764+0000] {logging_mixin.py:188} INFO - [2026-07-28T21:47:57.763+0000] {dag.py:3096} INFO - Sync 1 DAGs
[2026-07-28T21:47:57.795+0000] {logging_mixin.py:188} INFO - [2026-07-28T21:47:57.795+0000] {dag.py:3954} INFO - Setting next_dagrun for process_silver_layer to None, run_after=None
[2026-07-28T21:47:57.845+0000] {processor.py:183} INFO - Processing /opt/airflow/dags/silver_processing_dag.py took 0.284 seconds
[2026-07-28T21:48:28.220+0000] {processor.py:161} INFO - Started process (PID=7872) to work on /opt/airflow/dags/silver_processing_dag.py
[2026-07-28T21:48:28.223+0000] {processor.py:830} INFO - Processing file /opt/airflow/dags/silver_processing_dag.py for tasks to queue
[2026-07-28T21:48:28.226+0000] {logging_mixin.py:188} INFO - [2026-07-28T21:48:28.225+0000] {dagbag.py:545} INFO - Filling up the DagBag from /opt/airflow/dags/silver_processing_dag.py
[2026-07-28T21:48:28.278+0000] {processor.py:840} INFO - DAG(s) 'process_silver_layer' retrieved from /opt/airflow/dags/silver_processing_dag.py
[2026-07-28T21:48:28.334+0000] {logging_mixin.py:188} INFO - [2026-07-28T21:48:28.333+0000] {dag.py:3096} INFO - Sync 1 DAGs
[2026-07-28T21:48:28.365+0000] {logging_mixin.py:188} INFO - [2026-07-28T21:48:28.364+0000] {dag.py:3954} INFO - Setting next_dagrun for process_silver_layer to None, run_after=None
[2026-07-28T21:48:28.409+0000] {processor.py:183} INFO - Processing /opt/airflow/dags/silver_processing_dag.py took 0.203 seconds
[2026-07-28T21:48:58.909+0000] {processor.py:161} INFO - Started process (PID=7887) to work on /opt/airflow/dags/silver_processing_dag.py
[2026-07-28T21:48:58.912+0000] {processor.py:830} INFO - Processing file /opt/airflow/dags/silver_processing_dag.py for tasks to queue
[2026-07-28T21:48:58.916+0000] {logging_mixin.py:188} INFO - [2026-07-28T21:48:58.915+0000] {dagbag.py:545} INFO - Filling up the DagBag from /opt/airflow/dags/silver_processing_dag.py
[2026-07-28T21:48:58.964+0000] {processor.py:840} INFO - DAG(s) 'process_silver_layer' retrieved from /opt/airflow/dags/silver_processing_dag.py
[2026-07-28T21:48:59.025+0000] {logging_mixin.py:188} INFO - [2026-07-28T21:48:59.025+0000] {dag.py:3096} INFO - Sync 1 DAGs
[2026-07-28T21:48:59.062+0000] {logging_mixin.py:188} INFO - [2026-07-28T21:48:59.062+0000] {dag.py:3954} INFO - Setting next_dagrun for process_silver_layer to None, run_after=None
[2026-07-28T21:48:59.120+0000] {processor.py:183} INFO - Processing /opt/airflow/dags/silver_processing_dag.py took 0.225 seconds
[2026-07-28T21:49:29.929+0000] {processor.py:161} INFO - Started process (PID=7902) to work on /opt/airflow/dags/silver_processing_dag.py
[2026-07-28T21:49:29.932+0000] {processor.py:830} INFO - Processing file /opt/airflow/dags/silver_processing_dag.py for tasks to queue
[2026-07-28T21:49:29.940+0000] {logging_mixin.py:188} INFO - [2026-07-28T21:49:29.936+0000] {dagbag.py:545} INFO - Filling up the DagBag from /opt/airflow/dags/silver_processing_dag.py
[2026-07-28T21:49:29.977+0000] {processor.py:840} INFO - DAG(s) 'process_silver_layer' retrieved from /opt/airflow/dags/silver_processing_dag.py
[2026-07-28T21:49:30.034+0000] {logging_mixin.py:188} INFO - [2026-07-28T21:49:30.034+0000] {dag.py:3096} INFO - Sync 1 DAGs
[2026-07-28T21:49:30.062+0000] {logging_mixin.py:188} INFO - [2026-07-28T21:49:30.062+0000] {dag.py:3954} INFO - Setting next_dagrun for process_silver_layer to None, run_after=None
[2026-07-28T21:49:31.126+0000] {processor.py:183} INFO - Processing /opt/airflow/dags/silver_processing_dag.py took 1.210 seconds
[2026-07-28T21:50:01.408+0000] {processor.py:161} INFO - Started process (PID=7917) to work on /opt/airflow/dags/silver_processing_dag.py
[2026-07-28T21:50:01.412+0000] {processor.py:830} INFO - Processing file /opt/airflow/dags/silver_processing_dag.py for tasks to queue
[2026-07-28T21:50:01.421+0000] {logging_mixin.py:188} INFO - [2026-07-28T21:50:01.418+0000] {dagbag.py:545} INFO - Filling up the DagBag from /opt/airflow/dags/silver_processing_dag.py
[2026-07-28T21:50:01.498+0000] {processor.py:840} INFO - DAG(s) 'process_silver_layer' retrieved from /opt/airflow/dags/silver_processing_dag.py
[2026-07-28T21:50:01.547+0000] {logging_mixin.py:188} INFO - [2026-07-28T21:50:01.546+0000] {dag.py:3096} INFO - Sync 1 DAGs
[2026-07-28T21:50:01.574+0000] {logging_mixin.py:188} INFO - [2026-07-28T21:50:01.573+0000] {dag.py:3954} INFO - Setting next_dagrun for process_silver_layer to None, run_after=None
[2026-07-28T21:50:01.673+0000] {processor.py:183} INFO - Processing /opt/airflow/dags/silver_processing_dag.py took 0.281 seconds
[2026-07-28T21:50:31.788+0000] {processor.py:161} INFO - Started process (PID=7932) to work on /opt/airflow/dags/silver_processing_dag.py
[2026-07-28T21:50:31.790+0000] {processor.py:830} INFO - Processing file /opt/airflow/dags/silver_processing_dag.py for tasks to queue
[2026-07-28T21:50:31.793+0000] {logging_mixin.py:188} INFO - [2026-07-28T21:50:31.793+0000] {dagbag.py:545} INFO - Filling up the DagBag from /opt/airflow/dags/silver_processing_dag.py
[2026-07-28T21:50:31.836+0000] {processor.py:840} INFO - DAG(s) 'process_silver_layer' retrieved from /opt/airflow/dags/silver_processing_dag.py
[2026-07-28T21:50:31.898+0000] {logging_mixin.py:188} INFO - [2026-07-28T21:50:31.897+0000] {dag.py:3096} INFO - Sync 1 DAGs
[2026-07-28T21:50:31.930+0000] {logging_mixin.py:188} INFO - [2026-07-28T21:50:31.930+0000] {dag.py:3954} INFO - Setting next_dagrun for process_silver_layer to None, run_after=None
[2026-07-28T21:50:31.981+0000] {processor.py:183} INFO - Processing /opt/airflow/dags/silver_processing_dag.py took 0.205 seconds
[2026-07-28T21:51:02.429+0000] {processor.py:161} INFO - Started process (PID=7947) to work on /opt/airflow/dags/silver_processing_dag.py
[2026-07-28T21:51:02.432+0000] {processor.py:830} INFO - Processing file /opt/airflow/dags/silver_processing_dag.py for tasks to queue
[2026-07-28T21:51:02.436+0000] {logging_mixin.py:188} INFO - [2026-07-28T21:51:02.435+0000] {dagbag.py:545} INFO - Filling up the DagBag from /opt/airflow/dags/silver_processing_dag.py
[2026-07-28T21:51:02.491+0000] {processor.py:840} INFO - DAG(s) 'process_silver_layer' retrieved from /opt/airflow/dags/silver_processing_dag.py
[2026-07-28T21:51:02.639+0000] {logging_mixin.py:188} INFO - [2026-07-28T21:51:02.638+0000] {dag.py:3096} INFO - Sync 1 DAGs
[2026-07-28T21:51:02.724+0000] {logging_mixin.py:188} INFO - [2026-07-28T21:51:02.723+0000] {dag.py:3954} INFO - Setting next_dagrun for process_silver_layer to None, run_after=None
[2026-07-28T21:51:02.809+0000] {processor.py:183} INFO - Processing /opt/airflow/dags/silver_processing_dag.py took 0.399 seconds
[2026-07-28T21:51:33.220+0000] {processor.py:161} INFO - Started process (PID=7962) to work on /opt/airflow/dags/silver_processing_dag.py
[2026-07-28T21:51:33.224+0000] {processor.py:830} INFO - Processing file /opt/airflow/dags/silver_processing_dag.py for tasks to queue
[2026-07-28T21:51:33.228+0000] {logging_mixin.py:188} INFO - [2026-07-28T21:51:33.227+0000] {dagbag.py:545} INFO - Filling up the DagBag from /opt/airflow/dags/silver_processing_dag.py
[2026-07-28T21:51:33.276+0000] {processor.py:840} INFO - DAG(s) 'process_silver_layer' retrieved from /opt/airflow/dags/silver_processing_dag.py
[2026-07-28T21:51:33.329+0000] {logging_mixin.py:188} INFO - [2026-07-28T21:51:33.328+0000] {dag.py:3096} INFO - Sync 1 DAGs
[2026-07-28T21:51:33.358+0000] {logging_mixin.py:188} INFO - [2026-07-28T21:51:33.357+0000] {dag.py:3954} INFO - Setting next_dagrun for process_silver_layer to None, run_after=None
[2026-07-28T21:51:33.409+0000] {processor.py:183} INFO - Processing /opt/airflow/dags/silver_processing_dag.py took 0.222 seconds
[2026-07-28T21:52:03.728+0000] {processor.py:161} INFO - Started process (PID=7977) to work on /opt/airflow/dags/silver_processing_dag.py
[2026-07-28T21:52:03.731+0000] {processor.py:830} INFO - Processing file /opt/airflow/dags/silver_processing_dag.py for tasks to queue
[2026-07-28T21:52:03.735+0000] {logging_mixin.py:188} INFO - [2026-07-28T21:52:03.734+0000] {dagbag.py:545} INFO - Filling up the DagBag from /opt/airflow/dags/silver_processing_dag.py
[2026-07-28T21:52:03.812+0000] {processor.py:840} INFO - DAG(s) 'process_silver_layer' retrieved from /opt/airflow/dags/silver_processing_dag.py
[2026-07-28T21:52:03.864+0000] {logging_mixin.py:188} INFO - [2026-07-28T21:52:03.863+0000] {dag.py:3096} INFO - Sync 1 DAGs
[2026-07-28T21:52:03.895+0000] {logging_mixin.py:188} INFO - [2026-07-28T21:52:03.895+0000] {dag.py:3954} INFO - Setting next_dagrun for process_silver_layer to None, run_after=None
[2026-07-28T21:52:03.939+0000] {processor.py:183} INFO - Processing /opt/airflow/dags/silver_processing_dag.py took 0.227 seconds
[2026-07-28T21:52:34.741+0000] {processor.py:161} INFO - Started process (PID=7992) to work on /opt/airflow/dags/silver_processing_dag.py
[2026-07-28T21:52:34.743+0000] {processor.py:830} INFO - Processing file /opt/airflow/dags/silver_processing_dag.py for tasks to queue
[2026-07-28T21:52:34.747+0000] {logging_mixin.py:188} INFO - [2026-07-28T21:52:34.746+0000] {dagbag.py:545} INFO - Filling up the DagBag from /opt/airflow/dags/silver_processing_dag.py
[2026-07-28T21:52:34.789+0000] {processor.py:840} INFO - DAG(s) 'process_silver_layer' retrieved from /opt/airflow/dags/silver_processing_dag.py
[2026-07-28T21:52:34.838+0000] {logging_mixin.py:188} INFO - [2026-07-28T21:52:34.838+0000] {dag.py:3096} INFO - Sync 1 DAGs
[2026-07-28T21:52:34.865+0000] {logging_mixin.py:188} INFO - [2026-07-28T21:52:34.864+0000] {dag.py:3954} INFO - Setting next_dagrun for process_silver_layer to None, run_after=None
[2026-07-28T21:52:34.906+0000] {processor.py:183} INFO - Processing /opt/airflow/dags/silver_processing_dag.py took 0.208 seconds
[2026-07-28T21:53:05.395+0000] {processor.py:161} INFO - Started process (PID=8007) to work on /opt/airflow/dags/silver_processing_dag.py
[2026-07-28T21:53:05.398+0000] {processor.py:830} INFO - Processing file /opt/airflow/dags/silver_processing_dag.py for tasks to queue
[2026-07-28T21:53:05.402+0000] {logging_mixin.py:188} INFO - [2026-07-28T21:53:05.401+0000] {dagbag.py:545} INFO - Filling up the DagBag from /opt/airflow/dags/silver_processing_dag.py
[2026-07-28T21:53:05.446+0000] {processor.py:840} INFO - DAG(s) 'process_silver_layer' retrieved from /opt/airflow/dags/silver_processing_dag.py
[2026-07-28T21:53:05.493+0000] {logging_mixin.py:188} INFO - [2026-07-28T21:53:05.492+0000] {dag.py:3096} INFO - Sync 1 DAGs
[2026-07-28T21:53:05.518+0000] {logging_mixin.py:188} INFO - [2026-07-28T21:53:05.518+0000] {dag.py:3954} INFO - Setting next_dagrun for process_silver_layer to None, run_after=None
[2026-07-28T21:53:05.561+0000] {processor.py:183} INFO - Processing /opt/airflow/dags/silver_processing_dag.py took 0.179 seconds
[2026-07-28T21:53:36.027+0000] {processor.py:161} INFO - Started process (PID=8022) to work on /opt/airflow/dags/silver_processing_dag.py
[2026-07-28T21:53:36.030+0000] {processor.py:830} INFO - Processing file /opt/airflow/dags/silver_processing_dag.py for tasks to queue
[2026-07-28T21:53:36.035+0000] {logging_mixin.py:188} INFO - [2026-07-28T21:53:36.033+0000] {dagbag.py:545} INFO - Filling up the DagBag from /opt/airflow/dags/silver_processing_dag.py
[2026-07-28T21:53:36.090+0000] {processor.py:840} INFO - DAG(s) 'process_silver_layer' retrieved from /opt/airflow/dags/silver_processing_dag.py
[2026-07-28T21:53:36.148+0000] {logging_mixin.py:188} INFO - [2026-07-28T21:53:36.147+0000] {dag.py:3096} INFO - Sync 1 DAGs
[2026-07-28T21:53:36.209+0000] {logging_mixin.py:188} INFO - [2026-07-28T21:53:36.208+0000] {dag.py:3954} INFO - Setting next_dagrun for process_silver_layer to None, run_after=None
[2026-07-28T21:53:36.268+0000] {processor.py:183} INFO - Processing /opt/airflow/dags/silver_processing_dag.py took 0.258 seconds
[2026-07-28T21:54:12.437+0000] {processor.py:161} INFO - Started process (PID=8035) to work on /opt/airflow/dags/silver_processing_dag.py
[2026-07-28T21:54:12.445+0000] {processor.py:830} INFO - Processing file /opt/airflow/dags/silver_processing_dag.py for tasks to queue
[2026-07-28T21:54:12.449+0000] {logging_mixin.py:188} INFO - [2026-07-28T21:54:12.448+0000] {dagbag.py:545} INFO - Filling up the DagBag from /opt/airflow/dags/silver_processing_dag.py
[2026-07-28T21:54:12.525+0000] {processor.py:840} INFO - DAG(s) 'process_silver_layer' retrieved from /opt/airflow/dags/silver_processing_dag.py
[2026-07-28T21:54:12.607+0000] {logging_mixin.py:188} INFO - [2026-07-28T21:54:12.606+0000] {dag.py:3096} INFO - Sync 1 DAGs
[2026-07-28T21:54:12.641+0000] {logging_mixin.py:188} INFO - [2026-07-28T21:54:12.641+0000] {dag.py:3954} INFO - Setting next_dagrun for process_silver_layer to None, run_after=None
[2026-07-28T21:54:12.899+0000] {processor.py:183} INFO - Processing /opt/airflow/dags/silver_processing_dag.py took 0.484 seconds
[2026-07-28T21:54:43.367+0000] {processor.py:161} INFO - Started process (PID=8050) to work on /opt/airflow/dags/silver_processing_dag.py
[2026-07-28T21:54:43.370+0000] {processor.py:830} INFO - Processing file /opt/airflow/dags/silver_processing_dag.py for tasks to queue
[2026-07-28T21:54:43.373+0000] {logging_mixin.py:188} INFO - [2026-07-28T21:54:43.372+0000] {dagbag.py:545} INFO - Filling up the DagBag from /opt/airflow/dags/silver_processing_dag.py
[2026-07-28T21:54:43.461+0000] {processor.py:840} INFO - DAG(s) 'process_silver_layer' retrieved from /opt/airflow/dags/silver_processing_dag.py
[2026-07-28T21:54:43.528+0000] {logging_mixin.py:188} INFO - [2026-07-28T21:54:43.527+0000] {dag.py:3096} INFO - Sync 1 DAGs
[2026-07-28T21:54:43.584+0000] {logging_mixin.py:188} INFO - [2026-07-28T21:54:43.583+0000] {dag.py:3954} INFO - Setting next_dagrun for process_silver_layer to None, run_after=None
[2026-07-28T21:54:43.688+0000] {processor.py:183} INFO - Processing /opt/airflow/dags/silver_processing_dag.py took 0.345 seconds
[2026-07-28T21:55:14.108+0000] {processor.py:161} INFO - Started process (PID=8065) to work on /opt/airflow/dags/silver_processing_dag.py
[2026-07-28T21:55:14.111+0000] {processor.py:830} INFO - Processing file /opt/airflow/dags/silver_processing_dag.py for tasks to queue
[2026-07-28T21:55:14.115+0000] {logging_mixin.py:188} INFO - [2026-07-28T21:55:14.113+0000] {dagbag.py:545} INFO - Filling up the DagBag from /opt/airflow/dags/silver_processing_dag.py
[2026-07-28T21:55:14.168+0000] {processor.py:840} INFO - DAG(s) 'process_silver_layer' retrieved from /opt/airflow/dags/silver_processing_dag.py
[2026-07-28T21:55:14.232+0000] {logging_mixin.py:188} INFO - [2026-07-28T21:55:14.232+0000] {dag.py:3096} INFO - Sync 1 DAGs
[2026-07-28T21:55:14.270+0000] {logging_mixin.py:188} INFO - [2026-07-28T21:55:14.270+0000] {dag.py:3954} INFO - Setting next_dagrun for process_silver_layer to None, run_after=None
[2026-07-28T21:55:14.332+0000] {processor.py:183} INFO - Processing /opt/airflow/dags/silver_processing_dag.py took 0.246 seconds
[2026-07-28T21:55:44.578+0000] {processor.py:161} INFO - Started process (PID=8080) to work on /opt/airflow/dags/silver_processing_dag.py
[2026-07-28T21:55:44.583+0000] {processor.py:830} INFO - Processing file /opt/airflow/dags/silver_processing_dag.py for tasks to queue
[2026-07-28T21:55:44.589+0000] {logging_mixin.py:188} INFO - [2026-07-28T21:55:44.587+0000] {dagbag.py:545} INFO - Filling up the DagBag from /opt/airflow/dags/silver_processing_dag.py
[2026-07-28T21:55:44.676+0000] {processor.py:840} INFO - DAG(s) 'process_silver_layer' retrieved from /opt/airflow/dags/silver_processing_dag.py
[2026-07-28T21:55:44.757+0000] {logging_mixin.py:188} INFO - [2026-07-28T21:55:44.756+0000] {dag.py:3096} INFO - Sync 1 DAGs
[2026-07-28T21:55:44.811+0000] {logging_mixin.py:188} INFO - [2026-07-28T21:55:44.810+0000] {dag.py:3954} INFO - Setting next_dagrun for process_silver_layer to None, run_after=None
[2026-07-28T21:55:44.901+0000] {processor.py:183} INFO - Processing /opt/airflow/dags/silver_processing_dag.py took 0.359 seconds
[2026-07-28T21:56:15.396+0000] {processor.py:161} INFO - Started process (PID=8095) to work on /opt/airflow/dags/silver_processing_dag.py
[2026-07-28T21:56:15.399+0000] {processor.py:830} INFO - Processing file /opt/airflow/dags/silver_processing_dag.py for tasks to queue
[2026-07-28T21:56:15.403+0000] {logging_mixin.py:188} INFO - [2026-07-28T21:56:15.402+0000] {dagbag.py:545} INFO - Filling up the DagBag from /opt/airflow/dags/silver_processing_dag.py
[2026-07-28T21:56:15.458+0000] {processor.py:840} INFO - DAG(s) 'process_silver_layer' retrieved from /opt/airflow/dags/silver_processing_dag.py
[2026-07-28T21:56:15.521+0000] {logging_mixin.py:188} INFO - [2026-07-28T21:56:15.520+0000] {dag.py:3096} INFO - Sync 1 DAGs
[2026-07-28T21:56:15.554+0000] {logging_mixin.py:188} INFO - [2026-07-28T21:56:15.554+0000] {dag.py:3954} INFO - Setting next_dagrun for process_silver_layer to None, run_after=None
[2026-07-28T21:56:15.613+0000] {processor.py:183} INFO - Processing /opt/airflow/dags/silver_processing_dag.py took 0.235 seconds
[2026-07-28T21:56:46.248+0000] {processor.py:161} INFO - Started process (PID=8110) to work on /opt/airflow/dags/silver_processing_dag.py
[2026-07-28T21:56:46.251+0000] {processor.py:830} INFO - Processing file /opt/airflow/dags/silver_processing_dag.py for tasks to queue
[2026-07-28T21:56:46.376+0000] {logging_mixin.py:188} INFO - [2026-07-28T21:56:46.375+0000] {dagbag.py:545} INFO - Filling up the DagBag from /opt/airflow/dags/silver_processing_dag.py
[2026-07-28T21:56:46.456+0000] {processor.py:840} INFO - DAG(s) 'process_silver_layer' retrieved from /opt/airflow/dags/silver_processing_dag.py
[2026-07-28T21:56:46.557+0000] {logging_mixin.py:188} INFO - [2026-07-28T21:56:46.557+0000] {dag.py:3096} INFO - Sync 1 DAGs
[2026-07-28T21:56:46.597+0000] {logging_mixin.py:188} INFO - [2026-07-28T21:56:46.596+0000] {dag.py:3954} INFO - Setting next_dagrun for process_silver_layer to None, run_after=None
[2026-07-28T21:56:46.662+0000] {processor.py:183} INFO - Processing /opt/airflow/dags/silver_processing_dag.py took 0.428 seconds
[2026-07-28T21:57:16.995+0000] {processor.py:161} INFO - Started process (PID=8125) to work on /opt/airflow/dags/silver_processing_dag.py
[2026-07-28T21:57:16.999+0000] {processor.py:830} INFO - Processing file /opt/airflow/dags/silver_processing_dag.py for tasks to queue
[2026-07-28T21:57:17.003+0000] {logging_mixin.py:188} INFO - [2026-07-28T21:57:17.002+0000] {dagbag.py:545} INFO - Filling up the DagBag from /opt/airflow/dags/silver_processing_dag.py
[2026-07-28T21:57:17.059+0000] {processor.py:840} INFO - DAG(s) 'process_silver_layer' retrieved from /opt/airflow/dags/silver_processing_dag.py
[2026-07-28T21:57:17.124+0000] {logging_mixin.py:188} INFO - [2026-07-28T21:57:17.123+0000] {dag.py:3096} INFO - Sync 1 DAGs
[2026-07-28T21:57:17.162+0000] {logging_mixin.py:188} INFO - [2026-07-28T21:57:17.161+0000] {dag.py:3954} INFO - Setting next_dagrun for process_silver_layer to None, run_after=None
[2026-07-28T21:57:17.226+0000] {processor.py:183} INFO - Processing /opt/airflow/dags/silver_processing_dag.py took 0.251 seconds
[2026-07-28T21:57:47.558+0000] {processor.py:161} INFO - Started process (PID=8140) to work on /opt/airflow/dags/silver_processing_dag.py
[2026-07-28T21:57:47.561+0000] {processor.py:830} INFO - Processing file /opt/airflow/dags/silver_processing_dag.py for tasks to queue
[2026-07-28T21:57:47.565+0000] {logging_mixin.py:188} INFO - [2026-07-28T21:57:47.564+0000] {dagbag.py:545} INFO - Filling up the DagBag from /opt/airflow/dags/silver_processing_dag.py
[2026-07-28T21:57:47.614+0000] {processor.py:840} INFO - DAG(s) 'process_silver_layer' retrieved from /opt/airflow/dags/silver_processing_dag.py
[2026-07-28T21:57:47.682+0000] {logging_mixin.py:188} INFO - [2026-07-28T21:57:47.678+0000] {dag.py:3096} INFO - Sync 1 DAGs
[2026-07-28T21:57:47.712+0000] {logging_mixin.py:188} INFO - [2026-07-28T21:57:47.712+0000] {dag.py:3954} INFO - Setting next_dagrun for process_silver_layer to None, run_after=None
[2026-07-28T21:57:47.825+0000] {processor.py:183} INFO - Processing /opt/airflow/dags/silver_processing_dag.py took 0.291 seconds
[2026-07-28T21:58:18.115+0000] {processor.py:161} INFO - Started process (PID=8155) to work on /opt/airflow/dags/silver_processing_dag.py
[2026-07-28T21:58:18.119+0000] {processor.py:830} INFO - Processing file /opt/airflow/dags/silver_processing_dag.py for tasks to queue
[2026-07-28T21:58:18.123+0000] {logging_mixin.py:188} INFO - [2026-07-28T21:58:18.122+0000] {dagbag.py:545} INFO - Filling up the DagBag from /opt/airflow/dags/silver_processing_dag.py
[2026-07-28T21:58:18.167+0000] {processor.py:840} INFO - DAG(s) 'process_silver_layer' retrieved from /opt/airflow/dags/silver_processing_dag.py
[2026-07-28T21:58:18.226+0000] {logging_mixin.py:188} INFO - [2026-07-28T21:58:18.226+0000] {dag.py:3096} INFO - Sync 1 DAGs
[2026-07-28T21:58:18.264+0000] {logging_mixin.py:188} INFO - [2026-07-28T21:58:18.263+0000] {dag.py:3954} INFO - Setting next_dagrun for process_silver_layer to None, run_after=None
[2026-07-28T21:58:18.314+0000] {processor.py:183} INFO - Processing /opt/airflow/dags/silver_processing_dag.py took 0.215 seconds
[2026-07-28T21:58:48.880+0000] {processor.py:161} INFO - Started process (PID=8170) to work on /opt/airflow/dags/silver_processing_dag.py
[2026-07-28T21:58:48.884+0000] {processor.py:830} INFO - Processing file /opt/airflow/dags/silver_processing_dag.py for tasks to queue
[2026-07-28T21:58:48.887+0000] {logging_mixin.py:188} INFO - [2026-07-28T21:58:48.886+0000] {dagbag.py:545} INFO - Filling up the DagBag from /opt/airflow/dags/silver_processing_dag.py
[2026-07-28T21:58:48.943+0000] {processor.py:840} INFO - DAG(s) 'process_silver_layer' retrieved from /opt/airflow/dags/silver_processing_dag.py
[2026-07-28T21:58:49.030+0000] {logging_mixin.py:188} INFO - [2026-07-28T21:58:49.030+0000] {dag.py:3096} INFO - Sync 1 DAGs
[2026-07-28T21:58:49.082+0000] {logging_mixin.py:188} INFO - [2026-07-28T21:58:49.081+0000] {dag.py:3954} INFO - Setting next_dagrun for process_silver_layer to None, run_after=None
[2026-07-28T21:58:49.154+0000] {processor.py:183} INFO - Processing /opt/airflow/dags/silver_processing_dag.py took 0.296 seconds
[2026-07-28T21:59:19.532+0000] {processor.py:161} INFO - Started process (PID=8185) to work on /opt/airflow/dags/silver_processing_dag.py
[2026-07-28T21:59:19.537+0000] {processor.py:830} INFO - Processing file /opt/airflow/dags/silver_processing_dag.py for tasks to queue
[2026-07-28T21:59:19.541+0000] {logging_mixin.py:188} INFO - [2026-07-28T21:59:19.540+0000] {dagbag.py:545} INFO - Filling up the DagBag from /opt/airflow/dags/silver_processing_dag.py
[2026-07-28T21:59:19.602+0000] {processor.py:840} INFO - DAG(s) 'process_silver_layer' retrieved from /opt/airflow/dags/silver_processing_dag.py
[2026-07-28T21:59:19.677+0000] {logging_mixin.py:188} INFO - [2026-07-28T21:59:19.676+0000] {dag.py:3096} INFO - Sync 1 DAGs
[2026-07-28T21:59:19.725+0000] {logging_mixin.py:188} INFO - [2026-07-28T21:59:19.724+0000] {dag.py:3954} INFO - Setting next_dagrun for process_silver_layer to None, run_after=None
[2026-07-28T21:59:19.787+0000] {processor.py:183} INFO - Processing /opt/airflow/dags/silver_processing_dag.py took 0.280 seconds
[2026-07-28T21:59:50.163+0000] {processor.py:161} INFO - Started process (PID=8200) to work on /opt/airflow/dags/silver_processing_dag.py
[2026-07-28T21:59:50.167+0000] {processor.py:830} INFO - Processing file /opt/airflow/dags/silver_processing_dag.py for tasks to queue
[2026-07-28T21:59:50.173+0000] {logging_mixin.py:188} INFO - [2026-07-28T21:59:50.172+0000] {dagbag.py:545} INFO - Filling up the DagBag from /opt/airflow/dags/silver_processing_dag.py
[2026-07-28T21:59:50.246+0000] {processor.py:840} INFO - DAG(s) 'process_silver_layer' retrieved from /opt/airflow/dags/silver_processing_dag.py
[2026-07-28T21:59:50.308+0000] {logging_mixin.py:188} INFO - [2026-07-28T21:59:50.307+0000] {dag.py:3096} INFO - Sync 1 DAGs
[2026-07-28T21:59:50.344+0000] {logging_mixin.py:188} INFO - [2026-07-28T21:59:50.342+0000] {dag.py:3954} INFO - Setting next_dagrun for process_silver_layer to None, run_after=None
[2026-07-28T21:59:50.872+0000] {processor.py:183} INFO - Processing /opt/airflow/dags/silver_processing_dag.py took 0.743 seconds
[2026-07-28T22:00:21.188+0000] {processor.py:161} INFO - Started process (PID=8219) to work on /opt/airflow/dags/silver_processing_dag.py
[2026-07-28T22:00:21.190+0000] {processor.py:830} INFO - Processing file /opt/airflow/dags/silver_processing_dag.py for tasks to queue
[2026-07-28T22:00:21.197+0000] {logging_mixin.py:188} INFO - [2026-07-28T22:00:21.194+0000] {dagbag.py:545} INFO - Filling up the DagBag from /opt/airflow/dags/silver_processing_dag.py
[2026-07-28T22:00:21.260+0000] {processor.py:840} INFO - DAG(s) 'process_silver_layer' retrieved from /opt/airflow/dags/silver_processing_dag.py
[2026-07-28T22:00:21.343+0000] {logging_mixin.py:188} INFO - [2026-07-28T22:00:21.343+0000] {dag.py:3096} INFO - Sync 1 DAGs
[2026-07-28T22:00:21.441+0000] {logging_mixin.py:188} INFO - [2026-07-28T22:00:21.440+0000] {dag.py:3954} INFO - Setting next_dagrun for process_silver_layer to None, run_after=None
[2026-07-28T22:00:21.669+0000] {processor.py:183} INFO - Processing /opt/airflow/dags/silver_processing_dag.py took 0.505 seconds
[2026-07-28T22:00:52.277+0000] {processor.py:161} INFO - Started process (PID=8234) to work on /opt/airflow/dags/silver_processing_dag.py
[2026-07-28T22:00:52.280+0000] {processor.py:830} INFO - Processing file /opt/airflow/dags/silver_processing_dag.py for tasks to queue
[2026-07-28T22:00:52.286+0000] {logging_mixin.py:188} INFO - [2026-07-28T22:00:52.285+0000] {dagbag.py:545} INFO - Filling up the DagBag from /opt/airflow/dags/silver_processing_dag.py
[2026-07-28T22:00:52.359+0000] {processor.py:840} INFO - DAG(s) 'process_silver_layer' retrieved from /opt/airflow/dags/silver_processing_dag.py
[2026-07-28T22:00:52.501+0000] {logging_mixin.py:188} INFO - [2026-07-28T22:00:52.500+0000] {dag.py:3096} INFO - Sync 1 DAGs
[2026-07-28T22:00:52.563+0000] {logging_mixin.py:188} INFO - [2026-07-28T22:00:52.563+0000] {dag.py:3954} INFO - Setting next_dagrun for process_silver_layer to None, run_after=None
[2026-07-28T22:00:52.644+0000] {processor.py:183} INFO - Processing /opt/airflow/dags/silver_processing_dag.py took 0.400 seconds
[2026-07-28T22:01:23.259+0000] {processor.py:161} INFO - Started process (PID=8250) to work on /opt/airflow/dags/silver_processing_dag.py
[2026-07-28T22:01:23.262+0000] {processor.py:830} INFO - Processing file /opt/airflow/dags/silver_processing_dag.py for tasks to queue
[2026-07-28T22:01:23.267+0000] {logging_mixin.py:188} INFO - [2026-07-28T22:01:23.266+0000] {dagbag.py:545} INFO - Filling up the DagBag from /opt/airflow/dags/silver_processing_dag.py
[2026-07-28T22:01:23.328+0000] {processor.py:840} INFO - DAG(s) 'process_silver_layer' retrieved from /opt/airflow/dags/silver_processing_dag.py
[2026-07-28T22:01:23.418+0000] {logging_mixin.py:188} INFO - [2026-07-28T22:01:23.417+0000] {dag.py:3096} INFO - Sync 1 DAGs
[2026-07-28T22:01:23.462+0000] {logging_mixin.py:188} INFO - [2026-07-28T22:01:23.461+0000] {dag.py:3954} INFO - Setting next_dagrun for process_silver_layer to None, run_after=None
[2026-07-28T22:01:24.529+0000] {processor.py:183} INFO - Processing /opt/airflow/dags/silver_processing_dag.py took 1.289 seconds
[2026-07-28T22:01:54.898+0000] {processor.py:161} INFO - Started process (PID=8335) to work on /opt/airflow/dags/silver_processing_dag.py
[2026-07-28T22:01:54.902+0000] {processor.py:830} INFO - Processing file /opt/airflow/dags/silver_processing_dag.py for tasks to queue
[2026-07-28T22:01:54.909+0000] {logging_mixin.py:188} INFO - [2026-07-28T22:01:54.907+0000] {dagbag.py:545} INFO - Filling up the DagBag from /opt/airflow/dags/silver_processing_dag.py
[2026-07-28T22:01:55.039+0000] {processor.py:840} INFO - DAG(s) 'process_silver_layer' retrieved from /opt/airflow/dags/silver_processing_dag.py
[2026-07-28T22:01:55.129+0000] {logging_mixin.py:188} INFO - [2026-07-28T22:01:55.128+0000] {dag.py:3096} INFO - Sync 1 DAGs
[2026-07-28T22:01:55.197+0000] {logging_mixin.py:188} INFO - [2026-07-28T22:01:55.196+0000] {dag.py:3954} INFO - Setting next_dagrun for process_silver_layer to None, run_after=None
[2026-07-28T22:01:55.276+0000] {processor.py:183} INFO - Processing /opt/airflow/dags/silver_processing_dag.py took 0.403 seconds
[2026-07-28T22:02:25.630+0000] {processor.py:161} INFO - Started process (PID=8416) to work on /opt/airflow/dags/silver_processing_dag.py
[2026-07-28T22:02:25.643+0000] {processor.py:830} INFO - Processing file /opt/airflow/dags/silver_processing_dag.py for tasks to queue
[2026-07-28T22:02:25.652+0000] {logging_mixin.py:188} INFO - [2026-07-28T22:02:25.651+0000] {dagbag.py:545} INFO - Filling up the DagBag from /opt/airflow/dags/silver_processing_dag.py
[2026-07-28T22:02:25.886+0000] {processor.py:840} INFO - DAG(s) 'process_silver_layer' retrieved from /opt/airflow/dags/silver_processing_dag.py
[2026-07-28T22:02:26.159+0000] {logging_mixin.py:188} INFO - [2026-07-28T22:02:26.158+0000] {dag.py:3096} INFO - Sync 1 DAGs
[2026-07-28T22:02:26.261+0000] {logging_mixin.py:188} INFO - [2026-07-28T22:02:26.260+0000] {dag.py:3954} INFO - Setting next_dagrun for process_silver_layer to None, run_after=None
[2026-07-28T22:02:26.440+0000] {processor.py:183} INFO - Processing /opt/airflow/dags/silver_processing_dag.py took 0.852 seconds
[2026-07-28T22:02:56.924+0000] {processor.py:161} INFO - Started process (PID=8468) to work on /opt/airflow/dags/silver_processing_dag.py
[2026-07-28T22:02:56.929+0000] {processor.py:830} INFO - Processing file /opt/airflow/dags/silver_processing_dag.py for tasks to queue
[2026-07-28T22:02:56.937+0000] {logging_mixin.py:188} INFO - [2026-07-28T22:02:56.936+0000] {dagbag.py:545} INFO - Filling up the DagBag from /opt/airflow/dags/silver_processing_dag.py
[2026-07-28T22:02:57.046+0000] {processor.py:840} INFO - DAG(s) 'process_silver_layer' retrieved from /opt/airflow/dags/silver_processing_dag.py
[2026-07-28T22:02:57.281+0000] {logging_mixin.py:188} INFO - [2026-07-28T22:02:57.280+0000] {dag.py:3096} INFO - Sync 1 DAGs
[2026-07-28T22:02:57.390+0000] {logging_mixin.py:188} INFO - [2026-07-28T22:02:57.389+0000] {dag.py:3954} INFO - Setting next_dagrun for process_silver_layer to None, run_after=None
[2026-07-28T22:02:57.469+0000] {processor.py:183} INFO - Processing /opt/airflow/dags/silver_processing_dag.py took 0.597 seconds
[2026-07-28T22:03:28.033+0000] {processor.py:161} INFO - Started process (PID=8576) to work on /opt/airflow/dags/silver_processing_dag.py
[2026-07-28T22:03:28.038+0000] {processor.py:830} INFO - Processing file /opt/airflow/dags/silver_processing_dag.py for tasks to queue
[2026-07-28T22:03:28.043+0000] {logging_mixin.py:188} INFO - [2026-07-28T22:03:28.042+0000] {dagbag.py:545} INFO - Filling up the DagBag from /opt/airflow/dags/silver_processing_dag.py
[2026-07-28T22:03:28.111+0000] {processor.py:840} INFO - DAG(s) 'process_silver_layer' retrieved from /opt/airflow/dags/silver_processing_dag.py
[2026-07-28T22:03:28.184+0000] {logging_mixin.py:188} INFO - [2026-07-28T22:03:28.183+0000] {dag.py:3096} INFO - Sync 1 DAGs
[2026-07-28T22:03:28.235+0000] {logging_mixin.py:188} INFO - [2026-07-28T22:03:28.235+0000] {dag.py:3954} INFO - Setting next_dagrun for process_silver_layer to None, run_after=None
[2026-07-28T22:03:28.917+0000] {processor.py:183} INFO - Processing /opt/airflow/dags/silver_processing_dag.py took 1.094 seconds
[2026-07-28T22:03:59.030+0000] {processor.py:161} INFO - Started process (PID=8611) to work on /opt/airflow/dags/silver_processing_dag.py
[2026-07-28T22:03:59.033+0000] {processor.py:830} INFO - Processing file /opt/airflow/dags/silver_processing_dag.py for tasks to queue
[2026-07-28T22:03:59.041+0000] {logging_mixin.py:188} INFO - [2026-07-28T22:03:59.040+0000] {dagbag.py:545} INFO - Filling up the DagBag from /opt/airflow/dags/silver_processing_dag.py
[2026-07-28T22:03:59.141+0000] {processor.py:840} INFO - DAG(s) 'process_silver_layer' retrieved from /opt/airflow/dags/silver_processing_dag.py
[2026-07-28T22:03:59.212+0000] {logging_mixin.py:188} INFO - [2026-07-28T22:03:59.212+0000] {dag.py:3096} INFO - Sync 1 DAGs
[2026-07-28T22:03:59.259+0000] {logging_mixin.py:188} INFO - [2026-07-28T22:03:59.258+0000] {dag.py:3954} INFO - Setting next_dagrun for process_silver_layer to None, run_after=None
[2026-07-28T22:03:59.379+0000] {processor.py:183} INFO - Processing /opt/airflow/dags/silver_processing_dag.py took 0.365 seconds
[2026-07-28T22:04:30.261+0000] {processor.py:161} INFO - Started process (PID=8638) to work on /opt/airflow/dags/silver_processing_dag.py
[2026-07-28T22:04:30.290+0000] {processor.py:830} INFO - Processing file /opt/airflow/dags/silver_processing_dag.py for tasks to queue
[2026-07-28T22:04:30.339+0000] {logging_mixin.py:188} INFO - [2026-07-28T22:04:30.338+0000] {dagbag.py:545} INFO - Filling up the DagBag from /opt/airflow/dags/silver_processing_dag.py
[2026-07-28T22:04:30.773+0000] {processor.py:840} INFO - DAG(s) 'process_silver_layer' retrieved from /opt/airflow/dags/silver_processing_dag.py
[2026-07-28T22:04:31.022+0000] {logging_mixin.py:188} INFO - [2026-07-28T22:04:31.022+0000] {dag.py:3096} INFO - Sync 1 DAGs
[2026-07-28T22:04:31.155+0000] {logging_mixin.py:188} INFO - [2026-07-28T22:04:31.154+0000] {dag.py:3954} INFO - Setting next_dagrun for process_silver_layer to None, run_after=None
[2026-07-28T22:04:31.334+0000] {processor.py:183} INFO - Processing /opt/airflow/dags/silver_processing_dag.py took 1.135 seconds
[2026-07-28T22:05:03.016+0000] {processor.py:161} INFO - Started process (PID=8657) to work on /opt/airflow/dags/silver_processing_dag.py
[2026-07-28T22:05:03.105+0000] {processor.py:830} INFO - Processing file /opt/airflow/dags/silver_processing_dag.py for tasks to queue
[2026-07-28T22:05:03.153+0000] {logging_mixin.py:188} INFO - [2026-07-28T22:05:03.152+0000] {dagbag.py:545} INFO - Filling up the DagBag from /opt/airflow/dags/silver_processing_dag.py
[2026-07-28T22:05:03.578+0000] {processor.py:840} INFO - DAG(s) 'process_silver_layer' retrieved from /opt/airflow/dags/silver_processing_dag.py
[2026-07-28T22:05:03.890+0000] {logging_mixin.py:188} INFO - [2026-07-28T22:05:03.889+0000] {dag.py:3096} INFO - Sync 1 DAGs
[2026-07-28T22:05:04.000+0000] {logging_mixin.py:188} INFO - [2026-07-28T22:05:04.000+0000] {dag.py:3954} INFO - Setting next_dagrun for process_silver_layer to None, run_after=None
[2026-07-28T22:05:04.653+0000] {processor.py:183} INFO - Processing /opt/airflow/dags/silver_processing_dag.py took 1.653 seconds
[2026-07-28T22:05:35.222+0000] {processor.py:161} INFO - Started process (PID=8672) to work on /opt/airflow/dags/silver_processing_dag.py
[2026-07-28T22:05:35.226+0000] {processor.py:830} INFO - Processing file /opt/airflow/dags/silver_processing_dag.py for tasks to queue
[2026-07-28T22:05:35.230+0000] {logging_mixin.py:188} INFO - [2026-07-28T22:05:35.229+0000] {dagbag.py:545} INFO - Filling up the DagBag from /opt/airflow/dags/silver_processing_dag.py
[2026-07-28T22:05:35.283+0000] {processor.py:840} INFO - DAG(s) 'process_silver_layer' retrieved from /opt/airflow/dags/silver_processing_dag.py
[2026-07-28T22:05:35.337+0000] {logging_mixin.py:188} INFO - [2026-07-28T22:05:35.337+0000] {dag.py:3096} INFO - Sync 1 DAGs
[2026-07-28T22:05:35.388+0000] {logging_mixin.py:188} INFO - [2026-07-28T22:05:35.388+0000] {dag.py:3954} INFO - Setting next_dagrun for process_silver_layer to None, run_after=None
[2026-07-28T22:05:35.550+0000] {processor.py:183} INFO - Processing /opt/airflow/dags/silver_processing_dag.py took 0.346 seconds
[2026-07-28T22:06:06.019+0000] {processor.py:161} INFO - Started process (PID=8688) to work on /opt/airflow/dags/silver_processing_dag.py
[2026-07-28T22:06:06.022+0000] {processor.py:830} INFO - Processing file /opt/airflow/dags/silver_processing_dag.py for tasks to queue
[2026-07-28T22:06:06.026+0000] {logging_mixin.py:188} INFO - [2026-07-28T22:06:06.025+0000] {dagbag.py:545} INFO - Filling up the DagBag from /opt/airflow/dags/silver_processing_dag.py
[2026-07-28T22:06:06.072+0000] {processor.py:840} INFO - DAG(s) 'process_silver_layer' retrieved from /opt/airflow/dags/silver_processing_dag.py
[2026-07-28T22:06:06.124+0000] {logging_mixin.py:188} INFO - [2026-07-28T22:06:06.124+0000] {dag.py:3096} INFO - Sync 1 DAGs
[2026-07-28T22:06:06.158+0000] {logging_mixin.py:188} INFO - [2026-07-28T22:06:06.157+0000] {dag.py:3954} INFO - Setting next_dagrun for process_silver_layer to None, run_after=None
[2026-07-28T22:06:06.207+0000] {processor.py:183} INFO - Processing /opt/airflow/dags/silver_processing_dag.py took 0.202 seconds
[2026-07-28T22:06:37.213+0000] {processor.py:161} INFO - Started process (PID=8707) to work on /opt/airflow/dags/silver_processing_dag.py
[2026-07-28T22:06:37.217+0000] {processor.py:830} INFO - Processing file /opt/airflow/dags/silver_processing_dag.py for tasks to queue
[2026-07-28T22:06:37.221+0000] {logging_mixin.py:188} INFO - [2026-07-28T22:06:37.219+0000] {dagbag.py:545} INFO - Filling up the DagBag from /opt/airflow/dags/silver_processing_dag.py
[2026-07-28T22:06:37.286+0000] {processor.py:840} INFO - DAG(s) 'process_silver_layer' retrieved from /opt/airflow/dags/silver_processing_dag.py
[2026-07-28T22:06:37.350+0000] {logging_mixin.py:188} INFO - [2026-07-28T22:06:37.350+0000] {dag.py:3096} INFO - Sync 1 DAGs
[2026-07-28T22:06:37.406+0000] {logging_mixin.py:188} INFO - [2026-07-28T22:06:37.405+0000] {dag.py:3954} INFO - Setting next_dagrun for process_silver_layer to None, run_after=None
[2026-07-28T22:06:37.468+0000] {processor.py:183} INFO - Processing /opt/airflow/dags/silver_processing_dag.py took 0.279 seconds
[2026-07-28T22:07:08.349+0000] {processor.py:161} INFO - Started process (PID=8724) to work on /opt/airflow/dags/silver_processing_dag.py
[2026-07-28T22:07:08.354+0000] {processor.py:830} INFO - Processing file /opt/airflow/dags/silver_processing_dag.py for tasks to queue
[2026-07-28T22:07:08.370+0000] {logging_mixin.py:188} INFO - [2026-07-28T22:07:08.369+0000] {dagbag.py:545} INFO - Filling up the DagBag from /opt/airflow/dags/silver_processing_dag.py
[2026-07-28T22:07:08.562+0000] {processor.py:840} INFO - DAG(s) 'process_silver_layer' retrieved from /opt/airflow/dags/silver_processing_dag.py
[2026-07-28T22:07:08.711+0000] {logging_mixin.py:188} INFO - [2026-07-28T22:07:08.711+0000] {dag.py:3096} INFO - Sync 1 DAGs
[2026-07-28T22:07:08.745+0000] {logging_mixin.py:188} INFO - [2026-07-28T22:07:08.745+0000] {dag.py:3954} INFO - Setting next_dagrun for process_silver_layer to None, run_after=None
[2026-07-28T22:07:09.392+0000] {processor.py:183} INFO - Processing /opt/airflow/dags/silver_processing_dag.py took 1.105 seconds
[2026-07-28T22:07:39.743+0000] {processor.py:161} INFO - Started process (PID=8740) to work on /opt/airflow/dags/silver_processing_dag.py
[2026-07-28T22:07:39.748+0000] {processor.py:830} INFO - Processing file /opt/airflow/dags/silver_processing_dag.py for tasks to queue
[2026-07-28T22:07:39.752+0000] {logging_mixin.py:188} INFO - [2026-07-28T22:07:39.751+0000] {dagbag.py:545} INFO - Filling up the DagBag from /opt/airflow/dags/silver_processing_dag.py
[2026-07-28T22:07:39.802+0000] {processor.py:840} INFO - DAG(s) 'process_silver_layer' retrieved from /opt/airflow/dags/silver_processing_dag.py
[2026-07-28T22:07:39.909+0000] {logging_mixin.py:188} INFO - [2026-07-28T22:07:39.908+0000] {dag.py:3096} INFO - Sync 1 DAGs
[2026-07-28T22:07:39.973+0000] {logging_mixin.py:188} INFO - [2026-07-28T22:07:39.972+0000] {dag.py:3954} INFO - Setting next_dagrun for process_silver_layer to None, run_after=None
[2026-07-28T22:07:40.089+0000] {processor.py:183} INFO - Processing /opt/airflow/dags/silver_processing_dag.py took 0.368 seconds
[2026-07-28T22:08:10.821+0000] {processor.py:161} INFO - Started process (PID=8756) to work on /opt/airflow/dags/silver_processing_dag.py
[2026-07-28T22:08:10.827+0000] {processor.py:830} INFO - Processing file /opt/airflow/dags/silver_processing_dag.py for tasks to queue
[2026-07-28T22:08:10.833+0000] {logging_mixin.py:188} INFO - [2026-07-28T22:08:10.831+0000] {dagbag.py:545} INFO - Filling up the DagBag from /opt/airflow/dags/silver_processing_dag.py
[2026-07-28T22:08:10.896+0000] {processor.py:840} INFO - DAG(s) 'process_silver_layer' retrieved from /opt/airflow/dags/silver_processing_dag.py
[2026-07-28T22:08:10.971+0000] {logging_mixin.py:188} INFO - [2026-07-28T22:08:10.970+0000] {dag.py:3096} INFO - Sync 1 DAGs
[2026-07-28T22:08:11.015+0000] {logging_mixin.py:188} INFO - [2026-07-28T22:08:11.015+0000] {dag.py:3954} INFO - Setting next_dagrun for process_silver_layer to None, run_after=None
[2026-07-28T22:08:11.065+0000] {processor.py:183} INFO - Processing /opt/airflow/dags/silver_processing_dag.py took 0.295 seconds
[2026-07-28T22:08:41.666+0000] {processor.py:161} INFO - Started process (PID=8772) to work on /opt/airflow/dags/silver_processing_dag.py
[2026-07-28T22:08:41.673+0000] {processor.py:830} INFO - Processing file /opt/airflow/dags/silver_processing_dag.py for tasks to queue
[2026-07-28T22:08:41.678+0000] {logging_mixin.py:188} INFO - [2026-07-28T22:08:41.677+0000] {dagbag.py:545} INFO - Filling up the DagBag from /opt/airflow/dags/silver_processing_dag.py
[2026-07-28T22:08:41.790+0000] {processor.py:840} INFO - DAG(s) 'process_silver_layer' retrieved from /opt/airflow/dags/silver_processing_dag.py
[2026-07-28T22:08:41.894+0000] {logging_mixin.py:188} INFO - [2026-07-28T22:08:41.894+0000] {dag.py:3096} INFO - Sync 1 DAGs
[2026-07-28T22:08:41.963+0000] {logging_mixin.py:188} INFO - [2026-07-28T22:08:41.963+0000] {dag.py:3954} INFO - Setting next_dagrun for process_silver_layer to None, run_after=None
[2026-07-28T22:08:42.024+0000] {processor.py:183} INFO - Processing /opt/airflow/dags/silver_processing_dag.py took 0.388 seconds
[2026-07-28T22:09:12.366+0000] {processor.py:161} INFO - Started process (PID=8788) to work on /opt/airflow/dags/silver_processing_dag.py
[2026-07-28T22:09:12.371+0000] {processor.py:830} INFO - Processing file /opt/airflow/dags/silver_processing_dag.py for tasks to queue
[2026-07-28T22:09:12.378+0000] {logging_mixin.py:188} INFO - [2026-07-28T22:09:12.376+0000] {dagbag.py:545} INFO - Filling up the DagBag from /opt/airflow/dags/silver_processing_dag.py
[2026-07-28T22:09:12.525+0000] {processor.py:840} INFO - DAG(s) 'process_silver_layer' retrieved from /opt/airflow/dags/silver_processing_dag.py
[2026-07-28T22:09:12.637+0000] {logging_mixin.py:188} INFO - [2026-07-28T22:09:12.635+0000] {dag.py:3096} INFO - Sync 1 DAGs
[2026-07-28T22:09:12.684+0000] {logging_mixin.py:188} INFO - [2026-07-28T22:09:12.683+0000] {dag.py:3954} INFO - Setting next_dagrun for process_silver_layer to None, run_after=None
[2026-07-28T22:09:12.737+0000] {processor.py:183} INFO - Processing /opt/airflow/dags/silver_processing_dag.py took 0.393 seconds
[2026-07-28T22:09:43.020+0000] {processor.py:161} INFO - Started process (PID=8803) to work on /opt/airflow/dags/silver_processing_dag.py
[2026-07-28T22:09:43.026+0000] {processor.py:830} INFO - Processing file /opt/airflow/dags/silver_processing_dag.py for tasks to queue
[2026-07-28T22:09:43.031+0000] {logging_mixin.py:188} INFO - [2026-07-28T22:09:43.029+0000] {dagbag.py:545} INFO - Filling up the DagBag from /opt/airflow/dags/silver_processing_dag.py
[2026-07-28T22:09:43.136+0000] {processor.py:840} INFO - DAG(s) 'process_silver_layer' retrieved from /opt/airflow/dags/silver_processing_dag.py
[2026-07-28T22:09:43.198+0000] {logging_mixin.py:188} INFO - [2026-07-28T22:09:43.197+0000] {dag.py:3096} INFO - Sync 1 DAGs
[2026-07-28T22:09:43.235+0000] {logging_mixin.py:188} INFO - [2026-07-28T22:09:43.235+0000] {dag.py:3954} INFO - Setting next_dagrun for process_silver_layer to None, run_after=None
[2026-07-28T22:09:43.293+0000] {processor.py:183} INFO - Processing /opt/airflow/dags/silver_processing_dag.py took 0.302 seconds
[2026-07-28T22:10:13.679+0000] {processor.py:161} INFO - Started process (PID=8850) to work on /opt/airflow/dags/silver_processing_dag.py
[2026-07-28T22:10:13.686+0000] {processor.py:830} INFO - Processing file /opt/airflow/dags/silver_processing_dag.py for tasks to queue
[2026-07-28T22:10:13.693+0000] {logging_mixin.py:188} INFO - [2026-07-28T22:10:13.691+0000] {dagbag.py:545} INFO - Filling up the DagBag from /opt/airflow/dags/silver_processing_dag.py
[2026-07-28T22:10:13.768+0000] {processor.py:840} INFO - DAG(s) 'process_silver_layer' retrieved from /opt/airflow/dags/silver_processing_dag.py
[2026-07-28T22:10:13.854+0000] {logging_mixin.py:188} INFO - [2026-07-28T22:10:13.853+0000] {dag.py:3096} INFO - Sync 1 DAGs
[2026-07-28T22:10:13.914+0000] {logging_mixin.py:188} INFO - [2026-07-28T22:10:13.913+0000] {dag.py:3954} INFO - Setting next_dagrun for process_silver_layer to None, run_after=None
[2026-07-28T22:10:13.962+0000] {processor.py:183} INFO - Processing /opt/airflow/dags/silver_processing_dag.py took 0.339 seconds
[2026-07-28T22:10:44.581+0000] {processor.py:161} INFO - Started process (PID=8923) to work on /opt/airflow/dags/silver_processing_dag.py
[2026-07-28T22:10:44.584+0000] {processor.py:830} INFO - Processing file /opt/airflow/dags/silver_processing_dag.py for tasks to queue
[2026-07-28T22:10:44.589+0000] {logging_mixin.py:188} INFO - [2026-07-28T22:10:44.587+0000] {dagbag.py:545} INFO - Filling up the DagBag from /opt/airflow/dags/silver_processing_dag.py
[2026-07-28T22:10:44.668+0000] {processor.py:840} INFO - DAG(s) 'process_silver_layer' retrieved from /opt/airflow/dags/silver_processing_dag.py
[2026-07-28T22:10:44.761+0000] {logging_mixin.py:188} INFO - [2026-07-28T22:10:44.760+0000] {dag.py:3096} INFO - Sync 1 DAGs
[2026-07-28T22:10:44.809+0000] {logging_mixin.py:188} INFO - [2026-07-28T22:10:44.809+0000] {dag.py:3954} INFO - Setting next_dagrun for process_silver_layer to None, run_after=None
[2026-07-28T22:10:45.330+0000] {processor.py:183} INFO - Processing /opt/airflow/dags/silver_processing_dag.py took 0.771 seconds
[2026-07-28T22:11:16.181+0000] {processor.py:161} INFO - Started process (PID=8941) to work on /opt/airflow/dags/silver_processing_dag.py
[2026-07-28T22:11:16.188+0000] {processor.py:830} INFO - Processing file /opt/airflow/dags/silver_processing_dag.py for tasks to queue
[2026-07-28T22:11:16.197+0000] {logging_mixin.py:188} INFO - [2026-07-28T22:11:16.196+0000] {dagbag.py:545} INFO - Filling up the DagBag from /opt/airflow/dags/silver_processing_dag.py
[2026-07-28T22:11:16.329+0000] {processor.py:840} INFO - DAG(s) 'process_silver_layer' retrieved from /opt/airflow/dags/silver_processing_dag.py
[2026-07-28T22:11:16.423+0000] {logging_mixin.py:188} INFO - [2026-07-28T22:11:16.423+0000] {dag.py:3096} INFO - Sync 1 DAGs
[2026-07-28T22:11:16.471+0000] {logging_mixin.py:188} INFO - [2026-07-28T22:11:16.470+0000] {dag.py:3954} INFO - Setting next_dagrun for process_silver_layer to None, run_after=None
[2026-07-28T22:11:16.526+0000] {processor.py:183} INFO - Processing /opt/airflow/dags/silver_processing_dag.py took 0.386 seconds
[2026-07-28T22:11:46.960+0000] {processor.py:161} INFO - Started process (PID=8958) to work on /opt/airflow/dags/silver_processing_dag.py
[2026-07-28T22:11:46.968+0000] {processor.py:830} INFO - Processing file /opt/airflow/dags/silver_processing_dag.py for tasks to queue
[2026-07-28T22:11:46.989+0000] {logging_mixin.py:188} INFO - [2026-07-28T22:11:46.988+0000] {dagbag.py:545} INFO - Filling up the DagBag from /opt/airflow/dags/silver_processing_dag.py
[2026-07-28T22:11:47.097+0000] {processor.py:840} INFO - DAG(s) 'process_silver_layer' retrieved from /opt/airflow/dags/silver_processing_dag.py
[2026-07-28T22:11:47.242+0000] {logging_mixin.py:188} INFO - [2026-07-28T22:11:47.241+0000] {dag.py:3096} INFO - Sync 1 DAGs
[2026-07-28T22:11:47.325+0000] {logging_mixin.py:188} INFO - [2026-07-28T22:11:47.325+0000] {dag.py:3954} INFO - Setting next_dagrun for process_silver_layer to None, run_after=None
[2026-07-28T22:11:47.424+0000] {processor.py:183} INFO - Processing /opt/airflow/dags/silver_processing_dag.py took 0.504 seconds
[2026-07-28T22:12:17.731+0000] {processor.py:161} INFO - Started process (PID=8976) to work on /opt/airflow/dags/silver_processing_dag.py
[2026-07-28T22:12:17.741+0000] {processor.py:830} INFO - Processing file /opt/airflow/dags/silver_processing_dag.py for tasks to queue
[2026-07-28T22:12:17.748+0000] {logging_mixin.py:188} INFO - [2026-07-28T22:12:17.747+0000] {dagbag.py:545} INFO - Filling up the DagBag from /opt/airflow/dags/silver_processing_dag.py
[2026-07-28T22:12:17.924+0000] {processor.py:840} INFO - DAG(s) 'process_silver_layer' retrieved from /opt/airflow/dags/silver_processing_dag.py
[2026-07-28T22:12:18.161+0000] {logging_mixin.py:188} INFO - [2026-07-28T22:12:18.161+0000] {dag.py:3096} INFO - Sync 1 DAGs
[2026-07-28T22:12:18.486+0000] {logging_mixin.py:188} INFO - [2026-07-28T22:12:18.486+0000] {dag.py:3954} INFO - Setting next_dagrun for process_silver_layer to None, run_after=None
[2026-07-28T22:12:18.629+0000] {processor.py:183} INFO - Processing /opt/airflow/dags/silver_processing_dag.py took 0.926 seconds
[2026-07-28T22:12:49.225+0000] {processor.py:161} INFO - Started process (PID=8993) to work on /opt/airflow/dags/silver_processing_dag.py
[2026-07-28T22:12:49.229+0000] {processor.py:830} INFO - Processing file /opt/airflow/dags/silver_processing_dag.py for tasks to queue
[2026-07-28T22:12:49.237+0000] {logging_mixin.py:188} INFO - [2026-07-28T22:12:49.232+0000] {dagbag.py:545} INFO - Filling up the DagBag from /opt/airflow/dags/silver_processing_dag.py
[2026-07-28T22:12:49.335+0000] {processor.py:840} INFO - DAG(s) 'process_silver_layer' retrieved from /opt/airflow/dags/silver_processing_dag.py
[2026-07-28T22:12:49.423+0000] {logging_mixin.py:188} INFO - [2026-07-28T22:12:49.423+0000] {dag.py:3096} INFO - Sync 1 DAGs
[2026-07-28T22:12:49.533+0000] {logging_mixin.py:188} INFO - [2026-07-28T22:12:49.532+0000] {dag.py:3954} INFO - Setting next_dagrun for process_silver_layer to None, run_after=None
[2026-07-28T22:12:49.685+0000] {processor.py:183} INFO - Processing /opt/airflow/dags/silver_processing_dag.py took 0.487 seconds
[2026-07-28T22:13:20.209+0000] {processor.py:161} INFO - Started process (PID=9010) to work on /opt/airflow/dags/silver_processing_dag.py
[2026-07-28T22:13:20.216+0000] {processor.py:830} INFO - Processing file /opt/airflow/dags/silver_processing_dag.py for tasks to queue
[2026-07-28T22:13:20.230+0000] {logging_mixin.py:188} INFO - [2026-07-28T22:13:20.229+0000] {dagbag.py:545} INFO - Filling up the DagBag from /opt/airflow/dags/silver_processing_dag.py
[2026-07-28T22:13:20.370+0000] {processor.py:840} INFO - DAG(s) 'process_silver_layer' retrieved from /opt/airflow/dags/silver_processing_dag.py
[2026-07-28T22:13:20.507+0000] {logging_mixin.py:188} INFO - [2026-07-28T22:13:20.506+0000] {dag.py:3096} INFO - Sync 1 DAGs
[2026-07-28T22:13:20.619+0000] {logging_mixin.py:188} INFO - [2026-07-28T22:13:20.618+0000] {dag.py:3954} INFO - Setting next_dagrun for process_silver_layer to None, run_after=None
[2026-07-28T22:13:20.779+0000] {processor.py:183} INFO - Processing /opt/airflow/dags/silver_processing_dag.py took 0.596 seconds
[2026-07-28T22:13:51.153+0000] {processor.py:161} INFO - Started process (PID=9045) to work on /opt/airflow/dags/silver_processing_dag.py
[2026-07-28T22:13:51.156+0000] {processor.py:830} INFO - Processing file /opt/airflow/dags/silver_processing_dag.py for tasks to queue
[2026-07-28T22:13:51.160+0000] {logging_mixin.py:188} INFO - [2026-07-28T22:13:51.159+0000] {dagbag.py:545} INFO - Filling up the DagBag from /opt/airflow/dags/silver_processing_dag.py
[2026-07-28T22:13:51.207+0000] {processor.py:840} INFO - DAG(s) 'process_silver_layer' retrieved from /opt/airflow/dags/silver_processing_dag.py
[2026-07-28T22:13:51.281+0000] {logging_mixin.py:188} INFO - [2026-07-28T22:13:51.281+0000] {dag.py:3096} INFO - Sync 1 DAGs
[2026-07-28T22:13:51.342+0000] {logging_mixin.py:188} INFO - [2026-07-28T22:13:51.341+0000] {dag.py:3954} INFO - Setting next_dagrun for process_silver_layer to None, run_after=None
[2026-07-28T22:13:51.495+0000] {processor.py:183} INFO - Processing /opt/airflow/dags/silver_processing_dag.py took 0.360 seconds
[2026-07-28T22:14:21.943+0000] {processor.py:161} INFO - Started process (PID=9068) to work on /opt/airflow/dags/silver_processing_dag.py
[2026-07-28T22:14:21.946+0000] {processor.py:830} INFO - Processing file /opt/airflow/dags/silver_processing_dag.py for tasks to queue
[2026-07-28T22:14:21.951+0000] {logging_mixin.py:188} INFO - [2026-07-28T22:14:21.950+0000] {dagbag.py:545} INFO - Filling up the DagBag from /opt/airflow/dags/silver_processing_dag.py
[2026-07-28T22:14:22.005+0000] {processor.py:840} INFO - DAG(s) 'process_silver_layer' retrieved from /opt/airflow/dags/silver_processing_dag.py
[2026-07-28T22:14:22.064+0000] {logging_mixin.py:188} INFO - [2026-07-28T22:14:22.063+0000] {dag.py:3096} INFO - Sync 1 DAGs
[2026-07-28T22:14:22.117+0000] {logging_mixin.py:188} INFO - [2026-07-28T22:14:22.116+0000] {dag.py:3954} INFO - Setting next_dagrun for process_silver_layer to None, run_after=None
[2026-07-28T22:14:22.197+0000] {processor.py:183} INFO - Processing /opt/airflow/dags/silver_processing_dag.py took 0.278 seconds
[2026-07-28T22:14:52.694+0000] {processor.py:161} INFO - Started process (PID=9101) to work on /opt/airflow/dags/silver_processing_dag.py
[2026-07-28T22:14:52.697+0000] {processor.py:830} INFO - Processing file /opt/airflow/dags/silver_processing_dag.py for tasks to queue
[2026-07-28T22:14:52.701+0000] {logging_mixin.py:188} INFO - [2026-07-28T22:14:52.700+0000] {dagbag.py:545} INFO - Filling up the DagBag from /opt/airflow/dags/silver_processing_dag.py
[2026-07-28T22:14:52.765+0000] {processor.py:840} INFO - DAG(s) 'process_silver_layer' retrieved from /opt/airflow/dags/silver_processing_dag.py
[2026-07-28T22:14:52.871+0000] {logging_mixin.py:188} INFO - [2026-07-28T22:14:52.870+0000] {dag.py:3096} INFO - Sync 1 DAGs
[2026-07-28T22:14:53.070+0000] {logging_mixin.py:188} INFO - [2026-07-28T22:14:53.069+0000] {dag.py:3954} INFO - Setting next_dagrun for process_silver_layer to None, run_after=None
[2026-07-28T22:14:53.222+0000] {processor.py:183} INFO - Processing /opt/airflow/dags/silver_processing_dag.py took 0.547 seconds
[2026-07-28T22:15:24.055+0000] {processor.py:161} INFO - Started process (PID=9212) to work on /opt/airflow/dags/silver_processing_dag.py
[2026-07-28T22:15:24.066+0000] {processor.py:830} INFO - Processing file /opt/airflow/dags/silver_processing_dag.py for tasks to queue
[2026-07-28T22:15:24.083+0000] {logging_mixin.py:188} INFO - [2026-07-28T22:15:24.082+0000] {dagbag.py:545} INFO - Filling up the DagBag from /opt/airflow/dags/silver_processing_dag.py
[2026-07-28T22:15:24.231+0000] {processor.py:840} INFO - DAG(s) 'process_silver_layer' retrieved from /opt/airflow/dags/silver_processing_dag.py
[2026-07-28T22:15:24.414+0000] {logging_mixin.py:188} INFO - [2026-07-28T22:15:24.413+0000] {dag.py:3096} INFO - Sync 1 DAGs
[2026-07-28T22:15:24.488+0000] {logging_mixin.py:188} INFO - [2026-07-28T22:15:24.488+0000] {dag.py:3954} INFO - Setting next_dagrun for process_silver_layer to None, run_after=None
[2026-07-28T22:15:24.587+0000] {processor.py:183} INFO - Processing /opt/airflow/dags/silver_processing_dag.py took 0.621 seconds
[2026-07-28T22:15:55.000+0000] {processor.py:161} INFO - Started process (PID=9833) to work on /opt/airflow/dags/silver_processing_dag.py
[2026-07-28T22:15:55.010+0000] {processor.py:830} INFO - Processing file /opt/airflow/dags/silver_processing_dag.py for tasks to queue
[2026-07-28T22:15:55.014+0000] {logging_mixin.py:188} INFO - [2026-07-28T22:15:55.013+0000] {dagbag.py:545} INFO - Filling up the DagBag from /opt/airflow/dags/silver_processing_dag.py
[2026-07-28T22:15:55.183+0000] {processor.py:840} INFO - DAG(s) 'process_silver_layer' retrieved from /opt/airflow/dags/silver_processing_dag.py
[2026-07-28T22:15:55.432+0000] {logging_mixin.py:188} INFO - [2026-07-28T22:15:55.431+0000] {dag.py:3096} INFO - Sync 1 DAGs
[2026-07-28T22:15:55.509+0000] {logging_mixin.py:188} INFO - [2026-07-28T22:15:55.504+0000] {dag.py:3954} INFO - Setting next_dagrun for process_silver_layer to None, run_after=None
[2026-07-28T22:15:55.630+0000] {processor.py:183} INFO - Processing /opt/airflow/dags/silver_processing_dag.py took 0.685 seconds
[2026-07-28T22:16:26.790+0000] {processor.py:161} INFO - Started process (PID=9917) to work on /opt/airflow/dags/silver_processing_dag.py
[2026-07-28T22:16:26.804+0000] {processor.py:830} INFO - Processing file /opt/airflow/dags/silver_processing_dag.py for tasks to queue
[2026-07-28T22:16:26.821+0000] {logging_mixin.py:188} INFO - [2026-07-28T22:16:26.816+0000] {dagbag.py:545} INFO - Filling up the DagBag from /opt/airflow/dags/silver_processing_dag.py
[2026-07-28T22:15:29.557+0000] {processor.py:840} INFO - DAG(s) 'process_silver_layer' retrieved from /opt/airflow/dags/silver_processing_dag.py
[2026-07-28T22:16:27.316+0000] {logging_mixin.py:188} INFO - [2026-07-28T22:16:27.316+0000] {dag.py:3096} INFO - Sync 1 DAGs
[2026-07-28T22:16:27.510+0000] {logging_mixin.py:188} INFO - [2026-07-28T22:16:27.509+0000] {dag.py:3954} INFO - Setting next_dagrun for process_silver_layer to None, run_after=None
[2026-07-28T22:16:27.930+0000] {processor.py:183} INFO - Processing /opt/airflow/dags/silver_processing_dag.py took 1.224 seconds
[2026-07-28T22:16:58.408+0000] {processor.py:161} INFO - Started process (PID=9984) to work on /opt/airflow/dags/silver_processing_dag.py
[2026-07-28T22:16:58.418+0000] {processor.py:830} INFO - Processing file /opt/airflow/dags/silver_processing_dag.py for tasks to queue
[2026-07-28T22:16:58.423+0000] {logging_mixin.py:188} INFO - [2026-07-28T22:16:58.422+0000] {dagbag.py:545} INFO - Filling up the DagBag from /opt/airflow/dags/silver_processing_dag.py
[2026-07-28T22:16:58.561+0000] {processor.py:840} INFO - DAG(s) 'process_silver_layer' retrieved from /opt/airflow/dags/silver_processing_dag.py
[2026-07-28T22:16:58.744+0000] {logging_mixin.py:188} INFO - [2026-07-28T22:16:58.744+0000] {dag.py:3096} INFO - Sync 1 DAGs
[2026-07-28T22:16:58.847+0000] {logging_mixin.py:188} INFO - [2026-07-28T22:16:58.843+0000] {dag.py:3954} INFO - Setting next_dagrun for process_silver_layer to None, run_after=None
[2026-07-28T22:16:58.962+0000] {processor.py:183} INFO - Processing /opt/airflow/dags/silver_processing_dag.py took 0.612 seconds
[2026-07-28T22:17:29.829+0000] {processor.py:161} INFO - Started process (PID=10099) to work on /opt/airflow/dags/silver_processing_dag.py
[2026-07-28T22:17:29.836+0000] {processor.py:830} INFO - Processing file /opt/airflow/dags/silver_processing_dag.py for tasks to queue
[2026-07-28T22:17:29.840+0000] {logging_mixin.py:188} INFO - [2026-07-28T22:17:29.839+0000] {dagbag.py:545} INFO - Filling up the DagBag from /opt/airflow/dags/silver_processing_dag.py
[2026-07-28T22:17:29.916+0000] {processor.py:840} INFO - DAG(s) 'process_silver_layer' retrieved from /opt/airflow/dags/silver_processing_dag.py
[2026-07-28T22:17:29.987+0000] {logging_mixin.py:188} INFO - [2026-07-28T22:17:29.986+0000] {dag.py:3096} INFO - Sync 1 DAGs
[2026-07-28T22:17:30.037+0000] {logging_mixin.py:188} INFO - [2026-07-28T22:17:30.037+0000] {dag.py:3954} INFO - Setting next_dagrun for process_silver_layer to None, run_after=None
[2026-07-28T22:17:31.194+0000] {processor.py:183} INFO - Processing /opt/airflow/dags/silver_processing_dag.py took 1.388 seconds
[2026-07-28T22:18:01.825+0000] {processor.py:161} INFO - Started process (PID=10159) to work on /opt/airflow/dags/silver_processing_dag.py
[2026-07-28T22:18:01.833+0000] {processor.py:830} INFO - Processing file /opt/airflow/dags/silver_processing_dag.py for tasks to queue
[2026-07-28T22:18:01.841+0000] {logging_mixin.py:188} INFO - [2026-07-28T22:18:01.838+0000] {dagbag.py:545} INFO - Filling up the DagBag from /opt/airflow/dags/silver_processing_dag.py
[2026-07-28T22:18:01.914+0000] {processor.py:840} INFO - DAG(s) 'process_silver_layer' retrieved from /opt/airflow/dags/silver_processing_dag.py
[2026-07-28T22:18:02.024+0000] {logging_mixin.py:188} INFO - [2026-07-28T22:18:02.024+0000] {dag.py:3096} INFO - Sync 1 DAGs
[2026-07-28T22:18:02.106+0000] {logging_mixin.py:188} INFO - [2026-07-28T22:18:02.106+0000] {dag.py:3954} INFO - Setting next_dagrun for process_silver_layer to None, run_after=None
[2026-07-28T22:18:02.327+0000] {processor.py:183} INFO - Processing /opt/airflow/dags/silver_processing_dag.py took 0.571 seconds
[2026-07-28T22:18:32.777+0000] {processor.py:161} INFO - Started process (PID=10174) to work on /opt/airflow/dags/silver_processing_dag.py
[2026-07-28T22:18:32.783+0000] {processor.py:830} INFO - Processing file /opt/airflow/dags/silver_processing_dag.py for tasks to queue
[2026-07-28T22:18:32.794+0000] {logging_mixin.py:188} INFO - [2026-07-28T22:18:32.793+0000] {dagbag.py:545} INFO - Filling up the DagBag from /opt/airflow/dags/silver_processing_dag.py
[2026-07-28T22:18:32.886+0000] {processor.py:840} INFO - DAG(s) 'process_silver_layer' retrieved from /opt/airflow/dags/silver_processing_dag.py
[2026-07-28T22:18:32.992+0000] {logging_mixin.py:188} INFO - [2026-07-28T22:18:32.992+0000] {dag.py:3096} INFO - Sync 1 DAGs
[2026-07-28T22:18:33.059+0000] {logging_mixin.py:188} INFO - [2026-07-28T22:18:33.059+0000] {dag.py:3954} INFO - Setting next_dagrun for process_silver_layer to None, run_after=None
[2026-07-28T22:18:33.143+0000] {processor.py:183} INFO - Processing /opt/airflow/dags/silver_processing_dag.py took 0.415 seconds
[2026-07-28T22:19:03.388+0000] {processor.py:161} INFO - Started process (PID=10189) to work on /opt/airflow/dags/silver_processing_dag.py
[2026-07-28T22:19:03.391+0000] {processor.py:830} INFO - Processing file /opt/airflow/dags/silver_processing_dag.py for tasks to queue
[2026-07-28T22:19:03.395+0000] {logging_mixin.py:188} INFO - [2026-07-28T22:19:03.394+0000] {dagbag.py:545} INFO - Filling up the DagBag from /opt/airflow/dags/silver_processing_dag.py
[2026-07-28T22:19:03.450+0000] {processor.py:840} INFO - DAG(s) 'process_silver_layer' retrieved from /opt/airflow/dags/silver_processing_dag.py
[2026-07-28T22:19:03.738+0000] {logging_mixin.py:188} INFO - [2026-07-28T22:19:03.738+0000] {dag.py:3096} INFO - Sync 1 DAGs
[2026-07-28T22:19:03.767+0000] {logging_mixin.py:188} INFO - [2026-07-28T22:19:03.767+0000] {dag.py:3954} INFO - Setting next_dagrun for process_silver_layer to None, run_after=None
[2026-07-28T22:19:06.650+0000] {processor.py:183} INFO - Processing /opt/airflow/dags/silver_processing_dag.py took 3.288 seconds
[2026-07-28T22:19:37.690+0000] {processor.py:161} INFO - Started process (PID=10204) to work on /opt/airflow/dags/silver_processing_dag.py
[2026-07-28T22:19:37.695+0000] {processor.py:830} INFO - Processing file /opt/airflow/dags/silver_processing_dag.py for tasks to queue
[2026-07-28T22:19:37.707+0000] {logging_mixin.py:188} INFO - [2026-07-28T22:19:37.704+0000] {dagbag.py:545} INFO - Filling up the DagBag from /opt/airflow/dags/silver_processing_dag.py
[2026-07-28T22:19:37.771+0000] {processor.py:840} INFO - DAG(s) 'process_silver_layer' retrieved from /opt/airflow/dags/silver_processing_dag.py
[2026-07-28T22:19:37.844+0000] {logging_mixin.py:188} INFO - [2026-07-28T22:19:37.843+0000] {dag.py:3096} INFO - Sync 1 DAGs
[2026-07-28T22:19:37.887+0000] {logging_mixin.py:188} INFO - [2026-07-28T22:19:37.886+0000] {dag.py:3954} INFO - Setting next_dagrun for process_silver_layer to None, run_after=None
[2026-07-28T22:19:37.948+0000] {processor.py:183} INFO - Processing /opt/airflow/dags/silver_processing_dag.py took 0.290 seconds
[2026-07-28T22:20:08.457+0000] {processor.py:161} INFO - Started process (PID=10219) to work on /opt/airflow/dags/silver_processing_dag.py
[2026-07-28T22:20:08.460+0000] {processor.py:830} INFO - Processing file /opt/airflow/dags/silver_processing_dag.py for tasks to queue
[2026-07-28T22:20:08.465+0000] {logging_mixin.py:188} INFO - [2026-07-28T22:20:08.464+0000] {dagbag.py:545} INFO - Filling up the DagBag from /opt/airflow/dags/silver_processing_dag.py
[2026-07-28T22:20:08.523+0000] {processor.py:840} INFO - DAG(s) 'process_silver_layer' retrieved from /opt/airflow/dags/silver_processing_dag.py
[2026-07-28T22:20:08.601+0000] {logging_mixin.py:188} INFO - [2026-07-28T22:20:08.600+0000] {dag.py:3096} INFO - Sync 1 DAGs
[2026-07-28T22:20:08.646+0000] {logging_mixin.py:188} INFO - [2026-07-28T22:20:08.645+0000] {dag.py:3954} INFO - Setting next_dagrun for process_silver_layer to None, run_after=None
[2026-07-28T22:20:08.703+0000] {processor.py:183} INFO - Processing /opt/airflow/dags/silver_processing_dag.py took 0.267 seconds
[2026-07-28T22:20:39.103+0000] {processor.py:161} INFO - Started process (PID=10234) to work on /opt/airflow/dags/silver_processing_dag.py
[2026-07-28T22:20:39.107+0000] {processor.py:830} INFO - Processing file /opt/airflow/dags/silver_processing_dag.py for tasks to queue
[2026-07-28T22:20:39.112+0000] {logging_mixin.py:188} INFO - [2026-07-28T22:20:39.111+0000] {dagbag.py:545} INFO - Filling up the DagBag from /opt/airflow/dags/silver_processing_dag.py
[2026-07-28T22:20:39.353+0000] {processor.py:840} INFO - DAG(s) 'process_silver_layer' retrieved from /opt/airflow/dags/silver_processing_dag.py
[2026-07-28T22:20:39.511+0000] {logging_mixin.py:188} INFO - [2026-07-28T22:20:39.510+0000] {dag.py:3096} INFO - Sync 1 DAGs
[2026-07-28T22:20:39.613+0000] {logging_mixin.py:188} INFO - [2026-07-28T22:20:39.613+0000] {dag.py:3954} INFO - Setting next_dagrun for process_silver_layer to None, run_after=None
[2026-07-28T22:20:39.709+0000] {processor.py:183} INFO - Processing /opt/airflow/dags/silver_processing_dag.py took 0.645 seconds
[2026-07-28T22:21:10.045+0000] {processor.py:161} INFO - Started process (PID=10251) to work on /opt/airflow/dags/silver_processing_dag.py
[2026-07-28T22:21:10.047+0000] {processor.py:830} INFO - Processing file /opt/airflow/dags/silver_processing_dag.py for tasks to queue
[2026-07-28T22:21:10.050+0000] {logging_mixin.py:188} INFO - [2026-07-28T22:21:10.049+0000] {dagbag.py:545} INFO - Filling up the DagBag from /opt/airflow/dags/silver_processing_dag.py
[2026-07-28T22:21:10.088+0000] {processor.py:840} INFO - DAG(s) 'process_silver_layer' retrieved from /opt/airflow/dags/silver_processing_dag.py
[2026-07-28T22:21:10.141+0000] {logging_mixin.py:188} INFO - [2026-07-28T22:21:10.141+0000] {dag.py:3096} INFO - Sync 1 DAGs
[2026-07-28T22:21:10.187+0000] {logging_mixin.py:188} INFO - [2026-07-28T22:21:10.187+0000] {dag.py:3954} INFO - Setting next_dagrun for process_silver_layer to None, run_after=None
[2026-07-28T22:21:10.231+0000] {processor.py:183} INFO - Processing /opt/airflow/dags/silver_processing_dag.py took 0.199 seconds
[2026-07-28T22:21:40.416+0000] {processor.py:161} INFO - Started process (PID=10266) to work on /opt/airflow/dags/silver_processing_dag.py
[2026-07-28T22:21:40.418+0000] {processor.py:830} INFO - Processing file /opt/airflow/dags/silver_processing_dag.py for tasks to queue
[2026-07-28T22:21:40.423+0000] {logging_mixin.py:188} INFO - [2026-07-28T22:21:40.422+0000] {dagbag.py:545} INFO - Filling up the DagBag from /opt/airflow/dags/silver_processing_dag.py
[2026-07-28T22:21:40.466+0000] {processor.py:840} INFO - DAG(s) 'process_silver_layer' retrieved from /opt/airflow/dags/silver_processing_dag.py
[2026-07-28T22:21:40.524+0000] {logging_mixin.py:188} INFO - [2026-07-28T22:21:40.523+0000] {dag.py:3096} INFO - Sync 1 DAGs
[2026-07-28T22:21:40.555+0000] {logging_mixin.py:188} INFO - [2026-07-28T22:21:40.555+0000] {dag.py:3954} INFO - Setting next_dagrun for process_silver_layer to None, run_after=None
[2026-07-28T22:21:40.601+0000] {processor.py:183} INFO - Processing /opt/airflow/dags/silver_processing_dag.py took 0.202 seconds
[2026-07-28T22:22:11.061+0000] {processor.py:161} INFO - Started process (PID=10279) to work on /opt/airflow/dags/silver_processing_dag.py
[2026-07-28T22:22:11.065+0000] {processor.py:830} INFO - Processing file /opt/airflow/dags/silver_processing_dag.py for tasks to queue
[2026-07-28T22:22:11.070+0000] {logging_mixin.py:188} INFO - [2026-07-28T22:22:11.068+0000] {dagbag.py:545} INFO - Filling up the DagBag from /opt/airflow/dags/silver_processing_dag.py
[2026-07-28T22:22:11.120+0000] {processor.py:840} INFO - DAG(s) 'process_silver_layer' retrieved from /opt/airflow/dags/silver_processing_dag.py
[2026-07-28T22:22:11.183+0000] {logging_mixin.py:188} INFO - [2026-07-28T22:22:11.183+0000] {dag.py:3096} INFO - Sync 1 DAGs
[2026-07-28T22:22:11.220+0000] {logging_mixin.py:188} INFO - [2026-07-28T22:22:11.219+0000] {dag.py:3954} INFO - Setting next_dagrun for process_silver_layer to None, run_after=None
[2026-07-28T22:22:11.278+0000] {processor.py:183} INFO - Processing /opt/airflow/dags/silver_processing_dag.py took 0.237 seconds
[2026-07-28T22:22:41.534+0000] {processor.py:161} INFO - Started process (PID=10294) to work on /opt/airflow/dags/silver_processing_dag.py
[2026-07-28T22:22:41.537+0000] {processor.py:830} INFO - Processing file /opt/airflow/dags/silver_processing_dag.py for tasks to queue
[2026-07-28T22:22:41.542+0000] {logging_mixin.py:188} INFO - [2026-07-28T22:22:41.540+0000] {dagbag.py:545} INFO - Filling up the DagBag from /opt/airflow/dags/silver_processing_dag.py
[2026-07-28T22:22:41.596+0000] {processor.py:840} INFO - DAG(s) 'process_silver_layer' retrieved from /opt/airflow/dags/silver_processing_dag.py
[2026-07-28T22:22:41.650+0000] {logging_mixin.py:188} INFO - [2026-07-28T22:22:41.649+0000] {dag.py:3096} INFO - Sync 1 DAGs
[2026-07-28T22:22:41.689+0000] {logging_mixin.py:188} INFO - [2026-07-28T22:22:41.688+0000] {dag.py:3954} INFO - Setting next_dagrun for process_silver_layer to None, run_after=None
[2026-07-28T22:22:41.740+0000] {processor.py:183} INFO - Processing /opt/airflow/dags/silver_processing_dag.py took 0.224 seconds
[2026-07-28T22:23:23.004+0000] {processor.py:161} INFO - Started process (PID=10309) to work on /opt/airflow/dags/silver_processing_dag.py
[2026-07-28T22:23:23.007+0000] {processor.py:830} INFO - Processing file /opt/airflow/dags/silver_processing_dag.py for tasks to queue
[2026-07-28T22:23:23.011+0000] {logging_mixin.py:188} INFO - [2026-07-28T22:23:23.010+0000] {dagbag.py:545} INFO - Filling up the DagBag from /opt/airflow/dags/silver_processing_dag.py
[2026-07-28T22:23:23.067+0000] {processor.py:840} INFO - DAG(s) 'process_silver_layer' retrieved from /opt/airflow/dags/silver_processing_dag.py
[2026-07-28T22:23:23.142+0000] {logging_mixin.py:188} INFO - [2026-07-28T22:23:23.141+0000] {dag.py:3096} INFO - Sync 1 DAGs
[2026-07-28T22:23:23.203+0000] {logging_mixin.py:188} INFO - [2026-07-28T22:23:23.203+0000] {dag.py:3954} INFO - Setting next_dagrun for process_silver_layer to None, run_after=None
[2026-07-28T22:23:23.302+0000] {processor.py:183} INFO - Processing /opt/airflow/dags/silver_processing_dag.py took 0.315 seconds
[2026-07-28T22:23:53.859+0000] {processor.py:161} INFO - Started process (PID=10324) to work on /opt/airflow/dags/silver_processing_dag.py
[2026-07-28T22:23:53.862+0000] {processor.py:830} INFO - Processing file /opt/airflow/dags/silver_processing_dag.py for tasks to queue
[2026-07-28T22:23:53.865+0000] {logging_mixin.py:188} INFO - [2026-07-28T22:23:53.864+0000] {dagbag.py:545} INFO - Filling up the DagBag from /opt/airflow/dags/silver_processing_dag.py
[2026-07-28T22:23:53.918+0000] {processor.py:840} INFO - DAG(s) 'process_silver_layer' retrieved from /opt/airflow/dags/silver_processing_dag.py
[2026-07-28T22:23:53.987+0000] {logging_mixin.py:188} INFO - [2026-07-28T22:23:53.987+0000] {dag.py:3096} INFO - Sync 1 DAGs
[2026-07-28T22:23:54.025+0000] {logging_mixin.py:188} INFO - [2026-07-28T22:23:54.025+0000] {dag.py:3954} INFO - Setting next_dagrun for process_silver_layer to None, run_after=None
[2026-07-28T22:23:54.082+0000] {processor.py:183} INFO - Processing /opt/airflow/dags/silver_processing_dag.py took 0.243 seconds
[2026-07-28T22:24:24.590+0000] {processor.py:161} INFO - Started process (PID=10339) to work on /opt/airflow/dags/silver_processing_dag.py
[2026-07-28T22:24:24.594+0000] {processor.py:830} INFO - Processing file /opt/airflow/dags/silver_processing_dag.py for tasks to queue
[2026-07-28T22:24:24.598+0000] {logging_mixin.py:188} INFO - [2026-07-28T22:24:24.597+0000] {dagbag.py:545} INFO - Filling up the DagBag from /opt/airflow/dags/silver_processing_dag.py
[2026-07-28T22:24:24.647+0000] {processor.py:840} INFO - DAG(s) 'process_silver_layer' retrieved from /opt/airflow/dags/silver_processing_dag.py
[2026-07-28T22:24:24.712+0000] {logging_mixin.py:188} INFO - [2026-07-28T22:24:24.712+0000] {dag.py:3096} INFO - Sync 1 DAGs
[2026-07-28T22:24:24.754+0000] {logging_mixin.py:188} INFO - [2026-07-28T22:24:24.753+0000] {dag.py:3954} INFO - Setting next_dagrun for process_silver_layer to None, run_after=None
[2026-07-28T22:24:24.812+0000] {processor.py:183} INFO - Processing /opt/airflow/dags/silver_processing_dag.py took 0.244 seconds
[2026-07-28T22:24:55.143+0000] {processor.py:161} INFO - Started process (PID=10354) to work on /opt/airflow/dags/silver_processing_dag.py
[2026-07-28T22:24:55.146+0000] {processor.py:830} INFO - Processing file /opt/airflow/dags/silver_processing_dag.py for tasks to queue
[2026-07-28T22:24:55.150+0000] {logging_mixin.py:188} INFO - [2026-07-28T22:24:55.149+0000] {dagbag.py:545} INFO - Filling up the DagBag from /opt/airflow/dags/silver_processing_dag.py
[2026-07-28T22:24:55.205+0000] {processor.py:840} INFO - DAG(s) 'process_silver_layer' retrieved from /opt/airflow/dags/silver_processing_dag.py
[2026-07-28T22:24:55.294+0000] {logging_mixin.py:188} INFO - [2026-07-28T22:24:55.293+0000] {dag.py:3096} INFO - Sync 1 DAGs
[2026-07-28T22:24:55.363+0000] {logging_mixin.py:188} INFO - [2026-07-28T22:24:55.362+0000] {dag.py:3954} INFO - Setting next_dagrun for process_silver_layer to None, run_after=None
[2026-07-28T22:24:55.420+0000] {processor.py:183} INFO - Processing /opt/airflow/dags/silver_processing_dag.py took 0.303 seconds
[2026-07-28T22:25:25.735+0000] {processor.py:161} INFO - Started process (PID=10369) to work on /opt/airflow/dags/silver_processing_dag.py
[2026-07-28T22:25:25.746+0000] {processor.py:830} INFO - Processing file /opt/airflow/dags/silver_processing_dag.py for tasks to queue
[2026-07-28T22:25:25.762+0000] {logging_mixin.py:188} INFO - [2026-07-28T22:25:25.755+0000] {dagbag.py:545} INFO - Filling up the DagBag from /opt/airflow/dags/silver_processing_dag.py
[2026-07-28T22:25:25.901+0000] {processor.py:840} INFO - DAG(s) 'process_silver_layer' retrieved from /opt/airflow/dags/silver_processing_dag.py
[2026-07-28T22:25:26.100+0000] {logging_mixin.py:188} INFO - [2026-07-28T22:25:26.099+0000] {dag.py:3096} INFO - Sync 1 DAGs
[2026-07-28T22:25:26.195+0000] {logging_mixin.py:188} INFO - [2026-07-28T22:25:26.195+0000] {dag.py:3954} INFO - Setting next_dagrun for process_silver_layer to None, run_after=None
[2026-07-28T22:25:26.430+0000] {processor.py:183} INFO - Processing /opt/airflow/dags/silver_processing_dag.py took 0.803 seconds
[2026-07-28T22:25:56.889+0000] {processor.py:161} INFO - Started process (PID=10384) to work on /opt/airflow/dags/silver_processing_dag.py
[2026-07-28T22:25:56.893+0000] {processor.py:830} INFO - Processing file /opt/airflow/dags/silver_processing_dag.py for tasks to queue
[2026-07-28T22:25:56.904+0000] {logging_mixin.py:188} INFO - [2026-07-28T22:25:56.903+0000] {dagbag.py:545} INFO - Filling up the DagBag from /opt/airflow/dags/silver_processing_dag.py
[2026-07-28T22:25:56.967+0000] {processor.py:840} INFO - DAG(s) 'process_silver_layer' retrieved from /opt/airflow/dags/silver_processing_dag.py
[2026-07-28T22:25:57.026+0000] {logging_mixin.py:188} INFO - [2026-07-28T22:25:57.025+0000] {dag.py:3096} INFO - Sync 1 DAGs
[2026-07-28T22:25:57.064+0000] {logging_mixin.py:188} INFO - [2026-07-28T22:25:57.064+0000] {dag.py:3954} INFO - Setting next_dagrun for process_silver_layer to None, run_after=None
[2026-07-28T22:25:57.305+0000] {processor.py:183} INFO - Processing /opt/airflow/dags/silver_processing_dag.py took 0.452 seconds
[2026-07-28T22:26:28.031+0000] {processor.py:161} INFO - Started process (PID=10399) to work on /opt/airflow/dags/silver_processing_dag.py
[2026-07-28T22:26:28.035+0000] {processor.py:830} INFO - Processing file /opt/airflow/dags/silver_processing_dag.py for tasks to queue
[2026-07-28T22:26:28.039+0000] {logging_mixin.py:188} INFO - [2026-07-28T22:26:28.038+0000] {dagbag.py:545} INFO - Filling up the DagBag from /opt/airflow/dags/silver_processing_dag.py
[2026-07-28T22:26:28.091+0000] {processor.py:840} INFO - DAG(s) 'process_silver_layer' retrieved from /opt/airflow/dags/silver_processing_dag.py
[2026-07-28T22:26:28.152+0000] {logging_mixin.py:188} INFO - [2026-07-28T22:26:28.152+0000] {dag.py:3096} INFO - Sync 1 DAGs
[2026-07-28T22:26:28.189+0000] {logging_mixin.py:188} INFO - [2026-07-28T22:26:28.188+0000] {dag.py:3954} INFO - Setting next_dagrun for process_silver_layer to None, run_after=None
[2026-07-28T22:26:28.253+0000] {processor.py:183} INFO - Processing /opt/airflow/dags/silver_processing_dag.py took 0.256 seconds
[2026-07-28T22:26:58.539+0000] {processor.py:161} INFO - Started process (PID=10414) to work on /opt/airflow/dags/silver_processing_dag.py
[2026-07-28T22:26:58.541+0000] {processor.py:830} INFO - Processing file /opt/airflow/dags/silver_processing_dag.py for tasks to queue
[2026-07-28T22:26:58.545+0000] {logging_mixin.py:188} INFO - [2026-07-28T22:26:58.544+0000] {dagbag.py:545} INFO - Filling up the DagBag from /opt/airflow/dags/silver_processing_dag.py
[2026-07-28T22:26:58.606+0000] {processor.py:840} INFO - DAG(s) 'process_silver_layer' retrieved from /opt/airflow/dags/silver_processing_dag.py
[2026-07-28T22:26:58.669+0000] {logging_mixin.py:188} INFO - [2026-07-28T22:26:58.668+0000] {dag.py:3096} INFO - Sync 1 DAGs
[2026-07-28T22:26:58.715+0000] {logging_mixin.py:188} INFO - [2026-07-28T22:26:58.715+0000] {dag.py:3954} INFO - Setting next_dagrun for process_silver_layer to None, run_after=None
[2026-07-28T22:26:58.780+0000] {processor.py:183} INFO - Processing /opt/airflow/dags/silver_processing_dag.py took 0.263 seconds
[2026-07-28T22:27:29.068+0000] {processor.py:161} INFO - Started process (PID=10429) to work on /opt/airflow/dags/silver_processing_dag.py
[2026-07-28T22:27:29.074+0000] {processor.py:830} INFO - Processing file /opt/airflow/dags/silver_processing_dag.py for tasks to queue
[2026-07-28T22:27:29.082+0000] {logging_mixin.py:188} INFO - [2026-07-28T22:27:29.080+0000] {dagbag.py:545} INFO - Filling up the DagBag from /opt/airflow/dags/silver_processing_dag.py
[2026-07-28T22:27:29.133+0000] {processor.py:840} INFO - DAG(s) 'process_silver_layer' retrieved from /opt/airflow/dags/silver_processing_dag.py
[2026-07-28T22:27:29.226+0000] {logging_mixin.py:188} INFO - [2026-07-28T22:27:29.225+0000] {dag.py:3096} INFO - Sync 1 DAGs
[2026-07-28T22:27:29.287+0000] {logging_mixin.py:188} INFO - [2026-07-28T22:27:29.287+0000] {dag.py:3954} INFO - Setting next_dagrun for process_silver_layer to None, run_after=None
[2026-07-28T22:27:29.377+0000] {processor.py:183} INFO - Processing /opt/airflow/dags/silver_processing_dag.py took 0.372 seconds
[2026-07-28T22:27:59.810+0000] {processor.py:161} INFO - Started process (PID=10446) to work on /opt/airflow/dags/silver_processing_dag.py
[2026-07-28T22:27:59.814+0000] {processor.py:830} INFO - Processing file /opt/airflow/dags/silver_processing_dag.py for tasks to queue
[2026-07-28T22:27:59.818+0000] {logging_mixin.py:188} INFO - [2026-07-28T22:27:59.817+0000] {dagbag.py:545} INFO - Filling up the DagBag from /opt/airflow/dags/silver_processing_dag.py
[2026-07-28T22:27:59.863+0000] {processor.py:840} INFO - DAG(s) 'process_silver_layer' retrieved from /opt/airflow/dags/silver_processing_dag.py
[2026-07-28T22:27:59.965+0000] {logging_mixin.py:188} INFO - [2026-07-28T22:27:59.964+0000] {dag.py:3096} INFO - Sync 1 DAGs
[2026-07-28T22:28:00.024+0000] {logging_mixin.py:188} INFO - [2026-07-28T22:28:00.024+0000] {dag.py:3954} INFO - Setting next_dagrun for process_silver_layer to None, run_after=None
[2026-07-28T22:28:00.084+0000] {processor.py:183} INFO - Processing /opt/airflow/dags/silver_processing_dag.py took 0.300 seconds
[2026-07-28T22:28:30.523+0000] {processor.py:161} INFO - Started process (PID=10459) to work on /opt/airflow/dags/silver_processing_dag.py
[2026-07-28T22:28:30.527+0000] {processor.py:830} INFO - Processing file /opt/airflow/dags/silver_processing_dag.py for tasks to queue
[2026-07-28T22:28:30.531+0000] {logging_mixin.py:188} INFO - [2026-07-28T22:28:30.530+0000] {dagbag.py:545} INFO - Filling up the DagBag from /opt/airflow/dags/silver_processing_dag.py
[2026-07-28T22:28:30.588+0000] {processor.py:840} INFO - DAG(s) 'process_silver_layer' retrieved from /opt/airflow/dags/silver_processing_dag.py
[2026-07-28T22:28:30.644+0000] {logging_mixin.py:188} INFO - [2026-07-28T22:28:30.644+0000] {dag.py:3096} INFO - Sync 1 DAGs
[2026-07-28T22:28:30.679+0000] {logging_mixin.py:188} INFO - [2026-07-28T22:28:30.678+0000] {dag.py:3954} INFO - Setting next_dagrun for process_silver_layer to None, run_after=None
[2026-07-28T22:28:30.762+0000] {processor.py:183} INFO - Processing /opt/airflow/dags/silver_processing_dag.py took 0.266 seconds
[2026-07-28T22:29:01.133+0000] {processor.py:161} INFO - Started process (PID=10474) to work on /opt/airflow/dags/silver_processing_dag.py
[2026-07-28T22:29:01.137+0000] {processor.py:830} INFO - Processing file /opt/airflow/dags/silver_processing_dag.py for tasks to queue
[2026-07-28T22:29:01.141+0000] {logging_mixin.py:188} INFO - [2026-07-28T22:29:01.140+0000] {dagbag.py:545} INFO - Filling up the DagBag from /opt/airflow/dags/silver_processing_dag.py
[2026-07-28T22:29:01.191+0000] {processor.py:840} INFO - DAG(s) 'process_silver_layer' retrieved from /opt/airflow/dags/silver_processing_dag.py
[2026-07-28T22:29:01.257+0000] {logging_mixin.py:188} INFO - [2026-07-28T22:29:01.256+0000] {dag.py:3096} INFO - Sync 1 DAGs
[2026-07-28T22:29:01.297+0000] {logging_mixin.py:188} INFO - [2026-07-28T22:29:01.294+0000] {dag.py:3954} INFO - Setting next_dagrun for process_silver_layer to None, run_after=None
[2026-07-28T22:29:01.785+0000] {processor.py:183} INFO - Processing /opt/airflow/dags/silver_processing_dag.py took 0.682 seconds
[2026-07-28T22:29:32.046+0000] {processor.py:161} INFO - Started process (PID=10486) to work on /opt/airflow/dags/silver_processing_dag.py
[2026-07-28T22:29:32.050+0000] {processor.py:830} INFO - Processing file /opt/airflow/dags/silver_processing_dag.py for tasks to queue
[2026-07-28T22:29:32.060+0000] {logging_mixin.py:188} INFO - [2026-07-28T22:29:32.058+0000] {dagbag.py:545} INFO - Filling up the DagBag from /opt/airflow/dags/silver_processing_dag.py
[2026-07-28T22:29:32.124+0000] {processor.py:840} INFO - DAG(s) 'process_silver_layer' retrieved from /opt/airflow/dags/silver_processing_dag.py
[2026-07-28T22:29:32.180+0000] {logging_mixin.py:188} INFO - [2026-07-28T22:29:32.180+0000] {dag.py:3096} INFO - Sync 1 DAGs
[2026-07-28T22:29:32.214+0000] {logging_mixin.py:188} INFO - [2026-07-28T22:29:32.214+0000] {dag.py:3954} INFO - Setting next_dagrun for process_silver_layer to None, run_after=None
[2026-07-28T22:29:33.039+0000] {processor.py:183} INFO - Processing /opt/airflow/dags/silver_processing_dag.py took 1.024 seconds
[2026-07-28T22:30:03.509+0000] {processor.py:161} INFO - Started process (PID=10501) to work on /opt/airflow/dags/silver_processing_dag.py
[2026-07-28T22:30:03.512+0000] {processor.py:830} INFO - Processing file /opt/airflow/dags/silver_processing_dag.py for tasks to queue
[2026-07-28T22:30:03.515+0000] {logging_mixin.py:188} INFO - [2026-07-28T22:30:03.515+0000] {dagbag.py:545} INFO - Filling up the DagBag from /opt/airflow/dags/silver_processing_dag.py
[2026-07-28T22:30:03.560+0000] {processor.py:840} INFO - DAG(s) 'process_silver_layer' retrieved from /opt/airflow/dags/silver_processing_dag.py
[2026-07-28T22:30:03.613+0000] {logging_mixin.py:188} INFO - [2026-07-28T22:30:03.612+0000] {dag.py:3096} INFO - Sync 1 DAGs
[2026-07-28T22:30:03.642+0000] {logging_mixin.py:188} INFO - [2026-07-28T22:30:03.642+0000] {dag.py:3954} INFO - Setting next_dagrun for process_silver_layer to None, run_after=None
[2026-07-28T22:30:03.682+0000] {processor.py:183} INFO - Processing /opt/airflow/dags/silver_processing_dag.py took 0.185 seconds
[2026-07-28T22:30:34.152+0000] {processor.py:161} INFO - Started process (PID=10516) to work on /opt/airflow/dags/silver_processing_dag.py
[2026-07-28T22:30:34.155+0000] {processor.py:830} INFO - Processing file /opt/airflow/dags/silver_processing_dag.py for tasks to queue
[2026-07-28T22:30:34.159+0000] {logging_mixin.py:188} INFO - [2026-07-28T22:30:34.158+0000] {dagbag.py:545} INFO - Filling up the DagBag from /opt/airflow/dags/silver_processing_dag.py
[2026-07-28T22:30:34.199+0000] {processor.py:840} INFO - DAG(s) 'process_silver_layer' retrieved from /opt/airflow/dags/silver_processing_dag.py
[2026-07-28T22:30:34.241+0000] {logging_mixin.py:188} INFO - [2026-07-28T22:30:34.241+0000] {dag.py:3096} INFO - Sync 1 DAGs
[2026-07-28T22:30:34.267+0000] {logging_mixin.py:188} INFO - [2026-07-28T22:30:34.266+0000] {dag.py:3954} INFO - Setting next_dagrun for process_silver_layer to None, run_after=None
[2026-07-28T22:30:34.312+0000] {processor.py:183} INFO - Processing /opt/airflow/dags/silver_processing_dag.py took 0.180 seconds
[2026-07-28T22:31:04.605+0000] {processor.py:161} INFO - Started process (PID=10531) to work on /opt/airflow/dags/silver_processing_dag.py
[2026-07-28T22:31:04.607+0000] {processor.py:830} INFO - Processing file /opt/airflow/dags/silver_processing_dag.py for tasks to queue
[2026-07-28T22:31:04.611+0000] {logging_mixin.py:188} INFO - [2026-07-28T22:31:04.610+0000] {dagbag.py:545} INFO - Filling up the DagBag from /opt/airflow/dags/silver_processing_dag.py
[2026-07-28T22:31:04.647+0000] {processor.py:840} INFO - DAG(s) 'process_silver_layer' retrieved from /opt/airflow/dags/silver_processing_dag.py
[2026-07-28T22:31:04.701+0000] {logging_mixin.py:188} INFO - [2026-07-28T22:31:04.700+0000] {dag.py:3096} INFO - Sync 1 DAGs
[2026-07-28T22:31:04.730+0000] {logging_mixin.py:188} INFO - [2026-07-28T22:31:04.730+0000] {dag.py:3954} INFO - Setting next_dagrun for process_silver_layer to None, run_after=None
[2026-07-28T22:31:04.788+0000] {processor.py:183} INFO - Processing /opt/airflow/dags/silver_processing_dag.py took 0.196 seconds
[2026-07-28T22:31:35.119+0000] {processor.py:161} INFO - Started process (PID=10546) to work on /opt/airflow/dags/silver_processing_dag.py
[2026-07-28T22:31:35.121+0000] {processor.py:830} INFO - Processing file /opt/airflow/dags/silver_processing_dag.py for tasks to queue
[2026-07-28T22:31:35.125+0000] {logging_mixin.py:188} INFO - [2026-07-28T22:31:35.124+0000] {dagbag.py:545} INFO - Filling up the DagBag from /opt/airflow/dags/silver_processing_dag.py
[2026-07-28T22:31:35.164+0000] {processor.py:840} INFO - DAG(s) 'process_silver_layer' retrieved from /opt/airflow/dags/silver_processing_dag.py
[2026-07-28T22:31:35.225+0000] {logging_mixin.py:188} INFO - [2026-07-28T22:31:35.224+0000] {dag.py:3096} INFO - Sync 1 DAGs
[2026-07-28T22:31:35.255+0000] {logging_mixin.py:188} INFO - [2026-07-28T22:31:35.254+0000] {dag.py:3954} INFO - Setting next_dagrun for process_silver_layer to None, run_after=None
[2026-07-28T22:31:35.299+0000] {processor.py:183} INFO - Processing /opt/airflow/dags/silver_processing_dag.py took 0.191 seconds
[2026-07-28T22:32:05.779+0000] {processor.py:161} INFO - Started process (PID=10561) to work on /opt/airflow/dags/silver_processing_dag.py
[2026-07-28T22:32:05.782+0000] {processor.py:830} INFO - Processing file /opt/airflow/dags/silver_processing_dag.py for tasks to queue
[2026-07-28T22:32:05.787+0000] {logging_mixin.py:188} INFO - [2026-07-28T22:32:05.786+0000] {dagbag.py:545} INFO - Filling up the DagBag from /opt/airflow/dags/silver_processing_dag.py
[2026-07-28T22:32:05.828+0000] {processor.py:840} INFO - DAG(s) 'process_silver_layer' retrieved from /opt/airflow/dags/silver_processing_dag.py
[2026-07-28T22:32:05.872+0000] {logging_mixin.py:188} INFO - [2026-07-28T22:32:05.871+0000] {dag.py:3096} INFO - Sync 1 DAGs
[2026-07-28T22:32:05.896+0000] {logging_mixin.py:188} INFO - [2026-07-28T22:32:05.896+0000] {dag.py:3954} INFO - Setting next_dagrun for process_silver_layer to None, run_after=None
[2026-07-28T22:32:05.936+0000] {processor.py:183} INFO - Processing /opt/airflow/dags/silver_processing_dag.py took 0.170 seconds
[2026-07-28T22:32:36.537+0000] {processor.py:161} INFO - Started process (PID=10576) to work on /opt/airflow/dags/silver_processing_dag.py
[2026-07-28T22:32:36.547+0000] {processor.py:830} INFO - Processing file /opt/airflow/dags/silver_processing_dag.py for tasks to queue
[2026-07-28T22:32:36.554+0000] {logging_mixin.py:188} INFO - [2026-07-28T22:32:36.552+0000] {dagbag.py:545} INFO - Filling up the DagBag from /opt/airflow/dags/silver_processing_dag.py
[2026-07-28T22:32:36.667+0000] {processor.py:840} INFO - DAG(s) 'process_silver_layer' retrieved from /opt/airflow/dags/silver_processing_dag.py
[2026-07-28T22:32:36.873+0000] {logging_mixin.py:188} INFO - [2026-07-28T22:32:36.864+0000] {dag.py:3096} INFO - Sync 1 DAGs
[2026-07-28T22:32:36.996+0000] {logging_mixin.py:188} INFO - [2026-07-28T22:32:36.995+0000] {dag.py:3954} INFO - Setting next_dagrun for process_silver_layer to None, run_after=None
[2026-07-28T22:32:38.383+0000] {processor.py:183} INFO - Processing /opt/airflow/dags/silver_processing_dag.py took 1.882 seconds
[2026-07-28T22:33:08.971+0000] {processor.py:161} INFO - Started process (PID=10591) to work on /opt/airflow/dags/silver_processing_dag.py
[2026-07-28T22:33:08.978+0000] {processor.py:830} INFO - Processing file /opt/airflow/dags/silver_processing_dag.py for tasks to queue
[2026-07-28T22:33:08.983+0000] {logging_mixin.py:188} INFO - [2026-07-28T22:33:08.982+0000] {dagbag.py:545} INFO - Filling up the DagBag from /opt/airflow/dags/silver_processing_dag.py
[2026-07-28T22:33:09.030+0000] {processor.py:840} INFO - DAG(s) 'process_silver_layer' retrieved from /opt/airflow/dags/silver_processing_dag.py
[2026-07-28T22:33:09.121+0000] {logging_mixin.py:188} INFO - [2026-07-28T22:33:09.120+0000] {dag.py:3096} INFO - Sync 1 DAGs
[2026-07-28T22:33:09.183+0000] {logging_mixin.py:188} INFO - [2026-07-28T22:33:09.182+0000] {dag.py:3954} INFO - Setting next_dagrun for process_silver_layer to None, run_after=None
[2026-07-28T22:33:09.250+0000] {processor.py:183} INFO - Processing /opt/airflow/dags/silver_processing_dag.py took 0.313 seconds
[2026-07-28T22:33:39.494+0000] {processor.py:161} INFO - Started process (PID=10606) to work on /opt/airflow/dags/silver_processing_dag.py
[2026-07-28T22:33:39.500+0000] {processor.py:830} INFO - Processing file /opt/airflow/dags/silver_processing_dag.py for tasks to queue
[2026-07-28T22:33:39.505+0000] {logging_mixin.py:188} INFO - [2026-07-28T22:33:39.503+0000] {dagbag.py:545} INFO - Filling up the DagBag from /opt/airflow/dags/silver_processing_dag.py
[2026-07-28T22:33:39.559+0000] {processor.py:840} INFO - DAG(s) 'process_silver_layer' retrieved from /opt/airflow/dags/silver_processing_dag.py
[2026-07-28T22:33:39.619+0000] {logging_mixin.py:188} INFO - [2026-07-28T22:33:39.619+0000] {dag.py:3096} INFO - Sync 1 DAGs
[2026-07-28T22:33:39.646+0000] {logging_mixin.py:188} INFO - [2026-07-28T22:33:39.646+0000] {dag.py:3954} INFO - Setting next_dagrun for process_silver_layer to None, run_after=None
[2026-07-28T22:33:39.693+0000] {processor.py:183} INFO - Processing /opt/airflow/dags/silver_processing_dag.py took 0.229 seconds
[2026-07-28T22:34:10.266+0000] {processor.py:161} INFO - Started process (PID=10624) to work on /opt/airflow/dags/silver_processing_dag.py
[2026-07-28T22:34:10.269+0000] {processor.py:830} INFO - Processing file /opt/airflow/dags/silver_processing_dag.py for tasks to queue
[2026-07-28T22:34:10.273+0000] {logging_mixin.py:188} INFO - [2026-07-28T22:34:10.272+0000] {dagbag.py:545} INFO - Filling up the DagBag from /opt/airflow/dags/silver_processing_dag.py
[2026-07-28T22:34:10.330+0000] {processor.py:840} INFO - DAG(s) 'process_silver_layer' retrieved from /opt/airflow/dags/silver_processing_dag.py
[2026-07-28T22:34:10.448+0000] {logging_mixin.py:188} INFO - [2026-07-28T22:34:10.448+0000] {dag.py:3096} INFO - Sync 1 DAGs
[2026-07-28T22:34:10.480+0000] {logging_mixin.py:188} INFO - [2026-07-28T22:34:10.480+0000] {dag.py:3954} INFO - Setting next_dagrun for process_silver_layer to None, run_after=None
[2026-07-28T22:34:10.531+0000] {processor.py:183} INFO - Processing /opt/airflow/dags/silver_processing_dag.py took 0.281 seconds
[2026-07-28T22:34:40.889+0000] {processor.py:161} INFO - Started process (PID=10639) to work on /opt/airflow/dags/silver_processing_dag.py
[2026-07-28T22:34:40.894+0000] {processor.py:830} INFO - Processing file /opt/airflow/dags/silver_processing_dag.py for tasks to queue
[2026-07-28T22:34:40.901+0000] {logging_mixin.py:188} INFO - [2026-07-28T22:34:40.897+0000] {dagbag.py:545} INFO - Filling up the DagBag from /opt/airflow/dags/silver_processing_dag.py
[2026-07-28T22:34:40.969+0000] {processor.py:840} INFO - DAG(s) 'process_silver_layer' retrieved from /opt/airflow/dags/silver_processing_dag.py
[2026-07-28T22:34:41.020+0000] {logging_mixin.py:188} INFO - [2026-07-28T22:34:41.019+0000] {dag.py:3096} INFO - Sync 1 DAGs
[2026-07-28T22:34:41.054+0000] {logging_mixin.py:188} INFO - [2026-07-28T22:34:41.054+0000] {dag.py:3954} INFO - Setting next_dagrun for process_silver_layer to None, run_after=None
[2026-07-28T22:34:41.102+0000] {processor.py:183} INFO - Processing /opt/airflow/dags/silver_processing_dag.py took 0.232 seconds
[2026-07-28T22:35:11.279+0000] {processor.py:161} INFO - Started process (PID=10654) to work on /opt/airflow/dags/silver_processing_dag.py
[2026-07-28T22:35:11.283+0000] {processor.py:830} INFO - Processing file /opt/airflow/dags/silver_processing_dag.py for tasks to queue
[2026-07-28T22:35:11.288+0000] {logging_mixin.py:188} INFO - [2026-07-28T22:35:11.286+0000] {dagbag.py:545} INFO - Filling up the DagBag from /opt/airflow/dags/silver_processing_dag.py
[2026-07-28T22:35:11.341+0000] {processor.py:840} INFO - DAG(s) 'process_silver_layer' retrieved from /opt/airflow/dags/silver_processing_dag.py
[2026-07-28T22:35:11.397+0000] {logging_mixin.py:188} INFO - [2026-07-28T22:35:11.397+0000] {dag.py:3096} INFO - Sync 1 DAGs
[2026-07-28T22:35:11.439+0000] {logging_mixin.py:188} INFO - [2026-07-28T22:35:11.437+0000] {dag.py:3954} INFO - Setting next_dagrun for process_silver_layer to None, run_after=None
[2026-07-28T22:35:11.495+0000] {processor.py:183} INFO - Processing /opt/airflow/dags/silver_processing_dag.py took 0.235 seconds
[2026-07-28T22:35:41.710+0000] {processor.py:161} INFO - Started process (PID=10669) to work on /opt/airflow/dags/silver_processing_dag.py
[2026-07-28T22:35:41.713+0000] {processor.py:830} INFO - Processing file /opt/airflow/dags/silver_processing_dag.py for tasks to queue
[2026-07-28T22:35:41.717+0000] {logging_mixin.py:188} INFO - [2026-07-28T22:35:41.717+0000] {dagbag.py:545} INFO - Filling up the DagBag from /opt/airflow/dags/silver_processing_dag.py
[2026-07-28T22:35:41.775+0000] {processor.py:840} INFO - DAG(s) 'process_silver_layer' retrieved from /opt/airflow/dags/silver_processing_dag.py
[2026-07-28T22:35:41.847+0000] {logging_mixin.py:188} INFO - [2026-07-28T22:35:41.846+0000] {dag.py:3096} INFO - Sync 1 DAGs
[2026-07-28T22:35:41.881+0000] {logging_mixin.py:188} INFO - [2026-07-28T22:35:41.881+0000] {dag.py:3954} INFO - Setting next_dagrun for process_silver_layer to None, run_after=None
[2026-07-28T22:35:41.937+0000] {processor.py:183} INFO - Processing /opt/airflow/dags/silver_processing_dag.py took 0.253 seconds
[2026-07-28T22:36:12.443+0000] {processor.py:161} INFO - Started process (PID=10684) to work on /opt/airflow/dags/silver_processing_dag.py
[2026-07-28T22:36:12.446+0000] {processor.py:830} INFO - Processing file /opt/airflow/dags/silver_processing_dag.py for tasks to queue
[2026-07-28T22:36:12.450+0000] {logging_mixin.py:188} INFO - [2026-07-28T22:36:12.449+0000] {dagbag.py:545} INFO - Filling up the DagBag from /opt/airflow/dags/silver_processing_dag.py
[2026-07-28T22:36:12.516+0000] {processor.py:840} INFO - DAG(s) 'process_silver_layer' retrieved from /opt/airflow/dags/silver_processing_dag.py
[2026-07-28T22:36:12.624+0000] {logging_mixin.py:188} INFO - [2026-07-28T22:36:12.623+0000] {dag.py:3096} INFO - Sync 1 DAGs
[2026-07-28T22:36:12.661+0000] {logging_mixin.py:188} INFO - [2026-07-28T22:36:12.660+0000] {dag.py:3954} INFO - Setting next_dagrun for process_silver_layer to None, run_after=None
[2026-07-28T22:36:13.567+0000] {processor.py:183} INFO - Processing /opt/airflow/dags/silver_processing_dag.py took 1.156 seconds
[2026-07-28T22:36:44.043+0000] {processor.py:161} INFO - Started process (PID=10699) to work on /opt/airflow/dags/silver_processing_dag.py
[2026-07-28T22:36:44.046+0000] {processor.py:830} INFO - Processing file /opt/airflow/dags/silver_processing_dag.py for tasks to queue
[2026-07-28T22:36:44.051+0000] {logging_mixin.py:188} INFO - [2026-07-28T22:36:44.050+0000] {dagbag.py:545} INFO - Filling up the DagBag from /opt/airflow/dags/silver_processing_dag.py
[2026-07-28T22:36:44.105+0000] {processor.py:840} INFO - DAG(s) 'process_silver_layer' retrieved from /opt/airflow/dags/silver_processing_dag.py
[2026-07-28T22:36:44.157+0000] {logging_mixin.py:188} INFO - [2026-07-28T22:36:44.156+0000] {dag.py:3096} INFO - Sync 1 DAGs
[2026-07-28T22:36:44.206+0000] {logging_mixin.py:188} INFO - [2026-07-28T22:36:44.205+0000] {dag.py:3954} INFO - Setting next_dagrun for process_silver_layer to None, run_after=None
[2026-07-28T22:36:44.270+0000] {processor.py:183} INFO - Processing /opt/airflow/dags/silver_processing_dag.py took 0.252 seconds
[2026-07-28T22:37:14.484+0000] {processor.py:161} INFO - Started process (PID=10714) to work on /opt/airflow/dags/silver_processing_dag.py
[2026-07-28T22:37:14.492+0000] {processor.py:830} INFO - Processing file /opt/airflow/dags/silver_processing_dag.py for tasks to queue
[2026-07-28T22:37:14.496+0000] {logging_mixin.py:188} INFO - [2026-07-28T22:37:14.495+0000] {dagbag.py:545} INFO - Filling up the DagBag from /opt/airflow/dags/silver_processing_dag.py
[2026-07-28T22:37:14.545+0000] {processor.py:840} INFO - DAG(s) 'process_silver_layer' retrieved from /opt/airflow/dags/silver_processing_dag.py
[2026-07-28T22:37:14.602+0000] {logging_mixin.py:188} INFO - [2026-07-28T22:37:14.601+0000] {dag.py:3096} INFO - Sync 1 DAGs
[2026-07-28T22:37:14.642+0000] {logging_mixin.py:188} INFO - [2026-07-28T22:37:14.642+0000] {dag.py:3954} INFO - Setting next_dagrun for process_silver_layer to None, run_after=None
[2026-07-28T22:37:14.691+0000] {processor.py:183} INFO - Processing /opt/airflow/dags/silver_processing_dag.py took 0.254 seconds
[2026-07-28T22:37:45.032+0000] {processor.py:161} INFO - Started process (PID=10731) to work on /opt/airflow/dags/silver_processing_dag.py
[2026-07-28T22:37:45.034+0000] {processor.py:830} INFO - Processing file /opt/airflow/dags/silver_processing_dag.py for tasks to queue
[2026-07-28T22:37:45.038+0000] {logging_mixin.py:188} INFO - [2026-07-28T22:37:45.037+0000] {dagbag.py:545} INFO - Filling up the DagBag from /opt/airflow/dags/silver_processing_dag.py
[2026-07-28T22:37:45.080+0000] {processor.py:840} INFO - DAG(s) 'process_silver_layer' retrieved from /opt/airflow/dags/silver_processing_dag.py
[2026-07-28T22:37:45.125+0000] {logging_mixin.py:188} INFO - [2026-07-28T22:37:45.124+0000] {dag.py:3096} INFO - Sync 1 DAGs
[2026-07-28T22:37:45.152+0000] {logging_mixin.py:188} INFO - [2026-07-28T22:37:45.151+0000] {dag.py:3954} INFO - Setting next_dagrun for process_silver_layer to None, run_after=None
[2026-07-28T22:37:45.189+0000] {processor.py:183} INFO - Processing /opt/airflow/dags/silver_processing_dag.py took 0.173 seconds
[2026-07-28T22:38:15.698+0000] {processor.py:161} INFO - Started process (PID=10744) to work on /opt/airflow/dags/silver_processing_dag.py
[2026-07-28T22:38:15.702+0000] {processor.py:830} INFO - Processing file /opt/airflow/dags/silver_processing_dag.py for tasks to queue
[2026-07-28T22:38:15.706+0000] {logging_mixin.py:188} INFO - [2026-07-28T22:38:15.705+0000] {dagbag.py:545} INFO - Filling up the DagBag from /opt/airflow/dags/silver_processing_dag.py
[2026-07-28T22:38:15.751+0000] {processor.py:840} INFO - DAG(s) 'process_silver_layer' retrieved from /opt/airflow/dags/silver_processing_dag.py
[2026-07-28T22:38:15.811+0000] {logging_mixin.py:188} INFO - [2026-07-28T22:38:15.811+0000] {dag.py:3096} INFO - Sync 1 DAGs
[2026-07-28T22:38:15.844+0000] {logging_mixin.py:188} INFO - [2026-07-28T22:38:15.843+0000] {dag.py:3954} INFO - Setting next_dagrun for process_silver_layer to None, run_after=None
[2026-07-28T22:38:15.896+0000] {processor.py:183} INFO - Processing /opt/airflow/dags/silver_processing_dag.py took 0.215 seconds
[2026-07-28T22:38:46.352+0000] {processor.py:161} INFO - Started process (PID=10759) to work on /opt/airflow/dags/silver_processing_dag.py
[2026-07-28T22:38:46.356+0000] {processor.py:830} INFO - Processing file /opt/airflow/dags/silver_processing_dag.py for tasks to queue
[2026-07-28T22:38:46.360+0000] {logging_mixin.py:188} INFO - [2026-07-28T22:38:46.359+0000] {dagbag.py:545} INFO - Filling up the DagBag from /opt/airflow/dags/silver_processing_dag.py
[2026-07-28T22:38:46.415+0000] {processor.py:840} INFO - DAG(s) 'process_silver_layer' retrieved from /opt/airflow/dags/silver_processing_dag.py
[2026-07-28T22:38:46.491+0000] {logging_mixin.py:188} INFO - [2026-07-28T22:38:46.490+0000] {dag.py:3096} INFO - Sync 1 DAGs
[2026-07-28T22:38:46.521+0000] {logging_mixin.py:188} INFO - [2026-07-28T22:38:46.520+0000] {dag.py:3954} INFO - Setting next_dagrun for process_silver_layer to None, run_after=None
[2026-07-28T22:38:46.572+0000] {processor.py:183} INFO - Processing /opt/airflow/dags/silver_processing_dag.py took 0.239 seconds
[2026-07-28T22:39:16.910+0000] {processor.py:161} INFO - Started process (PID=10776) to work on /opt/airflow/dags/silver_processing_dag.py
[2026-07-28T22:39:16.912+0000] {processor.py:830} INFO - Processing file /opt/airflow/dags/silver_processing_dag.py for tasks to queue
[2026-07-28T22:39:16.915+0000] {logging_mixin.py:188} INFO - [2026-07-28T22:39:16.915+0000] {dagbag.py:545} INFO - Filling up the DagBag from /opt/airflow/dags/silver_processing_dag.py
[2026-07-28T22:39:16.961+0000] {processor.py:840} INFO - DAG(s) 'process_silver_layer' retrieved from /opt/airflow/dags/silver_processing_dag.py
[2026-07-28T22:39:17.012+0000] {logging_mixin.py:188} INFO - [2026-07-28T22:39:17.011+0000] {dag.py:3096} INFO - Sync 1 DAGs
[2026-07-28T22:39:17.037+0000] {logging_mixin.py:188} INFO - [2026-07-28T22:39:17.037+0000] {dag.py:3954} INFO - Setting next_dagrun for process_silver_layer to None, run_after=None
[2026-07-28T22:39:17.075+0000] {processor.py:183} INFO - Processing /opt/airflow/dags/silver_processing_dag.py took 0.180 seconds
[2026-07-28T22:39:47.321+0000] {processor.py:161} INFO - Started process (PID=10791) to work on /opt/airflow/dags/silver_processing_dag.py
[2026-07-28T22:39:47.323+0000] {processor.py:830} INFO - Processing file /opt/airflow/dags/silver_processing_dag.py for tasks to queue
[2026-07-28T22:39:47.327+0000] {logging_mixin.py:188} INFO - [2026-07-28T22:39:47.326+0000] {dagbag.py:545} INFO - Filling up the DagBag from /opt/airflow/dags/silver_processing_dag.py
[2026-07-28T22:39:47.369+0000] {processor.py:840} INFO - DAG(s) 'process_silver_layer' retrieved from /opt/airflow/dags/silver_processing_dag.py
[2026-07-28T22:39:47.420+0000] {logging_mixin.py:188} INFO - [2026-07-28T22:39:47.420+0000] {dag.py:3096} INFO - Sync 1 DAGs
[2026-07-28T22:39:47.452+0000] {logging_mixin.py:188} INFO - [2026-07-28T22:39:47.452+0000] {dag.py:3954} INFO - Setting next_dagrun for process_silver_layer to None, run_after=None
[2026-07-28T22:39:47.508+0000] {processor.py:183} INFO - Processing /opt/airflow/dags/silver_processing_dag.py took 0.200 seconds
[2026-07-28T22:40:17.766+0000] {processor.py:161} INFO - Started process (PID=10804) to work on /opt/airflow/dags/silver_processing_dag.py
[2026-07-28T22:40:17.769+0000] {processor.py:830} INFO - Processing file /opt/airflow/dags/silver_processing_dag.py for tasks to queue
[2026-07-28T22:40:17.783+0000] {logging_mixin.py:188} INFO - [2026-07-28T22:40:17.782+0000] {dagbag.py:545} INFO - Filling up the DagBag from /opt/airflow/dags/silver_processing_dag.py
[2026-07-28T22:40:17.852+0000] {processor.py:840} INFO - DAG(s) 'process_silver_layer' retrieved from /opt/airflow/dags/silver_processing_dag.py
[2026-07-28T22:40:17.915+0000] {logging_mixin.py:188} INFO - [2026-07-28T22:40:17.915+0000] {dag.py:3096} INFO - Sync 1 DAGs
[2026-07-28T22:40:17.951+0000] {logging_mixin.py:188} INFO - [2026-07-28T22:40:17.951+0000] {dag.py:3954} INFO - Setting next_dagrun for process_silver_layer to None, run_after=None
[2026-07-28T22:40:18.000+0000] {processor.py:183} INFO - Processing /opt/airflow/dags/silver_processing_dag.py took 0.269 seconds
[2026-07-28T22:40:48.322+0000] {processor.py:161} INFO - Started process (PID=10819) to work on /opt/airflow/dags/silver_processing_dag.py
[2026-07-28T22:40:48.326+0000] {processor.py:830} INFO - Processing file /opt/airflow/dags/silver_processing_dag.py for tasks to queue
[2026-07-28T22:40:48.331+0000] {logging_mixin.py:188} INFO - [2026-07-28T22:40:48.330+0000] {dagbag.py:545} INFO - Filling up the DagBag from /opt/airflow/dags/silver_processing_dag.py
[2026-07-28T22:40:48.401+0000] {processor.py:840} INFO - DAG(s) 'process_silver_layer' retrieved from /opt/airflow/dags/silver_processing_dag.py
[2026-07-28T22:40:48.491+0000] {logging_mixin.py:188} INFO - [2026-07-28T22:40:48.490+0000] {dag.py:3096} INFO - Sync 1 DAGs
[2026-07-28T22:40:48.537+0000] {logging_mixin.py:188} INFO - [2026-07-28T22:40:48.536+0000] {dag.py:3954} INFO - Setting next_dagrun for process_silver_layer to None, run_after=None
[2026-07-28T22:40:48.625+0000] {processor.py:183} INFO - Processing /opt/airflow/dags/silver_processing_dag.py took 0.327 seconds
[2026-07-28T22:41:18.822+0000] {processor.py:161} INFO - Started process (PID=10834) to work on /opt/airflow/dags/silver_processing_dag.py
[2026-07-28T22:41:18.833+0000] {processor.py:830} INFO - Processing file /opt/airflow/dags/silver_processing_dag.py for tasks to queue
[2026-07-28T22:41:18.847+0000] {logging_mixin.py:188} INFO - [2026-07-28T22:41:18.846+0000] {dagbag.py:545} INFO - Filling up the DagBag from /opt/airflow/dags/silver_processing_dag.py
[2026-07-28T22:41:18.922+0000] {processor.py:840} INFO - DAG(s) 'process_silver_layer' retrieved from /opt/airflow/dags/silver_processing_dag.py
[2026-07-28T22:41:19.079+0000] {logging_mixin.py:188} INFO - [2026-07-28T22:41:19.079+0000] {dag.py:3096} INFO - Sync 1 DAGs
[2026-07-28T22:41:19.157+0000] {logging_mixin.py:188} INFO - [2026-07-28T22:41:19.157+0000] {dag.py:3954} INFO - Setting next_dagrun for process_silver_layer to None, run_after=None
[2026-07-28T22:41:19.218+0000] {processor.py:183} INFO - Processing /opt/airflow/dags/silver_processing_dag.py took 0.430 seconds
[2026-07-28T22:41:49.375+0000] {processor.py:161} INFO - Started process (PID=10849) to work on /opt/airflow/dags/silver_processing_dag.py
[2026-07-28T22:41:49.378+0000] {processor.py:830} INFO - Processing file /opt/airflow/dags/silver_processing_dag.py for tasks to queue
[2026-07-28T22:41:49.382+0000] {logging_mixin.py:188} INFO - [2026-07-28T22:41:49.381+0000] {dagbag.py:545} INFO - Filling up the DagBag from /opt/airflow/dags/silver_processing_dag.py
[2026-07-28T22:41:49.426+0000] {processor.py:840} INFO - DAG(s) 'process_silver_layer' retrieved from /opt/airflow/dags/silver_processing_dag.py
[2026-07-28T22:41:49.486+0000] {logging_mixin.py:188} INFO - [2026-07-28T22:41:49.485+0000] {dag.py:3096} INFO - Sync 1 DAGs
[2026-07-28T22:41:49.521+0000] {logging_mixin.py:188} INFO - [2026-07-28T22:41:49.521+0000] {dag.py:3954} INFO - Setting next_dagrun for process_silver_layer to None, run_after=None
[2026-07-28T22:41:49.569+0000] {processor.py:183} INFO - Processing /opt/airflow/dags/silver_processing_dag.py took 0.214 seconds
[2026-07-28T22:42:19.959+0000] {processor.py:161} INFO - Started process (PID=10864) to work on /opt/airflow/dags/silver_processing_dag.py
[2026-07-28T22:42:19.962+0000] {processor.py:830} INFO - Processing file /opt/airflow/dags/silver_processing_dag.py for tasks to queue
[2026-07-28T22:42:19.967+0000] {logging_mixin.py:188} INFO - [2026-07-28T22:42:19.966+0000] {dagbag.py:545} INFO - Filling up the DagBag from /opt/airflow/dags/silver_processing_dag.py
[2026-07-28T22:42:20.028+0000] {processor.py:840} INFO - DAG(s) 'process_silver_layer' retrieved from /opt/airflow/dags/silver_processing_dag.py
[2026-07-28T22:42:20.082+0000] {logging_mixin.py:188} INFO - [2026-07-28T22:42:20.082+0000] {dag.py:3096} INFO - Sync 1 DAGs
[2026-07-28T22:42:20.135+0000] {logging_mixin.py:188} INFO - [2026-07-28T22:42:20.133+0000] {dag.py:3954} INFO - Setting next_dagrun for process_silver_layer to None, run_after=None
[2026-07-28T22:42:20.207+0000] {processor.py:183} INFO - Processing /opt/airflow/dags/silver_processing_dag.py took 0.270 seconds
[2026-07-28T22:42:50.583+0000] {processor.py:161} INFO - Started process (PID=10879) to work on /opt/airflow/dags/silver_processing_dag.py
[2026-07-28T22:42:50.587+0000] {processor.py:830} INFO - Processing file /opt/airflow/dags/silver_processing_dag.py for tasks to queue
[2026-07-28T22:42:50.594+0000] {logging_mixin.py:188} INFO - [2026-07-28T22:42:50.592+0000] {dagbag.py:545} INFO - Filling up the DagBag from /opt/airflow/dags/silver_processing_dag.py
[2026-07-28T22:42:50.651+0000] {processor.py:840} INFO - DAG(s) 'process_silver_layer' retrieved from /opt/airflow/dags/silver_processing_dag.py
[2026-07-28T22:42:50.768+0000] {logging_mixin.py:188} INFO - [2026-07-28T22:42:50.767+0000] {dag.py:3096} INFO - Sync 1 DAGs
[2026-07-28T22:42:50.853+0000] {logging_mixin.py:188} INFO - [2026-07-28T22:42:50.853+0000] {dag.py:3954} INFO - Setting next_dagrun for process_silver_layer to None, run_after=None
[2026-07-28T22:42:50.964+0000] {processor.py:183} INFO - Processing /opt/airflow/dags/silver_processing_dag.py took 0.404 seconds
[2026-07-28T22:43:21.155+0000] {processor.py:161} INFO - Started process (PID=10894) to work on /opt/airflow/dags/silver_processing_dag.py
[2026-07-28T22:43:21.158+0000] {processor.py:830} INFO - Processing file /opt/airflow/dags/silver_processing_dag.py for tasks to queue
[2026-07-28T22:43:21.162+0000] {logging_mixin.py:188} INFO - [2026-07-28T22:43:21.160+0000] {dagbag.py:545} INFO - Filling up the DagBag from /opt/airflow/dags/silver_processing_dag.py
[2026-07-28T22:43:21.214+0000] {processor.py:840} INFO - DAG(s) 'process_silver_layer' retrieved from /opt/airflow/dags/silver_processing_dag.py
[2026-07-28T22:43:21.269+0000] {logging_mixin.py:188} INFO - [2026-07-28T22:43:21.269+0000] {dag.py:3096} INFO - Sync 1 DAGs
[2026-07-28T22:43:21.302+0000] {logging_mixin.py:188} INFO - [2026-07-28T22:43:21.302+0000] {dag.py:3954} INFO - Setting next_dagrun for process_silver_layer to None, run_after=None
[2026-07-28T22:43:21.353+0000] {processor.py:183} INFO - Processing /opt/airflow/dags/silver_processing_dag.py took 0.217 seconds
[2026-07-28T22:43:51.560+0000] {processor.py:161} INFO - Started process (PID=10909) to work on /opt/airflow/dags/silver_processing_dag.py
[2026-07-28T22:43:51.567+0000] {processor.py:830} INFO - Processing file /opt/airflow/dags/silver_processing_dag.py for tasks to queue
[2026-07-28T22:43:51.573+0000] {logging_mixin.py:188} INFO - [2026-07-28T22:43:51.571+0000] {dagbag.py:545} INFO - Filling up the DagBag from /opt/airflow/dags/silver_processing_dag.py
[2026-07-28T22:43:51.634+0000] {processor.py:840} INFO - DAG(s) 'process_silver_layer' retrieved from /opt/airflow/dags/silver_processing_dag.py
[2026-07-28T22:43:51.693+0000] {logging_mixin.py:188} INFO - [2026-07-28T22:43:51.693+0000] {dag.py:3096} INFO - Sync 1 DAGs
[2026-07-28T22:43:51.731+0000] {logging_mixin.py:188} INFO - [2026-07-28T22:43:51.731+0000] {dag.py:3954} INFO - Setting next_dagrun for process_silver_layer to None, run_after=None
[2026-07-28T22:43:51.790+0000] {processor.py:183} INFO - Processing /opt/airflow/dags/silver_processing_dag.py took 0.251 seconds
[2026-07-28T22:44:22.269+0000] {processor.py:161} INFO - Started process (PID=10924) to work on /opt/airflow/dags/silver_processing_dag.py
[2026-07-28T22:44:22.272+0000] {processor.py:830} INFO - Processing file /opt/airflow/dags/silver_processing_dag.py for tasks to queue
[2026-07-28T22:44:22.276+0000] {logging_mixin.py:188} INFO - [2026-07-28T22:44:22.275+0000] {dagbag.py:545} INFO - Filling up the DagBag from /opt/airflow/dags/silver_processing_dag.py
[2026-07-28T22:44:22.338+0000] {processor.py:840} INFO - DAG(s) 'process_silver_layer' retrieved from /opt/airflow/dags/silver_processing_dag.py
[2026-07-28T22:44:22.429+0000] {logging_mixin.py:188} INFO - [2026-07-28T22:44:22.428+0000] {dag.py:3096} INFO - Sync 1 DAGs
[2026-07-28T22:44:22.508+0000] {logging_mixin.py:188} INFO - [2026-07-28T22:44:22.508+0000] {dag.py:3954} INFO - Setting next_dagrun for process_silver_layer to None, run_after=None
[2026-07-28T22:44:22.590+0000] {processor.py:183} INFO - Processing /opt/airflow/dags/silver_processing_dag.py took 0.349 seconds
[2026-07-28T22:44:52.874+0000] {processor.py:161} INFO - Started process (PID=10939) to work on /opt/airflow/dags/silver_processing_dag.py
[2026-07-28T22:44:52.877+0000] {processor.py:830} INFO - Processing file /opt/airflow/dags/silver_processing_dag.py for tasks to queue
[2026-07-28T22:44:52.881+0000] {logging_mixin.py:188} INFO - [2026-07-28T22:44:52.880+0000] {dagbag.py:545} INFO - Filling up the DagBag from /opt/airflow/dags/silver_processing_dag.py
[2026-07-28T22:44:52.933+0000] {processor.py:840} INFO - DAG(s) 'process_silver_layer' retrieved from /opt/airflow/dags/silver_processing_dag.py
[2026-07-28T22:44:53.003+0000] {logging_mixin.py:188} INFO - [2026-07-28T22:44:53.002+0000] {dag.py:3096} INFO - Sync 1 DAGs
[2026-07-28T22:44:53.033+0000] {logging_mixin.py:188} INFO - [2026-07-28T22:44:53.032+0000] {dag.py:3954} INFO - Setting next_dagrun for process_silver_layer to None, run_after=None
[2026-07-28T22:44:53.080+0000] {processor.py:183} INFO - Processing /opt/airflow/dags/silver_processing_dag.py took 0.226 seconds
[2026-07-28T22:45:23.386+0000] {processor.py:161} INFO - Started process (PID=10954) to work on /opt/airflow/dags/silver_processing_dag.py
[2026-07-28T22:45:23.389+0000] {processor.py:830} INFO - Processing file /opt/airflow/dags/silver_processing_dag.py for tasks to queue
[2026-07-28T22:45:23.392+0000] {logging_mixin.py:188} INFO - [2026-07-28T22:45:23.391+0000] {dagbag.py:545} INFO - Filling up the DagBag from /opt/airflow/dags/silver_processing_dag.py
[2026-07-28T22:45:23.435+0000] {processor.py:840} INFO - DAG(s) 'process_silver_layer' retrieved from /opt/airflow/dags/silver_processing_dag.py
[2026-07-28T22:45:23.498+0000] {logging_mixin.py:188} INFO - [2026-07-28T22:45:23.497+0000] {dag.py:3096} INFO - Sync 1 DAGs
[2026-07-28T22:45:23.539+0000] {logging_mixin.py:188} INFO - [2026-07-28T22:45:23.539+0000] {dag.py:3954} INFO - Setting next_dagrun for process_silver_layer to None, run_after=None
[2026-07-28T22:45:23.585+0000] {processor.py:183} INFO - Processing /opt/airflow/dags/silver_processing_dag.py took 0.222 seconds
[2026-07-28T22:45:53.749+0000] {processor.py:161} INFO - Started process (PID=10969) to work on /opt/airflow/dags/silver_processing_dag.py
[2026-07-28T22:45:53.752+0000] {processor.py:830} INFO - Processing file /opt/airflow/dags/silver_processing_dag.py for tasks to queue
[2026-07-28T22:45:53.757+0000] {logging_mixin.py:188} INFO - [2026-07-28T22:45:53.756+0000] {dagbag.py:545} INFO - Filling up the DagBag from /opt/airflow/dags/silver_processing_dag.py
[2026-07-28T22:45:53.815+0000] {processor.py:840} INFO - DAG(s) 'process_silver_layer' retrieved from /opt/airflow/dags/silver_processing_dag.py
[2026-07-28T22:45:53.866+0000] {logging_mixin.py:188} INFO - [2026-07-28T22:45:53.865+0000] {dag.py:3096} INFO - Sync 1 DAGs
[2026-07-28T22:45:53.898+0000] {logging_mixin.py:188} INFO - [2026-07-28T22:45:53.898+0000] {dag.py:3954} INFO - Setting next_dagrun for process_silver_layer to None, run_after=None
[2026-07-28T22:45:53.953+0000] {processor.py:183} INFO - Processing /opt/airflow/dags/silver_processing_dag.py took 0.225 seconds
[2026-07-28T22:46:25.497+0000] {processor.py:161} INFO - Started process (PID=10984) to work on /opt/airflow/dags/silver_processing_dag.py
[2026-07-28T22:46:25.499+0000] {processor.py:830} INFO - Processing file /opt/airflow/dags/silver_processing_dag.py for tasks to queue
[2026-07-28T22:46:25.502+0000] {logging_mixin.py:188} INFO - [2026-07-28T22:46:25.502+0000] {dagbag.py:545} INFO - Filling up the DagBag from /opt/airflow/dags/silver_processing_dag.py
[2026-07-28T22:46:25.557+0000] {processor.py:840} INFO - DAG(s) 'process_silver_layer' retrieved from /opt/airflow/dags/silver_processing_dag.py
[2026-07-28T22:46:25.614+0000] {logging_mixin.py:188} INFO - [2026-07-28T22:46:25.613+0000] {dag.py:3096} INFO - Sync 1 DAGs
[2026-07-28T22:46:25.649+0000] {logging_mixin.py:188} INFO - [2026-07-28T22:46:25.648+0000] {dag.py:3954} INFO - Setting next_dagrun for process_silver_layer to None, run_after=None
[2026-07-28T22:46:25.703+0000] {processor.py:183} INFO - Processing /opt/airflow/dags/silver_processing_dag.py took 0.229 seconds
[2026-07-28T22:46:56.375+0000] {processor.py:161} INFO - Started process (PID=10999) to work on /opt/airflow/dags/silver_processing_dag.py
[2026-07-28T22:46:56.379+0000] {processor.py:830} INFO - Processing file /opt/airflow/dags/silver_processing_dag.py for tasks to queue
[2026-07-28T22:46:56.382+0000] {logging_mixin.py:188} INFO - [2026-07-28T22:46:56.382+0000] {dagbag.py:545} INFO - Filling up the DagBag from /opt/airflow/dags/silver_processing_dag.py
[2026-07-28T22:46:56.452+0000] {processor.py:840} INFO - DAG(s) 'process_silver_layer' retrieved from /opt/airflow/dags/silver_processing_dag.py
[2026-07-28T22:46:56.565+0000] {logging_mixin.py:188} INFO - [2026-07-28T22:46:56.565+0000] {dag.py:3096} INFO - Sync 1 DAGs
[2026-07-28T22:46:56.647+0000] {logging_mixin.py:188} INFO - [2026-07-28T22:46:56.647+0000] {dag.py:3954} INFO - Setting next_dagrun for process_silver_layer to None, run_after=None
[2026-07-28T22:46:56.731+0000] {processor.py:183} INFO - Processing /opt/airflow/dags/silver_processing_dag.py took 0.395 seconds
[2026-07-28T22:47:27.445+0000] {processor.py:161} INFO - Started process (PID=11014) to work on /opt/airflow/dags/silver_processing_dag.py
[2026-07-28T22:47:27.485+0000] {processor.py:830} INFO - Processing file /opt/airflow/dags/silver_processing_dag.py for tasks to queue
[2026-07-28T22:47:27.490+0000] {logging_mixin.py:188} INFO - [2026-07-28T22:47:27.489+0000] {dagbag.py:545} INFO - Filling up the DagBag from /opt/airflow/dags/silver_processing_dag.py
[2026-07-28T22:47:27.607+0000] {processor.py:840} INFO - DAG(s) 'process_silver_layer' retrieved from /opt/airflow/dags/silver_processing_dag.py
[2026-07-28T22:47:27.674+0000] {logging_mixin.py:188} INFO - [2026-07-28T22:47:27.674+0000] {dag.py:3096} INFO - Sync 1 DAGs
[2026-07-28T22:47:27.700+0000] {logging_mixin.py:188} INFO - [2026-07-28T22:47:27.699+0000] {dag.py:3954} INFO - Setting next_dagrun for process_silver_layer to None, run_after=None
[2026-07-28T22:47:28.270+0000] {processor.py:183} INFO - Processing /opt/airflow/dags/silver_processing_dag.py took 0.839 seconds
[2026-07-28T22:47:58.421+0000] {processor.py:161} INFO - Started process (PID=11029) to work on /opt/airflow/dags/silver_processing_dag.py
[2026-07-28T22:47:58.424+0000] {processor.py:830} INFO - Processing file /opt/airflow/dags/silver_processing_dag.py for tasks to queue
[2026-07-28T22:47:58.428+0000] {logging_mixin.py:188} INFO - [2026-07-28T22:47:58.427+0000] {dagbag.py:545} INFO - Filling up the DagBag from /opt/airflow/dags/silver_processing_dag.py
[2026-07-28T22:47:58.478+0000] {processor.py:840} INFO - DAG(s) 'process_silver_layer' retrieved from /opt/airflow/dags/silver_processing_dag.py
[2026-07-28T22:47:58.533+0000] {logging_mixin.py:188} INFO - [2026-07-28T22:47:58.533+0000] {dag.py:3096} INFO - Sync 1 DAGs
[2026-07-28T22:47:58.574+0000] {logging_mixin.py:188} INFO - [2026-07-28T22:47:58.574+0000] {dag.py:3954} INFO - Setting next_dagrun for process_silver_layer to None, run_after=None
[2026-07-28T22:47:59.649+0000] {processor.py:183} INFO - Processing /opt/airflow/dags/silver_processing_dag.py took 1.248 seconds
[2026-07-28T22:48:29.974+0000] {processor.py:161} INFO - Started process (PID=11044) to work on /opt/airflow/dags/silver_processing_dag.py
[2026-07-28T22:48:29.977+0000] {processor.py:830} INFO - Processing file /opt/airflow/dags/silver_processing_dag.py for tasks to queue
[2026-07-28T22:48:29.981+0000] {logging_mixin.py:188} INFO - [2026-07-28T22:48:29.980+0000] {dagbag.py:545} INFO - Filling up the DagBag from /opt/airflow/dags/silver_processing_dag.py
[2026-07-28T22:48:30.037+0000] {processor.py:840} INFO - DAG(s) 'process_silver_layer' retrieved from /opt/airflow/dags/silver_processing_dag.py
[2026-07-28T22:48:30.108+0000] {logging_mixin.py:188} INFO - [2026-07-28T22:48:30.107+0000] {dag.py:3096} INFO - Sync 1 DAGs
[2026-07-28T22:48:30.151+0000] {logging_mixin.py:188} INFO - [2026-07-28T22:48:30.150+0000] {dag.py:3954} INFO - Setting next_dagrun for process_silver_layer to None, run_after=None
[2026-07-28T22:48:30.208+0000] {processor.py:183} INFO - Processing /opt/airflow/dags/silver_processing_dag.py took 0.276 seconds
[2026-07-28T22:49:00.420+0000] {processor.py:161} INFO - Started process (PID=11059) to work on /opt/airflow/dags/silver_processing_dag.py
[2026-07-28T22:49:00.423+0000] {processor.py:830} INFO - Processing file /opt/airflow/dags/silver_processing_dag.py for tasks to queue
[2026-07-28T22:49:00.427+0000] {logging_mixin.py:188} INFO - [2026-07-28T22:49:00.426+0000] {dagbag.py:545} INFO - Filling up the DagBag from /opt/airflow/dags/silver_processing_dag.py
[2026-07-28T22:49:00.497+0000] {processor.py:840} INFO - DAG(s) 'process_silver_layer' retrieved from /opt/airflow/dags/silver_processing_dag.py
[2026-07-28T22:49:00.632+0000] {logging_mixin.py:188} INFO - [2026-07-28T22:49:00.631+0000] {dag.py:3096} INFO - Sync 1 DAGs
[2026-07-28T22:49:00.698+0000] {logging_mixin.py:188} INFO - [2026-07-28T22:49:00.698+0000] {dag.py:3954} INFO - Setting next_dagrun for process_silver_layer to None, run_after=None
[2026-07-28T22:49:00.796+0000] {processor.py:183} INFO - Processing /opt/airflow/dags/silver_processing_dag.py took 0.395 seconds
[2026-07-28T22:49:31.904+0000] {processor.py:161} INFO - Started process (PID=11074) to work on /opt/airflow/dags/silver_processing_dag.py
[2026-07-28T22:49:31.907+0000] {processor.py:830} INFO - Processing file /opt/airflow/dags/silver_processing_dag.py for tasks to queue
[2026-07-28T22:49:31.911+0000] {logging_mixin.py:188} INFO - [2026-07-28T22:49:31.910+0000] {dagbag.py:545} INFO - Filling up the DagBag from /opt/airflow/dags/silver_processing_dag.py
[2026-07-28T22:49:31.960+0000] {processor.py:840} INFO - DAG(s) 'process_silver_layer' retrieved from /opt/airflow/dags/silver_processing_dag.py
[2026-07-28T22:49:32.010+0000] {logging_mixin.py:188} INFO - [2026-07-28T22:49:32.009+0000] {dag.py:3096} INFO - Sync 1 DAGs
[2026-07-28T22:49:32.044+0000] {logging_mixin.py:188} INFO - [2026-07-28T22:49:32.043+0000] {dag.py:3954} INFO - Setting next_dagrun for process_silver_layer to None, run_after=None
[2026-07-28T22:49:32.091+0000] {processor.py:183} INFO - Processing /opt/airflow/dags/silver_processing_dag.py took 0.211 seconds
[2026-07-28T22:50:02.330+0000] {processor.py:161} INFO - Started process (PID=11089) to work on /opt/airflow/dags/silver_processing_dag.py
[2026-07-28T22:50:02.333+0000] {processor.py:830} INFO - Processing file /opt/airflow/dags/silver_processing_dag.py for tasks to queue
[2026-07-28T22:50:02.337+0000] {logging_mixin.py:188} INFO - [2026-07-28T22:50:02.336+0000] {dagbag.py:545} INFO - Filling up the DagBag from /opt/airflow/dags/silver_processing_dag.py
[2026-07-28T22:50:02.392+0000] {processor.py:840} INFO - DAG(s) 'process_silver_layer' retrieved from /opt/airflow/dags/silver_processing_dag.py
[2026-07-28T22:50:02.446+0000] {logging_mixin.py:188} INFO - [2026-07-28T22:50:02.446+0000] {dag.py:3096} INFO - Sync 1 DAGs
[2026-07-28T22:50:02.487+0000] {logging_mixin.py:188} INFO - [2026-07-28T22:50:02.487+0000] {dag.py:3954} INFO - Setting next_dagrun for process_silver_layer to None, run_after=None
[2026-07-28T22:50:02.953+0000] {processor.py:183} INFO - Processing /opt/airflow/dags/silver_processing_dag.py took 0.640 seconds
[2026-07-28T22:50:33.406+0000] {processor.py:161} INFO - Started process (PID=11104) to work on /opt/airflow/dags/silver_processing_dag.py
[2026-07-28T22:50:33.409+0000] {processor.py:830} INFO - Processing file /opt/airflow/dags/silver_processing_dag.py for tasks to queue
[2026-07-28T22:50:33.414+0000] {logging_mixin.py:188} INFO - [2026-07-28T22:50:33.412+0000] {dagbag.py:545} INFO - Filling up the DagBag from /opt/airflow/dags/silver_processing_dag.py
[2026-07-28T22:50:33.467+0000] {processor.py:840} INFO - DAG(s) 'process_silver_layer' retrieved from /opt/airflow/dags/silver_processing_dag.py
[2026-07-28T22:50:33.528+0000] {logging_mixin.py:188} INFO - [2026-07-28T22:50:33.527+0000] {dag.py:3096} INFO - Sync 1 DAGs
[2026-07-28T22:50:33.563+0000] {logging_mixin.py:188} INFO - [2026-07-28T22:50:33.562+0000] {dag.py:3954} INFO - Setting next_dagrun for process_silver_layer to None, run_after=None
[2026-07-28T22:50:37.301+0000] {processor.py:183} INFO - Processing /opt/airflow/dags/silver_processing_dag.py took 3.915 seconds
[2026-07-28T22:51:07.966+0000] {processor.py:161} INFO - Started process (PID=11121) to work on /opt/airflow/dags/silver_processing_dag.py
[2026-07-28T22:51:07.969+0000] {processor.py:830} INFO - Processing file /opt/airflow/dags/silver_processing_dag.py for tasks to queue
[2026-07-28T22:51:07.972+0000] {logging_mixin.py:188} INFO - [2026-07-28T22:51:07.971+0000] {dagbag.py:545} INFO - Filling up the DagBag from /opt/airflow/dags/silver_processing_dag.py
[2026-07-28T22:51:08.032+0000] {processor.py:840} INFO - DAG(s) 'process_silver_layer' retrieved from /opt/airflow/dags/silver_processing_dag.py
[2026-07-28T22:51:08.084+0000] {logging_mixin.py:188} INFO - [2026-07-28T22:51:08.083+0000] {dag.py:3096} INFO - Sync 1 DAGs
[2026-07-28T22:51:08.114+0000] {logging_mixin.py:188} INFO - [2026-07-28T22:51:08.113+0000] {dag.py:3954} INFO - Setting next_dagrun for process_silver_layer to None, run_after=None
[2026-07-28T22:51:08.158+0000] {processor.py:183} INFO - Processing /opt/airflow/dags/silver_processing_dag.py took 0.207 seconds
[2026-07-28T22:51:38.266+0000] {processor.py:161} INFO - Started process (PID=11136) to work on /opt/airflow/dags/silver_processing_dag.py
[2026-07-28T22:51:38.268+0000] {processor.py:830} INFO - Processing file /opt/airflow/dags/silver_processing_dag.py for tasks to queue
[2026-07-28T22:51:38.271+0000] {logging_mixin.py:188} INFO - [2026-07-28T22:51:38.270+0000] {dagbag.py:545} INFO - Filling up the DagBag from /opt/airflow/dags/silver_processing_dag.py
[2026-07-28T22:51:38.309+0000] {processor.py:840} INFO - DAG(s) 'process_silver_layer' retrieved from /opt/airflow/dags/silver_processing_dag.py
[2026-07-28T22:51:38.357+0000] {logging_mixin.py:188} INFO - [2026-07-28T22:51:38.357+0000] {dag.py:3096} INFO - Sync 1 DAGs
[2026-07-28T22:51:38.380+0000] {logging_mixin.py:188} INFO - [2026-07-28T22:51:38.379+0000] {dag.py:3954} INFO - Setting next_dagrun for process_silver_layer to None, run_after=None
[2026-07-28T22:51:38.416+0000] {processor.py:183} INFO - Processing /opt/airflow/dags/silver_processing_dag.py took 0.163 seconds
[2026-07-28T22:52:09.180+0000] {processor.py:161} INFO - Started process (PID=11151) to work on /opt/airflow/dags/silver_processing_dag.py
[2026-07-28T22:52:09.182+0000] {processor.py:830} INFO - Processing file /opt/airflow/dags/silver_processing_dag.py for tasks to queue
[2026-07-28T22:52:09.186+0000] {logging_mixin.py:188} INFO - [2026-07-28T22:52:09.185+0000] {dagbag.py:545} INFO - Filling up the DagBag from /opt/airflow/dags/silver_processing_dag.py
[2026-07-28T22:52:09.220+0000] {processor.py:840} INFO - DAG(s) 'process_silver_layer' retrieved from /opt/airflow/dags/silver_processing_dag.py
[2026-07-28T22:52:09.264+0000] {logging_mixin.py:188} INFO - [2026-07-28T22:52:09.263+0000] {dag.py:3096} INFO - Sync 1 DAGs
[2026-07-28T22:52:09.288+0000] {logging_mixin.py:188} INFO - [2026-07-28T22:52:09.287+0000] {dag.py:3954} INFO - Setting next_dagrun for process_silver_layer to None, run_after=None
[2026-07-28T22:52:09.353+0000] {processor.py:183} INFO - Processing /opt/airflow/dags/silver_processing_dag.py took 0.200 seconds
[2026-07-28T22:52:39.722+0000] {processor.py:161} INFO - Started process (PID=11166) to work on /opt/airflow/dags/silver_processing_dag.py
[2026-07-28T22:52:39.725+0000] {processor.py:830} INFO - Processing file /opt/airflow/dags/silver_processing_dag.py for tasks to queue
[2026-07-28T22:52:39.728+0000] {logging_mixin.py:188} INFO - [2026-07-28T22:52:39.727+0000] {dagbag.py:545} INFO - Filling up the DagBag from /opt/airflow/dags/silver_processing_dag.py
[2026-07-28T22:52:39.769+0000] {processor.py:840} INFO - DAG(s) 'process_silver_layer' retrieved from /opt/airflow/dags/silver_processing_dag.py
[2026-07-28T22:52:39.820+0000] {logging_mixin.py:188} INFO - [2026-07-28T22:52:39.819+0000] {dag.py:3096} INFO - Sync 1 DAGs
[2026-07-28T22:52:39.847+0000] {logging_mixin.py:188} INFO - [2026-07-28T22:52:39.847+0000] {dag.py:3954} INFO - Setting next_dagrun for process_silver_layer to None, run_after=None
[2026-07-28T22:52:39.892+0000] {processor.py:183} INFO - Processing /opt/airflow/dags/silver_processing_dag.py took 0.184 seconds
[2026-07-28T22:53:10.334+0000] {processor.py:161} INFO - Started process (PID=11181) to work on /opt/airflow/dags/silver_processing_dag.py
[2026-07-28T22:53:10.338+0000] {processor.py:830} INFO - Processing file /opt/airflow/dags/silver_processing_dag.py for tasks to queue
[2026-07-28T22:53:10.343+0000] {logging_mixin.py:188} INFO - [2026-07-28T22:53:10.341+0000] {dagbag.py:545} INFO - Filling up the DagBag from /opt/airflow/dags/silver_processing_dag.py
[2026-07-28T22:53:10.388+0000] {processor.py:840} INFO - DAG(s) 'process_silver_layer' retrieved from /opt/airflow/dags/silver_processing_dag.py
[2026-07-28T22:53:10.458+0000] {logging_mixin.py:188} INFO - [2026-07-28T22:53:10.457+0000] {dag.py:3096} INFO - Sync 1 DAGs
[2026-07-28T22:53:10.495+0000] {logging_mixin.py:188} INFO - [2026-07-28T22:53:10.495+0000] {dag.py:3954} INFO - Setting next_dagrun for process_silver_layer to None, run_after=None
[2026-07-28T22:53:10.549+0000] {processor.py:183} INFO - Processing /opt/airflow/dags/silver_processing_dag.py took 0.230 seconds
[2026-07-28T22:53:40.741+0000] {processor.py:161} INFO - Started process (PID=11196) to work on /opt/airflow/dags/silver_processing_dag.py
[2026-07-28T22:53:40.744+0000] {processor.py:830} INFO - Processing file /opt/airflow/dags/silver_processing_dag.py for tasks to queue
[2026-07-28T22:53:40.748+0000] {logging_mixin.py:188} INFO - [2026-07-28T22:53:40.747+0000] {dagbag.py:545} INFO - Filling up the DagBag from /opt/airflow/dags/silver_processing_dag.py
[2026-07-28T22:53:40.790+0000] {processor.py:840} INFO - DAG(s) 'process_silver_layer' retrieved from /opt/airflow/dags/silver_processing_dag.py
[2026-07-28T22:53:40.835+0000] {logging_mixin.py:188} INFO - [2026-07-28T22:53:40.835+0000] {dag.py:3096} INFO - Sync 1 DAGs
[2026-07-28T22:53:40.861+0000] {logging_mixin.py:188} INFO - [2026-07-28T22:53:40.860+0000] {dag.py:3954} INFO - Setting next_dagrun for process_silver_layer to None, run_after=None
[2026-07-28T22:53:40.900+0000] {processor.py:183} INFO - Processing /opt/airflow/dags/silver_processing_dag.py took 0.172 seconds
[2026-07-28T22:54:11.437+0000] {processor.py:161} INFO - Started process (PID=11211) to work on /opt/airflow/dags/silver_processing_dag.py
[2026-07-28T22:54:11.441+0000] {processor.py:830} INFO - Processing file /opt/airflow/dags/silver_processing_dag.py for tasks to queue
[2026-07-28T22:54:11.446+0000] {logging_mixin.py:188} INFO - [2026-07-28T22:54:11.444+0000] {dagbag.py:545} INFO - Filling up the DagBag from /opt/airflow/dags/silver_processing_dag.py
[2026-07-28T22:54:11.496+0000] {processor.py:840} INFO - DAG(s) 'process_silver_layer' retrieved from /opt/airflow/dags/silver_processing_dag.py
[2026-07-28T22:54:11.538+0000] {logging_mixin.py:188} INFO - [2026-07-28T22:54:11.538+0000] {dag.py:3096} INFO - Sync 1 DAGs
[2026-07-28T22:54:11.562+0000] {logging_mixin.py:188} INFO - [2026-07-28T22:54:11.561+0000] {dag.py:3954} INFO - Setting next_dagrun for process_silver_layer to None, run_after=None
[2026-07-28T22:54:11.607+0000] {processor.py:183} INFO - Processing /opt/airflow/dags/silver_processing_dag.py took 0.185 seconds
[2026-07-28T22:54:42.223+0000] {processor.py:161} INFO - Started process (PID=11226) to work on /opt/airflow/dags/silver_processing_dag.py
[2026-07-28T22:54:42.227+0000] {processor.py:830} INFO - Processing file /opt/airflow/dags/silver_processing_dag.py for tasks to queue
[2026-07-28T22:54:42.230+0000] {logging_mixin.py:188} INFO - [2026-07-28T22:54:42.229+0000] {dagbag.py:545} INFO - Filling up the DagBag from /opt/airflow/dags/silver_processing_dag.py
[2026-07-28T22:54:42.271+0000] {processor.py:840} INFO - DAG(s) 'process_silver_layer' retrieved from /opt/airflow/dags/silver_processing_dag.py
[2026-07-28T22:54:42.315+0000] {logging_mixin.py:188} INFO - [2026-07-28T22:54:42.314+0000] {dag.py:3096} INFO - Sync 1 DAGs
[2026-07-28T22:54:42.341+0000] {logging_mixin.py:188} INFO - [2026-07-28T22:54:42.340+0000] {dag.py:3954} INFO - Setting next_dagrun for process_silver_layer to None, run_after=None
[2026-07-28T22:54:42.380+0000] {processor.py:183} INFO - Processing /opt/airflow/dags/silver_processing_dag.py took 0.177 seconds
[2026-07-28T22:55:12.577+0000] {processor.py:161} INFO - Started process (PID=11241) to work on /opt/airflow/dags/silver_processing_dag.py
[2026-07-28T22:55:12.580+0000] {processor.py:830} INFO - Processing file /opt/airflow/dags/silver_processing_dag.py for tasks to queue
[2026-07-28T22:55:12.583+0000] {logging_mixin.py:188} INFO - [2026-07-28T22:55:12.582+0000] {dagbag.py:545} INFO - Filling up the DagBag from /opt/airflow/dags/silver_processing_dag.py
[2026-07-28T22:55:12.636+0000] {processor.py:840} INFO - DAG(s) 'process_silver_layer' retrieved from /opt/airflow/dags/silver_processing_dag.py
[2026-07-28T22:55:12.687+0000] {logging_mixin.py:188} INFO - [2026-07-28T22:55:12.687+0000] {dag.py:3096} INFO - Sync 1 DAGs
[2026-07-28T22:55:12.726+0000] {logging_mixin.py:188} INFO - [2026-07-28T22:55:12.725+0000] {dag.py:3954} INFO - Setting next_dagrun for process_silver_layer to None, run_after=None
[2026-07-28T22:55:12.770+0000] {processor.py:183} INFO - Processing /opt/airflow/dags/silver_processing_dag.py took 0.206 seconds
[2026-07-28T22:55:43.023+0000] {processor.py:161} INFO - Started process (PID=11256) to work on /opt/airflow/dags/silver_processing_dag.py
[2026-07-28T22:55:43.026+0000] {processor.py:830} INFO - Processing file /opt/airflow/dags/silver_processing_dag.py for tasks to queue
[2026-07-28T22:55:43.029+0000] {logging_mixin.py:188} INFO - [2026-07-28T22:55:43.028+0000] {dagbag.py:545} INFO - Filling up the DagBag from /opt/airflow/dags/silver_processing_dag.py
[2026-07-28T22:55:43.071+0000] {processor.py:840} INFO - DAG(s) 'process_silver_layer' retrieved from /opt/airflow/dags/silver_processing_dag.py
[2026-07-28T22:55:43.114+0000] {logging_mixin.py:188} INFO - [2026-07-28T22:55:43.114+0000] {dag.py:3096} INFO - Sync 1 DAGs
[2026-07-28T22:55:43.138+0000] {logging_mixin.py:188} INFO - [2026-07-28T22:55:43.138+0000] {dag.py:3954} INFO - Setting next_dagrun for process_silver_layer to None, run_after=None
[2026-07-28T22:55:43.200+0000] {processor.py:183} INFO - Processing /opt/airflow/dags/silver_processing_dag.py took 0.191 seconds
[2026-07-28T22:56:13.918+0000] {processor.py:161} INFO - Started process (PID=11271) to work on /opt/airflow/dags/silver_processing_dag.py
[2026-07-28T22:56:13.925+0000] {processor.py:830} INFO - Processing file /opt/airflow/dags/silver_processing_dag.py for tasks to queue
[2026-07-28T22:56:13.929+0000] {logging_mixin.py:188} INFO - [2026-07-28T22:56:13.928+0000] {dagbag.py:545} INFO - Filling up the DagBag from /opt/airflow/dags/silver_processing_dag.py
[2026-07-28T22:56:13.968+0000] {processor.py:840} INFO - DAG(s) 'process_silver_layer' retrieved from /opt/airflow/dags/silver_processing_dag.py
[2026-07-28T22:56:14.022+0000] {logging_mixin.py:188} INFO - [2026-07-28T22:56:14.021+0000] {dag.py:3096} INFO - Sync 1 DAGs
[2026-07-28T22:56:14.057+0000] {logging_mixin.py:188} INFO - [2026-07-28T22:56:14.056+0000] {dag.py:3954} INFO - Setting next_dagrun for process_silver_layer to None, run_after=None
[2026-07-28T22:56:14.104+0000] {processor.py:183} INFO - Processing /opt/airflow/dags/silver_processing_dag.py took 0.210 seconds
[2026-07-28T22:56:44.593+0000] {processor.py:161} INFO - Started process (PID=11286) to work on /opt/airflow/dags/silver_processing_dag.py
[2026-07-28T22:56:44.596+0000] {processor.py:830} INFO - Processing file /opt/airflow/dags/silver_processing_dag.py for tasks to queue
[2026-07-28T22:56:44.599+0000] {logging_mixin.py:188} INFO - [2026-07-28T22:56:44.598+0000] {dagbag.py:545} INFO - Filling up the DagBag from /opt/airflow/dags/silver_processing_dag.py
[2026-07-28T22:56:44.641+0000] {processor.py:840} INFO - DAG(s) 'process_silver_layer' retrieved from /opt/airflow/dags/silver_processing_dag.py
[2026-07-28T22:56:44.687+0000] {logging_mixin.py:188} INFO - [2026-07-28T22:56:44.687+0000] {dag.py:3096} INFO - Sync 1 DAGs
[2026-07-28T22:56:44.711+0000] {logging_mixin.py:188} INFO - [2026-07-28T22:56:44.711+0000] {dag.py:3954} INFO - Setting next_dagrun for process_silver_layer to None, run_after=None
[2026-07-28T22:56:44.755+0000] {processor.py:183} INFO - Processing /opt/airflow/dags/silver_processing_dag.py took 0.178 seconds
[2026-07-28T22:57:15.116+0000] {processor.py:161} INFO - Started process (PID=11301) to work on /opt/airflow/dags/silver_processing_dag.py
[2026-07-28T22:57:15.119+0000] {processor.py:830} INFO - Processing file /opt/airflow/dags/silver_processing_dag.py for tasks to queue
[2026-07-28T22:57:15.126+0000] {logging_mixin.py:188} INFO - [2026-07-28T22:57:15.124+0000] {dagbag.py:545} INFO - Filling up the DagBag from /opt/airflow/dags/silver_processing_dag.py
[2026-07-28T22:57:15.168+0000] {processor.py:840} INFO - DAG(s) 'process_silver_layer' retrieved from /opt/airflow/dags/silver_processing_dag.py
[2026-07-28T22:57:15.219+0000] {logging_mixin.py:188} INFO - [2026-07-28T22:57:15.218+0000] {dag.py:3096} INFO - Sync 1 DAGs
[2026-07-28T22:57:15.293+0000] {logging_mixin.py:188} INFO - [2026-07-28T22:57:15.293+0000] {dag.py:3954} INFO - Setting next_dagrun for process_silver_layer to None, run_after=None
[2026-07-28T22:57:15.646+0000] {processor.py:183} INFO - Processing /opt/airflow/dags/silver_processing_dag.py took 0.558 seconds
[2026-07-28T22:57:45.828+0000] {processor.py:161} INFO - Started process (PID=11316) to work on /opt/airflow/dags/silver_processing_dag.py
[2026-07-28T22:57:45.830+0000] {processor.py:830} INFO - Processing file /opt/airflow/dags/silver_processing_dag.py for tasks to queue
[2026-07-28T22:57:45.834+0000] {logging_mixin.py:188} INFO - [2026-07-28T22:57:45.834+0000] {dagbag.py:545} INFO - Filling up the DagBag from /opt/airflow/dags/silver_processing_dag.py
[2026-07-28T22:57:45.886+0000] {processor.py:840} INFO - DAG(s) 'process_silver_layer' retrieved from /opt/airflow/dags/silver_processing_dag.py
[2026-07-28T22:57:45.942+0000] {logging_mixin.py:188} INFO - [2026-07-28T22:57:45.942+0000] {dag.py:3096} INFO - Sync 1 DAGs
[2026-07-28T22:57:46.001+0000] {logging_mixin.py:188} INFO - [2026-07-28T22:57:46.001+0000] {dag.py:3954} INFO - Setting next_dagrun for process_silver_layer to None, run_after=None
[2026-07-28T22:57:46.232+0000] {processor.py:183} INFO - Processing /opt/airflow/dags/silver_processing_dag.py took 0.414 seconds
[2026-07-28T22:58:17.056+0000] {processor.py:161} INFO - Started process (PID=11331) to work on /opt/airflow/dags/silver_processing_dag.py
[2026-07-28T22:58:17.059+0000] {processor.py:830} INFO - Processing file /opt/airflow/dags/silver_processing_dag.py for tasks to queue
[2026-07-28T22:58:17.062+0000] {logging_mixin.py:188} INFO - [2026-07-28T22:58:17.061+0000] {dagbag.py:545} INFO - Filling up the DagBag from /opt/airflow/dags/silver_processing_dag.py
[2026-07-28T22:58:17.104+0000] {processor.py:840} INFO - DAG(s) 'process_silver_layer' retrieved from /opt/airflow/dags/silver_processing_dag.py
[2026-07-28T22:58:17.155+0000] {logging_mixin.py:188} INFO - [2026-07-28T22:58:17.154+0000] {dag.py:3096} INFO - Sync 1 DAGs
[2026-07-28T22:58:17.181+0000] {logging_mixin.py:188} INFO - [2026-07-28T22:58:17.180+0000] {dag.py:3954} INFO - Setting next_dagrun for process_silver_layer to None, run_after=None
[2026-07-28T22:58:17.220+0000] {processor.py:183} INFO - Processing /opt/airflow/dags/silver_processing_dag.py took 0.179 seconds
[2026-07-28T22:58:47.690+0000] {processor.py:161} INFO - Started process (PID=11346) to work on /opt/airflow/dags/silver_processing_dag.py
[2026-07-28T22:58:47.694+0000] {processor.py:830} INFO - Processing file /opt/airflow/dags/silver_processing_dag.py for tasks to queue
[2026-07-28T22:58:47.699+0000] {logging_mixin.py:188} INFO - [2026-07-28T22:58:47.698+0000] {dagbag.py:545} INFO - Filling up the DagBag from /opt/airflow/dags/silver_processing_dag.py
[2026-07-28T22:58:47.760+0000] {processor.py:840} INFO - DAG(s) 'process_silver_layer' retrieved from /opt/airflow/dags/silver_processing_dag.py
[2026-07-28T22:58:47.849+0000] {logging_mixin.py:188} INFO - [2026-07-28T22:58:47.849+0000] {dag.py:3096} INFO - Sync 1 DAGs
[2026-07-28T22:58:47.877+0000] {logging_mixin.py:188} INFO - [2026-07-28T22:58:47.876+0000] {dag.py:3954} INFO - Setting next_dagrun for process_silver_layer to None, run_after=None
[2026-07-28T22:58:47.932+0000] {processor.py:183} INFO - Processing /opt/airflow/dags/silver_processing_dag.py took 0.261 seconds
[2026-07-28T22:59:18.057+0000] {processor.py:161} INFO - Started process (PID=11361) to work on /opt/airflow/dags/silver_processing_dag.py
[2026-07-28T22:59:18.060+0000] {processor.py:830} INFO - Processing file /opt/airflow/dags/silver_processing_dag.py for tasks to queue
[2026-07-28T22:59:18.064+0000] {logging_mixin.py:188} INFO - [2026-07-28T22:59:18.063+0000] {dagbag.py:545} INFO - Filling up the DagBag from /opt/airflow/dags/silver_processing_dag.py
[2026-07-28T22:59:18.107+0000] {processor.py:840} INFO - DAG(s) 'process_silver_layer' retrieved from /opt/airflow/dags/silver_processing_dag.py
[2026-07-28T22:59:18.156+0000] {logging_mixin.py:188} INFO - [2026-07-28T22:59:18.155+0000] {dag.py:3096} INFO - Sync 1 DAGs
[2026-07-28T22:59:18.184+0000] {logging_mixin.py:188} INFO - [2026-07-28T22:59:18.183+0000] {dag.py:3954} INFO - Setting next_dagrun for process_silver_layer to None, run_after=None
[2026-07-28T22:59:18.223+0000] {processor.py:183} INFO - Processing /opt/airflow/dags/silver_processing_dag.py took 0.180 seconds
[2026-07-28T22:59:48.496+0000] {processor.py:161} INFO - Started process (PID=11376) to work on /opt/airflow/dags/silver_processing_dag.py
[2026-07-28T22:59:48.499+0000] {processor.py:830} INFO - Processing file /opt/airflow/dags/silver_processing_dag.py for tasks to queue
[2026-07-28T22:59:48.503+0000] {logging_mixin.py:188} INFO - [2026-07-28T22:59:48.502+0000] {dagbag.py:545} INFO - Filling up the DagBag from /opt/airflow/dags/silver_processing_dag.py
[2026-07-28T22:59:48.547+0000] {processor.py:840} INFO - DAG(s) 'process_silver_layer' retrieved from /opt/airflow/dags/silver_processing_dag.py
[2026-07-28T22:59:48.595+0000] {logging_mixin.py:188} INFO - [2026-07-28T22:59:48.595+0000] {dag.py:3096} INFO - Sync 1 DAGs
[2026-07-28T22:59:48.623+0000] {logging_mixin.py:188} INFO - [2026-07-28T22:59:48.622+0000] {dag.py:3954} INFO - Setting next_dagrun for process_silver_layer to None, run_after=None
[2026-07-28T22:59:48.661+0000] {processor.py:183} INFO - Processing /opt/airflow/dags/silver_processing_dag.py took 0.176 seconds
[2026-07-28T23:00:19.398+0000] {processor.py:161} INFO - Started process (PID=11393) to work on /opt/airflow/dags/silver_processing_dag.py
[2026-07-28T23:00:19.402+0000] {processor.py:830} INFO - Processing file /opt/airflow/dags/silver_processing_dag.py for tasks to queue
[2026-07-28T23:00:19.407+0000] {logging_mixin.py:188} INFO - [2026-07-28T23:00:19.406+0000] {dagbag.py:545} INFO - Filling up the DagBag from /opt/airflow/dags/silver_processing_dag.py
[2026-07-28T23:00:19.461+0000] {processor.py:840} INFO - DAG(s) 'process_silver_layer' retrieved from /opt/airflow/dags/silver_processing_dag.py
[2026-07-28T23:00:19.525+0000] {logging_mixin.py:188} INFO - [2026-07-28T23:00:19.524+0000] {dag.py:3096} INFO - Sync 1 DAGs
[2026-07-28T23:00:19.574+0000] {logging_mixin.py:188} INFO - [2026-07-28T23:00:19.573+0000] {dag.py:3954} INFO - Setting next_dagrun for process_silver_layer to None, run_after=None
[2026-07-28T23:00:19.627+0000] {processor.py:183} INFO - Processing /opt/airflow/dags/silver_processing_dag.py took 0.248 seconds
[2026-07-28T23:00:50.086+0000] {processor.py:161} INFO - Started process (PID=11465) to work on /opt/airflow/dags/silver_processing_dag.py
[2026-07-28T23:00:50.088+0000] {processor.py:830} INFO - Processing file /opt/airflow/dags/silver_processing_dag.py for tasks to queue
[2026-07-28T23:00:50.093+0000] {logging_mixin.py:188} INFO - [2026-07-28T23:00:50.092+0000] {dagbag.py:545} INFO - Filling up the DagBag from /opt/airflow/dags/silver_processing_dag.py
[2026-07-28T23:00:50.148+0000] {processor.py:840} INFO - DAG(s) 'process_silver_layer' retrieved from /opt/airflow/dags/silver_processing_dag.py
[2026-07-28T23:00:50.239+0000] {logging_mixin.py:188} INFO - [2026-07-28T23:00:50.238+0000] {dag.py:3096} INFO - Sync 1 DAGs
[2026-07-28T23:00:50.299+0000] {logging_mixin.py:188} INFO - [2026-07-28T23:00:50.297+0000] {dag.py:3954} INFO - Setting next_dagrun for process_silver_layer to None, run_after=None
[2026-07-28T23:00:50.427+0000] {processor.py:183} INFO - Processing /opt/airflow/dags/silver_processing_dag.py took 0.359 seconds
[2026-07-28T23:01:21.141+0000] {processor.py:161} INFO - Started process (PID=11563) to work on /opt/airflow/dags/silver_processing_dag.py
[2026-07-28T23:01:21.145+0000] {processor.py:830} INFO - Processing file /opt/airflow/dags/silver_processing_dag.py for tasks to queue
[2026-07-28T23:01:21.150+0000] {logging_mixin.py:188} INFO - [2026-07-28T23:01:21.148+0000] {dagbag.py:545} INFO - Filling up the DagBag from /opt/airflow/dags/silver_processing_dag.py
[2026-07-28T23:01:21.211+0000] {processor.py:840} INFO - DAG(s) 'process_silver_layer' retrieved from /opt/airflow/dags/silver_processing_dag.py
[2026-07-28T23:01:21.287+0000] {logging_mixin.py:188} INFO - [2026-07-28T23:01:21.286+0000] {dag.py:3096} INFO - Sync 1 DAGs
[2026-07-28T23:01:21.325+0000] {logging_mixin.py:188} INFO - [2026-07-28T23:01:21.324+0000] {dag.py:3954} INFO - Setting next_dagrun for process_silver_layer to None, run_after=None
[2026-07-28T23:01:21.371+0000] {processor.py:183} INFO - Processing /opt/airflow/dags/silver_processing_dag.py took 0.255 seconds
[2026-07-28T23:01:51.712+0000] {processor.py:161} INFO - Started process (PID=11679) to work on /opt/airflow/dags/silver_processing_dag.py
[2026-07-28T23:01:51.737+0000] {processor.py:830} INFO - Processing file /opt/airflow/dags/silver_processing_dag.py for tasks to queue
[2026-07-28T23:01:51.743+0000] {logging_mixin.py:188} INFO - [2026-07-28T23:01:51.742+0000] {dagbag.py:545} INFO - Filling up the DagBag from /opt/airflow/dags/silver_processing_dag.py
[2026-07-28T23:01:51.847+0000] {processor.py:840} INFO - DAG(s) 'process_silver_layer' retrieved from /opt/airflow/dags/silver_processing_dag.py
[2026-07-28T23:01:51.950+0000] {logging_mixin.py:188} INFO - [2026-07-28T23:01:51.950+0000] {dag.py:3096} INFO - Sync 1 DAGs
[2026-07-28T23:01:51.991+0000] {logging_mixin.py:188} INFO - [2026-07-28T23:01:51.990+0000] {dag.py:3954} INFO - Setting next_dagrun for process_silver_layer to None, run_after=None
[2026-07-28T23:01:52.152+0000] {processor.py:183} INFO - Processing /opt/airflow/dags/silver_processing_dag.py took 0.496 seconds
[2026-07-28T23:02:23.397+0000] {processor.py:161} INFO - Started process (PID=11775) to work on /opt/airflow/dags/silver_processing_dag.py
[2026-07-28T23:02:23.403+0000] {processor.py:830} INFO - Processing file /opt/airflow/dags/silver_processing_dag.py for tasks to queue
[2026-07-28T23:02:23.410+0000] {logging_mixin.py:188} INFO - [2026-07-28T23:02:23.409+0000] {dagbag.py:545} INFO - Filling up the DagBag from /opt/airflow/dags/silver_processing_dag.py
[2026-07-28T23:02:23.513+0000] {processor.py:840} INFO - DAG(s) 'process_silver_layer' retrieved from /opt/airflow/dags/silver_processing_dag.py
[2026-07-28T23:02:23.725+0000] {logging_mixin.py:188} INFO - [2026-07-28T23:02:23.717+0000] {dag.py:3096} INFO - Sync 1 DAGs
[2026-07-28T23:02:23.922+0000] {logging_mixin.py:188} INFO - [2026-07-28T23:02:23.921+0000] {dag.py:3954} INFO - Setting next_dagrun for process_silver_layer to None, run_after=None
[2026-07-28T23:02:24.166+0000] {processor.py:183} INFO - Processing /opt/airflow/dags/silver_processing_dag.py took 0.804 seconds
[2026-07-28T23:02:54.373+0000] {processor.py:161} INFO - Started process (PID=11804) to work on /opt/airflow/dags/silver_processing_dag.py
[2026-07-28T23:02:54.377+0000] {processor.py:830} INFO - Processing file /opt/airflow/dags/silver_processing_dag.py for tasks to queue
[2026-07-28T23:02:54.382+0000] {logging_mixin.py:188} INFO - [2026-07-28T23:02:54.381+0000] {dagbag.py:545} INFO - Filling up the DagBag from /opt/airflow/dags/silver_processing_dag.py
[2026-07-28T23:02:54.464+0000] {processor.py:840} INFO - DAG(s) 'process_silver_layer' retrieved from /opt/airflow/dags/silver_processing_dag.py
[2026-07-28T23:02:54.567+0000] {logging_mixin.py:188} INFO - [2026-07-28T23:02:54.566+0000] {dag.py:3096} INFO - Sync 1 DAGs
[2026-07-28T23:02:54.608+0000] {logging_mixin.py:188} INFO - [2026-07-28T23:02:54.608+0000] {dag.py:3954} INFO - Setting next_dagrun for process_silver_layer to None, run_after=None
[2026-07-28T23:02:54.768+0000] {processor.py:183} INFO - Processing /opt/airflow/dags/silver_processing_dag.py took 0.414 seconds
[2026-07-28T23:03:25.350+0000] {processor.py:161} INFO - Started process (PID=11893) to work on /opt/airflow/dags/silver_processing_dag.py
[2026-07-28T23:03:25.354+0000] {processor.py:830} INFO - Processing file /opt/airflow/dags/silver_processing_dag.py for tasks to queue
[2026-07-28T23:03:25.358+0000] {logging_mixin.py:188} INFO - [2026-07-28T23:03:25.356+0000] {dagbag.py:545} INFO - Filling up the DagBag from /opt/airflow/dags/silver_processing_dag.py
[2026-07-28T23:03:25.402+0000] {processor.py:840} INFO - DAG(s) 'process_silver_layer' retrieved from /opt/airflow/dags/silver_processing_dag.py
[2026-07-28T23:03:25.448+0000] {logging_mixin.py:188} INFO - [2026-07-28T23:03:25.448+0000] {dag.py:3096} INFO - Sync 1 DAGs
[2026-07-28T23:03:25.483+0000] {logging_mixin.py:188} INFO - [2026-07-28T23:03:25.483+0000] {dag.py:3954} INFO - Setting next_dagrun for process_silver_layer to None, run_after=None
[2026-07-28T23:03:25.532+0000] {processor.py:183} INFO - Processing /opt/airflow/dags/silver_processing_dag.py took 0.212 seconds
[2026-07-28T23:03:56.144+0000] {processor.py:161} INFO - Started process (PID=11954) to work on /opt/airflow/dags/silver_processing_dag.py
[2026-07-28T23:03:56.149+0000] {processor.py:830} INFO - Processing file /opt/airflow/dags/silver_processing_dag.py for tasks to queue
[2026-07-28T23:03:56.153+0000] {logging_mixin.py:188} INFO - [2026-07-28T23:03:56.152+0000] {dagbag.py:545} INFO - Filling up the DagBag from /opt/airflow/dags/silver_processing_dag.py
[2026-07-28T23:03:56.222+0000] {processor.py:840} INFO - DAG(s) 'process_silver_layer' retrieved from /opt/airflow/dags/silver_processing_dag.py
[2026-07-28T23:03:56.408+0000] {logging_mixin.py:188} INFO - [2026-07-28T23:03:56.407+0000] {dag.py:3096} INFO - Sync 1 DAGs
[2026-07-28T23:03:56.506+0000] {logging_mixin.py:188} INFO - [2026-07-28T23:03:56.505+0000] {dag.py:3954} INFO - Setting next_dagrun for process_silver_layer to None, run_after=None
[2026-07-28T23:03:56.676+0000] {processor.py:183} INFO - Processing /opt/airflow/dags/silver_processing_dag.py took 0.556 seconds
[2026-07-28T23:04:27.290+0000] {processor.py:161} INFO - Started process (PID=12078) to work on /opt/airflow/dags/silver_processing_dag.py
[2026-07-28T23:04:27.294+0000] {processor.py:830} INFO - Processing file /opt/airflow/dags/silver_processing_dag.py for tasks to queue
[2026-07-28T23:04:27.299+0000] {logging_mixin.py:188} INFO - [2026-07-28T23:04:27.298+0000] {dagbag.py:545} INFO - Filling up the DagBag from /opt/airflow/dags/silver_processing_dag.py
[2026-07-28T23:04:27.440+0000] {processor.py:840} INFO - DAG(s) 'process_silver_layer' retrieved from /opt/airflow/dags/silver_processing_dag.py
[2026-07-28T23:04:27.538+0000] {logging_mixin.py:188} INFO - [2026-07-28T23:04:27.537+0000] {dag.py:3096} INFO - Sync 1 DAGs
[2026-07-28T23:04:27.616+0000] {logging_mixin.py:188} INFO - [2026-07-28T23:04:27.615+0000] {dag.py:3954} INFO - Setting next_dagrun for process_silver_layer to None, run_after=None
[2026-07-28T23:04:27.770+0000] {processor.py:183} INFO - Processing /opt/airflow/dags/silver_processing_dag.py took 0.504 seconds
[2026-07-28T23:04:58.319+0000] {processor.py:161} INFO - Started process (PID=12696) to work on /opt/airflow/dags/silver_processing_dag.py
[2026-07-28T23:04:58.326+0000] {processor.py:830} INFO - Processing file /opt/airflow/dags/silver_processing_dag.py for tasks to queue
[2026-07-28T23:04:58.333+0000] {logging_mixin.py:188} INFO - [2026-07-28T23:04:58.332+0000] {dagbag.py:545} INFO - Filling up the DagBag from /opt/airflow/dags/silver_processing_dag.py
[2026-07-28T23:04:58.417+0000] {processor.py:840} INFO - DAG(s) 'process_silver_layer' retrieved from /opt/airflow/dags/silver_processing_dag.py
[2026-07-28T23:04:58.501+0000] {logging_mixin.py:188} INFO - [2026-07-28T23:04:58.501+0000] {dag.py:3096} INFO - Sync 1 DAGs
[2026-07-28T23:04:58.549+0000] {logging_mixin.py:188} INFO - [2026-07-28T23:04:58.548+0000] {dag.py:3954} INFO - Setting next_dagrun for process_silver_layer to None, run_after=None
[2026-07-28T23:04:58.749+0000] {processor.py:183} INFO - Processing /opt/airflow/dags/silver_processing_dag.py took 0.464 seconds
[2026-07-28T23:05:29.854+0000] {processor.py:161} INFO - Started process (PID=12776) to work on /opt/airflow/dags/silver_processing_dag.py
[2026-07-28T23:05:29.859+0000] {processor.py:830} INFO - Processing file /opt/airflow/dags/silver_processing_dag.py for tasks to queue
[2026-07-28T23:05:29.873+0000] {logging_mixin.py:188} INFO - [2026-07-28T23:05:29.871+0000] {dagbag.py:545} INFO - Filling up the DagBag from /opt/airflow/dags/silver_processing_dag.py
[2026-07-28T23:05:30.198+0000] {processor.py:840} INFO - DAG(s) 'process_silver_layer' retrieved from /opt/airflow/dags/silver_processing_dag.py
[2026-07-28T23:05:30.378+0000] {logging_mixin.py:188} INFO - [2026-07-28T23:05:30.377+0000] {dag.py:3096} INFO - Sync 1 DAGs
[2026-07-28T23:05:30.494+0000] {logging_mixin.py:188} INFO - [2026-07-28T23:05:30.494+0000] {dag.py:3954} INFO - Setting next_dagrun for process_silver_layer to None, run_after=None
[2026-07-28T23:05:30.593+0000] {processor.py:183} INFO - Processing /opt/airflow/dags/silver_processing_dag.py took 0.809 seconds
[2026-07-28T23:06:01.214+0000] {processor.py:161} INFO - Started process (PID=12842) to work on /opt/airflow/dags/silver_processing_dag.py
[2026-07-28T23:06:01.244+0000] {processor.py:830} INFO - Processing file /opt/airflow/dags/silver_processing_dag.py for tasks to queue
[2026-07-28T23:06:01.285+0000] {logging_mixin.py:188} INFO - [2026-07-28T23:06:01.260+0000] {dagbag.py:545} INFO - Filling up the DagBag from /opt/airflow/dags/silver_processing_dag.py
[2026-07-28T23:06:01.521+0000] {processor.py:840} INFO - DAG(s) 'process_silver_layer' retrieved from /opt/airflow/dags/silver_processing_dag.py
[2026-07-28T23:06:01.770+0000] {logging_mixin.py:188} INFO - [2026-07-28T23:06:01.769+0000] {dag.py:3096} INFO - Sync 1 DAGs
[2026-07-28T23:06:02.209+0000] {logging_mixin.py:188} INFO - [2026-07-28T23:06:02.208+0000] {dag.py:3954} INFO - Setting next_dagrun for process_silver_layer to None, run_after=None
[2026-07-28T23:06:02.422+0000] {processor.py:183} INFO - Processing /opt/airflow/dags/silver_processing_dag.py took 1.331 seconds
[2026-07-28T23:06:33.000+0000] {processor.py:161} INFO - Started process (PID=12933) to work on /opt/airflow/dags/silver_processing_dag.py
[2026-07-28T23:06:33.007+0000] {processor.py:830} INFO - Processing file /opt/airflow/dags/silver_processing_dag.py for tasks to queue
[2026-07-28T23:06:33.012+0000] {logging_mixin.py:188} INFO - [2026-07-28T23:06:33.011+0000] {dagbag.py:545} INFO - Filling up the DagBag from /opt/airflow/dags/silver_processing_dag.py
[2026-07-28T23:06:33.081+0000] {processor.py:840} INFO - DAG(s) 'process_silver_layer' retrieved from /opt/airflow/dags/silver_processing_dag.py
[2026-07-28T23:06:33.245+0000] {logging_mixin.py:188} INFO - [2026-07-28T23:06:33.244+0000] {dag.py:3096} INFO - Sync 1 DAGs
[2026-07-28T23:06:33.322+0000] {logging_mixin.py:188} INFO - [2026-07-28T23:06:33.321+0000] {dag.py:3954} INFO - Setting next_dagrun for process_silver_layer to None, run_after=None
[2026-07-28T23:06:34.206+0000] {processor.py:183} INFO - Processing /opt/airflow/dags/silver_processing_dag.py took 1.233 seconds
[2026-07-28T23:07:04.397+0000] {processor.py:161} INFO - Started process (PID=13004) to work on /opt/airflow/dags/silver_processing_dag.py
[2026-07-28T23:07:04.400+0000] {processor.py:830} INFO - Processing file /opt/airflow/dags/silver_processing_dag.py for tasks to queue
[2026-07-28T23:07:04.404+0000] {logging_mixin.py:188} INFO - [2026-07-28T23:07:04.402+0000] {dagbag.py:545} INFO - Filling up the DagBag from /opt/airflow/dags/silver_processing_dag.py
[2026-07-28T23:07:04.495+0000] {processor.py:840} INFO - DAG(s) 'process_silver_layer' retrieved from /opt/airflow/dags/silver_processing_dag.py
[2026-07-28T23:07:04.591+0000] {logging_mixin.py:188} INFO - [2026-07-28T23:07:04.590+0000] {dag.py:3096} INFO - Sync 1 DAGs
[2026-07-28T23:07:04.616+0000] {logging_mixin.py:188} INFO - [2026-07-28T23:07:04.616+0000] {dag.py:3954} INFO - Setting next_dagrun for process_silver_layer to None, run_after=None
[2026-07-28T23:07:04.656+0000] {processor.py:183} INFO - Processing /opt/airflow/dags/silver_processing_dag.py took 0.284 seconds
[2026-07-28T23:07:35.469+0000] {processor.py:161} INFO - Started process (PID=13019) to work on /opt/airflow/dags/silver_processing_dag.py
[2026-07-28T23:07:35.479+0000] {processor.py:830} INFO - Processing file /opt/airflow/dags/silver_processing_dag.py for tasks to queue
[2026-07-28T23:07:35.487+0000] {logging_mixin.py:188} INFO - [2026-07-28T23:07:35.484+0000] {dagbag.py:545} INFO - Filling up the DagBag from /opt/airflow/dags/silver_processing_dag.py
[2026-07-28T23:07:35.790+0000] {processor.py:840} INFO - DAG(s) 'process_silver_layer' retrieved from /opt/airflow/dags/silver_processing_dag.py
[2026-07-28T23:07:35.930+0000] {logging_mixin.py:188} INFO - [2026-07-28T23:07:35.929+0000] {dag.py:3096} INFO - Sync 1 DAGs
[2026-07-28T23:07:36.021+0000] {logging_mixin.py:188} INFO - [2026-07-28T23:07:36.021+0000] {dag.py:3954} INFO - Setting next_dagrun for process_silver_layer to None, run_after=None
[2026-07-28T23:07:36.194+0000] {processor.py:183} INFO - Processing /opt/airflow/dags/silver_processing_dag.py took 0.821 seconds
[2026-07-28T23:08:06.410+0000] {processor.py:161} INFO - Started process (PID=13034) to work on /opt/airflow/dags/silver_processing_dag.py
[2026-07-28T23:08:06.421+0000] {processor.py:830} INFO - Processing file /opt/airflow/dags/silver_processing_dag.py for tasks to queue
[2026-07-28T23:08:06.425+0000] {logging_mixin.py:188} INFO - [2026-07-28T23:08:06.424+0000] {dagbag.py:545} INFO - Filling up the DagBag from /opt/airflow/dags/silver_processing_dag.py
[2026-07-28T23:08:06.474+0000] {processor.py:840} INFO - DAG(s) 'process_silver_layer' retrieved from /opt/airflow/dags/silver_processing_dag.py
[2026-07-28T23:08:06.527+0000] {logging_mixin.py:188} INFO - [2026-07-28T23:08:06.526+0000] {dag.py:3096} INFO - Sync 1 DAGs
[2026-07-28T23:08:06.552+0000] {logging_mixin.py:188} INFO - [2026-07-28T23:08:06.551+0000] {dag.py:3954} INFO - Setting next_dagrun for process_silver_layer to None, run_after=None
[2026-07-28T23:08:06.813+0000] {processor.py:183} INFO - Processing /opt/airflow/dags/silver_processing_dag.py took 0.474 seconds
[2026-07-28T23:08:37.206+0000] {processor.py:161} INFO - Started process (PID=13051) to work on /opt/airflow/dags/silver_processing_dag.py
[2026-07-28T23:08:37.210+0000] {processor.py:830} INFO - Processing file /opt/airflow/dags/silver_processing_dag.py for tasks to queue
[2026-07-28T23:08:37.218+0000] {logging_mixin.py:188} INFO - [2026-07-28T23:08:37.215+0000] {dagbag.py:545} INFO - Filling up the DagBag from /opt/airflow/dags/silver_processing_dag.py
[2026-07-28T23:08:37.320+0000] {processor.py:840} INFO - DAG(s) 'process_silver_layer' retrieved from /opt/airflow/dags/silver_processing_dag.py
[2026-07-28T23:08:37.388+0000] {logging_mixin.py:188} INFO - [2026-07-28T23:08:37.388+0000] {dag.py:3096} INFO - Sync 1 DAGs
[2026-07-28T23:08:37.418+0000] {logging_mixin.py:188} INFO - [2026-07-28T23:08:37.418+0000] {dag.py:3954} INFO - Setting next_dagrun for process_silver_layer to None, run_after=None
[2026-07-28T23:08:37.463+0000] {processor.py:183} INFO - Processing /opt/airflow/dags/silver_processing_dag.py took 0.300 seconds
[2026-07-28T23:09:07.696+0000] {processor.py:161} INFO - Started process (PID=13064) to work on /opt/airflow/dags/silver_processing_dag.py
[2026-07-28T23:09:07.700+0000] {processor.py:830} INFO - Processing file /opt/airflow/dags/silver_processing_dag.py for tasks to queue
[2026-07-28T23:09:07.704+0000] {logging_mixin.py:188} INFO - [2026-07-28T23:09:07.702+0000] {dagbag.py:545} INFO - Filling up the DagBag from /opt/airflow/dags/silver_processing_dag.py
[2026-07-28T23:09:07.771+0000] {processor.py:840} INFO - DAG(s) 'process_silver_layer' retrieved from /opt/airflow/dags/silver_processing_dag.py
[2026-07-28T23:09:07.811+0000] {logging_mixin.py:188} INFO - [2026-07-28T23:09:07.811+0000] {dag.py:3096} INFO - Sync 1 DAGs
[2026-07-28T23:09:07.835+0000] {logging_mixin.py:188} INFO - [2026-07-28T23:09:07.835+0000] {dag.py:3954} INFO - Setting next_dagrun for process_silver_layer to None, run_after=None
[2026-07-28T23:09:07.879+0000] {processor.py:183} INFO - Processing /opt/airflow/dags/silver_processing_dag.py took 0.202 seconds
[2026-07-28T23:09:38.349+0000] {processor.py:161} INFO - Started process (PID=13079) to work on /opt/airflow/dags/silver_processing_dag.py
[2026-07-28T23:09:38.352+0000] {processor.py:830} INFO - Processing file /opt/airflow/dags/silver_processing_dag.py for tasks to queue
[2026-07-28T23:09:38.358+0000] {logging_mixin.py:188} INFO - [2026-07-28T23:09:38.356+0000] {dagbag.py:545} INFO - Filling up the DagBag from /opt/airflow/dags/silver_processing_dag.py
[2026-07-28T23:09:38.400+0000] {processor.py:840} INFO - DAG(s) 'process_silver_layer' retrieved from /opt/airflow/dags/silver_processing_dag.py
[2026-07-28T23:09:38.460+0000] {logging_mixin.py:188} INFO - [2026-07-28T23:09:38.460+0000] {dag.py:3096} INFO - Sync 1 DAGs
[2026-07-28T23:09:38.500+0000] {logging_mixin.py:188} INFO - [2026-07-28T23:09:38.500+0000] {dag.py:3954} INFO - Setting next_dagrun for process_silver_layer to None, run_after=None
[2026-07-28T23:09:38.558+0000] {processor.py:183} INFO - Processing /opt/airflow/dags/silver_processing_dag.py took 0.225 seconds
[2026-07-28T23:10:08.817+0000] {processor.py:161} INFO - Started process (PID=13094) to work on /opt/airflow/dags/silver_processing_dag.py
[2026-07-28T23:10:08.819+0000] {processor.py:830} INFO - Processing file /opt/airflow/dags/silver_processing_dag.py for tasks to queue
[2026-07-28T23:10:08.823+0000] {logging_mixin.py:188} INFO - [2026-07-28T23:10:08.822+0000] {dagbag.py:545} INFO - Filling up the DagBag from /opt/airflow/dags/silver_processing_dag.py
[2026-07-28T23:10:08.869+0000] {processor.py:840} INFO - DAG(s) 'process_silver_layer' retrieved from /opt/airflow/dags/silver_processing_dag.py
[2026-07-28T23:10:08.928+0000] {logging_mixin.py:188} INFO - [2026-07-28T23:10:08.926+0000] {dag.py:3096} INFO - Sync 1 DAGs
[2026-07-28T23:10:08.967+0000] {logging_mixin.py:188} INFO - [2026-07-28T23:10:08.967+0000] {dag.py:3954} INFO - Setting next_dagrun for process_silver_layer to None, run_after=None
[2026-07-28T23:10:09.017+0000] {processor.py:183} INFO - Processing /opt/airflow/dags/silver_processing_dag.py took 0.216 seconds
[2026-07-28T23:10:39.142+0000] {processor.py:161} INFO - Started process (PID=13109) to work on /opt/airflow/dags/silver_processing_dag.py
[2026-07-28T23:10:39.145+0000] {processor.py:830} INFO - Processing file /opt/airflow/dags/silver_processing_dag.py for tasks to queue
[2026-07-28T23:10:39.148+0000] {logging_mixin.py:188} INFO - [2026-07-28T23:10:39.147+0000] {dagbag.py:545} INFO - Filling up the DagBag from /opt/airflow/dags/silver_processing_dag.py
[2026-07-28T23:10:39.195+0000] {processor.py:840} INFO - DAG(s) 'process_silver_layer' retrieved from /opt/airflow/dags/silver_processing_dag.py
[2026-07-28T23:10:39.299+0000] {logging_mixin.py:188} INFO - [2026-07-28T23:10:39.298+0000] {dag.py:3096} INFO - Sync 1 DAGs
[2026-07-28T23:10:39.334+0000] {logging_mixin.py:188} INFO - [2026-07-28T23:10:39.333+0000] {dag.py:3954} INFO - Setting next_dagrun for process_silver_layer to None, run_after=None
[2026-07-28T23:10:39.376+0000] {processor.py:183} INFO - Processing /opt/airflow/dags/silver_processing_dag.py took 0.255 seconds
[2026-07-28T23:11:09.594+0000] {processor.py:161} INFO - Started process (PID=13124) to work on /opt/airflow/dags/silver_processing_dag.py
[2026-07-28T23:11:09.597+0000] {processor.py:830} INFO - Processing file /opt/airflow/dags/silver_processing_dag.py for tasks to queue
[2026-07-28T23:11:09.600+0000] {logging_mixin.py:188} INFO - [2026-07-28T23:11:09.599+0000] {dagbag.py:545} INFO - Filling up the DagBag from /opt/airflow/dags/silver_processing_dag.py
[2026-07-28T23:11:09.650+0000] {processor.py:840} INFO - DAG(s) 'process_silver_layer' retrieved from /opt/airflow/dags/silver_processing_dag.py
[2026-07-28T23:11:09.723+0000] {logging_mixin.py:188} INFO - [2026-07-28T23:11:09.722+0000] {dag.py:3096} INFO - Sync 1 DAGs
[2026-07-28T23:11:09.772+0000] {logging_mixin.py:188} INFO - [2026-07-28T23:11:09.771+0000] {dag.py:3954} INFO - Setting next_dagrun for process_silver_layer to None, run_after=None
[2026-07-28T23:11:09.825+0000] {processor.py:183} INFO - Processing /opt/airflow/dags/silver_processing_dag.py took 0.251 seconds
[2026-07-28T23:11:40.401+0000] {processor.py:161} INFO - Started process (PID=13139) to work on /opt/airflow/dags/silver_processing_dag.py
[2026-07-28T23:11:40.403+0000] {processor.py:830} INFO - Processing file /opt/airflow/dags/silver_processing_dag.py for tasks to queue
[2026-07-28T23:11:40.407+0000] {logging_mixin.py:188} INFO - [2026-07-28T23:11:40.406+0000] {dagbag.py:545} INFO - Filling up the DagBag from /opt/airflow/dags/silver_processing_dag.py
[2026-07-28T23:11:40.459+0000] {processor.py:840} INFO - DAG(s) 'process_silver_layer' retrieved from /opt/airflow/dags/silver_processing_dag.py
[2026-07-28T23:11:40.544+0000] {logging_mixin.py:188} INFO - [2026-07-28T23:11:40.544+0000] {dag.py:3096} INFO - Sync 1 DAGs
[2026-07-28T23:11:40.577+0000] {logging_mixin.py:188} INFO - [2026-07-28T23:11:40.577+0000] {dag.py:3954} INFO - Setting next_dagrun for process_silver_layer to None, run_after=None
[2026-07-28T23:11:40.640+0000] {processor.py:183} INFO - Processing /opt/airflow/dags/silver_processing_dag.py took 0.256 seconds
[2026-07-28T23:12:10.896+0000] {processor.py:161} INFO - Started process (PID=13154) to work on /opt/airflow/dags/silver_processing_dag.py
[2026-07-28T23:12:10.899+0000] {processor.py:830} INFO - Processing file /opt/airflow/dags/silver_processing_dag.py for tasks to queue
[2026-07-28T23:12:10.902+0000] {logging_mixin.py:188} INFO - [2026-07-28T23:12:10.902+0000] {dagbag.py:545} INFO - Filling up the DagBag from /opt/airflow/dags/silver_processing_dag.py
[2026-07-28T23:12:10.943+0000] {processor.py:840} INFO - DAG(s) 'process_silver_layer' retrieved from /opt/airflow/dags/silver_processing_dag.py
[2026-07-28T23:12:10.999+0000] {logging_mixin.py:188} INFO - [2026-07-28T23:12:10.999+0000] {dag.py:3096} INFO - Sync 1 DAGs
[2026-07-28T23:12:11.032+0000] {logging_mixin.py:188} INFO - [2026-07-28T23:12:11.032+0000] {dag.py:3954} INFO - Setting next_dagrun for process_silver_layer to None, run_after=None
[2026-07-28T23:12:11.082+0000] {processor.py:183} INFO - Processing /opt/airflow/dags/silver_processing_dag.py took 0.207 seconds
[2026-07-28T23:12:41.400+0000] {processor.py:161} INFO - Started process (PID=13169) to work on /opt/airflow/dags/silver_processing_dag.py
[2026-07-28T23:12:41.403+0000] {processor.py:830} INFO - Processing file /opt/airflow/dags/silver_processing_dag.py for tasks to queue
[2026-07-28T23:12:41.406+0000] {logging_mixin.py:188} INFO - [2026-07-28T23:12:41.406+0000] {dagbag.py:545} INFO - Filling up the DagBag from /opt/airflow/dags/silver_processing_dag.py
[2026-07-28T23:12:41.455+0000] {processor.py:840} INFO - DAG(s) 'process_silver_layer' retrieved from /opt/airflow/dags/silver_processing_dag.py
[2026-07-28T23:12:41.516+0000] {logging_mixin.py:188} INFO - [2026-07-28T23:12:41.515+0000] {dag.py:3096} INFO - Sync 1 DAGs
[2026-07-28T23:12:41.556+0000] {logging_mixin.py:188} INFO - [2026-07-28T23:12:41.555+0000] {dag.py:3954} INFO - Setting next_dagrun for process_silver_layer to None, run_after=None
[2026-07-28T23:12:41.921+0000] {processor.py:183} INFO - Processing /opt/airflow/dags/silver_processing_dag.py took 0.539 seconds
[2026-07-28T23:13:12.627+0000] {processor.py:161} INFO - Started process (PID=13184) to work on /opt/airflow/dags/silver_processing_dag.py
[2026-07-28T23:13:12.638+0000] {processor.py:830} INFO - Processing file /opt/airflow/dags/silver_processing_dag.py for tasks to queue
[2026-07-28T23:13:12.677+0000] {logging_mixin.py:188} INFO - [2026-07-28T23:13:12.660+0000] {dagbag.py:545} INFO - Filling up the DagBag from /opt/airflow/dags/silver_processing_dag.py
[2026-07-28T23:13:12.920+0000] {processor.py:840} INFO - DAG(s) 'process_silver_layer' retrieved from /opt/airflow/dags/silver_processing_dag.py
[2026-07-28T23:13:13.034+0000] {logging_mixin.py:188} INFO - [2026-07-28T23:13:13.033+0000] {dag.py:3096} INFO - Sync 1 DAGs
[2026-07-28T23:13:13.107+0000] {logging_mixin.py:188} INFO - [2026-07-28T23:13:13.106+0000] {dag.py:3954} INFO - Setting next_dagrun for process_silver_layer to None, run_after=None
[2026-07-28T23:13:13.206+0000] {processor.py:183} INFO - Processing /opt/airflow/dags/silver_processing_dag.py took 0.668 seconds
[2026-07-28T23:13:43.636+0000] {processor.py:161} INFO - Started process (PID=13199) to work on /opt/airflow/dags/silver_processing_dag.py
[2026-07-28T23:13:43.638+0000] {processor.py:830} INFO - Processing file /opt/airflow/dags/silver_processing_dag.py for tasks to queue
[2026-07-28T23:13:43.642+0000] {logging_mixin.py:188} INFO - [2026-07-28T23:13:43.641+0000] {dagbag.py:545} INFO - Filling up the DagBag from /opt/airflow/dags/silver_processing_dag.py
[2026-07-28T23:13:43.693+0000] {processor.py:840} INFO - DAG(s) 'process_silver_layer' retrieved from /opt/airflow/dags/silver_processing_dag.py
[2026-07-28T23:13:43.744+0000] {logging_mixin.py:188} INFO - [2026-07-28T23:13:43.744+0000] {dag.py:3096} INFO - Sync 1 DAGs
[2026-07-28T23:13:43.772+0000] {logging_mixin.py:188} INFO - [2026-07-28T23:13:43.771+0000] {dag.py:3954} INFO - Setting next_dagrun for process_silver_layer to None, run_after=None
[2026-07-28T23:13:43.818+0000] {processor.py:183} INFO - Processing /opt/airflow/dags/silver_processing_dag.py took 0.200 seconds
[2026-07-28T23:14:14.112+0000] {processor.py:161} INFO - Started process (PID=13214) to work on /opt/airflow/dags/silver_processing_dag.py
[2026-07-28T23:14:14.115+0000] {processor.py:830} INFO - Processing file /opt/airflow/dags/silver_processing_dag.py for tasks to queue
[2026-07-28T23:14:14.118+0000] {logging_mixin.py:188} INFO - [2026-07-28T23:14:14.118+0000] {dagbag.py:545} INFO - Filling up the DagBag from /opt/airflow/dags/silver_processing_dag.py
[2026-07-28T23:14:14.168+0000] {processor.py:840} INFO - DAG(s) 'process_silver_layer' retrieved from /opt/airflow/dags/silver_processing_dag.py
[2026-07-28T23:14:14.223+0000] {logging_mixin.py:188} INFO - [2026-07-28T23:14:14.222+0000] {dag.py:3096} INFO - Sync 1 DAGs
[2026-07-28T23:14:14.301+0000] {logging_mixin.py:188} INFO - [2026-07-28T23:14:14.301+0000] {dag.py:3954} INFO - Setting next_dagrun for process_silver_layer to None, run_after=None
[2026-07-28T23:14:14.351+0000] {processor.py:183} INFO - Processing /opt/airflow/dags/silver_processing_dag.py took 0.270 seconds
[2026-07-28T23:14:44.514+0000] {processor.py:161} INFO - Started process (PID=13226) to work on /opt/airflow/dags/silver_processing_dag.py
[2026-07-28T23:14:44.518+0000] {processor.py:830} INFO - Processing file /opt/airflow/dags/silver_processing_dag.py for tasks to queue
[2026-07-28T23:14:44.521+0000] {logging_mixin.py:188} INFO - [2026-07-28T23:14:44.520+0000] {dagbag.py:545} INFO - Filling up the DagBag from /opt/airflow/dags/silver_processing_dag.py
[2026-07-28T23:14:44.570+0000] {processor.py:840} INFO - DAG(s) 'process_silver_layer' retrieved from /opt/airflow/dags/silver_processing_dag.py
[2026-07-28T23:14:44.621+0000] {logging_mixin.py:188} INFO - [2026-07-28T23:14:44.621+0000] {dag.py:3096} INFO - Sync 1 DAGs
[2026-07-28T23:14:44.656+0000] {logging_mixin.py:188} INFO - [2026-07-28T23:14:44.656+0000] {dag.py:3954} INFO - Setting next_dagrun for process_silver_layer to None, run_after=None
[2026-07-28T23:14:44.712+0000] {processor.py:183} INFO - Processing /opt/airflow/dags/silver_processing_dag.py took 0.214 seconds
[2026-07-28T23:15:15.080+0000] {processor.py:161} INFO - Started process (PID=13241) to work on /opt/airflow/dags/silver_processing_dag.py
[2026-07-28T23:15:15.083+0000] {processor.py:830} INFO - Processing file /opt/airflow/dags/silver_processing_dag.py for tasks to queue
[2026-07-28T23:15:15.086+0000] {logging_mixin.py:188} INFO - [2026-07-28T23:15:15.085+0000] {dagbag.py:545} INFO - Filling up the DagBag from /opt/airflow/dags/silver_processing_dag.py
[2026-07-28T23:15:15.123+0000] {processor.py:840} INFO - DAG(s) 'process_silver_layer' retrieved from /opt/airflow/dags/silver_processing_dag.py
[2026-07-28T23:15:15.167+0000] {logging_mixin.py:188} INFO - [2026-07-28T23:15:15.166+0000] {dag.py:3096} INFO - Sync 1 DAGs
[2026-07-28T23:15:15.200+0000] {logging_mixin.py:188} INFO - [2026-07-28T23:15:15.199+0000] {dag.py:3954} INFO - Setting next_dagrun for process_silver_layer to None, run_after=None
[2026-07-28T23:15:15.281+0000] {processor.py:183} INFO - Processing /opt/airflow/dags/silver_processing_dag.py took 0.214 seconds
[2026-07-28T23:15:45.952+0000] {processor.py:161} INFO - Started process (PID=13259) to work on /opt/airflow/dags/silver_processing_dag.py
[2026-07-28T23:15:45.954+0000] {processor.py:830} INFO - Processing file /opt/airflow/dags/silver_processing_dag.py for tasks to queue
[2026-07-28T23:15:45.958+0000] {logging_mixin.py:188} INFO - [2026-07-28T23:15:45.957+0000] {dagbag.py:545} INFO - Filling up the DagBag from /opt/airflow/dags/silver_processing_dag.py
[2026-07-28T23:15:46.004+0000] {processor.py:840} INFO - DAG(s) 'process_silver_layer' retrieved from /opt/airflow/dags/silver_processing_dag.py
[2026-07-28T23:15:46.063+0000] {logging_mixin.py:188} INFO - [2026-07-28T23:15:46.063+0000] {dag.py:3096} INFO - Sync 1 DAGs
[2026-07-28T23:15:46.130+0000] {logging_mixin.py:188} INFO - [2026-07-28T23:15:46.129+0000] {dag.py:3954} INFO - Setting next_dagrun for process_silver_layer to None, run_after=None
[2026-07-28T23:15:46.191+0000] {processor.py:183} INFO - Processing /opt/airflow/dags/silver_processing_dag.py took 0.256 seconds
[2026-07-28T23:16:16.478+0000] {processor.py:161} INFO - Started process (PID=13274) to work on /opt/airflow/dags/silver_processing_dag.py
[2026-07-28T23:16:16.480+0000] {processor.py:830} INFO - Processing file /opt/airflow/dags/silver_processing_dag.py for tasks to queue
[2026-07-28T23:16:16.484+0000] {logging_mixin.py:188} INFO - [2026-07-28T23:16:16.483+0000] {dagbag.py:545} INFO - Filling up the DagBag from /opt/airflow/dags/silver_processing_dag.py
[2026-07-28T23:16:16.525+0000] {processor.py:840} INFO - DAG(s) 'process_silver_layer' retrieved from /opt/airflow/dags/silver_processing_dag.py
[2026-07-28T23:16:16.580+0000] {logging_mixin.py:188} INFO - [2026-07-28T23:16:16.579+0000] {dag.py:3096} INFO - Sync 1 DAGs
[2026-07-28T23:16:16.621+0000] {logging_mixin.py:188} INFO - [2026-07-28T23:16:16.621+0000] {dag.py:3954} INFO - Setting next_dagrun for process_silver_layer to None, run_after=None
[2026-07-28T23:16:16.673+0000] {processor.py:183} INFO - Processing /opt/airflow/dags/silver_processing_dag.py took 0.211 seconds
[2026-07-28T23:16:47.083+0000] {processor.py:161} INFO - Started process (PID=13289) to work on /opt/airflow/dags/silver_processing_dag.py
[2026-07-28T23:16:47.086+0000] {processor.py:830} INFO - Processing file /opt/airflow/dags/silver_processing_dag.py for tasks to queue
[2026-07-28T23:16:47.090+0000] {logging_mixin.py:188} INFO - [2026-07-28T23:16:47.089+0000] {dagbag.py:545} INFO - Filling up the DagBag from /opt/airflow/dags/silver_processing_dag.py
[2026-07-28T23:16:47.144+0000] {processor.py:840} INFO - DAG(s) 'process_silver_layer' retrieved from /opt/airflow/dags/silver_processing_dag.py
[2026-07-28T23:16:47.226+0000] {logging_mixin.py:188} INFO - [2026-07-28T23:16:47.224+0000] {dag.py:3096} INFO - Sync 1 DAGs
[2026-07-28T23:16:47.285+0000] {logging_mixin.py:188} INFO - [2026-07-28T23:16:47.284+0000] {dag.py:3954} INFO - Setting next_dagrun for process_silver_layer to None, run_after=None
[2026-07-28T23:16:47.348+0000] {processor.py:183} INFO - Processing /opt/airflow/dags/silver_processing_dag.py took 0.279 seconds
[2026-07-28T23:17:17.654+0000] {processor.py:161} INFO - Started process (PID=13304) to work on /opt/airflow/dags/silver_processing_dag.py
[2026-07-28T23:17:17.659+0000] {processor.py:830} INFO - Processing file /opt/airflow/dags/silver_processing_dag.py for tasks to queue
[2026-07-28T23:17:17.662+0000] {logging_mixin.py:188} INFO - [2026-07-28T23:17:17.661+0000] {dagbag.py:545} INFO - Filling up the DagBag from /opt/airflow/dags/silver_processing_dag.py
[2026-07-28T23:17:17.708+0000] {processor.py:840} INFO - DAG(s) 'process_silver_layer' retrieved from /opt/airflow/dags/silver_processing_dag.py
[2026-07-28T23:17:17.761+0000] {logging_mixin.py:188} INFO - [2026-07-28T23:17:17.760+0000] {dag.py:3096} INFO - Sync 1 DAGs
[2026-07-28T23:17:17.791+0000] {logging_mixin.py:188} INFO - [2026-07-28T23:17:17.790+0000] {dag.py:3954} INFO - Setting next_dagrun for process_silver_layer to None, run_after=None
[2026-07-28T23:17:17.844+0000] {processor.py:183} INFO - Processing /opt/airflow/dags/silver_processing_dag.py took 0.213 seconds
[2026-07-28T23:17:48.273+0000] {processor.py:161} INFO - Started process (PID=13319) to work on /opt/airflow/dags/silver_processing_dag.py
[2026-07-28T23:17:48.276+0000] {processor.py:830} INFO - Processing file /opt/airflow/dags/silver_processing_dag.py for tasks to queue
[2026-07-28T23:17:48.280+0000] {logging_mixin.py:188} INFO - [2026-07-28T23:17:48.279+0000] {dagbag.py:545} INFO - Filling up the DagBag from /opt/airflow/dags/silver_processing_dag.py
[2026-07-28T23:17:48.373+0000] {processor.py:840} INFO - DAG(s) 'process_silver_layer' retrieved from /opt/airflow/dags/silver_processing_dag.py
[2026-07-28T23:17:48.426+0000] {logging_mixin.py:188} INFO - [2026-07-28T23:17:48.426+0000] {dag.py:3096} INFO - Sync 1 DAGs
[2026-07-28T23:17:48.464+0000] {logging_mixin.py:188} INFO - [2026-07-28T23:17:48.464+0000] {dag.py:3954} INFO - Setting next_dagrun for process_silver_layer to None, run_after=None
[2026-07-28T23:17:48.502+0000] {processor.py:183} INFO - Processing /opt/airflow/dags/silver_processing_dag.py took 0.252 seconds
[2026-07-28T23:18:18.732+0000] {processor.py:161} INFO - Started process (PID=13334) to work on /opt/airflow/dags/silver_processing_dag.py
[2026-07-28T23:18:18.735+0000] {processor.py:830} INFO - Processing file /opt/airflow/dags/silver_processing_dag.py for tasks to queue
[2026-07-28T23:18:18.739+0000] {logging_mixin.py:188} INFO - [2026-07-28T23:18:18.738+0000] {dagbag.py:545} INFO - Filling up the DagBag from /opt/airflow/dags/silver_processing_dag.py
[2026-07-28T23:18:18.788+0000] {processor.py:840} INFO - DAG(s) 'process_silver_layer' retrieved from /opt/airflow/dags/silver_processing_dag.py
[2026-07-28T23:18:18.845+0000] {logging_mixin.py:188} INFO - [2026-07-28T23:18:18.844+0000] {dag.py:3096} INFO - Sync 1 DAGs
[2026-07-28T23:18:18.878+0000] {logging_mixin.py:188} INFO - [2026-07-28T23:18:18.877+0000] {dag.py:3954} INFO - Setting next_dagrun for process_silver_layer to None, run_after=None
[2026-07-28T23:18:18.930+0000] {processor.py:183} INFO - Processing /opt/airflow/dags/silver_processing_dag.py took 0.215 seconds
[2026-07-28T23:18:49.165+0000] {processor.py:161} INFO - Started process (PID=13349) to work on /opt/airflow/dags/silver_processing_dag.py
[2026-07-28T23:18:49.170+0000] {processor.py:830} INFO - Processing file /opt/airflow/dags/silver_processing_dag.py for tasks to queue
[2026-07-28T23:18:49.174+0000] {logging_mixin.py:188} INFO - [2026-07-28T23:18:49.173+0000] {dagbag.py:545} INFO - Filling up the DagBag from /opt/airflow/dags/silver_processing_dag.py
[2026-07-28T23:18:49.222+0000] {processor.py:840} INFO - DAG(s) 'process_silver_layer' retrieved from /opt/airflow/dags/silver_processing_dag.py
[2026-07-28T23:18:49.301+0000] {logging_mixin.py:188} INFO - [2026-07-28T23:18:49.300+0000] {dag.py:3096} INFO - Sync 1 DAGs
[2026-07-28T23:18:49.377+0000] {logging_mixin.py:188} INFO - [2026-07-28T23:18:49.376+0000] {dag.py:3954} INFO - Setting next_dagrun for process_silver_layer to None, run_after=None
[2026-07-28T23:18:49.432+0000] {processor.py:183} INFO - Processing /opt/airflow/dags/silver_processing_dag.py took 0.283 seconds
[2026-07-28T23:19:19.979+0000] {processor.py:161} INFO - Started process (PID=13364) to work on /opt/airflow/dags/silver_processing_dag.py
[2026-07-28T23:19:19.982+0000] {processor.py:830} INFO - Processing file /opt/airflow/dags/silver_processing_dag.py for tasks to queue
[2026-07-28T23:19:19.985+0000] {logging_mixin.py:188} INFO - [2026-07-28T23:19:19.984+0000] {dagbag.py:545} INFO - Filling up the DagBag from /opt/airflow/dags/silver_processing_dag.py
[2026-07-28T23:19:20.034+0000] {processor.py:840} INFO - DAG(s) 'process_silver_layer' retrieved from /opt/airflow/dags/silver_processing_dag.py
[2026-07-28T23:19:20.093+0000] {logging_mixin.py:188} INFO - [2026-07-28T23:19:20.092+0000] {dag.py:3096} INFO - Sync 1 DAGs
[2026-07-28T23:19:20.125+0000] {logging_mixin.py:188} INFO - [2026-07-28T23:19:20.125+0000] {dag.py:3954} INFO - Setting next_dagrun for process_silver_layer to None, run_after=None
[2026-07-28T23:19:20.175+0000] {processor.py:183} INFO - Processing /opt/airflow/dags/silver_processing_dag.py took 0.214 seconds
[2026-07-28T23:19:50.572+0000] {processor.py:161} INFO - Started process (PID=13379) to work on /opt/airflow/dags/silver_processing_dag.py
[2026-07-28T23:19:50.575+0000] {processor.py:830} INFO - Processing file /opt/airflow/dags/silver_processing_dag.py for tasks to queue
[2026-07-28T23:19:50.580+0000] {logging_mixin.py:188} INFO - [2026-07-28T23:19:50.579+0000] {dagbag.py:545} INFO - Filling up the DagBag from /opt/airflow/dags/silver_processing_dag.py
[2026-07-28T23:19:50.633+0000] {processor.py:840} INFO - DAG(s) 'process_silver_layer' retrieved from /opt/airflow/dags/silver_processing_dag.py
[2026-07-28T23:19:50.689+0000] {logging_mixin.py:188} INFO - [2026-07-28T23:19:50.688+0000] {dag.py:3096} INFO - Sync 1 DAGs
[2026-07-28T23:19:50.729+0000] {logging_mixin.py:188} INFO - [2026-07-28T23:19:50.729+0000] {dag.py:3954} INFO - Setting next_dagrun for process_silver_layer to None, run_after=None
[2026-07-28T23:19:50.804+0000] {processor.py:183} INFO - Processing /opt/airflow/dags/silver_processing_dag.py took 0.248 seconds
[2026-07-28T23:20:21.071+0000] {processor.py:161} INFO - Started process (PID=13394) to work on /opt/airflow/dags/silver_processing_dag.py
[2026-07-28T23:20:21.074+0000] {processor.py:830} INFO - Processing file /opt/airflow/dags/silver_processing_dag.py for tasks to queue
[2026-07-28T23:20:21.086+0000] {logging_mixin.py:188} INFO - [2026-07-28T23:20:21.085+0000] {dagbag.py:545} INFO - Filling up the DagBag from /opt/airflow/dags/silver_processing_dag.py
[2026-07-28T23:20:21.165+0000] {processor.py:840} INFO - DAG(s) 'process_silver_layer' retrieved from /opt/airflow/dags/silver_processing_dag.py
[2026-07-28T23:20:21.233+0000] {logging_mixin.py:188} INFO - [2026-07-28T23:20:21.231+0000] {dag.py:3096} INFO - Sync 1 DAGs
[2026-07-28T23:20:21.266+0000] {logging_mixin.py:188} INFO - [2026-07-28T23:20:21.266+0000] {dag.py:3954} INFO - Setting next_dagrun for process_silver_layer to None, run_after=None
[2026-07-28T23:20:21.341+0000] {processor.py:183} INFO - Processing /opt/airflow/dags/silver_processing_dag.py took 0.307 seconds
[2026-07-28T23:20:51.977+0000] {processor.py:161} INFO - Started process (PID=13409) to work on /opt/airflow/dags/silver_processing_dag.py
[2026-07-28T23:20:51.982+0000] {processor.py:830} INFO - Processing file /opt/airflow/dags/silver_processing_dag.py for tasks to queue
[2026-07-28T23:20:51.989+0000] {logging_mixin.py:188} INFO - [2026-07-28T23:20:51.987+0000] {dagbag.py:545} INFO - Filling up the DagBag from /opt/airflow/dags/silver_processing_dag.py
[2026-07-28T23:20:52.110+0000] {processor.py:840} INFO - DAG(s) 'process_silver_layer' retrieved from /opt/airflow/dags/silver_processing_dag.py
[2026-07-28T23:20:52.241+0000] {logging_mixin.py:188} INFO - [2026-07-28T23:20:52.240+0000] {dag.py:3096} INFO - Sync 1 DAGs
[2026-07-28T23:20:52.300+0000] {logging_mixin.py:188} INFO - [2026-07-28T23:20:52.300+0000] {dag.py:3954} INFO - Setting next_dagrun for process_silver_layer to None, run_after=None
[2026-07-28T23:20:52.619+0000] {processor.py:183} INFO - Processing /opt/airflow/dags/silver_processing_dag.py took 0.666 seconds
[2026-07-28T23:21:23.164+0000] {processor.py:161} INFO - Started process (PID=13424) to work on /opt/airflow/dags/silver_processing_dag.py
[2026-07-28T23:21:23.167+0000] {processor.py:830} INFO - Processing file /opt/airflow/dags/silver_processing_dag.py for tasks to queue
[2026-07-28T23:21:23.170+0000] {logging_mixin.py:188} INFO - [2026-07-28T23:21:23.169+0000] {dagbag.py:545} INFO - Filling up the DagBag from /opt/airflow/dags/silver_processing_dag.py
[2026-07-28T23:21:23.214+0000] {processor.py:840} INFO - DAG(s) 'process_silver_layer' retrieved from /opt/airflow/dags/silver_processing_dag.py
[2026-07-28T23:21:23.259+0000] {logging_mixin.py:188} INFO - [2026-07-28T23:21:23.259+0000] {dag.py:3096} INFO - Sync 1 DAGs
[2026-07-28T23:21:23.291+0000] {logging_mixin.py:188} INFO - [2026-07-28T23:21:23.291+0000] {dag.py:3954} INFO - Setting next_dagrun for process_silver_layer to None, run_after=None
[2026-07-28T23:21:23.338+0000] {processor.py:183} INFO - Processing /opt/airflow/dags/silver_processing_dag.py took 0.193 seconds
[2026-07-28T23:21:53.843+0000] {processor.py:161} INFO - Started process (PID=13439) to work on /opt/airflow/dags/silver_processing_dag.py
[2026-07-28T23:21:53.846+0000] {processor.py:830} INFO - Processing file /opt/airflow/dags/silver_processing_dag.py for tasks to queue
[2026-07-28T23:21:53.850+0000] {logging_mixin.py:188} INFO - [2026-07-28T23:21:53.849+0000] {dagbag.py:545} INFO - Filling up the DagBag from /opt/airflow/dags/silver_processing_dag.py
[2026-07-28T23:21:53.908+0000] {processor.py:840} INFO - DAG(s) 'process_silver_layer' retrieved from /opt/airflow/dags/silver_processing_dag.py
[2026-07-28T23:21:53.965+0000] {logging_mixin.py:188} INFO - [2026-07-28T23:21:53.965+0000] {dag.py:3096} INFO - Sync 1 DAGs
[2026-07-28T23:21:53.997+0000] {logging_mixin.py:188} INFO - [2026-07-28T23:21:53.997+0000] {dag.py:3954} INFO - Setting next_dagrun for process_silver_layer to None, run_after=None
[2026-07-28T23:21:54.057+0000] {processor.py:183} INFO - Processing /opt/airflow/dags/silver_processing_dag.py took 0.235 seconds
[2026-07-28T23:22:24.254+0000] {processor.py:161} INFO - Started process (PID=13454) to work on /opt/airflow/dags/silver_processing_dag.py
[2026-07-28T23:22:24.258+0000] {processor.py:830} INFO - Processing file /opt/airflow/dags/silver_processing_dag.py for tasks to queue
[2026-07-28T23:22:24.261+0000] {logging_mixin.py:188} INFO - [2026-07-28T23:22:24.260+0000] {dagbag.py:545} INFO - Filling up the DagBag from /opt/airflow/dags/silver_processing_dag.py
[2026-07-28T23:22:24.309+0000] {processor.py:840} INFO - DAG(s) 'process_silver_layer' retrieved from /opt/airflow/dags/silver_processing_dag.py
[2026-07-28T23:22:24.382+0000] {logging_mixin.py:188} INFO - [2026-07-28T23:22:24.381+0000] {dag.py:3096} INFO - Sync 1 DAGs
[2026-07-28T23:22:24.419+0000] {logging_mixin.py:188} INFO - [2026-07-28T23:22:24.419+0000] {dag.py:3954} INFO - Setting next_dagrun for process_silver_layer to None, run_after=None
[2026-07-28T23:22:24.467+0000] {processor.py:183} INFO - Processing /opt/airflow/dags/silver_processing_dag.py took 0.232 seconds
[2026-07-28T23:22:54.703+0000] {processor.py:161} INFO - Started process (PID=13469) to work on /opt/airflow/dags/silver_processing_dag.py
[2026-07-28T23:22:54.707+0000] {processor.py:830} INFO - Processing file /opt/airflow/dags/silver_processing_dag.py for tasks to queue
[2026-07-28T23:22:54.711+0000] {logging_mixin.py:188} INFO - [2026-07-28T23:22:54.710+0000] {dagbag.py:545} INFO - Filling up the DagBag from /opt/airflow/dags/silver_processing_dag.py
[2026-07-28T23:22:54.801+0000] {processor.py:840} INFO - DAG(s) 'process_silver_layer' retrieved from /opt/airflow/dags/silver_processing_dag.py
[2026-07-28T23:22:54.855+0000] {logging_mixin.py:188} INFO - [2026-07-28T23:22:54.855+0000] {dag.py:3096} INFO - Sync 1 DAGs
[2026-07-28T23:22:54.888+0000] {logging_mixin.py:188} INFO - [2026-07-28T23:22:54.888+0000] {dag.py:3954} INFO - Setting next_dagrun for process_silver_layer to None, run_after=None
[2026-07-28T23:22:54.938+0000] {processor.py:183} INFO - Processing /opt/airflow/dags/silver_processing_dag.py took 0.254 seconds
[2026-07-28T23:23:25.498+0000] {processor.py:161} INFO - Started process (PID=13484) to work on /opt/airflow/dags/silver_processing_dag.py
[2026-07-28T23:23:25.505+0000] {processor.py:830} INFO - Processing file /opt/airflow/dags/silver_processing_dag.py for tasks to queue
[2026-07-28T23:23:25.510+0000] {logging_mixin.py:188} INFO - [2026-07-28T23:23:25.508+0000] {dagbag.py:545} INFO - Filling up the DagBag from /opt/airflow/dags/silver_processing_dag.py
[2026-07-28T23:23:25.589+0000] {processor.py:840} INFO - DAG(s) 'process_silver_layer' retrieved from /opt/airflow/dags/silver_processing_dag.py
[2026-07-28T23:23:25.646+0000] {logging_mixin.py:188} INFO - [2026-07-28T23:23:25.645+0000] {dag.py:3096} INFO - Sync 1 DAGs
[2026-07-28T23:23:25.683+0000] {logging_mixin.py:188} INFO - [2026-07-28T23:23:25.682+0000] {dag.py:3954} INFO - Setting next_dagrun for process_silver_layer to None, run_after=None
[2026-07-28T23:23:25.948+0000] {processor.py:183} INFO - Processing /opt/airflow/dags/silver_processing_dag.py took 0.478 seconds
[2026-07-28T23:23:56.416+0000] {processor.py:161} INFO - Started process (PID=13499) to work on /opt/airflow/dags/silver_processing_dag.py
[2026-07-28T23:23:56.419+0000] {processor.py:830} INFO - Processing file /opt/airflow/dags/silver_processing_dag.py for tasks to queue
[2026-07-28T23:23:56.423+0000] {logging_mixin.py:188} INFO - [2026-07-28T23:23:56.422+0000] {dagbag.py:545} INFO - Filling up the DagBag from /opt/airflow/dags/silver_processing_dag.py
[2026-07-28T23:23:56.470+0000] {processor.py:840} INFO - DAG(s) 'process_silver_layer' retrieved from /opt/airflow/dags/silver_processing_dag.py
[2026-07-28T23:23:56.527+0000] {logging_mixin.py:188} INFO - [2026-07-28T23:23:56.527+0000] {dag.py:3096} INFO - Sync 1 DAGs
[2026-07-28T23:23:56.558+0000] {logging_mixin.py:188} INFO - [2026-07-28T23:23:56.557+0000] {dag.py:3954} INFO - Setting next_dagrun for process_silver_layer to None, run_after=None
[2026-07-28T23:23:56.606+0000] {processor.py:183} INFO - Processing /opt/airflow/dags/silver_processing_dag.py took 0.209 seconds
[2026-07-28T23:24:26.838+0000] {processor.py:161} INFO - Started process (PID=13514) to work on /opt/airflow/dags/silver_processing_dag.py
[2026-07-28T23:24:26.841+0000] {processor.py:830} INFO - Processing file /opt/airflow/dags/silver_processing_dag.py for tasks to queue
[2026-07-28T23:24:26.846+0000] {logging_mixin.py:188} INFO - [2026-07-28T23:24:26.845+0000] {dagbag.py:545} INFO - Filling up the DagBag from /opt/airflow/dags/silver_processing_dag.py
[2026-07-28T23:24:26.901+0000] {processor.py:840} INFO - DAG(s) 'process_silver_layer' retrieved from /opt/airflow/dags/silver_processing_dag.py
[2026-07-28T23:24:26.962+0000] {logging_mixin.py:188} INFO - [2026-07-28T23:24:26.962+0000] {dag.py:3096} INFO - Sync 1 DAGs
[2026-07-28T23:24:26.998+0000] {logging_mixin.py:188} INFO - [2026-07-28T23:24:26.997+0000] {dag.py:3954} INFO - Setting next_dagrun for process_silver_layer to None, run_after=None
[2026-07-28T23:24:27.045+0000] {processor.py:183} INFO - Processing /opt/airflow/dags/silver_processing_dag.py took 0.230 seconds
[2026-07-28T23:24:57.228+0000] {processor.py:161} INFO - Started process (PID=13529) to work on /opt/airflow/dags/silver_processing_dag.py
[2026-07-28T23:24:57.231+0000] {processor.py:830} INFO - Processing file /opt/airflow/dags/silver_processing_dag.py for tasks to queue
[2026-07-28T23:24:57.238+0000] {logging_mixin.py:188} INFO - [2026-07-28T23:24:57.236+0000] {dagbag.py:545} INFO - Filling up the DagBag from /opt/airflow/dags/silver_processing_dag.py
[2026-07-28T23:24:57.278+0000] {processor.py:840} INFO - DAG(s) 'process_silver_layer' retrieved from /opt/airflow/dags/silver_processing_dag.py
[2026-07-28T23:24:57.334+0000] {logging_mixin.py:188} INFO - [2026-07-28T23:24:57.333+0000] {dag.py:3096} INFO - Sync 1 DAGs
[2026-07-28T23:24:57.374+0000] {logging_mixin.py:188} INFO - [2026-07-28T23:24:57.374+0000] {dag.py:3954} INFO - Setting next_dagrun for process_silver_layer to None, run_after=None
[2026-07-28T23:24:57.435+0000] {processor.py:183} INFO - Processing /opt/airflow/dags/silver_processing_dag.py took 0.228 seconds
[2026-07-28T23:25:27.991+0000] {processor.py:161} INFO - Started process (PID=13544) to work on /opt/airflow/dags/silver_processing_dag.py
[2026-07-28T23:25:27.996+0000] {processor.py:830} INFO - Processing file /opt/airflow/dags/silver_processing_dag.py for tasks to queue
[2026-07-28T23:25:28.001+0000] {logging_mixin.py:188} INFO - [2026-07-28T23:25:28.000+0000] {dagbag.py:545} INFO - Filling up the DagBag from /opt/airflow/dags/silver_processing_dag.py
[2026-07-28T23:25:28.070+0000] {processor.py:840} INFO - DAG(s) 'process_silver_layer' retrieved from /opt/airflow/dags/silver_processing_dag.py
[2026-07-28T23:25:28.168+0000] {logging_mixin.py:188} INFO - [2026-07-28T23:25:28.167+0000] {dag.py:3096} INFO - Sync 1 DAGs
[2026-07-28T23:25:28.212+0000] {logging_mixin.py:188} INFO - [2026-07-28T23:25:28.212+0000] {dag.py:3954} INFO - Setting next_dagrun for process_silver_layer to None, run_after=None
[2026-07-28T23:25:28.294+0000] {processor.py:183} INFO - Processing /opt/airflow/dags/silver_processing_dag.py took 0.325 seconds
[2026-07-28T23:25:58.712+0000] {processor.py:161} INFO - Started process (PID=13559) to work on /opt/airflow/dags/silver_processing_dag.py
[2026-07-28T23:25:58.715+0000] {processor.py:830} INFO - Processing file /opt/airflow/dags/silver_processing_dag.py for tasks to queue
[2026-07-28T23:25:58.720+0000] {logging_mixin.py:188} INFO - [2026-07-28T23:25:58.719+0000] {dagbag.py:545} INFO - Filling up the DagBag from /opt/airflow/dags/silver_processing_dag.py
[2026-07-28T23:25:58.766+0000] {processor.py:840} INFO - DAG(s) 'process_silver_layer' retrieved from /opt/airflow/dags/silver_processing_dag.py
[2026-07-28T23:25:58.822+0000] {logging_mixin.py:188} INFO - [2026-07-28T23:25:58.821+0000] {dag.py:3096} INFO - Sync 1 DAGs
[2026-07-28T23:25:58.868+0000] {logging_mixin.py:188} INFO - [2026-07-28T23:25:58.867+0000] {dag.py:3954} INFO - Setting next_dagrun for process_silver_layer to None, run_after=None
[2026-07-28T23:25:58.912+0000] {processor.py:183} INFO - Processing /opt/airflow/dags/silver_processing_dag.py took 0.218 seconds
[2026-07-28T23:26:29.137+0000] {processor.py:161} INFO - Started process (PID=13574) to work on /opt/airflow/dags/silver_processing_dag.py
[2026-07-28T23:26:29.140+0000] {processor.py:830} INFO - Processing file /opt/airflow/dags/silver_processing_dag.py for tasks to queue
[2026-07-28T23:26:29.144+0000] {logging_mixin.py:188} INFO - [2026-07-28T23:26:29.143+0000] {dagbag.py:545} INFO - Filling up the DagBag from /opt/airflow/dags/silver_processing_dag.py
[2026-07-28T23:26:29.197+0000] {processor.py:840} INFO - DAG(s) 'process_silver_layer' retrieved from /opt/airflow/dags/silver_processing_dag.py
[2026-07-28T23:26:29.256+0000] {logging_mixin.py:188} INFO - [2026-07-28T23:26:29.255+0000] {dag.py:3096} INFO - Sync 1 DAGs
[2026-07-28T23:26:29.317+0000] {logging_mixin.py:188} INFO - [2026-07-28T23:26:29.316+0000] {dag.py:3954} INFO - Setting next_dagrun for process_silver_layer to None, run_after=None
[2026-07-28T23:26:29.470+0000] {processor.py:183} INFO - Processing /opt/airflow/dags/silver_processing_dag.py took 0.348 seconds
[2026-07-28T23:26:59.766+0000] {processor.py:161} INFO - Started process (PID=13589) to work on /opt/airflow/dags/silver_processing_dag.py
[2026-07-28T23:26:59.769+0000] {processor.py:830} INFO - Processing file /opt/airflow/dags/silver_processing_dag.py for tasks to queue
[2026-07-28T23:26:59.774+0000] {logging_mixin.py:188} INFO - [2026-07-28T23:26:59.773+0000] {dagbag.py:545} INFO - Filling up the DagBag from /opt/airflow/dags/silver_processing_dag.py
[2026-07-28T23:26:59.824+0000] {processor.py:840} INFO - DAG(s) 'process_silver_layer' retrieved from /opt/airflow/dags/silver_processing_dag.py
[2026-07-28T23:26:59.876+0000] {logging_mixin.py:188} INFO - [2026-07-28T23:26:59.875+0000] {dag.py:3096} INFO - Sync 1 DAGs
[2026-07-28T23:26:59.907+0000] {logging_mixin.py:188} INFO - [2026-07-28T23:26:59.907+0000] {dag.py:3954} INFO - Setting next_dagrun for process_silver_layer to None, run_after=None
[2026-07-28T23:26:59.958+0000] {processor.py:183} INFO - Processing /opt/airflow/dags/silver_processing_dag.py took 0.209 seconds
[2026-07-28T23:27:30.476+0000] {processor.py:161} INFO - Started process (PID=13604) to work on /opt/airflow/dags/silver_processing_dag.py
[2026-07-28T23:27:30.479+0000] {processor.py:830} INFO - Processing file /opt/airflow/dags/silver_processing_dag.py for tasks to queue
[2026-07-28T23:27:30.482+0000] {logging_mixin.py:188} INFO - [2026-07-28T23:27:30.482+0000] {dagbag.py:545} INFO - Filling up the DagBag from /opt/airflow/dags/silver_processing_dag.py
[2026-07-28T23:27:30.531+0000] {processor.py:840} INFO - DAG(s) 'process_silver_layer' retrieved from /opt/airflow/dags/silver_processing_dag.py
[2026-07-28T23:27:30.605+0000] {logging_mixin.py:188} INFO - [2026-07-28T23:27:30.604+0000] {dag.py:3096} INFO - Sync 1 DAGs
[2026-07-28T23:27:30.638+0000] {logging_mixin.py:188} INFO - [2026-07-28T23:27:30.638+0000] {dag.py:3954} INFO - Setting next_dagrun for process_silver_layer to None, run_after=None
[2026-07-28T23:27:30.690+0000] {processor.py:183} INFO - Processing /opt/airflow/dags/silver_processing_dag.py took 0.231 seconds
[2026-07-28T23:28:01.023+0000] {processor.py:161} INFO - Started process (PID=13619) to work on /opt/airflow/dags/silver_processing_dag.py
[2026-07-28T23:28:01.025+0000] {processor.py:830} INFO - Processing file /opt/airflow/dags/silver_processing_dag.py for tasks to queue
[2026-07-28T23:28:01.030+0000] {logging_mixin.py:188} INFO - [2026-07-28T23:28:01.029+0000] {dagbag.py:545} INFO - Filling up the DagBag from /opt/airflow/dags/silver_processing_dag.py
[2026-07-28T23:28:01.077+0000] {processor.py:840} INFO - DAG(s) 'process_silver_layer' retrieved from /opt/airflow/dags/silver_processing_dag.py
[2026-07-28T23:28:01.138+0000] {logging_mixin.py:188} INFO - [2026-07-28T23:28:01.138+0000] {dag.py:3096} INFO - Sync 1 DAGs
[2026-07-28T23:28:01.177+0000] {logging_mixin.py:188} INFO - [2026-07-28T23:28:01.176+0000] {dag.py:3954} INFO - Setting next_dagrun for process_silver_layer to None, run_after=None
[2026-07-28T23:28:01.229+0000] {processor.py:183} INFO - Processing /opt/airflow/dags/silver_processing_dag.py took 0.221 seconds
[2026-07-28T23:28:31.419+0000] {processor.py:161} INFO - Started process (PID=13634) to work on /opt/airflow/dags/silver_processing_dag.py
[2026-07-28T23:28:31.422+0000] {processor.py:830} INFO - Processing file /opt/airflow/dags/silver_processing_dag.py for tasks to queue
[2026-07-28T23:28:31.425+0000] {logging_mixin.py:188} INFO - [2026-07-28T23:28:31.424+0000] {dagbag.py:545} INFO - Filling up the DagBag from /opt/airflow/dags/silver_processing_dag.py
[2026-07-28T23:28:31.474+0000] {processor.py:840} INFO - DAG(s) 'process_silver_layer' retrieved from /opt/airflow/dags/silver_processing_dag.py
[2026-07-28T23:28:31.537+0000] {logging_mixin.py:188} INFO - [2026-07-28T23:28:31.537+0000] {dag.py:3096} INFO - Sync 1 DAGs
[2026-07-28T23:28:31.570+0000] {logging_mixin.py:188} INFO - [2026-07-28T23:28:31.570+0000] {dag.py:3954} INFO - Setting next_dagrun for process_silver_layer to None, run_after=None
[2026-07-28T23:28:31.622+0000] {processor.py:183} INFO - Processing /opt/airflow/dags/silver_processing_dag.py took 0.221 seconds
[2026-07-28T23:29:01.952+0000] {processor.py:161} INFO - Started process (PID=13649) to work on /opt/airflow/dags/silver_processing_dag.py
[2026-07-28T23:29:01.955+0000] {processor.py:830} INFO - Processing file /opt/airflow/dags/silver_processing_dag.py for tasks to queue
[2026-07-28T23:29:01.959+0000] {logging_mixin.py:188} INFO - [2026-07-28T23:29:01.958+0000] {dagbag.py:545} INFO - Filling up the DagBag from /opt/airflow/dags/silver_processing_dag.py
[2026-07-28T23:29:02.021+0000] {processor.py:840} INFO - DAG(s) 'process_silver_layer' retrieved from /opt/airflow/dags/silver_processing_dag.py
[2026-07-28T23:29:02.088+0000] {logging_mixin.py:188} INFO - [2026-07-28T23:29:02.087+0000] {dag.py:3096} INFO - Sync 1 DAGs
[2026-07-28T23:29:02.123+0000] {logging_mixin.py:188} INFO - [2026-07-28T23:29:02.123+0000] {dag.py:3954} INFO - Setting next_dagrun for process_silver_layer to None, run_after=None
[2026-07-28T23:29:02.913+0000] {processor.py:183} INFO - Processing /opt/airflow/dags/silver_processing_dag.py took 0.983 seconds
[2026-07-28T23:29:33.375+0000] {processor.py:161} INFO - Started process (PID=13664) to work on /opt/airflow/dags/silver_processing_dag.py
[2026-07-28T23:29:33.406+0000] {processor.py:830} INFO - Processing file /opt/airflow/dags/silver_processing_dag.py for tasks to queue
[2026-07-28T23:29:33.418+0000] {logging_mixin.py:188} INFO - [2026-07-28T23:29:33.417+0000] {dagbag.py:545} INFO - Filling up the DagBag from /opt/airflow/dags/silver_processing_dag.py
[2026-07-28T23:29:33.539+0000] {processor.py:840} INFO - DAG(s) 'process_silver_layer' retrieved from /opt/airflow/dags/silver_processing_dag.py
[2026-07-28T23:29:33.667+0000] {logging_mixin.py:188} INFO - [2026-07-28T23:29:33.667+0000] {dag.py:3096} INFO - Sync 1 DAGs
[2026-07-28T23:29:33.754+0000] {logging_mixin.py:188} INFO - [2026-07-28T23:29:33.754+0000] {dag.py:3954} INFO - Setting next_dagrun for process_silver_layer to None, run_after=None
[2026-07-28T23:29:33.888+0000] {processor.py:183} INFO - Processing /opt/airflow/dags/silver_processing_dag.py took 0.558 seconds
[2026-07-28T23:30:04.296+0000] {processor.py:161} INFO - Started process (PID=13679) to work on /opt/airflow/dags/silver_processing_dag.py
[2026-07-28T23:30:04.299+0000] {processor.py:830} INFO - Processing file /opt/airflow/dags/silver_processing_dag.py for tasks to queue
[2026-07-28T23:30:04.302+0000] {logging_mixin.py:188} INFO - [2026-07-28T23:30:04.302+0000] {dagbag.py:545} INFO - Filling up the DagBag from /opt/airflow/dags/silver_processing_dag.py
[2026-07-28T23:30:04.347+0000] {processor.py:840} INFO - DAG(s) 'process_silver_layer' retrieved from /opt/airflow/dags/silver_processing_dag.py
[2026-07-28T23:30:04.404+0000] {logging_mixin.py:188} INFO - [2026-07-28T23:30:04.404+0000] {dag.py:3096} INFO - Sync 1 DAGs
[2026-07-28T23:30:04.441+0000] {logging_mixin.py:188} INFO - [2026-07-28T23:30:04.440+0000] {dag.py:3954} INFO - Setting next_dagrun for process_silver_layer to None, run_after=None
[2026-07-28T23:30:04.491+0000] {processor.py:183} INFO - Processing /opt/airflow/dags/silver_processing_dag.py took 0.214 seconds
[2026-07-28T23:30:34.634+0000] {processor.py:161} INFO - Started process (PID=13694) to work on /opt/airflow/dags/silver_processing_dag.py
[2026-07-28T23:30:34.639+0000] {processor.py:830} INFO - Processing file /opt/airflow/dags/silver_processing_dag.py for tasks to queue
[2026-07-28T23:30:34.643+0000] {logging_mixin.py:188} INFO - [2026-07-28T23:30:34.642+0000] {dagbag.py:545} INFO - Filling up the DagBag from /opt/airflow/dags/silver_processing_dag.py
[2026-07-28T23:30:34.692+0000] {processor.py:840} INFO - DAG(s) 'process_silver_layer' retrieved from /opt/airflow/dags/silver_processing_dag.py
[2026-07-28T23:30:34.760+0000] {logging_mixin.py:188} INFO - [2026-07-28T23:30:34.760+0000] {dag.py:3096} INFO - Sync 1 DAGs
[2026-07-28T23:30:34.792+0000] {logging_mixin.py:188} INFO - [2026-07-28T23:30:34.791+0000] {dag.py:3954} INFO - Setting next_dagrun for process_silver_layer to None, run_after=None
[2026-07-28T23:30:34.848+0000] {processor.py:183} INFO - Processing /opt/airflow/dags/silver_processing_dag.py took 0.241 seconds
[2026-07-28T23:31:05.025+0000] {processor.py:161} INFO - Started process (PID=13709) to work on /opt/airflow/dags/silver_processing_dag.py
[2026-07-28T23:31:05.028+0000] {processor.py:830} INFO - Processing file /opt/airflow/dags/silver_processing_dag.py for tasks to queue
[2026-07-28T23:31:05.032+0000] {logging_mixin.py:188} INFO - [2026-07-28T23:31:05.031+0000] {dagbag.py:545} INFO - Filling up the DagBag from /opt/airflow/dags/silver_processing_dag.py
[2026-07-28T23:31:05.076+0000] {processor.py:840} INFO - DAG(s) 'process_silver_layer' retrieved from /opt/airflow/dags/silver_processing_dag.py
[2026-07-28T23:31:05.190+0000] {logging_mixin.py:188} INFO - [2026-07-28T23:31:05.189+0000] {dag.py:3096} INFO - Sync 1 DAGs
[2026-07-28T23:31:05.224+0000] {logging_mixin.py:188} INFO - [2026-07-28T23:31:05.224+0000] {dag.py:3954} INFO - Setting next_dagrun for process_silver_layer to None, run_after=None
[2026-07-28T23:31:05.282+0000] {processor.py:183} INFO - Processing /opt/airflow/dags/silver_processing_dag.py took 0.273 seconds
[2026-07-28T23:31:35.923+0000] {processor.py:161} INFO - Started process (PID=13724) to work on /opt/airflow/dags/silver_processing_dag.py
[2026-07-28T23:31:35.927+0000] {processor.py:830} INFO - Processing file /opt/airflow/dags/silver_processing_dag.py for tasks to queue
[2026-07-28T23:31:35.931+0000] {logging_mixin.py:188} INFO - [2026-07-28T23:31:35.930+0000] {dagbag.py:545} INFO - Filling up the DagBag from /opt/airflow/dags/silver_processing_dag.py
[2026-07-28T23:31:35.982+0000] {processor.py:840} INFO - DAG(s) 'process_silver_layer' retrieved from /opt/airflow/dags/silver_processing_dag.py
[2026-07-28T23:31:36.033+0000] {logging_mixin.py:188} INFO - [2026-07-28T23:31:36.032+0000] {dag.py:3096} INFO - Sync 1 DAGs
[2026-07-28T23:31:36.068+0000] {logging_mixin.py:188} INFO - [2026-07-28T23:31:36.068+0000] {dag.py:3954} INFO - Setting next_dagrun for process_silver_layer to None, run_after=None
[2026-07-28T23:31:36.305+0000] {processor.py:183} INFO - Processing /opt/airflow/dags/silver_processing_dag.py took 0.403 seconds
[2026-07-28T23:32:06.569+0000] {processor.py:161} INFO - Started process (PID=13739) to work on /opt/airflow/dags/silver_processing_dag.py
[2026-07-28T23:32:06.572+0000] {processor.py:830} INFO - Processing file /opt/airflow/dags/silver_processing_dag.py for tasks to queue
[2026-07-28T23:32:06.576+0000] {logging_mixin.py:188} INFO - [2026-07-28T23:32:06.575+0000] {dagbag.py:545} INFO - Filling up the DagBag from /opt/airflow/dags/silver_processing_dag.py
[2026-07-28T23:32:06.623+0000] {processor.py:840} INFO - DAG(s) 'process_silver_layer' retrieved from /opt/airflow/dags/silver_processing_dag.py
[2026-07-28T23:32:06.678+0000] {logging_mixin.py:188} INFO - [2026-07-28T23:32:06.678+0000] {dag.py:3096} INFO - Sync 1 DAGs
[2026-07-28T23:32:06.714+0000] {logging_mixin.py:188} INFO - [2026-07-28T23:32:06.714+0000] {dag.py:3954} INFO - Setting next_dagrun for process_silver_layer to None, run_after=None
[2026-07-28T23:32:06.768+0000] {processor.py:183} INFO - Processing /opt/airflow/dags/silver_processing_dag.py took 0.217 seconds
[2026-07-28T23:32:37.161+0000] {processor.py:161} INFO - Started process (PID=13756) to work on /opt/airflow/dags/silver_processing_dag.py
[2026-07-28T23:32:37.164+0000] {processor.py:830} INFO - Processing file /opt/airflow/dags/silver_processing_dag.py for tasks to queue
[2026-07-28T23:32:37.185+0000] {logging_mixin.py:188} INFO - [2026-07-28T23:32:37.183+0000] {dagbag.py:545} INFO - Filling up the DagBag from /opt/airflow/dags/silver_processing_dag.py
[2026-07-28T23:32:37.261+0000] {processor.py:840} INFO - DAG(s) 'process_silver_layer' retrieved from /opt/airflow/dags/silver_processing_dag.py
[2026-07-28T23:32:37.349+0000] {logging_mixin.py:188} INFO - [2026-07-28T23:32:37.349+0000] {dag.py:3096} INFO - Sync 1 DAGs
[2026-07-28T23:32:37.395+0000] {logging_mixin.py:188} INFO - [2026-07-28T23:32:37.395+0000] {dag.py:3954} INFO - Setting next_dagrun for process_silver_layer to None, run_after=None
[2026-07-28T23:32:37.448+0000] {processor.py:183} INFO - Processing /opt/airflow/dags/silver_processing_dag.py took 0.313 seconds
[2026-07-28T23:33:08.322+0000] {processor.py:161} INFO - Started process (PID=13771) to work on /opt/airflow/dags/silver_processing_dag.py
[2026-07-28T23:33:08.325+0000] {processor.py:830} INFO - Processing file /opt/airflow/dags/silver_processing_dag.py for tasks to queue
[2026-07-28T23:33:08.329+0000] {logging_mixin.py:188} INFO - [2026-07-28T23:33:08.328+0000] {dagbag.py:545} INFO - Filling up the DagBag from /opt/airflow/dags/silver_processing_dag.py
[2026-07-28T23:33:08.375+0000] {processor.py:840} INFO - DAG(s) 'process_silver_layer' retrieved from /opt/airflow/dags/silver_processing_dag.py
[2026-07-28T23:33:08.422+0000] {logging_mixin.py:188} INFO - [2026-07-28T23:33:08.422+0000] {dag.py:3096} INFO - Sync 1 DAGs
[2026-07-28T23:33:08.449+0000] {logging_mixin.py:188} INFO - [2026-07-28T23:33:08.449+0000] {dag.py:3954} INFO - Setting next_dagrun for process_silver_layer to None, run_after=None
[2026-07-28T23:33:08.503+0000] {processor.py:183} INFO - Processing /opt/airflow/dags/silver_processing_dag.py took 0.194 seconds
[2026-07-28T23:33:39.158+0000] {processor.py:161} INFO - Started process (PID=13786) to work on /opt/airflow/dags/silver_processing_dag.py
[2026-07-28T23:33:39.163+0000] {processor.py:830} INFO - Processing file /opt/airflow/dags/silver_processing_dag.py for tasks to queue
[2026-07-28T23:33:39.168+0000] {logging_mixin.py:188} INFO - [2026-07-28T23:33:39.167+0000] {dagbag.py:545} INFO - Filling up the DagBag from /opt/airflow/dags/silver_processing_dag.py
[2026-07-28T23:33:39.229+0000] {processor.py:840} INFO - DAG(s) 'process_silver_layer' retrieved from /opt/airflow/dags/silver_processing_dag.py
[2026-07-28T23:33:39.345+0000] {logging_mixin.py:188} INFO - [2026-07-28T23:33:39.345+0000] {dag.py:3096} INFO - Sync 1 DAGs
[2026-07-28T23:33:39.374+0000] {logging_mixin.py:188} INFO - [2026-07-28T23:33:39.374+0000] {dag.py:3954} INFO - Setting next_dagrun for process_silver_layer to None, run_after=None
[2026-07-28T23:33:39.420+0000] {processor.py:183} INFO - Processing /opt/airflow/dags/silver_processing_dag.py took 0.279 seconds
[2026-07-28T23:34:09.744+0000] {processor.py:161} INFO - Started process (PID=13801) to work on /opt/airflow/dags/silver_processing_dag.py
[2026-07-28T23:34:09.747+0000] {processor.py:830} INFO - Processing file /opt/airflow/dags/silver_processing_dag.py for tasks to queue
[2026-07-28T23:34:09.751+0000] {logging_mixin.py:188} INFO - [2026-07-28T23:34:09.750+0000] {dagbag.py:545} INFO - Filling up the DagBag from /opt/airflow/dags/silver_processing_dag.py
[2026-07-28T23:34:09.805+0000] {processor.py:840} INFO - DAG(s) 'process_silver_layer' retrieved from /opt/airflow/dags/silver_processing_dag.py
[2026-07-28T23:34:09.891+0000] {logging_mixin.py:188} INFO - [2026-07-28T23:34:09.890+0000] {dag.py:3096} INFO - Sync 1 DAGs
[2026-07-28T23:34:09.950+0000] {logging_mixin.py:188} INFO - [2026-07-28T23:34:09.949+0000] {dag.py:3954} INFO - Setting next_dagrun for process_silver_layer to None, run_after=None
[2026-07-28T23:34:10.008+0000] {processor.py:183} INFO - Processing /opt/airflow/dags/silver_processing_dag.py took 0.283 seconds
[2026-07-28T23:34:40.109+0000] {processor.py:161} INFO - Started process (PID=13816) to work on /opt/airflow/dags/silver_processing_dag.py
[2026-07-28T23:34:40.111+0000] {processor.py:830} INFO - Processing file /opt/airflow/dags/silver_processing_dag.py for tasks to queue
[2026-07-28T23:34:40.115+0000] {logging_mixin.py:188} INFO - [2026-07-28T23:34:40.114+0000] {dagbag.py:545} INFO - Filling up the DagBag from /opt/airflow/dags/silver_processing_dag.py
[2026-07-28T23:34:40.154+0000] {processor.py:840} INFO - DAG(s) 'process_silver_layer' retrieved from /opt/airflow/dags/silver_processing_dag.py
[2026-07-28T23:34:40.215+0000] {logging_mixin.py:188} INFO - [2026-07-28T23:34:40.215+0000] {dag.py:3096} INFO - Sync 1 DAGs
[2026-07-28T23:34:40.242+0000] {logging_mixin.py:188} INFO - [2026-07-28T23:34:40.242+0000] {dag.py:3954} INFO - Setting next_dagrun for process_silver_layer to None, run_after=None
[2026-07-28T23:34:40.308+0000] {processor.py:183} INFO - Processing /opt/airflow/dags/silver_processing_dag.py took 0.212 seconds
[2026-07-28T23:35:10.436+0000] {processor.py:161} INFO - Started process (PID=13831) to work on /opt/airflow/dags/silver_processing_dag.py
[2026-07-28T23:35:10.439+0000] {processor.py:830} INFO - Processing file /opt/airflow/dags/silver_processing_dag.py for tasks to queue
[2026-07-28T23:35:10.444+0000] {logging_mixin.py:188} INFO - [2026-07-28T23:35:10.443+0000] {dagbag.py:545} INFO - Filling up the DagBag from /opt/airflow/dags/silver_processing_dag.py
[2026-07-28T23:35:10.490+0000] {processor.py:840} INFO - DAG(s) 'process_silver_layer' retrieved from /opt/airflow/dags/silver_processing_dag.py
[2026-07-28T23:35:10.547+0000] {logging_mixin.py:188} INFO - [2026-07-28T23:35:10.546+0000] {dag.py:3096} INFO - Sync 1 DAGs
[2026-07-28T23:35:10.575+0000] {logging_mixin.py:188} INFO - [2026-07-28T23:35:10.575+0000] {dag.py:3954} INFO - Setting next_dagrun for process_silver_layer to None, run_after=None
[2026-07-28T23:35:10.620+0000] {processor.py:183} INFO - Processing /opt/airflow/dags/silver_processing_dag.py took 0.202 seconds
[2026-07-28T23:35:41.047+0000] {processor.py:161} INFO - Started process (PID=13846) to work on /opt/airflow/dags/silver_processing_dag.py
[2026-07-28T23:35:41.050+0000] {processor.py:830} INFO - Processing file /opt/airflow/dags/silver_processing_dag.py for tasks to queue
[2026-07-28T23:35:41.054+0000] {logging_mixin.py:188} INFO - [2026-07-28T23:35:41.054+0000] {dagbag.py:545} INFO - Filling up the DagBag from /opt/airflow/dags/silver_processing_dag.py
[2026-07-28T23:35:41.112+0000] {processor.py:840} INFO - DAG(s) 'process_silver_layer' retrieved from /opt/airflow/dags/silver_processing_dag.py
[2026-07-28T23:35:41.174+0000] {logging_mixin.py:188} INFO - [2026-07-28T23:35:41.174+0000] {dag.py:3096} INFO - Sync 1 DAGs
[2026-07-28T23:35:41.213+0000] {logging_mixin.py:188} INFO - [2026-07-28T23:35:41.212+0000] {dag.py:3954} INFO - Setting next_dagrun for process_silver_layer to None, run_after=None
[2026-07-28T23:35:41.273+0000] {processor.py:183} INFO - Processing /opt/airflow/dags/silver_processing_dag.py took 0.249 seconds
[2026-07-28T23:36:12.669+0000] {processor.py:161} INFO - Started process (PID=13859) to work on /opt/airflow/dags/silver_processing_dag.py
[2026-07-28T23:36:12.673+0000] {processor.py:830} INFO - Processing file /opt/airflow/dags/silver_processing_dag.py for tasks to queue
[2026-07-28T23:36:12.677+0000] {logging_mixin.py:188} INFO - [2026-07-28T23:36:12.676+0000] {dagbag.py:545} INFO - Filling up the DagBag from /opt/airflow/dags/silver_processing_dag.py
[2026-07-28T23:36:12.738+0000] {processor.py:840} INFO - DAG(s) 'process_silver_layer' retrieved from /opt/airflow/dags/silver_processing_dag.py
[2026-07-28T23:36:12.819+0000] {logging_mixin.py:188} INFO - [2026-07-28T23:36:12.818+0000] {dag.py:3096} INFO - Sync 1 DAGs
[2026-07-28T23:36:12.861+0000] {logging_mixin.py:188} INFO - [2026-07-28T23:36:12.860+0000] {dag.py:3954} INFO - Setting next_dagrun for process_silver_layer to None, run_after=None
[2026-07-28T23:36:12.907+0000] {processor.py:183} INFO - Processing /opt/airflow/dags/silver_processing_dag.py took 0.291 seconds
[2026-07-28T23:36:43.537+0000] {processor.py:161} INFO - Started process (PID=13874) to work on /opt/airflow/dags/silver_processing_dag.py
[2026-07-28T23:36:43.539+0000] {processor.py:830} INFO - Processing file /opt/airflow/dags/silver_processing_dag.py for tasks to queue
[2026-07-28T23:36:43.545+0000] {logging_mixin.py:188} INFO - [2026-07-28T23:36:43.543+0000] {dagbag.py:545} INFO - Filling up the DagBag from /opt/airflow/dags/silver_processing_dag.py
[2026-07-28T23:36:43.605+0000] {processor.py:840} INFO - DAG(s) 'process_silver_layer' retrieved from /opt/airflow/dags/silver_processing_dag.py
[2026-07-28T23:36:43.672+0000] {logging_mixin.py:188} INFO - [2026-07-28T23:36:43.672+0000] {dag.py:3096} INFO - Sync 1 DAGs
[2026-07-28T23:36:43.708+0000] {logging_mixin.py:188} INFO - [2026-07-28T23:36:43.707+0000] {dag.py:3954} INFO - Setting next_dagrun for process_silver_layer to None, run_after=None
[2026-07-28T23:36:43.762+0000] {processor.py:183} INFO - Processing /opt/airflow/dags/silver_processing_dag.py took 0.260 seconds
[2026-07-28T23:37:13.941+0000] {processor.py:161} INFO - Started process (PID=13889) to work on /opt/airflow/dags/silver_processing_dag.py
[2026-07-28T23:37:13.945+0000] {processor.py:830} INFO - Processing file /opt/airflow/dags/silver_processing_dag.py for tasks to queue
[2026-07-28T23:37:13.950+0000] {logging_mixin.py:188} INFO - [2026-07-28T23:37:13.949+0000] {dagbag.py:545} INFO - Filling up the DagBag from /opt/airflow/dags/silver_processing_dag.py
[2026-07-28T23:37:14.030+0000] {processor.py:840} INFO - DAG(s) 'process_silver_layer' retrieved from /opt/airflow/dags/silver_processing_dag.py
[2026-07-28T23:37:14.117+0000] {logging_mixin.py:188} INFO - [2026-07-28T23:37:14.116+0000] {dag.py:3096} INFO - Sync 1 DAGs
[2026-07-28T23:37:14.162+0000] {logging_mixin.py:188} INFO - [2026-07-28T23:37:14.161+0000] {dag.py:3954} INFO - Setting next_dagrun for process_silver_layer to None, run_after=None
[2026-07-28T23:37:14.244+0000] {processor.py:183} INFO - Processing /opt/airflow/dags/silver_processing_dag.py took 0.329 seconds
[2026-07-28T23:37:44.756+0000] {processor.py:161} INFO - Started process (PID=13904) to work on /opt/airflow/dags/silver_processing_dag.py
[2026-07-28T23:37:44.758+0000] {processor.py:830} INFO - Processing file /opt/airflow/dags/silver_processing_dag.py for tasks to queue
[2026-07-28T23:37:44.762+0000] {logging_mixin.py:188} INFO - [2026-07-28T23:37:44.761+0000] {dagbag.py:545} INFO - Filling up the DagBag from /opt/airflow/dags/silver_processing_dag.py
[2026-07-28T23:37:44.808+0000] {processor.py:840} INFO - DAG(s) 'process_silver_layer' retrieved from /opt/airflow/dags/silver_processing_dag.py
[2026-07-28T23:37:44.866+0000] {logging_mixin.py:188} INFO - [2026-07-28T23:37:44.866+0000] {dag.py:3096} INFO - Sync 1 DAGs
[2026-07-28T23:37:44.908+0000] {logging_mixin.py:188} INFO - [2026-07-28T23:37:44.907+0000] {dag.py:3954} INFO - Setting next_dagrun for process_silver_layer to None, run_after=None
[2026-07-28T23:37:44.958+0000] {processor.py:183} INFO - Processing /opt/airflow/dags/silver_processing_dag.py took 0.223 seconds
[2026-07-28T23:38:15.208+0000] {processor.py:161} INFO - Started process (PID=13919) to work on /opt/airflow/dags/silver_processing_dag.py
[2026-07-28T23:38:15.211+0000] {processor.py:830} INFO - Processing file /opt/airflow/dags/silver_processing_dag.py for tasks to queue
[2026-07-28T23:38:15.216+0000] {logging_mixin.py:188} INFO - [2026-07-28T23:38:15.215+0000] {dagbag.py:545} INFO - Filling up the DagBag from /opt/airflow/dags/silver_processing_dag.py
[2026-07-28T23:38:15.265+0000] {processor.py:840} INFO - DAG(s) 'process_silver_layer' retrieved from /opt/airflow/dags/silver_processing_dag.py
[2026-07-28T23:38:15.325+0000] {logging_mixin.py:188} INFO - [2026-07-28T23:38:15.324+0000] {dag.py:3096} INFO - Sync 1 DAGs
[2026-07-28T23:38:15.371+0000] {logging_mixin.py:188} INFO - [2026-07-28T23:38:15.370+0000] {dag.py:3954} INFO - Setting next_dagrun for process_silver_layer to None, run_after=None
[2026-07-28T23:38:15.423+0000] {processor.py:183} INFO - Processing /opt/airflow/dags/silver_processing_dag.py took 0.239 seconds
[2026-07-28T23:38:45.718+0000] {processor.py:161} INFO - Started process (PID=13934) to work on /opt/airflow/dags/silver_processing_dag.py
[2026-07-28T23:38:45.724+0000] {processor.py:830} INFO - Processing file /opt/airflow/dags/silver_processing_dag.py for tasks to queue
[2026-07-28T23:38:45.733+0000] {logging_mixin.py:188} INFO - [2026-07-28T23:38:45.728+0000] {dagbag.py:545} INFO - Filling up the DagBag from /opt/airflow/dags/silver_processing_dag.py
[2026-07-28T23:38:45.783+0000] {processor.py:840} INFO - DAG(s) 'process_silver_layer' retrieved from /opt/airflow/dags/silver_processing_dag.py
[2026-07-28T23:38:45.838+0000] {logging_mixin.py:188} INFO - [2026-07-28T23:38:45.838+0000] {dag.py:3096} INFO - Sync 1 DAGs
[2026-07-28T23:38:45.875+0000] {logging_mixin.py:188} INFO - [2026-07-28T23:38:45.875+0000] {dag.py:3954} INFO - Setting next_dagrun for process_silver_layer to None, run_after=None
[2026-07-28T23:38:45.926+0000] {processor.py:183} INFO - Processing /opt/airflow/dags/silver_processing_dag.py took 0.236 seconds
[2026-07-28T23:39:16.092+0000] {processor.py:161} INFO - Started process (PID=13951) to work on /opt/airflow/dags/silver_processing_dag.py
[2026-07-28T23:39:16.094+0000] {processor.py:830} INFO - Processing file /opt/airflow/dags/silver_processing_dag.py for tasks to queue
[2026-07-28T23:39:16.097+0000] {logging_mixin.py:188} INFO - [2026-07-28T23:39:16.096+0000] {dagbag.py:545} INFO - Filling up the DagBag from /opt/airflow/dags/silver_processing_dag.py
[2026-07-28T23:39:16.136+0000] {processor.py:840} INFO - DAG(s) 'process_silver_layer' retrieved from /opt/airflow/dags/silver_processing_dag.py
[2026-07-28T23:39:16.183+0000] {logging_mixin.py:188} INFO - [2026-07-28T23:39:16.182+0000] {dag.py:3096} INFO - Sync 1 DAGs
[2026-07-28T23:39:16.215+0000] {logging_mixin.py:188} INFO - [2026-07-28T23:39:16.215+0000] {dag.py:3954} INFO - Setting next_dagrun for process_silver_layer to None, run_after=None
[2026-07-28T23:39:16.270+0000] {processor.py:183} INFO - Processing /opt/airflow/dags/silver_processing_dag.py took 0.191 seconds
[2026-07-28T23:39:46.778+0000] {processor.py:161} INFO - Started process (PID=13964) to work on /opt/airflow/dags/silver_processing_dag.py
[2026-07-28T23:39:46.781+0000] {processor.py:830} INFO - Processing file /opt/airflow/dags/silver_processing_dag.py for tasks to queue
[2026-07-28T23:39:46.784+0000] {logging_mixin.py:188} INFO - [2026-07-28T23:39:46.784+0000] {dagbag.py:545} INFO - Filling up the DagBag from /opt/airflow/dags/silver_processing_dag.py
[2026-07-28T23:39:46.832+0000] {processor.py:840} INFO - DAG(s) 'process_silver_layer' retrieved from /opt/airflow/dags/silver_processing_dag.py
[2026-07-28T23:39:46.891+0000] {logging_mixin.py:188} INFO - [2026-07-28T23:39:46.891+0000] {dag.py:3096} INFO - Sync 1 DAGs
[2026-07-28T23:39:46.930+0000] {logging_mixin.py:188} INFO - [2026-07-28T23:39:46.930+0000] {dag.py:3954} INFO - Setting next_dagrun for process_silver_layer to None, run_after=None
[2026-07-28T23:39:46.986+0000] {processor.py:183} INFO - Processing /opt/airflow/dags/silver_processing_dag.py took 0.227 seconds
[2026-07-28T23:40:17.251+0000] {processor.py:161} INFO - Started process (PID=13979) to work on /opt/airflow/dags/silver_processing_dag.py
[2026-07-28T23:40:17.254+0000] {processor.py:830} INFO - Processing file /opt/airflow/dags/silver_processing_dag.py for tasks to queue
[2026-07-28T23:40:17.257+0000] {logging_mixin.py:188} INFO - [2026-07-28T23:40:17.256+0000] {dagbag.py:545} INFO - Filling up the DagBag from /opt/airflow/dags/silver_processing_dag.py
[2026-07-28T23:40:17.308+0000] {processor.py:840} INFO - DAG(s) 'process_silver_layer' retrieved from /opt/airflow/dags/silver_processing_dag.py
[2026-07-28T23:40:17.363+0000] {logging_mixin.py:188} INFO - [2026-07-28T23:40:17.363+0000] {dag.py:3096} INFO - Sync 1 DAGs
[2026-07-28T23:40:17.399+0000] {logging_mixin.py:188} INFO - [2026-07-28T23:40:17.398+0000] {dag.py:3954} INFO - Setting next_dagrun for process_silver_layer to None, run_after=None
[2026-07-28T23:40:17.455+0000] {processor.py:183} INFO - Processing /opt/airflow/dags/silver_processing_dag.py took 0.243 seconds
[2026-07-28T23:40:47.775+0000] {processor.py:161} INFO - Started process (PID=13994) to work on /opt/airflow/dags/silver_processing_dag.py
[2026-07-28T23:40:47.778+0000] {processor.py:830} INFO - Processing file /opt/airflow/dags/silver_processing_dag.py for tasks to queue
[2026-07-28T23:40:47.782+0000] {logging_mixin.py:188} INFO - [2026-07-28T23:40:47.781+0000] {dagbag.py:545} INFO - Filling up the DagBag from /opt/airflow/dags/silver_processing_dag.py
[2026-07-28T23:40:47.831+0000] {processor.py:840} INFO - DAG(s) 'process_silver_layer' retrieved from /opt/airflow/dags/silver_processing_dag.py
[2026-07-28T23:40:47.897+0000] {logging_mixin.py:188} INFO - [2026-07-28T23:40:47.897+0000] {dag.py:3096} INFO - Sync 1 DAGs
[2026-07-28T23:40:47.936+0000] {logging_mixin.py:188} INFO - [2026-07-28T23:40:47.936+0000] {dag.py:3954} INFO - Setting next_dagrun for process_silver_layer to None, run_after=None
[2026-07-28T23:40:47.983+0000] {processor.py:183} INFO - Processing /opt/airflow/dags/silver_processing_dag.py took 0.226 seconds
[2026-07-28T23:41:18.853+0000] {processor.py:161} INFO - Started process (PID=14009) to work on /opt/airflow/dags/silver_processing_dag.py
[2026-07-28T23:41:18.855+0000] {processor.py:830} INFO - Processing file /opt/airflow/dags/silver_processing_dag.py for tasks to queue
[2026-07-28T23:41:18.860+0000] {logging_mixin.py:188} INFO - [2026-07-28T23:41:18.860+0000] {dagbag.py:545} INFO - Filling up the DagBag from /opt/airflow/dags/silver_processing_dag.py
[2026-07-28T23:41:18.908+0000] {processor.py:840} INFO - DAG(s) 'process_silver_layer' retrieved from /opt/airflow/dags/silver_processing_dag.py
[2026-07-28T23:41:18.963+0000] {logging_mixin.py:188} INFO - [2026-07-28T23:41:18.963+0000] {dag.py:3096} INFO - Sync 1 DAGs
[2026-07-28T23:41:19.000+0000] {logging_mixin.py:188} INFO - [2026-07-28T23:41:18.999+0000] {dag.py:3954} INFO - Setting next_dagrun for process_silver_layer to None, run_after=None
[2026-07-28T23:41:19.049+0000] {processor.py:183} INFO - Processing /opt/airflow/dags/silver_processing_dag.py took 0.212 seconds
[2026-07-28T23:41:49.570+0000] {processor.py:161} INFO - Started process (PID=14024) to work on /opt/airflow/dags/silver_processing_dag.py
[2026-07-28T23:41:49.573+0000] {processor.py:830} INFO - Processing file /opt/airflow/dags/silver_processing_dag.py for tasks to queue
[2026-07-28T23:41:49.578+0000] {logging_mixin.py:188} INFO - [2026-07-28T23:41:49.576+0000] {dagbag.py:545} INFO - Filling up the DagBag from /opt/airflow/dags/silver_processing_dag.py
[2026-07-28T23:41:49.645+0000] {processor.py:840} INFO - DAG(s) 'process_silver_layer' retrieved from /opt/airflow/dags/silver_processing_dag.py
[2026-07-28T23:41:49.705+0000] {logging_mixin.py:188} INFO - [2026-07-28T23:41:49.704+0000] {dag.py:3096} INFO - Sync 1 DAGs
[2026-07-28T23:41:49.741+0000] {logging_mixin.py:188} INFO - [2026-07-28T23:41:49.740+0000] {dag.py:3954} INFO - Setting next_dagrun for process_silver_layer to None, run_after=None
[2026-07-28T23:41:49.795+0000] {processor.py:183} INFO - Processing /opt/airflow/dags/silver_processing_dag.py took 0.248 seconds
[2026-07-28T23:42:20.018+0000] {processor.py:161} INFO - Started process (PID=14039) to work on /opt/airflow/dags/silver_processing_dag.py
[2026-07-28T23:42:20.022+0000] {processor.py:830} INFO - Processing file /opt/airflow/dags/silver_processing_dag.py for tasks to queue
[2026-07-28T23:42:20.030+0000] {logging_mixin.py:188} INFO - [2026-07-28T23:42:20.027+0000] {dagbag.py:545} INFO - Filling up the DagBag from /opt/airflow/dags/silver_processing_dag.py
[2026-07-28T23:42:20.086+0000] {processor.py:840} INFO - DAG(s) 'process_silver_layer' retrieved from /opt/airflow/dags/silver_processing_dag.py
[2026-07-28T23:42:20.180+0000] {logging_mixin.py:188} INFO - [2026-07-28T23:42:20.180+0000] {dag.py:3096} INFO - Sync 1 DAGs
[2026-07-28T23:42:20.213+0000] {logging_mixin.py:188} INFO - [2026-07-28T23:42:20.213+0000] {dag.py:3954} INFO - Setting next_dagrun for process_silver_layer to None, run_after=None
[2026-07-28T23:42:20.270+0000] {processor.py:183} INFO - Processing /opt/airflow/dags/silver_processing_dag.py took 0.273 seconds
[2026-07-28T23:42:50.572+0000] {processor.py:161} INFO - Started process (PID=14054) to work on /opt/airflow/dags/silver_processing_dag.py
[2026-07-28T23:42:50.574+0000] {processor.py:830} INFO - Processing file /opt/airflow/dags/silver_processing_dag.py for tasks to queue
[2026-07-28T23:42:50.578+0000] {logging_mixin.py:188} INFO - [2026-07-28T23:42:50.577+0000] {dagbag.py:545} INFO - Filling up the DagBag from /opt/airflow/dags/silver_processing_dag.py
[2026-07-28T23:42:50.628+0000] {processor.py:840} INFO - DAG(s) 'process_silver_layer' retrieved from /opt/airflow/dags/silver_processing_dag.py
[2026-07-28T23:42:50.683+0000] {logging_mixin.py:188} INFO - [2026-07-28T23:42:50.682+0000] {dag.py:3096} INFO - Sync 1 DAGs
[2026-07-28T23:42:50.721+0000] {logging_mixin.py:188} INFO - [2026-07-28T23:42:50.720+0000] {dag.py:3954} INFO - Setting next_dagrun for process_silver_layer to None, run_after=None
[2026-07-28T23:42:50.769+0000] {processor.py:183} INFO - Processing /opt/airflow/dags/silver_processing_dag.py took 0.215 seconds
[2026-07-28T23:43:21.332+0000] {processor.py:161} INFO - Started process (PID=14069) to work on /opt/airflow/dags/silver_processing_dag.py
[2026-07-28T23:43:21.335+0000] {processor.py:830} INFO - Processing file /opt/airflow/dags/silver_processing_dag.py for tasks to queue
[2026-07-28T23:43:21.339+0000] {logging_mixin.py:188} INFO - [2026-07-28T23:43:21.339+0000] {dagbag.py:545} INFO - Filling up the DagBag from /opt/airflow/dags/silver_processing_dag.py
[2026-07-28T23:43:21.384+0000] {processor.py:840} INFO - DAG(s) 'process_silver_layer' retrieved from /opt/airflow/dags/silver_processing_dag.py
[2026-07-28T23:43:21.443+0000] {logging_mixin.py:188} INFO - [2026-07-28T23:43:21.443+0000] {dag.py:3096} INFO - Sync 1 DAGs
[2026-07-28T23:43:21.478+0000] {logging_mixin.py:188} INFO - [2026-07-28T23:43:21.477+0000] {dag.py:3954} INFO - Setting next_dagrun for process_silver_layer to None, run_after=None
[2026-07-28T23:43:21.543+0000] {processor.py:183} INFO - Processing /opt/airflow/dags/silver_processing_dag.py took 0.226 seconds
[2026-07-28T23:43:52.023+0000] {processor.py:161} INFO - Started process (PID=14084) to work on /opt/airflow/dags/silver_processing_dag.py
[2026-07-28T23:43:52.030+0000] {processor.py:830} INFO - Processing file /opt/airflow/dags/silver_processing_dag.py for tasks to queue
[2026-07-28T23:43:52.036+0000] {logging_mixin.py:188} INFO - [2026-07-28T23:43:52.036+0000] {dagbag.py:545} INFO - Filling up the DagBag from /opt/airflow/dags/silver_processing_dag.py
[2026-07-28T23:43:52.086+0000] {processor.py:840} INFO - DAG(s) 'process_silver_layer' retrieved from /opt/airflow/dags/silver_processing_dag.py
[2026-07-28T23:43:52.136+0000] {logging_mixin.py:188} INFO - [2026-07-28T23:43:52.136+0000] {dag.py:3096} INFO - Sync 1 DAGs
[2026-07-28T23:43:52.171+0000] {logging_mixin.py:188} INFO - [2026-07-28T23:43:52.171+0000] {dag.py:3954} INFO - Setting next_dagrun for process_silver_layer to None, run_after=None
[2026-07-28T23:43:52.227+0000] {processor.py:183} INFO - Processing /opt/airflow/dags/silver_processing_dag.py took 0.250 seconds
[2026-07-28T23:44:22.459+0000] {processor.py:161} INFO - Started process (PID=14099) to work on /opt/airflow/dags/silver_processing_dag.py
[2026-07-28T23:44:22.462+0000] {processor.py:830} INFO - Processing file /opt/airflow/dags/silver_processing_dag.py for tasks to queue
[2026-07-28T23:44:22.466+0000] {logging_mixin.py:188} INFO - [2026-07-28T23:44:22.465+0000] {dagbag.py:545} INFO - Filling up the DagBag from /opt/airflow/dags/silver_processing_dag.py
[2026-07-28T23:44:22.509+0000] {processor.py:840} INFO - DAG(s) 'process_silver_layer' retrieved from /opt/airflow/dags/silver_processing_dag.py
[2026-07-28T23:44:22.574+0000] {logging_mixin.py:188} INFO - [2026-07-28T23:44:22.573+0000] {dag.py:3096} INFO - Sync 1 DAGs
[2026-07-28T23:44:22.620+0000] {logging_mixin.py:188} INFO - [2026-07-28T23:44:22.619+0000] {dag.py:3954} INFO - Setting next_dagrun for process_silver_layer to None, run_after=None
[2026-07-28T23:44:22.668+0000] {processor.py:183} INFO - Processing /opt/airflow/dags/silver_processing_dag.py took 0.227 seconds
[2026-07-28T23:44:52.967+0000] {processor.py:161} INFO - Started process (PID=14114) to work on /opt/airflow/dags/silver_processing_dag.py
[2026-07-28T23:44:52.969+0000] {processor.py:830} INFO - Processing file /opt/airflow/dags/silver_processing_dag.py for tasks to queue
[2026-07-28T23:44:52.974+0000] {logging_mixin.py:188} INFO - [2026-07-28T23:44:52.973+0000] {dagbag.py:545} INFO - Filling up the DagBag from /opt/airflow/dags/silver_processing_dag.py
[2026-07-28T23:44:53.024+0000] {processor.py:840} INFO - DAG(s) 'process_silver_layer' retrieved from /opt/airflow/dags/silver_processing_dag.py
[2026-07-28T23:44:53.082+0000] {logging_mixin.py:188} INFO - [2026-07-28T23:44:53.082+0000] {dag.py:3096} INFO - Sync 1 DAGs
[2026-07-28T23:44:53.120+0000] {logging_mixin.py:188} INFO - [2026-07-28T23:44:53.120+0000] {dag.py:3954} INFO - Setting next_dagrun for process_silver_layer to None, run_after=None
[2026-07-28T23:44:53.526+0000] {processor.py:183} INFO - Processing /opt/airflow/dags/silver_processing_dag.py took 0.579 seconds
[2026-07-28T23:45:41.269+0000] {processor.py:161} INFO - Started process (PID=14129) to work on /opt/airflow/dags/silver_processing_dag.py
[2026-07-28T23:45:41.272+0000] {processor.py:830} INFO - Processing file /opt/airflow/dags/silver_processing_dag.py for tasks to queue
[2026-07-28T23:45:41.278+0000] {logging_mixin.py:188} INFO - [2026-07-28T23:45:41.277+0000] {dagbag.py:545} INFO - Filling up the DagBag from /opt/airflow/dags/silver_processing_dag.py
[2026-07-28T23:45:41.355+0000] {processor.py:840} INFO - DAG(s) 'process_silver_layer' retrieved from /opt/airflow/dags/silver_processing_dag.py
[2026-07-28T23:45:41.433+0000] {logging_mixin.py:188} INFO - [2026-07-28T23:45:41.432+0000] {dag.py:3096} INFO - Sync 1 DAGs
[2026-07-28T23:45:41.466+0000] {logging_mixin.py:188} INFO - [2026-07-28T23:45:41.466+0000] {dag.py:3954} INFO - Setting next_dagrun for process_silver_layer to None, run_after=None
[2026-07-28T23:45:41.519+0000] {processor.py:183} INFO - Processing /opt/airflow/dags/silver_processing_dag.py took 0.268 seconds
[2026-07-28T23:46:27.087+0000] {processor.py:161} INFO - Started process (PID=14144) to work on /opt/airflow/dags/silver_processing_dag.py
[2026-07-28T23:46:27.090+0000] {processor.py:830} INFO - Processing file /opt/airflow/dags/silver_processing_dag.py for tasks to queue
[2026-07-28T23:46:27.094+0000] {logging_mixin.py:188} INFO - [2026-07-28T23:46:27.093+0000] {dagbag.py:545} INFO - Filling up the DagBag from /opt/airflow/dags/silver_processing_dag.py
[2026-07-28T23:46:27.155+0000] {processor.py:840} INFO - DAG(s) 'process_silver_layer' retrieved from /opt/airflow/dags/silver_processing_dag.py
[2026-07-28T23:46:27.224+0000] {logging_mixin.py:188} INFO - [2026-07-28T23:46:27.224+0000] {dag.py:3096} INFO - Sync 1 DAGs
[2026-07-28T23:46:27.257+0000] {logging_mixin.py:188} INFO - [2026-07-28T23:46:27.256+0000] {dag.py:3954} INFO - Setting next_dagrun for process_silver_layer to None, run_after=None
[2026-07-28T23:46:27.310+0000] {processor.py:183} INFO - Processing /opt/airflow/dags/silver_processing_dag.py took 0.243 seconds
[2026-07-28T23:46:57.852+0000] {processor.py:161} INFO - Started process (PID=14159) to work on /opt/airflow/dags/silver_processing_dag.py
[2026-07-28T23:46:57.855+0000] {processor.py:830} INFO - Processing file /opt/airflow/dags/silver_processing_dag.py for tasks to queue
[2026-07-28T23:46:57.859+0000] {logging_mixin.py:188} INFO - [2026-07-28T23:46:57.858+0000] {dagbag.py:545} INFO - Filling up the DagBag from /opt/airflow/dags/silver_processing_dag.py
[2026-07-28T23:46:57.958+0000] {processor.py:840} INFO - DAG(s) 'process_silver_layer' retrieved from /opt/airflow/dags/silver_processing_dag.py
[2026-07-28T23:46:58.042+0000] {logging_mixin.py:188} INFO - [2026-07-28T23:46:58.042+0000] {dag.py:3096} INFO - Sync 1 DAGs
[2026-07-28T23:46:58.086+0000] {logging_mixin.py:188} INFO - [2026-07-28T23:46:58.086+0000] {dag.py:3954} INFO - Setting next_dagrun for process_silver_layer to None, run_after=None
[2026-07-28T23:46:58.142+0000] {processor.py:183} INFO - Processing /opt/airflow/dags/silver_processing_dag.py took 0.311 seconds
[2026-07-28T23:47:28.670+0000] {processor.py:161} INFO - Started process (PID=14174) to work on /opt/airflow/dags/silver_processing_dag.py
[2026-07-28T23:47:28.673+0000] {processor.py:830} INFO - Processing file /opt/airflow/dags/silver_processing_dag.py for tasks to queue
[2026-07-28T23:47:28.677+0000] {logging_mixin.py:188} INFO - [2026-07-28T23:47:28.676+0000] {dagbag.py:545} INFO - Filling up the DagBag from /opt/airflow/dags/silver_processing_dag.py
[2026-07-28T23:47:28.725+0000] {processor.py:840} INFO - DAG(s) 'process_silver_layer' retrieved from /opt/airflow/dags/silver_processing_dag.py
[2026-07-28T23:47:28.782+0000] {logging_mixin.py:188} INFO - [2026-07-28T23:47:28.781+0000] {dag.py:3096} INFO - Sync 1 DAGs
[2026-07-28T23:47:28.813+0000] {logging_mixin.py:188} INFO - [2026-07-28T23:47:28.813+0000] {dag.py:3954} INFO - Setting next_dagrun for process_silver_layer to None, run_after=None
[2026-07-28T23:47:28.862+0000] {processor.py:183} INFO - Processing /opt/airflow/dags/silver_processing_dag.py took 0.211 seconds
[2026-07-28T23:47:59.443+0000] {processor.py:161} INFO - Started process (PID=14189) to work on /opt/airflow/dags/silver_processing_dag.py
[2026-07-28T23:47:59.447+0000] {processor.py:830} INFO - Processing file /opt/airflow/dags/silver_processing_dag.py for tasks to queue
[2026-07-28T23:47:59.453+0000] {logging_mixin.py:188} INFO - [2026-07-28T23:47:59.452+0000] {dagbag.py:545} INFO - Filling up the DagBag from /opt/airflow/dags/silver_processing_dag.py
[2026-07-28T23:47:59.554+0000] {processor.py:840} INFO - DAG(s) 'process_silver_layer' retrieved from /opt/airflow/dags/silver_processing_dag.py
[2026-07-28T23:47:59.707+0000] {logging_mixin.py:188} INFO - [2026-07-28T23:47:59.706+0000] {dag.py:3096} INFO - Sync 1 DAGs
[2026-07-28T23:47:59.819+0000] {logging_mixin.py:188} INFO - [2026-07-28T23:47:59.818+0000] {dag.py:3954} INFO - Setting next_dagrun for process_silver_layer to None, run_after=None
[2026-07-28T23:47:59.983+0000] {processor.py:183} INFO - Processing /opt/airflow/dags/silver_processing_dag.py took 0.592 seconds
[2026-07-28T23:48:30.419+0000] {processor.py:161} INFO - Started process (PID=14204) to work on /opt/airflow/dags/silver_processing_dag.py
[2026-07-28T23:48:30.423+0000] {processor.py:830} INFO - Processing file /opt/airflow/dags/silver_processing_dag.py for tasks to queue
[2026-07-28T23:48:30.426+0000] {logging_mixin.py:188} INFO - [2026-07-28T23:48:30.426+0000] {dagbag.py:545} INFO - Filling up the DagBag from /opt/airflow/dags/silver_processing_dag.py
[2026-07-28T23:48:30.476+0000] {processor.py:840} INFO - DAG(s) 'process_silver_layer' retrieved from /opt/airflow/dags/silver_processing_dag.py
[2026-07-28T23:48:30.550+0000] {logging_mixin.py:188} INFO - [2026-07-28T23:48:30.549+0000] {dag.py:3096} INFO - Sync 1 DAGs
[2026-07-28T23:48:30.583+0000] {logging_mixin.py:188} INFO - [2026-07-28T23:48:30.582+0000] {dag.py:3954} INFO - Setting next_dagrun for process_silver_layer to None, run_after=None
[2026-07-28T23:48:30.633+0000] {processor.py:183} INFO - Processing /opt/airflow/dags/silver_processing_dag.py took 0.235 seconds
[2026-07-28T23:49:01.034+0000] {processor.py:161} INFO - Started process (PID=14219) to work on /opt/airflow/dags/silver_processing_dag.py
[2026-07-28T23:49:01.037+0000] {processor.py:830} INFO - Processing file /opt/airflow/dags/silver_processing_dag.py for tasks to queue
[2026-07-28T23:49:01.041+0000] {logging_mixin.py:188} INFO - [2026-07-28T23:49:01.041+0000] {dagbag.py:545} INFO - Filling up the DagBag from /opt/airflow/dags/silver_processing_dag.py
[2026-07-28T23:49:01.094+0000] {processor.py:840} INFO - DAG(s) 'process_silver_layer' retrieved from /opt/airflow/dags/silver_processing_dag.py
[2026-07-28T23:49:01.153+0000] {logging_mixin.py:188} INFO - [2026-07-28T23:49:01.153+0000] {dag.py:3096} INFO - Sync 1 DAGs
[2026-07-28T23:49:01.188+0000] {logging_mixin.py:188} INFO - [2026-07-28T23:49:01.188+0000] {dag.py:3954} INFO - Setting next_dagrun for process_silver_layer to None, run_after=None
[2026-07-28T23:49:01.246+0000] {processor.py:183} INFO - Processing /opt/airflow/dags/silver_processing_dag.py took 0.229 seconds
[2026-07-28T23:49:31.804+0000] {processor.py:161} INFO - Started process (PID=14234) to work on /opt/airflow/dags/silver_processing_dag.py
[2026-07-28T23:49:31.807+0000] {processor.py:830} INFO - Processing file /opt/airflow/dags/silver_processing_dag.py for tasks to queue
[2026-07-28T23:49:31.810+0000] {logging_mixin.py:188} INFO - [2026-07-28T23:49:31.810+0000] {dagbag.py:545} INFO - Filling up the DagBag from /opt/airflow/dags/silver_processing_dag.py
[2026-07-28T23:49:31.855+0000] {processor.py:840} INFO - DAG(s) 'process_silver_layer' retrieved from /opt/airflow/dags/silver_processing_dag.py
[2026-07-28T23:49:31.927+0000] {logging_mixin.py:188} INFO - [2026-07-28T23:49:31.927+0000] {dag.py:3096} INFO - Sync 1 DAGs
[2026-07-28T23:49:31.967+0000] {logging_mixin.py:188} INFO - [2026-07-28T23:49:31.967+0000] {dag.py:3954} INFO - Setting next_dagrun for process_silver_layer to None, run_after=None
[2026-07-28T23:49:32.017+0000] {processor.py:183} INFO - Processing /opt/airflow/dags/silver_processing_dag.py took 0.229 seconds
[2026-07-28T23:50:02.374+0000] {processor.py:161} INFO - Started process (PID=14249) to work on /opt/airflow/dags/silver_processing_dag.py
[2026-07-28T23:50:02.377+0000] {processor.py:830} INFO - Processing file /opt/airflow/dags/silver_processing_dag.py for tasks to queue
[2026-07-28T23:50:02.381+0000] {logging_mixin.py:188} INFO - [2026-07-28T23:50:02.380+0000] {dagbag.py:545} INFO - Filling up the DagBag from /opt/airflow/dags/silver_processing_dag.py
[2026-07-28T23:50:02.427+0000] {processor.py:840} INFO - DAG(s) 'process_silver_layer' retrieved from /opt/airflow/dags/silver_processing_dag.py
[2026-07-28T23:50:02.491+0000] {logging_mixin.py:188} INFO - [2026-07-28T23:50:02.490+0000] {dag.py:3096} INFO - Sync 1 DAGs
[2026-07-28T23:50:02.523+0000] {logging_mixin.py:188} INFO - [2026-07-28T23:50:02.523+0000] {dag.py:3954} INFO - Setting next_dagrun for process_silver_layer to None, run_after=None
[2026-07-28T23:50:02.586+0000] {processor.py:183} INFO - Processing /opt/airflow/dags/silver_processing_dag.py took 0.229 seconds
[2026-07-28T23:50:32.796+0000] {processor.py:161} INFO - Started process (PID=14264) to work on /opt/airflow/dags/silver_processing_dag.py
[2026-07-28T23:50:32.799+0000] {processor.py:830} INFO - Processing file /opt/airflow/dags/silver_processing_dag.py for tasks to queue
[2026-07-28T23:50:32.803+0000] {logging_mixin.py:188} INFO - [2026-07-28T23:50:32.802+0000] {dagbag.py:545} INFO - Filling up the DagBag from /opt/airflow/dags/silver_processing_dag.py
[2026-07-28T23:50:32.854+0000] {processor.py:840} INFO - DAG(s) 'process_silver_layer' retrieved from /opt/airflow/dags/silver_processing_dag.py
[2026-07-28T23:50:32.915+0000] {logging_mixin.py:188} INFO - [2026-07-28T23:50:32.914+0000] {dag.py:3096} INFO - Sync 1 DAGs
[2026-07-28T23:50:32.948+0000] {logging_mixin.py:188} INFO - [2026-07-28T23:50:32.948+0000] {dag.py:3954} INFO - Setting next_dagrun for process_silver_layer to None, run_after=None
[2026-07-28T23:50:33.002+0000] {processor.py:183} INFO - Processing /opt/airflow/dags/silver_processing_dag.py took 0.222 seconds
[2026-07-28T23:51:03.264+0000] {processor.py:161} INFO - Started process (PID=14279) to work on /opt/airflow/dags/silver_processing_dag.py
[2026-07-28T23:51:03.267+0000] {processor.py:830} INFO - Processing file /opt/airflow/dags/silver_processing_dag.py for tasks to queue
[2026-07-28T23:51:03.271+0000] {logging_mixin.py:188} INFO - [2026-07-28T23:51:03.270+0000] {dagbag.py:545} INFO - Filling up the DagBag from /opt/airflow/dags/silver_processing_dag.py
[2026-07-28T23:51:03.327+0000] {processor.py:840} INFO - DAG(s) 'process_silver_layer' retrieved from /opt/airflow/dags/silver_processing_dag.py
[2026-07-28T23:51:03.387+0000] {logging_mixin.py:188} INFO - [2026-07-28T23:51:03.386+0000] {dag.py:3096} INFO - Sync 1 DAGs
[2026-07-28T23:51:03.436+0000] {logging_mixin.py:188} INFO - [2026-07-28T23:51:03.436+0000] {dag.py:3954} INFO - Setting next_dagrun for process_silver_layer to None, run_after=None
[2026-07-28T23:51:03.746+0000] {processor.py:183} INFO - Processing /opt/airflow/dags/silver_processing_dag.py took 0.504 seconds
[2026-07-28T23:51:34.365+0000] {processor.py:161} INFO - Started process (PID=14294) to work on /opt/airflow/dags/silver_processing_dag.py
[2026-07-28T23:51:34.368+0000] {processor.py:830} INFO - Processing file /opt/airflow/dags/silver_processing_dag.py for tasks to queue
[2026-07-28T23:51:34.373+0000] {logging_mixin.py:188} INFO - [2026-07-28T23:51:34.372+0000] {dagbag.py:545} INFO - Filling up the DagBag from /opt/airflow/dags/silver_processing_dag.py
[2026-07-28T23:51:34.424+0000] {processor.py:840} INFO - DAG(s) 'process_silver_layer' retrieved from /opt/airflow/dags/silver_processing_dag.py
[2026-07-28T23:51:34.480+0000] {logging_mixin.py:188} INFO - [2026-07-28T23:51:34.479+0000] {dag.py:3096} INFO - Sync 1 DAGs
[2026-07-28T23:51:34.512+0000] {logging_mixin.py:188} INFO - [2026-07-28T23:51:34.512+0000] {dag.py:3954} INFO - Setting next_dagrun for process_silver_layer to None, run_after=None
[2026-07-28T23:51:34.560+0000] {processor.py:183} INFO - Processing /opt/airflow/dags/silver_processing_dag.py took 0.214 seconds
[2026-07-28T23:52:04.955+0000] {processor.py:161} INFO - Started process (PID=14309) to work on /opt/airflow/dags/silver_processing_dag.py
[2026-07-28T23:52:04.962+0000] {processor.py:830} INFO - Processing file /opt/airflow/dags/silver_processing_dag.py for tasks to queue
[2026-07-28T23:52:04.966+0000] {logging_mixin.py:188} INFO - [2026-07-28T23:52:04.965+0000] {dagbag.py:545} INFO - Filling up the DagBag from /opt/airflow/dags/silver_processing_dag.py
[2026-07-28T23:52:05.022+0000] {processor.py:840} INFO - DAG(s) 'process_silver_layer' retrieved from /opt/airflow/dags/silver_processing_dag.py
[2026-07-28T23:52:05.083+0000] {logging_mixin.py:188} INFO - [2026-07-28T23:52:05.083+0000] {dag.py:3096} INFO - Sync 1 DAGs
[2026-07-28T23:52:05.125+0000] {logging_mixin.py:188} INFO - [2026-07-28T23:52:05.125+0000] {dag.py:3954} INFO - Setting next_dagrun for process_silver_layer to None, run_after=None
[2026-07-28T23:52:05.174+0000] {processor.py:183} INFO - Processing /opt/airflow/dags/silver_processing_dag.py took 0.237 seconds
[2026-07-28T23:52:35.332+0000] {processor.py:161} INFO - Started process (PID=14324) to work on /opt/airflow/dags/silver_processing_dag.py
[2026-07-28T23:52:35.334+0000] {processor.py:830} INFO - Processing file /opt/airflow/dags/silver_processing_dag.py for tasks to queue
[2026-07-28T23:52:35.339+0000] {logging_mixin.py:188} INFO - [2026-07-28T23:52:35.338+0000] {dagbag.py:545} INFO - Filling up the DagBag from /opt/airflow/dags/silver_processing_dag.py
[2026-07-28T23:52:35.428+0000] {processor.py:840} INFO - DAG(s) 'process_silver_layer' retrieved from /opt/airflow/dags/silver_processing_dag.py
[2026-07-28T23:52:35.515+0000] {logging_mixin.py:188} INFO - [2026-07-28T23:52:35.514+0000] {dag.py:3096} INFO - Sync 1 DAGs
[2026-07-28T23:52:35.558+0000] {logging_mixin.py:188} INFO - [2026-07-28T23:52:35.558+0000] {dag.py:3954} INFO - Setting next_dagrun for process_silver_layer to None, run_after=None
[2026-07-28T23:52:35.603+0000] {processor.py:183} INFO - Processing /opt/airflow/dags/silver_processing_dag.py took 0.293 seconds
[2026-07-28T23:53:06.135+0000] {processor.py:161} INFO - Started process (PID=14339) to work on /opt/airflow/dags/silver_processing_dag.py
[2026-07-28T23:53:06.138+0000] {processor.py:830} INFO - Processing file /opt/airflow/dags/silver_processing_dag.py for tasks to queue
[2026-07-28T23:53:06.143+0000] {logging_mixin.py:188} INFO - [2026-07-28T23:53:06.142+0000] {dagbag.py:545} INFO - Filling up the DagBag from /opt/airflow/dags/silver_processing_dag.py
[2026-07-28T23:53:06.264+0000] {processor.py:840} INFO - DAG(s) 'process_silver_layer' retrieved from /opt/airflow/dags/silver_processing_dag.py
[2026-07-28T23:53:06.352+0000] {logging_mixin.py:188} INFO - [2026-07-28T23:53:06.351+0000] {dag.py:3096} INFO - Sync 1 DAGs
[2026-07-28T23:53:06.388+0000] {logging_mixin.py:188} INFO - [2026-07-28T23:53:06.388+0000] {dag.py:3954} INFO - Setting next_dagrun for process_silver_layer to None, run_after=None
[2026-07-28T23:53:06.432+0000] {processor.py:183} INFO - Processing /opt/airflow/dags/silver_processing_dag.py took 0.331 seconds
[2026-07-28T23:53:36.926+0000] {processor.py:161} INFO - Started process (PID=14354) to work on /opt/airflow/dags/silver_processing_dag.py
[2026-07-28T23:53:36.930+0000] {processor.py:830} INFO - Processing file /opt/airflow/dags/silver_processing_dag.py for tasks to queue
[2026-07-28T23:53:36.935+0000] {logging_mixin.py:188} INFO - [2026-07-28T23:53:36.934+0000] {dagbag.py:545} INFO - Filling up the DagBag from /opt/airflow/dags/silver_processing_dag.py
[2026-07-28T23:53:36.994+0000] {processor.py:840} INFO - DAG(s) 'process_silver_layer' retrieved from /opt/airflow/dags/silver_processing_dag.py
[2026-07-28T23:53:37.056+0000] {logging_mixin.py:188} INFO - [2026-07-28T23:53:37.056+0000] {dag.py:3096} INFO - Sync 1 DAGs
[2026-07-28T23:53:37.088+0000] {logging_mixin.py:188} INFO - [2026-07-28T23:53:37.087+0000] {dag.py:3954} INFO - Setting next_dagrun for process_silver_layer to None, run_after=None
[2026-07-28T23:53:37.142+0000] {processor.py:183} INFO - Processing /opt/airflow/dags/silver_processing_dag.py took 0.233 seconds
[2026-07-28T23:54:07.454+0000] {processor.py:161} INFO - Started process (PID=14369) to work on /opt/airflow/dags/silver_processing_dag.py
[2026-07-28T23:54:07.456+0000] {processor.py:830} INFO - Processing file /opt/airflow/dags/silver_processing_dag.py for tasks to queue
[2026-07-28T23:54:07.460+0000] {logging_mixin.py:188} INFO - [2026-07-28T23:54:07.459+0000] {dagbag.py:545} INFO - Filling up the DagBag from /opt/airflow/dags/silver_processing_dag.py
[2026-07-28T23:54:07.515+0000] {processor.py:840} INFO - DAG(s) 'process_silver_layer' retrieved from /opt/airflow/dags/silver_processing_dag.py
[2026-07-28T23:54:07.596+0000] {logging_mixin.py:188} INFO - [2026-07-28T23:54:07.595+0000] {dag.py:3096} INFO - Sync 1 DAGs
[2026-07-28T23:54:07.675+0000] {logging_mixin.py:188} INFO - [2026-07-28T23:54:07.672+0000] {dag.py:3954} INFO - Setting next_dagrun for process_silver_layer to None, run_after=None
[2026-07-28T23:54:07.814+0000] {processor.py:183} INFO - Processing /opt/airflow/dags/silver_processing_dag.py took 0.380 seconds
[2026-07-28T23:54:40.108+0000] {processor.py:161} INFO - Started process (PID=14384) to work on /opt/airflow/dags/silver_processing_dag.py
[2026-07-28T23:54:40.112+0000] {processor.py:830} INFO - Processing file /opt/airflow/dags/silver_processing_dag.py for tasks to queue
[2026-07-28T23:54:40.117+0000] {logging_mixin.py:188} INFO - [2026-07-28T23:54:40.116+0000] {dagbag.py:545} INFO - Filling up the DagBag from /opt/airflow/dags/silver_processing_dag.py
[2026-07-28T23:54:40.177+0000] {processor.py:840} INFO - DAG(s) 'process_silver_layer' retrieved from /opt/airflow/dags/silver_processing_dag.py
[2026-07-28T23:54:40.241+0000] {logging_mixin.py:188} INFO - [2026-07-28T23:54:40.240+0000] {dag.py:3096} INFO - Sync 1 DAGs
[2026-07-28T23:54:40.277+0000] {logging_mixin.py:188} INFO - [2026-07-28T23:54:40.276+0000] {dag.py:3954} INFO - Setting next_dagrun for process_silver_layer to None, run_after=None
[2026-07-28T23:54:40.325+0000] {processor.py:183} INFO - Processing /opt/airflow/dags/silver_processing_dag.py took 0.235 seconds
[2026-07-28T23:55:24.869+0000] {processor.py:161} INFO - Started process (PID=14399) to work on /opt/airflow/dags/silver_processing_dag.py
[2026-07-28T23:55:24.873+0000] {processor.py:830} INFO - Processing file /opt/airflow/dags/silver_processing_dag.py for tasks to queue
[2026-07-28T23:55:24.877+0000] {logging_mixin.py:188} INFO - [2026-07-28T23:55:24.876+0000] {dagbag.py:545} INFO - Filling up the DagBag from /opt/airflow/dags/silver_processing_dag.py
[2026-07-28T23:55:24.958+0000] {processor.py:840} INFO - DAG(s) 'process_silver_layer' retrieved from /opt/airflow/dags/silver_processing_dag.py
[2026-07-28T23:55:25.046+0000] {logging_mixin.py:188} INFO - [2026-07-28T23:55:25.045+0000] {dag.py:3096} INFO - Sync 1 DAGs
[2026-07-28T23:55:25.082+0000] {logging_mixin.py:188} INFO - [2026-07-28T23:55:25.082+0000] {dag.py:3954} INFO - Setting next_dagrun for process_silver_layer to None, run_after=None
[2026-07-28T23:55:25.135+0000] {processor.py:183} INFO - Processing /opt/airflow/dags/silver_processing_dag.py took 0.286 seconds
[2026-07-28T23:55:56.000+0000] {processor.py:161} INFO - Started process (PID=14414) to work on /opt/airflow/dags/silver_processing_dag.py
[2026-07-28T23:55:56.045+0000] {processor.py:830} INFO - Processing file /opt/airflow/dags/silver_processing_dag.py for tasks to queue
[2026-07-28T23:55:56.093+0000] {logging_mixin.py:188} INFO - [2026-07-28T23:55:56.078+0000] {dagbag.py:545} INFO - Filling up the DagBag from /opt/airflow/dags/silver_processing_dag.py
[2026-07-28T23:55:56.540+0000] {processor.py:840} INFO - DAG(s) 'process_silver_layer' retrieved from /opt/airflow/dags/silver_processing_dag.py
[2026-07-28T23:55:56.691+0000] {logging_mixin.py:188} INFO - [2026-07-28T23:55:56.690+0000] {dag.py:3096} INFO - Sync 1 DAGs
[2026-07-28T23:55:56.802+0000] {logging_mixin.py:188} INFO - [2026-07-28T23:55:56.801+0000] {dag.py:3954} INFO - Setting next_dagrun for process_silver_layer to None, run_after=None
[2026-07-28T23:55:56.928+0000] {processor.py:183} INFO - Processing /opt/airflow/dags/silver_processing_dag.py took 0.977 seconds
[2026-07-28T23:56:27.176+0000] {processor.py:161} INFO - Started process (PID=14429) to work on /opt/airflow/dags/silver_processing_dag.py
[2026-07-28T23:56:27.181+0000] {processor.py:830} INFO - Processing file /opt/airflow/dags/silver_processing_dag.py for tasks to queue
[2026-07-28T23:56:27.187+0000] {logging_mixin.py:188} INFO - [2026-07-28T23:56:27.186+0000] {dagbag.py:545} INFO - Filling up the DagBag from /opt/airflow/dags/silver_processing_dag.py
[2026-07-28T23:56:27.243+0000] {processor.py:840} INFO - DAG(s) 'process_silver_layer' retrieved from /opt/airflow/dags/silver_processing_dag.py
[2026-07-28T23:56:27.304+0000] {logging_mixin.py:188} INFO - [2026-07-28T23:56:27.304+0000] {dag.py:3096} INFO - Sync 1 DAGs
[2026-07-28T23:56:27.342+0000] {logging_mixin.py:188} INFO - [2026-07-28T23:56:27.342+0000] {dag.py:3954} INFO - Setting next_dagrun for process_silver_layer to None, run_after=None
[2026-07-28T23:56:27.390+0000] {processor.py:183} INFO - Processing /opt/airflow/dags/silver_processing_dag.py took 0.242 seconds
[2026-07-28T23:56:57.933+0000] {processor.py:161} INFO - Started process (PID=14446) to work on /opt/airflow/dags/silver_processing_dag.py
[2026-07-28T23:56:57.936+0000] {processor.py:830} INFO - Processing file /opt/airflow/dags/silver_processing_dag.py for tasks to queue
[2026-07-28T23:56:57.942+0000] {logging_mixin.py:188} INFO - [2026-07-28T23:56:57.941+0000] {dagbag.py:545} INFO - Filling up the DagBag from /opt/airflow/dags/silver_processing_dag.py
[2026-07-28T23:56:58.000+0000] {processor.py:840} INFO - DAG(s) 'process_silver_layer' retrieved from /opt/airflow/dags/silver_processing_dag.py
[2026-07-28T23:56:58.042+0000] {logging_mixin.py:188} INFO - [2026-07-28T23:56:58.042+0000] {dag.py:3096} INFO - Sync 1 DAGs
[2026-07-28T23:56:58.072+0000] {logging_mixin.py:188} INFO - [2026-07-28T23:56:58.072+0000] {dag.py:3954} INFO - Setting next_dagrun for process_silver_layer to None, run_after=None
[2026-07-28T23:56:58.121+0000] {processor.py:183} INFO - Processing /opt/airflow/dags/silver_processing_dag.py took 0.207 seconds
[2026-07-28T23:57:28.628+0000] {processor.py:161} INFO - Started process (PID=14459) to work on /opt/airflow/dags/silver_processing_dag.py
[2026-07-28T23:57:28.631+0000] {processor.py:830} INFO - Processing file /opt/airflow/dags/silver_processing_dag.py for tasks to queue
[2026-07-28T23:57:28.638+0000] {logging_mixin.py:188} INFO - [2026-07-28T23:57:28.634+0000] {dagbag.py:545} INFO - Filling up the DagBag from /opt/airflow/dags/silver_processing_dag.py
[2026-07-28T23:57:28.702+0000] {processor.py:840} INFO - DAG(s) 'process_silver_layer' retrieved from /opt/airflow/dags/silver_processing_dag.py
[2026-07-28T23:57:28.774+0000] {logging_mixin.py:188} INFO - [2026-07-28T23:57:28.773+0000] {dag.py:3096} INFO - Sync 1 DAGs
[2026-07-28T23:57:28.816+0000] {logging_mixin.py:188} INFO - [2026-07-28T23:57:28.815+0000] {dag.py:3954} INFO - Setting next_dagrun for process_silver_layer to None, run_after=None
[2026-07-28T23:57:28.879+0000] {processor.py:183} INFO - Processing /opt/airflow/dags/silver_processing_dag.py took 0.267 seconds
[2026-07-28T23:57:59.224+0000] {processor.py:161} INFO - Started process (PID=14474) to work on /opt/airflow/dags/silver_processing_dag.py
[2026-07-28T23:57:59.228+0000] {processor.py:830} INFO - Processing file /opt/airflow/dags/silver_processing_dag.py for tasks to queue
[2026-07-28T23:57:59.231+0000] {logging_mixin.py:188} INFO - [2026-07-28T23:57:59.230+0000] {dagbag.py:545} INFO - Filling up the DagBag from /opt/airflow/dags/silver_processing_dag.py
[2026-07-28T23:57:59.288+0000] {processor.py:840} INFO - DAG(s) 'process_silver_layer' retrieved from /opt/airflow/dags/silver_processing_dag.py
[2026-07-28T23:57:59.360+0000] {logging_mixin.py:188} INFO - [2026-07-28T23:57:59.359+0000] {dag.py:3096} INFO - Sync 1 DAGs
[2026-07-28T23:57:59.401+0000] {logging_mixin.py:188} INFO - [2026-07-28T23:57:59.401+0000] {dag.py:3954} INFO - Setting next_dagrun for process_silver_layer to None, run_after=None
[2026-07-28T23:57:59.986+0000] {processor.py:183} INFO - Processing /opt/airflow/dags/silver_processing_dag.py took 0.787 seconds
[2026-07-28T23:58:30.350+0000] {processor.py:161} INFO - Started process (PID=14491) to work on /opt/airflow/dags/silver_processing_dag.py
[2026-07-28T23:58:30.353+0000] {processor.py:830} INFO - Processing file /opt/airflow/dags/silver_processing_dag.py for tasks to queue
[2026-07-28T23:58:30.357+0000] {logging_mixin.py:188} INFO - [2026-07-28T23:58:30.356+0000] {dagbag.py:545} INFO - Filling up the DagBag from /opt/airflow/dags/silver_processing_dag.py
[2026-07-28T23:58:30.395+0000] {processor.py:840} INFO - DAG(s) 'process_silver_layer' retrieved from /opt/airflow/dags/silver_processing_dag.py
[2026-07-28T23:58:30.438+0000] {logging_mixin.py:188} INFO - [2026-07-28T23:58:30.438+0000] {dag.py:3096} INFO - Sync 1 DAGs
[2026-07-28T23:58:30.466+0000] {logging_mixin.py:188} INFO - [2026-07-28T23:58:30.465+0000] {dag.py:3954} INFO - Setting next_dagrun for process_silver_layer to None, run_after=None
[2026-07-28T23:58:30.504+0000] {processor.py:183} INFO - Processing /opt/airflow/dags/silver_processing_dag.py took 0.166 seconds
[2026-07-28T23:59:00.644+0000] {processor.py:161} INFO - Started process (PID=14506) to work on /opt/airflow/dags/silver_processing_dag.py
[2026-07-28T23:59:00.646+0000] {processor.py:830} INFO - Processing file /opt/airflow/dags/silver_processing_dag.py for tasks to queue
[2026-07-28T23:59:00.649+0000] {logging_mixin.py:188} INFO - [2026-07-28T23:59:00.649+0000] {dagbag.py:545} INFO - Filling up the DagBag from /opt/airflow/dags/silver_processing_dag.py
[2026-07-28T23:59:00.690+0000] {processor.py:840} INFO - DAG(s) 'process_silver_layer' retrieved from /opt/airflow/dags/silver_processing_dag.py
[2026-07-28T23:59:00.735+0000] {logging_mixin.py:188} INFO - [2026-07-28T23:59:00.735+0000] {dag.py:3096} INFO - Sync 1 DAGs
[2026-07-28T23:59:00.761+0000] {logging_mixin.py:188} INFO - [2026-07-28T23:59:00.760+0000] {dag.py:3954} INFO - Setting next_dagrun for process_silver_layer to None, run_after=None
[2026-07-28T23:59:00.802+0000] {processor.py:183} INFO - Processing /opt/airflow/dags/silver_processing_dag.py took 0.171 seconds
[2026-07-28T23:59:31.276+0000] {processor.py:161} INFO - Started process (PID=14519) to work on /opt/airflow/dags/silver_processing_dag.py
[2026-07-28T23:59:31.279+0000] {processor.py:830} INFO - Processing file /opt/airflow/dags/silver_processing_dag.py for tasks to queue
[2026-07-28T23:59:31.283+0000] {logging_mixin.py:188} INFO - [2026-07-28T23:59:31.282+0000] {dagbag.py:545} INFO - Filling up the DagBag from /opt/airflow/dags/silver_processing_dag.py
[2026-07-28T23:59:31.331+0000] {processor.py:840} INFO - DAG(s) 'process_silver_layer' retrieved from /opt/airflow/dags/silver_processing_dag.py
[2026-07-28T23:59:31.386+0000] {logging_mixin.py:188} INFO - [2026-07-28T23:59:31.385+0000] {dag.py:3096} INFO - Sync 1 DAGs
[2026-07-28T23:59:31.419+0000] {logging_mixin.py:188} INFO - [2026-07-28T23:59:31.418+0000] {dag.py:3954} INFO - Setting next_dagrun for process_silver_layer to None, run_after=None
[2026-07-28T23:59:31.468+0000] {processor.py:183} INFO - Processing /opt/airflow/dags/silver_processing_dag.py took 0.212 seconds
