[2026-07-30T16:56:29.337+0000] {processor.py:161} INFO - Started process (PID=205) to work on /opt/airflow/dags/bronze_ingestion_dag.py
[2026-07-30T16:56:29.351+0000] {processor.py:830} INFO - Processing file /opt/airflow/dags/bronze_ingestion_dag.py for tasks to queue
[2026-07-30T16:56:29.369+0000] {logging_mixin.py:188} INFO - [2026-07-30T16:56:29.367+0000] {dagbag.py:545} INFO - Filling up the DagBag from /opt/airflow/dags/bronze_ingestion_dag.py
[2026-07-30T16:56:29.838+0000] {processor.py:840} INFO - DAG(s) 'ingest_bronze_layer' retrieved from /opt/airflow/dags/bronze_ingestion_dag.py
[2026-07-30T16:56:32.534+0000] {logging_mixin.py:188} INFO - [2026-07-30T16:56:32.533+0000] {dag.py:3096} INFO - Sync 1 DAGs
[2026-07-30T16:56:32.764+0000] {logging_mixin.py:188} INFO - [2026-07-30T16:56:32.763+0000] {dag.py:3954} INFO - Setting next_dagrun for ingest_bronze_layer to 2026-07-30 16:00:00+00:00, run_after=2026-07-30 17:00:00+00:00
[2026-07-30T16:56:33.142+0000] {processor.py:183} INFO - Processing /opt/airflow/dags/bronze_ingestion_dag.py took 3.922 seconds
[2026-07-30T16:57:13.349+0000] {processor.py:161} INFO - Started process (PID=279) to work on /opt/airflow/dags/bronze_ingestion_dag.py
[2026-07-30T16:57:13.371+0000] {processor.py:830} INFO - Processing file /opt/airflow/dags/bronze_ingestion_dag.py for tasks to queue
[2026-07-30T16:57:13.441+0000] {logging_mixin.py:188} INFO - [2026-07-30T16:57:13.440+0000] {dagbag.py:545} INFO - Filling up the DagBag from /opt/airflow/dags/bronze_ingestion_dag.py
[2026-07-30T16:57:14.101+0000] {processor.py:840} INFO - DAG(s) 'ingest_bronze_layer' retrieved from /opt/airflow/dags/bronze_ingestion_dag.py
[2026-07-30T16:57:14.388+0000] {logging_mixin.py:188} INFO - [2026-07-30T16:57:14.387+0000] {dag.py:3096} INFO - Sync 1 DAGs
[2026-07-30T16:57:14.798+0000] {logging_mixin.py:188} INFO - [2026-07-30T16:57:14.797+0000] {dag.py:3954} INFO - Setting next_dagrun for ingest_bronze_layer to 2026-07-30 16:00:00+00:00, run_after=2026-07-30 17:00:00+00:00
[2026-07-30T16:57:15.149+0000] {processor.py:183} INFO - Processing /opt/airflow/dags/bronze_ingestion_dag.py took 1.842 seconds
[2026-07-30T16:57:56.485+0000] {processor.py:161} INFO - Started process (PID=317) to work on /opt/airflow/dags/bronze_ingestion_dag.py
[2026-07-30T16:57:56.502+0000] {processor.py:830} INFO - Processing file /opt/airflow/dags/bronze_ingestion_dag.py for tasks to queue
[2026-07-30T16:57:56.528+0000] {logging_mixin.py:188} INFO - [2026-07-30T16:57:56.527+0000] {dagbag.py:545} INFO - Filling up the DagBag from /opt/airflow/dags/bronze_ingestion_dag.py
[2026-07-30T16:57:56.878+0000] {processor.py:840} INFO - DAG(s) 'ingest_bronze_layer' retrieved from /opt/airflow/dags/bronze_ingestion_dag.py
[2026-07-30T16:57:59.543+0000] {logging_mixin.py:188} INFO - [2026-07-30T16:57:59.523+0000] {dag.py:3096} INFO - Sync 1 DAGs
[2026-07-30T16:57:21.978+0000] {logging_mixin.py:188} INFO - [2026-07-30T16:57:21.889+0000] {dag.py:3954} INFO - Setting next_dagrun for ingest_bronze_layer to 2026-07-30 16:00:00+00:00, run_after=2026-07-30 17:00:00+00:00
[2026-07-30T16:57:23.305+0000] {processor.py:183} INFO - Processing /opt/airflow/dags/bronze_ingestion_dag.py took 28.474 seconds
[2026-07-30T16:58:08.775+0000] {processor.py:161} INFO - Started process (PID=346) to work on /opt/airflow/dags/bronze_ingestion_dag.py
[2026-07-30T16:58:08.867+0000] {processor.py:830} INFO - Processing file /opt/airflow/dags/bronze_ingestion_dag.py for tasks to queue
[2026-07-30T16:58:09.103+0000] {logging_mixin.py:188} INFO - [2026-07-30T16:58:09.075+0000] {dagbag.py:545} INFO - Filling up the DagBag from /opt/airflow/dags/bronze_ingestion_dag.py
[2026-07-30T16:58:10.626+0000] {processor.py:840} INFO - DAG(s) 'ingest_bronze_layer' retrieved from /opt/airflow/dags/bronze_ingestion_dag.py
[2026-07-30T16:58:12.506+0000] {logging_mixin.py:188} INFO - [2026-07-30T16:58:12.348+0000] {dag.py:3096} INFO - Sync 1 DAGs
[2026-07-30T16:58:14.260+0000] {logging_mixin.py:188} INFO - [2026-07-30T16:58:14.259+0000] {dag.py:3954} INFO - Setting next_dagrun for ingest_bronze_layer to 2026-07-30 16:00:00+00:00, run_after=2026-07-30 17:00:00+00:00
[2026-07-30T16:58:15.332+0000] {processor.py:183} INFO - Processing /opt/airflow/dags/bronze_ingestion_dag.py took 7.649 seconds
[2026-07-30T16:59:30.832+0000] {processor.py:161} INFO - Started process (PID=389) to work on /opt/airflow/dags/bronze_ingestion_dag.py
[2026-07-30T16:59:30.848+0000] {processor.py:830} INFO - Processing file /opt/airflow/dags/bronze_ingestion_dag.py for tasks to queue
[2026-07-30T16:59:30.864+0000] {logging_mixin.py:188} INFO - [2026-07-30T16:59:30.857+0000] {dagbag.py:545} INFO - Filling up the DagBag from /opt/airflow/dags/bronze_ingestion_dag.py
[2026-07-30T16:59:31.069+0000] {processor.py:840} INFO - DAG(s) 'ingest_bronze_layer' retrieved from /opt/airflow/dags/bronze_ingestion_dag.py
[2026-07-30T16:59:31.229+0000] {logging_mixin.py:188} INFO - [2026-07-30T16:59:31.228+0000] {dag.py:3096} INFO - Sync 1 DAGs
[2026-07-30T16:59:31.548+0000] {logging_mixin.py:188} INFO - [2026-07-30T16:59:31.547+0000] {dag.py:3954} INFO - Setting next_dagrun for ingest_bronze_layer to 2026-07-30 16:00:00+00:00, run_after=2026-07-30 17:00:00+00:00
[2026-07-30T16:59:31.801+0000] {processor.py:183} INFO - Processing /opt/airflow/dags/bronze_ingestion_dag.py took 1.035 seconds
[2026-07-30T17:00:06.649+0000] {processor.py:161} INFO - Started process (PID=423) to work on /opt/airflow/dags/bronze_ingestion_dag.py
[2026-07-30T17:00:06.666+0000] {processor.py:830} INFO - Processing file /opt/airflow/dags/bronze_ingestion_dag.py for tasks to queue
[2026-07-30T17:00:06.734+0000] {logging_mixin.py:188} INFO - [2026-07-30T17:00:06.733+0000] {dagbag.py:545} INFO - Filling up the DagBag from /opt/airflow/dags/bronze_ingestion_dag.py
[2026-07-30T17:00:07.024+0000] {processor.py:840} INFO - DAG(s) 'ingest_bronze_layer' retrieved from /opt/airflow/dags/bronze_ingestion_dag.py
[2026-07-30T17:00:07.372+0000] {logging_mixin.py:188} INFO - [2026-07-30T17:00:07.365+0000] {dag.py:3096} INFO - Sync 1 DAGs
[2026-07-30T17:00:07.781+0000] {logging_mixin.py:188} INFO - [2026-07-30T17:00:07.779+0000] {dag.py:3954} INFO - Setting next_dagrun for ingest_bronze_layer to 2026-07-30 17:00:00+00:00, run_after=2026-07-30 18:00:00+00:00
[2026-07-30T17:00:08.325+0000] {processor.py:183} INFO - Processing /opt/airflow/dags/bronze_ingestion_dag.py took 1.744 seconds
[2026-07-30T17:01:16.508+0000] {processor.py:161} INFO - Started process (PID=446) to work on /opt/airflow/dags/bronze_ingestion_dag.py
[2026-07-30T17:01:16.602+0000] {processor.py:830} INFO - Processing file /opt/airflow/dags/bronze_ingestion_dag.py for tasks to queue
[2026-07-30T17:01:16.769+0000] {logging_mixin.py:188} INFO - [2026-07-30T17:01:16.738+0000] {dagbag.py:545} INFO - Filling up the DagBag from /opt/airflow/dags/bronze_ingestion_dag.py
[2026-07-30T17:01:19.451+0000] {processor.py:840} INFO - DAG(s) 'ingest_bronze_layer' retrieved from /opt/airflow/dags/bronze_ingestion_dag.py
[2026-07-30T17:01:21.572+0000] {logging_mixin.py:188} INFO - [2026-07-30T17:01:21.564+0000] {dag.py:3096} INFO - Sync 1 DAGs
[2026-07-30T17:01:23.419+0000] {logging_mixin.py:188} INFO - [2026-07-30T17:01:23.418+0000] {dag.py:3954} INFO - Setting next_dagrun for ingest_bronze_layer to 2026-07-30 17:00:00+00:00, run_after=2026-07-30 18:00:00+00:00
[2026-07-30T17:01:24.150+0000] {processor.py:183} INFO - Processing /opt/airflow/dags/bronze_ingestion_dag.py took 8.792 seconds
[2026-07-30T17:01:58.865+0000] {processor.py:161} INFO - Started process (PID=485) to work on /opt/airflow/dags/bronze_ingestion_dag.py
[2026-07-30T17:01:58.883+0000] {processor.py:830} INFO - Processing file /opt/airflow/dags/bronze_ingestion_dag.py for tasks to queue
[2026-07-30T17:01:58.996+0000] {logging_mixin.py:188} INFO - [2026-07-30T17:01:58.991+0000] {dagbag.py:545} INFO - Filling up the DagBag from /opt/airflow/dags/bronze_ingestion_dag.py
[2026-07-30T17:02:01.311+0000] {processor.py:840} INFO - DAG(s) 'ingest_bronze_layer' retrieved from /opt/airflow/dags/bronze_ingestion_dag.py
[2026-07-30T17:02:02.994+0000] {logging_mixin.py:188} INFO - [2026-07-30T17:02:02.892+0000] {dag.py:3096} INFO - Sync 1 DAGs
[2026-07-30T17:02:07.540+0000] {logging_mixin.py:188} INFO - [2026-07-30T17:02:07.522+0000] {dag.py:3954} INFO - Setting next_dagrun for ingest_bronze_layer to 2026-07-30 17:00:00+00:00, run_after=2026-07-30 18:00:00+00:00
[2026-07-30T17:02:11.482+0000] {processor.py:183} INFO - Processing /opt/airflow/dags/bronze_ingestion_dag.py took 12.683 seconds
[2026-07-30T17:02:56.407+0000] {processor.py:161} INFO - Started process (PID=502) to work on /opt/airflow/dags/bronze_ingestion_dag.py
[2026-07-30T17:02:56.449+0000] {processor.py:830} INFO - Processing file /opt/airflow/dags/bronze_ingestion_dag.py for tasks to queue
[2026-07-30T17:02:56.630+0000] {logging_mixin.py:188} INFO - [2026-07-30T17:02:56.592+0000] {dagbag.py:545} INFO - Filling up the DagBag from /opt/airflow/dags/bronze_ingestion_dag.py
[2026-07-30T17:02:58.084+0000] {processor.py:840} INFO - DAG(s) 'ingest_bronze_layer' retrieved from /opt/airflow/dags/bronze_ingestion_dag.py
[2026-07-30T17:03:00.850+0000] {logging_mixin.py:188} INFO - [2026-07-30T17:03:00.845+0000] {dag.py:3096} INFO - Sync 1 DAGs
[2026-07-30T17:03:06.072+0000] {logging_mixin.py:188} INFO - [2026-07-30T17:03:06.070+0000] {dag.py:3954} INFO - Setting next_dagrun for ingest_bronze_layer to 2026-07-30 17:00:00+00:00, run_after=2026-07-30 18:00:00+00:00
[2026-07-30T17:03:09.792+0000] {processor.py:183} INFO - Processing /opt/airflow/dags/bronze_ingestion_dag.py took 13.787 seconds
[2026-07-30T17:04:30.070+0000] {processor.py:161} INFO - Started process (PID=571) to work on /opt/airflow/dags/bronze_ingestion_dag.py
[2026-07-30T17:04:30.111+0000] {processor.py:830} INFO - Processing file /opt/airflow/dags/bronze_ingestion_dag.py for tasks to queue
[2026-07-30T17:04:30.197+0000] {logging_mixin.py:188} INFO - [2026-07-30T17:04:30.196+0000] {dagbag.py:545} INFO - Filling up the DagBag from /opt/airflow/dags/bronze_ingestion_dag.py
[2026-07-30T17:03:30.970+0000] {processor.py:840} INFO - DAG(s) 'ingest_bronze_layer' retrieved from /opt/airflow/dags/bronze_ingestion_dag.py
[2026-07-30T17:04:38.183+0000] {logging_mixin.py:188} INFO - [2026-07-30T17:04:38.182+0000] {dag.py:3096} INFO - Sync 1 DAGs
[2026-07-30T17:04:38.842+0000] {logging_mixin.py:188} INFO - [2026-07-30T17:04:38.841+0000] {dag.py:3954} INFO - Setting next_dagrun for ingest_bronze_layer to 2026-07-30 17:00:00+00:00, run_after=2026-07-30 18:00:00+00:00
[2026-07-30T17:04:40.470+0000] {processor.py:183} INFO - Processing /opt/airflow/dags/bronze_ingestion_dag.py took 9.583 seconds
[2026-07-30T17:05:11.780+0000] {processor.py:161} INFO - Started process (PID=630) to work on /opt/airflow/dags/bronze_ingestion_dag.py
[2026-07-30T17:05:11.782+0000] {processor.py:830} INFO - Processing file /opt/airflow/dags/bronze_ingestion_dag.py for tasks to queue
[2026-07-30T17:05:11.791+0000] {logging_mixin.py:188} INFO - [2026-07-30T17:05:11.790+0000] {dagbag.py:545} INFO - Filling up the DagBag from /opt/airflow/dags/bronze_ingestion_dag.py
[2026-07-30T17:05:11.880+0000] {processor.py:840} INFO - DAG(s) 'ingest_bronze_layer' retrieved from /opt/airflow/dags/bronze_ingestion_dag.py
[2026-07-30T17:05:11.926+0000] {logging_mixin.py:188} INFO - [2026-07-30T17:05:11.926+0000] {dag.py:3096} INFO - Sync 1 DAGs
[2026-07-30T17:05:11.984+0000] {logging_mixin.py:188} INFO - [2026-07-30T17:05:11.983+0000] {dag.py:3954} INFO - Setting next_dagrun for ingest_bronze_layer to 2026-07-30 17:00:00+00:00, run_after=2026-07-30 18:00:00+00:00
[2026-07-30T17:05:12.414+0000] {processor.py:183} INFO - Processing /opt/airflow/dags/bronze_ingestion_dag.py took 0.646 seconds
[2026-07-30T17:05:44.304+0000] {processor.py:161} INFO - Started process (PID=682) to work on /opt/airflow/dags/bronze_ingestion_dag.py
[2026-07-30T17:05:44.330+0000] {processor.py:830} INFO - Processing file /opt/airflow/dags/bronze_ingestion_dag.py for tasks to queue
[2026-07-30T17:05:44.392+0000] {logging_mixin.py:188} INFO - [2026-07-30T17:05:44.386+0000] {dagbag.py:545} INFO - Filling up the DagBag from /opt/airflow/dags/bronze_ingestion_dag.py
[2026-07-30T17:05:45.500+0000] {processor.py:840} INFO - DAG(s) 'ingest_bronze_layer' retrieved from /opt/airflow/dags/bronze_ingestion_dag.py
[2026-07-30T17:05:45.980+0000] {logging_mixin.py:188} INFO - [2026-07-30T17:05:45.980+0000] {dag.py:3096} INFO - Sync 1 DAGs
[2026-07-30T17:05:46.477+0000] {logging_mixin.py:188} INFO - [2026-07-30T17:05:46.477+0000] {dag.py:3954} INFO - Setting next_dagrun for ingest_bronze_layer to 2026-07-30 17:00:00+00:00, run_after=2026-07-30 18:00:00+00:00
[2026-07-30T17:05:46.705+0000] {processor.py:183} INFO - Processing /opt/airflow/dags/bronze_ingestion_dag.py took 2.775 seconds
[2026-07-30T17:06:41.541+0000] {processor.py:161} INFO - Started process (PID=764) to work on /opt/airflow/dags/bronze_ingestion_dag.py
[2026-07-30T17:06:41.575+0000] {processor.py:830} INFO - Processing file /opt/airflow/dags/bronze_ingestion_dag.py for tasks to queue
[2026-07-30T17:06:41.817+0000] {logging_mixin.py:188} INFO - [2026-07-30T17:06:41.794+0000] {dagbag.py:545} INFO - Filling up the DagBag from /opt/airflow/dags/bronze_ingestion_dag.py
[2026-07-30T17:06:43.122+0000] {processor.py:840} INFO - DAG(s) 'ingest_bronze_layer' retrieved from /opt/airflow/dags/bronze_ingestion_dag.py
[2026-07-30T17:06:43.691+0000] {logging_mixin.py:188} INFO - [2026-07-30T17:06:43.680+0000] {dag.py:3096} INFO - Sync 1 DAGs
[2026-07-30T17:06:44.153+0000] {logging_mixin.py:188} INFO - [2026-07-30T17:06:44.152+0000] {dag.py:3954} INFO - Setting next_dagrun for ingest_bronze_layer to 2026-07-30 17:00:00+00:00, run_after=2026-07-30 18:00:00+00:00
[2026-07-30T17:06:44.555+0000] {processor.py:183} INFO - Processing /opt/airflow/dags/bronze_ingestion_dag.py took 3.645 seconds
[2026-07-30T17:07:15.837+0000] {processor.py:161} INFO - Started process (PID=790) to work on /opt/airflow/dags/bronze_ingestion_dag.py
[2026-07-30T17:07:15.867+0000] {processor.py:830} INFO - Processing file /opt/airflow/dags/bronze_ingestion_dag.py for tasks to queue
[2026-07-30T17:07:15.918+0000] {logging_mixin.py:188} INFO - [2026-07-30T17:07:15.916+0000] {dagbag.py:545} INFO - Filling up the DagBag from /opt/airflow/dags/bronze_ingestion_dag.py
[2026-07-30T17:07:16.087+0000] {processor.py:840} INFO - DAG(s) 'ingest_bronze_layer' retrieved from /opt/airflow/dags/bronze_ingestion_dag.py
[2026-07-30T17:07:16.715+0000] {logging_mixin.py:188} INFO - [2026-07-30T17:07:16.715+0000] {dag.py:3096} INFO - Sync 1 DAGs
[2026-07-30T17:07:17.115+0000] {logging_mixin.py:188} INFO - [2026-07-30T17:07:17.115+0000] {dag.py:3954} INFO - Setting next_dagrun for ingest_bronze_layer to 2026-07-30 17:00:00+00:00, run_after=2026-07-30 18:00:00+00:00
[2026-07-30T17:07:17.424+0000] {processor.py:183} INFO - Processing /opt/airflow/dags/bronze_ingestion_dag.py took 1.639 seconds
[2026-07-30T17:07:47.847+0000] {processor.py:161} INFO - Started process (PID=805) to work on /opt/airflow/dags/bronze_ingestion_dag.py
[2026-07-30T17:07:47.851+0000] {processor.py:830} INFO - Processing file /opt/airflow/dags/bronze_ingestion_dag.py for tasks to queue
[2026-07-30T17:07:47.864+0000] {logging_mixin.py:188} INFO - [2026-07-30T17:07:47.863+0000] {dagbag.py:545} INFO - Filling up the DagBag from /opt/airflow/dags/bronze_ingestion_dag.py
[2026-07-30T17:07:47.972+0000] {processor.py:840} INFO - DAG(s) 'ingest_bronze_layer' retrieved from /opt/airflow/dags/bronze_ingestion_dag.py
[2026-07-30T17:07:48.120+0000] {logging_mixin.py:188} INFO - [2026-07-30T17:07:48.119+0000] {dag.py:3096} INFO - Sync 1 DAGs
[2026-07-30T17:07:48.239+0000] {logging_mixin.py:188} INFO - [2026-07-30T17:07:48.238+0000] {dag.py:3954} INFO - Setting next_dagrun for ingest_bronze_layer to 2026-07-30 17:00:00+00:00, run_after=2026-07-30 18:00:00+00:00
[2026-07-30T17:07:48.549+0000] {processor.py:183} INFO - Processing /opt/airflow/dags/bronze_ingestion_dag.py took 0.731 seconds
[2026-07-30T17:08:28.904+0000] {processor.py:161} INFO - Started process (PID=822) to work on /opt/airflow/dags/bronze_ingestion_dag.py
[2026-07-30T17:08:28.910+0000] {processor.py:830} INFO - Processing file /opt/airflow/dags/bronze_ingestion_dag.py for tasks to queue
[2026-07-30T17:08:28.991+0000] {logging_mixin.py:188} INFO - [2026-07-30T17:08:28.990+0000] {dagbag.py:545} INFO - Filling up the DagBag from /opt/airflow/dags/bronze_ingestion_dag.py
[2026-07-30T17:08:29.472+0000] {processor.py:840} INFO - DAG(s) 'ingest_bronze_layer' retrieved from /opt/airflow/dags/bronze_ingestion_dag.py
[2026-07-30T17:08:29.645+0000] {logging_mixin.py:188} INFO - [2026-07-30T17:08:29.644+0000] {dag.py:3096} INFO - Sync 1 DAGs
[2026-07-30T17:08:29.888+0000] {logging_mixin.py:188} INFO - [2026-07-30T17:08:29.887+0000] {dag.py:3954} INFO - Setting next_dagrun for ingest_bronze_layer to 2026-07-30 17:00:00+00:00, run_after=2026-07-30 18:00:00+00:00
[2026-07-30T17:08:30.062+0000] {processor.py:183} INFO - Processing /opt/airflow/dags/bronze_ingestion_dag.py took 1.207 seconds
[2026-07-30T17:09:00.563+0000] {processor.py:161} INFO - Started process (PID=839) to work on /opt/airflow/dags/bronze_ingestion_dag.py
[2026-07-30T17:09:00.570+0000] {processor.py:830} INFO - Processing file /opt/airflow/dags/bronze_ingestion_dag.py for tasks to queue
[2026-07-30T17:09:00.578+0000] {logging_mixin.py:188} INFO - [2026-07-30T17:09:00.577+0000] {dagbag.py:545} INFO - Filling up the DagBag from /opt/airflow/dags/bronze_ingestion_dag.py
[2026-07-30T17:09:00.649+0000] {processor.py:840} INFO - DAG(s) 'ingest_bronze_layer' retrieved from /opt/airflow/dags/bronze_ingestion_dag.py
[2026-07-30T17:09:00.765+0000] {logging_mixin.py:188} INFO - [2026-07-30T17:09:00.765+0000] {dag.py:3096} INFO - Sync 1 DAGs
[2026-07-30T17:09:00.900+0000] {logging_mixin.py:188} INFO - [2026-07-30T17:09:00.900+0000] {dag.py:3954} INFO - Setting next_dagrun for ingest_bronze_layer to 2026-07-30 17:00:00+00:00, run_after=2026-07-30 18:00:00+00:00
[2026-07-30T17:09:01.020+0000] {processor.py:183} INFO - Processing /opt/airflow/dags/bronze_ingestion_dag.py took 0.476 seconds
[2026-07-30T17:09:33.061+0000] {processor.py:161} INFO - Started process (PID=854) to work on /opt/airflow/dags/bronze_ingestion_dag.py
[2026-07-30T17:09:33.127+0000] {processor.py:830} INFO - Processing file /opt/airflow/dags/bronze_ingestion_dag.py for tasks to queue
[2026-07-30T17:09:33.178+0000] {logging_mixin.py:188} INFO - [2026-07-30T17:09:33.176+0000] {dagbag.py:545} INFO - Filling up the DagBag from /opt/airflow/dags/bronze_ingestion_dag.py
[2026-07-30T17:09:34.493+0000] {processor.py:840} INFO - DAG(s) 'ingest_bronze_layer' retrieved from /opt/airflow/dags/bronze_ingestion_dag.py
[2026-07-30T17:09:35.080+0000] {logging_mixin.py:188} INFO - [2026-07-30T17:09:35.075+0000] {dag.py:3096} INFO - Sync 1 DAGs
[2026-07-30T17:09:35.407+0000] {logging_mixin.py:188} INFO - [2026-07-30T17:09:35.405+0000] {dag.py:3954} INFO - Setting next_dagrun for ingest_bronze_layer to 2026-07-30 17:00:00+00:00, run_after=2026-07-30 18:00:00+00:00
[2026-07-30T17:09:35.951+0000] {processor.py:183} INFO - Processing /opt/airflow/dags/bronze_ingestion_dag.py took 3.015 seconds
[2026-07-30T17:10:06.175+0000] {processor.py:161} INFO - Started process (PID=870) to work on /opt/airflow/dags/bronze_ingestion_dag.py
[2026-07-30T17:10:06.184+0000] {processor.py:830} INFO - Processing file /opt/airflow/dags/bronze_ingestion_dag.py for tasks to queue
[2026-07-30T17:10:06.202+0000] {logging_mixin.py:188} INFO - [2026-07-30T17:10:06.201+0000] {dagbag.py:545} INFO - Filling up the DagBag from /opt/airflow/dags/bronze_ingestion_dag.py
[2026-07-30T17:10:06.600+0000] {processor.py:840} INFO - DAG(s) 'ingest_bronze_layer' retrieved from /opt/airflow/dags/bronze_ingestion_dag.py
[2026-07-30T17:10:06.892+0000] {logging_mixin.py:188} INFO - [2026-07-30T17:10:06.891+0000] {dag.py:3096} INFO - Sync 1 DAGs
[2026-07-30T17:10:07.053+0000] {logging_mixin.py:188} INFO - [2026-07-30T17:10:07.052+0000] {dag.py:3954} INFO - Setting next_dagrun for ingest_bronze_layer to 2026-07-30 17:00:00+00:00, run_after=2026-07-30 18:00:00+00:00
[2026-07-30T17:10:07.183+0000] {processor.py:183} INFO - Processing /opt/airflow/dags/bronze_ingestion_dag.py took 1.055 seconds
[2026-07-30T17:10:37.660+0000] {processor.py:161} INFO - Started process (PID=885) to work on /opt/airflow/dags/bronze_ingestion_dag.py
[2026-07-30T17:10:37.664+0000] {processor.py:830} INFO - Processing file /opt/airflow/dags/bronze_ingestion_dag.py for tasks to queue
[2026-07-30T17:10:37.673+0000] {logging_mixin.py:188} INFO - [2026-07-30T17:10:37.672+0000] {dagbag.py:545} INFO - Filling up the DagBag from /opt/airflow/dags/bronze_ingestion_dag.py
[2026-07-30T17:10:37.899+0000] {processor.py:840} INFO - DAG(s) 'ingest_bronze_layer' retrieved from /opt/airflow/dags/bronze_ingestion_dag.py
[2026-07-30T17:10:38.175+0000] {logging_mixin.py:188} INFO - [2026-07-30T17:10:38.175+0000] {dag.py:3096} INFO - Sync 1 DAGs
[2026-07-30T17:10:38.536+0000] {logging_mixin.py:188} INFO - [2026-07-30T17:10:38.535+0000] {dag.py:3954} INFO - Setting next_dagrun for ingest_bronze_layer to 2026-07-30 17:00:00+00:00, run_after=2026-07-30 18:00:00+00:00
[2026-07-30T17:10:38.873+0000] {processor.py:183} INFO - Processing /opt/airflow/dags/bronze_ingestion_dag.py took 1.263 seconds
[2026-07-30T17:11:09.208+0000] {processor.py:161} INFO - Started process (PID=904) to work on /opt/airflow/dags/bronze_ingestion_dag.py
[2026-07-30T17:11:09.212+0000] {processor.py:830} INFO - Processing file /opt/airflow/dags/bronze_ingestion_dag.py for tasks to queue
[2026-07-30T17:11:09.226+0000] {logging_mixin.py:188} INFO - [2026-07-30T17:11:09.219+0000] {dagbag.py:545} INFO - Filling up the DagBag from /opt/airflow/dags/bronze_ingestion_dag.py
[2026-07-30T17:11:09.311+0000] {processor.py:840} INFO - DAG(s) 'ingest_bronze_layer' retrieved from /opt/airflow/dags/bronze_ingestion_dag.py
[2026-07-30T17:11:09.386+0000] {logging_mixin.py:188} INFO - [2026-07-30T17:11:09.386+0000] {dag.py:3096} INFO - Sync 1 DAGs
[2026-07-30T17:11:09.471+0000] {logging_mixin.py:188} INFO - [2026-07-30T17:11:09.468+0000] {dag.py:3954} INFO - Setting next_dagrun for ingest_bronze_layer to 2026-07-30 17:00:00+00:00, run_after=2026-07-30 18:00:00+00:00
[2026-07-30T17:11:09.620+0000] {processor.py:183} INFO - Processing /opt/airflow/dags/bronze_ingestion_dag.py took 0.439 seconds
[2026-07-30T17:11:40.870+0000] {processor.py:161} INFO - Started process (PID=918) to work on /opt/airflow/dags/bronze_ingestion_dag.py
[2026-07-30T17:11:40.894+0000] {processor.py:830} INFO - Processing file /opt/airflow/dags/bronze_ingestion_dag.py for tasks to queue
[2026-07-30T17:11:40.930+0000] {logging_mixin.py:188} INFO - [2026-07-30T17:11:40.929+0000] {dagbag.py:545} INFO - Filling up the DagBag from /opt/airflow/dags/bronze_ingestion_dag.py
[2026-07-30T17:11:41.193+0000] {processor.py:840} INFO - DAG(s) 'ingest_bronze_layer' retrieved from /opt/airflow/dags/bronze_ingestion_dag.py
[2026-07-30T17:11:41.525+0000] {logging_mixin.py:188} INFO - [2026-07-30T17:11:41.524+0000] {dag.py:3096} INFO - Sync 1 DAGs
[2026-07-30T17:11:41.849+0000] {logging_mixin.py:188} INFO - [2026-07-30T17:11:41.848+0000] {dag.py:3954} INFO - Setting next_dagrun for ingest_bronze_layer to 2026-07-30 17:00:00+00:00, run_after=2026-07-30 18:00:00+00:00
[2026-07-30T17:10:42.081+0000] {processor.py:183} INFO - Processing /opt/airflow/dags/bronze_ingestion_dag.py took 2.068 seconds
[2026-07-30T17:11:58.721+0000] {processor.py:161} INFO - Started process (PID=926) to work on /opt/airflow/dags/bronze_ingestion_dag.py
[2026-07-30T17:11:58.724+0000] {processor.py:830} INFO - Processing file /opt/airflow/dags/bronze_ingestion_dag.py for tasks to queue
[2026-07-30T17:11:58.768+0000] {logging_mixin.py:188} INFO - [2026-07-30T17:11:58.767+0000] {dagbag.py:545} INFO - Filling up the DagBag from /opt/airflow/dags/bronze_ingestion_dag.py
[2026-07-30T17:11:59.677+0000] {processor.py:840} INFO - DAG(s) 'ingest_bronze_layer' retrieved from /opt/airflow/dags/bronze_ingestion_dag.py
[2026-07-30T17:12:00.870+0000] {logging_mixin.py:188} INFO - [2026-07-30T17:12:00.870+0000] {dag.py:3096} INFO - Sync 1 DAGs
[2026-07-30T17:12:01.373+0000] {logging_mixin.py:188} INFO - [2026-07-30T17:12:01.372+0000] {dag.py:3954} INFO - Setting next_dagrun for ingest_bronze_layer to 2026-07-30 17:00:00+00:00, run_after=2026-07-30 18:00:00+00:00
[2026-07-30T17:12:01.732+0000] {processor.py:183} INFO - Processing /opt/airflow/dags/bronze_ingestion_dag.py took 3.086 seconds
[2026-07-30T17:12:32.262+0000] {processor.py:161} INFO - Started process (PID=941) to work on /opt/airflow/dags/bronze_ingestion_dag.py
[2026-07-30T17:12:32.279+0000] {processor.py:830} INFO - Processing file /opt/airflow/dags/bronze_ingestion_dag.py for tasks to queue
[2026-07-30T17:12:32.328+0000] {logging_mixin.py:188} INFO - [2026-07-30T17:12:32.325+0000] {dagbag.py:545} INFO - Filling up the DagBag from /opt/airflow/dags/bronze_ingestion_dag.py
[2026-07-30T17:12:32.517+0000] {processor.py:840} INFO - DAG(s) 'ingest_bronze_layer' retrieved from /opt/airflow/dags/bronze_ingestion_dag.py
[2026-07-30T17:12:32.828+0000] {logging_mixin.py:188} INFO - [2026-07-30T17:12:32.827+0000] {dag.py:3096} INFO - Sync 1 DAGs
[2026-07-30T17:12:32.956+0000] {logging_mixin.py:188} INFO - [2026-07-30T17:12:32.955+0000] {dag.py:3954} INFO - Setting next_dagrun for ingest_bronze_layer to 2026-07-30 17:00:00+00:00, run_after=2026-07-30 18:00:00+00:00
[2026-07-30T17:12:33.333+0000] {processor.py:183} INFO - Processing /opt/airflow/dags/bronze_ingestion_dag.py took 1.168 seconds
[2026-07-30T17:13:05.130+0000] {processor.py:161} INFO - Started process (PID=958) to work on /opt/airflow/dags/bronze_ingestion_dag.py
[2026-07-30T17:13:05.183+0000] {processor.py:830} INFO - Processing file /opt/airflow/dags/bronze_ingestion_dag.py for tasks to queue
[2026-07-30T17:13:05.357+0000] {logging_mixin.py:188} INFO - [2026-07-30T17:13:05.356+0000] {dagbag.py:545} INFO - Filling up the DagBag from /opt/airflow/dags/bronze_ingestion_dag.py
[2026-07-30T17:13:06.323+0000] {processor.py:840} INFO - DAG(s) 'ingest_bronze_layer' retrieved from /opt/airflow/dags/bronze_ingestion_dag.py
[2026-07-30T17:13:06.591+0000] {logging_mixin.py:188} INFO - [2026-07-30T17:13:06.590+0000] {dag.py:3096} INFO - Sync 1 DAGs
[2026-07-30T17:13:06.806+0000] {logging_mixin.py:188} INFO - [2026-07-30T17:13:06.805+0000] {dag.py:3954} INFO - Setting next_dagrun for ingest_bronze_layer to 2026-07-30 17:00:00+00:00, run_after=2026-07-30 18:00:00+00:00
[2026-07-30T17:13:07.946+0000] {processor.py:183} INFO - Processing /opt/airflow/dags/bronze_ingestion_dag.py took 2.864 seconds
[2026-07-30T17:13:38.838+0000] {processor.py:161} INFO - Started process (PID=974) to work on /opt/airflow/dags/bronze_ingestion_dag.py
[2026-07-30T17:13:38.861+0000] {processor.py:830} INFO - Processing file /opt/airflow/dags/bronze_ingestion_dag.py for tasks to queue
[2026-07-30T17:13:38.880+0000] {logging_mixin.py:188} INFO - [2026-07-30T17:13:38.878+0000] {dagbag.py:545} INFO - Filling up the DagBag from /opt/airflow/dags/bronze_ingestion_dag.py
[2026-07-30T17:13:39.022+0000] {processor.py:840} INFO - DAG(s) 'ingest_bronze_layer' retrieved from /opt/airflow/dags/bronze_ingestion_dag.py
[2026-07-30T17:13:39.181+0000] {logging_mixin.py:188} INFO - [2026-07-30T17:13:39.180+0000] {dag.py:3096} INFO - Sync 1 DAGs
[2026-07-30T17:13:39.343+0000] {logging_mixin.py:188} INFO - [2026-07-30T17:13:39.342+0000] {dag.py:3954} INFO - Setting next_dagrun for ingest_bronze_layer to 2026-07-30 17:00:00+00:00, run_after=2026-07-30 18:00:00+00:00
[2026-07-30T17:13:39.512+0000] {processor.py:183} INFO - Processing /opt/airflow/dags/bronze_ingestion_dag.py took 0.727 seconds
[2026-07-30T17:14:12.076+0000] {processor.py:161} INFO - Started process (PID=990) to work on /opt/airflow/dags/bronze_ingestion_dag.py
[2026-07-30T17:14:12.275+0000] {processor.py:830} INFO - Processing file /opt/airflow/dags/bronze_ingestion_dag.py for tasks to queue
[2026-07-30T17:14:12.626+0000] {logging_mixin.py:188} INFO - [2026-07-30T17:14:12.563+0000] {dagbag.py:545} INFO - Filling up the DagBag from /opt/airflow/dags/bronze_ingestion_dag.py
[2026-07-30T17:14:13.165+0000] {processor.py:840} INFO - DAG(s) 'ingest_bronze_layer' retrieved from /opt/airflow/dags/bronze_ingestion_dag.py
[2026-07-30T17:14:13.874+0000] {logging_mixin.py:188} INFO - [2026-07-30T17:14:13.873+0000] {dag.py:3096} INFO - Sync 1 DAGs
[2026-07-30T17:14:14.402+0000] {logging_mixin.py:188} INFO - [2026-07-30T17:14:14.401+0000] {dag.py:3954} INFO - Setting next_dagrun for ingest_bronze_layer to 2026-07-30 17:00:00+00:00, run_after=2026-07-30 18:00:00+00:00
[2026-07-30T17:14:15.497+0000] {processor.py:183} INFO - Processing /opt/airflow/dags/bronze_ingestion_dag.py took 4.523 seconds
[2026-07-30T17:14:18.036+0000] {processor.py:161} INFO - Started process (PID=998) to work on /opt/airflow/dags/bronze_ingestion_dag.py
[2026-07-30T17:14:18.048+0000] {processor.py:830} INFO - Processing file /opt/airflow/dags/bronze_ingestion_dag.py for tasks to queue
[2026-07-30T17:14:18.064+0000] {logging_mixin.py:188} INFO - [2026-07-30T17:14:18.055+0000] {dagbag.py:545} INFO - Filling up the DagBag from /opt/airflow/dags/bronze_ingestion_dag.py
[2026-07-30T17:14:18.424+0000] {processor.py:840} INFO - DAG(s) 'ingest_bronze_layer' retrieved from /opt/airflow/dags/bronze_ingestion_dag.py
[2026-07-30T17:14:18.733+0000] {logging_mixin.py:188} INFO - [2026-07-30T17:14:18.732+0000] {dag.py:3096} INFO - Sync 1 DAGs
[2026-07-30T17:14:19.062+0000] {logging_mixin.py:188} INFO - [2026-07-30T17:14:19.061+0000] {dag.py:3954} INFO - Setting next_dagrun for ingest_bronze_layer to 2026-07-30 17:00:00+00:00, run_after=2026-07-30 18:00:00+00:00
[2026-07-30T17:14:20.172+0000] {processor.py:183} INFO - Processing /opt/airflow/dags/bronze_ingestion_dag.py took 2.179 seconds
[2026-07-30T17:14:50.661+0000] {processor.py:161} INFO - Started process (PID=1016) to work on /opt/airflow/dags/bronze_ingestion_dag.py
[2026-07-30T17:14:50.665+0000] {processor.py:830} INFO - Processing file /opt/airflow/dags/bronze_ingestion_dag.py for tasks to queue
[2026-07-30T17:14:50.677+0000] {logging_mixin.py:188} INFO - [2026-07-30T17:14:50.675+0000] {dagbag.py:545} INFO - Filling up the DagBag from /opt/airflow/dags/bronze_ingestion_dag.py
[2026-07-30T17:14:50.897+0000] {processor.py:840} INFO - DAG(s) 'ingest_bronze_layer' retrieved from /opt/airflow/dags/bronze_ingestion_dag.py
[2026-07-30T17:14:51.166+0000] {logging_mixin.py:188} INFO - [2026-07-30T17:14:51.165+0000] {dag.py:3096} INFO - Sync 1 DAGs
[2026-07-30T17:14:51.431+0000] {logging_mixin.py:188} INFO - [2026-07-30T17:14:51.431+0000] {dag.py:3954} INFO - Setting next_dagrun for ingest_bronze_layer to 2026-07-30 17:00:00+00:00, run_after=2026-07-30 18:00:00+00:00
[2026-07-30T17:14:51.541+0000] {processor.py:183} INFO - Processing /opt/airflow/dags/bronze_ingestion_dag.py took 0.901 seconds
[2026-07-30T17:15:23.176+0000] {processor.py:161} INFO - Started process (PID=1036) to work on /opt/airflow/dags/bronze_ingestion_dag.py
[2026-07-30T17:15:23.189+0000] {processor.py:830} INFO - Processing file /opt/airflow/dags/bronze_ingestion_dag.py for tasks to queue
[2026-07-30T17:15:23.228+0000] {logging_mixin.py:188} INFO - [2026-07-30T17:15:23.211+0000] {dagbag.py:545} INFO - Filling up the DagBag from /opt/airflow/dags/bronze_ingestion_dag.py
[2026-07-30T17:15:23.680+0000] {processor.py:840} INFO - DAG(s) 'ingest_bronze_layer' retrieved from /opt/airflow/dags/bronze_ingestion_dag.py
[2026-07-30T17:15:24.086+0000] {logging_mixin.py:188} INFO - [2026-07-30T17:15:24.085+0000] {dag.py:3096} INFO - Sync 1 DAGs
[2026-07-30T17:15:24.310+0000] {logging_mixin.py:188} INFO - [2026-07-30T17:15:24.309+0000] {dag.py:3954} INFO - Setting next_dagrun for ingest_bronze_layer to 2026-07-30 17:00:00+00:00, run_after=2026-07-30 18:00:00+00:00
[2026-07-30T17:15:24.837+0000] {processor.py:183} INFO - Processing /opt/airflow/dags/bronze_ingestion_dag.py took 1.687 seconds
[2026-07-30T17:15:57.268+0000] {processor.py:161} INFO - Started process (PID=1074) to work on /opt/airflow/dags/bronze_ingestion_dag.py
[2026-07-30T17:15:57.497+0000] {processor.py:830} INFO - Processing file /opt/airflow/dags/bronze_ingestion_dag.py for tasks to queue
[2026-07-30T17:15:57.538+0000] {logging_mixin.py:188} INFO - [2026-07-30T17:15:57.534+0000] {dagbag.py:545} INFO - Filling up the DagBag from /opt/airflow/dags/bronze_ingestion_dag.py
[2026-07-30T17:15:57.914+0000] {processor.py:840} INFO - DAG(s) 'ingest_bronze_layer' retrieved from /opt/airflow/dags/bronze_ingestion_dag.py
[2026-07-30T17:15:58.073+0000] {logging_mixin.py:188} INFO - [2026-07-30T17:15:58.072+0000] {dag.py:3096} INFO - Sync 1 DAGs
[2026-07-30T17:15:58.390+0000] {logging_mixin.py:188} INFO - [2026-07-30T17:15:58.388+0000] {dag.py:3954} INFO - Setting next_dagrun for ingest_bronze_layer to 2026-07-30 17:00:00+00:00, run_after=2026-07-30 18:00:00+00:00
[2026-07-30T17:16:00.777+0000] {processor.py:183} INFO - Processing /opt/airflow/dags/bronze_ingestion_dag.py took 4.079 seconds
[2026-07-30T17:16:09.626+0000] {processor.py:161} INFO - Started process (PID=1086) to work on /opt/airflow/dags/bronze_ingestion_dag.py
[2026-07-30T17:16:09.632+0000] {processor.py:830} INFO - Processing file /opt/airflow/dags/bronze_ingestion_dag.py for tasks to queue
[2026-07-30T17:16:09.649+0000] {logging_mixin.py:188} INFO - [2026-07-30T17:16:09.647+0000] {dagbag.py:545} INFO - Filling up the DagBag from /opt/airflow/dags/bronze_ingestion_dag.py
[2026-07-30T17:16:09.823+0000] {processor.py:840} INFO - DAG(s) 'ingest_bronze_layer' retrieved from /opt/airflow/dags/bronze_ingestion_dag.py
[2026-07-30T17:16:09.907+0000] {logging_mixin.py:188} INFO - [2026-07-30T17:16:09.907+0000] {dag.py:3096} INFO - Sync 1 DAGs
[2026-07-30T17:16:09.999+0000] {logging_mixin.py:188} INFO - [2026-07-30T17:16:09.998+0000] {dag.py:3954} INFO - Setting next_dagrun for ingest_bronze_layer to 2026-07-30 17:00:00+00:00, run_after=2026-07-30 18:00:00+00:00
[2026-07-30T17:16:10.056+0000] {processor.py:183} INFO - Processing /opt/airflow/dags/bronze_ingestion_dag.py took 0.478 seconds
[2026-07-30T17:17:33.820+0000] {processor.py:161} INFO - Started process (PID=1096) to work on /opt/airflow/dags/bronze_ingestion_dag.py
[2026-07-30T17:17:33.824+0000] {processor.py:830} INFO - Processing file /opt/airflow/dags/bronze_ingestion_dag.py for tasks to queue
[2026-07-30T17:17:33.840+0000] {logging_mixin.py:188} INFO - [2026-07-30T17:17:33.839+0000] {dagbag.py:545} INFO - Filling up the DagBag from /opt/airflow/dags/bronze_ingestion_dag.py
[2026-07-30T17:17:33.968+0000] {processor.py:840} INFO - DAG(s) 'ingest_bronze_layer' retrieved from /opt/airflow/dags/bronze_ingestion_dag.py
[2026-07-30T17:17:34.110+0000] {logging_mixin.py:188} INFO - [2026-07-30T17:17:34.107+0000] {dag.py:3096} INFO - Sync 1 DAGs
[2026-07-30T17:17:34.383+0000] {logging_mixin.py:188} INFO - [2026-07-30T17:17:34.378+0000] {dag.py:3954} INFO - Setting next_dagrun for ingest_bronze_layer to 2026-07-30 17:00:00+00:00, run_after=2026-07-30 18:00:00+00:00
[2026-07-30T17:17:34.549+0000] {processor.py:183} INFO - Processing /opt/airflow/dags/bronze_ingestion_dag.py took 0.762 seconds
[2026-07-30T17:18:05.217+0000] {processor.py:161} INFO - Started process (PID=1111) to work on /opt/airflow/dags/bronze_ingestion_dag.py
[2026-07-30T17:18:05.221+0000] {processor.py:830} INFO - Processing file /opt/airflow/dags/bronze_ingestion_dag.py for tasks to queue
[2026-07-30T17:18:05.229+0000] {logging_mixin.py:188} INFO - [2026-07-30T17:18:05.228+0000] {dagbag.py:545} INFO - Filling up the DagBag from /opt/airflow/dags/bronze_ingestion_dag.py
[2026-07-30T17:18:05.318+0000] {processor.py:840} INFO - DAG(s) 'ingest_bronze_layer' retrieved from /opt/airflow/dags/bronze_ingestion_dag.py
[2026-07-30T17:18:05.405+0000] {logging_mixin.py:188} INFO - [2026-07-30T17:18:05.405+0000] {dag.py:3096} INFO - Sync 1 DAGs
[2026-07-30T17:18:05.489+0000] {logging_mixin.py:188} INFO - [2026-07-30T17:18:05.489+0000] {dag.py:3954} INFO - Setting next_dagrun for ingest_bronze_layer to 2026-07-30 17:00:00+00:00, run_after=2026-07-30 18:00:00+00:00
[2026-07-30T17:18:05.546+0000] {processor.py:183} INFO - Processing /opt/airflow/dags/bronze_ingestion_dag.py took 0.355 seconds
[2026-07-30T17:18:36.314+0000] {processor.py:161} INFO - Started process (PID=1126) to work on /opt/airflow/dags/bronze_ingestion_dag.py
[2026-07-30T17:18:36.323+0000] {processor.py:830} INFO - Processing file /opt/airflow/dags/bronze_ingestion_dag.py for tasks to queue
[2026-07-30T17:18:36.353+0000] {logging_mixin.py:188} INFO - [2026-07-30T17:18:36.348+0000] {dagbag.py:545} INFO - Filling up the DagBag from /opt/airflow/dags/bronze_ingestion_dag.py
[2026-07-30T17:18:36.573+0000] {processor.py:840} INFO - DAG(s) 'ingest_bronze_layer' retrieved from /opt/airflow/dags/bronze_ingestion_dag.py
[2026-07-30T17:18:36.848+0000] {logging_mixin.py:188} INFO - [2026-07-30T17:18:36.847+0000] {dag.py:3096} INFO - Sync 1 DAGs
[2026-07-30T17:18:37.115+0000] {logging_mixin.py:188} INFO - [2026-07-30T17:18:37.114+0000] {dag.py:3954} INFO - Setting next_dagrun for ingest_bronze_layer to 2026-07-30 17:00:00+00:00, run_after=2026-07-30 18:00:00+00:00
[2026-07-30T17:18:37.391+0000] {processor.py:183} INFO - Processing /opt/airflow/dags/bronze_ingestion_dag.py took 1.179 seconds
[2026-07-30T17:19:07.849+0000] {processor.py:161} INFO - Started process (PID=1141) to work on /opt/airflow/dags/bronze_ingestion_dag.py
[2026-07-30T17:19:07.851+0000] {processor.py:830} INFO - Processing file /opt/airflow/dags/bronze_ingestion_dag.py for tasks to queue
[2026-07-30T17:19:07.856+0000] {logging_mixin.py:188} INFO - [2026-07-30T17:19:07.856+0000] {dagbag.py:545} INFO - Filling up the DagBag from /opt/airflow/dags/bronze_ingestion_dag.py
[2026-07-30T17:19:07.904+0000] {processor.py:840} INFO - DAG(s) 'ingest_bronze_layer' retrieved from /opt/airflow/dags/bronze_ingestion_dag.py
[2026-07-30T17:19:07.953+0000] {logging_mixin.py:188} INFO - [2026-07-30T17:19:07.952+0000] {dag.py:3096} INFO - Sync 1 DAGs
[2026-07-30T17:19:08.010+0000] {logging_mixin.py:188} INFO - [2026-07-30T17:19:08.009+0000] {dag.py:3954} INFO - Setting next_dagrun for ingest_bronze_layer to 2026-07-30 17:00:00+00:00, run_after=2026-07-30 18:00:00+00:00
[2026-07-30T17:19:08.055+0000] {processor.py:183} INFO - Processing /opt/airflow/dags/bronze_ingestion_dag.py took 0.219 seconds
[2026-07-30T17:19:38.602+0000] {processor.py:161} INFO - Started process (PID=1156) to work on /opt/airflow/dags/bronze_ingestion_dag.py
[2026-07-30T17:19:38.608+0000] {processor.py:830} INFO - Processing file /opt/airflow/dags/bronze_ingestion_dag.py for tasks to queue
[2026-07-30T17:19:38.618+0000] {logging_mixin.py:188} INFO - [2026-07-30T17:19:38.617+0000] {dagbag.py:545} INFO - Filling up the DagBag from /opt/airflow/dags/bronze_ingestion_dag.py
[2026-07-30T17:19:38.889+0000] {processor.py:840} INFO - DAG(s) 'ingest_bronze_layer' retrieved from /opt/airflow/dags/bronze_ingestion_dag.py
[2026-07-30T17:19:39.286+0000] {logging_mixin.py:188} INFO - [2026-07-30T17:19:39.285+0000] {dag.py:3096} INFO - Sync 1 DAGs
[2026-07-30T17:19:39.466+0000] {logging_mixin.py:188} INFO - [2026-07-30T17:19:39.465+0000] {dag.py:3954} INFO - Setting next_dagrun for ingest_bronze_layer to 2026-07-30 17:00:00+00:00, run_after=2026-07-30 18:00:00+00:00
[2026-07-30T17:19:39.610+0000] {processor.py:183} INFO - Processing /opt/airflow/dags/bronze_ingestion_dag.py took 1.031 seconds
[2026-07-30T17:20:10.296+0000] {processor.py:161} INFO - Started process (PID=1174) to work on /opt/airflow/dags/bronze_ingestion_dag.py
[2026-07-30T17:20:10.299+0000] {processor.py:830} INFO - Processing file /opt/airflow/dags/bronze_ingestion_dag.py for tasks to queue
[2026-07-30T17:20:10.304+0000] {logging_mixin.py:188} INFO - [2026-07-30T17:20:10.303+0000] {dagbag.py:545} INFO - Filling up the DagBag from /opt/airflow/dags/bronze_ingestion_dag.py
[2026-07-30T17:20:10.351+0000] {processor.py:840} INFO - DAG(s) 'ingest_bronze_layer' retrieved from /opt/airflow/dags/bronze_ingestion_dag.py
[2026-07-30T17:20:10.407+0000] {logging_mixin.py:188} INFO - [2026-07-30T17:20:10.407+0000] {dag.py:3096} INFO - Sync 1 DAGs
[2026-07-30T17:20:10.472+0000] {logging_mixin.py:188} INFO - [2026-07-30T17:20:10.472+0000] {dag.py:3954} INFO - Setting next_dagrun for ingest_bronze_layer to 2026-07-30 17:00:00+00:00, run_after=2026-07-30 18:00:00+00:00
[2026-07-30T17:20:10.550+0000] {processor.py:183} INFO - Processing /opt/airflow/dags/bronze_ingestion_dag.py took 0.271 seconds
[2026-07-30T17:20:43.855+0000] {processor.py:161} INFO - Started process (PID=1201) to work on /opt/airflow/dags/bronze_ingestion_dag.py
[2026-07-30T17:20:44.729+0000] {processor.py:830} INFO - Processing file /opt/airflow/dags/bronze_ingestion_dag.py for tasks to queue
[2026-07-30T17:20:45.337+0000] {logging_mixin.py:188} INFO - [2026-07-30T17:20:45.192+0000] {dagbag.py:545} INFO - Filling up the DagBag from /opt/airflow/dags/bronze_ingestion_dag.py
[2026-07-30T17:20:45.974+0000] {processor.py:840} INFO - DAG(s) 'ingest_bronze_layer' retrieved from /opt/airflow/dags/bronze_ingestion_dag.py
[2026-07-30T17:20:46.760+0000] {logging_mixin.py:188} INFO - [2026-07-30T17:20:46.747+0000] {dag.py:3096} INFO - Sync 1 DAGs
[2026-07-30T17:20:47.366+0000] {logging_mixin.py:188} INFO - [2026-07-30T17:20:47.366+0000] {dag.py:3954} INFO - Setting next_dagrun for ingest_bronze_layer to 2026-07-30 17:00:00+00:00, run_after=2026-07-30 18:00:00+00:00
[2026-07-30T17:20:47.875+0000] {processor.py:183} INFO - Processing /opt/airflow/dags/bronze_ingestion_dag.py took 4.618 seconds
[2026-07-30T17:21:18.508+0000] {processor.py:161} INFO - Started process (PID=1315) to work on /opt/airflow/dags/bronze_ingestion_dag.py
[2026-07-30T17:21:18.524+0000] {processor.py:830} INFO - Processing file /opt/airflow/dags/bronze_ingestion_dag.py for tasks to queue
[2026-07-30T17:21:18.548+0000] {logging_mixin.py:188} INFO - [2026-07-30T17:21:18.546+0000] {dagbag.py:545} INFO - Filling up the DagBag from /opt/airflow/dags/bronze_ingestion_dag.py
[2026-07-30T17:21:18.833+0000] {processor.py:840} INFO - DAG(s) 'ingest_bronze_layer' retrieved from /opt/airflow/dags/bronze_ingestion_dag.py
[2026-07-30T17:21:19.167+0000] {logging_mixin.py:188} INFO - [2026-07-30T17:21:19.167+0000] {dag.py:3096} INFO - Sync 1 DAGs
[2026-07-30T17:21:19.276+0000] {logging_mixin.py:188} INFO - [2026-07-30T17:21:19.275+0000] {dag.py:3954} INFO - Setting next_dagrun for ingest_bronze_layer to 2026-07-30 17:00:00+00:00, run_after=2026-07-30 18:00:00+00:00
[2026-07-30T17:21:19.464+0000] {processor.py:183} INFO - Processing /opt/airflow/dags/bronze_ingestion_dag.py took 1.080 seconds
[2026-07-30T17:20:55.620+0000] {processor.py:161} INFO - Started process (PID=1385) to work on /opt/airflow/dags/bronze_ingestion_dag.py
[2026-07-30T17:20:55.881+0000] {processor.py:830} INFO - Processing file /opt/airflow/dags/bronze_ingestion_dag.py for tasks to queue
[2026-07-30T17:20:56.849+0000] {logging_mixin.py:188} INFO - [2026-07-30T17:20:56.602+0000] {dagbag.py:545} INFO - Filling up the DagBag from /opt/airflow/dags/bronze_ingestion_dag.py
[2026-07-30T17:21:02.046+0000] {processor.py:840} INFO - DAG(s) 'ingest_bronze_layer' retrieved from /opt/airflow/dags/bronze_ingestion_dag.py
[2026-07-30T17:21:03.963+0000] {logging_mixin.py:188} INFO - [2026-07-30T17:21:03.962+0000] {dag.py:3096} INFO - Sync 1 DAGs
[2026-07-30T17:21:04.411+0000] {logging_mixin.py:188} INFO - [2026-07-30T17:21:04.411+0000] {dag.py:3954} INFO - Setting next_dagrun for ingest_bronze_layer to 2026-07-30 17:00:00+00:00, run_after=2026-07-30 18:00:00+00:00
[2026-07-30T17:21:05.155+0000] {processor.py:183} INFO - Processing /opt/airflow/dags/bronze_ingestion_dag.py took 9.946 seconds
[2026-07-30T17:22:11.785+0000] {processor.py:161} INFO - Started process (PID=1396) to work on /opt/airflow/dags/bronze_ingestion_dag.py
[2026-07-30T17:22:11.891+0000] {processor.py:830} INFO - Processing file /opt/airflow/dags/bronze_ingestion_dag.py for tasks to queue
[2026-07-30T17:22:12.022+0000] {logging_mixin.py:188} INFO - [2026-07-30T17:22:12.021+0000] {dagbag.py:545} INFO - Filling up the DagBag from /opt/airflow/dags/bronze_ingestion_dag.py
[2026-07-30T17:22:13.109+0000] {processor.py:840} INFO - DAG(s) 'ingest_bronze_layer' retrieved from /opt/airflow/dags/bronze_ingestion_dag.py
[2026-07-30T17:22:13.665+0000] {logging_mixin.py:188} INFO - [2026-07-30T17:22:13.664+0000] {dag.py:3096} INFO - Sync 1 DAGs
[2026-07-30T17:22:14.094+0000] {logging_mixin.py:188} INFO - [2026-07-30T17:22:14.093+0000] {dag.py:3954} INFO - Setting next_dagrun for ingest_bronze_layer to 2026-07-30 17:00:00+00:00, run_after=2026-07-30 18:00:00+00:00
[2026-07-30T17:22:14.433+0000] {processor.py:183} INFO - Processing /opt/airflow/dags/bronze_ingestion_dag.py took 2.745 seconds
[2026-07-30T17:22:45.579+0000] {processor.py:161} INFO - Started process (PID=1441) to work on /opt/airflow/dags/bronze_ingestion_dag.py
[2026-07-30T17:22:45.625+0000] {processor.py:830} INFO - Processing file /opt/airflow/dags/bronze_ingestion_dag.py for tasks to queue
[2026-07-30T17:22:45.658+0000] {logging_mixin.py:188} INFO - [2026-07-30T17:22:45.655+0000] {dagbag.py:545} INFO - Filling up the DagBag from /opt/airflow/dags/bronze_ingestion_dag.py
[2026-07-30T17:22:45.802+0000] {processor.py:840} INFO - DAG(s) 'ingest_bronze_layer' retrieved from /opt/airflow/dags/bronze_ingestion_dag.py
[2026-07-30T17:22:46.086+0000] {logging_mixin.py:188} INFO - [2026-07-30T17:22:46.085+0000] {dag.py:3096} INFO - Sync 1 DAGs
[2026-07-30T17:22:46.474+0000] {logging_mixin.py:188} INFO - [2026-07-30T17:22:46.473+0000] {dag.py:3954} INFO - Setting next_dagrun for ingest_bronze_layer to 2026-07-30 17:00:00+00:00, run_after=2026-07-30 18:00:00+00:00
[2026-07-30T17:22:46.831+0000] {processor.py:183} INFO - Processing /opt/airflow/dags/bronze_ingestion_dag.py took 1.533 seconds
[2026-07-30T17:23:18.950+0000] {processor.py:161} INFO - Started process (PID=1527) to work on /opt/airflow/dags/bronze_ingestion_dag.py
[2026-07-30T17:23:19.108+0000] {processor.py:830} INFO - Processing file /opt/airflow/dags/bronze_ingestion_dag.py for tasks to queue
[2026-07-30T17:23:19.384+0000] {logging_mixin.py:188} INFO - [2026-07-30T17:23:19.375+0000] {dagbag.py:545} INFO - Filling up the DagBag from /opt/airflow/dags/bronze_ingestion_dag.py
[2026-07-30T17:23:21.426+0000] {processor.py:840} INFO - DAG(s) 'ingest_bronze_layer' retrieved from /opt/airflow/dags/bronze_ingestion_dag.py
[2026-07-30T17:23:22.068+0000] {logging_mixin.py:188} INFO - [2026-07-30T17:23:22.067+0000] {dag.py:3096} INFO - Sync 1 DAGs
[2026-07-30T17:23:22.712+0000] {logging_mixin.py:188} INFO - [2026-07-30T17:23:22.711+0000] {dag.py:3954} INFO - Setting next_dagrun for ingest_bronze_layer to 2026-07-30 17:00:00+00:00, run_after=2026-07-30 18:00:00+00:00
[2026-07-30T17:23:23.187+0000] {processor.py:183} INFO - Processing /opt/airflow/dags/bronze_ingestion_dag.py took 4.618 seconds
[2026-07-30T17:23:53.613+0000] {processor.py:161} INFO - Started process (PID=1584) to work on /opt/airflow/dags/bronze_ingestion_dag.py
[2026-07-30T17:23:53.619+0000] {processor.py:830} INFO - Processing file /opt/airflow/dags/bronze_ingestion_dag.py for tasks to queue
[2026-07-30T17:23:53.634+0000] {logging_mixin.py:188} INFO - [2026-07-30T17:23:53.631+0000] {dagbag.py:545} INFO - Filling up the DagBag from /opt/airflow/dags/bronze_ingestion_dag.py
[2026-07-30T17:23:53.814+0000] {processor.py:840} INFO - DAG(s) 'ingest_bronze_layer' retrieved from /opt/airflow/dags/bronze_ingestion_dag.py
[2026-07-30T17:23:54.089+0000] {logging_mixin.py:188} INFO - [2026-07-30T17:23:54.087+0000] {dag.py:3096} INFO - Sync 1 DAGs
[2026-07-30T17:23:54.282+0000] {logging_mixin.py:188} INFO - [2026-07-30T17:23:54.281+0000] {dag.py:3954} INFO - Setting next_dagrun for ingest_bronze_layer to 2026-07-30 17:00:00+00:00, run_after=2026-07-30 18:00:00+00:00
[2026-07-30T17:23:54.403+0000] {processor.py:183} INFO - Processing /opt/airflow/dags/bronze_ingestion_dag.py took 0.840 seconds
[2026-07-30T17:24:25.617+0000] {processor.py:161} INFO - Started process (PID=1639) to work on /opt/airflow/dags/bronze_ingestion_dag.py
[2026-07-30T17:24:25.649+0000] {processor.py:830} INFO - Processing file /opt/airflow/dags/bronze_ingestion_dag.py for tasks to queue
[2026-07-30T17:24:25.749+0000] {logging_mixin.py:188} INFO - [2026-07-30T17:24:25.748+0000] {dagbag.py:545} INFO - Filling up the DagBag from /opt/airflow/dags/bronze_ingestion_dag.py
[2026-07-30T17:24:26.988+0000] {processor.py:840} INFO - DAG(s) 'ingest_bronze_layer' retrieved from /opt/airflow/dags/bronze_ingestion_dag.py
[2026-07-30T17:24:27.258+0000] {logging_mixin.py:188} INFO - [2026-07-30T17:24:27.246+0000] {dag.py:3096} INFO - Sync 1 DAGs
[2026-07-30T17:24:27.588+0000] {logging_mixin.py:188} INFO - [2026-07-30T17:24:27.588+0000] {dag.py:3954} INFO - Setting next_dagrun for ingest_bronze_layer to 2026-07-30 17:00:00+00:00, run_after=2026-07-30 18:00:00+00:00
[2026-07-30T17:23:30.631+0000] {processor.py:183} INFO - Processing /opt/airflow/dags/bronze_ingestion_dag.py took 4.639 seconds
[2026-07-30T17:24:45.990+0000] {processor.py:161} INFO - Started process (PID=1666) to work on /opt/airflow/dags/bronze_ingestion_dag.py
[2026-07-30T17:24:45.993+0000] {processor.py:830} INFO - Processing file /opt/airflow/dags/bronze_ingestion_dag.py for tasks to queue
[2026-07-30T17:24:46.003+0000] {logging_mixin.py:188} INFO - [2026-07-30T17:24:46.002+0000] {dagbag.py:545} INFO - Filling up the DagBag from /opt/airflow/dags/bronze_ingestion_dag.py
[2026-07-30T17:24:46.180+0000] {processor.py:840} INFO - DAG(s) 'ingest_bronze_layer' retrieved from /opt/airflow/dags/bronze_ingestion_dag.py
[2026-07-30T17:24:46.565+0000] {logging_mixin.py:188} INFO - [2026-07-30T17:24:46.564+0000] {dag.py:3096} INFO - Sync 1 DAGs
[2026-07-30T17:24:48.373+0000] {logging_mixin.py:188} INFO - [2026-07-30T17:24:48.373+0000] {dag.py:3954} INFO - Setting next_dagrun for ingest_bronze_layer to 2026-07-30 17:00:00+00:00, run_after=2026-07-30 18:00:00+00:00
[2026-07-30T17:24:49.824+0000] {processor.py:183} INFO - Processing /opt/airflow/dags/bronze_ingestion_dag.py took 3.877 seconds
[2026-07-30T17:25:21.006+0000] {processor.py:161} INFO - Started process (PID=1696) to work on /opt/airflow/dags/bronze_ingestion_dag.py
[2026-07-30T17:25:21.012+0000] {processor.py:830} INFO - Processing file /opt/airflow/dags/bronze_ingestion_dag.py for tasks to queue
[2026-07-30T17:25:21.024+0000] {logging_mixin.py:188} INFO - [2026-07-30T17:25:21.022+0000] {dagbag.py:545} INFO - Filling up the DagBag from /opt/airflow/dags/bronze_ingestion_dag.py
[2026-07-30T17:25:21.110+0000] {processor.py:840} INFO - DAG(s) 'ingest_bronze_layer' retrieved from /opt/airflow/dags/bronze_ingestion_dag.py
[2026-07-30T17:25:21.201+0000] {logging_mixin.py:188} INFO - [2026-07-30T17:25:21.200+0000] {dag.py:3096} INFO - Sync 1 DAGs
[2026-07-30T17:25:21.338+0000] {logging_mixin.py:188} INFO - [2026-07-30T17:25:21.336+0000] {dag.py:3954} INFO - Setting next_dagrun for ingest_bronze_layer to 2026-07-30 17:00:00+00:00, run_after=2026-07-30 18:00:00+00:00
[2026-07-30T17:25:21.436+0000] {processor.py:183} INFO - Processing /opt/airflow/dags/bronze_ingestion_dag.py took 0.455 seconds
[2026-07-30T17:25:53.092+0000] {processor.py:161} INFO - Started process (PID=1711) to work on /opt/airflow/dags/bronze_ingestion_dag.py
[2026-07-30T17:25:53.103+0000] {processor.py:830} INFO - Processing file /opt/airflow/dags/bronze_ingestion_dag.py for tasks to queue
[2026-07-30T17:25:53.134+0000] {logging_mixin.py:188} INFO - [2026-07-30T17:25:53.131+0000] {dagbag.py:545} INFO - Filling up the DagBag from /opt/airflow/dags/bronze_ingestion_dag.py
[2026-07-30T17:25:53.572+0000] {processor.py:840} INFO - DAG(s) 'ingest_bronze_layer' retrieved from /opt/airflow/dags/bronze_ingestion_dag.py
[2026-07-30T17:25:54.981+0000] {logging_mixin.py:188} INFO - [2026-07-30T17:25:54.980+0000] {dag.py:3096} INFO - Sync 1 DAGs
[2026-07-30T17:25:55.166+0000] {logging_mixin.py:188} INFO - [2026-07-30T17:25:55.165+0000] {dag.py:3954} INFO - Setting next_dagrun for ingest_bronze_layer to 2026-07-30 17:00:00+00:00, run_after=2026-07-30 18:00:00+00:00
[2026-07-30T17:25:55.913+0000] {processor.py:183} INFO - Processing /opt/airflow/dags/bronze_ingestion_dag.py took 3.057 seconds
[2026-07-30T17:26:26.591+0000] {processor.py:161} INFO - Started process (PID=1750) to work on /opt/airflow/dags/bronze_ingestion_dag.py
[2026-07-30T17:26:26.596+0000] {processor.py:830} INFO - Processing file /opt/airflow/dags/bronze_ingestion_dag.py for tasks to queue
[2026-07-30T17:26:26.603+0000] {logging_mixin.py:188} INFO - [2026-07-30T17:26:26.602+0000] {dagbag.py:545} INFO - Filling up the DagBag from /opt/airflow/dags/bronze_ingestion_dag.py
[2026-07-30T17:26:26.680+0000] {processor.py:840} INFO - DAG(s) 'ingest_bronze_layer' retrieved from /opt/airflow/dags/bronze_ingestion_dag.py
[2026-07-30T17:26:26.758+0000] {logging_mixin.py:188} INFO - [2026-07-30T17:26:26.757+0000] {dag.py:3096} INFO - Sync 1 DAGs
[2026-07-30T17:26:26.873+0000] {logging_mixin.py:188} INFO - [2026-07-30T17:26:26.873+0000] {dag.py:3954} INFO - Setting next_dagrun for ingest_bronze_layer to 2026-07-30 17:00:00+00:00, run_after=2026-07-30 18:00:00+00:00
[2026-07-30T17:26:26.947+0000] {processor.py:183} INFO - Processing /opt/airflow/dags/bronze_ingestion_dag.py took 0.371 seconds
[2026-07-30T17:27:00.952+0000] {processor.py:161} INFO - Started process (PID=1878) to work on /opt/airflow/dags/bronze_ingestion_dag.py
[2026-07-30T17:27:00.965+0000] {processor.py:830} INFO - Processing file /opt/airflow/dags/bronze_ingestion_dag.py for tasks to queue
[2026-07-30T17:27:01.112+0000] {logging_mixin.py:188} INFO - [2026-07-30T17:27:01.078+0000] {dagbag.py:545} INFO - Filling up the DagBag from /opt/airflow/dags/bronze_ingestion_dag.py
[2026-07-30T17:27:02.373+0000] {processor.py:840} INFO - DAG(s) 'ingest_bronze_layer' retrieved from /opt/airflow/dags/bronze_ingestion_dag.py
[2026-07-30T17:27:04.236+0000] {logging_mixin.py:188} INFO - [2026-07-30T17:27:04.235+0000] {dag.py:3096} INFO - Sync 1 DAGs
[2026-07-30T17:27:05.292+0000] {logging_mixin.py:188} INFO - [2026-07-30T17:27:05.291+0000] {dag.py:3954} INFO - Setting next_dagrun for ingest_bronze_layer to 2026-07-30 17:00:00+00:00, run_after=2026-07-30 18:00:00+00:00
[2026-07-30T17:27:06.493+0000] {processor.py:183} INFO - Processing /opt/airflow/dags/bronze_ingestion_dag.py took 5.326 seconds
[2026-07-30T17:27:36.977+0000] {processor.py:161} INFO - Started process (PID=1952) to work on /opt/airflow/dags/bronze_ingestion_dag.py
[2026-07-30T17:27:36.979+0000] {processor.py:830} INFO - Processing file /opt/airflow/dags/bronze_ingestion_dag.py for tasks to queue
[2026-07-30T17:27:36.991+0000] {logging_mixin.py:188} INFO - [2026-07-30T17:27:36.990+0000] {dagbag.py:545} INFO - Filling up the DagBag from /opt/airflow/dags/bronze_ingestion_dag.py
[2026-07-30T17:27:37.071+0000] {processor.py:840} INFO - DAG(s) 'ingest_bronze_layer' retrieved from /opt/airflow/dags/bronze_ingestion_dag.py
[2026-07-30T17:27:37.281+0000] {logging_mixin.py:188} INFO - [2026-07-30T17:27:37.280+0000] {dag.py:3096} INFO - Sync 1 DAGs
[2026-07-30T17:27:37.395+0000] {logging_mixin.py:188} INFO - [2026-07-30T17:27:37.395+0000] {dag.py:3954} INFO - Setting next_dagrun for ingest_bronze_layer to 2026-07-30 17:00:00+00:00, run_after=2026-07-30 18:00:00+00:00
[2026-07-30T17:27:39.846+0000] {processor.py:183} INFO - Processing /opt/airflow/dags/bronze_ingestion_dag.py took 2.889 seconds
[2026-07-30T17:28:11.085+0000] {processor.py:161} INFO - Started process (PID=2034) to work on /opt/airflow/dags/bronze_ingestion_dag.py
[2026-07-30T17:28:11.135+0000] {processor.py:830} INFO - Processing file /opt/airflow/dags/bronze_ingestion_dag.py for tasks to queue
[2026-07-30T17:28:11.505+0000] {logging_mixin.py:188} INFO - [2026-07-30T17:28:11.489+0000] {dagbag.py:545} INFO - Filling up the DagBag from /opt/airflow/dags/bronze_ingestion_dag.py
[2026-07-30T17:28:14.093+0000] {processor.py:840} INFO - DAG(s) 'ingest_bronze_layer' retrieved from /opt/airflow/dags/bronze_ingestion_dag.py
[2026-07-30T17:28:14.724+0000] {logging_mixin.py:188} INFO - [2026-07-30T17:28:14.722+0000] {dag.py:3096} INFO - Sync 1 DAGs
[2026-07-30T17:28:18.095+0000] {logging_mixin.py:188} INFO - [2026-07-30T17:28:18.094+0000] {dag.py:3954} INFO - Setting next_dagrun for ingest_bronze_layer to 2026-07-30 17:00:00+00:00, run_after=2026-07-30 18:00:00+00:00
[2026-07-30T17:28:20.031+0000] {processor.py:183} INFO - Processing /opt/airflow/dags/bronze_ingestion_dag.py took 9.337 seconds
[2026-07-30T17:28:51.776+0000] {processor.py:161} INFO - Started process (PID=2082) to work on /opt/airflow/dags/bronze_ingestion_dag.py
[2026-07-30T17:28:51.798+0000] {processor.py:830} INFO - Processing file /opt/airflow/dags/bronze_ingestion_dag.py for tasks to queue
[2026-07-30T17:28:51.951+0000] {logging_mixin.py:188} INFO - [2026-07-30T17:28:51.945+0000] {dagbag.py:545} INFO - Filling up the DagBag from /opt/airflow/dags/bronze_ingestion_dag.py
[2026-07-30T17:28:53.373+0000] {processor.py:840} INFO - DAG(s) 'ingest_bronze_layer' retrieved from /opt/airflow/dags/bronze_ingestion_dag.py
[2026-07-30T17:28:55.988+0000] {logging_mixin.py:188} INFO - [2026-07-30T17:28:55.988+0000] {dag.py:3096} INFO - Sync 1 DAGs
[2026-07-30T17:28:57.060+0000] {logging_mixin.py:188} INFO - [2026-07-30T17:28:57.057+0000] {dag.py:3954} INFO - Setting next_dagrun for ingest_bronze_layer to 2026-07-30 17:00:00+00:00, run_after=2026-07-30 18:00:00+00:00
[2026-07-30T17:28:58.741+0000] {processor.py:183} INFO - Processing /opt/airflow/dags/bronze_ingestion_dag.py took 7.098 seconds
[2026-07-30T17:29:29.589+0000] {processor.py:161} INFO - Started process (PID=2158) to work on /opt/airflow/dags/bronze_ingestion_dag.py
[2026-07-30T17:29:29.599+0000] {processor.py:830} INFO - Processing file /opt/airflow/dags/bronze_ingestion_dag.py for tasks to queue
[2026-07-30T17:29:29.609+0000] {logging_mixin.py:188} INFO - [2026-07-30T17:29:29.604+0000] {dagbag.py:545} INFO - Filling up the DagBag from /opt/airflow/dags/bronze_ingestion_dag.py
[2026-07-30T17:29:29.762+0000] {processor.py:840} INFO - DAG(s) 'ingest_bronze_layer' retrieved from /opt/airflow/dags/bronze_ingestion_dag.py
[2026-07-30T17:29:29.884+0000] {logging_mixin.py:188} INFO - [2026-07-30T17:29:29.883+0000] {dag.py:3096} INFO - Sync 1 DAGs
[2026-07-30T17:29:30.020+0000] {logging_mixin.py:188} INFO - [2026-07-30T17:29:30.019+0000] {dag.py:3954} INFO - Setting next_dagrun for ingest_bronze_layer to 2026-07-30 17:00:00+00:00, run_after=2026-07-30 18:00:00+00:00
[2026-07-30T17:29:30.489+0000] {processor.py:183} INFO - Processing /opt/airflow/dags/bronze_ingestion_dag.py took 0.992 seconds
[2026-07-30T17:30:07.831+0000] {processor.py:161} INFO - Started process (PID=2177) to work on /opt/airflow/dags/bronze_ingestion_dag.py
[2026-07-30T17:30:07.838+0000] {processor.py:830} INFO - Processing file /opt/airflow/dags/bronze_ingestion_dag.py for tasks to queue
[2026-07-30T17:30:07.861+0000] {logging_mixin.py:188} INFO - [2026-07-30T17:30:07.860+0000] {dagbag.py:545} INFO - Filling up the DagBag from /opt/airflow/dags/bronze_ingestion_dag.py
[2026-07-30T17:30:08.034+0000] {processor.py:840} INFO - DAG(s) 'ingest_bronze_layer' retrieved from /opt/airflow/dags/bronze_ingestion_dag.py
[2026-07-30T17:30:08.427+0000] {logging_mixin.py:188} INFO - [2026-07-30T17:30:08.426+0000] {dag.py:3096} INFO - Sync 1 DAGs
[2026-07-30T17:30:08.928+0000] {logging_mixin.py:188} INFO - [2026-07-30T17:30:08.927+0000] {dag.py:3954} INFO - Setting next_dagrun for ingest_bronze_layer to 2026-07-30 17:00:00+00:00, run_after=2026-07-30 18:00:00+00:00
[2026-07-30T17:30:09.366+0000] {processor.py:183} INFO - Processing /opt/airflow/dags/bronze_ingestion_dag.py took 1.598 seconds
[2026-07-30T17:31:09.087+0000] {processor.py:161} INFO - Started process (PID=2197) to work on /opt/airflow/dags/bronze_ingestion_dag.py
[2026-07-30T17:31:09.091+0000] {processor.py:830} INFO - Processing file /opt/airflow/dags/bronze_ingestion_dag.py for tasks to queue
[2026-07-30T17:31:09.098+0000] {logging_mixin.py:188} INFO - [2026-07-30T17:31:09.097+0000] {dagbag.py:545} INFO - Filling up the DagBag from /opt/airflow/dags/bronze_ingestion_dag.py
[2026-07-30T17:31:09.186+0000] {processor.py:840} INFO - DAG(s) 'ingest_bronze_layer' retrieved from /opt/airflow/dags/bronze_ingestion_dag.py
[2026-07-30T17:31:09.294+0000] {logging_mixin.py:188} INFO - [2026-07-30T17:31:09.293+0000] {dag.py:3096} INFO - Sync 1 DAGs
[2026-07-30T17:31:09.408+0000] {logging_mixin.py:188} INFO - [2026-07-30T17:31:09.408+0000] {dag.py:3954} INFO - Setting next_dagrun for ingest_bronze_layer to 2026-07-30 17:00:00+00:00, run_after=2026-07-30 18:00:00+00:00
[2026-07-30T17:31:09.526+0000] {processor.py:183} INFO - Processing /opt/airflow/dags/bronze_ingestion_dag.py took 0.488 seconds
[2026-07-30T17:31:40.315+0000] {processor.py:161} INFO - Started process (PID=2226) to work on /opt/airflow/dags/bronze_ingestion_dag.py
[2026-07-30T17:31:40.322+0000] {processor.py:830} INFO - Processing file /opt/airflow/dags/bronze_ingestion_dag.py for tasks to queue
[2026-07-30T17:31:40.344+0000] {logging_mixin.py:188} INFO - [2026-07-30T17:31:40.343+0000] {dagbag.py:545} INFO - Filling up the DagBag from /opt/airflow/dags/bronze_ingestion_dag.py
[2026-07-30T17:31:40.521+0000] {processor.py:840} INFO - DAG(s) 'ingest_bronze_layer' retrieved from /opt/airflow/dags/bronze_ingestion_dag.py
[2026-07-30T17:31:40.664+0000] {logging_mixin.py:188} INFO - [2026-07-30T17:31:40.662+0000] {dag.py:3096} INFO - Sync 1 DAGs
[2026-07-30T17:31:40.803+0000] {logging_mixin.py:188} INFO - [2026-07-30T17:31:40.802+0000] {dag.py:3954} INFO - Setting next_dagrun for ingest_bronze_layer to 2026-07-30 17:00:00+00:00, run_after=2026-07-30 18:00:00+00:00
[2026-07-30T17:31:40.953+0000] {processor.py:183} INFO - Processing /opt/airflow/dags/bronze_ingestion_dag.py took 0.701 seconds
[2026-07-30T17:32:11.177+0000] {processor.py:161} INFO - Started process (PID=2243) to work on /opt/airflow/dags/bronze_ingestion_dag.py
[2026-07-30T17:32:11.207+0000] {processor.py:830} INFO - Processing file /opt/airflow/dags/bronze_ingestion_dag.py for tasks to queue
[2026-07-30T17:32:11.226+0000] {logging_mixin.py:188} INFO - [2026-07-30T17:32:11.224+0000] {dagbag.py:545} INFO - Filling up the DagBag from /opt/airflow/dags/bronze_ingestion_dag.py
[2026-07-30T17:32:11.590+0000] {processor.py:840} INFO - DAG(s) 'ingest_bronze_layer' retrieved from /opt/airflow/dags/bronze_ingestion_dag.py
[2026-07-30T17:32:11.843+0000] {logging_mixin.py:188} INFO - [2026-07-30T17:32:11.842+0000] {dag.py:3096} INFO - Sync 1 DAGs
[2026-07-30T17:32:12.062+0000] {logging_mixin.py:188} INFO - [2026-07-30T17:32:12.062+0000] {dag.py:3954} INFO - Setting next_dagrun for ingest_bronze_layer to 2026-07-30 17:00:00+00:00, run_after=2026-07-30 18:00:00+00:00
[2026-07-30T17:32:12.117+0000] {processor.py:183} INFO - Processing /opt/airflow/dags/bronze_ingestion_dag.py took 0.990 seconds
[2026-07-30T17:32:44.105+0000] {processor.py:161} INFO - Started process (PID=2261) to work on /opt/airflow/dags/bronze_ingestion_dag.py
[2026-07-30T17:32:44.118+0000] {processor.py:830} INFO - Processing file /opt/airflow/dags/bronze_ingestion_dag.py for tasks to queue
[2026-07-30T17:32:44.170+0000] {logging_mixin.py:188} INFO - [2026-07-30T17:32:44.169+0000] {dagbag.py:545} INFO - Filling up the DagBag from /opt/airflow/dags/bronze_ingestion_dag.py
[2026-07-30T17:32:44.404+0000] {processor.py:840} INFO - DAG(s) 'ingest_bronze_layer' retrieved from /opt/airflow/dags/bronze_ingestion_dag.py
[2026-07-30T17:32:44.690+0000] {logging_mixin.py:188} INFO - [2026-07-30T17:32:44.689+0000] {dag.py:3096} INFO - Sync 1 DAGs
[2026-07-30T17:32:45.150+0000] {logging_mixin.py:188} INFO - [2026-07-30T17:32:45.149+0000] {dag.py:3954} INFO - Setting next_dagrun for ingest_bronze_layer to 2026-07-30 17:00:00+00:00, run_after=2026-07-30 18:00:00+00:00
[2026-07-30T17:32:45.356+0000] {processor.py:183} INFO - Processing /opt/airflow/dags/bronze_ingestion_dag.py took 1.361 seconds
[2026-07-30T17:33:15.519+0000] {processor.py:161} INFO - Started process (PID=2279) to work on /opt/airflow/dags/bronze_ingestion_dag.py
[2026-07-30T17:33:15.524+0000] {processor.py:830} INFO - Processing file /opt/airflow/dags/bronze_ingestion_dag.py for tasks to queue
[2026-07-30T17:33:15.540+0000] {logging_mixin.py:188} INFO - [2026-07-30T17:33:15.539+0000] {dagbag.py:545} INFO - Filling up the DagBag from /opt/airflow/dags/bronze_ingestion_dag.py
[2026-07-30T17:33:15.597+0000] {processor.py:840} INFO - DAG(s) 'ingest_bronze_layer' retrieved from /opt/airflow/dags/bronze_ingestion_dag.py
[2026-07-30T17:33:15.690+0000] {logging_mixin.py:188} INFO - [2026-07-30T17:33:15.689+0000] {dag.py:3096} INFO - Sync 1 DAGs
[2026-07-30T17:33:15.781+0000] {logging_mixin.py:188} INFO - [2026-07-30T17:33:15.780+0000] {dag.py:3954} INFO - Setting next_dagrun for ingest_bronze_layer to 2026-07-30 17:00:00+00:00, run_after=2026-07-30 18:00:00+00:00
[2026-07-30T17:33:15.846+0000] {processor.py:183} INFO - Processing /opt/airflow/dags/bronze_ingestion_dag.py took 0.349 seconds
[2026-07-30T17:34:12.276+0000] {processor.py:161} INFO - Started process (PID=2300) to work on /opt/airflow/dags/bronze_ingestion_dag.py
[2026-07-30T17:34:12.279+0000] {processor.py:830} INFO - Processing file /opt/airflow/dags/bronze_ingestion_dag.py for tasks to queue
[2026-07-30T17:34:12.290+0000] {logging_mixin.py:188} INFO - [2026-07-30T17:34:12.285+0000] {dagbag.py:545} INFO - Filling up the DagBag from /opt/airflow/dags/bronze_ingestion_dag.py
[2026-07-30T17:34:12.360+0000] {processor.py:840} INFO - DAG(s) 'ingest_bronze_layer' retrieved from /opt/airflow/dags/bronze_ingestion_dag.py
[2026-07-30T17:34:12.448+0000] {logging_mixin.py:188} INFO - [2026-07-30T17:34:12.446+0000] {dag.py:3096} INFO - Sync 1 DAGs
[2026-07-30T17:34:12.603+0000] {logging_mixin.py:188} INFO - [2026-07-30T17:34:12.603+0000] {dag.py:3954} INFO - Setting next_dagrun for ingest_bronze_layer to 2026-07-30 17:00:00+00:00, run_after=2026-07-30 18:00:00+00:00
[2026-07-30T17:34:12.680+0000] {processor.py:183} INFO - Processing /opt/airflow/dags/bronze_ingestion_dag.py took 0.428 seconds
[2026-07-30T17:35:14.207+0000] {processor.py:161} INFO - Started process (PID=2320) to work on /opt/airflow/dags/bronze_ingestion_dag.py
[2026-07-30T17:35:14.214+0000] {processor.py:830} INFO - Processing file /opt/airflow/dags/bronze_ingestion_dag.py for tasks to queue
[2026-07-30T17:35:14.246+0000] {logging_mixin.py:188} INFO - [2026-07-30T17:35:14.238+0000] {dagbag.py:545} INFO - Filling up the DagBag from /opt/airflow/dags/bronze_ingestion_dag.py
[2026-07-30T17:35:14.388+0000] {processor.py:840} INFO - DAG(s) 'ingest_bronze_layer' retrieved from /opt/airflow/dags/bronze_ingestion_dag.py
[2026-07-30T17:35:14.752+0000] {logging_mixin.py:188} INFO - [2026-07-30T17:35:14.751+0000] {dag.py:3096} INFO - Sync 1 DAGs
[2026-07-30T17:35:15.449+0000] {logging_mixin.py:188} INFO - [2026-07-30T17:35:15.448+0000] {dag.py:3954} INFO - Setting next_dagrun for ingest_bronze_layer to 2026-07-30 17:00:00+00:00, run_after=2026-07-30 18:00:00+00:00
[2026-07-30T17:35:16.474+0000] {processor.py:183} INFO - Processing /opt/airflow/dags/bronze_ingestion_dag.py took 2.308 seconds
[2026-07-30T17:36:00.622+0000] {processor.py:161} INFO - Started process (PID=2338) to work on /opt/airflow/dags/bronze_ingestion_dag.py
[2026-07-30T17:36:00.626+0000] {processor.py:830} INFO - Processing file /opt/airflow/dags/bronze_ingestion_dag.py for tasks to queue
[2026-07-30T17:36:00.651+0000] {logging_mixin.py:188} INFO - [2026-07-30T17:36:00.647+0000] {dagbag.py:545} INFO - Filling up the DagBag from /opt/airflow/dags/bronze_ingestion_dag.py
[2026-07-30T17:36:00.838+0000] {processor.py:840} INFO - DAG(s) 'ingest_bronze_layer' retrieved from /opt/airflow/dags/bronze_ingestion_dag.py
[2026-07-30T17:36:01.098+0000] {logging_mixin.py:188} INFO - [2026-07-30T17:36:01.097+0000] {dag.py:3096} INFO - Sync 1 DAGs
[2026-07-30T17:36:01.611+0000] {logging_mixin.py:188} INFO - [2026-07-30T17:36:01.601+0000] {dag.py:3954} INFO - Setting next_dagrun for ingest_bronze_layer to 2026-07-30 17:00:00+00:00, run_after=2026-07-30 18:00:00+00:00
[2026-07-30T17:36:02.281+0000] {processor.py:183} INFO - Processing /opt/airflow/dags/bronze_ingestion_dag.py took 1.734 seconds
[2026-07-30T17:36:32.655+0000] {processor.py:161} INFO - Started process (PID=2354) to work on /opt/airflow/dags/bronze_ingestion_dag.py
[2026-07-30T17:36:32.658+0000] {processor.py:830} INFO - Processing file /opt/airflow/dags/bronze_ingestion_dag.py for tasks to queue
[2026-07-30T17:36:32.669+0000] {logging_mixin.py:188} INFO - [2026-07-30T17:36:32.668+0000] {dagbag.py:545} INFO - Filling up the DagBag from /opt/airflow/dags/bronze_ingestion_dag.py
[2026-07-30T17:36:32.756+0000] {processor.py:840} INFO - DAG(s) 'ingest_bronze_layer' retrieved from /opt/airflow/dags/bronze_ingestion_dag.py
[2026-07-30T17:36:32.927+0000] {logging_mixin.py:188} INFO - [2026-07-30T17:36:32.926+0000] {dag.py:3096} INFO - Sync 1 DAGs
[2026-07-30T17:36:33.075+0000] {logging_mixin.py:188} INFO - [2026-07-30T17:36:33.074+0000] {dag.py:3954} INFO - Setting next_dagrun for ingest_bronze_layer to 2026-07-30 17:00:00+00:00, run_after=2026-07-30 18:00:00+00:00
[2026-07-30T17:36:33.936+0000] {processor.py:183} INFO - Processing /opt/airflow/dags/bronze_ingestion_dag.py took 1.325 seconds
[2026-07-30T17:37:05.786+0000] {processor.py:161} INFO - Started process (PID=2410) to work on /opt/airflow/dags/bronze_ingestion_dag.py
[2026-07-30T17:37:05.804+0000] {processor.py:830} INFO - Processing file /opt/airflow/dags/bronze_ingestion_dag.py for tasks to queue
[2026-07-30T17:37:05.851+0000] {logging_mixin.py:188} INFO - [2026-07-30T17:37:05.823+0000] {dagbag.py:545} INFO - Filling up the DagBag from /opt/airflow/dags/bronze_ingestion_dag.py
[2026-07-30T17:37:06.171+0000] {processor.py:840} INFO - DAG(s) 'ingest_bronze_layer' retrieved from /opt/airflow/dags/bronze_ingestion_dag.py
[2026-07-30T17:37:06.398+0000] {logging_mixin.py:188} INFO - [2026-07-30T17:37:06.397+0000] {dag.py:3096} INFO - Sync 1 DAGs
[2026-07-30T17:37:06.642+0000] {logging_mixin.py:188} INFO - [2026-07-30T17:37:06.641+0000] {dag.py:3954} INFO - Setting next_dagrun for ingest_bronze_layer to 2026-07-30 17:00:00+00:00, run_after=2026-07-30 18:00:00+00:00
[2026-07-30T17:37:06.847+0000] {processor.py:183} INFO - Processing /opt/airflow/dags/bronze_ingestion_dag.py took 1.117 seconds
[2026-07-30T17:37:37.472+0000] {processor.py:161} INFO - Started process (PID=2472) to work on /opt/airflow/dags/bronze_ingestion_dag.py
[2026-07-30T17:37:37.500+0000] {processor.py:830} INFO - Processing file /opt/airflow/dags/bronze_ingestion_dag.py for tasks to queue
[2026-07-30T17:37:37.609+0000] {logging_mixin.py:188} INFO - [2026-07-30T17:37:37.600+0000] {dagbag.py:545} INFO - Filling up the DagBag from /opt/airflow/dags/bronze_ingestion_dag.py
[2026-07-30T17:37:38.213+0000] {processor.py:840} INFO - DAG(s) 'ingest_bronze_layer' retrieved from /opt/airflow/dags/bronze_ingestion_dag.py
[2026-07-30T17:37:39.115+0000] {logging_mixin.py:188} INFO - [2026-07-30T17:37:39.092+0000] {dag.py:3096} INFO - Sync 1 DAGs
[2026-07-30T17:37:40.418+0000] {logging_mixin.py:188} INFO - [2026-07-30T17:37:40.416+0000] {dag.py:3954} INFO - Setting next_dagrun for ingest_bronze_layer to 2026-07-30 17:00:00+00:00, run_after=2026-07-30 18:00:00+00:00
[2026-07-30T17:37:40.842+0000] {processor.py:183} INFO - Processing /opt/airflow/dags/bronze_ingestion_dag.py took 3.498 seconds
[2026-07-30T17:38:11.989+0000] {processor.py:161} INFO - Started process (PID=2493) to work on /opt/airflow/dags/bronze_ingestion_dag.py
[2026-07-30T17:38:12.002+0000] {processor.py:830} INFO - Processing file /opt/airflow/dags/bronze_ingestion_dag.py for tasks to queue
[2026-07-30T17:38:12.024+0000] {logging_mixin.py:188} INFO - [2026-07-30T17:38:12.023+0000] {dagbag.py:545} INFO - Filling up the DagBag from /opt/airflow/dags/bronze_ingestion_dag.py
[2026-07-30T17:38:12.380+0000] {processor.py:840} INFO - DAG(s) 'ingest_bronze_layer' retrieved from /opt/airflow/dags/bronze_ingestion_dag.py
[2026-07-30T17:38:13.647+0000] {logging_mixin.py:188} INFO - [2026-07-30T17:38:13.646+0000] {dag.py:3096} INFO - Sync 1 DAGs
[2026-07-30T17:38:18.803+0000] {logging_mixin.py:188} INFO - [2026-07-30T17:38:18.802+0000] {dag.py:3954} INFO - Setting next_dagrun for ingest_bronze_layer to 2026-07-30 17:00:00+00:00, run_after=2026-07-30 18:00:00+00:00
[2026-07-30T17:38:21.175+0000] {processor.py:183} INFO - Processing /opt/airflow/dags/bronze_ingestion_dag.py took 8.181 seconds
[2026-07-30T17:39:05.959+0000] {processor.py:161} INFO - Started process (PID=2515) to work on /opt/airflow/dags/bronze_ingestion_dag.py
[2026-07-30T17:39:05.975+0000] {processor.py:830} INFO - Processing file /opt/airflow/dags/bronze_ingestion_dag.py for tasks to queue
[2026-07-30T17:39:06.003+0000] {logging_mixin.py:188} INFO - [2026-07-30T17:39:05.998+0000] {dagbag.py:545} INFO - Filling up the DagBag from /opt/airflow/dags/bronze_ingestion_dag.py
[2026-07-30T17:39:06.835+0000] {processor.py:840} INFO - DAG(s) 'ingest_bronze_layer' retrieved from /opt/airflow/dags/bronze_ingestion_dag.py
[2026-07-30T17:39:07.385+0000] {logging_mixin.py:188} INFO - [2026-07-30T17:39:07.383+0000] {dag.py:3096} INFO - Sync 1 DAGs
[2026-07-30T17:39:07.990+0000] {logging_mixin.py:188} INFO - [2026-07-30T17:39:07.988+0000] {dag.py:3954} INFO - Setting next_dagrun for ingest_bronze_layer to 2026-07-30 17:00:00+00:00, run_after=2026-07-30 18:00:00+00:00
[2026-07-30T17:39:08.550+0000] {processor.py:183} INFO - Processing /opt/airflow/dags/bronze_ingestion_dag.py took 2.768 seconds
[2026-07-30T17:39:39.442+0000] {processor.py:161} INFO - Started process (PID=2530) to work on /opt/airflow/dags/bronze_ingestion_dag.py
[2026-07-30T17:39:39.455+0000] {processor.py:830} INFO - Processing file /opt/airflow/dags/bronze_ingestion_dag.py for tasks to queue
[2026-07-30T17:39:39.473+0000] {logging_mixin.py:188} INFO - [2026-07-30T17:39:39.472+0000] {dagbag.py:545} INFO - Filling up the DagBag from /opt/airflow/dags/bronze_ingestion_dag.py
[2026-07-30T17:39:39.660+0000] {processor.py:840} INFO - DAG(s) 'ingest_bronze_layer' retrieved from /opt/airflow/dags/bronze_ingestion_dag.py
[2026-07-30T17:39:39.942+0000] {logging_mixin.py:188} INFO - [2026-07-30T17:39:39.941+0000] {dag.py:3096} INFO - Sync 1 DAGs
[2026-07-30T17:39:40.221+0000] {logging_mixin.py:188} INFO - [2026-07-30T17:39:40.220+0000] {dag.py:3954} INFO - Setting next_dagrun for ingest_bronze_layer to 2026-07-30 17:00:00+00:00, run_after=2026-07-30 18:00:00+00:00
[2026-07-30T17:39:40.508+0000] {processor.py:183} INFO - Processing /opt/airflow/dags/bronze_ingestion_dag.py took 1.139 seconds
[2026-07-30T17:40:11.951+0000] {processor.py:161} INFO - Started process (PID=2548) to work on /opt/airflow/dags/bronze_ingestion_dag.py
[2026-07-30T17:40:11.966+0000] {processor.py:830} INFO - Processing file /opt/airflow/dags/bronze_ingestion_dag.py for tasks to queue
[2026-07-30T17:40:11.999+0000] {logging_mixin.py:188} INFO - [2026-07-30T17:40:11.998+0000] {dagbag.py:545} INFO - Filling up the DagBag from /opt/airflow/dags/bronze_ingestion_dag.py
[2026-07-30T17:40:12.270+0000] {processor.py:840} INFO - DAG(s) 'ingest_bronze_layer' retrieved from /opt/airflow/dags/bronze_ingestion_dag.py
[2026-07-30T17:40:12.472+0000] {logging_mixin.py:188} INFO - [2026-07-30T17:40:12.472+0000] {dag.py:3096} INFO - Sync 1 DAGs
[2026-07-30T17:40:13.106+0000] {logging_mixin.py:188} INFO - [2026-07-30T17:40:13.106+0000] {dag.py:3954} INFO - Setting next_dagrun for ingest_bronze_layer to 2026-07-30 17:00:00+00:00, run_after=2026-07-30 18:00:00+00:00
[2026-07-30T17:40:13.347+0000] {processor.py:183} INFO - Processing /opt/airflow/dags/bronze_ingestion_dag.py took 1.460 seconds
[2026-07-30T17:40:44.288+0000] {processor.py:161} INFO - Started process (PID=2566) to work on /opt/airflow/dags/bronze_ingestion_dag.py
[2026-07-30T17:40:44.297+0000] {processor.py:830} INFO - Processing file /opt/airflow/dags/bronze_ingestion_dag.py for tasks to queue
[2026-07-30T17:40:44.315+0000] {logging_mixin.py:188} INFO - [2026-07-30T17:40:44.313+0000] {dagbag.py:545} INFO - Filling up the DagBag from /opt/airflow/dags/bronze_ingestion_dag.py
[2026-07-30T17:40:44.432+0000] {processor.py:840} INFO - DAG(s) 'ingest_bronze_layer' retrieved from /opt/airflow/dags/bronze_ingestion_dag.py
[2026-07-30T17:40:44.651+0000] {logging_mixin.py:188} INFO - [2026-07-30T17:40:44.650+0000] {dag.py:3096} INFO - Sync 1 DAGs
[2026-07-30T17:40:44.968+0000] {logging_mixin.py:188} INFO - [2026-07-30T17:40:44.967+0000] {dag.py:3954} INFO - Setting next_dagrun for ingest_bronze_layer to 2026-07-30 17:00:00+00:00, run_after=2026-07-30 18:00:00+00:00
[2026-07-30T17:40:45.144+0000] {processor.py:183} INFO - Processing /opt/airflow/dags/bronze_ingestion_dag.py took 0.890 seconds
[2026-07-30T17:41:15.949+0000] {processor.py:161} INFO - Started process (PID=2583) to work on /opt/airflow/dags/bronze_ingestion_dag.py
[2026-07-30T17:41:15.964+0000] {processor.py:830} INFO - Processing file /opt/airflow/dags/bronze_ingestion_dag.py for tasks to queue
[2026-07-30T17:41:15.993+0000] {logging_mixin.py:188} INFO - [2026-07-30T17:41:15.988+0000] {dagbag.py:545} INFO - Filling up the DagBag from /opt/airflow/dags/bronze_ingestion_dag.py
[2026-07-30T17:41:16.099+0000] {processor.py:840} INFO - DAG(s) 'ingest_bronze_layer' retrieved from /opt/airflow/dags/bronze_ingestion_dag.py
[2026-07-30T17:41:16.232+0000] {logging_mixin.py:188} INFO - [2026-07-30T17:41:16.231+0000] {dag.py:3096} INFO - Sync 1 DAGs
[2026-07-30T17:41:16.398+0000] {logging_mixin.py:188} INFO - [2026-07-30T17:41:16.398+0000] {dag.py:3954} INFO - Setting next_dagrun for ingest_bronze_layer to 2026-07-30 17:00:00+00:00, run_after=2026-07-30 18:00:00+00:00
[2026-07-30T17:41:16.929+0000] {processor.py:183} INFO - Processing /opt/airflow/dags/bronze_ingestion_dag.py took 1.061 seconds
[2026-07-30T17:41:47.546+0000] {processor.py:161} INFO - Started process (PID=2600) to work on /opt/airflow/dags/bronze_ingestion_dag.py
[2026-07-30T17:41:47.550+0000] {processor.py:830} INFO - Processing file /opt/airflow/dags/bronze_ingestion_dag.py for tasks to queue
[2026-07-30T17:41:47.566+0000] {logging_mixin.py:188} INFO - [2026-07-30T17:41:47.565+0000] {dagbag.py:545} INFO - Filling up the DagBag from /opt/airflow/dags/bronze_ingestion_dag.py
[2026-07-30T17:41:47.646+0000] {processor.py:840} INFO - DAG(s) 'ingest_bronze_layer' retrieved from /opt/airflow/dags/bronze_ingestion_dag.py
[2026-07-30T17:41:47.882+0000] {logging_mixin.py:188} INFO - [2026-07-30T17:41:47.880+0000] {dag.py:3096} INFO - Sync 1 DAGs
[2026-07-30T17:41:48.369+0000] {logging_mixin.py:188} INFO - [2026-07-30T17:41:48.368+0000] {dag.py:3954} INFO - Setting next_dagrun for ingest_bronze_layer to 2026-07-30 17:00:00+00:00, run_after=2026-07-30 18:00:00+00:00
[2026-07-30T17:41:48.685+0000] {processor.py:183} INFO - Processing /opt/airflow/dags/bronze_ingestion_dag.py took 1.171 seconds
[2026-07-30T17:42:18.955+0000] {processor.py:161} INFO - Started process (PID=2617) to work on /opt/airflow/dags/bronze_ingestion_dag.py
[2026-07-30T17:42:18.958+0000] {processor.py:830} INFO - Processing file /opt/airflow/dags/bronze_ingestion_dag.py for tasks to queue
[2026-07-30T17:42:18.965+0000] {logging_mixin.py:188} INFO - [2026-07-30T17:42:18.964+0000] {dagbag.py:545} INFO - Filling up the DagBag from /opt/airflow/dags/bronze_ingestion_dag.py
[2026-07-30T17:42:19.045+0000] {processor.py:840} INFO - DAG(s) 'ingest_bronze_layer' retrieved from /opt/airflow/dags/bronze_ingestion_dag.py
[2026-07-30T17:42:19.128+0000] {logging_mixin.py:188} INFO - [2026-07-30T17:42:19.128+0000] {dag.py:3096} INFO - Sync 1 DAGs
[2026-07-30T17:42:19.215+0000] {logging_mixin.py:188} INFO - [2026-07-30T17:42:19.214+0000] {dag.py:3954} INFO - Setting next_dagrun for ingest_bronze_layer to 2026-07-30 17:00:00+00:00, run_after=2026-07-30 18:00:00+00:00
[2026-07-30T17:42:19.328+0000] {processor.py:183} INFO - Processing /opt/airflow/dags/bronze_ingestion_dag.py took 0.405 seconds
[2026-07-30T17:42:49.813+0000] {processor.py:161} INFO - Started process (PID=2635) to work on /opt/airflow/dags/bronze_ingestion_dag.py
[2026-07-30T17:42:49.816+0000] {processor.py:830} INFO - Processing file /opt/airflow/dags/bronze_ingestion_dag.py for tasks to queue
[2026-07-30T17:42:49.829+0000] {logging_mixin.py:188} INFO - [2026-07-30T17:42:49.824+0000] {dagbag.py:545} INFO - Filling up the DagBag from /opt/airflow/dags/bronze_ingestion_dag.py
[2026-07-30T17:42:50.060+0000] {processor.py:840} INFO - DAG(s) 'ingest_bronze_layer' retrieved from /opt/airflow/dags/bronze_ingestion_dag.py
[2026-07-30T17:42:50.642+0000] {logging_mixin.py:188} INFO - [2026-07-30T17:42:50.642+0000] {dag.py:3096} INFO - Sync 1 DAGs
[2026-07-30T17:42:51.755+0000] {logging_mixin.py:188} INFO - [2026-07-30T17:42:51.754+0000] {dag.py:3954} INFO - Setting next_dagrun for ingest_bronze_layer to 2026-07-30 17:00:00+00:00, run_after=2026-07-30 18:00:00+00:00
[2026-07-30T17:42:53.320+0000] {processor.py:183} INFO - Processing /opt/airflow/dags/bronze_ingestion_dag.py took 3.551 seconds
[2026-07-30T17:43:23.847+0000] {processor.py:161} INFO - Started process (PID=2651) to work on /opt/airflow/dags/bronze_ingestion_dag.py
[2026-07-30T17:43:23.878+0000] {processor.py:830} INFO - Processing file /opt/airflow/dags/bronze_ingestion_dag.py for tasks to queue
[2026-07-30T17:43:23.889+0000] {logging_mixin.py:188} INFO - [2026-07-30T17:43:23.884+0000] {dagbag.py:545} INFO - Filling up the DagBag from /opt/airflow/dags/bronze_ingestion_dag.py
[2026-07-30T17:43:24.042+0000] {processor.py:840} INFO - DAG(s) 'ingest_bronze_layer' retrieved from /opt/airflow/dags/bronze_ingestion_dag.py
[2026-07-30T17:43:24.125+0000] {logging_mixin.py:188} INFO - [2026-07-30T17:43:24.124+0000] {dag.py:3096} INFO - Sync 1 DAGs
[2026-07-30T17:43:24.291+0000] {logging_mixin.py:188} INFO - [2026-07-30T17:43:24.291+0000] {dag.py:3954} INFO - Setting next_dagrun for ingest_bronze_layer to 2026-07-30 17:00:00+00:00, run_after=2026-07-30 18:00:00+00:00
[2026-07-30T17:43:24.500+0000] {processor.py:183} INFO - Processing /opt/airflow/dags/bronze_ingestion_dag.py took 0.683 seconds
[2026-07-30T17:44:42.607+0000] {processor.py:161} INFO - Started process (PID=2677) to work on /opt/airflow/dags/bronze_ingestion_dag.py
[2026-07-30T17:44:42.640+0000] {processor.py:830} INFO - Processing file /opt/airflow/dags/bronze_ingestion_dag.py for tasks to queue
[2026-07-30T17:44:42.764+0000] {logging_mixin.py:188} INFO - [2026-07-30T17:44:42.763+0000] {dagbag.py:545} INFO - Filling up the DagBag from /opt/airflow/dags/bronze_ingestion_dag.py
[2026-07-30T17:44:43.151+0000] {processor.py:840} INFO - DAG(s) 'ingest_bronze_layer' retrieved from /opt/airflow/dags/bronze_ingestion_dag.py
[2026-07-30T17:44:43.571+0000] {logging_mixin.py:188} INFO - [2026-07-30T17:44:43.569+0000] {dag.py:3096} INFO - Sync 1 DAGs
[2026-07-30T17:44:44.229+0000] {logging_mixin.py:188} INFO - [2026-07-30T17:44:44.228+0000] {dag.py:3954} INFO - Setting next_dagrun for ingest_bronze_layer to 2026-07-30 17:00:00+00:00, run_after=2026-07-30 18:00:00+00:00
[2026-07-30T17:44:45.135+0000] {processor.py:183} INFO - Processing /opt/airflow/dags/bronze_ingestion_dag.py took 2.707 seconds
[2026-07-30T17:45:18.535+0000] {processor.py:161} INFO - Started process (PID=2719) to work on /opt/airflow/dags/bronze_ingestion_dag.py
[2026-07-30T17:45:18.546+0000] {processor.py:830} INFO - Processing file /opt/airflow/dags/bronze_ingestion_dag.py for tasks to queue
[2026-07-30T17:45:18.570+0000] {logging_mixin.py:188} INFO - [2026-07-30T17:45:18.568+0000] {dagbag.py:545} INFO - Filling up the DagBag from /opt/airflow/dags/bronze_ingestion_dag.py
[2026-07-30T17:45:18.911+0000] {processor.py:840} INFO - DAG(s) 'ingest_bronze_layer' retrieved from /opt/airflow/dags/bronze_ingestion_dag.py
[2026-07-30T17:45:19.317+0000] {logging_mixin.py:188} INFO - [2026-07-30T17:45:19.316+0000] {dag.py:3096} INFO - Sync 1 DAGs
[2026-07-30T17:45:20.343+0000] {logging_mixin.py:188} INFO - [2026-07-30T17:45:20.343+0000] {dag.py:3954} INFO - Setting next_dagrun for ingest_bronze_layer to 2026-07-30 17:00:00+00:00, run_after=2026-07-30 18:00:00+00:00
[2026-07-30T17:45:20.590+0000] {processor.py:183} INFO - Processing /opt/airflow/dags/bronze_ingestion_dag.py took 2.124 seconds
[2026-07-30T17:45:54.260+0000] {processor.py:161} INFO - Started process (PID=2777) to work on /opt/airflow/dags/bronze_ingestion_dag.py
[2026-07-30T17:45:54.349+0000] {processor.py:830} INFO - Processing file /opt/airflow/dags/bronze_ingestion_dag.py for tasks to queue
[2026-07-30T17:45:54.429+0000] {logging_mixin.py:188} INFO - [2026-07-30T17:45:54.427+0000] {dagbag.py:545} INFO - Filling up the DagBag from /opt/airflow/dags/bronze_ingestion_dag.py
[2026-07-30T17:45:57.967+0000] {processor.py:840} INFO - DAG(s) 'ingest_bronze_layer' retrieved from /opt/airflow/dags/bronze_ingestion_dag.py
[2026-07-30T17:46:02.096+0000] {logging_mixin.py:188} INFO - [2026-07-30T17:46:02.002+0000] {dag.py:3096} INFO - Sync 1 DAGs
[2026-07-30T17:46:05.597+0000] {logging_mixin.py:188} INFO - [2026-07-30T17:46:05.595+0000] {dag.py:3954} INFO - Setting next_dagrun for ingest_bronze_layer to 2026-07-30 17:00:00+00:00, run_after=2026-07-30 18:00:00+00:00
[2026-07-30T17:46:07.681+0000] {processor.py:183} INFO - Processing /opt/airflow/dags/bronze_ingestion_dag.py took 15.245 seconds
[2026-07-30T17:46:41.528+0000] {processor.py:161} INFO - Started process (PID=2823) to work on /opt/airflow/dags/bronze_ingestion_dag.py
[2026-07-30T17:46:41.619+0000] {processor.py:830} INFO - Processing file /opt/airflow/dags/bronze_ingestion_dag.py for tasks to queue
[2026-07-30T17:46:41.916+0000] {logging_mixin.py:188} INFO - [2026-07-30T17:46:41.879+0000] {dagbag.py:545} INFO - Filling up the DagBag from /opt/airflow/dags/bronze_ingestion_dag.py
[2026-07-30T17:46:43.171+0000] {processor.py:840} INFO - DAG(s) 'ingest_bronze_layer' retrieved from /opt/airflow/dags/bronze_ingestion_dag.py
[2026-07-30T17:46:43.823+0000] {logging_mixin.py:188} INFO - [2026-07-30T17:46:43.814+0000] {dag.py:3096} INFO - Sync 1 DAGs
[2026-07-30T17:46:44.519+0000] {logging_mixin.py:188} INFO - [2026-07-30T17:46:44.518+0000] {dag.py:3954} INFO - Setting next_dagrun for ingest_bronze_layer to 2026-07-30 17:00:00+00:00, run_after=2026-07-30 18:00:00+00:00
[2026-07-30T17:46:44.770+0000] {processor.py:183} INFO - Processing /opt/airflow/dags/bronze_ingestion_dag.py took 5.691 seconds
[2026-07-30T17:47:15.230+0000] {processor.py:161} INFO - Started process (PID=2839) to work on /opt/airflow/dags/bronze_ingestion_dag.py
[2026-07-30T17:47:15.234+0000] {processor.py:830} INFO - Processing file /opt/airflow/dags/bronze_ingestion_dag.py for tasks to queue
[2026-07-30T17:47:15.252+0000] {logging_mixin.py:188} INFO - [2026-07-30T17:47:15.251+0000] {dagbag.py:545} INFO - Filling up the DagBag from /opt/airflow/dags/bronze_ingestion_dag.py
[2026-07-30T17:47:15.480+0000] {processor.py:840} INFO - DAG(s) 'ingest_bronze_layer' retrieved from /opt/airflow/dags/bronze_ingestion_dag.py
[2026-07-30T17:47:15.769+0000] {logging_mixin.py:188} INFO - [2026-07-30T17:47:15.767+0000] {dag.py:3096} INFO - Sync 1 DAGs
[2026-07-30T17:47:16.311+0000] {logging_mixin.py:188} INFO - [2026-07-30T17:47:16.310+0000] {dag.py:3954} INFO - Setting next_dagrun for ingest_bronze_layer to 2026-07-30 17:00:00+00:00, run_after=2026-07-30 18:00:00+00:00
[2026-07-30T17:47:16.644+0000] {processor.py:183} INFO - Processing /opt/airflow/dags/bronze_ingestion_dag.py took 1.481 seconds
[2026-07-30T17:47:49.929+0000] {processor.py:161} INFO - Started process (PID=2857) to work on /opt/airflow/dags/bronze_ingestion_dag.py
[2026-07-30T17:47:49.943+0000] {processor.py:830} INFO - Processing file /opt/airflow/dags/bronze_ingestion_dag.py for tasks to queue
[2026-07-30T17:47:49.954+0000] {logging_mixin.py:188} INFO - [2026-07-30T17:47:49.952+0000] {dagbag.py:545} INFO - Filling up the DagBag from /opt/airflow/dags/bronze_ingestion_dag.py
[2026-07-30T17:47:50.088+0000] {processor.py:840} INFO - DAG(s) 'ingest_bronze_layer' retrieved from /opt/airflow/dags/bronze_ingestion_dag.py
[2026-07-30T17:47:50.343+0000] {logging_mixin.py:188} INFO - [2026-07-30T17:47:50.342+0000] {dag.py:3096} INFO - Sync 1 DAGs
[2026-07-30T17:47:50.676+0000] {logging_mixin.py:188} INFO - [2026-07-30T17:47:50.675+0000] {dag.py:3954} INFO - Setting next_dagrun for ingest_bronze_layer to 2026-07-30 17:00:00+00:00, run_after=2026-07-30 18:00:00+00:00
[2026-07-30T17:47:50.874+0000] {processor.py:183} INFO - Processing /opt/airflow/dags/bronze_ingestion_dag.py took 1.003 seconds
[2026-07-30T17:48:22.411+0000] {processor.py:161} INFO - Started process (PID=2876) to work on /opt/airflow/dags/bronze_ingestion_dag.py
[2026-07-30T17:48:22.421+0000] {processor.py:830} INFO - Processing file /opt/airflow/dags/bronze_ingestion_dag.py for tasks to queue
[2026-07-30T17:48:22.495+0000] {logging_mixin.py:188} INFO - [2026-07-30T17:48:22.476+0000] {dagbag.py:545} INFO - Filling up the DagBag from /opt/airflow/dags/bronze_ingestion_dag.py
[2026-07-30T17:48:22.939+0000] {processor.py:840} INFO - DAG(s) 'ingest_bronze_layer' retrieved from /opt/airflow/dags/bronze_ingestion_dag.py
[2026-07-30T17:48:23.305+0000] {logging_mixin.py:188} INFO - [2026-07-30T17:48:23.303+0000] {dag.py:3096} INFO - Sync 1 DAGs
[2026-07-30T17:48:24.108+0000] {logging_mixin.py:188} INFO - [2026-07-30T17:48:24.096+0000] {dag.py:3954} INFO - Setting next_dagrun for ingest_bronze_layer to 2026-07-30 17:00:00+00:00, run_after=2026-07-30 18:00:00+00:00
[2026-07-30T17:48:24.301+0000] {processor.py:183} INFO - Processing /opt/airflow/dags/bronze_ingestion_dag.py took 1.975 seconds
[2026-07-30T17:48:55.085+0000] {processor.py:161} INFO - Started process (PID=2889) to work on /opt/airflow/dags/bronze_ingestion_dag.py
[2026-07-30T17:48:57.706+0000] {processor.py:830} INFO - Processing file /opt/airflow/dags/bronze_ingestion_dag.py for tasks to queue
[2026-07-30T17:48:58.006+0000] {logging_mixin.py:188} INFO - [2026-07-30T17:48:57.995+0000] {dagbag.py:545} INFO - Filling up the DagBag from /opt/airflow/dags/bronze_ingestion_dag.py
[2026-07-30T17:48:04.462+0000] {processor.py:840} INFO - DAG(s) 'ingest_bronze_layer' retrieved from /opt/airflow/dags/bronze_ingestion_dag.py
[2026-07-30T17:48:10.524+0000] {logging_mixin.py:188} INFO - [2026-07-30T17:48:10.457+0000] {dag.py:3096} INFO - Sync 1 DAGs
[2026-07-30T17:48:19.283+0000] {logging_mixin.py:188} INFO - [2026-07-30T17:48:19.283+0000] {dag.py:3954} INFO - Setting next_dagrun for ingest_bronze_layer to 2026-07-30 17:00:00+00:00, run_after=2026-07-30 18:00:00+00:00
[2026-07-30T17:49:21.535+0000] {processor.py:183} INFO - Processing /opt/airflow/dags/bronze_ingestion_dag.py took 26.658 seconds
[2026-07-30T17:49:52.163+0000] {processor.py:161} INFO - Started process (PID=2953) to work on /opt/airflow/dags/bronze_ingestion_dag.py
[2026-07-30T17:49:52.179+0000] {processor.py:830} INFO - Processing file /opt/airflow/dags/bronze_ingestion_dag.py for tasks to queue
[2026-07-30T17:49:52.202+0000] {logging_mixin.py:188} INFO - [2026-07-30T17:49:52.195+0000] {dagbag.py:545} INFO - Filling up the DagBag from /opt/airflow/dags/bronze_ingestion_dag.py
[2026-07-30T17:49:52.670+0000] {processor.py:840} INFO - DAG(s) 'ingest_bronze_layer' retrieved from /opt/airflow/dags/bronze_ingestion_dag.py
[2026-07-30T17:49:56.666+0000] {logging_mixin.py:188} INFO - [2026-07-30T17:49:56.666+0000] {dag.py:3096} INFO - Sync 1 DAGs
[2026-07-30T17:49:56.849+0000] {logging_mixin.py:188} INFO - [2026-07-30T17:49:56.847+0000] {dag.py:3954} INFO - Setting next_dagrun for ingest_bronze_layer to 2026-07-30 17:00:00+00:00, run_after=2026-07-30 18:00:00+00:00
[2026-07-30T17:49:57.654+0000] {processor.py:183} INFO - Processing /opt/airflow/dags/bronze_ingestion_dag.py took 5.576 seconds
[2026-07-30T17:50:28.853+0000] {processor.py:161} INFO - Started process (PID=3007) to work on /opt/airflow/dags/bronze_ingestion_dag.py
[2026-07-30T17:50:28.874+0000] {processor.py:830} INFO - Processing file /opt/airflow/dags/bronze_ingestion_dag.py for tasks to queue
[2026-07-30T17:50:28.890+0000] {logging_mixin.py:188} INFO - [2026-07-30T17:50:28.883+0000] {dagbag.py:545} INFO - Filling up the DagBag from /opt/airflow/dags/bronze_ingestion_dag.py
[2026-07-30T17:50:29.062+0000] {processor.py:840} INFO - DAG(s) 'ingest_bronze_layer' retrieved from /opt/airflow/dags/bronze_ingestion_dag.py
[2026-07-30T17:50:29.197+0000] {logging_mixin.py:188} INFO - [2026-07-30T17:50:29.196+0000] {dag.py:3096} INFO - Sync 1 DAGs
[2026-07-30T17:50:29.527+0000] {logging_mixin.py:188} INFO - [2026-07-30T17:50:29.517+0000] {dag.py:3954} INFO - Setting next_dagrun for ingest_bronze_layer to 2026-07-30 17:00:00+00:00, run_after=2026-07-30 18:00:00+00:00
[2026-07-30T17:50:29.741+0000] {processor.py:183} INFO - Processing /opt/airflow/dags/bronze_ingestion_dag.py took 1.076 seconds
[2026-07-30T17:51:00.330+0000] {processor.py:161} INFO - Started process (PID=3025) to work on /opt/airflow/dags/bronze_ingestion_dag.py
[2026-07-30T17:51:00.335+0000] {processor.py:830} INFO - Processing file /opt/airflow/dags/bronze_ingestion_dag.py for tasks to queue
[2026-07-30T17:51:00.339+0000] {logging_mixin.py:188} INFO - [2026-07-30T17:51:00.338+0000] {dagbag.py:545} INFO - Filling up the DagBag from /opt/airflow/dags/bronze_ingestion_dag.py
[2026-07-30T17:51:00.459+0000] {processor.py:840} INFO - DAG(s) 'ingest_bronze_layer' retrieved from /opt/airflow/dags/bronze_ingestion_dag.py
[2026-07-30T17:51:00.542+0000] {logging_mixin.py:188} INFO - [2026-07-30T17:51:00.542+0000] {dag.py:3096} INFO - Sync 1 DAGs
[2026-07-30T17:51:00.607+0000] {logging_mixin.py:188} INFO - [2026-07-30T17:51:00.606+0000] {dag.py:3954} INFO - Setting next_dagrun for ingest_bronze_layer to 2026-07-30 17:00:00+00:00, run_after=2026-07-30 18:00:00+00:00
[2026-07-30T17:51:00.656+0000] {processor.py:183} INFO - Processing /opt/airflow/dags/bronze_ingestion_dag.py took 0.350 seconds
[2026-07-30T17:51:31.156+0000] {processor.py:161} INFO - Started process (PID=3035) to work on /opt/airflow/dags/bronze_ingestion_dag.py
[2026-07-30T17:51:31.170+0000] {processor.py:830} INFO - Processing file /opt/airflow/dags/bronze_ingestion_dag.py for tasks to queue
[2026-07-30T17:51:31.194+0000] {logging_mixin.py:188} INFO - [2026-07-30T17:51:31.193+0000] {dagbag.py:545} INFO - Filling up the DagBag from /opt/airflow/dags/bronze_ingestion_dag.py
[2026-07-30T17:51:31.549+0000] {processor.py:840} INFO - DAG(s) 'ingest_bronze_layer' retrieved from /opt/airflow/dags/bronze_ingestion_dag.py
[2026-07-30T17:51:31.711+0000] {logging_mixin.py:188} INFO - [2026-07-30T17:51:31.710+0000] {dag.py:3096} INFO - Sync 1 DAGs
[2026-07-30T17:51:32.097+0000] {logging_mixin.py:188} INFO - [2026-07-30T17:51:32.097+0000] {dag.py:3954} INFO - Setting next_dagrun for ingest_bronze_layer to 2026-07-30 17:00:00+00:00, run_after=2026-07-30 18:00:00+00:00
[2026-07-30T17:51:32.268+0000] {processor.py:183} INFO - Processing /opt/airflow/dags/bronze_ingestion_dag.py took 1.153 seconds
[2026-07-30T17:52:02.686+0000] {processor.py:161} INFO - Started process (PID=3050) to work on /opt/airflow/dags/bronze_ingestion_dag.py
[2026-07-30T17:52:02.696+0000] {processor.py:830} INFO - Processing file /opt/airflow/dags/bronze_ingestion_dag.py for tasks to queue
[2026-07-30T17:52:02.703+0000] {logging_mixin.py:188} INFO - [2026-07-30T17:52:02.701+0000] {dagbag.py:545} INFO - Filling up the DagBag from /opt/airflow/dags/bronze_ingestion_dag.py
[2026-07-30T17:52:02.971+0000] {processor.py:840} INFO - DAG(s) 'ingest_bronze_layer' retrieved from /opt/airflow/dags/bronze_ingestion_dag.py
[2026-07-30T17:52:03.265+0000] {logging_mixin.py:188} INFO - [2026-07-30T17:52:03.265+0000] {dag.py:3096} INFO - Sync 1 DAGs
[2026-07-30T17:52:03.479+0000] {logging_mixin.py:188} INFO - [2026-07-30T17:52:03.478+0000] {dag.py:3954} INFO - Setting next_dagrun for ingest_bronze_layer to 2026-07-30 17:00:00+00:00, run_after=2026-07-30 18:00:00+00:00
[2026-07-30T17:52:03.819+0000] {processor.py:183} INFO - Processing /opt/airflow/dags/bronze_ingestion_dag.py took 1.245 seconds
[2026-07-30T17:52:34.320+0000] {processor.py:161} INFO - Started process (PID=3065) to work on /opt/airflow/dags/bronze_ingestion_dag.py
[2026-07-30T17:52:34.326+0000] {processor.py:830} INFO - Processing file /opt/airflow/dags/bronze_ingestion_dag.py for tasks to queue
[2026-07-30T17:52:34.334+0000] {logging_mixin.py:188} INFO - [2026-07-30T17:52:34.332+0000] {dagbag.py:545} INFO - Filling up the DagBag from /opt/airflow/dags/bronze_ingestion_dag.py
[2026-07-30T17:52:34.402+0000] {processor.py:840} INFO - DAG(s) 'ingest_bronze_layer' retrieved from /opt/airflow/dags/bronze_ingestion_dag.py
[2026-07-30T17:52:34.608+0000] {logging_mixin.py:188} INFO - [2026-07-30T17:52:34.598+0000] {dag.py:3096} INFO - Sync 1 DAGs
[2026-07-30T17:52:35.007+0000] {logging_mixin.py:188} INFO - [2026-07-30T17:52:35.006+0000] {dag.py:3954} INFO - Setting next_dagrun for ingest_bronze_layer to 2026-07-30 17:00:00+00:00, run_after=2026-07-30 18:00:00+00:00
[2026-07-30T17:52:35.146+0000] {processor.py:183} INFO - Processing /opt/airflow/dags/bronze_ingestion_dag.py took 0.842 seconds
[2026-07-30T17:53:05.572+0000] {processor.py:161} INFO - Started process (PID=3080) to work on /opt/airflow/dags/bronze_ingestion_dag.py
[2026-07-30T17:53:05.576+0000] {processor.py:830} INFO - Processing file /opt/airflow/dags/bronze_ingestion_dag.py for tasks to queue
[2026-07-30T17:53:05.581+0000] {logging_mixin.py:188} INFO - [2026-07-30T17:53:05.580+0000] {dagbag.py:545} INFO - Filling up the DagBag from /opt/airflow/dags/bronze_ingestion_dag.py
[2026-07-30T17:53:05.706+0000] {processor.py:840} INFO - DAG(s) 'ingest_bronze_layer' retrieved from /opt/airflow/dags/bronze_ingestion_dag.py
[2026-07-30T17:53:05.844+0000] {logging_mixin.py:188} INFO - [2026-07-30T17:53:05.844+0000] {dag.py:3096} INFO - Sync 1 DAGs
[2026-07-30T17:53:05.954+0000] {logging_mixin.py:188} INFO - [2026-07-30T17:53:05.953+0000] {dag.py:3954} INFO - Setting next_dagrun for ingest_bronze_layer to 2026-07-30 17:00:00+00:00, run_after=2026-07-30 18:00:00+00:00
[2026-07-30T17:53:06.065+0000] {processor.py:183} INFO - Processing /opt/airflow/dags/bronze_ingestion_dag.py took 0.533 seconds
[2026-07-30T17:53:36.347+0000] {processor.py:161} INFO - Started process (PID=3095) to work on /opt/airflow/dags/bronze_ingestion_dag.py
[2026-07-30T17:53:36.352+0000] {processor.py:830} INFO - Processing file /opt/airflow/dags/bronze_ingestion_dag.py for tasks to queue
[2026-07-30T17:53:36.360+0000] {logging_mixin.py:188} INFO - [2026-07-30T17:53:36.358+0000] {dagbag.py:545} INFO - Filling up the DagBag from /opt/airflow/dags/bronze_ingestion_dag.py
[2026-07-30T17:53:36.439+0000] {processor.py:840} INFO - DAG(s) 'ingest_bronze_layer' retrieved from /opt/airflow/dags/bronze_ingestion_dag.py
[2026-07-30T17:53:36.670+0000] {logging_mixin.py:188} INFO - [2026-07-30T17:53:36.670+0000] {dag.py:3096} INFO - Sync 1 DAGs
[2026-07-30T17:53:36.732+0000] {logging_mixin.py:188} INFO - [2026-07-30T17:53:36.732+0000] {dag.py:3954} INFO - Setting next_dagrun for ingest_bronze_layer to 2026-07-30 17:00:00+00:00, run_after=2026-07-30 18:00:00+00:00
[2026-07-30T17:53:36.886+0000] {processor.py:183} INFO - Processing /opt/airflow/dags/bronze_ingestion_dag.py took 0.559 seconds
[2026-07-30T17:54:07.918+0000] {processor.py:161} INFO - Started process (PID=3110) to work on /opt/airflow/dags/bronze_ingestion_dag.py
[2026-07-30T17:54:07.940+0000] {processor.py:830} INFO - Processing file /opt/airflow/dags/bronze_ingestion_dag.py for tasks to queue
[2026-07-30T17:54:07.977+0000] {logging_mixin.py:188} INFO - [2026-07-30T17:54:07.948+0000] {dagbag.py:545} INFO - Filling up the DagBag from /opt/airflow/dags/bronze_ingestion_dag.py
[2026-07-30T17:54:08.246+0000] {processor.py:840} INFO - DAG(s) 'ingest_bronze_layer' retrieved from /opt/airflow/dags/bronze_ingestion_dag.py
[2026-07-30T17:54:08.585+0000] {logging_mixin.py:188} INFO - [2026-07-30T17:54:08.584+0000] {dag.py:3096} INFO - Sync 1 DAGs
[2026-07-30T17:54:08.915+0000] {logging_mixin.py:188} INFO - [2026-07-30T17:54:08.914+0000] {dag.py:3954} INFO - Setting next_dagrun for ingest_bronze_layer to 2026-07-30 17:00:00+00:00, run_after=2026-07-30 18:00:00+00:00
[2026-07-30T17:54:09.313+0000] {processor.py:183} INFO - Processing /opt/airflow/dags/bronze_ingestion_dag.py took 1.522 seconds
[2026-07-30T17:54:40.027+0000] {processor.py:161} INFO - Started process (PID=3130) to work on /opt/airflow/dags/bronze_ingestion_dag.py
[2026-07-30T17:54:40.037+0000] {processor.py:830} INFO - Processing file /opt/airflow/dags/bronze_ingestion_dag.py for tasks to queue
[2026-07-30T17:54:40.054+0000] {logging_mixin.py:188} INFO - [2026-07-30T17:54:40.053+0000] {dagbag.py:545} INFO - Filling up the DagBag from /opt/airflow/dags/bronze_ingestion_dag.py
[2026-07-30T17:54:40.310+0000] {processor.py:840} INFO - DAG(s) 'ingest_bronze_layer' retrieved from /opt/airflow/dags/bronze_ingestion_dag.py
[2026-07-30T17:54:40.404+0000] {logging_mixin.py:188} INFO - [2026-07-30T17:54:40.404+0000] {dag.py:3096} INFO - Sync 1 DAGs
[2026-07-30T17:54:40.543+0000] {logging_mixin.py:188} INFO - [2026-07-30T17:54:40.543+0000] {dag.py:3954} INFO - Setting next_dagrun for ingest_bronze_layer to 2026-07-30 17:00:00+00:00, run_after=2026-07-30 18:00:00+00:00
[2026-07-30T17:54:40.915+0000] {processor.py:183} INFO - Processing /opt/airflow/dags/bronze_ingestion_dag.py took 0.942 seconds
[2026-07-30T17:55:11.784+0000] {processor.py:161} INFO - Started process (PID=3150) to work on /opt/airflow/dags/bronze_ingestion_dag.py
[2026-07-30T17:55:11.822+0000] {processor.py:830} INFO - Processing file /opt/airflow/dags/bronze_ingestion_dag.py for tasks to queue
[2026-07-30T17:55:11.836+0000] {logging_mixin.py:188} INFO - [2026-07-30T17:55:11.835+0000] {dagbag.py:545} INFO - Filling up the DagBag from /opt/airflow/dags/bronze_ingestion_dag.py
[2026-07-30T17:54:11.293+0000] {processor.py:840} INFO - DAG(s) 'ingest_bronze_layer' retrieved from /opt/airflow/dags/bronze_ingestion_dag.py
[2026-07-30T17:55:12.941+0000] {logging_mixin.py:188} INFO - [2026-07-30T17:55:12.939+0000] {dag.py:3096} INFO - Sync 1 DAGs
[2026-07-30T17:55:13.238+0000] {logging_mixin.py:188} INFO - [2026-07-30T17:55:13.237+0000] {dag.py:3954} INFO - Setting next_dagrun for ingest_bronze_layer to 2026-07-30 17:00:00+00:00, run_after=2026-07-30 18:00:00+00:00
[2026-07-30T17:55:13.777+0000] {processor.py:183} INFO - Processing /opt/airflow/dags/bronze_ingestion_dag.py took 1.328 seconds
[2026-07-30T17:55:44.409+0000] {processor.py:161} INFO - Started process (PID=3168) to work on /opt/airflow/dags/bronze_ingestion_dag.py
[2026-07-30T17:55:44.414+0000] {processor.py:830} INFO - Processing file /opt/airflow/dags/bronze_ingestion_dag.py for tasks to queue
[2026-07-30T17:55:44.427+0000] {logging_mixin.py:188} INFO - [2026-07-30T17:55:44.422+0000] {dagbag.py:545} INFO - Filling up the DagBag from /opt/airflow/dags/bronze_ingestion_dag.py
[2026-07-30T17:55:44.678+0000] {processor.py:840} INFO - DAG(s) 'ingest_bronze_layer' retrieved from /opt/airflow/dags/bronze_ingestion_dag.py
[2026-07-30T17:55:45.054+0000] {logging_mixin.py:188} INFO - [2026-07-30T17:55:45.051+0000] {dag.py:3096} INFO - Sync 1 DAGs
[2026-07-30T17:55:45.439+0000] {logging_mixin.py:188} INFO - [2026-07-30T17:55:45.438+0000] {dag.py:3954} INFO - Setting next_dagrun for ingest_bronze_layer to 2026-07-30 17:00:00+00:00, run_after=2026-07-30 18:00:00+00:00
[2026-07-30T17:55:45.648+0000] {processor.py:183} INFO - Processing /opt/airflow/dags/bronze_ingestion_dag.py took 1.372 seconds
[2026-07-30T17:56:16.746+0000] {processor.py:161} INFO - Started process (PID=3241) to work on /opt/airflow/dags/bronze_ingestion_dag.py
[2026-07-30T17:56:16.754+0000] {processor.py:830} INFO - Processing file /opt/airflow/dags/bronze_ingestion_dag.py for tasks to queue
[2026-07-30T17:56:16.768+0000] {logging_mixin.py:188} INFO - [2026-07-30T17:56:16.766+0000] {dagbag.py:545} INFO - Filling up the DagBag from /opt/airflow/dags/bronze_ingestion_dag.py
[2026-07-30T17:56:16.945+0000] {processor.py:840} INFO - DAG(s) 'ingest_bronze_layer' retrieved from /opt/airflow/dags/bronze_ingestion_dag.py
[2026-07-30T17:56:17.425+0000] {logging_mixin.py:188} INFO - [2026-07-30T17:56:17.418+0000] {dag.py:3096} INFO - Sync 1 DAGs
[2026-07-30T17:56:17.700+0000] {logging_mixin.py:188} INFO - [2026-07-30T17:56:17.698+0000] {dag.py:3954} INFO - Setting next_dagrun for ingest_bronze_layer to 2026-07-30 17:00:00+00:00, run_after=2026-07-30 18:00:00+00:00
[2026-07-30T17:56:19.048+0000] {processor.py:183} INFO - Processing /opt/airflow/dags/bronze_ingestion_dag.py took 2.371 seconds
[2026-07-30T17:57:18.407+0000] {processor.py:161} INFO - Started process (PID=3259) to work on /opt/airflow/dags/bronze_ingestion_dag.py
[2026-07-30T17:57:18.414+0000] {processor.py:830} INFO - Processing file /opt/airflow/dags/bronze_ingestion_dag.py for tasks to queue
[2026-07-30T17:57:18.431+0000] {logging_mixin.py:188} INFO - [2026-07-30T17:57:18.425+0000] {dagbag.py:545} INFO - Filling up the DagBag from /opt/airflow/dags/bronze_ingestion_dag.py
[2026-07-30T17:57:18.757+0000] {processor.py:840} INFO - DAG(s) 'ingest_bronze_layer' retrieved from /opt/airflow/dags/bronze_ingestion_dag.py
[2026-07-30T17:57:19.003+0000] {logging_mixin.py:188} INFO - [2026-07-30T17:57:19.003+0000] {dag.py:3096} INFO - Sync 1 DAGs
[2026-07-30T17:57:19.349+0000] {logging_mixin.py:188} INFO - [2026-07-30T17:57:19.348+0000] {dag.py:3954} INFO - Setting next_dagrun for ingest_bronze_layer to 2026-07-30 17:00:00+00:00, run_after=2026-07-30 18:00:00+00:00
[2026-07-30T17:57:19.592+0000] {processor.py:183} INFO - Processing /opt/airflow/dags/bronze_ingestion_dag.py took 1.404 seconds
[2026-07-30T17:57:50.289+0000] {processor.py:161} INFO - Started process (PID=3327) to work on /opt/airflow/dags/bronze_ingestion_dag.py
[2026-07-30T17:57:50.294+0000] {processor.py:830} INFO - Processing file /opt/airflow/dags/bronze_ingestion_dag.py for tasks to queue
[2026-07-30T17:57:50.300+0000] {logging_mixin.py:188} INFO - [2026-07-30T17:57:50.299+0000] {dagbag.py:545} INFO - Filling up the DagBag from /opt/airflow/dags/bronze_ingestion_dag.py
[2026-07-30T17:57:50.535+0000] {processor.py:840} INFO - DAG(s) 'ingest_bronze_layer' retrieved from /opt/airflow/dags/bronze_ingestion_dag.py
[2026-07-30T17:57:50.987+0000] {logging_mixin.py:188} INFO - [2026-07-30T17:57:50.986+0000] {dag.py:3096} INFO - Sync 1 DAGs
[2026-07-30T17:57:51.401+0000] {logging_mixin.py:188} INFO - [2026-07-30T17:57:51.400+0000] {dag.py:3954} INFO - Setting next_dagrun for ingest_bronze_layer to 2026-07-30 17:00:00+00:00, run_after=2026-07-30 18:00:00+00:00
[2026-07-30T17:57:51.604+0000] {processor.py:183} INFO - Processing /opt/airflow/dags/bronze_ingestion_dag.py took 1.361 seconds
[2026-07-30T17:58:22.679+0000] {processor.py:161} INFO - Started process (PID=3406) to work on /opt/airflow/dags/bronze_ingestion_dag.py
[2026-07-30T17:58:22.730+0000] {processor.py:830} INFO - Processing file /opt/airflow/dags/bronze_ingestion_dag.py for tasks to queue
[2026-07-30T17:58:22.769+0000] {logging_mixin.py:188} INFO - [2026-07-30T17:58:22.763+0000] {dagbag.py:545} INFO - Filling up the DagBag from /opt/airflow/dags/bronze_ingestion_dag.py
[2026-07-30T17:58:22.977+0000] {processor.py:840} INFO - DAG(s) 'ingest_bronze_layer' retrieved from /opt/airflow/dags/bronze_ingestion_dag.py
[2026-07-30T17:58:23.150+0000] {logging_mixin.py:188} INFO - [2026-07-30T17:58:23.149+0000] {dag.py:3096} INFO - Sync 1 DAGs
[2026-07-30T17:58:23.281+0000] {logging_mixin.py:188} INFO - [2026-07-30T17:58:23.281+0000] {dag.py:3954} INFO - Setting next_dagrun for ingest_bronze_layer to 2026-07-30 17:00:00+00:00, run_after=2026-07-30 18:00:00+00:00
[2026-07-30T17:58:23.894+0000] {processor.py:183} INFO - Processing /opt/airflow/dags/bronze_ingestion_dag.py took 1.296 seconds
[2026-07-30T17:59:20.891+0000] {processor.py:161} INFO - Started process (PID=3487) to work on /opt/airflow/dags/bronze_ingestion_dag.py
[2026-07-30T17:59:20.910+0000] {processor.py:830} INFO - Processing file /opt/airflow/dags/bronze_ingestion_dag.py for tasks to queue
[2026-07-30T17:59:20.927+0000] {logging_mixin.py:188} INFO - [2026-07-30T17:59:20.920+0000] {dagbag.py:545} INFO - Filling up the DagBag from /opt/airflow/dags/bronze_ingestion_dag.py
[2026-07-30T17:59:21.338+0000] {processor.py:840} INFO - DAG(s) 'ingest_bronze_layer' retrieved from /opt/airflow/dags/bronze_ingestion_dag.py
[2026-07-30T17:59:21.543+0000] {logging_mixin.py:188} INFO - [2026-07-30T17:59:21.542+0000] {dag.py:3096} INFO - Sync 1 DAGs
[2026-07-30T17:59:21.837+0000] {logging_mixin.py:188} INFO - [2026-07-30T17:59:21.837+0000] {dag.py:3954} INFO - Setting next_dagrun for ingest_bronze_layer to 2026-07-30 17:00:00+00:00, run_after=2026-07-30 18:00:00+00:00
[2026-07-30T17:59:22.389+0000] {processor.py:183} INFO - Processing /opt/airflow/dags/bronze_ingestion_dag.py took 1.864 seconds
[2026-07-30T17:59:53.798+0000] {processor.py:161} INFO - Started process (PID=3524) to work on /opt/airflow/dags/bronze_ingestion_dag.py
[2026-07-30T17:59:53.850+0000] {processor.py:830} INFO - Processing file /opt/airflow/dags/bronze_ingestion_dag.py for tasks to queue
[2026-07-30T17:59:53.909+0000] {logging_mixin.py:188} INFO - [2026-07-30T17:59:53.908+0000] {dagbag.py:545} INFO - Filling up the DagBag from /opt/airflow/dags/bronze_ingestion_dag.py
[2026-07-30T17:59:54.365+0000] {processor.py:840} INFO - DAG(s) 'ingest_bronze_layer' retrieved from /opt/airflow/dags/bronze_ingestion_dag.py
[2026-07-30T17:59:54.863+0000] {logging_mixin.py:188} INFO - [2026-07-30T17:59:54.852+0000] {dag.py:3096} INFO - Sync 1 DAGs
[2026-07-30T17:59:55.303+0000] {logging_mixin.py:188} INFO - [2026-07-30T17:59:55.293+0000] {dag.py:3954} INFO - Setting next_dagrun for ingest_bronze_layer to 2026-07-30 17:00:00+00:00, run_after=2026-07-30 18:00:00+00:00
[2026-07-30T17:59:55.563+0000] {processor.py:183} INFO - Processing /opt/airflow/dags/bronze_ingestion_dag.py took 1.805 seconds
[2026-07-30T18:00:26.485+0000] {processor.py:161} INFO - Started process (PID=3618) to work on /opt/airflow/dags/bronze_ingestion_dag.py
[2026-07-30T18:00:26.514+0000] {processor.py:830} INFO - Processing file /opt/airflow/dags/bronze_ingestion_dag.py for tasks to queue
[2026-07-30T18:00:26.530+0000] {logging_mixin.py:188} INFO - [2026-07-30T18:00:26.527+0000] {dagbag.py:545} INFO - Filling up the DagBag from /opt/airflow/dags/bronze_ingestion_dag.py
[2026-07-30T18:00:27.573+0000] {processor.py:840} INFO - DAG(s) 'ingest_bronze_layer' retrieved from /opt/airflow/dags/bronze_ingestion_dag.py
[2026-07-30T18:00:28.456+0000] {logging_mixin.py:188} INFO - [2026-07-30T18:00:28.455+0000] {dag.py:3096} INFO - Sync 1 DAGs
[2026-07-30T18:00:28.905+0000] {logging_mixin.py:188} INFO - [2026-07-30T18:00:28.905+0000] {dag.py:3954} INFO - Setting next_dagrun for ingest_bronze_layer to 2026-07-30 18:00:00+00:00, run_after=2026-07-30 19:00:00+00:00
[2026-07-30T18:00:29.300+0000] {processor.py:183} INFO - Processing /opt/airflow/dags/bronze_ingestion_dag.py took 2.982 seconds
[2026-07-30T18:00:59.712+0000] {processor.py:161} INFO - Started process (PID=3671) to work on /opt/airflow/dags/bronze_ingestion_dag.py
[2026-07-30T18:00:59.730+0000] {processor.py:830} INFO - Processing file /opt/airflow/dags/bronze_ingestion_dag.py for tasks to queue
[2026-07-30T18:00:59.743+0000] {logging_mixin.py:188} INFO - [2026-07-30T18:00:59.742+0000] {dagbag.py:545} INFO - Filling up the DagBag from /opt/airflow/dags/bronze_ingestion_dag.py
[2026-07-30T18:00:59.893+0000] {processor.py:840} INFO - DAG(s) 'ingest_bronze_layer' retrieved from /opt/airflow/dags/bronze_ingestion_dag.py
[2026-07-30T18:01:00.049+0000] {logging_mixin.py:188} INFO - [2026-07-30T18:01:00.048+0000] {dag.py:3096} INFO - Sync 1 DAGs
[2026-07-30T18:01:00.223+0000] {logging_mixin.py:188} INFO - [2026-07-30T18:01:00.222+0000] {dag.py:3954} INFO - Setting next_dagrun for ingest_bronze_layer to 2026-07-30 18:00:00+00:00, run_after=2026-07-30 19:00:00+00:00
[2026-07-30T18:01:00.458+0000] {processor.py:183} INFO - Processing /opt/airflow/dags/bronze_ingestion_dag.py took 0.778 seconds
[2026-07-30T18:01:31.335+0000] {processor.py:161} INFO - Started process (PID=3698) to work on /opt/airflow/dags/bronze_ingestion_dag.py
[2026-07-30T18:01:31.348+0000] {processor.py:830} INFO - Processing file /opt/airflow/dags/bronze_ingestion_dag.py for tasks to queue
[2026-07-30T18:01:31.435+0000] {logging_mixin.py:188} INFO - [2026-07-30T18:01:31.434+0000] {dagbag.py:545} INFO - Filling up the DagBag from /opt/airflow/dags/bronze_ingestion_dag.py
[2026-07-30T18:01:31.578+0000] {processor.py:840} INFO - DAG(s) 'ingest_bronze_layer' retrieved from /opt/airflow/dags/bronze_ingestion_dag.py
[2026-07-30T18:01:31.971+0000] {logging_mixin.py:188} INFO - [2026-07-30T18:01:31.970+0000] {dag.py:3096} INFO - Sync 1 DAGs
[2026-07-30T18:01:32.564+0000] {logging_mixin.py:188} INFO - [2026-07-30T18:01:32.563+0000] {dag.py:3954} INFO - Setting next_dagrun for ingest_bronze_layer to 2026-07-30 18:00:00+00:00, run_after=2026-07-30 19:00:00+00:00
[2026-07-30T18:01:32.965+0000] {processor.py:183} INFO - Processing /opt/airflow/dags/bronze_ingestion_dag.py took 1.689 seconds
[2026-07-30T18:02:04.414+0000] {processor.py:161} INFO - Started process (PID=3778) to work on /opt/airflow/dags/bronze_ingestion_dag.py
[2026-07-30T18:02:04.449+0000] {processor.py:830} INFO - Processing file /opt/airflow/dags/bronze_ingestion_dag.py for tasks to queue
[2026-07-30T18:02:04.499+0000] {logging_mixin.py:188} INFO - [2026-07-30T18:02:04.482+0000] {dagbag.py:545} INFO - Filling up the DagBag from /opt/airflow/dags/bronze_ingestion_dag.py
[2026-07-30T18:02:04.831+0000] {processor.py:840} INFO - DAG(s) 'ingest_bronze_layer' retrieved from /opt/airflow/dags/bronze_ingestion_dag.py
[2026-07-30T18:02:05.922+0000] {logging_mixin.py:188} INFO - [2026-07-30T18:02:05.921+0000] {dag.py:3096} INFO - Sync 1 DAGs
[2026-07-30T18:02:06.427+0000] {logging_mixin.py:188} INFO - [2026-07-30T18:02:06.427+0000] {dag.py:3954} INFO - Setting next_dagrun for ingest_bronze_layer to 2026-07-30 18:00:00+00:00, run_after=2026-07-30 19:00:00+00:00
[2026-07-30T18:02:07.052+0000] {processor.py:183} INFO - Processing /opt/airflow/dags/bronze_ingestion_dag.py took 2.728 seconds
[2026-07-30T18:02:38.450+0000] {processor.py:161} INFO - Started process (PID=3801) to work on /opt/airflow/dags/bronze_ingestion_dag.py
[2026-07-30T18:02:38.454+0000] {processor.py:830} INFO - Processing file /opt/airflow/dags/bronze_ingestion_dag.py for tasks to queue
[2026-07-30T18:02:38.954+0000] {logging_mixin.py:188} INFO - [2026-07-30T18:02:38.953+0000] {dagbag.py:545} INFO - Filling up the DagBag from /opt/airflow/dags/bronze_ingestion_dag.py
[2026-07-30T18:02:39.088+0000] {processor.py:840} INFO - DAG(s) 'ingest_bronze_layer' retrieved from /opt/airflow/dags/bronze_ingestion_dag.py
[2026-07-30T18:02:39.243+0000] {logging_mixin.py:188} INFO - [2026-07-30T18:02:39.242+0000] {dag.py:3096} INFO - Sync 1 DAGs
[2026-07-30T18:02:39.434+0000] {logging_mixin.py:188} INFO - [2026-07-30T18:02:39.433+0000] {dag.py:3954} INFO - Setting next_dagrun for ingest_bronze_layer to 2026-07-30 18:00:00+00:00, run_after=2026-07-30 19:00:00+00:00
[2026-07-30T18:02:40.994+0000] {processor.py:183} INFO - Processing /opt/airflow/dags/bronze_ingestion_dag.py took 2.569 seconds
[2026-07-30T18:03:12.974+0000] {processor.py:161} INFO - Started process (PID=3817) to work on /opt/airflow/dags/bronze_ingestion_dag.py
[2026-07-30T18:03:13.068+0000] {processor.py:830} INFO - Processing file /opt/airflow/dags/bronze_ingestion_dag.py for tasks to queue
[2026-07-30T18:03:13.249+0000] {logging_mixin.py:188} INFO - [2026-07-30T18:03:13.248+0000] {dagbag.py:545} INFO - Filling up the DagBag from /opt/airflow/dags/bronze_ingestion_dag.py
[2026-07-30T18:03:14.794+0000] {processor.py:840} INFO - DAG(s) 'ingest_bronze_layer' retrieved from /opt/airflow/dags/bronze_ingestion_dag.py
[2026-07-30T18:03:15.031+0000] {logging_mixin.py:188} INFO - [2026-07-30T18:03:15.018+0000] {dag.py:3096} INFO - Sync 1 DAGs
[2026-07-30T18:03:15.365+0000] {logging_mixin.py:188} INFO - [2026-07-30T18:03:15.365+0000] {dag.py:3954} INFO - Setting next_dagrun for ingest_bronze_layer to 2026-07-30 18:00:00+00:00, run_after=2026-07-30 19:00:00+00:00
[2026-07-30T18:03:15.880+0000] {processor.py:183} INFO - Processing /opt/airflow/dags/bronze_ingestion_dag.py took 2.953 seconds
[2026-07-30T18:03:46.661+0000] {processor.py:161} INFO - Started process (PID=3832) to work on /opt/airflow/dags/bronze_ingestion_dag.py
[2026-07-30T18:03:46.687+0000] {processor.py:830} INFO - Processing file /opt/airflow/dags/bronze_ingestion_dag.py for tasks to queue
[2026-07-30T18:03:46.790+0000] {logging_mixin.py:188} INFO - [2026-07-30T18:03:46.738+0000] {dagbag.py:545} INFO - Filling up the DagBag from /opt/airflow/dags/bronze_ingestion_dag.py
[2026-07-30T18:03:47.078+0000] {processor.py:840} INFO - DAG(s) 'ingest_bronze_layer' retrieved from /opt/airflow/dags/bronze_ingestion_dag.py
[2026-07-30T18:03:47.341+0000] {logging_mixin.py:188} INFO - [2026-07-30T18:03:47.341+0000] {dag.py:3096} INFO - Sync 1 DAGs
[2026-07-30T18:03:47.473+0000] {logging_mixin.py:188} INFO - [2026-07-30T18:03:47.473+0000] {dag.py:3954} INFO - Setting next_dagrun for ingest_bronze_layer to 2026-07-30 18:00:00+00:00, run_after=2026-07-30 19:00:00+00:00
[2026-07-30T18:03:47.608+0000] {processor.py:183} INFO - Processing /opt/airflow/dags/bronze_ingestion_dag.py took 0.997 seconds
[2026-07-30T18:04:18.138+0000] {processor.py:161} INFO - Started process (PID=3877) to work on /opt/airflow/dags/bronze_ingestion_dag.py
[2026-07-30T18:04:18.150+0000] {processor.py:830} INFO - Processing file /opt/airflow/dags/bronze_ingestion_dag.py for tasks to queue
[2026-07-30T18:04:18.160+0000] {logging_mixin.py:188} INFO - [2026-07-30T18:04:18.154+0000] {dagbag.py:545} INFO - Filling up the DagBag from /opt/airflow/dags/bronze_ingestion_dag.py
[2026-07-30T18:04:18.443+0000] {processor.py:840} INFO - DAG(s) 'ingest_bronze_layer' retrieved from /opt/airflow/dags/bronze_ingestion_dag.py
[2026-07-30T18:04:18.745+0000] {logging_mixin.py:188} INFO - [2026-07-30T18:04:18.744+0000] {dag.py:3096} INFO - Sync 1 DAGs
[2026-07-30T18:04:18.863+0000] {logging_mixin.py:188} INFO - [2026-07-30T18:04:18.862+0000] {dag.py:3954} INFO - Setting next_dagrun for ingest_bronze_layer to 2026-07-30 18:00:00+00:00, run_after=2026-07-30 19:00:00+00:00
[2026-07-30T18:04:18.974+0000] {processor.py:183} INFO - Processing /opt/airflow/dags/bronze_ingestion_dag.py took 0.969 seconds
[2026-07-30T18:04:50.067+0000] {processor.py:161} INFO - Started process (PID=3894) to work on /opt/airflow/dags/bronze_ingestion_dag.py
[2026-07-30T18:04:50.082+0000] {processor.py:830} INFO - Processing file /opt/airflow/dags/bronze_ingestion_dag.py for tasks to queue
[2026-07-30T18:04:50.100+0000] {logging_mixin.py:188} INFO - [2026-07-30T18:04:50.092+0000] {dagbag.py:545} INFO - Filling up the DagBag from /opt/airflow/dags/bronze_ingestion_dag.py
[2026-07-30T18:04:50.272+0000] {processor.py:840} INFO - DAG(s) 'ingest_bronze_layer' retrieved from /opt/airflow/dags/bronze_ingestion_dag.py
[2026-07-30T18:04:51.120+0000] {logging_mixin.py:188} INFO - [2026-07-30T18:04:51.119+0000] {dag.py:3096} INFO - Sync 1 DAGs
[2026-07-30T18:04:52.718+0000] {logging_mixin.py:188} INFO - [2026-07-30T18:04:52.717+0000] {dag.py:3954} INFO - Setting next_dagrun for ingest_bronze_layer to 2026-07-30 18:00:00+00:00, run_after=2026-07-30 19:00:00+00:00
[2026-07-30T18:04:52.916+0000] {processor.py:183} INFO - Processing /opt/airflow/dags/bronze_ingestion_dag.py took 3.008 seconds
[2026-07-30T18:05:23.808+0000] {processor.py:161} INFO - Started process (PID=3916) to work on /opt/airflow/dags/bronze_ingestion_dag.py
[2026-07-30T18:05:23.815+0000] {processor.py:830} INFO - Processing file /opt/airflow/dags/bronze_ingestion_dag.py for tasks to queue
[2026-07-30T18:05:23.830+0000] {logging_mixin.py:188} INFO - [2026-07-30T18:05:23.829+0000] {dagbag.py:545} INFO - Filling up the DagBag from /opt/airflow/dags/bronze_ingestion_dag.py
[2026-07-30T18:05:24.019+0000] {processor.py:840} INFO - DAG(s) 'ingest_bronze_layer' retrieved from /opt/airflow/dags/bronze_ingestion_dag.py
[2026-07-30T18:05:24.148+0000] {logging_mixin.py:188} INFO - [2026-07-30T18:05:24.147+0000] {dag.py:3096} INFO - Sync 1 DAGs
[2026-07-30T18:05:24.280+0000] {logging_mixin.py:188} INFO - [2026-07-30T18:05:24.280+0000] {dag.py:3954} INFO - Setting next_dagrun for ingest_bronze_layer to 2026-07-30 18:00:00+00:00, run_after=2026-07-30 19:00:00+00:00
[2026-07-30T18:05:24.628+0000] {processor.py:183} INFO - Processing /opt/airflow/dags/bronze_ingestion_dag.py took 0.868 seconds
[2026-07-30T18:05:55.644+0000] {processor.py:161} INFO - Started process (PID=3939) to work on /opt/airflow/dags/bronze_ingestion_dag.py
[2026-07-30T18:05:55.693+0000] {processor.py:830} INFO - Processing file /opt/airflow/dags/bronze_ingestion_dag.py for tasks to queue
[2026-07-30T18:05:55.734+0000] {logging_mixin.py:188} INFO - [2026-07-30T18:05:55.720+0000] {dagbag.py:545} INFO - Filling up the DagBag from /opt/airflow/dags/bronze_ingestion_dag.py
[2026-07-30T18:05:57.314+0000] {processor.py:840} INFO - DAG(s) 'ingest_bronze_layer' retrieved from /opt/airflow/dags/bronze_ingestion_dag.py
[2026-07-30T18:05:57.859+0000] {logging_mixin.py:188} INFO - [2026-07-30T18:05:57.858+0000] {dag.py:3096} INFO - Sync 1 DAGs
[2026-07-30T18:05:58.198+0000] {logging_mixin.py:188} INFO - [2026-07-30T18:05:58.197+0000] {dag.py:3954} INFO - Setting next_dagrun for ingest_bronze_layer to 2026-07-30 18:00:00+00:00, run_after=2026-07-30 19:00:00+00:00
[2026-07-30T18:05:58.412+0000] {processor.py:183} INFO - Processing /opt/airflow/dags/bronze_ingestion_dag.py took 3.011 seconds
[2026-07-30T18:06:29.539+0000] {processor.py:161} INFO - Started process (PID=4018) to work on /opt/airflow/dags/bronze_ingestion_dag.py
[2026-07-30T18:06:29.557+0000] {processor.py:830} INFO - Processing file /opt/airflow/dags/bronze_ingestion_dag.py for tasks to queue
[2026-07-30T18:06:29.576+0000] {logging_mixin.py:188} INFO - [2026-07-30T18:06:29.572+0000] {dagbag.py:545} INFO - Filling up the DagBag from /opt/airflow/dags/bronze_ingestion_dag.py
[2026-07-30T18:06:29.868+0000] {processor.py:840} INFO - DAG(s) 'ingest_bronze_layer' retrieved from /opt/airflow/dags/bronze_ingestion_dag.py
[2026-07-30T18:06:30.053+0000] {logging_mixin.py:188} INFO - [2026-07-30T18:06:30.052+0000] {dag.py:3096} INFO - Sync 1 DAGs
[2026-07-30T18:05:30.243+0000] {logging_mixin.py:188} INFO - [2026-07-30T18:05:30.242+0000] {dag.py:3954} INFO - Setting next_dagrun for ingest_bronze_layer to 2026-07-30 18:00:00+00:00, run_after=2026-07-30 19:00:00+00:00
[2026-07-30T18:05:30.927+0000] {processor.py:183} INFO - Processing /opt/airflow/dags/bronze_ingestion_dag.py took 1.986 seconds
[2026-07-30T18:06:48.540+0000] {processor.py:161} INFO - Started process (PID=4073) to work on /opt/airflow/dags/bronze_ingestion_dag.py
[2026-07-30T18:06:48.573+0000] {processor.py:830} INFO - Processing file /opt/airflow/dags/bronze_ingestion_dag.py for tasks to queue
[2026-07-30T18:06:48.605+0000] {logging_mixin.py:188} INFO - [2026-07-30T18:06:48.604+0000] {dagbag.py:545} INFO - Filling up the DagBag from /opt/airflow/dags/bronze_ingestion_dag.py
[2026-07-30T18:06:49.857+0000] {processor.py:840} INFO - DAG(s) 'ingest_bronze_layer' retrieved from /opt/airflow/dags/bronze_ingestion_dag.py
[2026-07-30T18:06:50.724+0000] {logging_mixin.py:188} INFO - [2026-07-30T18:06:50.721+0000] {dag.py:3096} INFO - Sync 1 DAGs
[2026-07-30T18:06:51.857+0000] {logging_mixin.py:188} INFO - [2026-07-30T18:06:51.857+0000] {dag.py:3954} INFO - Setting next_dagrun for ingest_bronze_layer to 2026-07-30 18:00:00+00:00, run_after=2026-07-30 19:00:00+00:00
[2026-07-30T18:06:53.229+0000] {processor.py:183} INFO - Processing /opt/airflow/dags/bronze_ingestion_dag.py took 5.003 seconds
[2026-07-30T18:07:27.460+0000] {processor.py:161} INFO - Started process (PID=4139) to work on /opt/airflow/dags/bronze_ingestion_dag.py
[2026-07-30T18:07:27.464+0000] {processor.py:830} INFO - Processing file /opt/airflow/dags/bronze_ingestion_dag.py for tasks to queue
[2026-07-30T18:07:27.533+0000] {logging_mixin.py:188} INFO - [2026-07-30T18:07:27.523+0000] {dagbag.py:545} INFO - Filling up the DagBag from /opt/airflow/dags/bronze_ingestion_dag.py
[2026-07-30T18:07:27.981+0000] {processor.py:840} INFO - DAG(s) 'ingest_bronze_layer' retrieved from /opt/airflow/dags/bronze_ingestion_dag.py
[2026-07-30T18:07:31.354+0000] {logging_mixin.py:188} INFO - [2026-07-30T18:07:31.353+0000] {dag.py:3096} INFO - Sync 1 DAGs
[2026-07-30T18:06:31.319+0000] {logging_mixin.py:188} INFO - [2026-07-30T18:06:31.319+0000] {dag.py:3954} INFO - Setting next_dagrun for ingest_bronze_layer to 2026-07-30 18:00:00+00:00, run_after=2026-07-30 19:00:00+00:00
[2026-07-30T18:06:31.968+0000] {processor.py:183} INFO - Processing /opt/airflow/dags/bronze_ingestion_dag.py took 5.612 seconds
[2026-07-30T18:07:49.413+0000] {processor.py:161} INFO - Started process (PID=4174) to work on /opt/airflow/dags/bronze_ingestion_dag.py
[2026-07-30T18:07:49.461+0000] {processor.py:830} INFO - Processing file /opt/airflow/dags/bronze_ingestion_dag.py for tasks to queue
[2026-07-30T18:07:49.467+0000] {logging_mixin.py:188} INFO - [2026-07-30T18:07:49.466+0000] {dagbag.py:545} INFO - Filling up the DagBag from /opt/airflow/dags/bronze_ingestion_dag.py
[2026-07-30T18:07:50.050+0000] {processor.py:840} INFO - DAG(s) 'ingest_bronze_layer' retrieved from /opt/airflow/dags/bronze_ingestion_dag.py
[2026-07-30T18:07:50.414+0000] {logging_mixin.py:188} INFO - [2026-07-30T18:07:50.412+0000] {dag.py:3096} INFO - Sync 1 DAGs
[2026-07-30T18:07:51.453+0000] {logging_mixin.py:188} INFO - [2026-07-30T18:07:51.452+0000] {dag.py:3954} INFO - Setting next_dagrun for ingest_bronze_layer to 2026-07-30 18:00:00+00:00, run_after=2026-07-30 19:00:00+00:00
[2026-07-30T18:07:51.961+0000] {processor.py:183} INFO - Processing /opt/airflow/dags/bronze_ingestion_dag.py took 2.868 seconds
[2026-07-30T18:08:25.700+0000] {processor.py:161} INFO - Started process (PID=4199) to work on /opt/airflow/dags/bronze_ingestion_dag.py
[2026-07-30T18:08:25.706+0000] {processor.py:830} INFO - Processing file /opt/airflow/dags/bronze_ingestion_dag.py for tasks to queue
[2026-07-30T18:08:25.826+0000] {logging_mixin.py:188} INFO - [2026-07-30T18:08:25.754+0000] {dagbag.py:545} INFO - Filling up the DagBag from /opt/airflow/dags/bronze_ingestion_dag.py
[2026-07-30T18:08:28.676+0000] {processor.py:840} INFO - DAG(s) 'ingest_bronze_layer' retrieved from /opt/airflow/dags/bronze_ingestion_dag.py
[2026-07-30T18:08:30.410+0000] {logging_mixin.py:188} INFO - [2026-07-30T18:08:30.392+0000] {dag.py:3096} INFO - Sync 1 DAGs
[2026-07-30T18:08:32.251+0000] {logging_mixin.py:188} INFO - [2026-07-30T18:08:32.251+0000] {dag.py:3954} INFO - Setting next_dagrun for ingest_bronze_layer to 2026-07-30 18:00:00+00:00, run_after=2026-07-30 19:00:00+00:00
[2026-07-30T18:08:32.454+0000] {processor.py:183} INFO - Processing /opt/airflow/dags/bronze_ingestion_dag.py took 7.648 seconds
[2026-07-30T18:09:36.844+0000] {processor.py:161} INFO - Started process (PID=4351) to work on /opt/airflow/dags/bronze_ingestion_dag.py
[2026-07-30T18:09:36.894+0000] {processor.py:830} INFO - Processing file /opt/airflow/dags/bronze_ingestion_dag.py for tasks to queue
[2026-07-30T18:09:36.923+0000] {logging_mixin.py:188} INFO - [2026-07-30T18:09:36.914+0000] {dagbag.py:545} INFO - Filling up the DagBag from /opt/airflow/dags/bronze_ingestion_dag.py
[2026-07-30T18:09:37.995+0000] {processor.py:840} INFO - DAG(s) 'ingest_bronze_layer' retrieved from /opt/airflow/dags/bronze_ingestion_dag.py
[2026-07-30T18:09:38.282+0000] {logging_mixin.py:188} INFO - [2026-07-30T18:09:38.282+0000] {dag.py:3096} INFO - Sync 1 DAGs
[2026-07-30T18:09:38.625+0000] {logging_mixin.py:188} INFO - [2026-07-30T18:09:38.624+0000] {dag.py:3954} INFO - Setting next_dagrun for ingest_bronze_layer to 2026-07-30 18:00:00+00:00, run_after=2026-07-30 19:00:00+00:00
[2026-07-30T18:09:38.946+0000] {processor.py:183} INFO - Processing /opt/airflow/dags/bronze_ingestion_dag.py took 2.416 seconds
[2026-07-30T18:10:12.150+0000] {processor.py:161} INFO - Started process (PID=4388) to work on /opt/airflow/dags/bronze_ingestion_dag.py
[2026-07-30T18:10:12.170+0000] {processor.py:830} INFO - Processing file /opt/airflow/dags/bronze_ingestion_dag.py for tasks to queue
[2026-07-30T18:10:12.180+0000] {logging_mixin.py:188} INFO - [2026-07-30T18:10:12.177+0000] {dagbag.py:545} INFO - Filling up the DagBag from /opt/airflow/dags/bronze_ingestion_dag.py
[2026-07-30T18:10:12.423+0000] {processor.py:840} INFO - DAG(s) 'ingest_bronze_layer' retrieved from /opt/airflow/dags/bronze_ingestion_dag.py
[2026-07-30T18:10:12.547+0000] {logging_mixin.py:188} INFO - [2026-07-30T18:10:12.547+0000] {dag.py:3096} INFO - Sync 1 DAGs
[2026-07-30T18:10:12.718+0000] {logging_mixin.py:188} INFO - [2026-07-30T18:10:12.717+0000] {dag.py:3954} INFO - Setting next_dagrun for ingest_bronze_layer to 2026-07-30 18:00:00+00:00, run_after=2026-07-30 19:00:00+00:00
[2026-07-30T18:10:12.878+0000] {processor.py:183} INFO - Processing /opt/airflow/dags/bronze_ingestion_dag.py took 0.811 seconds
[2026-07-30T18:10:55.844+0000] {processor.py:161} INFO - Started process (PID=4451) to work on /opt/airflow/dags/bronze_ingestion_dag.py
[2026-07-30T18:10:55.857+0000] {processor.py:830} INFO - Processing file /opt/airflow/dags/bronze_ingestion_dag.py for tasks to queue
[2026-07-30T18:10:55.876+0000] {logging_mixin.py:188} INFO - [2026-07-30T18:10:55.873+0000] {dagbag.py:545} INFO - Filling up the DagBag from /opt/airflow/dags/bronze_ingestion_dag.py
[2026-07-30T18:10:56.726+0000] {processor.py:840} INFO - DAG(s) 'ingest_bronze_layer' retrieved from /opt/airflow/dags/bronze_ingestion_dag.py
[2026-07-30T18:10:57.211+0000] {logging_mixin.py:188} INFO - [2026-07-30T18:10:57.205+0000] {dag.py:3096} INFO - Sync 1 DAGs
[2026-07-30T18:10:57.733+0000] {logging_mixin.py:188} INFO - [2026-07-30T18:10:57.730+0000] {dag.py:3954} INFO - Setting next_dagrun for ingest_bronze_layer to 2026-07-30 18:00:00+00:00, run_after=2026-07-30 19:00:00+00:00
[2026-07-30T18:10:57.858+0000] {processor.py:183} INFO - Processing /opt/airflow/dags/bronze_ingestion_dag.py took 2.527 seconds
[2026-07-30T18:11:31.783+0000] {processor.py:161} INFO - Started process (PID=4507) to work on /opt/airflow/dags/bronze_ingestion_dag.py
[2026-07-30T18:11:31.806+0000] {processor.py:830} INFO - Processing file /opt/airflow/dags/bronze_ingestion_dag.py for tasks to queue
[2026-07-30T18:11:31.963+0000] {logging_mixin.py:188} INFO - [2026-07-30T18:11:31.957+0000] {dagbag.py:545} INFO - Filling up the DagBag from /opt/airflow/dags/bronze_ingestion_dag.py
[2026-07-30T18:11:33.466+0000] {processor.py:840} INFO - DAG(s) 'ingest_bronze_layer' retrieved from /opt/airflow/dags/bronze_ingestion_dag.py
[2026-07-30T18:11:35.543+0000] {logging_mixin.py:188} INFO - [2026-07-30T18:11:35.536+0000] {dag.py:3096} INFO - Sync 1 DAGs
[2026-07-30T18:11:37.193+0000] {logging_mixin.py:188} INFO - [2026-07-30T18:11:37.192+0000] {dag.py:3954} INFO - Setting next_dagrun for ingest_bronze_layer to 2026-07-30 18:00:00+00:00, run_after=2026-07-30 19:00:00+00:00
[2026-07-30T18:11:37.831+0000] {processor.py:183} INFO - Processing /opt/airflow/dags/bronze_ingestion_dag.py took 6.388 seconds
[2026-07-30T18:11:12.532+0000] {processor.py:161} INFO - Started process (PID=4528) to work on /opt/airflow/dags/bronze_ingestion_dag.py
[2026-07-30T18:11:12.556+0000] {processor.py:830} INFO - Processing file /opt/airflow/dags/bronze_ingestion_dag.py for tasks to queue
[2026-07-30T18:11:12.621+0000] {logging_mixin.py:188} INFO - [2026-07-30T18:11:12.605+0000] {dagbag.py:545} INFO - Filling up the DagBag from /opt/airflow/dags/bronze_ingestion_dag.py
[2026-07-30T18:11:13.337+0000] {processor.py:840} INFO - DAG(s) 'ingest_bronze_layer' retrieved from /opt/airflow/dags/bronze_ingestion_dag.py
[2026-07-30T18:11:14.216+0000] {logging_mixin.py:188} INFO - [2026-07-30T18:11:14.216+0000] {dag.py:3096} INFO - Sync 1 DAGs
[2026-07-30T18:11:14.514+0000] {logging_mixin.py:188} INFO - [2026-07-30T18:11:14.514+0000] {dag.py:3954} INFO - Setting next_dagrun for ingest_bronze_layer to 2026-07-30 18:00:00+00:00, run_after=2026-07-30 19:00:00+00:00
[2026-07-30T18:11:15.134+0000] {processor.py:183} INFO - Processing /opt/airflow/dags/bronze_ingestion_dag.py took 3.194 seconds
[2026-07-30T18:12:28.135+0000] {processor.py:161} INFO - Started process (PID=4538) to work on /opt/airflow/dags/bronze_ingestion_dag.py
[2026-07-30T18:12:28.153+0000] {processor.py:830} INFO - Processing file /opt/airflow/dags/bronze_ingestion_dag.py for tasks to queue
[2026-07-30T18:12:28.178+0000] {logging_mixin.py:188} INFO - [2026-07-30T18:12:28.172+0000] {dagbag.py:545} INFO - Filling up the DagBag from /opt/airflow/dags/bronze_ingestion_dag.py
[2026-07-30T18:12:28.726+0000] {processor.py:840} INFO - DAG(s) 'ingest_bronze_layer' retrieved from /opt/airflow/dags/bronze_ingestion_dag.py
[2026-07-30T18:12:29.502+0000] {logging_mixin.py:188} INFO - [2026-07-30T18:12:29.501+0000] {dag.py:3096} INFO - Sync 1 DAGs
[2026-07-30T18:12:33.243+0000] {logging_mixin.py:188} INFO - [2026-07-30T18:12:33.242+0000] {dag.py:3954} INFO - Setting next_dagrun for ingest_bronze_layer to 2026-07-30 18:00:00+00:00, run_after=2026-07-30 19:00:00+00:00
[2026-07-30T18:12:34.333+0000] {processor.py:183} INFO - Processing /opt/airflow/dags/bronze_ingestion_dag.py took 6.308 seconds
[2026-07-30T18:12:13.997+0000] {processor.py:161} INFO - Started process (PID=4556) to work on /opt/airflow/dags/bronze_ingestion_dag.py
[2026-07-30T18:12:14.024+0000] {processor.py:830} INFO - Processing file /opt/airflow/dags/bronze_ingestion_dag.py for tasks to queue
[2026-07-30T18:12:14.102+0000] {logging_mixin.py:188} INFO - [2026-07-30T18:12:14.050+0000] {dagbag.py:545} INFO - Filling up the DagBag from /opt/airflow/dags/bronze_ingestion_dag.py
[2026-07-30T18:12:16.775+0000] {processor.py:840} INFO - DAG(s) 'ingest_bronze_layer' retrieved from /opt/airflow/dags/bronze_ingestion_dag.py
[2026-07-30T18:12:20.897+0000] {logging_mixin.py:188} INFO - [2026-07-30T18:12:20.859+0000] {dag.py:3096} INFO - Sync 1 DAGs
[2026-07-30T18:12:22.047+0000] {logging_mixin.py:188} INFO - [2026-07-30T18:12:22.046+0000] {dag.py:3954} INFO - Setting next_dagrun for ingest_bronze_layer to 2026-07-30 18:00:00+00:00, run_after=2026-07-30 19:00:00+00:00
[2026-07-30T18:12:22.394+0000] {processor.py:183} INFO - Processing /opt/airflow/dags/bronze_ingestion_dag.py took 10.588 seconds
[2026-07-30T18:13:31.614+0000] {processor.py:161} INFO - Started process (PID=4572) to work on /opt/airflow/dags/bronze_ingestion_dag.py
[2026-07-30T18:13:31.635+0000] {processor.py:830} INFO - Processing file /opt/airflow/dags/bronze_ingestion_dag.py for tasks to queue
[2026-07-30T18:13:31.677+0000] {logging_mixin.py:188} INFO - [2026-07-30T18:13:31.662+0000] {dagbag.py:545} INFO - Filling up the DagBag from /opt/airflow/dags/bronze_ingestion_dag.py
[2026-07-30T18:13:32.920+0000] {processor.py:840} INFO - DAG(s) 'ingest_bronze_layer' retrieved from /opt/airflow/dags/bronze_ingestion_dag.py
[2026-07-30T18:13:35.338+0000] {logging_mixin.py:188} INFO - [2026-07-30T18:13:35.329+0000] {dag.py:3096} INFO - Sync 1 DAGs
[2026-07-30T18:13:35.986+0000] {logging_mixin.py:188} INFO - [2026-07-30T18:13:35.986+0000] {dag.py:3954} INFO - Setting next_dagrun for ingest_bronze_layer to 2026-07-30 18:00:00+00:00, run_after=2026-07-30 19:00:00+00:00
[2026-07-30T18:13:36.446+0000] {processor.py:183} INFO - Processing /opt/airflow/dags/bronze_ingestion_dag.py took 5.225 seconds
[2026-07-30T18:14:08.093+0000] {processor.py:161} INFO - Started process (PID=4611) to work on /opt/airflow/dags/bronze_ingestion_dag.py
[2026-07-30T18:14:08.105+0000] {processor.py:830} INFO - Processing file /opt/airflow/dags/bronze_ingestion_dag.py for tasks to queue
[2026-07-30T18:14:08.142+0000] {logging_mixin.py:188} INFO - [2026-07-30T18:14:08.136+0000] {dagbag.py:545} INFO - Filling up the DagBag from /opt/airflow/dags/bronze_ingestion_dag.py
[2026-07-30T18:14:09.171+0000] {processor.py:840} INFO - DAG(s) 'ingest_bronze_layer' retrieved from /opt/airflow/dags/bronze_ingestion_dag.py
[2026-07-30T18:14:09.951+0000] {logging_mixin.py:188} INFO - [2026-07-30T18:14:09.950+0000] {dag.py:3096} INFO - Sync 1 DAGs
[2026-07-30T18:14:11.084+0000] {logging_mixin.py:188} INFO - [2026-07-30T18:14:11.084+0000] {dag.py:3954} INFO - Setting next_dagrun for ingest_bronze_layer to 2026-07-30 18:00:00+00:00, run_after=2026-07-30 19:00:00+00:00
[2026-07-30T18:14:11.466+0000] {processor.py:183} INFO - Processing /opt/airflow/dags/bronze_ingestion_dag.py took 3.590 seconds
[2026-07-30T18:14:42.433+0000] {processor.py:161} INFO - Started process (PID=4626) to work on /opt/airflow/dags/bronze_ingestion_dag.py
[2026-07-30T18:14:42.475+0000] {processor.py:830} INFO - Processing file /opt/airflow/dags/bronze_ingestion_dag.py for tasks to queue
[2026-07-30T18:14:42.511+0000] {logging_mixin.py:188} INFO - [2026-07-30T18:14:42.494+0000] {dagbag.py:545} INFO - Filling up the DagBag from /opt/airflow/dags/bronze_ingestion_dag.py
[2026-07-30T18:14:43.908+0000] {processor.py:840} INFO - DAG(s) 'ingest_bronze_layer' retrieved from /opt/airflow/dags/bronze_ingestion_dag.py
[2026-07-30T18:14:51.378+0000] {logging_mixin.py:188} INFO - [2026-07-30T18:14:51.351+0000] {dag.py:3096} INFO - Sync 1 DAGs
[2026-07-30T18:14:53.688+0000] {logging_mixin.py:188} INFO - [2026-07-30T18:14:53.687+0000] {dag.py:3954} INFO - Setting next_dagrun for ingest_bronze_layer to 2026-07-30 18:00:00+00:00, run_after=2026-07-30 19:00:00+00:00
[2026-07-30T18:14:54.075+0000] {processor.py:183} INFO - Processing /opt/airflow/dags/bronze_ingestion_dag.py took 11.733 seconds
[2026-07-30T18:15:25.465+0000] {processor.py:161} INFO - Started process (PID=4644) to work on /opt/airflow/dags/bronze_ingestion_dag.py
[2026-07-30T18:15:25.468+0000] {processor.py:830} INFO - Processing file /opt/airflow/dags/bronze_ingestion_dag.py for tasks to queue
[2026-07-30T18:15:25.472+0000] {logging_mixin.py:188} INFO - [2026-07-30T18:15:25.471+0000] {dagbag.py:545} INFO - Filling up the DagBag from /opt/airflow/dags/bronze_ingestion_dag.py
[2026-07-30T18:15:25.666+0000] {processor.py:840} INFO - DAG(s) 'ingest_bronze_layer' retrieved from /opt/airflow/dags/bronze_ingestion_dag.py
[2026-07-30T18:15:26.585+0000] {logging_mixin.py:188} INFO - [2026-07-30T18:15:26.585+0000] {dag.py:3096} INFO - Sync 1 DAGs
[2026-07-30T18:15:28.530+0000] {logging_mixin.py:188} INFO - [2026-07-30T18:15:28.529+0000] {dag.py:3954} INFO - Setting next_dagrun for ingest_bronze_layer to 2026-07-30 18:00:00+00:00, run_after=2026-07-30 19:00:00+00:00
[2026-07-30T18:15:28.968+0000] {processor.py:183} INFO - Processing /opt/airflow/dags/bronze_ingestion_dag.py took 3.551 seconds
[2026-07-30T18:15:59.310+0000] {processor.py:161} INFO - Started process (PID=4661) to work on /opt/airflow/dags/bronze_ingestion_dag.py
[2026-07-30T18:15:59.313+0000] {processor.py:830} INFO - Processing file /opt/airflow/dags/bronze_ingestion_dag.py for tasks to queue
[2026-07-30T18:15:59.319+0000] {logging_mixin.py:188} INFO - [2026-07-30T18:15:59.317+0000] {dagbag.py:545} INFO - Filling up the DagBag from /opt/airflow/dags/bronze_ingestion_dag.py
[2026-07-30T18:15:59.386+0000] {processor.py:840} INFO - DAG(s) 'ingest_bronze_layer' retrieved from /opt/airflow/dags/bronze_ingestion_dag.py
[2026-07-30T18:15:59.447+0000] {logging_mixin.py:188} INFO - [2026-07-30T18:15:59.446+0000] {dag.py:3096} INFO - Sync 1 DAGs
[2026-07-30T18:15:59.510+0000] {logging_mixin.py:188} INFO - [2026-07-30T18:15:59.510+0000] {dag.py:3954} INFO - Setting next_dagrun for ingest_bronze_layer to 2026-07-30 18:00:00+00:00, run_after=2026-07-30 19:00:00+00:00
[2026-07-30T18:15:59.630+0000] {processor.py:183} INFO - Processing /opt/airflow/dags/bronze_ingestion_dag.py took 0.344 seconds
[2026-07-30T18:16:30.006+0000] {processor.py:161} INFO - Started process (PID=4676) to work on /opt/airflow/dags/bronze_ingestion_dag.py
[2026-07-30T18:16:30.009+0000] {processor.py:830} INFO - Processing file /opt/airflow/dags/bronze_ingestion_dag.py for tasks to queue
[2026-07-30T18:16:30.014+0000] {logging_mixin.py:188} INFO - [2026-07-30T18:16:30.013+0000] {dagbag.py:545} INFO - Filling up the DagBag from /opt/airflow/dags/bronze_ingestion_dag.py
[2026-07-30T18:16:30.158+0000] {processor.py:840} INFO - DAG(s) 'ingest_bronze_layer' retrieved from /opt/airflow/dags/bronze_ingestion_dag.py
[2026-07-30T18:16:30.356+0000] {logging_mixin.py:188} INFO - [2026-07-30T18:16:30.345+0000] {dag.py:3096} INFO - Sync 1 DAGs
[2026-07-30T18:16:30.589+0000] {logging_mixin.py:188} INFO - [2026-07-30T18:16:30.587+0000] {dag.py:3954} INFO - Setting next_dagrun for ingest_bronze_layer to 2026-07-30 18:00:00+00:00, run_after=2026-07-30 19:00:00+00:00
[2026-07-30T18:16:30.771+0000] {processor.py:183} INFO - Processing /opt/airflow/dags/bronze_ingestion_dag.py took 0.804 seconds
[2026-07-30T18:17:01.075+0000] {processor.py:161} INFO - Started process (PID=4691) to work on /opt/airflow/dags/bronze_ingestion_dag.py
[2026-07-30T18:17:01.092+0000] {processor.py:830} INFO - Processing file /opt/airflow/dags/bronze_ingestion_dag.py for tasks to queue
[2026-07-30T18:17:01.101+0000] {logging_mixin.py:188} INFO - [2026-07-30T18:17:01.098+0000] {dagbag.py:545} INFO - Filling up the DagBag from /opt/airflow/dags/bronze_ingestion_dag.py
[2026-07-30T18:17:01.268+0000] {processor.py:840} INFO - DAG(s) 'ingest_bronze_layer' retrieved from /opt/airflow/dags/bronze_ingestion_dag.py
[2026-07-30T18:17:01.421+0000] {logging_mixin.py:188} INFO - [2026-07-30T18:17:01.420+0000] {dag.py:3096} INFO - Sync 1 DAGs
[2026-07-30T18:17:01.608+0000] {logging_mixin.py:188} INFO - [2026-07-30T18:17:01.607+0000] {dag.py:3954} INFO - Setting next_dagrun for ingest_bronze_layer to 2026-07-30 18:00:00+00:00, run_after=2026-07-30 19:00:00+00:00
[2026-07-30T18:17:01.715+0000] {processor.py:183} INFO - Processing /opt/airflow/dags/bronze_ingestion_dag.py took 0.682 seconds
[2026-07-30T18:17:32.355+0000] {processor.py:161} INFO - Started process (PID=4707) to work on /opt/airflow/dags/bronze_ingestion_dag.py
[2026-07-30T18:17:32.363+0000] {processor.py:830} INFO - Processing file /opt/airflow/dags/bronze_ingestion_dag.py for tasks to queue
[2026-07-30T18:17:32.371+0000] {logging_mixin.py:188} INFO - [2026-07-30T18:17:32.370+0000] {dagbag.py:545} INFO - Filling up the DagBag from /opt/airflow/dags/bronze_ingestion_dag.py
[2026-07-30T18:17:32.616+0000] {processor.py:840} INFO - DAG(s) 'ingest_bronze_layer' retrieved from /opt/airflow/dags/bronze_ingestion_dag.py
[2026-07-30T18:17:32.861+0000] {logging_mixin.py:188} INFO - [2026-07-30T18:17:32.860+0000] {dag.py:3096} INFO - Sync 1 DAGs
[2026-07-30T18:17:33.169+0000] {logging_mixin.py:188} INFO - [2026-07-30T18:17:33.168+0000] {dag.py:3954} INFO - Setting next_dagrun for ingest_bronze_layer to 2026-07-30 18:00:00+00:00, run_after=2026-07-30 19:00:00+00:00
[2026-07-30T18:17:33.846+0000] {processor.py:183} INFO - Processing /opt/airflow/dags/bronze_ingestion_dag.py took 1.526 seconds
[2026-07-30T18:19:06.605+0000] {processor.py:161} INFO - Started process (PID=4886) to work on /opt/airflow/dags/bronze_ingestion_dag.py
[2026-07-30T18:19:06.649+0000] {processor.py:830} INFO - Processing file /opt/airflow/dags/bronze_ingestion_dag.py for tasks to queue
[2026-07-30T18:19:06.679+0000] {logging_mixin.py:188} INFO - [2026-07-30T18:19:06.666+0000] {dagbag.py:545} INFO - Filling up the DagBag from /opt/airflow/dags/bronze_ingestion_dag.py
[2026-07-30T18:19:07.402+0000] {processor.py:840} INFO - DAG(s) 'ingest_bronze_layer' retrieved from /opt/airflow/dags/bronze_ingestion_dag.py
[2026-07-30T18:19:08.767+0000] {logging_mixin.py:188} INFO - [2026-07-30T18:19:08.766+0000] {dag.py:3096} INFO - Sync 1 DAGs
[2026-07-30T18:19:09.179+0000] {logging_mixin.py:188} INFO - [2026-07-30T18:19:09.177+0000] {dag.py:3954} INFO - Setting next_dagrun for ingest_bronze_layer to 2026-07-30 18:00:00+00:00, run_after=2026-07-30 19:00:00+00:00
[2026-07-30T18:19:09.314+0000] {processor.py:183} INFO - Processing /opt/airflow/dags/bronze_ingestion_dag.py took 3.659 seconds
[2026-07-30T18:19:42.840+0000] {processor.py:161} INFO - Started process (PID=4928) to work on /opt/airflow/dags/bronze_ingestion_dag.py
[2026-07-30T18:19:42.888+0000] {processor.py:830} INFO - Processing file /opt/airflow/dags/bronze_ingestion_dag.py for tasks to queue
[2026-07-30T18:19:43.061+0000] {logging_mixin.py:188} INFO - [2026-07-30T18:19:43.021+0000] {dagbag.py:545} INFO - Filling up the DagBag from /opt/airflow/dags/bronze_ingestion_dag.py
[2026-07-30T18:19:44.062+0000] {processor.py:840} INFO - DAG(s) 'ingest_bronze_layer' retrieved from /opt/airflow/dags/bronze_ingestion_dag.py
[2026-07-30T18:19:45.854+0000] {logging_mixin.py:188} INFO - [2026-07-30T18:19:45.853+0000] {dag.py:3096} INFO - Sync 1 DAGs
[2026-07-30T18:19:47.208+0000] {logging_mixin.py:188} INFO - [2026-07-30T18:19:47.207+0000] {dag.py:3954} INFO - Setting next_dagrun for ingest_bronze_layer to 2026-07-30 18:00:00+00:00, run_after=2026-07-30 19:00:00+00:00
[2026-07-30T18:19:48.324+0000] {processor.py:183} INFO - Processing /opt/airflow/dags/bronze_ingestion_dag.py took 5.736 seconds
[2026-07-30T18:29:03.306+0000] {processor.py:161} INFO - Started process (PID=161) to work on /opt/airflow/dags/bronze_ingestion_dag.py
[2026-07-30T18:29:03.331+0000] {processor.py:830} INFO - Processing file /opt/airflow/dags/bronze_ingestion_dag.py for tasks to queue
[2026-07-30T18:29:03.387+0000] {logging_mixin.py:188} INFO - [2026-07-30T18:29:03.379+0000] {dagbag.py:545} INFO - Filling up the DagBag from /opt/airflow/dags/bronze_ingestion_dag.py
[2026-07-30T18:29:03.675+0000] {processor.py:840} INFO - DAG(s) 'ingest_bronze_layer' retrieved from /opt/airflow/dags/bronze_ingestion_dag.py
[2026-07-30T18:29:03.941+0000] {logging_mixin.py:188} INFO - [2026-07-30T18:29:03.905+0000] {dag.py:3096} INFO - Sync 1 DAGs
[2026-07-30T18:29:04.126+0000] {logging_mixin.py:188} INFO - [2026-07-30T18:29:04.125+0000] {dag.py:3954} INFO - Setting next_dagrun for ingest_bronze_layer to 2026-07-30 18:00:00+00:00, run_after=2026-07-30 19:00:00+00:00
[2026-07-30T18:29:04.366+0000] {processor.py:183} INFO - Processing /opt/airflow/dags/bronze_ingestion_dag.py took 1.160 seconds
[2026-07-30T18:29:34.893+0000] {processor.py:161} INFO - Started process (PID=230) to work on /opt/airflow/dags/bronze_ingestion_dag.py
[2026-07-30T18:29:34.901+0000] {processor.py:830} INFO - Processing file /opt/airflow/dags/bronze_ingestion_dag.py for tasks to queue
[2026-07-30T18:29:34.920+0000] {logging_mixin.py:188} INFO - [2026-07-30T18:29:34.915+0000] {dagbag.py:545} INFO - Filling up the DagBag from /opt/airflow/dags/bronze_ingestion_dag.py
[2026-07-30T18:29:35.071+0000] {processor.py:840} INFO - DAG(s) 'ingest_bronze_layer' retrieved from /opt/airflow/dags/bronze_ingestion_dag.py
[2026-07-30T18:29:40.560+0000] {logging_mixin.py:188} INFO - [2026-07-30T18:29:40.559+0000] {dag.py:3096} INFO - Sync 1 DAGs
[2026-07-30T18:29:40.805+0000] {logging_mixin.py:188} INFO - [2026-07-30T18:29:40.804+0000] {dag.py:3954} INFO - Setting next_dagrun for ingest_bronze_layer to 2026-07-30 18:00:00+00:00, run_after=2026-07-30 19:00:00+00:00
[2026-07-30T18:29:41.052+0000] {processor.py:183} INFO - Processing /opt/airflow/dags/bronze_ingestion_dag.py took 6.199 seconds
[2026-07-30T18:30:11.360+0000] {processor.py:161} INFO - Started process (PID=327) to work on /opt/airflow/dags/bronze_ingestion_dag.py
[2026-07-30T18:30:11.368+0000] {processor.py:830} INFO - Processing file /opt/airflow/dags/bronze_ingestion_dag.py for tasks to queue
[2026-07-30T18:30:11.400+0000] {logging_mixin.py:188} INFO - [2026-07-30T18:30:11.399+0000] {dagbag.py:545} INFO - Filling up the DagBag from /opt/airflow/dags/bronze_ingestion_dag.py
[2026-07-30T18:30:11.534+0000] {processor.py:840} INFO - DAG(s) 'ingest_bronze_layer' retrieved from /opt/airflow/dags/bronze_ingestion_dag.py
[2026-07-30T18:30:11.732+0000] {logging_mixin.py:188} INFO - [2026-07-30T18:30:11.731+0000] {dag.py:3096} INFO - Sync 1 DAGs
[2026-07-30T18:30:11.838+0000] {logging_mixin.py:188} INFO - [2026-07-30T18:30:11.838+0000] {dag.py:3954} INFO - Setting next_dagrun for ingest_bronze_layer to 2026-07-30 18:00:00+00:00, run_after=2026-07-30 19:00:00+00:00
[2026-07-30T18:30:12.107+0000] {processor.py:183} INFO - Processing /opt/airflow/dags/bronze_ingestion_dag.py took 0.798 seconds
[2026-07-30T18:30:43.494+0000] {processor.py:161} INFO - Started process (PID=398) to work on /opt/airflow/dags/bronze_ingestion_dag.py
[2026-07-30T18:30:43.527+0000] {processor.py:830} INFO - Processing file /opt/airflow/dags/bronze_ingestion_dag.py for tasks to queue
[2026-07-30T18:30:43.570+0000] {logging_mixin.py:188} INFO - [2026-07-30T18:30:43.563+0000] {dagbag.py:545} INFO - Filling up the DagBag from /opt/airflow/dags/bronze_ingestion_dag.py
[2026-07-30T18:30:43.765+0000] {processor.py:840} INFO - DAG(s) 'ingest_bronze_layer' retrieved from /opt/airflow/dags/bronze_ingestion_dag.py
[2026-07-30T18:30:44.010+0000] {logging_mixin.py:188} INFO - [2026-07-30T18:30:44.008+0000] {dag.py:3096} INFO - Sync 1 DAGs
[2026-07-30T18:30:44.140+0000] {logging_mixin.py:188} INFO - [2026-07-30T18:30:44.140+0000] {dag.py:3954} INFO - Setting next_dagrun for ingest_bronze_layer to 2026-07-30 18:00:00+00:00, run_after=2026-07-30 19:00:00+00:00
[2026-07-30T18:30:44.235+0000] {processor.py:183} INFO - Processing /opt/airflow/dags/bronze_ingestion_dag.py took 0.901 seconds
[2026-07-30T18:31:14.867+0000] {processor.py:161} INFO - Started process (PID=416) to work on /opt/airflow/dags/bronze_ingestion_dag.py
[2026-07-30T18:31:14.879+0000] {processor.py:830} INFO - Processing file /opt/airflow/dags/bronze_ingestion_dag.py for tasks to queue
[2026-07-30T18:31:14.924+0000] {logging_mixin.py:188} INFO - [2026-07-30T18:31:14.920+0000] {dagbag.py:545} INFO - Filling up the DagBag from /opt/airflow/dags/bronze_ingestion_dag.py
[2026-07-30T18:31:15.117+0000] {processor.py:840} INFO - DAG(s) 'ingest_bronze_layer' retrieved from /opt/airflow/dags/bronze_ingestion_dag.py
[2026-07-30T18:31:15.700+0000] {logging_mixin.py:188} INFO - [2026-07-30T18:31:15.697+0000] {dag.py:3096} INFO - Sync 1 DAGs
[2026-07-30T18:31:23.124+0000] {logging_mixin.py:188} INFO - [2026-07-30T18:31:23.123+0000] {dag.py:3954} INFO - Setting next_dagrun for ingest_bronze_layer to 2026-07-30 18:00:00+00:00, run_after=2026-07-30 19:00:00+00:00
[2026-07-30T18:31:25.191+0000] {processor.py:183} INFO - Processing /opt/airflow/dags/bronze_ingestion_dag.py took 10.389 seconds
[2026-07-30T18:31:56.173+0000] {processor.py:161} INFO - Started process (PID=435) to work on /opt/airflow/dags/bronze_ingestion_dag.py
[2026-07-30T18:31:56.176+0000] {processor.py:830} INFO - Processing file /opt/airflow/dags/bronze_ingestion_dag.py for tasks to queue
[2026-07-30T18:31:56.184+0000] {logging_mixin.py:188} INFO - [2026-07-30T18:31:56.183+0000] {dagbag.py:545} INFO - Filling up the DagBag from /opt/airflow/dags/bronze_ingestion_dag.py
[2026-07-30T18:31:56.238+0000] {processor.py:840} INFO - DAG(s) 'ingest_bronze_layer' retrieved from /opt/airflow/dags/bronze_ingestion_dag.py
[2026-07-30T18:31:56.892+0000] {logging_mixin.py:188} INFO - [2026-07-30T18:31:56.891+0000] {dag.py:3096} INFO - Sync 1 DAGs
[2026-07-30T18:31:56.960+0000] {logging_mixin.py:188} INFO - [2026-07-30T18:31:56.959+0000] {dag.py:3954} INFO - Setting next_dagrun for ingest_bronze_layer to 2026-07-30 18:00:00+00:00, run_after=2026-07-30 19:00:00+00:00
[2026-07-30T18:31:57.735+0000] {processor.py:183} INFO - Processing /opt/airflow/dags/bronze_ingestion_dag.py took 1.580 seconds
[2026-07-30T18:32:28.203+0000] {processor.py:161} INFO - Started process (PID=456) to work on /opt/airflow/dags/bronze_ingestion_dag.py
[2026-07-30T18:32:28.206+0000] {processor.py:830} INFO - Processing file /opt/airflow/dags/bronze_ingestion_dag.py for tasks to queue
[2026-07-30T18:32:28.214+0000] {logging_mixin.py:188} INFO - [2026-07-30T18:32:28.214+0000] {dagbag.py:545} INFO - Filling up the DagBag from /opt/airflow/dags/bronze_ingestion_dag.py
[2026-07-30T18:32:28.807+0000] {processor.py:840} INFO - DAG(s) 'ingest_bronze_layer' retrieved from /opt/airflow/dags/bronze_ingestion_dag.py
[2026-07-30T18:32:28.884+0000] {logging_mixin.py:188} INFO - [2026-07-30T18:32:28.882+0000] {dag.py:3096} INFO - Sync 1 DAGs
[2026-07-30T18:32:28.946+0000] {logging_mixin.py:188} INFO - [2026-07-30T18:32:28.946+0000] {dag.py:3954} INFO - Setting next_dagrun for ingest_bronze_layer to 2026-07-30 18:00:00+00:00, run_after=2026-07-30 19:00:00+00:00
[2026-07-30T18:32:29.024+0000] {processor.py:183} INFO - Processing /opt/airflow/dags/bronze_ingestion_dag.py took 0.844 seconds
[2026-07-30T18:33:00.008+0000] {processor.py:161} INFO - Started process (PID=475) to work on /opt/airflow/dags/bronze_ingestion_dag.py
[2026-07-30T18:33:00.022+0000] {processor.py:830} INFO - Processing file /opt/airflow/dags/bronze_ingestion_dag.py for tasks to queue
[2026-07-30T18:33:00.049+0000] {logging_mixin.py:188} INFO - [2026-07-30T18:33:00.047+0000] {dagbag.py:545} INFO - Filling up the DagBag from /opt/airflow/dags/bronze_ingestion_dag.py
[2026-07-30T18:33:00.270+0000] {processor.py:840} INFO - DAG(s) 'ingest_bronze_layer' retrieved from /opt/airflow/dags/bronze_ingestion_dag.py
[2026-07-30T18:33:00.402+0000] {logging_mixin.py:188} INFO - [2026-07-30T18:33:00.401+0000] {dag.py:3096} INFO - Sync 1 DAGs
[2026-07-30T18:33:00.546+0000] {logging_mixin.py:188} INFO - [2026-07-30T18:33:00.545+0000] {dag.py:3954} INFO - Setting next_dagrun for ingest_bronze_layer to 2026-07-30 18:00:00+00:00, run_after=2026-07-30 19:00:00+00:00
[2026-07-30T18:33:00.652+0000] {processor.py:183} INFO - Processing /opt/airflow/dags/bronze_ingestion_dag.py took 0.696 seconds
[2026-07-30T18:33:31.908+0000] {processor.py:161} INFO - Started process (PID=488) to work on /opt/airflow/dags/bronze_ingestion_dag.py
[2026-07-30T18:33:31.918+0000] {processor.py:830} INFO - Processing file /opt/airflow/dags/bronze_ingestion_dag.py for tasks to queue
[2026-07-30T18:33:31.956+0000] {logging_mixin.py:188} INFO - [2026-07-30T18:33:31.954+0000] {dagbag.py:545} INFO - Filling up the DagBag from /opt/airflow/dags/bronze_ingestion_dag.py
[2026-07-30T18:33:32.321+0000] {processor.py:840} INFO - DAG(s) 'ingest_bronze_layer' retrieved from /opt/airflow/dags/bronze_ingestion_dag.py
[2026-07-30T18:33:32.539+0000] {logging_mixin.py:188} INFO - [2026-07-30T18:33:32.537+0000] {dag.py:3096} INFO - Sync 1 DAGs
[2026-07-30T18:33:32.936+0000] {logging_mixin.py:188} INFO - [2026-07-30T18:33:32.936+0000] {dag.py:3954} INFO - Setting next_dagrun for ingest_bronze_layer to 2026-07-30 18:00:00+00:00, run_after=2026-07-30 19:00:00+00:00
[2026-07-30T18:33:33.323+0000] {processor.py:183} INFO - Processing /opt/airflow/dags/bronze_ingestion_dag.py took 1.479 seconds
[2026-07-30T18:34:03.594+0000] {processor.py:161} INFO - Started process (PID=505) to work on /opt/airflow/dags/bronze_ingestion_dag.py
[2026-07-30T18:34:03.597+0000] {processor.py:830} INFO - Processing file /opt/airflow/dags/bronze_ingestion_dag.py for tasks to queue
[2026-07-30T18:34:03.611+0000] {logging_mixin.py:188} INFO - [2026-07-30T18:34:03.604+0000] {dagbag.py:545} INFO - Filling up the DagBag from /opt/airflow/dags/bronze_ingestion_dag.py
[2026-07-30T18:34:03.685+0000] {processor.py:840} INFO - DAG(s) 'ingest_bronze_layer' retrieved from /opt/airflow/dags/bronze_ingestion_dag.py
[2026-07-30T18:34:03.812+0000] {logging_mixin.py:188} INFO - [2026-07-30T18:34:03.807+0000] {dag.py:3096} INFO - Sync 1 DAGs
[2026-07-30T18:34:03.970+0000] {logging_mixin.py:188} INFO - [2026-07-30T18:34:03.970+0000] {dag.py:3954} INFO - Setting next_dagrun for ingest_bronze_layer to 2026-07-30 18:00:00+00:00, run_after=2026-07-30 19:00:00+00:00
[2026-07-30T18:34:04.048+0000] {processor.py:183} INFO - Processing /opt/airflow/dags/bronze_ingestion_dag.py took 0.482 seconds
[2026-07-30T18:34:34.834+0000] {processor.py:161} INFO - Started process (PID=521) to work on /opt/airflow/dags/bronze_ingestion_dag.py
[2026-07-30T18:34:34.837+0000] {processor.py:830} INFO - Processing file /opt/airflow/dags/bronze_ingestion_dag.py for tasks to queue
[2026-07-30T18:34:34.845+0000] {logging_mixin.py:188} INFO - [2026-07-30T18:34:34.844+0000] {dagbag.py:545} INFO - Filling up the DagBag from /opt/airflow/dags/bronze_ingestion_dag.py
[2026-07-30T18:34:34.922+0000] {processor.py:840} INFO - DAG(s) 'ingest_bronze_layer' retrieved from /opt/airflow/dags/bronze_ingestion_dag.py
[2026-07-30T18:34:35.283+0000] {logging_mixin.py:188} INFO - [2026-07-30T18:34:35.279+0000] {dag.py:3096} INFO - Sync 1 DAGs
[2026-07-30T18:34:35.683+0000] {logging_mixin.py:188} INFO - [2026-07-30T18:34:35.683+0000] {dag.py:3954} INFO - Setting next_dagrun for ingest_bronze_layer to 2026-07-30 18:00:00+00:00, run_after=2026-07-30 19:00:00+00:00
[2026-07-30T18:34:35.778+0000] {processor.py:183} INFO - Processing /opt/airflow/dags/bronze_ingestion_dag.py took 0.968 seconds
[2026-07-30T18:35:06.574+0000] {processor.py:161} INFO - Started process (PID=538) to work on /opt/airflow/dags/bronze_ingestion_dag.py
[2026-07-30T18:35:06.578+0000] {processor.py:830} INFO - Processing file /opt/airflow/dags/bronze_ingestion_dag.py for tasks to queue
[2026-07-30T18:35:06.592+0000] {logging_mixin.py:188} INFO - [2026-07-30T18:35:06.583+0000] {dagbag.py:545} INFO - Filling up the DagBag from /opt/airflow/dags/bronze_ingestion_dag.py
[2026-07-30T18:35:06.739+0000] {processor.py:840} INFO - DAG(s) 'ingest_bronze_layer' retrieved from /opt/airflow/dags/bronze_ingestion_dag.py
[2026-07-30T18:35:06.897+0000] {logging_mixin.py:188} INFO - [2026-07-30T18:35:06.896+0000] {dag.py:3096} INFO - Sync 1 DAGs
[2026-07-30T18:35:07.077+0000] {logging_mixin.py:188} INFO - [2026-07-30T18:35:07.076+0000] {dag.py:3954} INFO - Setting next_dagrun for ingest_bronze_layer to 2026-07-30 18:00:00+00:00, run_after=2026-07-30 19:00:00+00:00
[2026-07-30T18:35:07.199+0000] {processor.py:183} INFO - Processing /opt/airflow/dags/bronze_ingestion_dag.py took 0.666 seconds
[2026-07-30T18:35:38.182+0000] {processor.py:161} INFO - Started process (PID=555) to work on /opt/airflow/dags/bronze_ingestion_dag.py
[2026-07-30T18:35:38.196+0000] {processor.py:830} INFO - Processing file /opt/airflow/dags/bronze_ingestion_dag.py for tasks to queue
[2026-07-30T18:35:38.223+0000] {logging_mixin.py:188} INFO - [2026-07-30T18:35:38.222+0000] {dagbag.py:545} INFO - Filling up the DagBag from /opt/airflow/dags/bronze_ingestion_dag.py
[2026-07-30T18:35:38.429+0000] {processor.py:840} INFO - DAG(s) 'ingest_bronze_layer' retrieved from /opt/airflow/dags/bronze_ingestion_dag.py
[2026-07-30T18:35:38.631+0000] {logging_mixin.py:188} INFO - [2026-07-30T18:35:38.630+0000] {dag.py:3096} INFO - Sync 1 DAGs
[2026-07-30T18:35:38.810+0000] {logging_mixin.py:188} INFO - [2026-07-30T18:35:38.810+0000] {dag.py:3954} INFO - Setting next_dagrun for ingest_bronze_layer to 2026-07-30 18:00:00+00:00, run_after=2026-07-30 19:00:00+00:00
[2026-07-30T18:35:38.941+0000] {processor.py:183} INFO - Processing /opt/airflow/dags/bronze_ingestion_dag.py took 0.814 seconds
[2026-07-30T18:36:09.178+0000] {processor.py:161} INFO - Started process (PID=573) to work on /opt/airflow/dags/bronze_ingestion_dag.py
[2026-07-30T18:36:09.183+0000] {processor.py:830} INFO - Processing file /opt/airflow/dags/bronze_ingestion_dag.py for tasks to queue
[2026-07-30T18:36:09.199+0000] {logging_mixin.py:188} INFO - [2026-07-30T18:36:09.196+0000] {dagbag.py:545} INFO - Filling up the DagBag from /opt/airflow/dags/bronze_ingestion_dag.py
[2026-07-30T18:36:09.348+0000] {processor.py:840} INFO - DAG(s) 'ingest_bronze_layer' retrieved from /opt/airflow/dags/bronze_ingestion_dag.py
[2026-07-30T18:36:09.559+0000] {logging_mixin.py:188} INFO - [2026-07-30T18:36:09.557+0000] {dag.py:3096} INFO - Sync 1 DAGs
[2026-07-30T18:36:09.768+0000] {logging_mixin.py:188} INFO - [2026-07-30T18:36:09.767+0000] {dag.py:3954} INFO - Setting next_dagrun for ingest_bronze_layer to 2026-07-30 18:00:00+00:00, run_after=2026-07-30 19:00:00+00:00
[2026-07-30T18:36:10.129+0000] {processor.py:183} INFO - Processing /opt/airflow/dags/bronze_ingestion_dag.py took 0.995 seconds
[2026-07-30T18:36:41.480+0000] {processor.py:161} INFO - Started process (PID=592) to work on /opt/airflow/dags/bronze_ingestion_dag.py
[2026-07-30T18:36:41.549+0000] {processor.py:830} INFO - Processing file /opt/airflow/dags/bronze_ingestion_dag.py for tasks to queue
[2026-07-30T18:36:41.666+0000] {logging_mixin.py:188} INFO - [2026-07-30T18:36:41.665+0000] {dagbag.py:545} INFO - Filling up the DagBag from /opt/airflow/dags/bronze_ingestion_dag.py
[2026-07-30T18:36:42.044+0000] {processor.py:840} INFO - DAG(s) 'ingest_bronze_layer' retrieved from /opt/airflow/dags/bronze_ingestion_dag.py
[2026-07-30T18:36:42.118+0000] {logging_mixin.py:188} INFO - [2026-07-30T18:36:42.116+0000] {dag.py:3096} INFO - Sync 1 DAGs
[2026-07-30T18:36:42.314+0000] {logging_mixin.py:188} INFO - [2026-07-30T18:36:42.314+0000] {dag.py:3954} INFO - Setting next_dagrun for ingest_bronze_layer to 2026-07-30 18:00:00+00:00, run_after=2026-07-30 19:00:00+00:00
[2026-07-30T18:36:42.712+0000] {processor.py:183} INFO - Processing /opt/airflow/dags/bronze_ingestion_dag.py took 1.758 seconds
[2026-07-30T18:37:20.859+0000] {processor.py:161} INFO - Started process (PID=608) to work on /opt/airflow/dags/bronze_ingestion_dag.py
[2026-07-30T18:37:20.882+0000] {processor.py:830} INFO - Processing file /opt/airflow/dags/bronze_ingestion_dag.py for tasks to queue
[2026-07-30T18:37:20.893+0000] {logging_mixin.py:188} INFO - [2026-07-30T18:37:20.892+0000] {dagbag.py:545} INFO - Filling up the DagBag from /opt/airflow/dags/bronze_ingestion_dag.py
[2026-07-30T18:37:20.966+0000] {processor.py:840} INFO - DAG(s) 'ingest_bronze_layer' retrieved from /opt/airflow/dags/bronze_ingestion_dag.py
[2026-07-30T18:37:21.342+0000] {logging_mixin.py:188} INFO - [2026-07-30T18:37:21.338+0000] {dag.py:3096} INFO - Sync 1 DAGs
[2026-07-30T18:37:21.480+0000] {logging_mixin.py:188} INFO - [2026-07-30T18:37:21.480+0000] {dag.py:3954} INFO - Setting next_dagrun for ingest_bronze_layer to 2026-07-30 18:00:00+00:00, run_after=2026-07-30 19:00:00+00:00
[2026-07-30T18:37:21.787+0000] {processor.py:183} INFO - Processing /opt/airflow/dags/bronze_ingestion_dag.py took 0.962 seconds
[2026-07-30T18:38:06.254+0000] {processor.py:161} INFO - Started process (PID=626) to work on /opt/airflow/dags/bronze_ingestion_dag.py
[2026-07-30T18:38:06.297+0000] {processor.py:830} INFO - Processing file /opt/airflow/dags/bronze_ingestion_dag.py for tasks to queue
[2026-07-30T18:38:06.320+0000] {logging_mixin.py:188} INFO - [2026-07-30T18:38:06.318+0000] {dagbag.py:545} INFO - Filling up the DagBag from /opt/airflow/dags/bronze_ingestion_dag.py
[2026-07-30T18:38:06.597+0000] {processor.py:840} INFO - DAG(s) 'ingest_bronze_layer' retrieved from /opt/airflow/dags/bronze_ingestion_dag.py
[2026-07-30T18:38:06.849+0000] {logging_mixin.py:188} INFO - [2026-07-30T18:38:06.845+0000] {dag.py:3096} INFO - Sync 1 DAGs
[2026-07-30T18:38:07.386+0000] {logging_mixin.py:188} INFO - [2026-07-30T18:38:07.385+0000] {dag.py:3954} INFO - Setting next_dagrun for ingest_bronze_layer to 2026-07-30 18:00:00+00:00, run_after=2026-07-30 19:00:00+00:00
[2026-07-30T18:38:07.977+0000] {processor.py:183} INFO - Processing /opt/airflow/dags/bronze_ingestion_dag.py took 1.792 seconds
[2026-07-30T18:38:38.371+0000] {processor.py:161} INFO - Started process (PID=643) to work on /opt/airflow/dags/bronze_ingestion_dag.py
[2026-07-30T18:38:38.374+0000] {processor.py:830} INFO - Processing file /opt/airflow/dags/bronze_ingestion_dag.py for tasks to queue
[2026-07-30T18:38:38.379+0000] {logging_mixin.py:188} INFO - [2026-07-30T18:38:38.378+0000] {dagbag.py:545} INFO - Filling up the DagBag from /opt/airflow/dags/bronze_ingestion_dag.py
[2026-07-30T18:38:38.475+0000] {processor.py:840} INFO - DAG(s) 'ingest_bronze_layer' retrieved from /opt/airflow/dags/bronze_ingestion_dag.py
[2026-07-30T18:38:38.561+0000] {logging_mixin.py:188} INFO - [2026-07-30T18:38:38.560+0000] {dag.py:3096} INFO - Sync 1 DAGs
[2026-07-30T18:38:38.634+0000] {logging_mixin.py:188} INFO - [2026-07-30T18:38:38.633+0000] {dag.py:3954} INFO - Setting next_dagrun for ingest_bronze_layer to 2026-07-30 18:00:00+00:00, run_after=2026-07-30 19:00:00+00:00
[2026-07-30T18:38:39.700+0000] {processor.py:183} INFO - Processing /opt/airflow/dags/bronze_ingestion_dag.py took 1.486 seconds
[2026-07-30T18:39:10.063+0000] {processor.py:161} INFO - Started process (PID=662) to work on /opt/airflow/dags/bronze_ingestion_dag.py
[2026-07-30T18:39:10.067+0000] {processor.py:830} INFO - Processing file /opt/airflow/dags/bronze_ingestion_dag.py for tasks to queue
[2026-07-30T18:39:10.083+0000] {logging_mixin.py:188} INFO - [2026-07-30T18:39:10.081+0000] {dagbag.py:545} INFO - Filling up the DagBag from /opt/airflow/dags/bronze_ingestion_dag.py
[2026-07-30T18:39:10.191+0000] {processor.py:840} INFO - DAG(s) 'ingest_bronze_layer' retrieved from /opt/airflow/dags/bronze_ingestion_dag.py
[2026-07-30T18:39:10.312+0000] {logging_mixin.py:188} INFO - [2026-07-30T18:39:10.303+0000] {dag.py:3096} INFO - Sync 1 DAGs
[2026-07-30T18:39:10.409+0000] {logging_mixin.py:188} INFO - [2026-07-30T18:39:10.409+0000] {dag.py:3954} INFO - Setting next_dagrun for ingest_bronze_layer to 2026-07-30 18:00:00+00:00, run_after=2026-07-30 19:00:00+00:00
[2026-07-30T18:39:13.629+0000] {processor.py:183} INFO - Processing /opt/airflow/dags/bronze_ingestion_dag.py took 3.594 seconds
[2026-07-30T18:39:44.102+0000] {processor.py:161} INFO - Started process (PID=682) to work on /opt/airflow/dags/bronze_ingestion_dag.py
[2026-07-30T18:39:44.106+0000] {processor.py:830} INFO - Processing file /opt/airflow/dags/bronze_ingestion_dag.py for tasks to queue
[2026-07-30T18:39:44.118+0000] {logging_mixin.py:188} INFO - [2026-07-30T18:39:44.116+0000] {dagbag.py:545} INFO - Filling up the DagBag from /opt/airflow/dags/bronze_ingestion_dag.py
[2026-07-30T18:39:44.235+0000] {processor.py:840} INFO - DAG(s) 'ingest_bronze_layer' retrieved from /opt/airflow/dags/bronze_ingestion_dag.py
[2026-07-30T18:39:44.394+0000] {logging_mixin.py:188} INFO - [2026-07-30T18:39:44.393+0000] {dag.py:3096} INFO - Sync 1 DAGs
[2026-07-30T18:39:44.518+0000] {logging_mixin.py:188} INFO - [2026-07-30T18:39:44.518+0000] {dag.py:3954} INFO - Setting next_dagrun for ingest_bronze_layer to 2026-07-30 18:00:00+00:00, run_after=2026-07-30 19:00:00+00:00
[2026-07-30T18:39:44.612+0000] {processor.py:183} INFO - Processing /opt/airflow/dags/bronze_ingestion_dag.py took 0.534 seconds
[2026-07-30T18:40:14.832+0000] {processor.py:161} INFO - Started process (PID=701) to work on /opt/airflow/dags/bronze_ingestion_dag.py
[2026-07-30T18:40:14.835+0000] {processor.py:830} INFO - Processing file /opt/airflow/dags/bronze_ingestion_dag.py for tasks to queue
[2026-07-30T18:40:14.841+0000] {logging_mixin.py:188} INFO - [2026-07-30T18:40:14.840+0000] {dagbag.py:545} INFO - Filling up the DagBag from /opt/airflow/dags/bronze_ingestion_dag.py
[2026-07-30T18:40:14.917+0000] {processor.py:840} INFO - DAG(s) 'ingest_bronze_layer' retrieved from /opt/airflow/dags/bronze_ingestion_dag.py
[2026-07-30T18:40:14.967+0000] {logging_mixin.py:188} INFO - [2026-07-30T18:40:14.966+0000] {dag.py:3096} INFO - Sync 1 DAGs
[2026-07-30T18:40:15.049+0000] {logging_mixin.py:188} INFO - [2026-07-30T18:40:15.048+0000] {dag.py:3954} INFO - Setting next_dagrun for ingest_bronze_layer to 2026-07-30 18:00:00+00:00, run_after=2026-07-30 19:00:00+00:00
[2026-07-30T18:40:15.488+0000] {processor.py:183} INFO - Processing /opt/airflow/dags/bronze_ingestion_dag.py took 0.673 seconds
[2026-07-30T18:40:46.196+0000] {processor.py:161} INFO - Started process (PID=716) to work on /opt/airflow/dags/bronze_ingestion_dag.py
[2026-07-30T18:40:46.199+0000] {processor.py:830} INFO - Processing file /opt/airflow/dags/bronze_ingestion_dag.py for tasks to queue
[2026-07-30T18:40:46.207+0000] {logging_mixin.py:188} INFO - [2026-07-30T18:40:46.204+0000] {dagbag.py:545} INFO - Filling up the DagBag from /opt/airflow/dags/bronze_ingestion_dag.py
[2026-07-30T18:40:46.262+0000] {processor.py:840} INFO - DAG(s) 'ingest_bronze_layer' retrieved from /opt/airflow/dags/bronze_ingestion_dag.py
[2026-07-30T18:40:46.333+0000] {logging_mixin.py:188} INFO - [2026-07-30T18:40:46.332+0000] {dag.py:3096} INFO - Sync 1 DAGs
[2026-07-30T18:40:46.404+0000] {logging_mixin.py:188} INFO - [2026-07-30T18:40:46.404+0000] {dag.py:3954} INFO - Setting next_dagrun for ingest_bronze_layer to 2026-07-30 18:00:00+00:00, run_after=2026-07-30 19:00:00+00:00
[2026-07-30T18:40:46.457+0000] {processor.py:183} INFO - Processing /opt/airflow/dags/bronze_ingestion_dag.py took 0.275 seconds
[2026-07-30T18:41:16.737+0000] {processor.py:161} INFO - Started process (PID=731) to work on /opt/airflow/dags/bronze_ingestion_dag.py
[2026-07-30T18:41:16.741+0000] {processor.py:830} INFO - Processing file /opt/airflow/dags/bronze_ingestion_dag.py for tasks to queue
[2026-07-30T18:41:16.751+0000] {logging_mixin.py:188} INFO - [2026-07-30T18:41:16.750+0000] {dagbag.py:545} INFO - Filling up the DagBag from /opt/airflow/dags/bronze_ingestion_dag.py
[2026-07-30T18:41:16.849+0000] {processor.py:840} INFO - DAG(s) 'ingest_bronze_layer' retrieved from /opt/airflow/dags/bronze_ingestion_dag.py
[2026-07-30T18:41:17.018+0000] {logging_mixin.py:188} INFO - [2026-07-30T18:41:17.016+0000] {dag.py:3096} INFO - Sync 1 DAGs
[2026-07-30T18:41:17.243+0000] {logging_mixin.py:188} INFO - [2026-07-30T18:41:17.242+0000] {dag.py:3954} INFO - Setting next_dagrun for ingest_bronze_layer to 2026-07-30 18:00:00+00:00, run_after=2026-07-30 19:00:00+00:00
[2026-07-30T18:41:17.654+0000] {processor.py:183} INFO - Processing /opt/airflow/dags/bronze_ingestion_dag.py took 0.937 seconds
[2026-07-30T18:40:54.101+0000] {processor.py:161} INFO - Started process (PID=749) to work on /opt/airflow/dags/bronze_ingestion_dag.py
[2026-07-30T18:41:57.296+0000] {processor.py:830} INFO - Processing file /opt/airflow/dags/bronze_ingestion_dag.py for tasks to queue
[2026-07-30T18:41:57.370+0000] {logging_mixin.py:188} INFO - [2026-07-30T18:41:57.369+0000] {dagbag.py:545} INFO - Filling up the DagBag from /opt/airflow/dags/bronze_ingestion_dag.py
[2026-07-30T18:41:57.679+0000] {processor.py:840} INFO - DAG(s) 'ingest_bronze_layer' retrieved from /opt/airflow/dags/bronze_ingestion_dag.py
[2026-07-30T18:41:57.785+0000] {logging_mixin.py:188} INFO - [2026-07-30T18:41:57.783+0000] {dag.py:3096} INFO - Sync 1 DAGs
[2026-07-30T18:41:58.103+0000] {logging_mixin.py:188} INFO - [2026-07-30T18:41:58.103+0000] {dag.py:3954} INFO - Setting next_dagrun for ingest_bronze_layer to 2026-07-30 18:00:00+00:00, run_after=2026-07-30 19:00:00+00:00
[2026-07-30T18:41:58.411+0000] {processor.py:183} INFO - Processing /opt/airflow/dags/bronze_ingestion_dag.py took 5.174 seconds
[2026-07-30T18:42:28.944+0000] {processor.py:161} INFO - Started process (PID=766) to work on /opt/airflow/dags/bronze_ingestion_dag.py
[2026-07-30T18:42:28.952+0000] {processor.py:830} INFO - Processing file /opt/airflow/dags/bronze_ingestion_dag.py for tasks to queue
[2026-07-30T18:42:28.964+0000] {logging_mixin.py:188} INFO - [2026-07-30T18:42:28.963+0000] {dagbag.py:545} INFO - Filling up the DagBag from /opt/airflow/dags/bronze_ingestion_dag.py
[2026-07-30T18:42:29.064+0000] {processor.py:840} INFO - DAG(s) 'ingest_bronze_layer' retrieved from /opt/airflow/dags/bronze_ingestion_dag.py
[2026-07-30T18:42:29.183+0000] {logging_mixin.py:188} INFO - [2026-07-30T18:42:29.181+0000] {dag.py:3096} INFO - Sync 1 DAGs
[2026-07-30T18:42:29.359+0000] {logging_mixin.py:188} INFO - [2026-07-30T18:42:29.359+0000] {dag.py:3954} INFO - Setting next_dagrun for ingest_bronze_layer to 2026-07-30 18:00:00+00:00, run_after=2026-07-30 19:00:00+00:00
[2026-07-30T18:42:29.553+0000] {processor.py:183} INFO - Processing /opt/airflow/dags/bronze_ingestion_dag.py took 0.638 seconds
[2026-07-30T18:42:59.970+0000] {processor.py:161} INFO - Started process (PID=782) to work on /opt/airflow/dags/bronze_ingestion_dag.py
[2026-07-30T18:42:59.973+0000] {processor.py:830} INFO - Processing file /opt/airflow/dags/bronze_ingestion_dag.py for tasks to queue
[2026-07-30T18:43:00.178+0000] {logging_mixin.py:188} INFO - [2026-07-30T18:43:00.169+0000] {dagbag.py:545} INFO - Filling up the DagBag from /opt/airflow/dags/bronze_ingestion_dag.py
[2026-07-30T18:43:00.461+0000] {processor.py:840} INFO - DAG(s) 'ingest_bronze_layer' retrieved from /opt/airflow/dags/bronze_ingestion_dag.py
[2026-07-30T18:43:00.573+0000] {logging_mixin.py:188} INFO - [2026-07-30T18:43:00.572+0000] {dag.py:3096} INFO - Sync 1 DAGs
[2026-07-30T18:43:00.711+0000] {logging_mixin.py:188} INFO - [2026-07-30T18:43:00.710+0000] {dag.py:3954} INFO - Setting next_dagrun for ingest_bronze_layer to 2026-07-30 18:00:00+00:00, run_after=2026-07-30 19:00:00+00:00
[2026-07-30T18:43:00.779+0000] {processor.py:183} INFO - Processing /opt/airflow/dags/bronze_ingestion_dag.py took 0.829 seconds
[2026-07-30T18:43:32.264+0000] {processor.py:161} INFO - Started process (PID=795) to work on /opt/airflow/dags/bronze_ingestion_dag.py
[2026-07-30T18:43:32.277+0000] {processor.py:830} INFO - Processing file /opt/airflow/dags/bronze_ingestion_dag.py for tasks to queue
[2026-07-30T18:43:32.294+0000] {logging_mixin.py:188} INFO - [2026-07-30T18:43:32.292+0000] {dagbag.py:545} INFO - Filling up the DagBag from /opt/airflow/dags/bronze_ingestion_dag.py
[2026-07-30T18:43:32.424+0000] {processor.py:840} INFO - DAG(s) 'ingest_bronze_layer' retrieved from /opt/airflow/dags/bronze_ingestion_dag.py
[2026-07-30T18:43:32.684+0000] {logging_mixin.py:188} INFO - [2026-07-30T18:43:32.682+0000] {dag.py:3096} INFO - Sync 1 DAGs
[2026-07-30T18:43:33.047+0000] {logging_mixin.py:188} INFO - [2026-07-30T18:43:33.047+0000] {dag.py:3954} INFO - Setting next_dagrun for ingest_bronze_layer to 2026-07-30 18:00:00+00:00, run_after=2026-07-30 19:00:00+00:00
[2026-07-30T18:43:33.423+0000] {processor.py:183} INFO - Processing /opt/airflow/dags/bronze_ingestion_dag.py took 1.197 seconds
[2026-07-30T18:44:09.862+0000] {processor.py:161} INFO - Started process (PID=810) to work on /opt/airflow/dags/bronze_ingestion_dag.py
[2026-07-30T18:44:10.001+0000] {processor.py:830} INFO - Processing file /opt/airflow/dags/bronze_ingestion_dag.py for tasks to queue
[2026-07-30T18:44:10.189+0000] {logging_mixin.py:188} INFO - [2026-07-30T18:44:10.188+0000] {dagbag.py:545} INFO - Filling up the DagBag from /opt/airflow/dags/bronze_ingestion_dag.py
[2026-07-30T18:44:12.170+0000] {processor.py:840} INFO - DAG(s) 'ingest_bronze_layer' retrieved from /opt/airflow/dags/bronze_ingestion_dag.py
[2026-07-30T18:44:13.139+0000] {logging_mixin.py:188} INFO - [2026-07-30T18:44:13.119+0000] {dag.py:3096} INFO - Sync 1 DAGs
[2026-07-30T18:44:15.101+0000] {logging_mixin.py:188} INFO - [2026-07-30T18:44:15.100+0000] {dag.py:3954} INFO - Setting next_dagrun for ingest_bronze_layer to 2026-07-30 18:00:00+00:00, run_after=2026-07-30 19:00:00+00:00
[2026-07-30T18:44:18.135+0000] {processor.py:183} INFO - Processing /opt/airflow/dags/bronze_ingestion_dag.py took 8.663 seconds
[2026-07-30T18:44:52.000+0000] {processor.py:161} INFO - Started process (PID=825) to work on /opt/airflow/dags/bronze_ingestion_dag.py
[2026-07-30T18:44:52.016+0000] {processor.py:830} INFO - Processing file /opt/airflow/dags/bronze_ingestion_dag.py for tasks to queue
[2026-07-30T18:44:52.042+0000] {logging_mixin.py:188} INFO - [2026-07-30T18:44:52.041+0000] {dagbag.py:545} INFO - Filling up the DagBag from /opt/airflow/dags/bronze_ingestion_dag.py
[2026-07-30T18:44:52.214+0000] {processor.py:840} INFO - DAG(s) 'ingest_bronze_layer' retrieved from /opt/airflow/dags/bronze_ingestion_dag.py
[2026-07-30T18:44:52.403+0000] {logging_mixin.py:188} INFO - [2026-07-30T18:44:52.401+0000] {dag.py:3096} INFO - Sync 1 DAGs
[2026-07-30T18:44:52.550+0000] {logging_mixin.py:188} INFO - [2026-07-30T18:44:52.550+0000] {dag.py:3954} INFO - Setting next_dagrun for ingest_bronze_layer to 2026-07-30 18:00:00+00:00, run_after=2026-07-30 19:00:00+00:00
[2026-07-30T18:44:52.773+0000] {processor.py:183} INFO - Processing /opt/airflow/dags/bronze_ingestion_dag.py took 0.829 seconds
[2026-07-30T18:45:35.116+0000] {processor.py:161} INFO - Started process (PID=840) to work on /opt/airflow/dags/bronze_ingestion_dag.py
[2026-07-30T18:45:35.121+0000] {processor.py:830} INFO - Processing file /opt/airflow/dags/bronze_ingestion_dag.py for tasks to queue
[2026-07-30T18:45:35.132+0000] {logging_mixin.py:188} INFO - [2026-07-30T18:45:35.131+0000] {dagbag.py:545} INFO - Filling up the DagBag from /opt/airflow/dags/bronze_ingestion_dag.py
[2026-07-30T18:45:35.282+0000] {processor.py:840} INFO - DAG(s) 'ingest_bronze_layer' retrieved from /opt/airflow/dags/bronze_ingestion_dag.py
[2026-07-30T18:45:35.457+0000] {logging_mixin.py:188} INFO - [2026-07-30T18:45:35.456+0000] {dag.py:3096} INFO - Sync 1 DAGs
[2026-07-30T18:45:35.554+0000] {logging_mixin.py:188} INFO - [2026-07-30T18:45:35.553+0000] {dag.py:3954} INFO - Setting next_dagrun for ingest_bronze_layer to 2026-07-30 18:00:00+00:00, run_after=2026-07-30 19:00:00+00:00
[2026-07-30T18:45:36.021+0000] {processor.py:183} INFO - Processing /opt/airflow/dags/bronze_ingestion_dag.py took 0.942 seconds
[2026-07-30T18:46:06.299+0000] {processor.py:161} INFO - Started process (PID=855) to work on /opt/airflow/dags/bronze_ingestion_dag.py
[2026-07-30T18:46:06.318+0000] {processor.py:830} INFO - Processing file /opt/airflow/dags/bronze_ingestion_dag.py for tasks to queue
[2026-07-30T18:46:06.341+0000] {logging_mixin.py:188} INFO - [2026-07-30T18:46:06.340+0000] {dagbag.py:545} INFO - Filling up the DagBag from /opt/airflow/dags/bronze_ingestion_dag.py
[2026-07-30T18:46:06.526+0000] {processor.py:840} INFO - DAG(s) 'ingest_bronze_layer' retrieved from /opt/airflow/dags/bronze_ingestion_dag.py
[2026-07-30T18:46:06.692+0000] {logging_mixin.py:188} INFO - [2026-07-30T18:46:06.679+0000] {dag.py:3096} INFO - Sync 1 DAGs
[2026-07-30T18:46:06.969+0000] {logging_mixin.py:188} INFO - [2026-07-30T18:46:06.968+0000] {dag.py:3954} INFO - Setting next_dagrun for ingest_bronze_layer to 2026-07-30 18:00:00+00:00, run_after=2026-07-30 19:00:00+00:00
[2026-07-30T18:46:07.162+0000] {processor.py:183} INFO - Processing /opt/airflow/dags/bronze_ingestion_dag.py took 0.905 seconds
[2026-07-30T18:46:51.857+0000] {processor.py:161} INFO - Started process (PID=872) to work on /opt/airflow/dags/bronze_ingestion_dag.py
[2026-07-30T18:46:51.864+0000] {processor.py:830} INFO - Processing file /opt/airflow/dags/bronze_ingestion_dag.py for tasks to queue
[2026-07-30T18:46:51.888+0000] {logging_mixin.py:188} INFO - [2026-07-30T18:46:51.887+0000] {dagbag.py:545} INFO - Filling up the DagBag from /opt/airflow/dags/bronze_ingestion_dag.py
[2026-07-30T18:46:52.072+0000] {processor.py:840} INFO - DAG(s) 'ingest_bronze_layer' retrieved from /opt/airflow/dags/bronze_ingestion_dag.py
[2026-07-30T18:46:52.274+0000] {logging_mixin.py:188} INFO - [2026-07-30T18:46:52.272+0000] {dag.py:3096} INFO - Sync 1 DAGs
[2026-07-30T18:46:52.503+0000] {logging_mixin.py:188} INFO - [2026-07-30T18:46:52.503+0000] {dag.py:3954} INFO - Setting next_dagrun for ingest_bronze_layer to 2026-07-30 18:00:00+00:00, run_after=2026-07-30 19:00:00+00:00
[2026-07-30T18:46:52.674+0000] {processor.py:183} INFO - Processing /opt/airflow/dags/bronze_ingestion_dag.py took 0.851 seconds
[2026-07-30T18:47:23.164+0000] {processor.py:161} INFO - Started process (PID=891) to work on /opt/airflow/dags/bronze_ingestion_dag.py
[2026-07-30T18:47:23.178+0000] {processor.py:830} INFO - Processing file /opt/airflow/dags/bronze_ingestion_dag.py for tasks to queue
[2026-07-30T18:47:23.199+0000] {logging_mixin.py:188} INFO - [2026-07-30T18:47:23.198+0000] {dagbag.py:545} INFO - Filling up the DagBag from /opt/airflow/dags/bronze_ingestion_dag.py
[2026-07-30T18:47:23.334+0000] {processor.py:840} INFO - DAG(s) 'ingest_bronze_layer' retrieved from /opt/airflow/dags/bronze_ingestion_dag.py
[2026-07-30T18:47:23.454+0000] {logging_mixin.py:188} INFO - [2026-07-30T18:47:23.453+0000] {dag.py:3096} INFO - Sync 1 DAGs
[2026-07-30T18:47:23.583+0000] {logging_mixin.py:188} INFO - [2026-07-30T18:47:23.582+0000] {dag.py:3954} INFO - Setting next_dagrun for ingest_bronze_layer to 2026-07-30 18:00:00+00:00, run_after=2026-07-30 19:00:00+00:00
[2026-07-30T18:47:23.663+0000] {processor.py:183} INFO - Processing /opt/airflow/dags/bronze_ingestion_dag.py took 0.554 seconds
[2026-07-30T18:47:53.854+0000] {processor.py:161} INFO - Started process (PID=908) to work on /opt/airflow/dags/bronze_ingestion_dag.py
[2026-07-30T18:47:53.857+0000] {processor.py:830} INFO - Processing file /opt/airflow/dags/bronze_ingestion_dag.py for tasks to queue
[2026-07-30T18:47:53.871+0000] {logging_mixin.py:188} INFO - [2026-07-30T18:47:53.867+0000] {dagbag.py:545} INFO - Filling up the DagBag from /opt/airflow/dags/bronze_ingestion_dag.py
[2026-07-30T18:47:53.973+0000] {processor.py:840} INFO - DAG(s) 'ingest_bronze_layer' retrieved from /opt/airflow/dags/bronze_ingestion_dag.py
[2026-07-30T18:47:54.068+0000] {logging_mixin.py:188} INFO - [2026-07-30T18:47:54.067+0000] {dag.py:3096} INFO - Sync 1 DAGs
[2026-07-30T18:47:54.180+0000] {logging_mixin.py:188} INFO - [2026-07-30T18:47:54.180+0000] {dag.py:3954} INFO - Setting next_dagrun for ingest_bronze_layer to 2026-07-30 18:00:00+00:00, run_after=2026-07-30 19:00:00+00:00
[2026-07-30T18:47:54.255+0000] {processor.py:183} INFO - Processing /opt/airflow/dags/bronze_ingestion_dag.py took 0.439 seconds
[2026-07-30T18:48:24.721+0000] {processor.py:161} INFO - Started process (PID=927) to work on /opt/airflow/dags/bronze_ingestion_dag.py
[2026-07-30T18:48:24.725+0000] {processor.py:830} INFO - Processing file /opt/airflow/dags/bronze_ingestion_dag.py for tasks to queue
[2026-07-30T18:48:24.738+0000] {logging_mixin.py:188} INFO - [2026-07-30T18:48:24.737+0000] {dagbag.py:545} INFO - Filling up the DagBag from /opt/airflow/dags/bronze_ingestion_dag.py
[2026-07-30T18:48:24.830+0000] {processor.py:840} INFO - DAG(s) 'ingest_bronze_layer' retrieved from /opt/airflow/dags/bronze_ingestion_dag.py
[2026-07-30T18:48:24.919+0000] {logging_mixin.py:188} INFO - [2026-07-30T18:48:24.918+0000] {dag.py:3096} INFO - Sync 1 DAGs
[2026-07-30T18:48:25.115+0000] {logging_mixin.py:188} INFO - [2026-07-30T18:48:25.114+0000] {dag.py:3954} INFO - Setting next_dagrun for ingest_bronze_layer to 2026-07-30 18:00:00+00:00, run_after=2026-07-30 19:00:00+00:00
[2026-07-30T18:48:25.437+0000] {processor.py:183} INFO - Processing /opt/airflow/dags/bronze_ingestion_dag.py took 0.784 seconds
[2026-07-30T18:48:56.292+0000] {processor.py:161} INFO - Started process (PID=948) to work on /opt/airflow/dags/bronze_ingestion_dag.py
[2026-07-30T18:48:56.297+0000] {processor.py:830} INFO - Processing file /opt/airflow/dags/bronze_ingestion_dag.py for tasks to queue
[2026-07-30T18:48:56.329+0000] {logging_mixin.py:188} INFO - [2026-07-30T18:48:56.328+0000] {dagbag.py:545} INFO - Filling up the DagBag from /opt/airflow/dags/bronze_ingestion_dag.py
[2026-07-30T18:48:56.926+0000] {processor.py:840} INFO - DAG(s) 'ingest_bronze_layer' retrieved from /opt/airflow/dags/bronze_ingestion_dag.py
[2026-07-30T18:48:57.603+0000] {logging_mixin.py:188} INFO - [2026-07-30T18:48:57.601+0000] {dag.py:3096} INFO - Sync 1 DAGs
[2026-07-30T18:48:57.917+0000] {logging_mixin.py:188} INFO - [2026-07-30T18:48:57.916+0000] {dag.py:3954} INFO - Setting next_dagrun for ingest_bronze_layer to 2026-07-30 18:00:00+00:00, run_after=2026-07-30 19:00:00+00:00
[2026-07-30T18:48:58.311+0000] {processor.py:183} INFO - Processing /opt/airflow/dags/bronze_ingestion_dag.py took 2.040 seconds
[2026-07-30T18:49:36.354+0000] {processor.py:161} INFO - Started process (PID=1089) to work on /opt/airflow/dags/bronze_ingestion_dag.py
[2026-07-30T18:49:36.379+0000] {processor.py:830} INFO - Processing file /opt/airflow/dags/bronze_ingestion_dag.py for tasks to queue
[2026-07-30T18:49:36.658+0000] {logging_mixin.py:188} INFO - [2026-07-30T18:49:36.651+0000] {dagbag.py:545} INFO - Filling up the DagBag from /opt/airflow/dags/bronze_ingestion_dag.py
[2026-07-30T18:49:38.017+0000] {processor.py:840} INFO - DAG(s) 'ingest_bronze_layer' retrieved from /opt/airflow/dags/bronze_ingestion_dag.py
[2026-07-30T18:49:40.816+0000] {logging_mixin.py:188} INFO - [2026-07-30T18:49:40.797+0000] {dag.py:3096} INFO - Sync 1 DAGs
[2026-07-30T18:49:41.527+0000] {logging_mixin.py:188} INFO - [2026-07-30T18:49:41.512+0000] {dag.py:3954} INFO - Setting next_dagrun for ingest_bronze_layer to 2026-07-30 18:00:00+00:00, run_after=2026-07-30 19:00:00+00:00
[2026-07-30T18:49:43.897+0000] {processor.py:183} INFO - Processing /opt/airflow/dags/bronze_ingestion_dag.py took 7.773 seconds
[2026-07-30T18:50:14.962+0000] {processor.py:161} INFO - Started process (PID=1599) to work on /opt/airflow/dags/bronze_ingestion_dag.py
[2026-07-30T18:50:14.976+0000] {processor.py:830} INFO - Processing file /opt/airflow/dags/bronze_ingestion_dag.py for tasks to queue
[2026-07-30T18:50:14.991+0000] {logging_mixin.py:188} INFO - [2026-07-30T18:50:14.985+0000] {dagbag.py:545} INFO - Filling up the DagBag from /opt/airflow/dags/bronze_ingestion_dag.py
[2026-07-30T18:50:15.264+0000] {processor.py:840} INFO - DAG(s) 'ingest_bronze_layer' retrieved from /opt/airflow/dags/bronze_ingestion_dag.py
[2026-07-30T18:50:15.421+0000] {logging_mixin.py:188} INFO - [2026-07-30T18:50:15.420+0000] {dag.py:3096} INFO - Sync 1 DAGs
[2026-07-30T18:50:15.574+0000] {logging_mixin.py:188} INFO - [2026-07-30T18:50:15.573+0000] {dag.py:3954} INFO - Setting next_dagrun for ingest_bronze_layer to 2026-07-30 18:00:00+00:00, run_after=2026-07-30 19:00:00+00:00
[2026-07-30T18:50:15.728+0000] {processor.py:183} INFO - Processing /opt/airflow/dags/bronze_ingestion_dag.py took 0.819 seconds
[2026-07-30T18:51:18.597+0000] {processor.py:161} INFO - Started process (PID=1614) to work on /opt/airflow/dags/bronze_ingestion_dag.py
[2026-07-30T18:51:18.609+0000] {processor.py:830} INFO - Processing file /opt/airflow/dags/bronze_ingestion_dag.py for tasks to queue
[2026-07-30T18:51:18.644+0000] {logging_mixin.py:188} INFO - [2026-07-30T18:51:18.642+0000] {dagbag.py:545} INFO - Filling up the DagBag from /opt/airflow/dags/bronze_ingestion_dag.py
[2026-07-30T18:51:19.087+0000] {processor.py:840} INFO - DAG(s) 'ingest_bronze_layer' retrieved from /opt/airflow/dags/bronze_ingestion_dag.py
[2026-07-30T18:51:19.398+0000] {logging_mixin.py:188} INFO - [2026-07-30T18:51:19.393+0000] {dag.py:3096} INFO - Sync 1 DAGs
[2026-07-30T18:51:20.485+0000] {logging_mixin.py:188} INFO - [2026-07-30T18:51:20.484+0000] {dag.py:3954} INFO - Setting next_dagrun for ingest_bronze_layer to 2026-07-30 18:00:00+00:00, run_after=2026-07-30 19:00:00+00:00
[2026-07-30T18:51:21.333+0000] {processor.py:183} INFO - Processing /opt/airflow/dags/bronze_ingestion_dag.py took 2.801 seconds
[2026-07-30T18:51:52.520+0000] {processor.py:161} INFO - Started process (PID=1629) to work on /opt/airflow/dags/bronze_ingestion_dag.py
[2026-07-30T18:51:52.525+0000] {processor.py:830} INFO - Processing file /opt/airflow/dags/bronze_ingestion_dag.py for tasks to queue
[2026-07-30T18:51:52.537+0000] {logging_mixin.py:188} INFO - [2026-07-30T18:51:52.536+0000] {dagbag.py:545} INFO - Filling up the DagBag from /opt/airflow/dags/bronze_ingestion_dag.py
[2026-07-30T18:51:52.790+0000] {processor.py:840} INFO - DAG(s) 'ingest_bronze_layer' retrieved from /opt/airflow/dags/bronze_ingestion_dag.py
[2026-07-30T18:51:53.178+0000] {logging_mixin.py:188} INFO - [2026-07-30T18:51:53.168+0000] {dag.py:3096} INFO - Sync 1 DAGs
[2026-07-30T18:51:53.435+0000] {logging_mixin.py:188} INFO - [2026-07-30T18:51:53.434+0000] {dag.py:3954} INFO - Setting next_dagrun for ingest_bronze_layer to 2026-07-30 18:00:00+00:00, run_after=2026-07-30 19:00:00+00:00
[2026-07-30T18:51:54.584+0000] {processor.py:183} INFO - Processing /opt/airflow/dags/bronze_ingestion_dag.py took 2.101 seconds
[2026-07-30T18:52:31.493+0000] {processor.py:161} INFO - Started process (PID=1644) to work on /opt/airflow/dags/bronze_ingestion_dag.py
[2026-07-30T18:52:31.512+0000] {processor.py:830} INFO - Processing file /opt/airflow/dags/bronze_ingestion_dag.py for tasks to queue
[2026-07-30T18:52:31.522+0000] {logging_mixin.py:188} INFO - [2026-07-30T18:52:31.521+0000] {dagbag.py:545} INFO - Filling up the DagBag from /opt/airflow/dags/bronze_ingestion_dag.py
[2026-07-30T18:52:31.751+0000] {processor.py:840} INFO - DAG(s) 'ingest_bronze_layer' retrieved from /opt/airflow/dags/bronze_ingestion_dag.py
[2026-07-30T18:52:31.893+0000] {logging_mixin.py:188} INFO - [2026-07-30T18:52:31.891+0000] {dag.py:3096} INFO - Sync 1 DAGs
[2026-07-30T18:52:32.107+0000] {logging_mixin.py:188} INFO - [2026-07-30T18:52:32.107+0000] {dag.py:3954} INFO - Setting next_dagrun for ingest_bronze_layer to 2026-07-30 18:00:00+00:00, run_after=2026-07-30 19:00:00+00:00
[2026-07-30T18:52:32.302+0000] {processor.py:183} INFO - Processing /opt/airflow/dags/bronze_ingestion_dag.py took 0.844 seconds
[2026-07-30T18:53:02.711+0000] {processor.py:161} INFO - Started process (PID=1659) to work on /opt/airflow/dags/bronze_ingestion_dag.py
[2026-07-30T18:53:02.730+0000] {processor.py:830} INFO - Processing file /opt/airflow/dags/bronze_ingestion_dag.py for tasks to queue
[2026-07-30T18:53:02.742+0000] {logging_mixin.py:188} INFO - [2026-07-30T18:53:02.741+0000] {dagbag.py:545} INFO - Filling up the DagBag from /opt/airflow/dags/bronze_ingestion_dag.py
[2026-07-30T18:53:02.853+0000] {processor.py:840} INFO - DAG(s) 'ingest_bronze_layer' retrieved from /opt/airflow/dags/bronze_ingestion_dag.py
[2026-07-30T18:53:03.018+0000] {logging_mixin.py:188} INFO - [2026-07-30T18:53:03.010+0000] {dag.py:3096} INFO - Sync 1 DAGs
[2026-07-30T18:53:03.670+0000] {logging_mixin.py:188} INFO - [2026-07-30T18:53:03.670+0000] {dag.py:3954} INFO - Setting next_dagrun for ingest_bronze_layer to 2026-07-30 18:00:00+00:00, run_after=2026-07-30 19:00:00+00:00
[2026-07-30T18:53:03.986+0000] {processor.py:183} INFO - Processing /opt/airflow/dags/bronze_ingestion_dag.py took 1.308 seconds
[2026-07-30T18:53:34.450+0000] {processor.py:161} INFO - Started process (PID=1674) to work on /opt/airflow/dags/bronze_ingestion_dag.py
[2026-07-30T18:53:34.465+0000] {processor.py:830} INFO - Processing file /opt/airflow/dags/bronze_ingestion_dag.py for tasks to queue
[2026-07-30T18:53:34.478+0000] {logging_mixin.py:188} INFO - [2026-07-30T18:53:34.477+0000] {dagbag.py:545} INFO - Filling up the DagBag from /opt/airflow/dags/bronze_ingestion_dag.py
[2026-07-30T18:53:34.617+0000] {processor.py:840} INFO - DAG(s) 'ingest_bronze_layer' retrieved from /opt/airflow/dags/bronze_ingestion_dag.py
[2026-07-30T18:53:34.850+0000] {logging_mixin.py:188} INFO - [2026-07-30T18:53:34.849+0000] {dag.py:3096} INFO - Sync 1 DAGs
[2026-07-30T18:53:35.145+0000] {logging_mixin.py:188} INFO - [2026-07-30T18:53:35.144+0000] {dag.py:3954} INFO - Setting next_dagrun for ingest_bronze_layer to 2026-07-30 18:00:00+00:00, run_after=2026-07-30 19:00:00+00:00
[2026-07-30T18:53:35.369+0000] {processor.py:183} INFO - Processing /opt/airflow/dags/bronze_ingestion_dag.py took 0.975 seconds
[2026-07-30T18:54:06.201+0000] {processor.py:161} INFO - Started process (PID=1689) to work on /opt/airflow/dags/bronze_ingestion_dag.py
[2026-07-30T18:54:06.206+0000] {processor.py:830} INFO - Processing file /opt/airflow/dags/bronze_ingestion_dag.py for tasks to queue
[2026-07-30T18:54:06.234+0000] {logging_mixin.py:188} INFO - [2026-07-30T18:54:06.232+0000] {dagbag.py:545} INFO - Filling up the DagBag from /opt/airflow/dags/bronze_ingestion_dag.py
[2026-07-30T18:54:06.391+0000] {processor.py:840} INFO - DAG(s) 'ingest_bronze_layer' retrieved from /opt/airflow/dags/bronze_ingestion_dag.py
[2026-07-30T18:54:06.543+0000] {logging_mixin.py:188} INFO - [2026-07-30T18:54:06.541+0000] {dag.py:3096} INFO - Sync 1 DAGs
[2026-07-30T18:54:06.639+0000] {logging_mixin.py:188} INFO - [2026-07-30T18:54:06.638+0000] {dag.py:3954} INFO - Setting next_dagrun for ingest_bronze_layer to 2026-07-30 18:00:00+00:00, run_after=2026-07-30 19:00:00+00:00
[2026-07-30T18:54:08.854+0000] {processor.py:183} INFO - Processing /opt/airflow/dags/bronze_ingestion_dag.py took 2.679 seconds
[2026-07-30T18:54:39.547+0000] {processor.py:161} INFO - Started process (PID=1704) to work on /opt/airflow/dags/bronze_ingestion_dag.py
[2026-07-30T18:54:39.576+0000] {processor.py:830} INFO - Processing file /opt/airflow/dags/bronze_ingestion_dag.py for tasks to queue
[2026-07-30T18:54:39.622+0000] {logging_mixin.py:188} INFO - [2026-07-30T18:54:39.619+0000] {dagbag.py:545} INFO - Filling up the DagBag from /opt/airflow/dags/bronze_ingestion_dag.py
[2026-07-30T18:54:40.001+0000] {processor.py:840} INFO - DAG(s) 'ingest_bronze_layer' retrieved from /opt/airflow/dags/bronze_ingestion_dag.py
[2026-07-30T18:54:40.318+0000] {logging_mixin.py:188} INFO - [2026-07-30T18:54:40.317+0000] {dag.py:3096} INFO - Sync 1 DAGs
[2026-07-30T18:54:40.569+0000] {logging_mixin.py:188} INFO - [2026-07-30T18:54:40.569+0000] {dag.py:3954} INFO - Setting next_dagrun for ingest_bronze_layer to 2026-07-30 18:00:00+00:00, run_after=2026-07-30 19:00:00+00:00
[2026-07-30T18:54:40.715+0000] {processor.py:183} INFO - Processing /opt/airflow/dags/bronze_ingestion_dag.py took 1.207 seconds
[2026-07-30T18:55:11.679+0000] {processor.py:161} INFO - Started process (PID=1719) to work on /opt/airflow/dags/bronze_ingestion_dag.py
[2026-07-30T18:55:11.685+0000] {processor.py:830} INFO - Processing file /opt/airflow/dags/bronze_ingestion_dag.py for tasks to queue
[2026-07-30T18:55:11.701+0000] {logging_mixin.py:188} INFO - [2026-07-30T18:55:11.699+0000] {dagbag.py:545} INFO - Filling up the DagBag from /opt/airflow/dags/bronze_ingestion_dag.py
[2026-07-30T18:56:13.353+0000] {processor.py:840} INFO - DAG(s) 'ingest_bronze_layer' retrieved from /opt/airflow/dags/bronze_ingestion_dag.py
[2026-07-30T18:56:43.761+0000] {processor.py:161} INFO - Started process (PID=1730) to work on /opt/airflow/dags/bronze_ingestion_dag.py
[2026-07-30T18:56:43.766+0000] {processor.py:830} INFO - Processing file /opt/airflow/dags/bronze_ingestion_dag.py for tasks to queue
[2026-07-30T18:56:43.777+0000] {logging_mixin.py:188} INFO - [2026-07-30T18:56:43.776+0000] {dagbag.py:545} INFO - Filling up the DagBag from /opt/airflow/dags/bronze_ingestion_dag.py
[2026-07-30T18:56:43.887+0000] {processor.py:840} INFO - DAG(s) 'ingest_bronze_layer' retrieved from /opt/airflow/dags/bronze_ingestion_dag.py
[2026-07-30T18:56:43.977+0000] {logging_mixin.py:188} INFO - [2026-07-30T18:56:43.976+0000] {dag.py:3096} INFO - Sync 1 DAGs
[2026-07-30T18:56:44.197+0000] {logging_mixin.py:188} INFO - [2026-07-30T18:56:44.196+0000] {dag.py:3954} INFO - Setting next_dagrun for ingest_bronze_layer to 2026-07-30 18:00:00+00:00, run_after=2026-07-30 19:00:00+00:00
[2026-07-30T18:56:44.260+0000] {processor.py:183} INFO - Processing /opt/airflow/dags/bronze_ingestion_dag.py took 0.532 seconds
[2026-07-30T18:57:14.927+0000] {processor.py:161} INFO - Started process (PID=1750) to work on /opt/airflow/dags/bronze_ingestion_dag.py
[2026-07-30T18:57:14.941+0000] {processor.py:830} INFO - Processing file /opt/airflow/dags/bronze_ingestion_dag.py for tasks to queue
[2026-07-30T18:57:14.949+0000] {logging_mixin.py:188} INFO - [2026-07-30T18:57:14.948+0000] {dagbag.py:545} INFO - Filling up the DagBag from /opt/airflow/dags/bronze_ingestion_dag.py
[2026-07-30T18:57:15.011+0000] {processor.py:840} INFO - DAG(s) 'ingest_bronze_layer' retrieved from /opt/airflow/dags/bronze_ingestion_dag.py
[2026-07-30T18:57:15.118+0000] {logging_mixin.py:188} INFO - [2026-07-30T18:57:15.118+0000] {dag.py:3096} INFO - Sync 1 DAGs
[2026-07-30T18:57:15.187+0000] {logging_mixin.py:188} INFO - [2026-07-30T18:57:15.187+0000] {dag.py:3954} INFO - Setting next_dagrun for ingest_bronze_layer to 2026-07-30 18:00:00+00:00, run_after=2026-07-30 19:00:00+00:00
[2026-07-30T18:57:15.259+0000] {processor.py:183} INFO - Processing /opt/airflow/dags/bronze_ingestion_dag.py took 0.374 seconds
[2026-07-30T18:57:45.702+0000] {processor.py:161} INFO - Started process (PID=1765) to work on /opt/airflow/dags/bronze_ingestion_dag.py
[2026-07-30T18:57:45.705+0000] {processor.py:830} INFO - Processing file /opt/airflow/dags/bronze_ingestion_dag.py for tasks to queue
[2026-07-30T18:57:45.719+0000] {logging_mixin.py:188} INFO - [2026-07-30T18:57:45.718+0000] {dagbag.py:545} INFO - Filling up the DagBag from /opt/airflow/dags/bronze_ingestion_dag.py
[2026-07-30T18:57:45.863+0000] {processor.py:840} INFO - DAG(s) 'ingest_bronze_layer' retrieved from /opt/airflow/dags/bronze_ingestion_dag.py
[2026-07-30T18:57:45.941+0000] {logging_mixin.py:188} INFO - [2026-07-30T18:57:45.941+0000] {dag.py:3096} INFO - Sync 1 DAGs
[2026-07-30T18:57:46.014+0000] {logging_mixin.py:188} INFO - [2026-07-30T18:57:46.013+0000] {dag.py:3954} INFO - Setting next_dagrun for ingest_bronze_layer to 2026-07-30 18:00:00+00:00, run_after=2026-07-30 19:00:00+00:00
[2026-07-30T18:57:46.350+0000] {processor.py:183} INFO - Processing /opt/airflow/dags/bronze_ingestion_dag.py took 0.677 seconds
[2026-07-30T18:58:19.686+0000] {processor.py:161} INFO - Started process (PID=1778) to work on /opt/airflow/dags/bronze_ingestion_dag.py
[2026-07-30T18:58:19.706+0000] {processor.py:830} INFO - Processing file /opt/airflow/dags/bronze_ingestion_dag.py for tasks to queue
[2026-07-30T18:58:19.723+0000] {logging_mixin.py:188} INFO - [2026-07-30T18:58:19.721+0000] {dagbag.py:545} INFO - Filling up the DagBag from /opt/airflow/dags/bronze_ingestion_dag.py
[2026-07-30T18:58:19.876+0000] {processor.py:840} INFO - DAG(s) 'ingest_bronze_layer' retrieved from /opt/airflow/dags/bronze_ingestion_dag.py
[2026-07-30T18:58:20.119+0000] {logging_mixin.py:188} INFO - [2026-07-30T18:58:20.108+0000] {dag.py:3096} INFO - Sync 1 DAGs
[2026-07-30T18:58:20.871+0000] {logging_mixin.py:188} INFO - [2026-07-30T18:58:20.870+0000] {dag.py:3954} INFO - Setting next_dagrun for ingest_bronze_layer to 2026-07-30 18:00:00+00:00, run_after=2026-07-30 19:00:00+00:00
[2026-07-30T18:58:21.387+0000] {processor.py:183} INFO - Processing /opt/airflow/dags/bronze_ingestion_dag.py took 1.753 seconds
[2026-07-30T18:58:52.417+0000] {processor.py:161} INFO - Started process (PID=1790) to work on /opt/airflow/dags/bronze_ingestion_dag.py
[2026-07-30T18:58:52.436+0000] {processor.py:830} INFO - Processing file /opt/airflow/dags/bronze_ingestion_dag.py for tasks to queue
[2026-07-30T18:58:52.485+0000] {logging_mixin.py:188} INFO - [2026-07-30T18:58:52.484+0000] {dagbag.py:545} INFO - Filling up the DagBag from /opt/airflow/dags/bronze_ingestion_dag.py
[2026-07-30T18:58:53.100+0000] {processor.py:840} INFO - DAG(s) 'ingest_bronze_layer' retrieved from /opt/airflow/dags/bronze_ingestion_dag.py
[2026-07-30T18:58:53.485+0000] {logging_mixin.py:188} INFO - [2026-07-30T18:58:53.484+0000] {dag.py:3096} INFO - Sync 1 DAGs
[2026-07-30T18:58:53.742+0000] {logging_mixin.py:188} INFO - [2026-07-30T18:58:53.742+0000] {dag.py:3954} INFO - Setting next_dagrun for ingest_bronze_layer to 2026-07-30 18:00:00+00:00, run_after=2026-07-30 19:00:00+00:00
[2026-07-30T18:58:54.192+0000] {processor.py:183} INFO - Processing /opt/airflow/dags/bronze_ingestion_dag.py took 1.885 seconds
[2026-07-30T18:59:24.682+0000] {processor.py:161} INFO - Started process (PID=1805) to work on /opt/airflow/dags/bronze_ingestion_dag.py
[2026-07-30T18:59:24.688+0000] {processor.py:830} INFO - Processing file /opt/airflow/dags/bronze_ingestion_dag.py for tasks to queue
[2026-07-30T18:59:24.700+0000] {logging_mixin.py:188} INFO - [2026-07-30T18:59:24.698+0000] {dagbag.py:545} INFO - Filling up the DagBag from /opt/airflow/dags/bronze_ingestion_dag.py
[2026-07-30T18:59:24.845+0000] {processor.py:840} INFO - DAG(s) 'ingest_bronze_layer' retrieved from /opt/airflow/dags/bronze_ingestion_dag.py
[2026-07-30T18:59:25.513+0000] {logging_mixin.py:188} INFO - [2026-07-30T18:59:25.513+0000] {dag.py:3096} INFO - Sync 1 DAGs
[2026-07-30T18:59:25.649+0000] {logging_mixin.py:188} INFO - [2026-07-30T18:59:25.648+0000] {dag.py:3954} INFO - Setting next_dagrun for ingest_bronze_layer to 2026-07-30 18:00:00+00:00, run_after=2026-07-30 19:00:00+00:00
[2026-07-30T18:59:25.806+0000] {processor.py:183} INFO - Processing /opt/airflow/dags/bronze_ingestion_dag.py took 1.178 seconds
[2026-07-30T19:00:22.925+0000] {processor.py:161} INFO - Started process (PID=1820) to work on /opt/airflow/dags/bronze_ingestion_dag.py
[2026-07-30T19:00:22.962+0000] {processor.py:830} INFO - Processing file /opt/airflow/dags/bronze_ingestion_dag.py for tasks to queue
[2026-07-30T19:00:22.977+0000] {logging_mixin.py:188} INFO - [2026-07-30T19:00:22.975+0000] {dagbag.py:545} INFO - Filling up the DagBag from /opt/airflow/dags/bronze_ingestion_dag.py
[2026-07-30T19:00:23.451+0000] {processor.py:840} INFO - DAG(s) 'ingest_bronze_layer' retrieved from /opt/airflow/dags/bronze_ingestion_dag.py
[2026-07-30T19:00:26.061+0000] {logging_mixin.py:188} INFO - [2026-07-30T19:00:26.060+0000] {dag.py:3096} INFO - Sync 1 DAGs
[2026-07-30T19:00:29.764+0000] {logging_mixin.py:188} INFO - [2026-07-30T19:00:29.763+0000] {dag.py:3954} INFO - Setting next_dagrun for ingest_bronze_layer to 2026-07-30 19:00:00+00:00, run_after=2026-07-30 20:00:00+00:00
[2026-07-30T19:00:35.432+0000] {processor.py:183} INFO - Processing /opt/airflow/dags/bronze_ingestion_dag.py took 12.528 seconds
[2026-07-30T19:01:15.821+0000] {processor.py:161} INFO - Started process (PID=1839) to work on /opt/airflow/dags/bronze_ingestion_dag.py
[2026-07-30T19:01:15.992+0000] {processor.py:830} INFO - Processing file /opt/airflow/dags/bronze_ingestion_dag.py for tasks to queue
[2026-07-30T19:01:16.241+0000] {logging_mixin.py:188} INFO - [2026-07-30T19:01:16.204+0000] {dagbag.py:545} INFO - Filling up the DagBag from /opt/airflow/dags/bronze_ingestion_dag.py
[2026-07-30T19:01:18.677+0000] {processor.py:840} INFO - DAG(s) 'ingest_bronze_layer' retrieved from /opt/airflow/dags/bronze_ingestion_dag.py
[2026-07-30T19:01:19.339+0000] {logging_mixin.py:188} INFO - [2026-07-30T19:01:19.338+0000] {dag.py:3096} INFO - Sync 1 DAGs
[2026-07-30T19:01:20.003+0000] {logging_mixin.py:188} INFO - [2026-07-30T19:01:20.003+0000] {dag.py:3954} INFO - Setting next_dagrun for ingest_bronze_layer to 2026-07-30 19:00:00+00:00, run_after=2026-07-30 20:00:00+00:00
[2026-07-30T19:01:20.289+0000] {processor.py:183} INFO - Processing /opt/airflow/dags/bronze_ingestion_dag.py took 5.249 seconds
[2026-07-30T19:01:52.031+0000] {processor.py:161} INFO - Started process (PID=1854) to work on /opt/airflow/dags/bronze_ingestion_dag.py
[2026-07-30T19:01:52.047+0000] {processor.py:830} INFO - Processing file /opt/airflow/dags/bronze_ingestion_dag.py for tasks to queue
[2026-07-30T19:01:52.067+0000] {logging_mixin.py:188} INFO - [2026-07-30T19:01:52.066+0000] {dagbag.py:545} INFO - Filling up the DagBag from /opt/airflow/dags/bronze_ingestion_dag.py
[2026-07-30T19:01:52.344+0000] {processor.py:840} INFO - DAG(s) 'ingest_bronze_layer' retrieved from /opt/airflow/dags/bronze_ingestion_dag.py
[2026-07-30T19:01:52.567+0000] {logging_mixin.py:188} INFO - [2026-07-30T19:01:52.566+0000] {dag.py:3096} INFO - Sync 1 DAGs
[2026-07-30T19:01:52.776+0000] {logging_mixin.py:188} INFO - [2026-07-30T19:01:52.775+0000] {dag.py:3954} INFO - Setting next_dagrun for ingest_bronze_layer to 2026-07-30 19:00:00+00:00, run_after=2026-07-30 20:00:00+00:00
[2026-07-30T19:01:52.881+0000] {processor.py:183} INFO - Processing /opt/airflow/dags/bronze_ingestion_dag.py took 0.890 seconds
[2026-07-30T19:02:23.301+0000] {processor.py:161} INFO - Started process (PID=1869) to work on /opt/airflow/dags/bronze_ingestion_dag.py
[2026-07-30T19:02:23.334+0000] {processor.py:830} INFO - Processing file /opt/airflow/dags/bronze_ingestion_dag.py for tasks to queue
[2026-07-30T19:02:23.341+0000] {logging_mixin.py:188} INFO - [2026-07-30T19:02:23.339+0000] {dagbag.py:545} INFO - Filling up the DagBag from /opt/airflow/dags/bronze_ingestion_dag.py
[2026-07-30T19:02:23.737+0000] {processor.py:840} INFO - DAG(s) 'ingest_bronze_layer' retrieved from /opt/airflow/dags/bronze_ingestion_dag.py
[2026-07-30T19:02:24.045+0000] {logging_mixin.py:188} INFO - [2026-07-30T19:02:24.045+0000] {dag.py:3096} INFO - Sync 1 DAGs
[2026-07-30T19:02:24.520+0000] {logging_mixin.py:188} INFO - [2026-07-30T19:02:24.508+0000] {dag.py:3954} INFO - Setting next_dagrun for ingest_bronze_layer to 2026-07-30 19:00:00+00:00, run_after=2026-07-30 20:00:00+00:00
[2026-07-30T19:02:25.447+0000] {processor.py:183} INFO - Processing /opt/airflow/dags/bronze_ingestion_dag.py took 2.201 seconds
[2026-07-30T19:02:55.709+0000] {processor.py:161} INFO - Started process (PID=1887) to work on /opt/airflow/dags/bronze_ingestion_dag.py
[2026-07-30T19:02:55.712+0000] {processor.py:830} INFO - Processing file /opt/airflow/dags/bronze_ingestion_dag.py for tasks to queue
[2026-07-30T19:02:55.725+0000] {logging_mixin.py:188} INFO - [2026-07-30T19:02:55.717+0000] {dagbag.py:545} INFO - Filling up the DagBag from /opt/airflow/dags/bronze_ingestion_dag.py
[2026-07-30T19:02:55.785+0000] {processor.py:840} INFO - DAG(s) 'ingest_bronze_layer' retrieved from /opt/airflow/dags/bronze_ingestion_dag.py
[2026-07-30T19:02:55.855+0000] {logging_mixin.py:188} INFO - [2026-07-30T19:02:55.854+0000] {dag.py:3096} INFO - Sync 1 DAGs
[2026-07-30T19:02:56.034+0000] {logging_mixin.py:188} INFO - [2026-07-30T19:02:56.033+0000] {dag.py:3954} INFO - Setting next_dagrun for ingest_bronze_layer to 2026-07-30 19:00:00+00:00, run_after=2026-07-30 20:00:00+00:00
[2026-07-30T19:02:58.514+0000] {processor.py:183} INFO - Processing /opt/airflow/dags/bronze_ingestion_dag.py took 2.830 seconds
[2026-07-30T19:04:22.643+0000] {processor.py:161} INFO - Started process (PID=1899) to work on /opt/airflow/dags/bronze_ingestion_dag.py
[2026-07-30T19:04:22.675+0000] {processor.py:830} INFO - Processing file /opt/airflow/dags/bronze_ingestion_dag.py for tasks to queue
[2026-07-30T19:04:22.844+0000] {logging_mixin.py:188} INFO - [2026-07-30T19:04:22.843+0000] {dagbag.py:545} INFO - Filling up the DagBag from /opt/airflow/dags/bronze_ingestion_dag.py
[2026-07-30T19:04:23.572+0000] {processor.py:840} INFO - DAG(s) 'ingest_bronze_layer' retrieved from /opt/airflow/dags/bronze_ingestion_dag.py
[2026-07-30T19:03:22.365+0000] {logging_mixin.py:188} INFO - [2026-07-30T19:03:22.364+0000] {dag.py:3096} INFO - Sync 1 DAGs
[2026-07-30T19:03:22.783+0000] {logging_mixin.py:188} INFO - [2026-07-30T19:03:22.782+0000] {dag.py:3954} INFO - Setting next_dagrun for ingest_bronze_layer to 2026-07-30 19:00:00+00:00, run_after=2026-07-30 20:00:00+00:00
[2026-07-30T19:03:22.982+0000] {processor.py:183} INFO - Processing /opt/airflow/dags/bronze_ingestion_dag.py took 1.980 seconds
[2026-07-30T19:04:40.139+0000] {processor.py:161} INFO - Started process (PID=1914) to work on /opt/airflow/dags/bronze_ingestion_dag.py
[2026-07-30T19:04:40.160+0000] {processor.py:830} INFO - Processing file /opt/airflow/dags/bronze_ingestion_dag.py for tasks to queue
[2026-07-30T19:04:40.181+0000] {logging_mixin.py:188} INFO - [2026-07-30T19:04:40.170+0000] {dagbag.py:545} INFO - Filling up the DagBag from /opt/airflow/dags/bronze_ingestion_dag.py
[2026-07-30T19:04:40.374+0000] {processor.py:840} INFO - DAG(s) 'ingest_bronze_layer' retrieved from /opt/airflow/dags/bronze_ingestion_dag.py
[2026-07-30T19:04:40.478+0000] {logging_mixin.py:188} INFO - [2026-07-30T19:04:40.477+0000] {dag.py:3096} INFO - Sync 1 DAGs
[2026-07-30T19:04:40.560+0000] {logging_mixin.py:188} INFO - [2026-07-30T19:04:40.560+0000] {dag.py:3954} INFO - Setting next_dagrun for ingest_bronze_layer to 2026-07-30 19:00:00+00:00, run_after=2026-07-30 20:00:00+00:00
[2026-07-30T19:04:40.640+0000] {processor.py:183} INFO - Processing /opt/airflow/dags/bronze_ingestion_dag.py took 0.659 seconds
[2026-07-30T19:05:11.349+0000] {processor.py:161} INFO - Started process (PID=1927) to work on /opt/airflow/dags/bronze_ingestion_dag.py
[2026-07-30T19:05:11.583+0000] {processor.py:830} INFO - Processing file /opt/airflow/dags/bronze_ingestion_dag.py for tasks to queue
[2026-07-30T19:05:11.597+0000] {logging_mixin.py:188} INFO - [2026-07-30T19:05:11.596+0000] {dagbag.py:545} INFO - Filling up the DagBag from /opt/airflow/dags/bronze_ingestion_dag.py
[2026-07-30T19:05:11.922+0000] {processor.py:840} INFO - DAG(s) 'ingest_bronze_layer' retrieved from /opt/airflow/dags/bronze_ingestion_dag.py
[2026-07-30T19:05:12.608+0000] {logging_mixin.py:188} INFO - [2026-07-30T19:05:12.607+0000] {dag.py:3096} INFO - Sync 1 DAGs
[2026-07-30T19:05:12.882+0000] {logging_mixin.py:188} INFO - [2026-07-30T19:05:12.881+0000] {dag.py:3954} INFO - Setting next_dagrun for ingest_bronze_layer to 2026-07-30 19:00:00+00:00, run_after=2026-07-30 20:00:00+00:00
[2026-07-30T19:05:13.168+0000] {processor.py:183} INFO - Processing /opt/airflow/dags/bronze_ingestion_dag.py took 1.862 seconds
[2026-07-30T19:08:00.831+0000] {processor.py:161} INFO - Started process (PID=1937) to work on /opt/airflow/dags/bronze_ingestion_dag.py
[2026-07-30T19:08:02.123+0000] {processor.py:830} INFO - Processing file /opt/airflow/dags/bronze_ingestion_dag.py for tasks to queue
[2026-07-30T19:08:04.635+0000] {logging_mixin.py:188} INFO - [2026-07-30T19:08:04.301+0000] {dagbag.py:545} INFO - Filling up the DagBag from /opt/airflow/dags/bronze_ingestion_dag.py
[2026-07-30T19:09:30.678+0000] {processor.py:161} INFO - Started process (PID=1954) to work on /opt/airflow/dags/bronze_ingestion_dag.py
[2026-07-30T19:09:30.738+0000] {processor.py:830} INFO - Processing file /opt/airflow/dags/bronze_ingestion_dag.py for tasks to queue
[2026-07-30T19:09:30.797+0000] {logging_mixin.py:188} INFO - [2026-07-30T19:09:30.775+0000] {dagbag.py:545} INFO - Filling up the DagBag from /opt/airflow/dags/bronze_ingestion_dag.py
[2026-07-30T19:09:31.999+0000] {processor.py:840} INFO - DAG(s) 'ingest_bronze_layer' retrieved from /opt/airflow/dags/bronze_ingestion_dag.py
[2026-07-30T19:09:34.961+0000] {logging_mixin.py:188} INFO - [2026-07-30T19:09:34.960+0000] {dag.py:3096} INFO - Sync 1 DAGs
[2026-07-30T19:09:35.630+0000] {logging_mixin.py:188} INFO - [2026-07-30T19:09:35.629+0000] {dag.py:3954} INFO - Setting next_dagrun for ingest_bronze_layer to 2026-07-30 19:00:00+00:00, run_after=2026-07-30 20:00:00+00:00
[2026-07-30T19:09:36.394+0000] {processor.py:183} INFO - Processing /opt/airflow/dags/bronze_ingestion_dag.py took 6.304 seconds
[2026-07-30T19:10:09.207+0000] {processor.py:161} INFO - Started process (PID=1969) to work on /opt/airflow/dags/bronze_ingestion_dag.py
[2026-07-30T19:10:09.228+0000] {processor.py:830} INFO - Processing file /opt/airflow/dags/bronze_ingestion_dag.py for tasks to queue
[2026-07-30T19:10:09.272+0000] {logging_mixin.py:188} INFO - [2026-07-30T19:10:09.254+0000] {dagbag.py:545} INFO - Filling up the DagBag from /opt/airflow/dags/bronze_ingestion_dag.py
[2026-07-30T19:10:10.305+0000] {processor.py:840} INFO - DAG(s) 'ingest_bronze_layer' retrieved from /opt/airflow/dags/bronze_ingestion_dag.py
[2026-07-30T19:10:11.211+0000] {logging_mixin.py:188} INFO - [2026-07-30T19:10:11.202+0000] {dag.py:3096} INFO - Sync 1 DAGs
[2026-07-30T19:10:12.808+0000] {logging_mixin.py:188} INFO - [2026-07-30T19:10:12.807+0000] {dag.py:3954} INFO - Setting next_dagrun for ingest_bronze_layer to 2026-07-30 19:00:00+00:00, run_after=2026-07-30 20:00:00+00:00
[2026-07-30T19:10:13.169+0000] {processor.py:183} INFO - Processing /opt/airflow/dags/bronze_ingestion_dag.py took 4.193 seconds
[2026-07-30T19:10:45.749+0000] {processor.py:161} INFO - Started process (PID=1984) to work on /opt/airflow/dags/bronze_ingestion_dag.py
[2026-07-30T19:10:45.764+0000] {processor.py:830} INFO - Processing file /opt/airflow/dags/bronze_ingestion_dag.py for tasks to queue
[2026-07-30T19:10:45.975+0000] {logging_mixin.py:188} INFO - [2026-07-30T19:10:45.971+0000] {dagbag.py:545} INFO - Filling up the DagBag from /opt/airflow/dags/bronze_ingestion_dag.py
[2026-07-30T19:10:48.450+0000] {processor.py:840} INFO - DAG(s) 'ingest_bronze_layer' retrieved from /opt/airflow/dags/bronze_ingestion_dag.py
[2026-07-30T19:10:49.341+0000] {logging_mixin.py:188} INFO - [2026-07-30T19:10:49.340+0000] {dag.py:3096} INFO - Sync 1 DAGs
[2026-07-30T19:10:49.695+0000] {logging_mixin.py:188} INFO - [2026-07-30T19:10:49.695+0000] {dag.py:3954} INFO - Setting next_dagrun for ingest_bronze_layer to 2026-07-30 19:00:00+00:00, run_after=2026-07-30 20:00:00+00:00
[2026-07-30T19:10:49.989+0000] {processor.py:183} INFO - Processing /opt/airflow/dags/bronze_ingestion_dag.py took 3.963 seconds
[2026-07-30T19:11:20.396+0000] {processor.py:161} INFO - Started process (PID=1999) to work on /opt/airflow/dags/bronze_ingestion_dag.py
[2026-07-30T19:11:20.435+0000] {processor.py:830} INFO - Processing file /opt/airflow/dags/bronze_ingestion_dag.py for tasks to queue
[2026-07-30T19:11:20.449+0000] {logging_mixin.py:188} INFO - [2026-07-30T19:11:20.444+0000] {dagbag.py:545} INFO - Filling up the DagBag from /opt/airflow/dags/bronze_ingestion_dag.py
[2026-07-30T19:11:20.697+0000] {processor.py:840} INFO - DAG(s) 'ingest_bronze_layer' retrieved from /opt/airflow/dags/bronze_ingestion_dag.py
[2026-07-30T19:11:20.872+0000] {logging_mixin.py:188} INFO - [2026-07-30T19:11:20.872+0000] {dag.py:3096} INFO - Sync 1 DAGs
[2026-07-30T19:11:21.059+0000] {logging_mixin.py:188} INFO - [2026-07-30T19:11:21.059+0000] {dag.py:3954} INFO - Setting next_dagrun for ingest_bronze_layer to 2026-07-30 19:00:00+00:00, run_after=2026-07-30 20:00:00+00:00
[2026-07-30T19:11:21.370+0000] {processor.py:183} INFO - Processing /opt/airflow/dags/bronze_ingestion_dag.py took 1.043 seconds
[2026-07-30T19:11:51.885+0000] {processor.py:161} INFO - Started process (PID=2014) to work on /opt/airflow/dags/bronze_ingestion_dag.py
[2026-07-30T19:11:51.890+0000] {processor.py:830} INFO - Processing file /opt/airflow/dags/bronze_ingestion_dag.py for tasks to queue
[2026-07-30T19:11:51.894+0000] {logging_mixin.py:188} INFO - [2026-07-30T19:11:51.893+0000] {dagbag.py:545} INFO - Filling up the DagBag from /opt/airflow/dags/bronze_ingestion_dag.py
[2026-07-30T19:11:52.001+0000] {processor.py:840} INFO - DAG(s) 'ingest_bronze_layer' retrieved from /opt/airflow/dags/bronze_ingestion_dag.py
[2026-07-30T19:11:52.079+0000] {logging_mixin.py:188} INFO - [2026-07-30T19:11:52.078+0000] {dag.py:3096} INFO - Sync 1 DAGs
[2026-07-30T19:11:52.158+0000] {logging_mixin.py:188} INFO - [2026-07-30T19:11:52.158+0000] {dag.py:3954} INFO - Setting next_dagrun for ingest_bronze_layer to 2026-07-30 19:00:00+00:00, run_after=2026-07-30 20:00:00+00:00
[2026-07-30T19:11:52.217+0000] {processor.py:183} INFO - Processing /opt/airflow/dags/bronze_ingestion_dag.py took 0.358 seconds
[2026-07-30T19:12:22.999+0000] {processor.py:161} INFO - Started process (PID=2029) to work on /opt/airflow/dags/bronze_ingestion_dag.py
[2026-07-30T19:12:23.048+0000] {processor.py:830} INFO - Processing file /opt/airflow/dags/bronze_ingestion_dag.py for tasks to queue
[2026-07-30T19:12:23.080+0000] {logging_mixin.py:188} INFO - [2026-07-30T19:12:23.078+0000] {dagbag.py:545} INFO - Filling up the DagBag from /opt/airflow/dags/bronze_ingestion_dag.py
[2026-07-30T19:12:23.558+0000] {processor.py:840} INFO - DAG(s) 'ingest_bronze_layer' retrieved from /opt/airflow/dags/bronze_ingestion_dag.py
[2026-07-30T19:12:23.708+0000] {logging_mixin.py:188} INFO - [2026-07-30T19:12:23.707+0000] {dag.py:3096} INFO - Sync 1 DAGs
[2026-07-30T19:12:24.003+0000] {logging_mixin.py:188} INFO - [2026-07-30T19:12:23.994+0000] {dag.py:3954} INFO - Setting next_dagrun for ingest_bronze_layer to 2026-07-30 19:00:00+00:00, run_after=2026-07-30 20:00:00+00:00
[2026-07-30T19:12:24.204+0000] {processor.py:183} INFO - Processing /opt/airflow/dags/bronze_ingestion_dag.py took 1.457 seconds
[2026-07-30T19:13:27.602+0000] {processor.py:161} INFO - Started process (PID=2044) to work on /opt/airflow/dags/bronze_ingestion_dag.py
[2026-07-30T19:13:27.629+0000] {processor.py:830} INFO - Processing file /opt/airflow/dags/bronze_ingestion_dag.py for tasks to queue
[2026-07-30T19:13:27.665+0000] {logging_mixin.py:188} INFO - [2026-07-30T19:13:27.651+0000] {dagbag.py:545} INFO - Filling up the DagBag from /opt/airflow/dags/bronze_ingestion_dag.py
[2026-07-30T19:13:27.982+0000] {processor.py:840} INFO - DAG(s) 'ingest_bronze_layer' retrieved from /opt/airflow/dags/bronze_ingestion_dag.py
[2026-07-30T19:13:28.566+0000] {logging_mixin.py:188} INFO - [2026-07-30T19:13:28.565+0000] {dag.py:3096} INFO - Sync 1 DAGs
[2026-07-30T19:13:28.950+0000] {logging_mixin.py:188} INFO - [2026-07-30T19:13:28.949+0000] {dag.py:3954} INFO - Setting next_dagrun for ingest_bronze_layer to 2026-07-30 19:00:00+00:00, run_after=2026-07-30 20:00:00+00:00
[2026-07-30T19:13:29.344+0000] {processor.py:183} INFO - Processing /opt/airflow/dags/bronze_ingestion_dag.py took 2.138 seconds
[2026-07-30T19:13:59.857+0000] {processor.py:161} INFO - Started process (PID=2059) to work on /opt/airflow/dags/bronze_ingestion_dag.py
[2026-07-30T19:13:59.873+0000] {processor.py:830} INFO - Processing file /opt/airflow/dags/bronze_ingestion_dag.py for tasks to queue
[2026-07-30T19:13:59.880+0000] {logging_mixin.py:188} INFO - [2026-07-30T19:13:59.877+0000] {dagbag.py:545} INFO - Filling up the DagBag from /opt/airflow/dags/bronze_ingestion_dag.py
[2026-07-30T19:13:59.994+0000] {processor.py:840} INFO - DAG(s) 'ingest_bronze_layer' retrieved from /opt/airflow/dags/bronze_ingestion_dag.py
[2026-07-30T19:14:00.149+0000] {logging_mixin.py:188} INFO - [2026-07-30T19:14:00.149+0000] {dag.py:3096} INFO - Sync 1 DAGs
[2026-07-30T19:14:00.391+0000] {logging_mixin.py:188} INFO - [2026-07-30T19:14:00.390+0000] {dag.py:3954} INFO - Setting next_dagrun for ingest_bronze_layer to 2026-07-30 19:00:00+00:00, run_after=2026-07-30 20:00:00+00:00
[2026-07-30T19:14:00.668+0000] {processor.py:183} INFO - Processing /opt/airflow/dags/bronze_ingestion_dag.py took 0.866 seconds
[2026-07-30T19:14:41.683+0000] {processor.py:161} INFO - Started process (PID=2074) to work on /opt/airflow/dags/bronze_ingestion_dag.py
[2026-07-30T19:14:41.698+0000] {processor.py:830} INFO - Processing file /opt/airflow/dags/bronze_ingestion_dag.py for tasks to queue
[2026-07-30T19:14:41.754+0000] {logging_mixin.py:188} INFO - [2026-07-30T19:14:41.723+0000] {dagbag.py:545} INFO - Filling up the DagBag from /opt/airflow/dags/bronze_ingestion_dag.py
[2026-07-30T19:14:42.635+0000] {processor.py:840} INFO - DAG(s) 'ingest_bronze_layer' retrieved from /opt/airflow/dags/bronze_ingestion_dag.py
[2026-07-30T19:14:43.349+0000] {logging_mixin.py:188} INFO - [2026-07-30T19:14:43.348+0000] {dag.py:3096} INFO - Sync 1 DAGs
[2026-07-30T19:14:44.356+0000] {logging_mixin.py:188} INFO - [2026-07-30T19:14:44.349+0000] {dag.py:3954} INFO - Setting next_dagrun for ingest_bronze_layer to 2026-07-30 19:00:00+00:00, run_after=2026-07-30 20:00:00+00:00
[2026-07-30T19:14:46.615+0000] {processor.py:183} INFO - Processing /opt/airflow/dags/bronze_ingestion_dag.py took 5.168 seconds
[2026-07-30T19:15:17.589+0000] {processor.py:161} INFO - Started process (PID=2089) to work on /opt/airflow/dags/bronze_ingestion_dag.py
[2026-07-30T19:15:17.605+0000] {processor.py:830} INFO - Processing file /opt/airflow/dags/bronze_ingestion_dag.py for tasks to queue
[2026-07-30T19:15:17.623+0000] {logging_mixin.py:188} INFO - [2026-07-30T19:15:17.618+0000] {dagbag.py:545} INFO - Filling up the DagBag from /opt/airflow/dags/bronze_ingestion_dag.py
[2026-07-30T19:15:17.896+0000] {processor.py:840} INFO - DAG(s) 'ingest_bronze_layer' retrieved from /opt/airflow/dags/bronze_ingestion_dag.py
[2026-07-30T19:15:18.336+0000] {logging_mixin.py:188} INFO - [2026-07-30T19:15:18.335+0000] {dag.py:3096} INFO - Sync 1 DAGs
[2026-07-30T19:15:18.595+0000] {logging_mixin.py:188} INFO - [2026-07-30T19:15:18.594+0000] {dag.py:3954} INFO - Setting next_dagrun for ingest_bronze_layer to 2026-07-30 19:00:00+00:00, run_after=2026-07-30 20:00:00+00:00
[2026-07-30T19:15:19.035+0000] {processor.py:183} INFO - Processing /opt/airflow/dags/bronze_ingestion_dag.py took 1.488 seconds
[2026-07-30T19:15:49.395+0000] {processor.py:161} INFO - Started process (PID=2107) to work on /opt/airflow/dags/bronze_ingestion_dag.py
[2026-07-30T19:15:49.397+0000] {processor.py:830} INFO - Processing file /opt/airflow/dags/bronze_ingestion_dag.py for tasks to queue
[2026-07-30T19:15:49.401+0000] {logging_mixin.py:188} INFO - [2026-07-30T19:15:49.400+0000] {dagbag.py:545} INFO - Filling up the DagBag from /opt/airflow/dags/bronze_ingestion_dag.py
[2026-07-30T19:15:49.450+0000] {processor.py:840} INFO - DAG(s) 'ingest_bronze_layer' retrieved from /opt/airflow/dags/bronze_ingestion_dag.py
[2026-07-30T19:15:49.624+0000] {logging_mixin.py:188} INFO - [2026-07-30T19:15:49.624+0000] {dag.py:3096} INFO - Sync 1 DAGs
[2026-07-30T19:15:49.794+0000] {logging_mixin.py:188} INFO - [2026-07-30T19:15:49.792+0000] {dag.py:3954} INFO - Setting next_dagrun for ingest_bronze_layer to 2026-07-30 19:00:00+00:00, run_after=2026-07-30 20:00:00+00:00
[2026-07-30T19:15:49.878+0000] {processor.py:183} INFO - Processing /opt/airflow/dags/bronze_ingestion_dag.py took 0.496 seconds
[2026-07-30T19:16:26.944+0000] {processor.py:161} INFO - Started process (PID=2119) to work on /opt/airflow/dags/bronze_ingestion_dag.py
[2026-07-30T19:16:26.949+0000] {processor.py:830} INFO - Processing file /opt/airflow/dags/bronze_ingestion_dag.py for tasks to queue
[2026-07-30T19:16:26.955+0000] {logging_mixin.py:188} INFO - [2026-07-30T19:16:26.954+0000] {dagbag.py:545} INFO - Filling up the DagBag from /opt/airflow/dags/bronze_ingestion_dag.py
[2026-07-30T19:16:27.078+0000] {processor.py:840} INFO - DAG(s) 'ingest_bronze_layer' retrieved from /opt/airflow/dags/bronze_ingestion_dag.py
[2026-07-30T19:16:27.259+0000] {logging_mixin.py:188} INFO - [2026-07-30T19:16:27.258+0000] {dag.py:3096} INFO - Sync 1 DAGs
[2026-07-30T19:16:27.514+0000] {logging_mixin.py:188} INFO - [2026-07-30T19:16:27.514+0000] {dag.py:3954} INFO - Setting next_dagrun for ingest_bronze_layer to 2026-07-30 19:00:00+00:00, run_after=2026-07-30 20:00:00+00:00
[2026-07-30T19:16:29.306+0000] {processor.py:183} INFO - Processing /opt/airflow/dags/bronze_ingestion_dag.py took 2.403 seconds
[2026-07-30T19:17:00.133+0000] {processor.py:161} INFO - Started process (PID=2134) to work on /opt/airflow/dags/bronze_ingestion_dag.py
[2026-07-30T19:17:00.146+0000] {processor.py:830} INFO - Processing file /opt/airflow/dags/bronze_ingestion_dag.py for tasks to queue
[2026-07-30T19:17:00.156+0000] {logging_mixin.py:188} INFO - [2026-07-30T19:17:00.153+0000] {dagbag.py:545} INFO - Filling up the DagBag from /opt/airflow/dags/bronze_ingestion_dag.py
[2026-07-30T19:17:00.416+0000] {processor.py:840} INFO - DAG(s) 'ingest_bronze_layer' retrieved from /opt/airflow/dags/bronze_ingestion_dag.py
[2026-07-30T19:17:00.597+0000] {logging_mixin.py:188} INFO - [2026-07-30T19:17:00.597+0000] {dag.py:3096} INFO - Sync 1 DAGs
[2026-07-30T19:17:00.674+0000] {logging_mixin.py:188} INFO - [2026-07-30T19:17:00.674+0000] {dag.py:3954} INFO - Setting next_dagrun for ingest_bronze_layer to 2026-07-30 19:00:00+00:00, run_after=2026-07-30 20:00:00+00:00
[2026-07-30T19:17:00.730+0000] {processor.py:183} INFO - Processing /opt/airflow/dags/bronze_ingestion_dag.py took 0.684 seconds
[2026-07-30T19:17:31.466+0000] {processor.py:161} INFO - Started process (PID=2149) to work on /opt/airflow/dags/bronze_ingestion_dag.py
[2026-07-30T19:17:31.489+0000] {processor.py:830} INFO - Processing file /opt/airflow/dags/bronze_ingestion_dag.py for tasks to queue
[2026-07-30T19:17:31.503+0000] {logging_mixin.py:188} INFO - [2026-07-30T19:17:31.502+0000] {dagbag.py:545} INFO - Filling up the DagBag from /opt/airflow/dags/bronze_ingestion_dag.py
[2026-07-30T19:17:32.451+0000] {processor.py:840} INFO - DAG(s) 'ingest_bronze_layer' retrieved from /opt/airflow/dags/bronze_ingestion_dag.py
[2026-07-30T19:17:33.209+0000] {logging_mixin.py:188} INFO - [2026-07-30T19:17:33.205+0000] {dag.py:3096} INFO - Sync 1 DAGs
[2026-07-30T19:17:33.847+0000] {logging_mixin.py:188} INFO - [2026-07-30T19:17:33.844+0000] {dag.py:3954} INFO - Setting next_dagrun for ingest_bronze_layer to 2026-07-30 19:00:00+00:00, run_after=2026-07-30 20:00:00+00:00
[2026-07-30T19:17:34.102+0000] {processor.py:183} INFO - Processing /opt/airflow/dags/bronze_ingestion_dag.py took 2.717 seconds
[2026-07-30T19:18:06.187+0000] {processor.py:161} INFO - Started process (PID=2167) to work on /opt/airflow/dags/bronze_ingestion_dag.py
[2026-07-30T19:18:06.196+0000] {processor.py:830} INFO - Processing file /opt/airflow/dags/bronze_ingestion_dag.py for tasks to queue
[2026-07-30T19:18:06.208+0000] {logging_mixin.py:188} INFO - [2026-07-30T19:18:06.206+0000] {dagbag.py:545} INFO - Filling up the DagBag from /opt/airflow/dags/bronze_ingestion_dag.py
[2026-07-30T19:18:06.339+0000] {processor.py:840} INFO - DAG(s) 'ingest_bronze_layer' retrieved from /opt/airflow/dags/bronze_ingestion_dag.py
[2026-07-30T19:18:06.444+0000] {logging_mixin.py:188} INFO - [2026-07-30T19:18:06.443+0000] {dag.py:3096} INFO - Sync 1 DAGs
[2026-07-30T19:18:06.537+0000] {logging_mixin.py:188} INFO - [2026-07-30T19:18:06.537+0000] {dag.py:3954} INFO - Setting next_dagrun for ingest_bronze_layer to 2026-07-30 19:00:00+00:00, run_after=2026-07-30 20:00:00+00:00
[2026-07-30T19:18:06.824+0000] {processor.py:183} INFO - Processing /opt/airflow/dags/bronze_ingestion_dag.py took 0.730 seconds
[2026-07-30T19:18:54.904+0000] {processor.py:161} INFO - Started process (PID=2179) to work on /opt/airflow/dags/bronze_ingestion_dag.py
[2026-07-30T19:18:54.932+0000] {processor.py:830} INFO - Processing file /opt/airflow/dags/bronze_ingestion_dag.py for tasks to queue
[2026-07-30T19:18:54.974+0000] {logging_mixin.py:188} INFO - [2026-07-30T19:18:54.960+0000] {dagbag.py:545} INFO - Filling up the DagBag from /opt/airflow/dags/bronze_ingestion_dag.py
[2026-07-30T19:18:55.677+0000] {processor.py:840} INFO - DAG(s) 'ingest_bronze_layer' retrieved from /opt/airflow/dags/bronze_ingestion_dag.py
[2026-07-30T19:18:56.074+0000] {logging_mixin.py:188} INFO - [2026-07-30T19:18:56.073+0000] {dag.py:3096} INFO - Sync 1 DAGs
[2026-07-30T19:18:56.490+0000] {logging_mixin.py:188} INFO - [2026-07-30T19:18:56.489+0000] {dag.py:3954} INFO - Setting next_dagrun for ingest_bronze_layer to 2026-07-30 19:00:00+00:00, run_after=2026-07-30 20:00:00+00:00
[2026-07-30T19:18:57.327+0000] {processor.py:183} INFO - Processing /opt/airflow/dags/bronze_ingestion_dag.py took 2.659 seconds
[2026-07-30T19:19:27.671+0000] {processor.py:161} INFO - Started process (PID=2194) to work on /opt/airflow/dags/bronze_ingestion_dag.py
[2026-07-30T19:19:27.677+0000] {processor.py:830} INFO - Processing file /opt/airflow/dags/bronze_ingestion_dag.py for tasks to queue
[2026-07-30T19:19:27.688+0000] {logging_mixin.py:188} INFO - [2026-07-30T19:19:27.682+0000] {dagbag.py:545} INFO - Filling up the DagBag from /opt/airflow/dags/bronze_ingestion_dag.py
[2026-07-30T19:19:27.845+0000] {processor.py:840} INFO - DAG(s) 'ingest_bronze_layer' retrieved from /opt/airflow/dags/bronze_ingestion_dag.py
[2026-07-30T19:19:27.962+0000] {logging_mixin.py:188} INFO - [2026-07-30T19:19:27.961+0000] {dag.py:3096} INFO - Sync 1 DAGs
[2026-07-30T19:19:28.062+0000] {logging_mixin.py:188} INFO - [2026-07-30T19:19:28.062+0000] {dag.py:3954} INFO - Setting next_dagrun for ingest_bronze_layer to 2026-07-30 19:00:00+00:00, run_after=2026-07-30 20:00:00+00:00
[2026-07-30T19:19:28.155+0000] {processor.py:183} INFO - Processing /opt/airflow/dags/bronze_ingestion_dag.py took 0.518 seconds
[2026-07-30T19:19:58.432+0000] {processor.py:161} INFO - Started process (PID=2209) to work on /opt/airflow/dags/bronze_ingestion_dag.py
[2026-07-30T19:19:58.445+0000] {processor.py:830} INFO - Processing file /opt/airflow/dags/bronze_ingestion_dag.py for tasks to queue
[2026-07-30T19:19:58.495+0000] {logging_mixin.py:188} INFO - [2026-07-30T19:19:58.474+0000] {dagbag.py:545} INFO - Filling up the DagBag from /opt/airflow/dags/bronze_ingestion_dag.py
[2026-07-30T19:19:59.492+0000] {processor.py:840} INFO - DAG(s) 'ingest_bronze_layer' retrieved from /opt/airflow/dags/bronze_ingestion_dag.py
[2026-07-30T19:19:59.785+0000] {logging_mixin.py:188} INFO - [2026-07-30T19:19:59.784+0000] {dag.py:3096} INFO - Sync 1 DAGs
[2026-07-30T19:20:00.027+0000] {logging_mixin.py:188} INFO - [2026-07-30T19:20:00.027+0000] {dag.py:3954} INFO - Setting next_dagrun for ingest_bronze_layer to 2026-07-30 19:00:00+00:00, run_after=2026-07-30 20:00:00+00:00
[2026-07-30T19:20:00.241+0000] {processor.py:183} INFO - Processing /opt/airflow/dags/bronze_ingestion_dag.py took 1.866 seconds
[2026-07-30T19:20:30.903+0000] {processor.py:161} INFO - Started process (PID=2224) to work on /opt/airflow/dags/bronze_ingestion_dag.py
[2026-07-30T19:20:30.907+0000] {processor.py:830} INFO - Processing file /opt/airflow/dags/bronze_ingestion_dag.py for tasks to queue
[2026-07-30T19:20:30.915+0000] {logging_mixin.py:188} INFO - [2026-07-30T19:20:30.914+0000] {dagbag.py:545} INFO - Filling up the DagBag from /opt/airflow/dags/bronze_ingestion_dag.py
[2026-07-30T19:20:31.101+0000] {processor.py:840} INFO - DAG(s) 'ingest_bronze_layer' retrieved from /opt/airflow/dags/bronze_ingestion_dag.py
[2026-07-30T19:20:31.201+0000] {logging_mixin.py:188} INFO - [2026-07-30T19:20:31.201+0000] {dag.py:3096} INFO - Sync 1 DAGs
[2026-07-30T19:20:31.284+0000] {logging_mixin.py:188} INFO - [2026-07-30T19:20:31.283+0000] {dag.py:3954} INFO - Setting next_dagrun for ingest_bronze_layer to 2026-07-30 19:00:00+00:00, run_after=2026-07-30 20:00:00+00:00
[2026-07-30T19:20:31.352+0000] {processor.py:183} INFO - Processing /opt/airflow/dags/bronze_ingestion_dag.py took 0.471 seconds
[2026-07-30T19:21:02.795+0000] {processor.py:161} INFO - Started process (PID=2239) to work on /opt/airflow/dags/bronze_ingestion_dag.py
[2026-07-30T19:21:02.814+0000] {processor.py:830} INFO - Processing file /opt/airflow/dags/bronze_ingestion_dag.py for tasks to queue
[2026-07-30T19:21:02.839+0000] {logging_mixin.py:188} INFO - [2026-07-30T19:21:02.829+0000] {dagbag.py:545} INFO - Filling up the DagBag from /opt/airflow/dags/bronze_ingestion_dag.py
[2026-07-30T19:21:03.210+0000] {processor.py:840} INFO - DAG(s) 'ingest_bronze_layer' retrieved from /opt/airflow/dags/bronze_ingestion_dag.py
[2026-07-30T19:21:03.538+0000] {logging_mixin.py:188} INFO - [2026-07-30T19:21:03.537+0000] {dag.py:3096} INFO - Sync 1 DAGs
[2026-07-30T19:21:03.855+0000] {logging_mixin.py:188} INFO - [2026-07-30T19:21:03.852+0000] {dag.py:3954} INFO - Setting next_dagrun for ingest_bronze_layer to 2026-07-30 19:00:00+00:00, run_after=2026-07-30 20:00:00+00:00
[2026-07-30T19:21:04.333+0000] {processor.py:183} INFO - Processing /opt/airflow/dags/bronze_ingestion_dag.py took 1.710 seconds
[2026-07-30T19:21:35.568+0000] {processor.py:161} INFO - Started process (PID=2257) to work on /opt/airflow/dags/bronze_ingestion_dag.py
[2026-07-30T19:21:35.588+0000] {processor.py:830} INFO - Processing file /opt/airflow/dags/bronze_ingestion_dag.py for tasks to queue
[2026-07-30T19:21:35.602+0000] {logging_mixin.py:188} INFO - [2026-07-30T19:21:35.600+0000] {dagbag.py:545} INFO - Filling up the DagBag from /opt/airflow/dags/bronze_ingestion_dag.py
[2026-07-30T19:21:35.812+0000] {processor.py:840} INFO - DAG(s) 'ingest_bronze_layer' retrieved from /opt/airflow/dags/bronze_ingestion_dag.py
[2026-07-30T19:21:35.939+0000] {logging_mixin.py:188} INFO - [2026-07-30T19:21:35.938+0000] {dag.py:3096} INFO - Sync 1 DAGs
[2026-07-30T19:21:36.072+0000] {logging_mixin.py:188} INFO - [2026-07-30T19:21:36.071+0000] {dag.py:3954} INFO - Setting next_dagrun for ingest_bronze_layer to 2026-07-30 19:00:00+00:00, run_after=2026-07-30 20:00:00+00:00
[2026-07-30T19:21:36.449+0000] {processor.py:183} INFO - Processing /opt/airflow/dags/bronze_ingestion_dag.py took 0.927 seconds
[2026-07-30T19:21:06.819+0000] {processor.py:161} INFO - Started process (PID=2269) to work on /opt/airflow/dags/bronze_ingestion_dag.py
[2026-07-30T19:21:06.828+0000] {processor.py:830} INFO - Processing file /opt/airflow/dags/bronze_ingestion_dag.py for tasks to queue
[2026-07-30T19:21:06.860+0000] {logging_mixin.py:188} INFO - [2026-07-30T19:21:06.858+0000] {dagbag.py:545} INFO - Filling up the DagBag from /opt/airflow/dags/bronze_ingestion_dag.py
[2026-07-30T19:21:07.088+0000] {processor.py:840} INFO - DAG(s) 'ingest_bronze_layer' retrieved from /opt/airflow/dags/bronze_ingestion_dag.py
[2026-07-30T19:21:07.444+0000] {logging_mixin.py:188} INFO - [2026-07-30T19:21:07.434+0000] {dag.py:3096} INFO - Sync 1 DAGs
[2026-07-30T19:21:07.962+0000] {logging_mixin.py:188} INFO - [2026-07-30T19:21:07.961+0000] {dag.py:3954} INFO - Setting next_dagrun for ingest_bronze_layer to 2026-07-30 19:00:00+00:00, run_after=2026-07-30 20:00:00+00:00
[2026-07-30T19:21:08.178+0000] {processor.py:183} INFO - Processing /opt/airflow/dags/bronze_ingestion_dag.py took 1.440 seconds
[2026-07-30T19:22:24.449+0000] {processor.py:161} INFO - Started process (PID=2279) to work on /opt/airflow/dags/bronze_ingestion_dag.py
[2026-07-30T19:22:24.452+0000] {processor.py:830} INFO - Processing file /opt/airflow/dags/bronze_ingestion_dag.py for tasks to queue
[2026-07-30T19:22:24.491+0000] {logging_mixin.py:188} INFO - [2026-07-30T19:22:24.462+0000] {dagbag.py:545} INFO - Filling up the DagBag from /opt/airflow/dags/bronze_ingestion_dag.py
[2026-07-30T19:22:24.904+0000] {processor.py:840} INFO - DAG(s) 'ingest_bronze_layer' retrieved from /opt/airflow/dags/bronze_ingestion_dag.py
[2026-07-30T19:22:25.076+0000] {logging_mixin.py:188} INFO - [2026-07-30T19:22:25.076+0000] {dag.py:3096} INFO - Sync 1 DAGs
[2026-07-30T19:22:25.445+0000] {logging_mixin.py:188} INFO - [2026-07-30T19:22:25.444+0000] {dag.py:3954} INFO - Setting next_dagrun for ingest_bronze_layer to 2026-07-30 19:00:00+00:00, run_after=2026-07-30 20:00:00+00:00
[2026-07-30T19:22:25.712+0000] {processor.py:183} INFO - Processing /opt/airflow/dags/bronze_ingestion_dag.py took 1.315 seconds
[2026-07-30T19:22:56.214+0000] {processor.py:161} INFO - Started process (PID=2294) to work on /opt/airflow/dags/bronze_ingestion_dag.py
[2026-07-30T19:22:56.246+0000] {processor.py:830} INFO - Processing file /opt/airflow/dags/bronze_ingestion_dag.py for tasks to queue
[2026-07-30T19:22:56.266+0000] {logging_mixin.py:188} INFO - [2026-07-30T19:22:56.258+0000] {dagbag.py:545} INFO - Filling up the DagBag from /opt/airflow/dags/bronze_ingestion_dag.py
[2026-07-30T19:22:56.526+0000] {processor.py:840} INFO - DAG(s) 'ingest_bronze_layer' retrieved from /opt/airflow/dags/bronze_ingestion_dag.py
[2026-07-30T19:22:56.805+0000] {logging_mixin.py:188} INFO - [2026-07-30T19:22:56.804+0000] {dag.py:3096} INFO - Sync 1 DAGs
[2026-07-30T19:22:56.991+0000] {logging_mixin.py:188} INFO - [2026-07-30T19:22:56.991+0000] {dag.py:3954} INFO - Setting next_dagrun for ingest_bronze_layer to 2026-07-30 19:00:00+00:00, run_after=2026-07-30 20:00:00+00:00
[2026-07-30T19:22:57.126+0000] {processor.py:183} INFO - Processing /opt/airflow/dags/bronze_ingestion_dag.py took 0.986 seconds
[2026-07-30T19:23:28.173+0000] {processor.py:161} INFO - Started process (PID=2309) to work on /opt/airflow/dags/bronze_ingestion_dag.py
[2026-07-30T19:23:28.213+0000] {processor.py:830} INFO - Processing file /opt/airflow/dags/bronze_ingestion_dag.py for tasks to queue
[2026-07-30T19:23:28.276+0000] {logging_mixin.py:188} INFO - [2026-07-30T19:23:28.257+0000] {dagbag.py:545} INFO - Filling up the DagBag from /opt/airflow/dags/bronze_ingestion_dag.py
[2026-07-30T19:23:28.601+0000] {processor.py:840} INFO - DAG(s) 'ingest_bronze_layer' retrieved from /opt/airflow/dags/bronze_ingestion_dag.py
[2026-07-30T19:23:28.707+0000] {logging_mixin.py:188} INFO - [2026-07-30T19:23:28.706+0000] {dag.py:3096} INFO - Sync 1 DAGs
[2026-07-30T19:23:29.335+0000] {logging_mixin.py:188} INFO - [2026-07-30T19:23:29.335+0000] {dag.py:3954} INFO - Setting next_dagrun for ingest_bronze_layer to 2026-07-30 19:00:00+00:00, run_after=2026-07-30 20:00:00+00:00
[2026-07-30T19:23:29.776+0000] {processor.py:183} INFO - Processing /opt/airflow/dags/bronze_ingestion_dag.py took 2.152 seconds
[2026-07-30T19:24:00.262+0000] {processor.py:161} INFO - Started process (PID=2324) to work on /opt/airflow/dags/bronze_ingestion_dag.py
[2026-07-30T19:24:00.274+0000] {processor.py:830} INFO - Processing file /opt/airflow/dags/bronze_ingestion_dag.py for tasks to queue
[2026-07-30T19:24:00.278+0000] {logging_mixin.py:188} INFO - [2026-07-30T19:24:00.277+0000] {dagbag.py:545} INFO - Filling up the DagBag from /opt/airflow/dags/bronze_ingestion_dag.py
[2026-07-30T19:24:00.332+0000] {processor.py:840} INFO - DAG(s) 'ingest_bronze_layer' retrieved from /opt/airflow/dags/bronze_ingestion_dag.py
[2026-07-30T19:24:00.427+0000] {logging_mixin.py:188} INFO - [2026-07-30T19:24:00.426+0000] {dag.py:3096} INFO - Sync 1 DAGs
[2026-07-30T19:24:00.488+0000] {logging_mixin.py:188} INFO - [2026-07-30T19:24:00.487+0000] {dag.py:3954} INFO - Setting next_dagrun for ingest_bronze_layer to 2026-07-30 19:00:00+00:00, run_after=2026-07-30 20:00:00+00:00
[2026-07-30T19:24:00.547+0000] {processor.py:183} INFO - Processing /opt/airflow/dags/bronze_ingestion_dag.py took 0.323 seconds
[2026-07-30T19:24:31.668+0000] {processor.py:161} INFO - Started process (PID=2339) to work on /opt/airflow/dags/bronze_ingestion_dag.py
[2026-07-30T19:24:31.689+0000] {processor.py:830} INFO - Processing file /opt/airflow/dags/bronze_ingestion_dag.py for tasks to queue
[2026-07-30T19:24:31.707+0000] {logging_mixin.py:188} INFO - [2026-07-30T19:24:31.706+0000] {dagbag.py:545} INFO - Filling up the DagBag from /opt/airflow/dags/bronze_ingestion_dag.py
[2026-07-30T19:24:31.891+0000] {processor.py:840} INFO - DAG(s) 'ingest_bronze_layer' retrieved from /opt/airflow/dags/bronze_ingestion_dag.py
[2026-07-30T19:24:32.144+0000] {logging_mixin.py:188} INFO - [2026-07-30T19:24:32.142+0000] {dag.py:3096} INFO - Sync 1 DAGs
[2026-07-30T19:24:32.296+0000] {logging_mixin.py:188} INFO - [2026-07-30T19:24:32.295+0000] {dag.py:3954} INFO - Setting next_dagrun for ingest_bronze_layer to 2026-07-30 19:00:00+00:00, run_after=2026-07-30 20:00:00+00:00
[2026-07-30T19:24:32.385+0000] {processor.py:183} INFO - Processing /opt/airflow/dags/bronze_ingestion_dag.py took 0.763 seconds
[2026-07-30T19:25:03.513+0000] {processor.py:161} INFO - Started process (PID=2354) to work on /opt/airflow/dags/bronze_ingestion_dag.py
[2026-07-30T19:25:03.528+0000] {processor.py:830} INFO - Processing file /opt/airflow/dags/bronze_ingestion_dag.py for tasks to queue
[2026-07-30T19:25:03.534+0000] {logging_mixin.py:188} INFO - [2026-07-30T19:25:03.533+0000] {dagbag.py:545} INFO - Filling up the DagBag from /opt/airflow/dags/bronze_ingestion_dag.py
[2026-07-30T19:25:03.683+0000] {processor.py:840} INFO - DAG(s) 'ingest_bronze_layer' retrieved from /opt/airflow/dags/bronze_ingestion_dag.py
[2026-07-30T19:25:03.895+0000] {logging_mixin.py:188} INFO - [2026-07-30T19:25:03.893+0000] {dag.py:3096} INFO - Sync 1 DAGs
[2026-07-30T19:25:04.111+0000] {logging_mixin.py:188} INFO - [2026-07-30T19:25:04.109+0000] {dag.py:3954} INFO - Setting next_dagrun for ingest_bronze_layer to 2026-07-30 19:00:00+00:00, run_after=2026-07-30 20:00:00+00:00
[2026-07-30T19:25:04.218+0000] {processor.py:183} INFO - Processing /opt/airflow/dags/bronze_ingestion_dag.py took 0.743 seconds
[2026-07-30T19:25:34.673+0000] {processor.py:161} INFO - Started process (PID=2369) to work on /opt/airflow/dags/bronze_ingestion_dag.py
[2026-07-30T19:25:34.686+0000] {processor.py:830} INFO - Processing file /opt/airflow/dags/bronze_ingestion_dag.py for tasks to queue
[2026-07-30T19:25:34.697+0000] {logging_mixin.py:188} INFO - [2026-07-30T19:25:34.693+0000] {dagbag.py:545} INFO - Filling up the DagBag from /opt/airflow/dags/bronze_ingestion_dag.py
[2026-07-30T19:25:34.800+0000] {processor.py:840} INFO - DAG(s) 'ingest_bronze_layer' retrieved from /opt/airflow/dags/bronze_ingestion_dag.py
[2026-07-30T19:25:34.962+0000] {logging_mixin.py:188} INFO - [2026-07-30T19:25:34.961+0000] {dag.py:3096} INFO - Sync 1 DAGs
[2026-07-30T19:25:35.142+0000] {logging_mixin.py:188} INFO - [2026-07-30T19:25:35.142+0000] {dag.py:3954} INFO - Setting next_dagrun for ingest_bronze_layer to 2026-07-30 19:00:00+00:00, run_after=2026-07-30 20:00:00+00:00
[2026-07-30T19:25:35.415+0000] {processor.py:183} INFO - Processing /opt/airflow/dags/bronze_ingestion_dag.py took 0.819 seconds
[2026-07-30T19:26:05.973+0000] {processor.py:161} INFO - Started process (PID=2384) to work on /opt/airflow/dags/bronze_ingestion_dag.py
[2026-07-30T19:26:05.976+0000] {processor.py:830} INFO - Processing file /opt/airflow/dags/bronze_ingestion_dag.py for tasks to queue
[2026-07-30T19:26:05.980+0000] {logging_mixin.py:188} INFO - [2026-07-30T19:26:05.979+0000] {dagbag.py:545} INFO - Filling up the DagBag from /opt/airflow/dags/bronze_ingestion_dag.py
[2026-07-30T19:26:06.158+0000] {processor.py:840} INFO - DAG(s) 'ingest_bronze_layer' retrieved from /opt/airflow/dags/bronze_ingestion_dag.py
[2026-07-30T19:26:06.397+0000] {logging_mixin.py:188} INFO - [2026-07-30T19:26:06.397+0000] {dag.py:3096} INFO - Sync 1 DAGs
[2026-07-30T19:26:06.687+0000] {logging_mixin.py:188} INFO - [2026-07-30T19:26:06.681+0000] {dag.py:3954} INFO - Setting next_dagrun for ingest_bronze_layer to 2026-07-30 19:00:00+00:00, run_after=2026-07-30 20:00:00+00:00
[2026-07-30T19:26:06.924+0000] {processor.py:183} INFO - Processing /opt/airflow/dags/bronze_ingestion_dag.py took 0.969 seconds
[2026-07-30T19:26:39.239+0000] {processor.py:161} INFO - Started process (PID=2397) to work on /opt/airflow/dags/bronze_ingestion_dag.py
[2026-07-30T19:26:39.363+0000] {processor.py:830} INFO - Processing file /opt/airflow/dags/bronze_ingestion_dag.py for tasks to queue
[2026-07-30T19:26:39.476+0000] {logging_mixin.py:188} INFO - [2026-07-30T19:26:39.457+0000] {dagbag.py:545} INFO - Filling up the DagBag from /opt/airflow/dags/bronze_ingestion_dag.py
[2026-07-30T19:26:39.901+0000] {processor.py:840} INFO - DAG(s) 'ingest_bronze_layer' retrieved from /opt/airflow/dags/bronze_ingestion_dag.py
[2026-07-30T19:26:40.657+0000] {logging_mixin.py:188} INFO - [2026-07-30T19:26:40.656+0000] {dag.py:3096} INFO - Sync 1 DAGs
[2026-07-30T19:26:40.963+0000] {logging_mixin.py:188} INFO - [2026-07-30T19:26:40.962+0000] {dag.py:3954} INFO - Setting next_dagrun for ingest_bronze_layer to 2026-07-30 19:00:00+00:00, run_after=2026-07-30 20:00:00+00:00
[2026-07-30T19:26:41.298+0000] {processor.py:183} INFO - Processing /opt/airflow/dags/bronze_ingestion_dag.py took 2.403 seconds
[2026-07-30T19:27:12.213+0000] {processor.py:161} INFO - Started process (PID=2414) to work on /opt/airflow/dags/bronze_ingestion_dag.py
[2026-07-30T19:27:12.219+0000] {processor.py:830} INFO - Processing file /opt/airflow/dags/bronze_ingestion_dag.py for tasks to queue
[2026-07-30T19:27:12.233+0000] {logging_mixin.py:188} INFO - [2026-07-30T19:27:12.232+0000] {dagbag.py:545} INFO - Filling up the DagBag from /opt/airflow/dags/bronze_ingestion_dag.py
[2026-07-30T19:27:12.370+0000] {processor.py:840} INFO - DAG(s) 'ingest_bronze_layer' retrieved from /opt/airflow/dags/bronze_ingestion_dag.py
[2026-07-30T19:27:12.551+0000] {logging_mixin.py:188} INFO - [2026-07-30T19:27:12.541+0000] {dag.py:3096} INFO - Sync 1 DAGs
[2026-07-30T19:27:12.739+0000] {logging_mixin.py:188} INFO - [2026-07-30T19:27:12.738+0000] {dag.py:3954} INFO - Setting next_dagrun for ingest_bronze_layer to 2026-07-30 19:00:00+00:00, run_after=2026-07-30 20:00:00+00:00
[2026-07-30T19:27:13.272+0000] {processor.py:183} INFO - Processing /opt/airflow/dags/bronze_ingestion_dag.py took 1.097 seconds
[2026-07-30T19:28:16.855+0000] {processor.py:161} INFO - Started process (PID=2419) to work on /opt/airflow/dags/bronze_ingestion_dag.py
[2026-07-30T19:28:16.858+0000] {processor.py:830} INFO - Processing file /opt/airflow/dags/bronze_ingestion_dag.py for tasks to queue
[2026-07-30T19:28:16.863+0000] {logging_mixin.py:188} INFO - [2026-07-30T19:28:16.862+0000] {dagbag.py:545} INFO - Filling up the DagBag from /opt/airflow/dags/bronze_ingestion_dag.py
[2026-07-30T19:28:16.966+0000] {processor.py:840} INFO - DAG(s) 'ingest_bronze_layer' retrieved from /opt/airflow/dags/bronze_ingestion_dag.py
[2026-07-30T19:28:17.067+0000] {logging_mixin.py:188} INFO - [2026-07-30T19:28:17.067+0000] {dag.py:3096} INFO - Sync 1 DAGs
[2026-07-30T19:28:17.202+0000] {logging_mixin.py:188} INFO - [2026-07-30T19:28:17.201+0000] {dag.py:3954} INFO - Setting next_dagrun for ingest_bronze_layer to 2026-07-30 19:00:00+00:00, run_after=2026-07-30 20:00:00+00:00
[2026-07-30T19:28:18.426+0000] {processor.py:183} INFO - Processing /opt/airflow/dags/bronze_ingestion_dag.py took 1.593 seconds
[2026-07-30T19:28:49.001+0000] {processor.py:161} INFO - Started process (PID=2437) to work on /opt/airflow/dags/bronze_ingestion_dag.py
[2026-07-30T19:28:49.048+0000] {processor.py:830} INFO - Processing file /opt/airflow/dags/bronze_ingestion_dag.py for tasks to queue
[2026-07-30T19:28:49.075+0000] {logging_mixin.py:188} INFO - [2026-07-30T19:28:49.071+0000] {dagbag.py:545} INFO - Filling up the DagBag from /opt/airflow/dags/bronze_ingestion_dag.py
[2026-07-30T19:27:48.349+0000] {processor.py:840} INFO - DAG(s) 'ingest_bronze_layer' retrieved from /opt/airflow/dags/bronze_ingestion_dag.py
[2026-07-30T19:28:50.233+0000] {logging_mixin.py:188} INFO - [2026-07-30T19:28:50.229+0000] {dag.py:3096} INFO - Sync 1 DAGs
[2026-07-30T19:28:50.460+0000] {logging_mixin.py:188} INFO - [2026-07-30T19:28:50.459+0000] {dag.py:3954} INFO - Setting next_dagrun for ingest_bronze_layer to 2026-07-30 19:00:00+00:00, run_after=2026-07-30 20:00:00+00:00
[2026-07-30T19:28:51.940+0000] {processor.py:183} INFO - Processing /opt/airflow/dags/bronze_ingestion_dag.py took 2.530 seconds
[2026-07-30T19:29:37.221+0000] {processor.py:161} INFO - Started process (PID=2449) to work on /opt/airflow/dags/bronze_ingestion_dag.py
[2026-07-30T19:29:37.235+0000] {processor.py:830} INFO - Processing file /opt/airflow/dags/bronze_ingestion_dag.py for tasks to queue
[2026-07-30T19:29:37.254+0000] {logging_mixin.py:188} INFO - [2026-07-30T19:29:37.244+0000] {dagbag.py:545} INFO - Filling up the DagBag from /opt/airflow/dags/bronze_ingestion_dag.py
[2026-07-30T19:29:39.068+0000] {processor.py:840} INFO - DAG(s) 'ingest_bronze_layer' retrieved from /opt/airflow/dags/bronze_ingestion_dag.py
[2026-07-30T19:29:41.019+0000] {logging_mixin.py:188} INFO - [2026-07-30T19:29:41.018+0000] {dag.py:3096} INFO - Sync 1 DAGs
[2026-07-30T19:29:41.549+0000] {logging_mixin.py:188} INFO - [2026-07-30T19:29:41.548+0000] {dag.py:3954} INFO - Setting next_dagrun for ingest_bronze_layer to 2026-07-30 19:00:00+00:00, run_after=2026-07-30 20:00:00+00:00
[2026-07-30T19:29:41.730+0000] {processor.py:183} INFO - Processing /opt/airflow/dags/bronze_ingestion_dag.py took 4.735 seconds
[2026-07-30T19:30:12.692+0000] {processor.py:161} INFO - Started process (PID=2464) to work on /opt/airflow/dags/bronze_ingestion_dag.py
[2026-07-30T19:30:12.741+0000] {processor.py:830} INFO - Processing file /opt/airflow/dags/bronze_ingestion_dag.py for tasks to queue
[2026-07-30T19:30:12.844+0000] {logging_mixin.py:188} INFO - [2026-07-30T19:30:12.760+0000] {dagbag.py:545} INFO - Filling up the DagBag from /opt/airflow/dags/bronze_ingestion_dag.py
[2026-07-30T19:30:13.566+0000] {processor.py:840} INFO - DAG(s) 'ingest_bronze_layer' retrieved from /opt/airflow/dags/bronze_ingestion_dag.py
[2026-07-30T19:30:13.970+0000] {logging_mixin.py:188} INFO - [2026-07-30T19:30:13.968+0000] {dag.py:3096} INFO - Sync 1 DAGs
[2026-07-30T19:30:14.779+0000] {logging_mixin.py:188} INFO - [2026-07-30T19:30:14.778+0000] {dag.py:3954} INFO - Setting next_dagrun for ingest_bronze_layer to 2026-07-30 19:00:00+00:00, run_after=2026-07-30 20:00:00+00:00
[2026-07-30T19:30:14.978+0000] {processor.py:183} INFO - Processing /opt/airflow/dags/bronze_ingestion_dag.py took 2.404 seconds
[2026-07-30T19:30:46.089+0000] {processor.py:161} INFO - Started process (PID=2479) to work on /opt/airflow/dags/bronze_ingestion_dag.py
[2026-07-30T19:30:46.145+0000] {processor.py:830} INFO - Processing file /opt/airflow/dags/bronze_ingestion_dag.py for tasks to queue
[2026-07-30T19:30:46.204+0000] {logging_mixin.py:188} INFO - [2026-07-30T19:30:46.192+0000] {dagbag.py:545} INFO - Filling up the DagBag from /opt/airflow/dags/bronze_ingestion_dag.py
[2026-07-30T19:30:46.957+0000] {processor.py:840} INFO - DAG(s) 'ingest_bronze_layer' retrieved from /opt/airflow/dags/bronze_ingestion_dag.py
[2026-07-30T19:30:47.732+0000] {logging_mixin.py:188} INFO - [2026-07-30T19:30:47.731+0000] {dag.py:3096} INFO - Sync 1 DAGs
[2026-07-30T19:30:48.086+0000] {logging_mixin.py:188} INFO - [2026-07-30T19:30:48.085+0000] {dag.py:3954} INFO - Setting next_dagrun for ingest_bronze_layer to 2026-07-30 19:00:00+00:00, run_after=2026-07-30 20:00:00+00:00
[2026-07-30T19:30:48.500+0000] {processor.py:183} INFO - Processing /opt/airflow/dags/bronze_ingestion_dag.py took 2.555 seconds
[2026-07-30T19:31:19.477+0000] {processor.py:161} INFO - Started process (PID=2494) to work on /opt/airflow/dags/bronze_ingestion_dag.py
[2026-07-30T19:31:19.481+0000] {processor.py:830} INFO - Processing file /opt/airflow/dags/bronze_ingestion_dag.py for tasks to queue
[2026-07-30T19:31:19.493+0000] {logging_mixin.py:188} INFO - [2026-07-30T19:31:19.492+0000] {dagbag.py:545} INFO - Filling up the DagBag from /opt/airflow/dags/bronze_ingestion_dag.py
[2026-07-30T19:31:19.609+0000] {processor.py:840} INFO - DAG(s) 'ingest_bronze_layer' retrieved from /opt/airflow/dags/bronze_ingestion_dag.py
[2026-07-30T19:31:19.758+0000] {logging_mixin.py:188} INFO - [2026-07-30T19:31:19.757+0000] {dag.py:3096} INFO - Sync 1 DAGs
[2026-07-30T19:31:19.953+0000] {logging_mixin.py:188} INFO - [2026-07-30T19:31:19.953+0000] {dag.py:3954} INFO - Setting next_dagrun for ingest_bronze_layer to 2026-07-30 19:00:00+00:00, run_after=2026-07-30 20:00:00+00:00
[2026-07-30T19:31:20.072+0000] {processor.py:183} INFO - Processing /opt/airflow/dags/bronze_ingestion_dag.py took 0.657 seconds
[2026-07-30T19:30:59.104+0000] {processor.py:161} INFO - Started process (PID=2509) to work on /opt/airflow/dags/bronze_ingestion_dag.py
[2026-07-30T19:30:59.130+0000] {processor.py:830} INFO - Processing file /opt/airflow/dags/bronze_ingestion_dag.py for tasks to queue
[2026-07-30T19:30:59.572+0000] {logging_mixin.py:188} INFO - [2026-07-30T19:30:59.381+0000] {dagbag.py:545} INFO - Filling up the DagBag from /opt/airflow/dags/bronze_ingestion_dag.py
[2026-07-30T19:31:01.422+0000] {processor.py:840} INFO - DAG(s) 'ingest_bronze_layer' retrieved from /opt/airflow/dags/bronze_ingestion_dag.py
[2026-07-30T19:31:01.934+0000] {logging_mixin.py:188} INFO - [2026-07-30T19:31:01.932+0000] {dag.py:3096} INFO - Sync 1 DAGs
[2026-07-30T19:31:02.286+0000] {logging_mixin.py:188} INFO - [2026-07-30T19:31:02.286+0000] {dag.py:3954} INFO - Setting next_dagrun for ingest_bronze_layer to 2026-07-30 19:00:00+00:00, run_after=2026-07-30 20:00:00+00:00
[2026-07-30T19:31:02.709+0000] {processor.py:183} INFO - Processing /opt/airflow/dags/bronze_ingestion_dag.py took 3.939 seconds
[2026-07-30T19:32:12.091+0000] {processor.py:161} INFO - Started process (PID=2519) to work on /opt/airflow/dags/bronze_ingestion_dag.py
[2026-07-30T19:32:12.158+0000] {processor.py:830} INFO - Processing file /opt/airflow/dags/bronze_ingestion_dag.py for tasks to queue
[2026-07-30T19:32:12.179+0000] {logging_mixin.py:188} INFO - [2026-07-30T19:32:12.178+0000] {dagbag.py:545} INFO - Filling up the DagBag from /opt/airflow/dags/bronze_ingestion_dag.py
[2026-07-30T19:32:12.730+0000] {processor.py:840} INFO - DAG(s) 'ingest_bronze_layer' retrieved from /opt/airflow/dags/bronze_ingestion_dag.py
[2026-07-30T19:32:13.045+0000] {logging_mixin.py:188} INFO - [2026-07-30T19:32:13.045+0000] {dag.py:3096} INFO - Sync 1 DAGs
[2026-07-30T19:32:13.319+0000] {logging_mixin.py:188} INFO - [2026-07-30T19:32:13.319+0000] {dag.py:3954} INFO - Setting next_dagrun for ingest_bronze_layer to 2026-07-30 19:00:00+00:00, run_after=2026-07-30 20:00:00+00:00
[2026-07-30T19:32:13.648+0000] {processor.py:183} INFO - Processing /opt/airflow/dags/bronze_ingestion_dag.py took 1.634 seconds
[2026-07-30T19:32:43.889+0000] {processor.py:161} INFO - Started process (PID=2534) to work on /opt/airflow/dags/bronze_ingestion_dag.py
[2026-07-30T19:32:43.892+0000] {processor.py:830} INFO - Processing file /opt/airflow/dags/bronze_ingestion_dag.py for tasks to queue
[2026-07-30T19:32:43.897+0000] {logging_mixin.py:188} INFO - [2026-07-30T19:32:43.895+0000] {dagbag.py:545} INFO - Filling up the DagBag from /opt/airflow/dags/bronze_ingestion_dag.py
[2026-07-30T19:32:43.973+0000] {processor.py:840} INFO - DAG(s) 'ingest_bronze_layer' retrieved from /opt/airflow/dags/bronze_ingestion_dag.py
[2026-07-30T19:32:44.090+0000] {logging_mixin.py:188} INFO - [2026-07-30T19:32:44.088+0000] {dag.py:3096} INFO - Sync 1 DAGs
[2026-07-30T19:32:44.292+0000] {logging_mixin.py:188} INFO - [2026-07-30T19:32:44.292+0000] {dag.py:3954} INFO - Setting next_dagrun for ingest_bronze_layer to 2026-07-30 19:00:00+00:00, run_after=2026-07-30 20:00:00+00:00
[2026-07-30T19:32:44.806+0000] {processor.py:183} INFO - Processing /opt/airflow/dags/bronze_ingestion_dag.py took 0.941 seconds
[2026-07-30T19:33:15.936+0000] {processor.py:161} INFO - Started process (PID=2549) to work on /opt/airflow/dags/bronze_ingestion_dag.py
[2026-07-30T19:33:15.953+0000] {processor.py:830} INFO - Processing file /opt/airflow/dags/bronze_ingestion_dag.py for tasks to queue
[2026-07-30T19:33:15.966+0000] {logging_mixin.py:188} INFO - [2026-07-30T19:33:15.960+0000] {dagbag.py:545} INFO - Filling up the DagBag from /opt/airflow/dags/bronze_ingestion_dag.py
[2026-07-30T19:33:16.157+0000] {processor.py:840} INFO - DAG(s) 'ingest_bronze_layer' retrieved from /opt/airflow/dags/bronze_ingestion_dag.py
[2026-07-30T19:33:16.405+0000] {logging_mixin.py:188} INFO - [2026-07-30T19:33:16.404+0000] {dag.py:3096} INFO - Sync 1 DAGs
[2026-07-30T19:33:16.607+0000] {logging_mixin.py:188} INFO - [2026-07-30T19:33:16.606+0000] {dag.py:3954} INFO - Setting next_dagrun for ingest_bronze_layer to 2026-07-30 19:00:00+00:00, run_after=2026-07-30 20:00:00+00:00
[2026-07-30T19:33:18.073+0000] {processor.py:183} INFO - Processing /opt/airflow/dags/bronze_ingestion_dag.py took 2.180 seconds
[2026-07-30T19:33:48.908+0000] {processor.py:161} INFO - Started process (PID=2567) to work on /opt/airflow/dags/bronze_ingestion_dag.py
[2026-07-30T19:33:48.930+0000] {processor.py:830} INFO - Processing file /opt/airflow/dags/bronze_ingestion_dag.py for tasks to queue
[2026-07-30T19:33:48.936+0000] {logging_mixin.py:188} INFO - [2026-07-30T19:33:48.935+0000] {dagbag.py:545} INFO - Filling up the DagBag from /opt/airflow/dags/bronze_ingestion_dag.py
[2026-07-30T19:33:49.044+0000] {processor.py:840} INFO - DAG(s) 'ingest_bronze_layer' retrieved from /opt/airflow/dags/bronze_ingestion_dag.py
[2026-07-30T19:33:49.158+0000] {logging_mixin.py:188} INFO - [2026-07-30T19:33:49.157+0000] {dag.py:3096} INFO - Sync 1 DAGs
[2026-07-30T19:33:49.341+0000] {logging_mixin.py:188} INFO - [2026-07-30T19:33:49.340+0000] {dag.py:3954} INFO - Setting next_dagrun for ingest_bronze_layer to 2026-07-30 19:00:00+00:00, run_after=2026-07-30 20:00:00+00:00
[2026-07-30T19:33:49.468+0000] {processor.py:183} INFO - Processing /opt/airflow/dags/bronze_ingestion_dag.py took 0.653 seconds
[2026-07-30T19:34:20.774+0000] {processor.py:161} INFO - Started process (PID=2584) to work on /opt/airflow/dags/bronze_ingestion_dag.py
[2026-07-30T19:34:20.787+0000] {processor.py:830} INFO - Processing file /opt/airflow/dags/bronze_ingestion_dag.py for tasks to queue
[2026-07-30T19:34:20.793+0000] {logging_mixin.py:188} INFO - [2026-07-30T19:34:20.792+0000] {dagbag.py:545} INFO - Filling up the DagBag from /opt/airflow/dags/bronze_ingestion_dag.py
[2026-07-30T19:34:21.063+0000] {processor.py:840} INFO - DAG(s) 'ingest_bronze_layer' retrieved from /opt/airflow/dags/bronze_ingestion_dag.py
[2026-07-30T19:34:21.336+0000] {logging_mixin.py:188} INFO - [2026-07-30T19:34:21.336+0000] {dag.py:3096} INFO - Sync 1 DAGs
[2026-07-30T19:34:21.545+0000] {logging_mixin.py:188} INFO - [2026-07-30T19:34:21.544+0000] {dag.py:3954} INFO - Setting next_dagrun for ingest_bronze_layer to 2026-07-30 19:00:00+00:00, run_after=2026-07-30 20:00:00+00:00
[2026-07-30T19:34:21.877+0000] {processor.py:183} INFO - Processing /opt/airflow/dags/bronze_ingestion_dag.py took 1.149 seconds
[2026-07-30T19:34:52.207+0000] {processor.py:161} INFO - Started process (PID=2599) to work on /opt/airflow/dags/bronze_ingestion_dag.py
[2026-07-30T19:34:52.212+0000] {processor.py:830} INFO - Processing file /opt/airflow/dags/bronze_ingestion_dag.py for tasks to queue
[2026-07-30T19:34:52.219+0000] {logging_mixin.py:188} INFO - [2026-07-30T19:34:52.218+0000] {dagbag.py:545} INFO - Filling up the DagBag from /opt/airflow/dags/bronze_ingestion_dag.py
[2026-07-30T19:34:52.530+0000] {processor.py:840} INFO - DAG(s) 'ingest_bronze_layer' retrieved from /opt/airflow/dags/bronze_ingestion_dag.py
[2026-07-30T19:34:52.641+0000] {logging_mixin.py:188} INFO - [2026-07-30T19:34:52.640+0000] {dag.py:3096} INFO - Sync 1 DAGs
[2026-07-30T19:34:52.765+0000] {logging_mixin.py:188} INFO - [2026-07-30T19:34:52.765+0000] {dag.py:3954} INFO - Setting next_dagrun for ingest_bronze_layer to 2026-07-30 19:00:00+00:00, run_after=2026-07-30 20:00:00+00:00
[2026-07-30T19:34:52.837+0000] {processor.py:183} INFO - Processing /opt/airflow/dags/bronze_ingestion_dag.py took 0.701 seconds
[2026-07-30T19:35:23.534+0000] {processor.py:161} INFO - Started process (PID=2612) to work on /opt/airflow/dags/bronze_ingestion_dag.py
[2026-07-30T19:35:23.551+0000] {processor.py:830} INFO - Processing file /opt/airflow/dags/bronze_ingestion_dag.py for tasks to queue
[2026-07-30T19:35:23.565+0000] {logging_mixin.py:188} INFO - [2026-07-30T19:35:23.559+0000] {dagbag.py:545} INFO - Filling up the DagBag from /opt/airflow/dags/bronze_ingestion_dag.py
[2026-07-30T19:35:23.834+0000] {processor.py:840} INFO - DAG(s) 'ingest_bronze_layer' retrieved from /opt/airflow/dags/bronze_ingestion_dag.py
[2026-07-30T19:35:23.929+0000] {logging_mixin.py:188} INFO - [2026-07-30T19:35:23.928+0000] {dag.py:3096} INFO - Sync 1 DAGs
[2026-07-30T19:35:24.023+0000] {logging_mixin.py:188} INFO - [2026-07-30T19:35:24.023+0000] {dag.py:3954} INFO - Setting next_dagrun for ingest_bronze_layer to 2026-07-30 19:00:00+00:00, run_after=2026-07-30 20:00:00+00:00
[2026-07-30T19:35:25.147+0000] {processor.py:183} INFO - Processing /opt/airflow/dags/bronze_ingestion_dag.py took 1.779 seconds
[2026-07-30T19:35:55.772+0000] {processor.py:161} INFO - Started process (PID=2634) to work on /opt/airflow/dags/bronze_ingestion_dag.py
[2026-07-30T19:35:55.775+0000] {processor.py:830} INFO - Processing file /opt/airflow/dags/bronze_ingestion_dag.py for tasks to queue
[2026-07-30T19:35:55.782+0000] {logging_mixin.py:188} INFO - [2026-07-30T19:35:55.781+0000] {dagbag.py:545} INFO - Filling up the DagBag from /opt/airflow/dags/bronze_ingestion_dag.py
[2026-07-30T19:35:55.869+0000] {processor.py:840} INFO - DAG(s) 'ingest_bronze_layer' retrieved from /opt/airflow/dags/bronze_ingestion_dag.py
[2026-07-30T19:35:56.001+0000] {logging_mixin.py:188} INFO - [2026-07-30T19:35:56.001+0000] {dag.py:3096} INFO - Sync 1 DAGs
[2026-07-30T19:35:56.138+0000] {logging_mixin.py:188} INFO - [2026-07-30T19:35:56.137+0000] {dag.py:3954} INFO - Setting next_dagrun for ingest_bronze_layer to 2026-07-30 19:00:00+00:00, run_after=2026-07-30 20:00:00+00:00
[2026-07-30T19:35:56.429+0000] {processor.py:183} INFO - Processing /opt/airflow/dags/bronze_ingestion_dag.py took 0.684 seconds
[2026-07-30T19:36:27.351+0000] {processor.py:161} INFO - Started process (PID=2649) to work on /opt/airflow/dags/bronze_ingestion_dag.py
[2026-07-30T19:36:27.375+0000] {processor.py:830} INFO - Processing file /opt/airflow/dags/bronze_ingestion_dag.py for tasks to queue
[2026-07-30T19:36:27.437+0000] {logging_mixin.py:188} INFO - [2026-07-30T19:36:27.422+0000] {dagbag.py:545} INFO - Filling up the DagBag from /opt/airflow/dags/bronze_ingestion_dag.py
[2026-07-30T19:36:27.550+0000] {processor.py:840} INFO - DAG(s) 'ingest_bronze_layer' retrieved from /opt/airflow/dags/bronze_ingestion_dag.py
[2026-07-30T19:36:27.613+0000] {logging_mixin.py:188} INFO - [2026-07-30T19:36:27.612+0000] {dag.py:3096} INFO - Sync 1 DAGs
[2026-07-30T19:36:27.819+0000] {logging_mixin.py:188} INFO - [2026-07-30T19:36:27.818+0000] {dag.py:3954} INFO - Setting next_dagrun for ingest_bronze_layer to 2026-07-30 19:00:00+00:00, run_after=2026-07-30 20:00:00+00:00
[2026-07-30T19:35:26.551+0000] {processor.py:183} INFO - Processing /opt/airflow/dags/bronze_ingestion_dag.py took 0.863 seconds
[2026-07-30T19:36:29.480+0000] {processor.py:161} INFO - Started process (PID=2654) to work on /opt/airflow/dags/bronze_ingestion_dag.py
[2026-07-30T19:36:29.485+0000] {processor.py:830} INFO - Processing file /opt/airflow/dags/bronze_ingestion_dag.py for tasks to queue
[2026-07-30T19:36:29.490+0000] {logging_mixin.py:188} INFO - [2026-07-30T19:36:29.489+0000] {dagbag.py:545} INFO - Filling up the DagBag from /opt/airflow/dags/bronze_ingestion_dag.py
[2026-07-30T19:36:29.593+0000] {processor.py:840} INFO - DAG(s) 'ingest_bronze_layer' retrieved from /opt/airflow/dags/bronze_ingestion_dag.py
[2026-07-30T19:36:29.840+0000] {logging_mixin.py:188} INFO - [2026-07-30T19:36:29.840+0000] {dag.py:3096} INFO - Sync 1 DAGs
[2026-07-30T19:36:29.991+0000] {logging_mixin.py:188} INFO - [2026-07-30T19:36:29.991+0000] {dag.py:3954} INFO - Setting next_dagrun for ingest_bronze_layer to 2026-07-30 19:00:00+00:00, run_after=2026-07-30 20:00:00+00:00
[2026-07-30T19:36:30.283+0000] {processor.py:183} INFO - Processing /opt/airflow/dags/bronze_ingestion_dag.py took 0.818 seconds
[2026-07-30T19:37:30.452+0000] {processor.py:161} INFO - Started process (PID=2669) to work on /opt/airflow/dags/bronze_ingestion_dag.py
[2026-07-30T19:37:30.459+0000] {processor.py:830} INFO - Processing file /opt/airflow/dags/bronze_ingestion_dag.py for tasks to queue
[2026-07-30T19:37:30.475+0000] {logging_mixin.py:188} INFO - [2026-07-30T19:37:30.469+0000] {dagbag.py:545} INFO - Filling up the DagBag from /opt/airflow/dags/bronze_ingestion_dag.py
[2026-07-30T19:37:30.829+0000] {processor.py:840} INFO - DAG(s) 'ingest_bronze_layer' retrieved from /opt/airflow/dags/bronze_ingestion_dag.py
[2026-07-30T19:37:31.170+0000] {logging_mixin.py:188} INFO - [2026-07-30T19:37:31.164+0000] {dag.py:3096} INFO - Sync 1 DAGs
[2026-07-30T19:37:31.419+0000] {logging_mixin.py:188} INFO - [2026-07-30T19:37:31.417+0000] {dag.py:3954} INFO - Setting next_dagrun for ingest_bronze_layer to 2026-07-30 19:00:00+00:00, run_after=2026-07-30 20:00:00+00:00
[2026-07-30T19:37:31.666+0000] {processor.py:183} INFO - Processing /opt/airflow/dags/bronze_ingestion_dag.py took 1.243 seconds
[2026-07-30T19:38:18.014+0000] {processor.py:161} INFO - Started process (PID=2684) to work on /opt/airflow/dags/bronze_ingestion_dag.py
[2026-07-30T19:38:18.080+0000] {processor.py:830} INFO - Processing file /opt/airflow/dags/bronze_ingestion_dag.py for tasks to queue
[2026-07-30T19:38:18.177+0000] {logging_mixin.py:188} INFO - [2026-07-30T19:38:18.127+0000] {dagbag.py:545} INFO - Filling up the DagBag from /opt/airflow/dags/bronze_ingestion_dag.py
[2026-07-30T19:38:19.789+0000] {processor.py:840} INFO - DAG(s) 'ingest_bronze_layer' retrieved from /opt/airflow/dags/bronze_ingestion_dag.py
[2026-07-30T19:38:20.560+0000] {logging_mixin.py:188} INFO - [2026-07-30T19:38:20.559+0000] {dag.py:3096} INFO - Sync 1 DAGs
[2026-07-30T19:38:21.042+0000] {logging_mixin.py:188} INFO - [2026-07-30T19:38:21.041+0000] {dag.py:3954} INFO - Setting next_dagrun for ingest_bronze_layer to 2026-07-30 19:00:00+00:00, run_after=2026-07-30 20:00:00+00:00
[2026-07-30T19:38:21.410+0000] {processor.py:183} INFO - Processing /opt/airflow/dags/bronze_ingestion_dag.py took 4.039 seconds
[2026-07-30T19:38:52.153+0000] {processor.py:161} INFO - Started process (PID=2699) to work on /opt/airflow/dags/bronze_ingestion_dag.py
[2026-07-30T19:38:52.162+0000] {processor.py:830} INFO - Processing file /opt/airflow/dags/bronze_ingestion_dag.py for tasks to queue
[2026-07-30T19:38:52.173+0000] {logging_mixin.py:188} INFO - [2026-07-30T19:38:52.167+0000] {dagbag.py:545} INFO - Filling up the DagBag from /opt/airflow/dags/bronze_ingestion_dag.py
[2026-07-30T19:38:52.280+0000] {processor.py:840} INFO - DAG(s) 'ingest_bronze_layer' retrieved from /opt/airflow/dags/bronze_ingestion_dag.py
[2026-07-30T19:38:52.434+0000] {logging_mixin.py:188} INFO - [2026-07-30T19:38:52.433+0000] {dag.py:3096} INFO - Sync 1 DAGs
[2026-07-30T19:38:52.551+0000] {logging_mixin.py:188} INFO - [2026-07-30T19:38:52.551+0000] {dag.py:3954} INFO - Setting next_dagrun for ingest_bronze_layer to 2026-07-30 19:00:00+00:00, run_after=2026-07-30 20:00:00+00:00
[2026-07-30T19:38:53.012+0000] {processor.py:183} INFO - Processing /opt/airflow/dags/bronze_ingestion_dag.py took 0.890 seconds
[2026-07-30T19:39:23.525+0000] {processor.py:161} INFO - Started process (PID=2714) to work on /opt/airflow/dags/bronze_ingestion_dag.py
[2026-07-30T19:39:23.530+0000] {processor.py:830} INFO - Processing file /opt/airflow/dags/bronze_ingestion_dag.py for tasks to queue
[2026-07-30T19:39:23.555+0000] {logging_mixin.py:188} INFO - [2026-07-30T19:39:23.538+0000] {dagbag.py:545} INFO - Filling up the DagBag from /opt/airflow/dags/bronze_ingestion_dag.py
[2026-07-30T19:39:23.788+0000] {processor.py:840} INFO - DAG(s) 'ingest_bronze_layer' retrieved from /opt/airflow/dags/bronze_ingestion_dag.py
[2026-07-30T19:39:23.844+0000] {logging_mixin.py:188} INFO - [2026-07-30T19:39:23.843+0000] {dag.py:3096} INFO - Sync 1 DAGs
[2026-07-30T19:39:24.004+0000] {logging_mixin.py:188} INFO - [2026-07-30T19:39:24.004+0000] {dag.py:3954} INFO - Setting next_dagrun for ingest_bronze_layer to 2026-07-30 19:00:00+00:00, run_after=2026-07-30 20:00:00+00:00
[2026-07-30T19:39:24.148+0000] {processor.py:183} INFO - Processing /opt/airflow/dags/bronze_ingestion_dag.py took 0.676 seconds
[2026-07-30T19:40:47.016+0000] {processor.py:161} INFO - Started process (PID=2729) to work on /opt/airflow/dags/bronze_ingestion_dag.py
[2026-07-30T19:40:47.025+0000] {processor.py:830} INFO - Processing file /opt/airflow/dags/bronze_ingestion_dag.py for tasks to queue
[2026-07-30T19:40:47.045+0000] {logging_mixin.py:188} INFO - [2026-07-30T19:40:47.035+0000] {dagbag.py:545} INFO - Filling up the DagBag from /opt/airflow/dags/bronze_ingestion_dag.py
[2026-07-30T19:40:47.410+0000] {processor.py:840} INFO - DAG(s) 'ingest_bronze_layer' retrieved from /opt/airflow/dags/bronze_ingestion_dag.py
[2026-07-30T19:40:47.789+0000] {logging_mixin.py:188} INFO - [2026-07-30T19:40:47.788+0000] {dag.py:3096} INFO - Sync 1 DAGs
[2026-07-30T19:40:48.073+0000] {logging_mixin.py:188} INFO - [2026-07-30T19:40:48.072+0000] {dag.py:3954} INFO - Setting next_dagrun for ingest_bronze_layer to 2026-07-30 19:00:00+00:00, run_after=2026-07-30 20:00:00+00:00
[2026-07-30T19:40:48.202+0000] {processor.py:183} INFO - Processing /opt/airflow/dags/bronze_ingestion_dag.py took 1.369 seconds
[2026-07-30T19:41:21.332+0000] {processor.py:161} INFO - Started process (PID=2747) to work on /opt/airflow/dags/bronze_ingestion_dag.py
[2026-07-30T19:41:21.362+0000] {processor.py:830} INFO - Processing file /opt/airflow/dags/bronze_ingestion_dag.py for tasks to queue
[2026-07-30T19:41:21.428+0000] {logging_mixin.py:188} INFO - [2026-07-30T19:41:21.426+0000] {dagbag.py:545} INFO - Filling up the DagBag from /opt/airflow/dags/bronze_ingestion_dag.py
[2026-07-30T19:41:21.796+0000] {processor.py:840} INFO - DAG(s) 'ingest_bronze_layer' retrieved from /opt/airflow/dags/bronze_ingestion_dag.py
[2026-07-30T19:41:22.805+0000] {logging_mixin.py:188} INFO - [2026-07-30T19:41:22.805+0000] {dag.py:3096} INFO - Sync 1 DAGs
[2026-07-30T19:41:24.333+0000] {logging_mixin.py:188} INFO - [2026-07-30T19:41:24.332+0000] {dag.py:3954} INFO - Setting next_dagrun for ingest_bronze_layer to 2026-07-30 19:00:00+00:00, run_after=2026-07-30 20:00:00+00:00
[2026-07-30T19:41:24.779+0000] {processor.py:183} INFO - Processing /opt/airflow/dags/bronze_ingestion_dag.py took 3.482 seconds
[2026-07-30T19:41:56.449+0000] {processor.py:161} INFO - Started process (PID=2759) to work on /opt/airflow/dags/bronze_ingestion_dag.py
[2026-07-30T19:41:56.460+0000] {processor.py:830} INFO - Processing file /opt/airflow/dags/bronze_ingestion_dag.py for tasks to queue
[2026-07-30T19:41:56.483+0000] {logging_mixin.py:188} INFO - [2026-07-30T19:41:56.474+0000] {dagbag.py:545} INFO - Filling up the DagBag from /opt/airflow/dags/bronze_ingestion_dag.py
[2026-07-30T19:41:57.025+0000] {processor.py:840} INFO - DAG(s) 'ingest_bronze_layer' retrieved from /opt/airflow/dags/bronze_ingestion_dag.py
[2026-07-30T19:41:57.574+0000] {logging_mixin.py:188} INFO - [2026-07-30T19:41:57.572+0000] {dag.py:3096} INFO - Sync 1 DAGs
[2026-07-30T19:41:57.884+0000] {logging_mixin.py:188} INFO - [2026-07-30T19:41:57.883+0000] {dag.py:3954} INFO - Setting next_dagrun for ingest_bronze_layer to 2026-07-30 19:00:00+00:00, run_after=2026-07-30 20:00:00+00:00
[2026-07-30T19:41:58.940+0000] {processor.py:183} INFO - Processing /opt/airflow/dags/bronze_ingestion_dag.py took 2.670 seconds
[2026-07-30T19:42:30.466+0000] {processor.py:161} INFO - Started process (PID=2777) to work on /opt/airflow/dags/bronze_ingestion_dag.py
[2026-07-30T19:42:30.485+0000] {processor.py:830} INFO - Processing file /opt/airflow/dags/bronze_ingestion_dag.py for tasks to queue
[2026-07-30T19:42:30.527+0000] {logging_mixin.py:188} INFO - [2026-07-30T19:42:30.515+0000] {dagbag.py:545} INFO - Filling up the DagBag from /opt/airflow/dags/bronze_ingestion_dag.py
[2026-07-30T19:42:31.430+0000] {processor.py:840} INFO - DAG(s) 'ingest_bronze_layer' retrieved from /opt/airflow/dags/bronze_ingestion_dag.py
[2026-07-30T19:42:31.612+0000] {logging_mixin.py:188} INFO - [2026-07-30T19:42:31.611+0000] {dag.py:3096} INFO - Sync 1 DAGs
[2026-07-30T19:42:31.859+0000] {logging_mixin.py:188} INFO - [2026-07-30T19:42:31.858+0000] {dag.py:3954} INFO - Setting next_dagrun for ingest_bronze_layer to 2026-07-30 19:00:00+00:00, run_after=2026-07-30 20:00:00+00:00
[2026-07-30T19:42:32.091+0000] {processor.py:183} INFO - Processing /opt/airflow/dags/bronze_ingestion_dag.py took 1.828 seconds
[2026-07-30T19:43:03.304+0000] {processor.py:161} INFO - Started process (PID=2792) to work on /opt/airflow/dags/bronze_ingestion_dag.py
[2026-07-30T19:43:03.325+0000] {processor.py:830} INFO - Processing file /opt/airflow/dags/bronze_ingestion_dag.py for tasks to queue
[2026-07-30T19:43:03.341+0000] {logging_mixin.py:188} INFO - [2026-07-30T19:43:03.340+0000] {dagbag.py:545} INFO - Filling up the DagBag from /opt/airflow/dags/bronze_ingestion_dag.py
[2026-07-30T19:43:04.048+0000] {processor.py:840} INFO - DAG(s) 'ingest_bronze_layer' retrieved from /opt/airflow/dags/bronze_ingestion_dag.py
[2026-07-30T19:42:04.104+0000] {logging_mixin.py:188} INFO - [2026-07-30T19:42:04.100+0000] {dag.py:3096} INFO - Sync 1 DAGs
[2026-07-30T19:42:04.481+0000] {logging_mixin.py:188} INFO - [2026-07-30T19:42:04.480+0000] {dag.py:3954} INFO - Setting next_dagrun for ingest_bronze_layer to 2026-07-30 19:00:00+00:00, run_after=2026-07-30 20:00:00+00:00
[2026-07-30T19:42:05.091+0000] {processor.py:183} INFO - Processing /opt/airflow/dags/bronze_ingestion_dag.py took 3.110 seconds
[2026-07-30T19:42:36.036+0000] {processor.py:161} INFO - Started process (PID=2809) to work on /opt/airflow/dags/bronze_ingestion_dag.py
[2026-07-30T19:42:36.041+0000] {processor.py:830} INFO - Processing file /opt/airflow/dags/bronze_ingestion_dag.py for tasks to queue
[2026-07-30T19:42:36.055+0000] {logging_mixin.py:188} INFO - [2026-07-30T19:42:36.053+0000] {dagbag.py:545} INFO - Filling up the DagBag from /opt/airflow/dags/bronze_ingestion_dag.py
[2026-07-30T19:42:36.240+0000] {processor.py:840} INFO - DAG(s) 'ingest_bronze_layer' retrieved from /opt/airflow/dags/bronze_ingestion_dag.py
[2026-07-30T19:42:36.459+0000] {logging_mixin.py:188} INFO - [2026-07-30T19:42:36.458+0000] {dag.py:3096} INFO - Sync 1 DAGs
[2026-07-30T19:42:36.672+0000] {logging_mixin.py:188} INFO - [2026-07-30T19:42:36.671+0000] {dag.py:3954} INFO - Setting next_dagrun for ingest_bronze_layer to 2026-07-30 19:00:00+00:00, run_after=2026-07-30 20:00:00+00:00
[2026-07-30T19:42:37.205+0000] {processor.py:183} INFO - Processing /opt/airflow/dags/bronze_ingestion_dag.py took 1.229 seconds
[2026-07-30T19:43:08.675+0000] {processor.py:161} INFO - Started process (PID=2822) to work on /opt/airflow/dags/bronze_ingestion_dag.py
[2026-07-30T19:43:08.692+0000] {processor.py:830} INFO - Processing file /opt/airflow/dags/bronze_ingestion_dag.py for tasks to queue
[2026-07-30T19:43:08.714+0000] {logging_mixin.py:188} INFO - [2026-07-30T19:43:08.704+0000] {dagbag.py:545} INFO - Filling up the DagBag from /opt/airflow/dags/bronze_ingestion_dag.py
[2026-07-30T19:43:08.876+0000] {processor.py:840} INFO - DAG(s) 'ingest_bronze_layer' retrieved from /opt/airflow/dags/bronze_ingestion_dag.py
[2026-07-30T19:43:09.049+0000] {logging_mixin.py:188} INFO - [2026-07-30T19:43:09.049+0000] {dag.py:3096} INFO - Sync 1 DAGs
[2026-07-30T19:43:09.240+0000] {logging_mixin.py:188} INFO - [2026-07-30T19:43:09.236+0000] {dag.py:3954} INFO - Setting next_dagrun for ingest_bronze_layer to 2026-07-30 19:00:00+00:00, run_after=2026-07-30 20:00:00+00:00
[2026-07-30T19:43:09.519+0000] {processor.py:183} INFO - Processing /opt/airflow/dags/bronze_ingestion_dag.py took 1.210 seconds
[2026-07-30T19:44:19.080+0000] {processor.py:161} INFO - Started process (PID=2834) to work on /opt/airflow/dags/bronze_ingestion_dag.py
[2026-07-30T19:44:19.093+0000] {processor.py:830} INFO - Processing file /opt/airflow/dags/bronze_ingestion_dag.py for tasks to queue
[2026-07-30T19:44:19.098+0000] {logging_mixin.py:188} INFO - [2026-07-30T19:44:19.097+0000] {dagbag.py:545} INFO - Filling up the DagBag from /opt/airflow/dags/bronze_ingestion_dag.py
[2026-07-30T19:44:19.204+0000] {processor.py:840} INFO - DAG(s) 'ingest_bronze_layer' retrieved from /opt/airflow/dags/bronze_ingestion_dag.py
[2026-07-30T19:44:19.316+0000] {logging_mixin.py:188} INFO - [2026-07-30T19:44:19.315+0000] {dag.py:3096} INFO - Sync 1 DAGs
[2026-07-30T19:44:19.621+0000] {logging_mixin.py:188} INFO - [2026-07-30T19:44:19.620+0000] {dag.py:3954} INFO - Setting next_dagrun for ingest_bronze_layer to 2026-07-30 19:00:00+00:00, run_after=2026-07-30 20:00:00+00:00
[2026-07-30T19:44:20.081+0000] {processor.py:183} INFO - Processing /opt/airflow/dags/bronze_ingestion_dag.py took 1.053 seconds
[2026-07-30T19:45:51.046+0000] {processor.py:161} INFO - Started process (PID=2849) to work on /opt/airflow/dags/bronze_ingestion_dag.py
[2026-07-30T19:45:51.058+0000] {processor.py:830} INFO - Processing file /opt/airflow/dags/bronze_ingestion_dag.py for tasks to queue
[2026-07-30T19:45:51.094+0000] {logging_mixin.py:188} INFO - [2026-07-30T19:45:51.075+0000] {dagbag.py:545} INFO - Filling up the DagBag from /opt/airflow/dags/bronze_ingestion_dag.py
[2026-07-30T19:45:51.644+0000] {processor.py:840} INFO - DAG(s) 'ingest_bronze_layer' retrieved from /opt/airflow/dags/bronze_ingestion_dag.py
[2026-07-30T19:45:52.143+0000] {logging_mixin.py:188} INFO - [2026-07-30T19:45:52.142+0000] {dag.py:3096} INFO - Sync 1 DAGs
[2026-07-30T19:45:52.683+0000] {logging_mixin.py:188} INFO - [2026-07-30T19:45:52.682+0000] {dag.py:3954} INFO - Setting next_dagrun for ingest_bronze_layer to 2026-07-30 19:00:00+00:00, run_after=2026-07-30 20:00:00+00:00
[2026-07-30T19:45:53.027+0000] {processor.py:183} INFO - Processing /opt/airflow/dags/bronze_ingestion_dag.py took 2.230 seconds
[2026-07-30T19:46:23.984+0000] {processor.py:161} INFO - Started process (PID=2864) to work on /opt/airflow/dags/bronze_ingestion_dag.py
[2026-07-30T19:46:24.004+0000] {processor.py:830} INFO - Processing file /opt/airflow/dags/bronze_ingestion_dag.py for tasks to queue
[2026-07-30T19:46:24.040+0000] {logging_mixin.py:188} INFO - [2026-07-30T19:46:24.022+0000] {dagbag.py:545} INFO - Filling up the DagBag from /opt/airflow/dags/bronze_ingestion_dag.py
[2026-07-30T19:46:24.898+0000] {processor.py:840} INFO - DAG(s) 'ingest_bronze_layer' retrieved from /opt/airflow/dags/bronze_ingestion_dag.py
[2026-07-30T19:46:25.795+0000] {logging_mixin.py:188} INFO - [2026-07-30T19:46:25.793+0000] {dag.py:3096} INFO - Sync 1 DAGs
[2026-07-30T19:46:26.585+0000] {logging_mixin.py:188} INFO - [2026-07-30T19:46:26.584+0000] {dag.py:3954} INFO - Setting next_dagrun for ingest_bronze_layer to 2026-07-30 19:00:00+00:00, run_after=2026-07-30 20:00:00+00:00
[2026-07-30T19:46:26.859+0000] {processor.py:183} INFO - Processing /opt/airflow/dags/bronze_ingestion_dag.py took 3.011 seconds
[2026-07-30T19:46:58.117+0000] {processor.py:161} INFO - Started process (PID=2882) to work on /opt/airflow/dags/bronze_ingestion_dag.py
[2026-07-30T19:46:58.149+0000] {processor.py:830} INFO - Processing file /opt/airflow/dags/bronze_ingestion_dag.py for tasks to queue
[2026-07-30T19:46:58.163+0000] {logging_mixin.py:188} INFO - [2026-07-30T19:46:58.162+0000] {dagbag.py:545} INFO - Filling up the DagBag from /opt/airflow/dags/bronze_ingestion_dag.py
[2026-07-30T19:46:58.477+0000] {processor.py:840} INFO - DAG(s) 'ingest_bronze_layer' retrieved from /opt/airflow/dags/bronze_ingestion_dag.py
[2026-07-30T19:46:58.621+0000] {logging_mixin.py:188} INFO - [2026-07-30T19:46:58.620+0000] {dag.py:3096} INFO - Sync 1 DAGs
[2026-07-30T19:46:58.861+0000] {logging_mixin.py:188} INFO - [2026-07-30T19:46:58.860+0000] {dag.py:3954} INFO - Setting next_dagrun for ingest_bronze_layer to 2026-07-30 19:00:00+00:00, run_after=2026-07-30 20:00:00+00:00
[2026-07-30T19:47:00.071+0000] {processor.py:183} INFO - Processing /opt/airflow/dags/bronze_ingestion_dag.py took 2.599 seconds
[2026-07-30T19:47:30.874+0000] {processor.py:161} INFO - Started process (PID=2894) to work on /opt/airflow/dags/bronze_ingestion_dag.py
[2026-07-30T19:47:30.878+0000] {processor.py:830} INFO - Processing file /opt/airflow/dags/bronze_ingestion_dag.py for tasks to queue
[2026-07-30T19:47:30.883+0000] {logging_mixin.py:188} INFO - [2026-07-30T19:47:30.882+0000] {dagbag.py:545} INFO - Filling up the DagBag from /opt/airflow/dags/bronze_ingestion_dag.py
[2026-07-30T19:47:31.029+0000] {processor.py:840} INFO - DAG(s) 'ingest_bronze_layer' retrieved from /opt/airflow/dags/bronze_ingestion_dag.py
[2026-07-30T19:47:31.169+0000] {logging_mixin.py:188} INFO - [2026-07-30T19:47:31.169+0000] {dag.py:3096} INFO - Sync 1 DAGs
[2026-07-30T19:47:31.444+0000] {logging_mixin.py:188} INFO - [2026-07-30T19:47:31.443+0000] {dag.py:3954} INFO - Setting next_dagrun for ingest_bronze_layer to 2026-07-30 19:00:00+00:00, run_after=2026-07-30 20:00:00+00:00
[2026-07-30T19:47:31.614+0000] {processor.py:183} INFO - Processing /opt/airflow/dags/bronze_ingestion_dag.py took 0.778 seconds
[2026-07-30T19:48:05.405+0000] {processor.py:161} INFO - Started process (PID=2909) to work on /opt/airflow/dags/bronze_ingestion_dag.py
[2026-07-30T19:48:05.484+0000] {processor.py:830} INFO - Processing file /opt/airflow/dags/bronze_ingestion_dag.py for tasks to queue
[2026-07-30T19:48:05.539+0000] {logging_mixin.py:188} INFO - [2026-07-30T19:48:05.537+0000] {dagbag.py:545} INFO - Filling up the DagBag from /opt/airflow/dags/bronze_ingestion_dag.py
[2026-07-30T19:47:08.352+0000] {processor.py:840} INFO - DAG(s) 'ingest_bronze_layer' retrieved from /opt/airflow/dags/bronze_ingestion_dag.py
[2026-07-30T19:48:10.800+0000] {logging_mixin.py:188} INFO - [2026-07-30T19:48:10.799+0000] {dag.py:3096} INFO - Sync 1 DAGs
[2026-07-30T19:48:13.087+0000] {logging_mixin.py:188} INFO - [2026-07-30T19:48:13.083+0000] {dag.py:3954} INFO - Setting next_dagrun for ingest_bronze_layer to 2026-07-30 19:00:00+00:00, run_after=2026-07-30 20:00:00+00:00
[2026-07-30T19:48:18.923+0000] {processor.py:183} INFO - Processing /opt/airflow/dags/bronze_ingestion_dag.py took 13.176 seconds
[2026-07-30T19:48:51.040+0000] {processor.py:161} INFO - Started process (PID=2927) to work on /opt/airflow/dags/bronze_ingestion_dag.py
[2026-07-30T19:48:51.069+0000] {processor.py:830} INFO - Processing file /opt/airflow/dags/bronze_ingestion_dag.py for tasks to queue
[2026-07-30T19:48:51.084+0000] {logging_mixin.py:188} INFO - [2026-07-30T19:48:51.079+0000] {dagbag.py:545} INFO - Filling up the DagBag from /opt/airflow/dags/bronze_ingestion_dag.py
[2026-07-30T19:48:51.725+0000] {processor.py:840} INFO - DAG(s) 'ingest_bronze_layer' retrieved from /opt/airflow/dags/bronze_ingestion_dag.py
[2026-07-30T19:48:53.263+0000] {logging_mixin.py:188} INFO - [2026-07-30T19:48:53.262+0000] {dag.py:3096} INFO - Sync 1 DAGs
[2026-07-30T19:48:53.638+0000] {logging_mixin.py:188} INFO - [2026-07-30T19:48:53.636+0000] {dag.py:3954} INFO - Setting next_dagrun for ingest_bronze_layer to 2026-07-30 19:00:00+00:00, run_after=2026-07-30 20:00:00+00:00
[2026-07-30T19:48:54.356+0000] {processor.py:183} INFO - Processing /opt/airflow/dags/bronze_ingestion_dag.py took 3.659 seconds
[2026-07-30T19:49:26.417+0000] {processor.py:161} INFO - Started process (PID=2939) to work on /opt/airflow/dags/bronze_ingestion_dag.py
[2026-07-30T19:49:26.451+0000] {processor.py:830} INFO - Processing file /opt/airflow/dags/bronze_ingestion_dag.py for tasks to queue
[2026-07-30T19:49:26.482+0000] {logging_mixin.py:188} INFO - [2026-07-30T19:49:26.466+0000] {dagbag.py:545} INFO - Filling up the DagBag from /opt/airflow/dags/bronze_ingestion_dag.py
[2026-07-30T19:49:26.971+0000] {processor.py:840} INFO - DAG(s) 'ingest_bronze_layer' retrieved from /opt/airflow/dags/bronze_ingestion_dag.py
[2026-07-30T19:49:27.215+0000] {logging_mixin.py:188} INFO - [2026-07-30T19:49:27.214+0000] {dag.py:3096} INFO - Sync 1 DAGs
[2026-07-30T19:49:27.481+0000] {logging_mixin.py:188} INFO - [2026-07-30T19:49:27.481+0000] {dag.py:3954} INFO - Setting next_dagrun for ingest_bronze_layer to 2026-07-30 19:00:00+00:00, run_after=2026-07-30 20:00:00+00:00
[2026-07-30T19:49:27.658+0000] {processor.py:183} INFO - Processing /opt/airflow/dags/bronze_ingestion_dag.py took 1.461 seconds
[2026-07-30T19:49:59.204+0000] {processor.py:161} INFO - Started process (PID=2954) to work on /opt/airflow/dags/bronze_ingestion_dag.py
[2026-07-30T19:49:59.208+0000] {processor.py:830} INFO - Processing file /opt/airflow/dags/bronze_ingestion_dag.py for tasks to queue
[2026-07-30T19:49:59.221+0000] {logging_mixin.py:188} INFO - [2026-07-30T19:49:59.218+0000] {dagbag.py:545} INFO - Filling up the DagBag from /opt/airflow/dags/bronze_ingestion_dag.py
[2026-07-30T19:49:59.388+0000] {processor.py:840} INFO - DAG(s) 'ingest_bronze_layer' retrieved from /opt/airflow/dags/bronze_ingestion_dag.py
[2026-07-30T19:49:59.643+0000] {logging_mixin.py:188} INFO - [2026-07-30T19:49:59.642+0000] {dag.py:3096} INFO - Sync 1 DAGs
[2026-07-30T19:49:59.903+0000] {logging_mixin.py:188} INFO - [2026-07-30T19:49:59.902+0000] {dag.py:3954} INFO - Setting next_dagrun for ingest_bronze_layer to 2026-07-30 19:00:00+00:00, run_after=2026-07-30 20:00:00+00:00
[2026-07-30T19:50:00.243+0000] {processor.py:183} INFO - Processing /opt/airflow/dags/bronze_ingestion_dag.py took 1.101 seconds
[2026-07-30T19:50:39.766+0000] {processor.py:161} INFO - Started process (PID=2969) to work on /opt/airflow/dags/bronze_ingestion_dag.py
[2026-07-30T19:50:39.782+0000] {processor.py:830} INFO - Processing file /opt/airflow/dags/bronze_ingestion_dag.py for tasks to queue
[2026-07-30T19:50:39.797+0000] {logging_mixin.py:188} INFO - [2026-07-30T19:50:39.788+0000] {dagbag.py:545} INFO - Filling up the DagBag from /opt/airflow/dags/bronze_ingestion_dag.py
[2026-07-30T19:50:40.231+0000] {processor.py:840} INFO - DAG(s) 'ingest_bronze_layer' retrieved from /opt/airflow/dags/bronze_ingestion_dag.py
[2026-07-30T19:50:44.230+0000] {logging_mixin.py:188} INFO - [2026-07-30T19:50:44.229+0000] {dag.py:3096} INFO - Sync 1 DAGs
[2026-07-30T19:50:46.701+0000] {logging_mixin.py:188} INFO - [2026-07-30T19:50:46.700+0000] {dag.py:3954} INFO - Setting next_dagrun for ingest_bronze_layer to 2026-07-30 19:00:00+00:00, run_after=2026-07-30 20:00:00+00:00
[2026-07-30T19:50:48.168+0000] {processor.py:183} INFO - Processing /opt/airflow/dags/bronze_ingestion_dag.py took 8.775 seconds
[2026-07-30T19:51:19.942+0000] {processor.py:161} INFO - Started process (PID=2987) to work on /opt/airflow/dags/bronze_ingestion_dag.py
[2026-07-30T19:51:19.956+0000] {processor.py:830} INFO - Processing file /opt/airflow/dags/bronze_ingestion_dag.py for tasks to queue
[2026-07-30T19:51:19.987+0000] {logging_mixin.py:188} INFO - [2026-07-30T19:51:19.974+0000] {dagbag.py:545} INFO - Filling up the DagBag from /opt/airflow/dags/bronze_ingestion_dag.py
[2026-07-30T19:51:20.659+0000] {processor.py:840} INFO - DAG(s) 'ingest_bronze_layer' retrieved from /opt/airflow/dags/bronze_ingestion_dag.py
[2026-07-30T19:51:21.179+0000] {logging_mixin.py:188} INFO - [2026-07-30T19:51:21.179+0000] {dag.py:3096} INFO - Sync 1 DAGs
[2026-07-30T19:51:21.572+0000] {logging_mixin.py:188} INFO - [2026-07-30T19:51:21.572+0000] {dag.py:3954} INFO - Setting next_dagrun for ingest_bronze_layer to 2026-07-30 19:00:00+00:00, run_after=2026-07-30 20:00:00+00:00
[2026-07-30T19:51:21.822+0000] {processor.py:183} INFO - Processing /opt/airflow/dags/bronze_ingestion_dag.py took 2.050 seconds
[2026-07-30T19:53:13.220+0000] {processor.py:161} INFO - Started process (PID=2999) to work on /opt/airflow/dags/bronze_ingestion_dag.py
[2026-07-30T19:53:13.387+0000] {processor.py:830} INFO - Processing file /opt/airflow/dags/bronze_ingestion_dag.py for tasks to queue
[2026-07-30T19:53:48.843+0000] {processor.py:161} INFO - Started process (PID=3011) to work on /opt/airflow/dags/bronze_ingestion_dag.py
[2026-07-30T19:53:48.859+0000] {processor.py:830} INFO - Processing file /opt/airflow/dags/bronze_ingestion_dag.py for tasks to queue
[2026-07-30T19:53:48.914+0000] {logging_mixin.py:188} INFO - [2026-07-30T19:53:48.874+0000] {dagbag.py:545} INFO - Filling up the DagBag from /opt/airflow/dags/bronze_ingestion_dag.py
[2026-07-30T19:53:50.174+0000] {processor.py:840} INFO - DAG(s) 'ingest_bronze_layer' retrieved from /opt/airflow/dags/bronze_ingestion_dag.py
[2026-07-30T19:53:53.666+0000] {logging_mixin.py:188} INFO - [2026-07-30T19:53:53.665+0000] {dag.py:3096} INFO - Sync 1 DAGs
[2026-07-30T19:53:53.982+0000] {logging_mixin.py:188} INFO - [2026-07-30T19:53:53.978+0000] {dag.py:3954} INFO - Setting next_dagrun for ingest_bronze_layer to 2026-07-30 19:00:00+00:00, run_after=2026-07-30 20:00:00+00:00
[2026-07-30T19:53:54.193+0000] {processor.py:183} INFO - Processing /opt/airflow/dags/bronze_ingestion_dag.py took 6.566 seconds
[2026-07-30T19:55:22.968+0000] {processor.py:161} INFO - Started process (PID=3026) to work on /opt/airflow/dags/bronze_ingestion_dag.py
[2026-07-30T19:55:22.976+0000] {processor.py:830} INFO - Processing file /opt/airflow/dags/bronze_ingestion_dag.py for tasks to queue
[2026-07-30T19:55:22.982+0000] {logging_mixin.py:188} INFO - [2026-07-30T19:55:22.981+0000] {dagbag.py:545} INFO - Filling up the DagBag from /opt/airflow/dags/bronze_ingestion_dag.py
[2026-07-30T19:55:23.115+0000] {processor.py:840} INFO - DAG(s) 'ingest_bronze_layer' retrieved from /opt/airflow/dags/bronze_ingestion_dag.py
[2026-07-30T19:55:23.295+0000] {logging_mixin.py:188} INFO - [2026-07-30T19:55:23.294+0000] {dag.py:3096} INFO - Sync 1 DAGs
[2026-07-30T19:55:23.453+0000] {logging_mixin.py:188} INFO - [2026-07-30T19:55:23.452+0000] {dag.py:3954} INFO - Setting next_dagrun for ingest_bronze_layer to 2026-07-30 19:00:00+00:00, run_after=2026-07-30 20:00:00+00:00
[2026-07-30T19:55:23.607+0000] {processor.py:183} INFO - Processing /opt/airflow/dags/bronze_ingestion_dag.py took 0.674 seconds
