[2026-09-05T14:40:23.724+0000] {processor.py:161} INFO - Started process (PID=162) to work on /opt/airflow/dags/silver_processing_dag.py
[2026-09-05T14:40:23.820+0000] {processor.py:830} INFO - Processing file /opt/airflow/dags/silver_processing_dag.py for tasks to queue
[2026-09-05T14:40:23.907+0000] {logging_mixin.py:188} INFO - [2026-09-05T14:40:23.906+0000] {dagbag.py:545} INFO - Filling up the DagBag from /opt/airflow/dags/silver_processing_dag.py
[2026-09-05T14:40:24.267+0000] {processor.py:840} INFO - DAG(s) 'process_silver_layer' retrieved from /opt/airflow/dags/silver_processing_dag.py
[2026-09-05T14:40:28.846+0000] {logging_mixin.py:188} INFO - [2026-09-05T14:40:28.846+0000] {dag.py:3096} INFO - Sync 1 DAGs
[2026-09-05T14:40:29.061+0000] {logging_mixin.py:188} INFO - [2026-09-05T14:40:29.061+0000] {dag.py:3954} INFO - Setting next_dagrun for process_silver_layer to None, run_after=None
[2026-09-05T14:40:29.385+0000] {processor.py:183} INFO - Processing /opt/airflow/dags/silver_processing_dag.py took 6.167 seconds
[2026-09-05T14:41:04.229+0000] {processor.py:161} INFO - Started process (PID=179) to work on /opt/airflow/dags/silver_processing_dag.py
[2026-09-05T14:41:04.234+0000] {processor.py:830} INFO - Processing file /opt/airflow/dags/silver_processing_dag.py for tasks to queue
[2026-09-05T14:41:04.249+0000] {logging_mixin.py:188} INFO - [2026-09-05T14:41:04.247+0000] {dagbag.py:545} INFO - Filling up the DagBag from /opt/airflow/dags/silver_processing_dag.py
[2026-09-05T14:41:04.611+0000] {processor.py:840} INFO - DAG(s) 'process_silver_layer' retrieved from /opt/airflow/dags/silver_processing_dag.py
[2026-09-05T14:41:04.799+0000] {logging_mixin.py:188} INFO - [2026-09-05T14:41:04.798+0000] {dag.py:3096} INFO - Sync 1 DAGs
[2026-09-05T14:41:04.905+0000] {logging_mixin.py:188} INFO - [2026-09-05T14:41:04.904+0000] {dag.py:3954} INFO - Setting next_dagrun for process_silver_layer to None, run_after=None
[2026-09-05T14:41:05.061+0000] {processor.py:183} INFO - Processing /opt/airflow/dags/silver_processing_dag.py took 0.859 seconds
[2026-09-05T14:41:35.553+0000] {processor.py:161} INFO - Started process (PID=194) to work on /opt/airflow/dags/silver_processing_dag.py
[2026-09-05T14:41:35.569+0000] {processor.py:830} INFO - Processing file /opt/airflow/dags/silver_processing_dag.py for tasks to queue
[2026-09-05T14:41:35.588+0000] {logging_mixin.py:188} INFO - [2026-09-05T14:41:35.584+0000] {dagbag.py:545} INFO - Filling up the DagBag from /opt/airflow/dags/silver_processing_dag.py
[2026-09-05T14:41:35.722+0000] {processor.py:840} INFO - DAG(s) 'process_silver_layer' retrieved from /opt/airflow/dags/silver_processing_dag.py
[2026-09-05T14:41:35.939+0000] {logging_mixin.py:188} INFO - [2026-09-05T14:41:35.938+0000] {dag.py:3096} INFO - Sync 1 DAGs
[2026-09-05T14:41:36.051+0000] {logging_mixin.py:188} INFO - [2026-09-05T14:41:36.050+0000] {dag.py:3954} INFO - Setting next_dagrun for process_silver_layer to None, run_after=None
[2026-09-05T14:41:36.203+0000] {processor.py:183} INFO - Processing /opt/airflow/dags/silver_processing_dag.py took 0.741 seconds
[2026-09-05T14:42:06.609+0000] {processor.py:161} INFO - Started process (PID=209) to work on /opt/airflow/dags/silver_processing_dag.py
[2026-09-05T14:42:06.612+0000] {processor.py:830} INFO - Processing file /opt/airflow/dags/silver_processing_dag.py for tasks to queue
[2026-09-05T14:42:06.621+0000] {logging_mixin.py:188} INFO - [2026-09-05T14:42:06.620+0000] {dagbag.py:545} INFO - Filling up the DagBag from /opt/airflow/dags/silver_processing_dag.py
[2026-09-05T14:42:06.708+0000] {processor.py:840} INFO - DAG(s) 'process_silver_layer' retrieved from /opt/airflow/dags/silver_processing_dag.py
[2026-09-05T14:42:06.796+0000] {logging_mixin.py:188} INFO - [2026-09-05T14:42:06.795+0000] {dag.py:3096} INFO - Sync 1 DAGs
[2026-09-05T14:42:07.234+0000] {logging_mixin.py:188} INFO - [2026-09-05T14:42:07.234+0000] {dag.py:3954} INFO - Setting next_dagrun for process_silver_layer to None, run_after=None
[2026-09-05T14:42:07.283+0000] {processor.py:183} INFO - Processing /opt/airflow/dags/silver_processing_dag.py took 0.718 seconds
[2026-09-05T14:42:38.082+0000] {processor.py:161} INFO - Started process (PID=224) to work on /opt/airflow/dags/silver_processing_dag.py
[2026-09-05T14:42:38.089+0000] {processor.py:830} INFO - Processing file /opt/airflow/dags/silver_processing_dag.py for tasks to queue
[2026-09-05T14:42:38.097+0000] {logging_mixin.py:188} INFO - [2026-09-05T14:42:38.096+0000] {dagbag.py:545} INFO - Filling up the DagBag from /opt/airflow/dags/silver_processing_dag.py
[2026-09-05T14:42:38.150+0000] {processor.py:840} INFO - DAG(s) 'process_silver_layer' retrieved from /opt/airflow/dags/silver_processing_dag.py
[2026-09-05T14:42:38.617+0000] {logging_mixin.py:188} INFO - [2026-09-05T14:42:38.616+0000] {dag.py:3096} INFO - Sync 1 DAGs
[2026-09-05T14:42:38.649+0000] {logging_mixin.py:188} INFO - [2026-09-05T14:42:38.648+0000] {dag.py:3954} INFO - Setting next_dagrun for process_silver_layer to None, run_after=None
[2026-09-05T14:42:38.737+0000] {processor.py:183} INFO - Processing /opt/airflow/dags/silver_processing_dag.py took 0.674 seconds
[2026-09-05T14:43:09.633+0000] {processor.py:161} INFO - Started process (PID=239) to work on /opt/airflow/dags/silver_processing_dag.py
[2026-09-05T14:43:09.638+0000] {processor.py:830} INFO - Processing file /opt/airflow/dags/silver_processing_dag.py for tasks to queue
[2026-09-05T14:43:09.646+0000] {logging_mixin.py:188} INFO - [2026-09-05T14:43:09.645+0000] {dagbag.py:545} INFO - Filling up the DagBag from /opt/airflow/dags/silver_processing_dag.py
[2026-09-05T14:43:10.070+0000] {processor.py:840} INFO - DAG(s) 'process_silver_layer' retrieved from /opt/airflow/dags/silver_processing_dag.py
[2026-09-05T14:43:10.119+0000] {logging_mixin.py:188} INFO - [2026-09-05T14:43:10.118+0000] {dag.py:3096} INFO - Sync 1 DAGs
[2026-09-05T14:43:10.148+0000] {logging_mixin.py:188} INFO - [2026-09-05T14:43:10.148+0000] {dag.py:3954} INFO - Setting next_dagrun for process_silver_layer to None, run_after=None
[2026-09-05T14:43:10.216+0000] {processor.py:183} INFO - Processing /opt/airflow/dags/silver_processing_dag.py took 0.601 seconds
[2026-09-05T14:43:40.862+0000] {processor.py:161} INFO - Started process (PID=254) to work on /opt/airflow/dags/silver_processing_dag.py
[2026-09-05T14:43:40.876+0000] {processor.py:830} INFO - Processing file /opt/airflow/dags/silver_processing_dag.py for tasks to queue
[2026-09-05T14:43:40.901+0000] {logging_mixin.py:188} INFO - [2026-09-05T14:43:40.899+0000] {dagbag.py:545} INFO - Filling up the DagBag from /opt/airflow/dags/silver_processing_dag.py
[2026-09-05T14:43:40.985+0000] {processor.py:840} INFO - DAG(s) 'process_silver_layer' retrieved from /opt/airflow/dags/silver_processing_dag.py
[2026-09-05T14:43:41.098+0000] {logging_mixin.py:188} INFO - [2026-09-05T14:43:41.097+0000] {dag.py:3096} INFO - Sync 1 DAGs
[2026-09-05T14:43:41.287+0000] {logging_mixin.py:188} INFO - [2026-09-05T14:43:41.286+0000] {dag.py:3954} INFO - Setting next_dagrun for process_silver_layer to None, run_after=None
[2026-09-05T14:43:42.094+0000] {processor.py:183} INFO - Processing /opt/airflow/dags/silver_processing_dag.py took 1.255 seconds
[2026-09-05T14:44:12.923+0000] {processor.py:161} INFO - Started process (PID=269) to work on /opt/airflow/dags/silver_processing_dag.py
[2026-09-05T14:44:12.935+0000] {processor.py:830} INFO - Processing file /opt/airflow/dags/silver_processing_dag.py for tasks to queue
[2026-09-05T14:44:12.952+0000] {logging_mixin.py:188} INFO - [2026-09-05T14:44:12.950+0000] {dagbag.py:545} INFO - Filling up the DagBag from /opt/airflow/dags/silver_processing_dag.py
[2026-09-05T14:44:13.093+0000] {processor.py:840} INFO - DAG(s) 'process_silver_layer' retrieved from /opt/airflow/dags/silver_processing_dag.py
[2026-09-05T14:44:13.279+0000] {logging_mixin.py:188} INFO - [2026-09-05T14:44:13.279+0000] {dag.py:3096} INFO - Sync 1 DAGs
[2026-09-05T14:44:13.361+0000] {logging_mixin.py:188} INFO - [2026-09-05T14:44:13.360+0000] {dag.py:3954} INFO - Setting next_dagrun for process_silver_layer to None, run_after=None
[2026-09-05T14:44:13.534+0000] {processor.py:183} INFO - Processing /opt/airflow/dags/silver_processing_dag.py took 0.638 seconds
[2026-09-05T14:44:44.535+0000] {processor.py:161} INFO - Started process (PID=284) to work on /opt/airflow/dags/silver_processing_dag.py
[2026-09-05T14:44:44.593+0000] {processor.py:830} INFO - Processing file /opt/airflow/dags/silver_processing_dag.py for tasks to queue
[2026-09-05T14:44:44.614+0000] {logging_mixin.py:188} INFO - [2026-09-05T14:44:44.613+0000] {dagbag.py:545} INFO - Filling up the DagBag from /opt/airflow/dags/silver_processing_dag.py
[2026-09-05T14:44:44.785+0000] {processor.py:840} INFO - DAG(s) 'process_silver_layer' retrieved from /opt/airflow/dags/silver_processing_dag.py
[2026-09-05T14:44:44.995+0000] {logging_mixin.py:188} INFO - [2026-09-05T14:44:44.994+0000] {dag.py:3096} INFO - Sync 1 DAGs
[2026-09-05T14:44:45.122+0000] {logging_mixin.py:188} INFO - [2026-09-05T14:44:45.121+0000] {dag.py:3954} INFO - Setting next_dagrun for process_silver_layer to None, run_after=None
[2026-09-05T14:44:45.284+0000] {processor.py:183} INFO - Processing /opt/airflow/dags/silver_processing_dag.py took 0.809 seconds
[2026-09-05T14:45:16.461+0000] {processor.py:161} INFO - Started process (PID=299) to work on /opt/airflow/dags/silver_processing_dag.py
[2026-09-05T14:45:16.474+0000] {processor.py:830} INFO - Processing file /opt/airflow/dags/silver_processing_dag.py for tasks to queue
[2026-09-05T14:45:16.493+0000] {logging_mixin.py:188} INFO - [2026-09-05T14:45:16.491+0000] {dagbag.py:545} INFO - Filling up the DagBag from /opt/airflow/dags/silver_processing_dag.py
[2026-09-05T14:45:16.706+0000] {processor.py:840} INFO - DAG(s) 'process_silver_layer' retrieved from /opt/airflow/dags/silver_processing_dag.py
[2026-09-05T14:45:16.896+0000] {logging_mixin.py:188} INFO - [2026-09-05T14:45:16.896+0000] {dag.py:3096} INFO - Sync 1 DAGs
[2026-09-05T14:45:17.008+0000] {logging_mixin.py:188} INFO - [2026-09-05T14:45:17.007+0000] {dag.py:3954} INFO - Setting next_dagrun for process_silver_layer to None, run_after=None
[2026-09-05T14:45:17.141+0000] {processor.py:183} INFO - Processing /opt/airflow/dags/silver_processing_dag.py took 0.758 seconds
[2026-09-05T14:45:48.416+0000] {processor.py:161} INFO - Started process (PID=316) to work on /opt/airflow/dags/silver_processing_dag.py
[2026-09-05T14:45:48.454+0000] {processor.py:830} INFO - Processing file /opt/airflow/dags/silver_processing_dag.py for tasks to queue
[2026-09-05T14:45:48.506+0000] {logging_mixin.py:188} INFO - [2026-09-05T14:45:48.505+0000] {dagbag.py:545} INFO - Filling up the DagBag from /opt/airflow/dags/silver_processing_dag.py
[2026-09-05T14:45:50.049+0000] {processor.py:840} INFO - DAG(s) 'process_silver_layer' retrieved from /opt/airflow/dags/silver_processing_dag.py
[2026-09-05T14:45:50.312+0000] {logging_mixin.py:188} INFO - [2026-09-05T14:45:50.300+0000] {dag.py:3096} INFO - Sync 1 DAGs
[2026-09-05T14:45:50.532+0000] {logging_mixin.py:188} INFO - [2026-09-05T14:45:50.531+0000] {dag.py:3954} INFO - Setting next_dagrun for process_silver_layer to None, run_after=None
[2026-09-05T14:45:50.909+0000] {processor.py:183} INFO - Processing /opt/airflow/dags/silver_processing_dag.py took 2.561 seconds
[2026-09-05T14:46:21.458+0000] {processor.py:161} INFO - Started process (PID=336) to work on /opt/airflow/dags/silver_processing_dag.py
[2026-09-05T14:46:21.465+0000] {processor.py:830} INFO - Processing file /opt/airflow/dags/silver_processing_dag.py for tasks to queue
[2026-09-05T14:46:21.475+0000] {logging_mixin.py:188} INFO - [2026-09-05T14:46:21.474+0000] {dagbag.py:545} INFO - Filling up the DagBag from /opt/airflow/dags/silver_processing_dag.py
[2026-09-05T14:46:21.547+0000] {processor.py:840} INFO - DAG(s) 'process_silver_layer' retrieved from /opt/airflow/dags/silver_processing_dag.py
[2026-09-05T14:46:21.658+0000] {logging_mixin.py:188} INFO - [2026-09-05T14:46:21.657+0000] {dag.py:3096} INFO - Sync 1 DAGs
[2026-09-05T14:46:21.782+0000] {logging_mixin.py:188} INFO - [2026-09-05T14:46:21.781+0000] {dag.py:3954} INFO - Setting next_dagrun for process_silver_layer to None, run_after=None
[2026-09-05T14:46:21.946+0000] {processor.py:183} INFO - Processing /opt/airflow/dags/silver_processing_dag.py took 0.520 seconds
[2026-09-05T14:46:53.464+0000] {processor.py:161} INFO - Started process (PID=387) to work on /opt/airflow/dags/silver_processing_dag.py
[2026-09-05T14:46:53.473+0000] {processor.py:830} INFO - Processing file /opt/airflow/dags/silver_processing_dag.py for tasks to queue
[2026-09-05T14:46:53.529+0000] {logging_mixin.py:188} INFO - [2026-09-05T14:46:53.527+0000] {dagbag.py:545} INFO - Filling up the DagBag from /opt/airflow/dags/silver_processing_dag.py
[2026-09-05T14:46:53.946+0000] {processor.py:840} INFO - DAG(s) 'process_silver_layer' retrieved from /opt/airflow/dags/silver_processing_dag.py
[2026-09-05T14:46:54.435+0000] {logging_mixin.py:188} INFO - [2026-09-05T14:46:54.434+0000] {dag.py:3096} INFO - Sync 1 DAGs
[2026-09-05T14:46:54.838+0000] {logging_mixin.py:188} INFO - [2026-09-05T14:46:54.837+0000] {dag.py:3954} INFO - Setting next_dagrun for process_silver_layer to None, run_after=None
[2026-09-05T14:46:57.389+0000] {processor.py:183} INFO - Processing /opt/airflow/dags/silver_processing_dag.py took 4.021 seconds
[2026-09-05T14:47:28.743+0000] {processor.py:161} INFO - Started process (PID=480) to work on /opt/airflow/dags/silver_processing_dag.py
[2026-09-05T14:47:28.748+0000] {processor.py:830} INFO - Processing file /opt/airflow/dags/silver_processing_dag.py for tasks to queue
[2026-09-05T14:47:28.759+0000] {logging_mixin.py:188} INFO - [2026-09-05T14:47:28.758+0000] {dagbag.py:545} INFO - Filling up the DagBag from /opt/airflow/dags/silver_processing_dag.py
[2026-09-05T14:47:28.933+0000] {processor.py:840} INFO - DAG(s) 'process_silver_layer' retrieved from /opt/airflow/dags/silver_processing_dag.py
[2026-09-05T14:47:29.448+0000] {logging_mixin.py:188} INFO - [2026-09-05T14:47:29.429+0000] {dag.py:3096} INFO - Sync 1 DAGs
[2026-09-05T14:47:29.980+0000] {logging_mixin.py:188} INFO - [2026-09-05T14:47:29.979+0000] {dag.py:3954} INFO - Setting next_dagrun for process_silver_layer to None, run_after=None
[2026-09-05T14:47:30.422+0000] {processor.py:183} INFO - Processing /opt/airflow/dags/silver_processing_dag.py took 1.732 seconds
[2026-09-05T14:48:02.088+0000] {processor.py:161} INFO - Started process (PID=566) to work on /opt/airflow/dags/silver_processing_dag.py
[2026-09-05T14:48:02.108+0000] {processor.py:830} INFO - Processing file /opt/airflow/dags/silver_processing_dag.py for tasks to queue
[2026-09-05T14:48:02.121+0000] {logging_mixin.py:188} INFO - [2026-09-05T14:48:02.119+0000] {dagbag.py:545} INFO - Filling up the DagBag from /opt/airflow/dags/silver_processing_dag.py
[2026-09-05T14:48:02.329+0000] {processor.py:840} INFO - DAG(s) 'process_silver_layer' retrieved from /opt/airflow/dags/silver_processing_dag.py
[2026-09-05T14:48:02.578+0000] {logging_mixin.py:188} INFO - [2026-09-05T14:48:02.577+0000] {dag.py:3096} INFO - Sync 1 DAGs
[2026-09-05T14:48:02.678+0000] {logging_mixin.py:188} INFO - [2026-09-05T14:48:02.677+0000] {dag.py:3954} INFO - Setting next_dagrun for process_silver_layer to None, run_after=None
[2026-09-05T14:48:02.762+0000] {processor.py:183} INFO - Processing /opt/airflow/dags/silver_processing_dag.py took 0.770 seconds
[2026-09-05T14:48:33.132+0000] {processor.py:161} INFO - Started process (PID=676) to work on /opt/airflow/dags/silver_processing_dag.py
[2026-09-05T14:48:33.146+0000] {processor.py:830} INFO - Processing file /opt/airflow/dags/silver_processing_dag.py for tasks to queue
[2026-09-05T14:48:33.179+0000] {logging_mixin.py:188} INFO - [2026-09-05T14:48:33.178+0000] {dagbag.py:545} INFO - Filling up the DagBag from /opt/airflow/dags/silver_processing_dag.py
[2026-09-05T14:48:33.320+0000] {processor.py:840} INFO - DAG(s) 'process_silver_layer' retrieved from /opt/airflow/dags/silver_processing_dag.py
[2026-09-05T14:48:33.604+0000] {logging_mixin.py:188} INFO - [2026-09-05T14:48:33.604+0000] {dag.py:3096} INFO - Sync 1 DAGs
[2026-09-05T14:48:33.745+0000] {logging_mixin.py:188} INFO - [2026-09-05T14:48:33.744+0000] {dag.py:3954} INFO - Setting next_dagrun for process_silver_layer to None, run_after=None
[2026-09-05T14:48:33.846+0000] {processor.py:183} INFO - Processing /opt/airflow/dags/silver_processing_dag.py took 0.800 seconds
[2026-09-05T14:49:04.854+0000] {processor.py:161} INFO - Started process (PID=700) to work on /opt/airflow/dags/silver_processing_dag.py
[2026-09-05T14:49:04.863+0000] {processor.py:830} INFO - Processing file /opt/airflow/dags/silver_processing_dag.py for tasks to queue
[2026-09-05T14:49:04.894+0000] {logging_mixin.py:188} INFO - [2026-09-05T14:49:04.891+0000] {dagbag.py:545} INFO - Filling up the DagBag from /opt/airflow/dags/silver_processing_dag.py
[2026-09-05T14:49:04.988+0000] {processor.py:840} INFO - DAG(s) 'process_silver_layer' retrieved from /opt/airflow/dags/silver_processing_dag.py
[2026-09-05T14:49:05.074+0000] {logging_mixin.py:188} INFO - [2026-09-05T14:49:05.073+0000] {dag.py:3096} INFO - Sync 1 DAGs
[2026-09-05T14:49:05.141+0000] {logging_mixin.py:188} INFO - [2026-09-05T14:49:05.140+0000] {dag.py:3954} INFO - Setting next_dagrun for process_silver_layer to None, run_after=None
[2026-09-05T14:49:05.220+0000] {processor.py:183} INFO - Processing /opt/airflow/dags/silver_processing_dag.py took 0.396 seconds
[2026-09-05T14:49:37.017+0000] {processor.py:161} INFO - Started process (PID=715) to work on /opt/airflow/dags/silver_processing_dag.py
[2026-09-05T14:49:37.150+0000] {processor.py:830} INFO - Processing file /opt/airflow/dags/silver_processing_dag.py for tasks to queue
[2026-09-05T14:49:37.863+0000] {logging_mixin.py:188} INFO - [2026-09-05T14:49:37.862+0000] {dagbag.py:545} INFO - Filling up the DagBag from /opt/airflow/dags/silver_processing_dag.py
[2026-09-05T14:49:38.335+0000] {processor.py:840} INFO - DAG(s) 'process_silver_layer' retrieved from /opt/airflow/dags/silver_processing_dag.py
[2026-09-05T14:49:38.796+0000] {logging_mixin.py:188} INFO - [2026-09-05T14:49:38.795+0000] {dag.py:3096} INFO - Sync 1 DAGs
[2026-09-05T14:49:38.842+0000] {logging_mixin.py:188} INFO - [2026-09-05T14:49:38.841+0000] {dag.py:3954} INFO - Setting next_dagrun for process_silver_layer to None, run_after=None
[2026-09-05T14:49:40.433+0000] {processor.py:183} INFO - Processing /opt/airflow/dags/silver_processing_dag.py took 4.159 seconds
[2026-09-05T14:50:10.836+0000] {processor.py:161} INFO - Started process (PID=730) to work on /opt/airflow/dags/silver_processing_dag.py
[2026-09-05T14:50:10.839+0000] {processor.py:830} INFO - Processing file /opt/airflow/dags/silver_processing_dag.py for tasks to queue
[2026-09-05T14:50:10.853+0000] {logging_mixin.py:188} INFO - [2026-09-05T14:50:10.852+0000] {dagbag.py:545} INFO - Filling up the DagBag from /opt/airflow/dags/silver_processing_dag.py
[2026-09-05T14:50:11.217+0000] {processor.py:840} INFO - DAG(s) 'process_silver_layer' retrieved from /opt/airflow/dags/silver_processing_dag.py
[2026-09-05T14:50:11.389+0000] {logging_mixin.py:188} INFO - [2026-09-05T14:50:11.389+0000] {dag.py:3096} INFO - Sync 1 DAGs
[2026-09-05T14:50:11.617+0000] {logging_mixin.py:188} INFO - [2026-09-05T14:50:11.616+0000] {dag.py:3954} INFO - Setting next_dagrun for process_silver_layer to None, run_after=None
[2026-09-05T14:50:11.739+0000] {processor.py:183} INFO - Processing /opt/airflow/dags/silver_processing_dag.py took 0.935 seconds
[2026-09-05T14:50:42.478+0000] {processor.py:161} INFO - Started process (PID=775) to work on /opt/airflow/dags/silver_processing_dag.py
[2026-09-05T14:50:42.484+0000] {processor.py:830} INFO - Processing file /opt/airflow/dags/silver_processing_dag.py for tasks to queue
[2026-09-05T14:50:42.496+0000] {logging_mixin.py:188} INFO - [2026-09-05T14:50:42.495+0000] {dagbag.py:545} INFO - Filling up the DagBag from /opt/airflow/dags/silver_processing_dag.py
[2026-09-05T14:50:42.577+0000] {processor.py:840} INFO - DAG(s) 'process_silver_layer' retrieved from /opt/airflow/dags/silver_processing_dag.py
[2026-09-05T14:50:42.670+0000] {logging_mixin.py:188} INFO - [2026-09-05T14:50:42.669+0000] {dag.py:3096} INFO - Sync 1 DAGs
[2026-09-05T14:50:42.711+0000] {logging_mixin.py:188} INFO - [2026-09-05T14:50:42.710+0000] {dag.py:3954} INFO - Setting next_dagrun for process_silver_layer to None, run_after=None
[2026-09-05T14:50:42.775+0000] {processor.py:183} INFO - Processing /opt/airflow/dags/silver_processing_dag.py took 0.338 seconds
[2026-09-05T14:51:12.974+0000] {processor.py:161} INFO - Started process (PID=830) to work on /opt/airflow/dags/silver_processing_dag.py
[2026-09-05T14:51:12.977+0000] {processor.py:830} INFO - Processing file /opt/airflow/dags/silver_processing_dag.py for tasks to queue
[2026-09-05T14:51:12.990+0000] {logging_mixin.py:188} INFO - [2026-09-05T14:51:12.989+0000] {dagbag.py:545} INFO - Filling up the DagBag from /opt/airflow/dags/silver_processing_dag.py
[2026-09-05T14:51:13.051+0000] {processor.py:840} INFO - DAG(s) 'process_silver_layer' retrieved from /opt/airflow/dags/silver_processing_dag.py
[2026-09-05T14:51:13.163+0000] {logging_mixin.py:188} INFO - [2026-09-05T14:51:13.163+0000] {dag.py:3096} INFO - Sync 1 DAGs
[2026-09-05T14:51:13.223+0000] {logging_mixin.py:188} INFO - [2026-09-05T14:51:13.222+0000] {dag.py:3954} INFO - Setting next_dagrun for process_silver_layer to None, run_after=None
[2026-09-05T14:51:13.278+0000] {processor.py:183} INFO - Processing /opt/airflow/dags/silver_processing_dag.py took 0.329 seconds
[2026-09-05T14:51:43.641+0000] {processor.py:161} INFO - Started process (PID=869) to work on /opt/airflow/dags/silver_processing_dag.py
[2026-09-05T14:51:43.648+0000] {processor.py:830} INFO - Processing file /opt/airflow/dags/silver_processing_dag.py for tasks to queue
[2026-09-05T14:51:43.658+0000] {logging_mixin.py:188} INFO - [2026-09-05T14:51:43.656+0000] {dagbag.py:545} INFO - Filling up the DagBag from /opt/airflow/dags/silver_processing_dag.py
[2026-09-05T14:51:43.744+0000] {processor.py:840} INFO - DAG(s) 'process_silver_layer' retrieved from /opt/airflow/dags/silver_processing_dag.py
[2026-09-05T14:51:43.825+0000] {logging_mixin.py:188} INFO - [2026-09-05T14:51:43.825+0000] {dag.py:3096} INFO - Sync 1 DAGs
[2026-09-05T14:51:43.863+0000] {logging_mixin.py:188} INFO - [2026-09-05T14:51:43.862+0000] {dag.py:3954} INFO - Setting next_dagrun for process_silver_layer to None, run_after=None
[2026-09-05T14:51:43.917+0000] {processor.py:183} INFO - Processing /opt/airflow/dags/silver_processing_dag.py took 0.302 seconds
[2026-09-05T14:52:14.930+0000] {processor.py:161} INFO - Started process (PID=884) to work on /opt/airflow/dags/silver_processing_dag.py
[2026-09-05T14:52:14.934+0000] {processor.py:830} INFO - Processing file /opt/airflow/dags/silver_processing_dag.py for tasks to queue
[2026-09-05T14:52:14.954+0000] {logging_mixin.py:188} INFO - [2026-09-05T14:52:14.953+0000] {dagbag.py:545} INFO - Filling up the DagBag from /opt/airflow/dags/silver_processing_dag.py
[2026-09-05T14:52:15.083+0000] {processor.py:840} INFO - DAG(s) 'process_silver_layer' retrieved from /opt/airflow/dags/silver_processing_dag.py
[2026-09-05T14:52:15.199+0000] {logging_mixin.py:188} INFO - [2026-09-05T14:52:15.198+0000] {dag.py:3096} INFO - Sync 1 DAGs
[2026-09-05T14:52:15.244+0000] {logging_mixin.py:188} INFO - [2026-09-05T14:52:15.244+0000] {dag.py:3954} INFO - Setting next_dagrun for process_silver_layer to None, run_after=None
[2026-09-05T14:52:15.343+0000] {processor.py:183} INFO - Processing /opt/airflow/dags/silver_processing_dag.py took 0.464 seconds
[2026-09-05T14:52:45.569+0000] {processor.py:161} INFO - Started process (PID=903) to work on /opt/airflow/dags/silver_processing_dag.py
[2026-09-05T14:52:45.574+0000] {processor.py:830} INFO - Processing file /opt/airflow/dags/silver_processing_dag.py for tasks to queue
[2026-09-05T14:52:45.584+0000] {logging_mixin.py:188} INFO - [2026-09-05T14:52:45.583+0000] {dagbag.py:545} INFO - Filling up the DagBag from /opt/airflow/dags/silver_processing_dag.py
[2026-09-05T14:52:45.654+0000] {processor.py:840} INFO - DAG(s) 'process_silver_layer' retrieved from /opt/airflow/dags/silver_processing_dag.py
[2026-09-05T14:52:45.731+0000] {logging_mixin.py:188} INFO - [2026-09-05T14:52:45.731+0000] {dag.py:3096} INFO - Sync 1 DAGs
[2026-09-05T14:52:45.777+0000] {logging_mixin.py:188} INFO - [2026-09-05T14:52:45.777+0000] {dag.py:3954} INFO - Setting next_dagrun for process_silver_layer to None, run_after=None
[2026-09-05T14:52:45.859+0000] {processor.py:183} INFO - Processing /opt/airflow/dags/silver_processing_dag.py took 0.315 seconds
[2026-09-05T14:53:16.162+0000] {processor.py:161} INFO - Started process (PID=918) to work on /opt/airflow/dags/silver_processing_dag.py
[2026-09-05T14:53:16.166+0000] {processor.py:830} INFO - Processing file /opt/airflow/dags/silver_processing_dag.py for tasks to queue
[2026-09-05T14:53:16.179+0000] {logging_mixin.py:188} INFO - [2026-09-05T14:53:16.178+0000] {dagbag.py:545} INFO - Filling up the DagBag from /opt/airflow/dags/silver_processing_dag.py
[2026-09-05T14:53:16.273+0000] {processor.py:840} INFO - DAG(s) 'process_silver_layer' retrieved from /opt/airflow/dags/silver_processing_dag.py
[2026-09-05T14:53:16.418+0000] {logging_mixin.py:188} INFO - [2026-09-05T14:53:16.416+0000] {dag.py:3096} INFO - Sync 1 DAGs
[2026-09-05T14:53:16.522+0000] {logging_mixin.py:188} INFO - [2026-09-05T14:53:16.518+0000] {dag.py:3954} INFO - Setting next_dagrun for process_silver_layer to None, run_after=None
[2026-09-05T14:53:16.682+0000] {processor.py:183} INFO - Processing /opt/airflow/dags/silver_processing_dag.py took 0.550 seconds
[2026-09-05T14:53:47.233+0000] {processor.py:161} INFO - Started process (PID=933) to work on /opt/airflow/dags/silver_processing_dag.py
[2026-09-05T14:53:47.236+0000] {processor.py:830} INFO - Processing file /opt/airflow/dags/silver_processing_dag.py for tasks to queue
[2026-09-05T14:53:47.263+0000] {logging_mixin.py:188} INFO - [2026-09-05T14:53:47.262+0000] {dagbag.py:545} INFO - Filling up the DagBag from /opt/airflow/dags/silver_processing_dag.py
[2026-09-05T14:53:47.423+0000] {processor.py:840} INFO - DAG(s) 'process_silver_layer' retrieved from /opt/airflow/dags/silver_processing_dag.py
[2026-09-05T14:53:47.535+0000] {logging_mixin.py:188} INFO - [2026-09-05T14:53:47.534+0000] {dag.py:3096} INFO - Sync 1 DAGs
[2026-09-05T14:53:47.667+0000] {logging_mixin.py:188} INFO - [2026-09-05T14:53:47.666+0000] {dag.py:3954} INFO - Setting next_dagrun for process_silver_layer to None, run_after=None
[2026-09-05T14:53:47.748+0000] {processor.py:183} INFO - Processing /opt/airflow/dags/silver_processing_dag.py took 0.545 seconds
[2026-09-05T14:54:18.309+0000] {processor.py:161} INFO - Started process (PID=948) to work on /opt/airflow/dags/silver_processing_dag.py
[2026-09-05T14:54:18.314+0000] {processor.py:830} INFO - Processing file /opt/airflow/dags/silver_processing_dag.py for tasks to queue
[2026-09-05T14:54:18.336+0000] {logging_mixin.py:188} INFO - [2026-09-05T14:54:18.334+0000] {dagbag.py:545} INFO - Filling up the DagBag from /opt/airflow/dags/silver_processing_dag.py
[2026-09-05T14:54:18.434+0000] {processor.py:840} INFO - DAG(s) 'process_silver_layer' retrieved from /opt/airflow/dags/silver_processing_dag.py
[2026-09-05T14:54:18.644+0000] {logging_mixin.py:188} INFO - [2026-09-05T14:54:18.643+0000] {dag.py:3096} INFO - Sync 1 DAGs
[2026-09-05T14:54:18.788+0000] {logging_mixin.py:188} INFO - [2026-09-05T14:54:18.787+0000] {dag.py:3954} INFO - Setting next_dagrun for process_silver_layer to None, run_after=None
[2026-09-05T14:54:19.003+0000] {processor.py:183} INFO - Processing /opt/airflow/dags/silver_processing_dag.py took 0.732 seconds
[2026-09-05T14:54:49.254+0000] {processor.py:161} INFO - Started process (PID=967) to work on /opt/airflow/dags/silver_processing_dag.py
[2026-09-05T14:54:49.259+0000] {processor.py:830} INFO - Processing file /opt/airflow/dags/silver_processing_dag.py for tasks to queue
[2026-09-05T14:54:49.269+0000] {logging_mixin.py:188} INFO - [2026-09-05T14:54:49.268+0000] {dagbag.py:545} INFO - Filling up the DagBag from /opt/airflow/dags/silver_processing_dag.py
[2026-09-05T14:54:49.337+0000] {processor.py:840} INFO - DAG(s) 'process_silver_layer' retrieved from /opt/airflow/dags/silver_processing_dag.py
[2026-09-05T14:54:49.394+0000] {logging_mixin.py:188} INFO - [2026-09-05T14:54:49.394+0000] {dag.py:3096} INFO - Sync 1 DAGs
[2026-09-05T14:54:49.443+0000] {logging_mixin.py:188} INFO - [2026-09-05T14:54:49.443+0000] {dag.py:3954} INFO - Setting next_dagrun for process_silver_layer to None, run_after=None
[2026-09-05T14:54:49.516+0000] {processor.py:183} INFO - Processing /opt/airflow/dags/silver_processing_dag.py took 0.283 seconds
[2026-09-05T14:55:19.658+0000] {processor.py:161} INFO - Started process (PID=982) to work on /opt/airflow/dags/silver_processing_dag.py
[2026-09-05T14:55:19.661+0000] {processor.py:830} INFO - Processing file /opt/airflow/dags/silver_processing_dag.py for tasks to queue
[2026-09-05T14:55:19.669+0000] {logging_mixin.py:188} INFO - [2026-09-05T14:55:19.668+0000] {dagbag.py:545} INFO - Filling up the DagBag from /opt/airflow/dags/silver_processing_dag.py
[2026-09-05T14:55:19.771+0000] {processor.py:840} INFO - DAG(s) 'process_silver_layer' retrieved from /opt/airflow/dags/silver_processing_dag.py
[2026-09-05T14:55:19.840+0000] {logging_mixin.py:188} INFO - [2026-09-05T14:55:19.838+0000] {dag.py:3096} INFO - Sync 1 DAGs
[2026-09-05T14:55:19.894+0000] {logging_mixin.py:188} INFO - [2026-09-05T14:55:19.893+0000] {dag.py:3954} INFO - Setting next_dagrun for process_silver_layer to None, run_after=None
[2026-09-05T14:55:19.958+0000] {processor.py:183} INFO - Processing /opt/airflow/dags/silver_processing_dag.py took 0.321 seconds
[2026-09-05T14:55:50.319+0000] {processor.py:161} INFO - Started process (PID=999) to work on /opt/airflow/dags/silver_processing_dag.py
[2026-09-05T14:55:50.321+0000] {processor.py:830} INFO - Processing file /opt/airflow/dags/silver_processing_dag.py for tasks to queue
[2026-09-05T14:55:50.327+0000] {logging_mixin.py:188} INFO - [2026-09-05T14:55:50.326+0000] {dagbag.py:545} INFO - Filling up the DagBag from /opt/airflow/dags/silver_processing_dag.py
[2026-09-05T14:55:50.411+0000] {processor.py:840} INFO - DAG(s) 'process_silver_layer' retrieved from /opt/airflow/dags/silver_processing_dag.py
[2026-09-05T14:55:50.522+0000] {logging_mixin.py:188} INFO - [2026-09-05T14:55:50.520+0000] {dag.py:3096} INFO - Sync 1 DAGs
[2026-09-05T14:55:50.572+0000] {logging_mixin.py:188} INFO - [2026-09-05T14:55:50.571+0000] {dag.py:3954} INFO - Setting next_dagrun for process_silver_layer to None, run_after=None
[2026-09-05T14:55:50.622+0000] {processor.py:183} INFO - Processing /opt/airflow/dags/silver_processing_dag.py took 0.321 seconds
[2026-09-05T14:56:21.436+0000] {processor.py:161} INFO - Started process (PID=1014) to work on /opt/airflow/dags/silver_processing_dag.py
[2026-09-05T14:56:21.438+0000] {processor.py:830} INFO - Processing file /opt/airflow/dags/silver_processing_dag.py for tasks to queue
[2026-09-05T14:56:21.445+0000] {logging_mixin.py:188} INFO - [2026-09-05T14:56:21.443+0000] {dagbag.py:545} INFO - Filling up the DagBag from /opt/airflow/dags/silver_processing_dag.py
[2026-09-05T14:56:21.493+0000] {processor.py:840} INFO - DAG(s) 'process_silver_layer' retrieved from /opt/airflow/dags/silver_processing_dag.py
[2026-09-05T14:56:21.576+0000] {logging_mixin.py:188} INFO - [2026-09-05T14:56:21.575+0000] {dag.py:3096} INFO - Sync 1 DAGs
[2026-09-05T14:56:21.607+0000] {logging_mixin.py:188} INFO - [2026-09-05T14:56:21.607+0000] {dag.py:3954} INFO - Setting next_dagrun for process_silver_layer to None, run_after=None
[2026-09-05T14:56:21.667+0000] {processor.py:183} INFO - Processing /opt/airflow/dags/silver_processing_dag.py took 0.248 seconds
[2026-09-05T14:56:52.581+0000] {processor.py:161} INFO - Started process (PID=1029) to work on /opt/airflow/dags/silver_processing_dag.py
[2026-09-05T14:56:52.585+0000] {processor.py:830} INFO - Processing file /opt/airflow/dags/silver_processing_dag.py for tasks to queue
[2026-09-05T14:56:52.595+0000] {logging_mixin.py:188} INFO - [2026-09-05T14:56:52.593+0000] {dagbag.py:545} INFO - Filling up the DagBag from /opt/airflow/dags/silver_processing_dag.py
[2026-09-05T14:56:52.673+0000] {processor.py:840} INFO - DAG(s) 'process_silver_layer' retrieved from /opt/airflow/dags/silver_processing_dag.py
[2026-09-05T14:56:52.749+0000] {logging_mixin.py:188} INFO - [2026-09-05T14:56:52.748+0000] {dag.py:3096} INFO - Sync 1 DAGs
[2026-09-05T14:56:52.796+0000] {logging_mixin.py:188} INFO - [2026-09-05T14:56:52.795+0000] {dag.py:3954} INFO - Setting next_dagrun for process_silver_layer to None, run_after=None
[2026-09-05T14:56:52.874+0000] {processor.py:183} INFO - Processing /opt/airflow/dags/silver_processing_dag.py took 0.316 seconds
[2026-09-05T14:57:23.524+0000] {processor.py:161} INFO - Started process (PID=1044) to work on /opt/airflow/dags/silver_processing_dag.py
[2026-09-05T14:57:23.528+0000] {processor.py:830} INFO - Processing file /opt/airflow/dags/silver_processing_dag.py for tasks to queue
[2026-09-05T14:57:23.539+0000] {logging_mixin.py:188} INFO - [2026-09-05T14:57:23.538+0000] {dagbag.py:545} INFO - Filling up the DagBag from /opt/airflow/dags/silver_processing_dag.py
[2026-09-05T14:57:23.646+0000] {processor.py:840} INFO - DAG(s) 'process_silver_layer' retrieved from /opt/airflow/dags/silver_processing_dag.py
[2026-09-05T14:57:23.742+0000] {logging_mixin.py:188} INFO - [2026-09-05T14:57:23.742+0000] {dag.py:3096} INFO - Sync 1 DAGs
[2026-09-05T14:57:23.776+0000] {logging_mixin.py:188} INFO - [2026-09-05T14:57:23.775+0000] {dag.py:3954} INFO - Setting next_dagrun for process_silver_layer to None, run_after=None
[2026-09-05T14:57:23.822+0000] {processor.py:183} INFO - Processing /opt/airflow/dags/silver_processing_dag.py took 0.323 seconds
[2026-09-05T14:57:53.978+0000] {processor.py:161} INFO - Started process (PID=1059) to work on /opt/airflow/dags/silver_processing_dag.py
[2026-09-05T14:57:53.980+0000] {processor.py:830} INFO - Processing file /opt/airflow/dags/silver_processing_dag.py for tasks to queue
[2026-09-05T14:57:53.986+0000] {logging_mixin.py:188} INFO - [2026-09-05T14:57:53.986+0000] {dagbag.py:545} INFO - Filling up the DagBag from /opt/airflow/dags/silver_processing_dag.py
[2026-09-05T14:57:54.028+0000] {processor.py:840} INFO - DAG(s) 'process_silver_layer' retrieved from /opt/airflow/dags/silver_processing_dag.py
[2026-09-05T14:57:54.079+0000] {logging_mixin.py:188} INFO - [2026-09-05T14:57:54.078+0000] {dag.py:3096} INFO - Sync 1 DAGs
[2026-09-05T14:57:54.107+0000] {logging_mixin.py:188} INFO - [2026-09-05T14:57:54.106+0000] {dag.py:3954} INFO - Setting next_dagrun for process_silver_layer to None, run_after=None
[2026-09-05T14:57:54.156+0000] {processor.py:183} INFO - Processing /opt/airflow/dags/silver_processing_dag.py took 0.193 seconds
[2026-09-05T14:58:24.392+0000] {processor.py:161} INFO - Started process (PID=1074) to work on /opt/airflow/dags/silver_processing_dag.py
[2026-09-05T14:58:24.396+0000] {processor.py:830} INFO - Processing file /opt/airflow/dags/silver_processing_dag.py for tasks to queue
[2026-09-05T14:58:24.410+0000] {logging_mixin.py:188} INFO - [2026-09-05T14:58:24.408+0000] {dagbag.py:545} INFO - Filling up the DagBag from /opt/airflow/dags/silver_processing_dag.py
[2026-09-05T14:58:24.469+0000] {processor.py:840} INFO - DAG(s) 'process_silver_layer' retrieved from /opt/airflow/dags/silver_processing_dag.py
[2026-09-05T14:58:24.530+0000] {logging_mixin.py:188} INFO - [2026-09-05T14:58:24.529+0000] {dag.py:3096} INFO - Sync 1 DAGs
[2026-09-05T14:58:24.561+0000] {logging_mixin.py:188} INFO - [2026-09-05T14:58:24.560+0000] {dag.py:3954} INFO - Setting next_dagrun for process_silver_layer to None, run_after=None
[2026-09-05T14:58:24.620+0000] {processor.py:183} INFO - Processing /opt/airflow/dags/silver_processing_dag.py took 0.256 seconds
[2026-09-05T14:58:55.045+0000] {processor.py:161} INFO - Started process (PID=1092) to work on /opt/airflow/dags/silver_processing_dag.py
[2026-09-05T14:58:55.049+0000] {processor.py:830} INFO - Processing file /opt/airflow/dags/silver_processing_dag.py for tasks to queue
[2026-09-05T14:58:55.062+0000] {logging_mixin.py:188} INFO - [2026-09-05T14:58:55.057+0000] {dagbag.py:545} INFO - Filling up the DagBag from /opt/airflow/dags/silver_processing_dag.py
[2026-09-05T14:58:55.115+0000] {processor.py:840} INFO - DAG(s) 'process_silver_layer' retrieved from /opt/airflow/dags/silver_processing_dag.py
[2026-09-05T14:58:55.171+0000] {logging_mixin.py:188} INFO - [2026-09-05T14:58:55.170+0000] {dag.py:3096} INFO - Sync 1 DAGs
[2026-09-05T14:58:55.212+0000] {logging_mixin.py:188} INFO - [2026-09-05T14:58:55.212+0000] {dag.py:3954} INFO - Setting next_dagrun for process_silver_layer to None, run_after=None
[2026-09-05T14:58:55.258+0000] {processor.py:183} INFO - Processing /opt/airflow/dags/silver_processing_dag.py took 0.240 seconds
[2026-09-05T14:59:25.761+0000] {processor.py:161} INFO - Started process (PID=1107) to work on /opt/airflow/dags/silver_processing_dag.py
[2026-09-05T14:59:25.765+0000] {processor.py:830} INFO - Processing file /opt/airflow/dags/silver_processing_dag.py for tasks to queue
[2026-09-05T14:59:25.779+0000] {logging_mixin.py:188} INFO - [2026-09-05T14:59:25.778+0000] {dagbag.py:545} INFO - Filling up the DagBag from /opt/airflow/dags/silver_processing_dag.py
[2026-09-05T14:59:25.888+0000] {processor.py:840} INFO - DAG(s) 'process_silver_layer' retrieved from /opt/airflow/dags/silver_processing_dag.py
[2026-09-05T14:59:26.015+0000] {logging_mixin.py:188} INFO - [2026-09-05T14:59:26.013+0000] {dag.py:3096} INFO - Sync 1 DAGs
[2026-09-05T14:59:26.076+0000] {logging_mixin.py:188} INFO - [2026-09-05T14:59:26.076+0000] {dag.py:3954} INFO - Setting next_dagrun for process_silver_layer to None, run_after=None
[2026-09-05T14:59:26.122+0000] {processor.py:183} INFO - Processing /opt/airflow/dags/silver_processing_dag.py took 0.405 seconds
[2026-09-05T14:59:56.371+0000] {processor.py:161} INFO - Started process (PID=1122) to work on /opt/airflow/dags/silver_processing_dag.py
[2026-09-05T14:59:56.374+0000] {processor.py:830} INFO - Processing file /opt/airflow/dags/silver_processing_dag.py for tasks to queue
[2026-09-05T14:59:56.381+0000] {logging_mixin.py:188} INFO - [2026-09-05T14:59:56.379+0000] {dagbag.py:545} INFO - Filling up the DagBag from /opt/airflow/dags/silver_processing_dag.py
[2026-09-05T14:59:56.417+0000] {processor.py:840} INFO - DAG(s) 'process_silver_layer' retrieved from /opt/airflow/dags/silver_processing_dag.py
[2026-09-05T14:59:56.460+0000] {logging_mixin.py:188} INFO - [2026-09-05T14:59:56.459+0000] {dag.py:3096} INFO - Sync 1 DAGs
[2026-09-05T14:59:56.485+0000] {logging_mixin.py:188} INFO - [2026-09-05T14:59:56.485+0000] {dag.py:3954} INFO - Setting next_dagrun for process_silver_layer to None, run_after=None
[2026-09-05T14:59:56.538+0000] {processor.py:183} INFO - Processing /opt/airflow/dags/silver_processing_dag.py took 0.179 seconds
[2026-09-05T15:00:26.857+0000] {processor.py:161} INFO - Started process (PID=1146) to work on /opt/airflow/dags/silver_processing_dag.py
[2026-09-05T15:00:26.861+0000] {processor.py:830} INFO - Processing file /opt/airflow/dags/silver_processing_dag.py for tasks to queue
[2026-09-05T15:00:26.871+0000] {logging_mixin.py:188} INFO - [2026-09-05T15:00:26.870+0000] {dagbag.py:545} INFO - Filling up the DagBag from /opt/airflow/dags/silver_processing_dag.py
[2026-09-05T15:00:26.941+0000] {processor.py:840} INFO - DAG(s) 'process_silver_layer' retrieved from /opt/airflow/dags/silver_processing_dag.py
[2026-09-05T15:00:27.004+0000] {logging_mixin.py:188} INFO - [2026-09-05T15:00:27.004+0000] {dag.py:3096} INFO - Sync 1 DAGs
[2026-09-05T15:00:27.058+0000] {logging_mixin.py:188} INFO - [2026-09-05T15:00:27.058+0000] {dag.py:3954} INFO - Setting next_dagrun for process_silver_layer to None, run_after=None
[2026-09-05T15:00:27.130+0000] {processor.py:183} INFO - Processing /opt/airflow/dags/silver_processing_dag.py took 0.305 seconds
[2026-09-05T15:00:57.531+0000] {processor.py:161} INFO - Started process (PID=1275) to work on /opt/airflow/dags/silver_processing_dag.py
[2026-09-05T15:00:57.547+0000] {processor.py:830} INFO - Processing file /opt/airflow/dags/silver_processing_dag.py for tasks to queue
[2026-09-05T15:00:57.568+0000] {logging_mixin.py:188} INFO - [2026-09-05T15:00:57.565+0000] {dagbag.py:545} INFO - Filling up the DagBag from /opt/airflow/dags/silver_processing_dag.py
[2026-09-05T15:00:57.723+0000] {processor.py:840} INFO - DAG(s) 'process_silver_layer' retrieved from /opt/airflow/dags/silver_processing_dag.py
[2026-09-05T15:00:57.889+0000] {logging_mixin.py:188} INFO - [2026-09-05T15:00:57.888+0000] {dag.py:3096} INFO - Sync 1 DAGs
[2026-09-05T15:00:58.006+0000] {logging_mixin.py:188} INFO - [2026-09-05T15:00:58.005+0000] {dag.py:3954} INFO - Setting next_dagrun for process_silver_layer to None, run_after=None
[2026-09-05T15:00:58.082+0000] {processor.py:183} INFO - Processing /opt/airflow/dags/silver_processing_dag.py took 0.634 seconds
[2026-09-05T15:01:28.597+0000] {processor.py:161} INFO - Started process (PID=1306) to work on /opt/airflow/dags/silver_processing_dag.py
[2026-09-05T15:01:28.600+0000] {processor.py:830} INFO - Processing file /opt/airflow/dags/silver_processing_dag.py for tasks to queue
[2026-09-05T15:01:28.605+0000] {logging_mixin.py:188} INFO - [2026-09-05T15:01:28.605+0000] {dagbag.py:545} INFO - Filling up the DagBag from /opt/airflow/dags/silver_processing_dag.py
[2026-09-05T15:01:28.643+0000] {processor.py:840} INFO - DAG(s) 'process_silver_layer' retrieved from /opt/airflow/dags/silver_processing_dag.py
[2026-09-05T15:01:28.688+0000] {logging_mixin.py:188} INFO - [2026-09-05T15:01:28.687+0000] {dag.py:3096} INFO - Sync 1 DAGs
[2026-09-05T15:01:28.714+0000] {logging_mixin.py:188} INFO - [2026-09-05T15:01:28.713+0000] {dag.py:3954} INFO - Setting next_dagrun for process_silver_layer to None, run_after=None
[2026-09-05T15:01:28.772+0000] {processor.py:183} INFO - Processing /opt/airflow/dags/silver_processing_dag.py took 0.188 seconds
[2026-09-05T15:01:59.332+0000] {processor.py:161} INFO - Started process (PID=1321) to work on /opt/airflow/dags/silver_processing_dag.py
[2026-09-05T15:01:59.342+0000] {processor.py:830} INFO - Processing file /opt/airflow/dags/silver_processing_dag.py for tasks to queue
[2026-09-05T15:01:59.367+0000] {logging_mixin.py:188} INFO - [2026-09-05T15:01:59.364+0000] {dagbag.py:545} INFO - Filling up the DagBag from /opt/airflow/dags/silver_processing_dag.py
[2026-09-05T15:01:59.494+0000] {processor.py:840} INFO - DAG(s) 'process_silver_layer' retrieved from /opt/airflow/dags/silver_processing_dag.py
[2026-09-05T15:01:59.633+0000] {logging_mixin.py:188} INFO - [2026-09-05T15:01:59.632+0000] {dag.py:3096} INFO - Sync 1 DAGs
[2026-09-05T15:01:59.722+0000] {logging_mixin.py:188} INFO - [2026-09-05T15:01:59.721+0000] {dag.py:3954} INFO - Setting next_dagrun for process_silver_layer to None, run_after=None
[2026-09-05T15:01:59.792+0000] {processor.py:183} INFO - Processing /opt/airflow/dags/silver_processing_dag.py took 0.546 seconds
[2026-09-05T15:02:30.259+0000] {processor.py:161} INFO - Started process (PID=1336) to work on /opt/airflow/dags/silver_processing_dag.py
[2026-09-05T15:02:30.262+0000] {processor.py:830} INFO - Processing file /opt/airflow/dags/silver_processing_dag.py for tasks to queue
[2026-09-05T15:02:30.273+0000] {logging_mixin.py:188} INFO - [2026-09-05T15:02:30.270+0000] {dagbag.py:545} INFO - Filling up the DagBag from /opt/airflow/dags/silver_processing_dag.py
[2026-09-05T15:02:30.364+0000] {processor.py:840} INFO - DAG(s) 'process_silver_layer' retrieved from /opt/airflow/dags/silver_processing_dag.py
[2026-09-05T15:02:30.538+0000] {logging_mixin.py:188} INFO - [2026-09-05T15:02:30.536+0000] {dag.py:3096} INFO - Sync 1 DAGs
[2026-09-05T15:02:30.649+0000] {logging_mixin.py:188} INFO - [2026-09-05T15:02:30.648+0000] {dag.py:3954} INFO - Setting next_dagrun for process_silver_layer to None, run_after=None
[2026-09-05T15:02:30.768+0000] {processor.py:183} INFO - Processing /opt/airflow/dags/silver_processing_dag.py took 0.534 seconds
[2026-09-05T15:03:02.878+0000] {processor.py:161} INFO - Started process (PID=1393) to work on /opt/airflow/dags/silver_processing_dag.py
[2026-09-05T15:03:02.965+0000] {processor.py:830} INFO - Processing file /opt/airflow/dags/silver_processing_dag.py for tasks to queue
[2026-09-05T15:03:03.363+0000] {logging_mixin.py:188} INFO - [2026-09-05T15:03:03.345+0000] {dagbag.py:545} INFO - Filling up the DagBag from /opt/airflow/dags/silver_processing_dag.py
[2026-09-05T15:03:04.121+0000] {processor.py:840} INFO - DAG(s) 'process_silver_layer' retrieved from /opt/airflow/dags/silver_processing_dag.py
[2026-09-05T15:03:05.119+0000] {logging_mixin.py:188} INFO - [2026-09-05T15:03:05.118+0000] {dag.py:3096} INFO - Sync 1 DAGs
[2026-09-05T15:03:05.432+0000] {logging_mixin.py:188} INFO - [2026-09-05T15:03:05.431+0000] {dag.py:3954} INFO - Setting next_dagrun for process_silver_layer to None, run_after=None
[2026-09-05T15:03:06.815+0000] {processor.py:183} INFO - Processing /opt/airflow/dags/silver_processing_dag.py took 4.424 seconds
[2026-09-05T15:03:37.459+0000] {processor.py:161} INFO - Started process (PID=1439) to work on /opt/airflow/dags/silver_processing_dag.py
[2026-09-05T15:03:37.464+0000] {processor.py:830} INFO - Processing file /opt/airflow/dags/silver_processing_dag.py for tasks to queue
[2026-09-05T15:03:37.492+0000] {logging_mixin.py:188} INFO - [2026-09-05T15:03:37.485+0000] {dagbag.py:545} INFO - Filling up the DagBag from /opt/airflow/dags/silver_processing_dag.py
[2026-09-05T15:03:37.754+0000] {processor.py:840} INFO - DAG(s) 'process_silver_layer' retrieved from /opt/airflow/dags/silver_processing_dag.py
[2026-09-05T15:03:38.470+0000] {logging_mixin.py:188} INFO - [2026-09-05T15:03:38.444+0000] {dag.py:3096} INFO - Sync 1 DAGs
[2026-09-05T15:03:38.987+0000] {logging_mixin.py:188} INFO - [2026-09-05T15:03:38.980+0000] {dag.py:3954} INFO - Setting next_dagrun for process_silver_layer to None, run_after=None
[2026-09-05T15:03:39.308+0000] {processor.py:183} INFO - Processing /opt/airflow/dags/silver_processing_dag.py took 1.907 seconds
[2026-09-05T15:04:10.075+0000] {processor.py:161} INFO - Started process (PID=1462) to work on /opt/airflow/dags/silver_processing_dag.py
[2026-09-05T15:04:10.080+0000] {processor.py:830} INFO - Processing file /opt/airflow/dags/silver_processing_dag.py for tasks to queue
[2026-09-05T15:04:10.090+0000] {logging_mixin.py:188} INFO - [2026-09-05T15:04:10.089+0000] {dagbag.py:545} INFO - Filling up the DagBag from /opt/airflow/dags/silver_processing_dag.py
[2026-09-05T15:04:10.207+0000] {processor.py:840} INFO - DAG(s) 'process_silver_layer' retrieved from /opt/airflow/dags/silver_processing_dag.py
[2026-09-05T15:04:10.301+0000] {logging_mixin.py:188} INFO - [2026-09-05T15:04:10.300+0000] {dag.py:3096} INFO - Sync 1 DAGs
[2026-09-05T15:04:10.372+0000] {logging_mixin.py:188} INFO - [2026-09-05T15:04:10.369+0000] {dag.py:3954} INFO - Setting next_dagrun for process_silver_layer to None, run_after=None
[2026-09-05T15:04:10.495+0000] {processor.py:183} INFO - Processing /opt/airflow/dags/silver_processing_dag.py took 0.456 seconds
[2026-09-05T15:04:41.510+0000] {processor.py:161} INFO - Started process (PID=1490) to work on /opt/airflow/dags/silver_processing_dag.py
[2026-09-05T15:04:41.517+0000] {processor.py:830} INFO - Processing file /opt/airflow/dags/silver_processing_dag.py for tasks to queue
[2026-09-05T15:04:41.527+0000] {logging_mixin.py:188} INFO - [2026-09-05T15:04:41.525+0000] {dagbag.py:545} INFO - Filling up the DagBag from /opt/airflow/dags/silver_processing_dag.py
[2026-09-05T15:04:41.620+0000] {processor.py:840} INFO - DAG(s) 'process_silver_layer' retrieved from /opt/airflow/dags/silver_processing_dag.py
[2026-09-05T15:04:41.732+0000] {logging_mixin.py:188} INFO - [2026-09-05T15:04:41.731+0000] {dag.py:3096} INFO - Sync 1 DAGs
[2026-09-05T15:04:41.841+0000] {logging_mixin.py:188} INFO - [2026-09-05T15:04:41.840+0000] {dag.py:3954} INFO - Setting next_dagrun for process_silver_layer to None, run_after=None
[2026-09-05T15:04:41.949+0000] {processor.py:183} INFO - Processing /opt/airflow/dags/silver_processing_dag.py took 0.480 seconds
[2026-09-05T15:05:12.970+0000] {processor.py:161} INFO - Started process (PID=1512) to work on /opt/airflow/dags/silver_processing_dag.py
[2026-09-05T15:05:12.980+0000] {processor.py:830} INFO - Processing file /opt/airflow/dags/silver_processing_dag.py for tasks to queue
[2026-09-05T15:05:12.994+0000] {logging_mixin.py:188} INFO - [2026-09-05T15:05:12.993+0000] {dagbag.py:545} INFO - Filling up the DagBag from /opt/airflow/dags/silver_processing_dag.py
[2026-09-05T15:05:13.630+0000] {processor.py:840} INFO - DAG(s) 'process_silver_layer' retrieved from /opt/airflow/dags/silver_processing_dag.py
[2026-09-05T15:05:13.982+0000] {logging_mixin.py:188} INFO - [2026-09-05T15:05:13.981+0000] {dag.py:3096} INFO - Sync 1 DAGs
[2026-09-05T15:05:14.140+0000] {logging_mixin.py:188} INFO - [2026-09-05T15:05:14.139+0000] {dag.py:3954} INFO - Setting next_dagrun for process_silver_layer to None, run_after=None
[2026-09-05T15:05:14.426+0000] {processor.py:183} INFO - Processing /opt/airflow/dags/silver_processing_dag.py took 1.545 seconds
[2026-09-05T15:05:44.811+0000] {processor.py:161} INFO - Started process (PID=1565) to work on /opt/airflow/dags/silver_processing_dag.py
[2026-09-05T15:05:44.814+0000] {processor.py:830} INFO - Processing file /opt/airflow/dags/silver_processing_dag.py for tasks to queue
[2026-09-05T15:05:44.827+0000] {logging_mixin.py:188} INFO - [2026-09-05T15:05:44.826+0000] {dagbag.py:545} INFO - Filling up the DagBag from /opt/airflow/dags/silver_processing_dag.py
[2026-09-05T15:05:44.891+0000] {processor.py:840} INFO - DAG(s) 'process_silver_layer' retrieved from /opt/airflow/dags/silver_processing_dag.py
[2026-09-05T15:05:44.979+0000] {logging_mixin.py:188} INFO - [2026-09-05T15:05:44.979+0000] {dag.py:3096} INFO - Sync 1 DAGs
[2026-09-05T15:05:45.029+0000] {logging_mixin.py:188} INFO - [2026-09-05T15:05:45.029+0000] {dag.py:3954} INFO - Setting next_dagrun for process_silver_layer to None, run_after=None
[2026-09-05T15:05:45.093+0000] {processor.py:183} INFO - Processing /opt/airflow/dags/silver_processing_dag.py took 0.304 seconds
[2026-09-05T15:06:16.548+0000] {processor.py:161} INFO - Started process (PID=1643) to work on /opt/airflow/dags/silver_processing_dag.py
[2026-09-05T15:06:16.585+0000] {processor.py:830} INFO - Processing file /opt/airflow/dags/silver_processing_dag.py for tasks to queue
[2026-09-05T15:06:16.655+0000] {logging_mixin.py:188} INFO - [2026-09-05T15:06:16.653+0000] {dagbag.py:545} INFO - Filling up the DagBag from /opt/airflow/dags/silver_processing_dag.py
[2026-09-05T15:06:18.835+0000] {processor.py:840} INFO - DAG(s) 'process_silver_layer' retrieved from /opt/airflow/dags/silver_processing_dag.py
[2026-09-05T15:06:19.678+0000] {logging_mixin.py:188} INFO - [2026-09-05T15:06:19.677+0000] {dag.py:3096} INFO - Sync 1 DAGs
[2026-09-05T15:06:20.895+0000] {logging_mixin.py:188} INFO - [2026-09-05T15:06:20.894+0000] {dag.py:3954} INFO - Setting next_dagrun for process_silver_layer to None, run_after=None
[2026-09-05T15:06:23.008+0000] {processor.py:183} INFO - Processing /opt/airflow/dags/silver_processing_dag.py took 6.619 seconds
[2026-09-05T15:06:54.552+0000] {processor.py:161} INFO - Started process (PID=1785) to work on /opt/airflow/dags/silver_processing_dag.py
[2026-09-05T15:06:54.843+0000] {processor.py:830} INFO - Processing file /opt/airflow/dags/silver_processing_dag.py for tasks to queue
[2026-09-05T15:06:54.969+0000] {logging_mixin.py:188} INFO - [2026-09-05T15:06:54.964+0000] {dagbag.py:545} INFO - Filling up the DagBag from /opt/airflow/dags/silver_processing_dag.py
[2026-09-05T15:06:55.815+0000] {processor.py:840} INFO - DAG(s) 'process_silver_layer' retrieved from /opt/airflow/dags/silver_processing_dag.py
[2026-09-05T15:06:57.419+0000] {logging_mixin.py:188} INFO - [2026-09-05T15:06:57.405+0000] {dag.py:3096} INFO - Sync 1 DAGs
[2026-09-05T15:06:58.233+0000] {logging_mixin.py:188} INFO - [2026-09-05T15:06:58.232+0000] {dag.py:3954} INFO - Setting next_dagrun for process_silver_layer to None, run_after=None
[2026-09-05T15:06:59.261+0000] {processor.py:183} INFO - Processing /opt/airflow/dags/silver_processing_dag.py took 5.125 seconds
[2026-09-05T15:07:30.429+0000] {processor.py:161} INFO - Started process (PID=1835) to work on /opt/airflow/dags/silver_processing_dag.py
[2026-09-05T15:07:30.454+0000] {processor.py:830} INFO - Processing file /opt/airflow/dags/silver_processing_dag.py for tasks to queue
[2026-09-05T15:07:30.554+0000] {logging_mixin.py:188} INFO - [2026-09-05T15:07:30.546+0000] {dagbag.py:545} INFO - Filling up the DagBag from /opt/airflow/dags/silver_processing_dag.py
[2026-09-05T15:07:30.830+0000] {processor.py:840} INFO - DAG(s) 'process_silver_layer' retrieved from /opt/airflow/dags/silver_processing_dag.py
[2026-09-05T15:07:30.997+0000] {logging_mixin.py:188} INFO - [2026-09-05T15:07:30.996+0000] {dag.py:3096} INFO - Sync 1 DAGs
[2026-09-05T15:07:31.072+0000] {logging_mixin.py:188} INFO - [2026-09-05T15:07:31.071+0000] {dag.py:3954} INFO - Setting next_dagrun for process_silver_layer to None, run_after=None
[2026-09-05T15:07:31.160+0000] {processor.py:183} INFO - Processing /opt/airflow/dags/silver_processing_dag.py took 0.980 seconds
[2026-09-05T15:08:01.397+0000] {processor.py:161} INFO - Started process (PID=1871) to work on /opt/airflow/dags/silver_processing_dag.py
[2026-09-05T15:08:01.403+0000] {processor.py:830} INFO - Processing file /opt/airflow/dags/silver_processing_dag.py for tasks to queue
[2026-09-05T15:08:01.417+0000] {logging_mixin.py:188} INFO - [2026-09-05T15:08:01.414+0000] {dagbag.py:545} INFO - Filling up the DagBag from /opt/airflow/dags/silver_processing_dag.py
[2026-09-05T15:08:01.506+0000] {processor.py:840} INFO - DAG(s) 'process_silver_layer' retrieved from /opt/airflow/dags/silver_processing_dag.py
[2026-09-05T15:08:01.571+0000] {logging_mixin.py:188} INFO - [2026-09-05T15:08:01.570+0000] {dag.py:3096} INFO - Sync 1 DAGs
[2026-09-05T15:08:01.625+0000] {logging_mixin.py:188} INFO - [2026-09-05T15:08:01.625+0000] {dag.py:3954} INFO - Setting next_dagrun for process_silver_layer to None, run_after=None
[2026-09-05T15:08:01.704+0000] {processor.py:183} INFO - Processing /opt/airflow/dags/silver_processing_dag.py took 0.340 seconds
[2026-09-05T15:08:32.321+0000] {processor.py:161} INFO - Started process (PID=1886) to work on /opt/airflow/dags/silver_processing_dag.py
[2026-09-05T15:08:32.326+0000] {processor.py:830} INFO - Processing file /opt/airflow/dags/silver_processing_dag.py for tasks to queue
[2026-09-05T15:08:32.338+0000] {logging_mixin.py:188} INFO - [2026-09-05T15:08:32.337+0000] {dagbag.py:545} INFO - Filling up the DagBag from /opt/airflow/dags/silver_processing_dag.py
[2026-09-05T15:08:32.415+0000] {processor.py:840} INFO - DAG(s) 'process_silver_layer' retrieved from /opt/airflow/dags/silver_processing_dag.py
[2026-09-05T15:08:32.531+0000] {logging_mixin.py:188} INFO - [2026-09-05T15:08:32.530+0000] {dag.py:3096} INFO - Sync 1 DAGs
[2026-09-05T15:08:32.595+0000] {logging_mixin.py:188} INFO - [2026-09-05T15:08:32.595+0000] {dag.py:3954} INFO - Setting next_dagrun for process_silver_layer to None, run_after=None
[2026-09-05T15:08:32.667+0000] {processor.py:183} INFO - Processing /opt/airflow/dags/silver_processing_dag.py took 0.381 seconds
[2026-09-05T15:09:03.575+0000] {processor.py:161} INFO - Started process (PID=1901) to work on /opt/airflow/dags/silver_processing_dag.py
[2026-09-05T15:09:03.666+0000] {processor.py:830} INFO - Processing file /opt/airflow/dags/silver_processing_dag.py for tasks to queue
[2026-09-05T15:09:03.976+0000] {logging_mixin.py:188} INFO - [2026-09-05T15:09:03.963+0000] {dagbag.py:545} INFO - Filling up the DagBag from /opt/airflow/dags/silver_processing_dag.py
[2026-09-05T15:09:04.799+0000] {processor.py:840} INFO - DAG(s) 'process_silver_layer' retrieved from /opt/airflow/dags/silver_processing_dag.py
[2026-09-05T15:09:05.092+0000] {logging_mixin.py:188} INFO - [2026-09-05T15:09:05.091+0000] {dag.py:3096} INFO - Sync 1 DAGs
[2026-09-05T15:09:05.270+0000] {logging_mixin.py:188} INFO - [2026-09-05T15:09:05.260+0000] {dag.py:3954} INFO - Setting next_dagrun for process_silver_layer to None, run_after=None
[2026-09-05T15:09:05.433+0000] {processor.py:183} INFO - Processing /opt/airflow/dags/silver_processing_dag.py took 1.975 seconds
[2026-09-05T15:09:35.742+0000] {processor.py:161} INFO - Started process (PID=1938) to work on /opt/airflow/dags/silver_processing_dag.py
[2026-09-05T15:09:35.746+0000] {processor.py:830} INFO - Processing file /opt/airflow/dags/silver_processing_dag.py for tasks to queue
[2026-09-05T15:09:35.758+0000] {logging_mixin.py:188} INFO - [2026-09-05T15:09:35.756+0000] {dagbag.py:545} INFO - Filling up the DagBag from /opt/airflow/dags/silver_processing_dag.py
[2026-09-05T15:09:35.841+0000] {processor.py:840} INFO - DAG(s) 'process_silver_layer' retrieved from /opt/airflow/dags/silver_processing_dag.py
[2026-09-05T15:09:35.965+0000] {logging_mixin.py:188} INFO - [2026-09-05T15:09:35.965+0000] {dag.py:3096} INFO - Sync 1 DAGs
[2026-09-05T15:09:36.012+0000] {logging_mixin.py:188} INFO - [2026-09-05T15:09:36.011+0000] {dag.py:3954} INFO - Setting next_dagrun for process_silver_layer to None, run_after=None
[2026-09-05T15:09:36.157+0000] {processor.py:183} INFO - Processing /opt/airflow/dags/silver_processing_dag.py took 0.460 seconds
[2026-09-05T15:10:07.225+0000] {processor.py:161} INFO - Started process (PID=1957) to work on /opt/airflow/dags/silver_processing_dag.py
[2026-09-05T15:10:07.236+0000] {processor.py:830} INFO - Processing file /opt/airflow/dags/silver_processing_dag.py for tasks to queue
[2026-09-05T15:10:07.244+0000] {logging_mixin.py:188} INFO - [2026-09-05T15:10:07.243+0000] {dagbag.py:545} INFO - Filling up the DagBag from /opt/airflow/dags/silver_processing_dag.py
[2026-09-05T15:10:07.311+0000] {processor.py:840} INFO - DAG(s) 'process_silver_layer' retrieved from /opt/airflow/dags/silver_processing_dag.py
[2026-09-05T15:10:07.464+0000] {logging_mixin.py:188} INFO - [2026-09-05T15:10:07.463+0000] {dag.py:3096} INFO - Sync 1 DAGs
[2026-09-05T15:10:07.530+0000] {logging_mixin.py:188} INFO - [2026-09-05T15:10:07.530+0000] {dag.py:3954} INFO - Setting next_dagrun for process_silver_layer to None, run_after=None
[2026-09-05T15:10:07.621+0000] {processor.py:183} INFO - Processing /opt/airflow/dags/silver_processing_dag.py took 0.425 seconds
[2026-09-05T15:10:38.247+0000] {processor.py:161} INFO - Started process (PID=1974) to work on /opt/airflow/dags/silver_processing_dag.py
[2026-09-05T15:10:38.250+0000] {processor.py:830} INFO - Processing file /opt/airflow/dags/silver_processing_dag.py for tasks to queue
[2026-09-05T15:10:38.257+0000] {logging_mixin.py:188} INFO - [2026-09-05T15:10:38.256+0000] {dagbag.py:545} INFO - Filling up the DagBag from /opt/airflow/dags/silver_processing_dag.py
[2026-09-05T15:10:38.311+0000] {processor.py:840} INFO - DAG(s) 'process_silver_layer' retrieved from /opt/airflow/dags/silver_processing_dag.py
[2026-09-05T15:10:38.426+0000] {logging_mixin.py:188} INFO - [2026-09-05T15:10:38.426+0000] {dag.py:3096} INFO - Sync 1 DAGs
[2026-09-05T15:10:38.469+0000] {logging_mixin.py:188} INFO - [2026-09-05T15:10:38.469+0000] {dag.py:3954} INFO - Setting next_dagrun for process_silver_layer to None, run_after=None
[2026-09-05T15:10:38.513+0000] {processor.py:183} INFO - Processing /opt/airflow/dags/silver_processing_dag.py took 0.293 seconds
[2026-09-05T15:11:08.996+0000] {processor.py:161} INFO - Started process (PID=1989) to work on /opt/airflow/dags/silver_processing_dag.py
[2026-09-05T15:11:09.004+0000] {processor.py:830} INFO - Processing file /opt/airflow/dags/silver_processing_dag.py for tasks to queue
[2026-09-05T15:11:09.012+0000] {logging_mixin.py:188} INFO - [2026-09-05T15:11:09.011+0000] {dagbag.py:545} INFO - Filling up the DagBag from /opt/airflow/dags/silver_processing_dag.py
[2026-09-05T15:11:09.091+0000] {processor.py:840} INFO - DAG(s) 'process_silver_layer' retrieved from /opt/airflow/dags/silver_processing_dag.py
[2026-09-05T15:11:09.154+0000] {logging_mixin.py:188} INFO - [2026-09-05T15:11:09.154+0000] {dag.py:3096} INFO - Sync 1 DAGs
[2026-09-05T15:11:09.187+0000] {logging_mixin.py:188} INFO - [2026-09-05T15:11:09.187+0000] {dag.py:3954} INFO - Setting next_dagrun for process_silver_layer to None, run_after=None
[2026-09-05T15:11:09.247+0000] {processor.py:183} INFO - Processing /opt/airflow/dags/silver_processing_dag.py took 0.287 seconds
[2026-09-05T15:11:39.432+0000] {processor.py:161} INFO - Started process (PID=2004) to work on /opt/airflow/dags/silver_processing_dag.py
[2026-09-05T15:11:39.437+0000] {processor.py:830} INFO - Processing file /opt/airflow/dags/silver_processing_dag.py for tasks to queue
[2026-09-05T15:11:39.446+0000] {logging_mixin.py:188} INFO - [2026-09-05T15:11:39.445+0000] {dagbag.py:545} INFO - Filling up the DagBag from /opt/airflow/dags/silver_processing_dag.py
[2026-09-05T15:11:39.520+0000] {processor.py:840} INFO - DAG(s) 'process_silver_layer' retrieved from /opt/airflow/dags/silver_processing_dag.py
[2026-09-05T15:11:39.600+0000] {logging_mixin.py:188} INFO - [2026-09-05T15:11:39.600+0000] {dag.py:3096} INFO - Sync 1 DAGs
[2026-09-05T15:11:39.644+0000] {logging_mixin.py:188} INFO - [2026-09-05T15:11:39.644+0000] {dag.py:3954} INFO - Setting next_dagrun for process_silver_layer to None, run_after=None
[2026-09-05T15:11:39.700+0000] {processor.py:183} INFO - Processing /opt/airflow/dags/silver_processing_dag.py took 0.296 seconds
[2026-09-05T15:12:10.539+0000] {processor.py:161} INFO - Started process (PID=2028) to work on /opt/airflow/dags/silver_processing_dag.py
[2026-09-05T15:12:10.545+0000] {processor.py:830} INFO - Processing file /opt/airflow/dags/silver_processing_dag.py for tasks to queue
[2026-09-05T15:12:10.569+0000] {logging_mixin.py:188} INFO - [2026-09-05T15:12:10.566+0000] {dagbag.py:545} INFO - Filling up the DagBag from /opt/airflow/dags/silver_processing_dag.py
[2026-09-05T15:12:10.645+0000] {processor.py:840} INFO - DAG(s) 'process_silver_layer' retrieved from /opt/airflow/dags/silver_processing_dag.py
[2026-09-05T15:12:10.738+0000] {logging_mixin.py:188} INFO - [2026-09-05T15:12:10.737+0000] {dag.py:3096} INFO - Sync 1 DAGs
[2026-09-05T15:12:10.783+0000] {logging_mixin.py:188} INFO - [2026-09-05T15:12:10.783+0000] {dag.py:3954} INFO - Setting next_dagrun for process_silver_layer to None, run_after=None
[2026-09-05T15:12:10.861+0000] {processor.py:183} INFO - Processing /opt/airflow/dags/silver_processing_dag.py took 0.373 seconds
[2026-09-05T15:12:41.151+0000] {processor.py:161} INFO - Started process (PID=2045) to work on /opt/airflow/dags/silver_processing_dag.py
[2026-09-05T15:12:41.157+0000] {processor.py:830} INFO - Processing file /opt/airflow/dags/silver_processing_dag.py for tasks to queue
[2026-09-05T15:12:41.173+0000] {logging_mixin.py:188} INFO - [2026-09-05T15:12:41.171+0000] {dagbag.py:545} INFO - Filling up the DagBag from /opt/airflow/dags/silver_processing_dag.py
[2026-09-05T15:12:41.261+0000] {processor.py:840} INFO - DAG(s) 'process_silver_layer' retrieved from /opt/airflow/dags/silver_processing_dag.py
[2026-09-05T15:12:41.635+0000] {logging_mixin.py:188} INFO - [2026-09-05T15:12:41.634+0000] {dag.py:3096} INFO - Sync 1 DAGs
[2026-09-05T15:12:41.723+0000] {logging_mixin.py:188} INFO - [2026-09-05T15:12:41.722+0000] {dag.py:3954} INFO - Setting next_dagrun for process_silver_layer to None, run_after=None
[2026-09-05T15:12:41.859+0000] {processor.py:183} INFO - Processing /opt/airflow/dags/silver_processing_dag.py took 0.752 seconds
[2026-09-05T15:13:12.186+0000] {processor.py:161} INFO - Started process (PID=2063) to work on /opt/airflow/dags/silver_processing_dag.py
[2026-09-05T15:13:12.194+0000] {processor.py:830} INFO - Processing file /opt/airflow/dags/silver_processing_dag.py for tasks to queue
[2026-09-05T15:13:12.203+0000] {logging_mixin.py:188} INFO - [2026-09-05T15:13:12.201+0000] {dagbag.py:545} INFO - Filling up the DagBag from /opt/airflow/dags/silver_processing_dag.py
[2026-09-05T15:13:12.325+0000] {processor.py:840} INFO - DAG(s) 'process_silver_layer' retrieved from /opt/airflow/dags/silver_processing_dag.py
[2026-09-05T15:13:12.424+0000] {logging_mixin.py:188} INFO - [2026-09-05T15:13:12.424+0000] {dag.py:3096} INFO - Sync 1 DAGs
[2026-09-05T15:13:12.485+0000] {logging_mixin.py:188} INFO - [2026-09-05T15:13:12.484+0000] {dag.py:3954} INFO - Setting next_dagrun for process_silver_layer to None, run_after=None
[2026-09-05T15:13:12.559+0000] {processor.py:183} INFO - Processing /opt/airflow/dags/silver_processing_dag.py took 0.407 seconds
[2026-09-05T15:13:43.172+0000] {processor.py:161} INFO - Started process (PID=2084) to work on /opt/airflow/dags/silver_processing_dag.py
[2026-09-05T15:13:43.176+0000] {processor.py:830} INFO - Processing file /opt/airflow/dags/silver_processing_dag.py for tasks to queue
[2026-09-05T15:13:43.187+0000] {logging_mixin.py:188} INFO - [2026-09-05T15:13:43.186+0000] {dagbag.py:545} INFO - Filling up the DagBag from /opt/airflow/dags/silver_processing_dag.py
[2026-09-05T15:13:43.263+0000] {processor.py:840} INFO - DAG(s) 'process_silver_layer' retrieved from /opt/airflow/dags/silver_processing_dag.py
[2026-09-05T15:13:43.351+0000] {logging_mixin.py:188} INFO - [2026-09-05T15:13:43.351+0000] {dag.py:3096} INFO - Sync 1 DAGs
[2026-09-05T15:13:43.510+0000] {logging_mixin.py:188} INFO - [2026-09-05T15:13:43.510+0000] {dag.py:3954} INFO - Setting next_dagrun for process_silver_layer to None, run_after=None
[2026-09-05T15:13:43.578+0000] {processor.py:183} INFO - Processing /opt/airflow/dags/silver_processing_dag.py took 0.430 seconds
[2026-09-05T15:14:14.189+0000] {processor.py:161} INFO - Started process (PID=2103) to work on /opt/airflow/dags/silver_processing_dag.py
[2026-09-05T15:14:14.192+0000] {processor.py:830} INFO - Processing file /opt/airflow/dags/silver_processing_dag.py for tasks to queue
[2026-09-05T15:14:14.196+0000] {logging_mixin.py:188} INFO - [2026-09-05T15:14:14.195+0000] {dagbag.py:545} INFO - Filling up the DagBag from /opt/airflow/dags/silver_processing_dag.py
[2026-09-05T15:14:14.238+0000] {processor.py:840} INFO - DAG(s) 'process_silver_layer' retrieved from /opt/airflow/dags/silver_processing_dag.py
[2026-09-05T15:14:14.292+0000] {logging_mixin.py:188} INFO - [2026-09-05T15:14:14.292+0000] {dag.py:3096} INFO - Sync 1 DAGs
[2026-09-05T15:14:14.322+0000] {logging_mixin.py:188} INFO - [2026-09-05T15:14:14.322+0000] {dag.py:3954} INFO - Setting next_dagrun for process_silver_layer to None, run_after=None
[2026-09-05T15:14:14.362+0000] {processor.py:183} INFO - Processing /opt/airflow/dags/silver_processing_dag.py took 0.184 seconds
[2026-09-05T15:14:45.008+0000] {processor.py:161} INFO - Started process (PID=2119) to work on /opt/airflow/dags/silver_processing_dag.py
[2026-09-05T15:14:45.011+0000] {processor.py:830} INFO - Processing file /opt/airflow/dags/silver_processing_dag.py for tasks to queue
[2026-09-05T15:14:45.015+0000] {logging_mixin.py:188} INFO - [2026-09-05T15:14:45.015+0000] {dagbag.py:545} INFO - Filling up the DagBag from /opt/airflow/dags/silver_processing_dag.py
[2026-09-05T15:14:45.054+0000] {processor.py:840} INFO - DAG(s) 'process_silver_layer' retrieved from /opt/airflow/dags/silver_processing_dag.py
[2026-09-05T15:14:45.102+0000] {logging_mixin.py:188} INFO - [2026-09-05T15:14:45.101+0000] {dag.py:3096} INFO - Sync 1 DAGs
[2026-09-05T15:14:45.133+0000] {logging_mixin.py:188} INFO - [2026-09-05T15:14:45.133+0000] {dag.py:3954} INFO - Setting next_dagrun for process_silver_layer to None, run_after=None
[2026-09-05T15:14:45.173+0000] {processor.py:183} INFO - Processing /opt/airflow/dags/silver_processing_dag.py took 0.176 seconds
[2026-09-05T15:15:15.771+0000] {processor.py:161} INFO - Started process (PID=2134) to work on /opt/airflow/dags/silver_processing_dag.py
[2026-09-05T15:15:15.774+0000] {processor.py:830} INFO - Processing file /opt/airflow/dags/silver_processing_dag.py for tasks to queue
[2026-09-05T15:15:15.780+0000] {logging_mixin.py:188} INFO - [2026-09-05T15:15:15.778+0000] {dagbag.py:545} INFO - Filling up the DagBag from /opt/airflow/dags/silver_processing_dag.py
[2026-09-05T15:15:15.836+0000] {processor.py:840} INFO - DAG(s) 'process_silver_layer' retrieved from /opt/airflow/dags/silver_processing_dag.py
[2026-09-05T15:15:15.942+0000] {logging_mixin.py:188} INFO - [2026-09-05T15:15:15.941+0000] {dag.py:3096} INFO - Sync 1 DAGs
[2026-09-05T15:15:16.001+0000] {logging_mixin.py:188} INFO - [2026-09-05T15:15:16.001+0000] {dag.py:3954} INFO - Setting next_dagrun for process_silver_layer to None, run_after=None
[2026-09-05T15:15:16.075+0000] {processor.py:183} INFO - Processing /opt/airflow/dags/silver_processing_dag.py took 0.318 seconds
[2026-09-05T15:15:46.594+0000] {processor.py:161} INFO - Started process (PID=2149) to work on /opt/airflow/dags/silver_processing_dag.py
[2026-09-05T15:15:46.596+0000] {processor.py:830} INFO - Processing file /opt/airflow/dags/silver_processing_dag.py for tasks to queue
[2026-09-05T15:15:46.601+0000] {logging_mixin.py:188} INFO - [2026-09-05T15:15:46.601+0000] {dagbag.py:545} INFO - Filling up the DagBag from /opt/airflow/dags/silver_processing_dag.py
[2026-09-05T15:15:46.639+0000] {processor.py:840} INFO - DAG(s) 'process_silver_layer' retrieved from /opt/airflow/dags/silver_processing_dag.py
[2026-09-05T15:15:46.685+0000] {logging_mixin.py:188} INFO - [2026-09-05T15:15:46.684+0000] {dag.py:3096} INFO - Sync 1 DAGs
[2026-09-05T15:15:46.711+0000] {logging_mixin.py:188} INFO - [2026-09-05T15:15:46.710+0000] {dag.py:3954} INFO - Setting next_dagrun for process_silver_layer to None, run_after=None
[2026-09-05T15:15:46.756+0000] {processor.py:183} INFO - Processing /opt/airflow/dags/silver_processing_dag.py took 0.177 seconds
[2026-09-05T15:16:17.217+0000] {processor.py:161} INFO - Started process (PID=2164) to work on /opt/airflow/dags/silver_processing_dag.py
[2026-09-05T15:16:17.220+0000] {processor.py:830} INFO - Processing file /opt/airflow/dags/silver_processing_dag.py for tasks to queue
[2026-09-05T15:16:17.226+0000] {logging_mixin.py:188} INFO - [2026-09-05T15:16:17.225+0000] {dagbag.py:545} INFO - Filling up the DagBag from /opt/airflow/dags/silver_processing_dag.py
[2026-09-05T15:16:17.263+0000] {processor.py:840} INFO - DAG(s) 'process_silver_layer' retrieved from /opt/airflow/dags/silver_processing_dag.py
[2026-09-05T15:16:17.310+0000] {logging_mixin.py:188} INFO - [2026-09-05T15:16:17.310+0000] {dag.py:3096} INFO - Sync 1 DAGs
[2026-09-05T15:16:17.339+0000] {logging_mixin.py:188} INFO - [2026-09-05T15:16:17.339+0000] {dag.py:3954} INFO - Setting next_dagrun for process_silver_layer to None, run_after=None
[2026-09-05T15:16:17.404+0000] {processor.py:183} INFO - Processing /opt/airflow/dags/silver_processing_dag.py took 0.201 seconds
[2026-09-05T15:16:47.986+0000] {processor.py:161} INFO - Started process (PID=2179) to work on /opt/airflow/dags/silver_processing_dag.py
[2026-09-05T15:16:47.989+0000] {processor.py:830} INFO - Processing file /opt/airflow/dags/silver_processing_dag.py for tasks to queue
[2026-09-05T15:16:47.994+0000] {logging_mixin.py:188} INFO - [2026-09-05T15:16:47.993+0000] {dagbag.py:545} INFO - Filling up the DagBag from /opt/airflow/dags/silver_processing_dag.py
[2026-09-05T15:16:48.032+0000] {processor.py:840} INFO - DAG(s) 'process_silver_layer' retrieved from /opt/airflow/dags/silver_processing_dag.py
[2026-09-05T15:16:48.084+0000] {logging_mixin.py:188} INFO - [2026-09-05T15:16:48.084+0000] {dag.py:3096} INFO - Sync 1 DAGs
[2026-09-05T15:16:48.111+0000] {logging_mixin.py:188} INFO - [2026-09-05T15:16:48.111+0000] {dag.py:3954} INFO - Setting next_dagrun for process_silver_layer to None, run_after=None
[2026-09-05T15:16:48.150+0000] {processor.py:183} INFO - Processing /opt/airflow/dags/silver_processing_dag.py took 0.177 seconds
[2026-09-05T15:17:18.708+0000] {processor.py:161} INFO - Started process (PID=2201) to work on /opt/airflow/dags/silver_processing_dag.py
[2026-09-05T15:17:18.712+0000] {processor.py:830} INFO - Processing file /opt/airflow/dags/silver_processing_dag.py for tasks to queue
[2026-09-05T15:17:18.718+0000] {logging_mixin.py:188} INFO - [2026-09-05T15:17:18.718+0000] {dagbag.py:545} INFO - Filling up the DagBag from /opt/airflow/dags/silver_processing_dag.py
[2026-09-05T15:17:18.758+0000] {processor.py:840} INFO - DAG(s) 'process_silver_layer' retrieved from /opt/airflow/dags/silver_processing_dag.py
[2026-09-05T15:17:18.800+0000] {logging_mixin.py:188} INFO - [2026-09-05T15:17:18.800+0000] {dag.py:3096} INFO - Sync 1 DAGs
[2026-09-05T15:17:18.827+0000] {logging_mixin.py:188} INFO - [2026-09-05T15:17:18.827+0000] {dag.py:3954} INFO - Setting next_dagrun for process_silver_layer to None, run_after=None
[2026-09-05T15:17:18.874+0000] {processor.py:183} INFO - Processing /opt/airflow/dags/silver_processing_dag.py took 0.180 seconds
[2026-09-05T15:17:49.314+0000] {processor.py:161} INFO - Started process (PID=2216) to work on /opt/airflow/dags/silver_processing_dag.py
[2026-09-05T15:17:49.317+0000] {processor.py:830} INFO - Processing file /opt/airflow/dags/silver_processing_dag.py for tasks to queue
[2026-09-05T15:17:49.323+0000] {logging_mixin.py:188} INFO - [2026-09-05T15:17:49.322+0000] {dagbag.py:545} INFO - Filling up the DagBag from /opt/airflow/dags/silver_processing_dag.py
[2026-09-05T15:17:49.362+0000] {processor.py:840} INFO - DAG(s) 'process_silver_layer' retrieved from /opt/airflow/dags/silver_processing_dag.py
[2026-09-05T15:17:49.415+0000] {logging_mixin.py:188} INFO - [2026-09-05T15:17:49.414+0000] {dag.py:3096} INFO - Sync 1 DAGs
[2026-09-05T15:17:49.442+0000] {logging_mixin.py:188} INFO - [2026-09-05T15:17:49.441+0000] {dag.py:3954} INFO - Setting next_dagrun for process_silver_layer to None, run_after=None
[2026-09-05T15:17:49.479+0000] {processor.py:183} INFO - Processing /opt/airflow/dags/silver_processing_dag.py took 0.178 seconds
[2026-09-05T15:18:20.200+0000] {processor.py:161} INFO - Started process (PID=2237) to work on /opt/airflow/dags/silver_processing_dag.py
[2026-09-05T15:18:20.202+0000] {processor.py:830} INFO - Processing file /opt/airflow/dags/silver_processing_dag.py for tasks to queue
[2026-09-05T15:18:20.211+0000] {logging_mixin.py:188} INFO - [2026-09-05T15:18:20.210+0000] {dagbag.py:545} INFO - Filling up the DagBag from /opt/airflow/dags/silver_processing_dag.py
[2026-09-05T15:18:20.264+0000] {processor.py:840} INFO - DAG(s) 'process_silver_layer' retrieved from /opt/airflow/dags/silver_processing_dag.py
[2026-09-05T15:18:20.314+0000] {logging_mixin.py:188} INFO - [2026-09-05T15:18:20.314+0000] {dag.py:3096} INFO - Sync 1 DAGs
[2026-09-05T15:18:20.345+0000] {logging_mixin.py:188} INFO - [2026-09-05T15:18:20.345+0000] {dag.py:3954} INFO - Setting next_dagrun for process_silver_layer to None, run_after=None
[2026-09-05T15:18:20.403+0000] {processor.py:183} INFO - Processing /opt/airflow/dags/silver_processing_dag.py took 0.224 seconds
[2026-09-05T15:18:51.024+0000] {processor.py:161} INFO - Started process (PID=2257) to work on /opt/airflow/dags/silver_processing_dag.py
[2026-09-05T15:18:51.027+0000] {processor.py:830} INFO - Processing file /opt/airflow/dags/silver_processing_dag.py for tasks to queue
[2026-09-05T15:18:51.032+0000] {logging_mixin.py:188} INFO - [2026-09-05T15:18:51.031+0000] {dagbag.py:545} INFO - Filling up the DagBag from /opt/airflow/dags/silver_processing_dag.py
[2026-09-05T15:18:51.080+0000] {processor.py:840} INFO - DAG(s) 'process_silver_layer' retrieved from /opt/airflow/dags/silver_processing_dag.py
[2026-09-05T15:18:51.130+0000] {logging_mixin.py:188} INFO - [2026-09-05T15:18:51.129+0000] {dag.py:3096} INFO - Sync 1 DAGs
[2026-09-05T15:18:51.155+0000] {logging_mixin.py:188} INFO - [2026-09-05T15:18:51.155+0000] {dag.py:3954} INFO - Setting next_dagrun for process_silver_layer to None, run_after=None
[2026-09-05T15:18:51.205+0000] {processor.py:183} INFO - Processing /opt/airflow/dags/silver_processing_dag.py took 0.194 seconds
[2026-09-05T15:22:33.455+0000] {processor.py:161} INFO - Started process (PID=2280) to work on /opt/airflow/dags/silver_processing_dag.py
[2026-09-05T15:22:33.474+0000] {processor.py:830} INFO - Processing file /opt/airflow/dags/silver_processing_dag.py for tasks to queue
[2026-09-05T15:22:33.500+0000] {logging_mixin.py:188} INFO - [2026-09-05T15:22:33.499+0000] {dagbag.py:545} INFO - Filling up the DagBag from /opt/airflow/dags/silver_processing_dag.py
[2026-09-05T15:22:33.738+0000] {processor.py:840} INFO - DAG(s) 'process_silver_layer' retrieved from /opt/airflow/dags/silver_processing_dag.py
[2026-09-05T15:22:34.247+0000] {logging_mixin.py:188} INFO - [2026-09-05T15:22:34.234+0000] {dag.py:3096} INFO - Sync 1 DAGs
[2026-09-05T15:22:34.451+0000] {logging_mixin.py:188} INFO - [2026-09-05T15:22:34.450+0000] {dag.py:3954} INFO - Setting next_dagrun for process_silver_layer to None, run_after=None
[2026-09-05T15:22:34.784+0000] {processor.py:183} INFO - Processing /opt/airflow/dags/silver_processing_dag.py took 1.405 seconds
[2026-09-05T15:23:05.608+0000] {processor.py:161} INFO - Started process (PID=2328) to work on /opt/airflow/dags/silver_processing_dag.py
[2026-09-05T15:23:05.614+0000] {processor.py:830} INFO - Processing file /opt/airflow/dags/silver_processing_dag.py for tasks to queue
[2026-09-05T15:23:05.626+0000] {logging_mixin.py:188} INFO - [2026-09-05T15:23:05.625+0000] {dagbag.py:545} INFO - Filling up the DagBag from /opt/airflow/dags/silver_processing_dag.py
[2026-09-05T15:23:05.782+0000] {processor.py:840} INFO - DAG(s) 'process_silver_layer' retrieved from /opt/airflow/dags/silver_processing_dag.py
[2026-09-05T15:23:05.991+0000] {logging_mixin.py:188} INFO - [2026-09-05T15:23:05.982+0000] {dag.py:3096} INFO - Sync 1 DAGs
[2026-09-05T15:23:06.099+0000] {logging_mixin.py:188} INFO - [2026-09-05T15:23:06.098+0000] {dag.py:3954} INFO - Setting next_dagrun for process_silver_layer to None, run_after=None
[2026-09-05T15:23:06.235+0000] {processor.py:183} INFO - Processing /opt/airflow/dags/silver_processing_dag.py took 0.660 seconds
[2026-09-05T15:23:39.214+0000] {processor.py:161} INFO - Started process (PID=2343) to work on /opt/airflow/dags/silver_processing_dag.py
[2026-09-05T15:23:39.311+0000] {processor.py:830} INFO - Processing file /opt/airflow/dags/silver_processing_dag.py for tasks to queue
[2026-09-05T15:23:39.454+0000] {logging_mixin.py:188} INFO - [2026-09-05T15:23:39.453+0000] {dagbag.py:545} INFO - Filling up the DagBag from /opt/airflow/dags/silver_processing_dag.py
[2026-09-05T15:23:39.850+0000] {processor.py:840} INFO - DAG(s) 'process_silver_layer' retrieved from /opt/airflow/dags/silver_processing_dag.py
[2026-09-05T15:23:40.233+0000] {logging_mixin.py:188} INFO - [2026-09-05T15:23:40.232+0000] {dag.py:3096} INFO - Sync 1 DAGs
[2026-09-05T15:23:40.399+0000] {logging_mixin.py:188} INFO - [2026-09-05T15:23:40.388+0000] {dag.py:3954} INFO - Setting next_dagrun for process_silver_layer to None, run_after=None
[2026-09-05T15:23:40.784+0000] {processor.py:183} INFO - Processing /opt/airflow/dags/silver_processing_dag.py took 1.666 seconds
[2026-09-05T15:24:11.931+0000] {processor.py:161} INFO - Started process (PID=2364) to work on /opt/airflow/dags/silver_processing_dag.py
[2026-09-05T15:24:11.948+0000] {processor.py:830} INFO - Processing file /opt/airflow/dags/silver_processing_dag.py for tasks to queue
[2026-09-05T15:24:11.970+0000] {logging_mixin.py:188} INFO - [2026-09-05T15:24:11.967+0000] {dagbag.py:545} INFO - Filling up the DagBag from /opt/airflow/dags/silver_processing_dag.py
[2026-09-05T15:24:12.244+0000] {processor.py:840} INFO - DAG(s) 'process_silver_layer' retrieved from /opt/airflow/dags/silver_processing_dag.py
[2026-09-05T15:24:12.503+0000] {logging_mixin.py:188} INFO - [2026-09-05T15:24:12.499+0000] {dag.py:3096} INFO - Sync 1 DAGs
[2026-09-05T15:24:12.715+0000] {logging_mixin.py:188} INFO - [2026-09-05T15:24:12.714+0000] {dag.py:3954} INFO - Setting next_dagrun for process_silver_layer to None, run_after=None
[2026-09-05T15:24:13.135+0000] {processor.py:183} INFO - Processing /opt/airflow/dags/silver_processing_dag.py took 1.260 seconds
[2026-09-05T15:24:43.820+0000] {processor.py:161} INFO - Started process (PID=2382) to work on /opt/airflow/dags/silver_processing_dag.py
[2026-09-05T15:24:43.824+0000] {processor.py:830} INFO - Processing file /opt/airflow/dags/silver_processing_dag.py for tasks to queue
[2026-09-05T15:24:43.837+0000] {logging_mixin.py:188} INFO - [2026-09-05T15:24:43.836+0000] {dagbag.py:545} INFO - Filling up the DagBag from /opt/airflow/dags/silver_processing_dag.py
[2026-09-05T15:24:43.901+0000] {processor.py:840} INFO - DAG(s) 'process_silver_layer' retrieved from /opt/airflow/dags/silver_processing_dag.py
[2026-09-05T15:24:43.978+0000] {logging_mixin.py:188} INFO - [2026-09-05T15:24:43.978+0000] {dag.py:3096} INFO - Sync 1 DAGs
[2026-09-05T15:24:44.022+0000] {logging_mixin.py:188} INFO - [2026-09-05T15:24:44.022+0000] {dag.py:3954} INFO - Setting next_dagrun for process_silver_layer to None, run_after=None
[2026-09-05T15:24:44.106+0000] {processor.py:183} INFO - Processing /opt/airflow/dags/silver_processing_dag.py took 0.327 seconds
[2026-09-05T15:25:15.275+0000] {processor.py:161} INFO - Started process (PID=2401) to work on /opt/airflow/dags/silver_processing_dag.py
[2026-09-05T15:25:15.302+0000] {processor.py:830} INFO - Processing file /opt/airflow/dags/silver_processing_dag.py for tasks to queue
[2026-09-05T15:25:15.345+0000] {logging_mixin.py:188} INFO - [2026-09-05T15:25:15.344+0000] {dagbag.py:545} INFO - Filling up the DagBag from /opt/airflow/dags/silver_processing_dag.py
[2026-09-05T15:25:15.539+0000] {processor.py:840} INFO - DAG(s) 'process_silver_layer' retrieved from /opt/airflow/dags/silver_processing_dag.py
[2026-09-05T15:25:15.803+0000] {logging_mixin.py:188} INFO - [2026-09-05T15:25:15.802+0000] {dag.py:3096} INFO - Sync 1 DAGs
[2026-09-05T15:25:15.973+0000] {logging_mixin.py:188} INFO - [2026-09-05T15:25:15.962+0000] {dag.py:3954} INFO - Setting next_dagrun for process_silver_layer to None, run_after=None
[2026-09-05T15:25:16.136+0000] {processor.py:183} INFO - Processing /opt/airflow/dags/silver_processing_dag.py took 0.930 seconds
[2026-09-05T15:25:47.303+0000] {processor.py:161} INFO - Started process (PID=2421) to work on /opt/airflow/dags/silver_processing_dag.py
[2026-09-05T15:25:47.311+0000] {processor.py:830} INFO - Processing file /opt/airflow/dags/silver_processing_dag.py for tasks to queue
[2026-09-05T15:25:47.321+0000] {logging_mixin.py:188} INFO - [2026-09-05T15:25:47.320+0000] {dagbag.py:545} INFO - Filling up the DagBag from /opt/airflow/dags/silver_processing_dag.py
[2026-09-05T15:25:47.405+0000] {processor.py:840} INFO - DAG(s) 'process_silver_layer' retrieved from /opt/airflow/dags/silver_processing_dag.py
[2026-09-05T15:25:47.513+0000] {logging_mixin.py:188} INFO - [2026-09-05T15:25:47.513+0000] {dag.py:3096} INFO - Sync 1 DAGs
[2026-09-05T15:25:47.578+0000] {logging_mixin.py:188} INFO - [2026-09-05T15:25:47.578+0000] {dag.py:3954} INFO - Setting next_dagrun for process_silver_layer to None, run_after=None
[2026-09-05T15:25:47.785+0000] {processor.py:183} INFO - Processing /opt/airflow/dags/silver_processing_dag.py took 0.534 seconds
[2026-09-05T15:26:18.299+0000] {processor.py:161} INFO - Started process (PID=2436) to work on /opt/airflow/dags/silver_processing_dag.py
[2026-09-05T15:26:18.304+0000] {processor.py:830} INFO - Processing file /opt/airflow/dags/silver_processing_dag.py for tasks to queue
[2026-09-05T15:26:18.315+0000] {logging_mixin.py:188} INFO - [2026-09-05T15:26:18.314+0000] {dagbag.py:545} INFO - Filling up the DagBag from /opt/airflow/dags/silver_processing_dag.py
[2026-09-05T15:26:18.394+0000] {processor.py:840} INFO - DAG(s) 'process_silver_layer' retrieved from /opt/airflow/dags/silver_processing_dag.py
[2026-09-05T15:26:18.502+0000] {logging_mixin.py:188} INFO - [2026-09-05T15:26:18.502+0000] {dag.py:3096} INFO - Sync 1 DAGs
[2026-09-05T15:26:18.568+0000] {logging_mixin.py:188} INFO - [2026-09-05T15:26:18.567+0000] {dag.py:3954} INFO - Setting next_dagrun for process_silver_layer to None, run_after=None
[2026-09-05T15:26:18.650+0000] {processor.py:183} INFO - Processing /opt/airflow/dags/silver_processing_dag.py took 0.397 seconds
[2026-09-05T15:26:49.002+0000] {processor.py:161} INFO - Started process (PID=2451) to work on /opt/airflow/dags/silver_processing_dag.py
[2026-09-05T15:26:49.008+0000] {processor.py:830} INFO - Processing file /opt/airflow/dags/silver_processing_dag.py for tasks to queue
[2026-09-05T15:26:49.021+0000] {logging_mixin.py:188} INFO - [2026-09-05T15:26:49.019+0000] {dagbag.py:545} INFO - Filling up the DagBag from /opt/airflow/dags/silver_processing_dag.py
[2026-09-05T15:26:49.116+0000] {processor.py:840} INFO - DAG(s) 'process_silver_layer' retrieved from /opt/airflow/dags/silver_processing_dag.py
[2026-09-05T15:26:49.213+0000] {logging_mixin.py:188} INFO - [2026-09-05T15:26:49.212+0000] {dag.py:3096} INFO - Sync 1 DAGs
[2026-09-05T15:26:49.272+0000] {logging_mixin.py:188} INFO - [2026-09-05T15:26:49.271+0000] {dag.py:3954} INFO - Setting next_dagrun for process_silver_layer to None, run_after=None
[2026-09-05T15:26:49.346+0000] {processor.py:183} INFO - Processing /opt/airflow/dags/silver_processing_dag.py took 0.378 seconds
[2026-09-05T15:27:19.647+0000] {processor.py:161} INFO - Started process (PID=2494) to work on /opt/airflow/dags/silver_processing_dag.py
[2026-09-05T15:27:19.650+0000] {processor.py:830} INFO - Processing file /opt/airflow/dags/silver_processing_dag.py for tasks to queue
[2026-09-05T15:27:19.662+0000] {logging_mixin.py:188} INFO - [2026-09-05T15:27:19.661+0000] {dagbag.py:545} INFO - Filling up the DagBag from /opt/airflow/dags/silver_processing_dag.py
[2026-09-05T15:27:19.776+0000] {processor.py:840} INFO - DAG(s) 'process_silver_layer' retrieved from /opt/airflow/dags/silver_processing_dag.py
[2026-09-05T15:27:19.905+0000] {logging_mixin.py:188} INFO - [2026-09-05T15:27:19.904+0000] {dag.py:3096} INFO - Sync 1 DAGs
[2026-09-05T15:27:19.999+0000] {logging_mixin.py:188} INFO - [2026-09-05T15:27:19.998+0000] {dag.py:3954} INFO - Setting next_dagrun for process_silver_layer to None, run_after=None
[2026-09-05T15:27:20.203+0000] {processor.py:183} INFO - Processing /opt/airflow/dags/silver_processing_dag.py took 0.606 seconds
[2026-09-05T15:27:51.256+0000] {processor.py:161} INFO - Started process (PID=2532) to work on /opt/airflow/dags/silver_processing_dag.py
[2026-09-05T15:27:51.279+0000] {processor.py:830} INFO - Processing file /opt/airflow/dags/silver_processing_dag.py for tasks to queue
[2026-09-05T15:27:51.326+0000] {logging_mixin.py:188} INFO - [2026-09-05T15:27:51.324+0000] {dagbag.py:545} INFO - Filling up the DagBag from /opt/airflow/dags/silver_processing_dag.py
[2026-09-05T15:27:51.737+0000] {processor.py:840} INFO - DAG(s) 'process_silver_layer' retrieved from /opt/airflow/dags/silver_processing_dag.py
[2026-09-05T15:27:52.330+0000] {logging_mixin.py:188} INFO - [2026-09-05T15:27:52.329+0000] {dag.py:3096} INFO - Sync 1 DAGs
[2026-09-05T15:27:52.570+0000] {logging_mixin.py:188} INFO - [2026-09-05T15:27:52.569+0000] {dag.py:3954} INFO - Setting next_dagrun for process_silver_layer to None, run_after=None
[2026-09-05T15:27:52.888+0000] {processor.py:183} INFO - Processing /opt/airflow/dags/silver_processing_dag.py took 1.735 seconds
[2026-09-05T15:28:23.474+0000] {processor.py:161} INFO - Started process (PID=2600) to work on /opt/airflow/dags/silver_processing_dag.py
[2026-09-05T15:28:23.482+0000] {processor.py:830} INFO - Processing file /opt/airflow/dags/silver_processing_dag.py for tasks to queue
[2026-09-05T15:28:23.490+0000] {logging_mixin.py:188} INFO - [2026-09-05T15:28:23.489+0000] {dagbag.py:545} INFO - Filling up the DagBag from /opt/airflow/dags/silver_processing_dag.py
[2026-09-05T15:28:23.563+0000] {processor.py:840} INFO - DAG(s) 'process_silver_layer' retrieved from /opt/airflow/dags/silver_processing_dag.py
[2026-09-05T15:28:23.681+0000] {logging_mixin.py:188} INFO - [2026-09-05T15:28:23.680+0000] {dag.py:3096} INFO - Sync 1 DAGs
[2026-09-05T15:28:23.742+0000] {logging_mixin.py:188} INFO - [2026-09-05T15:28:23.741+0000] {dag.py:3954} INFO - Setting next_dagrun for process_silver_layer to None, run_after=None
[2026-09-05T15:28:23.819+0000] {processor.py:183} INFO - Processing /opt/airflow/dags/silver_processing_dag.py took 0.370 seconds
[2026-09-05T15:28:54.788+0000] {processor.py:161} INFO - Started process (PID=2615) to work on /opt/airflow/dags/silver_processing_dag.py
[2026-09-05T15:28:54.791+0000] {processor.py:830} INFO - Processing file /opt/airflow/dags/silver_processing_dag.py for tasks to queue
[2026-09-05T15:28:54.801+0000] {logging_mixin.py:188} INFO - [2026-09-05T15:28:54.799+0000] {dagbag.py:545} INFO - Filling up the DagBag from /opt/airflow/dags/silver_processing_dag.py
[2026-09-05T15:28:54.869+0000] {processor.py:840} INFO - DAG(s) 'process_silver_layer' retrieved from /opt/airflow/dags/silver_processing_dag.py
[2026-09-05T15:28:54.954+0000] {logging_mixin.py:188} INFO - [2026-09-05T15:28:54.953+0000] {dag.py:3096} INFO - Sync 1 DAGs
[2026-09-05T15:28:55.004+0000] {logging_mixin.py:188} INFO - [2026-09-05T15:28:55.004+0000] {dag.py:3954} INFO - Setting next_dagrun for process_silver_layer to None, run_after=None
[2026-09-05T15:28:55.079+0000] {processor.py:183} INFO - Processing /opt/airflow/dags/silver_processing_dag.py took 0.316 seconds
[2026-09-05T15:29:25.352+0000] {processor.py:161} INFO - Started process (PID=2630) to work on /opt/airflow/dags/silver_processing_dag.py
[2026-09-05T15:29:25.356+0000] {processor.py:830} INFO - Processing file /opt/airflow/dags/silver_processing_dag.py for tasks to queue
[2026-09-05T15:29:25.370+0000] {logging_mixin.py:188} INFO - [2026-09-05T15:29:25.363+0000] {dagbag.py:545} INFO - Filling up the DagBag from /opt/airflow/dags/silver_processing_dag.py
[2026-09-05T15:29:25.478+0000] {processor.py:840} INFO - DAG(s) 'process_silver_layer' retrieved from /opt/airflow/dags/silver_processing_dag.py
[2026-09-05T15:29:25.627+0000] {logging_mixin.py:188} INFO - [2026-09-05T15:29:25.612+0000] {dag.py:3096} INFO - Sync 1 DAGs
[2026-09-05T15:29:25.741+0000] {logging_mixin.py:188} INFO - [2026-09-05T15:29:25.741+0000] {dag.py:3954} INFO - Setting next_dagrun for process_silver_layer to None, run_after=None
[2026-09-05T15:29:25.907+0000] {processor.py:183} INFO - Processing /opt/airflow/dags/silver_processing_dag.py took 0.593 seconds
[2026-09-05T15:29:56.309+0000] {processor.py:161} INFO - Started process (PID=2645) to work on /opt/airflow/dags/silver_processing_dag.py
[2026-09-05T15:29:56.314+0000] {processor.py:830} INFO - Processing file /opt/airflow/dags/silver_processing_dag.py for tasks to queue
[2026-09-05T15:29:56.365+0000] {logging_mixin.py:188} INFO - [2026-09-05T15:29:56.363+0000] {dagbag.py:545} INFO - Filling up the DagBag from /opt/airflow/dags/silver_processing_dag.py
[2026-09-05T15:29:56.614+0000] {processor.py:840} INFO - DAG(s) 'process_silver_layer' retrieved from /opt/airflow/dags/silver_processing_dag.py
[2026-09-05T15:29:56.912+0000] {logging_mixin.py:188} INFO - [2026-09-05T15:29:56.912+0000] {dag.py:3096} INFO - Sync 1 DAGs
[2026-09-05T15:29:57.096+0000] {logging_mixin.py:188} INFO - [2026-09-05T15:29:57.095+0000] {dag.py:3954} INFO - Setting next_dagrun for process_silver_layer to None, run_after=None
[2026-09-05T15:29:57.451+0000] {processor.py:183} INFO - Processing /opt/airflow/dags/silver_processing_dag.py took 1.191 seconds
[2026-09-05T15:30:27.847+0000] {processor.py:161} INFO - Started process (PID=2660) to work on /opt/airflow/dags/silver_processing_dag.py
[2026-09-05T15:30:27.850+0000] {processor.py:830} INFO - Processing file /opt/airflow/dags/silver_processing_dag.py for tasks to queue
[2026-09-05T15:30:27.858+0000] {logging_mixin.py:188} INFO - [2026-09-05T15:30:27.857+0000] {dagbag.py:545} INFO - Filling up the DagBag from /opt/airflow/dags/silver_processing_dag.py
[2026-09-05T15:30:27.909+0000] {processor.py:840} INFO - DAG(s) 'process_silver_layer' retrieved from /opt/airflow/dags/silver_processing_dag.py
[2026-09-05T15:30:27.972+0000] {logging_mixin.py:188} INFO - [2026-09-05T15:30:27.971+0000] {dag.py:3096} INFO - Sync 1 DAGs
[2026-09-05T15:30:28.014+0000] {logging_mixin.py:188} INFO - [2026-09-05T15:30:28.014+0000] {dag.py:3954} INFO - Setting next_dagrun for process_silver_layer to None, run_after=None
[2026-09-05T15:30:28.082+0000] {processor.py:183} INFO - Processing /opt/airflow/dags/silver_processing_dag.py took 0.255 seconds
[2026-09-05T15:30:58.305+0000] {processor.py:161} INFO - Started process (PID=2678) to work on /opt/airflow/dags/silver_processing_dag.py
[2026-09-05T15:30:58.311+0000] {processor.py:830} INFO - Processing file /opt/airflow/dags/silver_processing_dag.py for tasks to queue
[2026-09-05T15:30:58.326+0000] {logging_mixin.py:188} INFO - [2026-09-05T15:30:58.324+0000] {dagbag.py:545} INFO - Filling up the DagBag from /opt/airflow/dags/silver_processing_dag.py
[2026-09-05T15:30:58.435+0000] {processor.py:840} INFO - DAG(s) 'process_silver_layer' retrieved from /opt/airflow/dags/silver_processing_dag.py
[2026-09-05T15:30:58.532+0000] {logging_mixin.py:188} INFO - [2026-09-05T15:30:58.531+0000] {dag.py:3096} INFO - Sync 1 DAGs
[2026-09-05T15:30:58.595+0000] {logging_mixin.py:188} INFO - [2026-09-05T15:30:58.594+0000] {dag.py:3954} INFO - Setting next_dagrun for process_silver_layer to None, run_after=None
[2026-09-05T15:30:58.664+0000] {processor.py:183} INFO - Processing /opt/airflow/dags/silver_processing_dag.py took 0.385 seconds
[2026-09-05T15:31:29.950+0000] {processor.py:161} INFO - Started process (PID=2693) to work on /opt/airflow/dags/silver_processing_dag.py
[2026-09-05T15:31:29.966+0000] {processor.py:830} INFO - Processing file /opt/airflow/dags/silver_processing_dag.py for tasks to queue
[2026-09-05T15:31:30.010+0000] {logging_mixin.py:188} INFO - [2026-09-05T15:31:30.007+0000] {dagbag.py:545} INFO - Filling up the DagBag from /opt/airflow/dags/silver_processing_dag.py
[2026-09-05T15:31:30.223+0000] {processor.py:840} INFO - DAG(s) 'process_silver_layer' retrieved from /opt/airflow/dags/silver_processing_dag.py
[2026-09-05T15:31:30.375+0000] {logging_mixin.py:188} INFO - [2026-09-05T15:31:30.375+0000] {dag.py:3096} INFO - Sync 1 DAGs
[2026-09-05T15:31:30.436+0000] {logging_mixin.py:188} INFO - [2026-09-05T15:31:30.435+0000] {dag.py:3954} INFO - Setting next_dagrun for process_silver_layer to None, run_after=None
[2026-09-05T15:31:30.508+0000] {processor.py:183} INFO - Processing /opt/airflow/dags/silver_processing_dag.py took 0.681 seconds
[2026-09-05T15:32:01.420+0000] {processor.py:161} INFO - Started process (PID=2708) to work on /opt/airflow/dags/silver_processing_dag.py
[2026-09-05T15:32:01.426+0000] {processor.py:830} INFO - Processing file /opt/airflow/dags/silver_processing_dag.py for tasks to queue
[2026-09-05T15:32:01.441+0000] {logging_mixin.py:188} INFO - [2026-09-05T15:32:01.439+0000] {dagbag.py:545} INFO - Filling up the DagBag from /opt/airflow/dags/silver_processing_dag.py
[2026-09-05T15:32:01.580+0000] {processor.py:840} INFO - DAG(s) 'process_silver_layer' retrieved from /opt/airflow/dags/silver_processing_dag.py
[2026-09-05T15:32:01.675+0000] {logging_mixin.py:188} INFO - [2026-09-05T15:32:01.675+0000] {dag.py:3096} INFO - Sync 1 DAGs
[2026-09-05T15:32:01.732+0000] {logging_mixin.py:188} INFO - [2026-09-05T15:32:01.731+0000] {dag.py:3954} INFO - Setting next_dagrun for process_silver_layer to None, run_after=None
[2026-09-05T15:32:01.805+0000] {processor.py:183} INFO - Processing /opt/airflow/dags/silver_processing_dag.py took 0.434 seconds
[2026-09-05T15:32:32.079+0000] {processor.py:161} INFO - Started process (PID=2723) to work on /opt/airflow/dags/silver_processing_dag.py
[2026-09-05T15:32:32.083+0000] {processor.py:830} INFO - Processing file /opt/airflow/dags/silver_processing_dag.py for tasks to queue
[2026-09-05T15:32:32.098+0000] {logging_mixin.py:188} INFO - [2026-09-05T15:32:32.097+0000] {dagbag.py:545} INFO - Filling up the DagBag from /opt/airflow/dags/silver_processing_dag.py
[2026-09-05T15:32:32.198+0000] {processor.py:840} INFO - DAG(s) 'process_silver_layer' retrieved from /opt/airflow/dags/silver_processing_dag.py
[2026-09-05T15:32:32.350+0000] {logging_mixin.py:188} INFO - [2026-09-05T15:32:32.349+0000] {dag.py:3096} INFO - Sync 1 DAGs
[2026-09-05T15:32:32.435+0000] {logging_mixin.py:188} INFO - [2026-09-05T15:32:32.434+0000] {dag.py:3954} INFO - Setting next_dagrun for process_silver_layer to None, run_after=None
[2026-09-05T15:32:32.638+0000] {processor.py:183} INFO - Processing /opt/airflow/dags/silver_processing_dag.py took 0.634 seconds
[2026-09-05T15:33:03.534+0000] {processor.py:161} INFO - Started process (PID=2738) to work on /opt/airflow/dags/silver_processing_dag.py
[2026-09-05T15:33:03.562+0000] {processor.py:830} INFO - Processing file /opt/airflow/dags/silver_processing_dag.py for tasks to queue
[2026-09-05T15:33:03.632+0000] {logging_mixin.py:188} INFO - [2026-09-05T15:33:03.630+0000] {dagbag.py:545} INFO - Filling up the DagBag from /opt/airflow/dags/silver_processing_dag.py
[2026-09-05T15:33:03.917+0000] {processor.py:840} INFO - DAG(s) 'process_silver_layer' retrieved from /opt/airflow/dags/silver_processing_dag.py
[2026-09-05T15:33:04.079+0000] {logging_mixin.py:188} INFO - [2026-09-05T15:33:04.078+0000] {dag.py:3096} INFO - Sync 1 DAGs
[2026-09-05T15:33:04.176+0000] {logging_mixin.py:188} INFO - [2026-09-05T15:33:04.175+0000] {dag.py:3954} INFO - Setting next_dagrun for process_silver_layer to None, run_after=None
[2026-09-05T15:33:04.389+0000] {processor.py:183} INFO - Processing /opt/airflow/dags/silver_processing_dag.py took 0.945 seconds
[2026-09-05T15:33:35.283+0000] {processor.py:161} INFO - Started process (PID=2889) to work on /opt/airflow/dags/silver_processing_dag.py
[2026-09-05T15:33:35.288+0000] {processor.py:830} INFO - Processing file /opt/airflow/dags/silver_processing_dag.py for tasks to queue
[2026-09-05T15:33:35.301+0000] {logging_mixin.py:188} INFO - [2026-09-05T15:33:35.298+0000] {dagbag.py:545} INFO - Filling up the DagBag from /opt/airflow/dags/silver_processing_dag.py
[2026-09-05T15:33:35.429+0000] {processor.py:840} INFO - DAG(s) 'process_silver_layer' retrieved from /opt/airflow/dags/silver_processing_dag.py
[2026-09-05T15:33:35.600+0000] {logging_mixin.py:188} INFO - [2026-09-05T15:33:35.600+0000] {dag.py:3096} INFO - Sync 1 DAGs
[2026-09-05T15:33:35.727+0000] {logging_mixin.py:188} INFO - [2026-09-05T15:33:35.727+0000] {dag.py:3954} INFO - Setting next_dagrun for process_silver_layer to None, run_after=None
[2026-09-05T15:33:35.961+0000] {processor.py:183} INFO - Processing /opt/airflow/dags/silver_processing_dag.py took 0.732 seconds
[2026-09-05T15:34:06.494+0000] {processor.py:161} INFO - Started process (PID=2960) to work on /opt/airflow/dags/silver_processing_dag.py
[2026-09-05T15:34:06.510+0000] {processor.py:830} INFO - Processing file /opt/airflow/dags/silver_processing_dag.py for tasks to queue
[2026-09-05T15:34:06.545+0000] {logging_mixin.py:188} INFO - [2026-09-05T15:34:06.535+0000] {dagbag.py:545} INFO - Filling up the DagBag from /opt/airflow/dags/silver_processing_dag.py
[2026-09-05T15:34:06.760+0000] {processor.py:840} INFO - DAG(s) 'process_silver_layer' retrieved from /opt/airflow/dags/silver_processing_dag.py
[2026-09-05T15:34:06.935+0000] {logging_mixin.py:188} INFO - [2026-09-05T15:34:06.934+0000] {dag.py:3096} INFO - Sync 1 DAGs
[2026-09-05T15:34:07.051+0000] {logging_mixin.py:188} INFO - [2026-09-05T15:34:07.050+0000] {dag.py:3954} INFO - Setting next_dagrun for process_silver_layer to None, run_after=None
[2026-09-05T15:34:07.221+0000] {processor.py:183} INFO - Processing /opt/airflow/dags/silver_processing_dag.py took 0.793 seconds
[2026-09-05T15:34:37.749+0000] {processor.py:161} INFO - Started process (PID=3093) to work on /opt/airflow/dags/silver_processing_dag.py
[2026-09-05T15:34:37.755+0000] {processor.py:830} INFO - Processing file /opt/airflow/dags/silver_processing_dag.py for tasks to queue
[2026-09-05T15:34:37.766+0000] {logging_mixin.py:188} INFO - [2026-09-05T15:34:37.765+0000] {dagbag.py:545} INFO - Filling up the DagBag from /opt/airflow/dags/silver_processing_dag.py
[2026-09-05T15:34:37.854+0000] {processor.py:840} INFO - DAG(s) 'process_silver_layer' retrieved from /opt/airflow/dags/silver_processing_dag.py
[2026-09-05T15:34:37.983+0000] {logging_mixin.py:188} INFO - [2026-09-05T15:34:37.983+0000] {dag.py:3096} INFO - Sync 1 DAGs
[2026-09-05T15:34:38.093+0000] {logging_mixin.py:188} INFO - [2026-09-05T15:34:38.092+0000] {dag.py:3954} INFO - Setting next_dagrun for process_silver_layer to None, run_after=None
[2026-09-05T15:34:38.234+0000] {processor.py:183} INFO - Processing /opt/airflow/dags/silver_processing_dag.py took 0.508 seconds
[2026-09-05T15:35:13.309+0000] {processor.py:161} INFO - Started process (PID=3153) to work on /opt/airflow/dags/silver_processing_dag.py
[2026-09-05T15:35:13.401+0000] {processor.py:830} INFO - Processing file /opt/airflow/dags/silver_processing_dag.py for tasks to queue
[2026-09-05T15:35:13.467+0000] {logging_mixin.py:188} INFO - [2026-09-05T15:35:13.466+0000] {dagbag.py:545} INFO - Filling up the DagBag from /opt/airflow/dags/silver_processing_dag.py
[2026-09-05T15:35:13.894+0000] {processor.py:840} INFO - DAG(s) 'process_silver_layer' retrieved from /opt/airflow/dags/silver_processing_dag.py
[2026-09-05T15:35:14.546+0000] {logging_mixin.py:188} INFO - [2026-09-05T15:35:14.545+0000] {dag.py:3096} INFO - Sync 1 DAGs
[2026-09-05T15:35:15.233+0000] {logging_mixin.py:188} INFO - [2026-09-05T15:35:15.233+0000] {dag.py:3954} INFO - Setting next_dagrun for process_silver_layer to None, run_after=None
[2026-09-05T15:35:17.335+0000] {processor.py:183} INFO - Processing /opt/airflow/dags/silver_processing_dag.py took 4.972 seconds
[2026-09-05T15:35:48.284+0000] {processor.py:161} INFO - Started process (PID=3197) to work on /opt/airflow/dags/silver_processing_dag.py
[2026-09-05T15:35:48.313+0000] {processor.py:830} INFO - Processing file /opt/airflow/dags/silver_processing_dag.py for tasks to queue
[2026-09-05T15:35:48.350+0000] {logging_mixin.py:188} INFO - [2026-09-05T15:35:48.348+0000] {dagbag.py:545} INFO - Filling up the DagBag from /opt/airflow/dags/silver_processing_dag.py
[2026-09-05T15:35:48.763+0000] {processor.py:840} INFO - DAG(s) 'process_silver_layer' retrieved from /opt/airflow/dags/silver_processing_dag.py
[2026-09-05T15:35:49.270+0000] {logging_mixin.py:188} INFO - [2026-09-05T15:35:49.269+0000] {dag.py:3096} INFO - Sync 1 DAGs
[2026-09-05T15:35:49.571+0000] {logging_mixin.py:188} INFO - [2026-09-05T15:35:49.570+0000] {dag.py:3954} INFO - Setting next_dagrun for process_silver_layer to None, run_after=None
[2026-09-05T15:35:50.032+0000] {processor.py:183} INFO - Processing /opt/airflow/dags/silver_processing_dag.py took 1.849 seconds
[2026-09-05T15:36:20.995+0000] {processor.py:161} INFO - Started process (PID=3221) to work on /opt/airflow/dags/silver_processing_dag.py
[2026-09-05T15:36:21.012+0000] {processor.py:830} INFO - Processing file /opt/airflow/dags/silver_processing_dag.py for tasks to queue
[2026-09-05T15:36:21.031+0000] {logging_mixin.py:188} INFO - [2026-09-05T15:36:21.029+0000] {dagbag.py:545} INFO - Filling up the DagBag from /opt/airflow/dags/silver_processing_dag.py
[2026-09-05T15:36:21.194+0000] {processor.py:840} INFO - DAG(s) 'process_silver_layer' retrieved from /opt/airflow/dags/silver_processing_dag.py
[2026-09-05T15:36:21.407+0000] {logging_mixin.py:188} INFO - [2026-09-05T15:36:21.406+0000] {dag.py:3096} INFO - Sync 1 DAGs
[2026-09-05T15:36:21.568+0000] {logging_mixin.py:188} INFO - [2026-09-05T15:36:21.567+0000] {dag.py:3954} INFO - Setting next_dagrun for process_silver_layer to None, run_after=None
[2026-09-05T15:36:21.839+0000] {processor.py:183} INFO - Processing /opt/airflow/dags/silver_processing_dag.py took 0.910 seconds
[2026-09-05T15:36:53.716+0000] {processor.py:161} INFO - Started process (PID=3241) to work on /opt/airflow/dags/silver_processing_dag.py
[2026-09-05T15:36:53.765+0000] {processor.py:830} INFO - Processing file /opt/airflow/dags/silver_processing_dag.py for tasks to queue
[2026-09-05T15:36:53.887+0000] {logging_mixin.py:188} INFO - [2026-09-05T15:36:53.884+0000] {dagbag.py:545} INFO - Filling up the DagBag from /opt/airflow/dags/silver_processing_dag.py
[2026-09-05T15:36:54.452+0000] {processor.py:840} INFO - DAG(s) 'process_silver_layer' retrieved from /opt/airflow/dags/silver_processing_dag.py
[2026-09-05T15:36:54.754+0000] {logging_mixin.py:188} INFO - [2026-09-05T15:36:54.753+0000] {dag.py:3096} INFO - Sync 1 DAGs
[2026-09-05T15:36:54.935+0000] {logging_mixin.py:188} INFO - [2026-09-05T15:36:54.935+0000] {dag.py:3954} INFO - Setting next_dagrun for process_silver_layer to None, run_after=None
[2026-09-05T15:36:55.444+0000] {processor.py:183} INFO - Processing /opt/airflow/dags/silver_processing_dag.py took 1.941 seconds
[2026-09-05T15:37:25.923+0000] {processor.py:161} INFO - Started process (PID=3260) to work on /opt/airflow/dags/silver_processing_dag.py
[2026-09-05T15:37:25.935+0000] {processor.py:830} INFO - Processing file /opt/airflow/dags/silver_processing_dag.py for tasks to queue
[2026-09-05T15:37:25.955+0000] {logging_mixin.py:188} INFO - [2026-09-05T15:37:25.954+0000] {dagbag.py:545} INFO - Filling up the DagBag from /opt/airflow/dags/silver_processing_dag.py
[2026-09-05T15:37:26.056+0000] {processor.py:840} INFO - DAG(s) 'process_silver_layer' retrieved from /opt/airflow/dags/silver_processing_dag.py
[2026-09-05T15:37:26.169+0000] {logging_mixin.py:188} INFO - [2026-09-05T15:37:26.168+0000] {dag.py:3096} INFO - Sync 1 DAGs
[2026-09-05T15:37:26.245+0000] {logging_mixin.py:188} INFO - [2026-09-05T15:37:26.245+0000] {dag.py:3954} INFO - Setting next_dagrun for process_silver_layer to None, run_after=None
[2026-09-05T15:37:26.393+0000] {processor.py:183} INFO - Processing /opt/airflow/dags/silver_processing_dag.py took 0.505 seconds
[2026-09-05T15:37:57.578+0000] {processor.py:161} INFO - Started process (PID=3304) to work on /opt/airflow/dags/silver_processing_dag.py
[2026-09-05T15:37:57.668+0000] {processor.py:830} INFO - Processing file /opt/airflow/dags/silver_processing_dag.py for tasks to queue
[2026-09-05T15:37:57.718+0000] {logging_mixin.py:188} INFO - [2026-09-05T15:37:57.713+0000] {dagbag.py:545} INFO - Filling up the DagBag from /opt/airflow/dags/silver_processing_dag.py
[2026-09-05T15:37:57.952+0000] {processor.py:840} INFO - DAG(s) 'process_silver_layer' retrieved from /opt/airflow/dags/silver_processing_dag.py
[2026-09-05T15:37:58.217+0000] {logging_mixin.py:188} INFO - [2026-09-05T15:37:58.216+0000] {dag.py:3096} INFO - Sync 1 DAGs
[2026-09-05T15:37:58.530+0000] {logging_mixin.py:188} INFO - [2026-09-05T15:37:58.529+0000] {dag.py:3954} INFO - Setting next_dagrun for process_silver_layer to None, run_after=None
[2026-09-05T15:37:58.867+0000] {processor.py:183} INFO - Processing /opt/airflow/dags/silver_processing_dag.py took 1.506 seconds
[2026-09-05T15:38:29.653+0000] {processor.py:161} INFO - Started process (PID=3387) to work on /opt/airflow/dags/silver_processing_dag.py
[2026-09-05T15:38:29.658+0000] {processor.py:830} INFO - Processing file /opt/airflow/dags/silver_processing_dag.py for tasks to queue
[2026-09-05T15:38:29.668+0000] {logging_mixin.py:188} INFO - [2026-09-05T15:38:29.667+0000] {dagbag.py:545} INFO - Filling up the DagBag from /opt/airflow/dags/silver_processing_dag.py
[2026-09-05T15:38:29.826+0000] {processor.py:840} INFO - DAG(s) 'process_silver_layer' retrieved from /opt/airflow/dags/silver_processing_dag.py
[2026-09-05T15:38:29.964+0000] {logging_mixin.py:188} INFO - [2026-09-05T15:38:29.963+0000] {dag.py:3096} INFO - Sync 1 DAGs
[2026-09-05T15:38:30.093+0000] {logging_mixin.py:188} INFO - [2026-09-05T15:38:30.093+0000] {dag.py:3954} INFO - Setting next_dagrun for process_silver_layer to None, run_after=None
[2026-09-05T15:38:30.405+0000] {processor.py:183} INFO - Processing /opt/airflow/dags/silver_processing_dag.py took 0.788 seconds
[2026-09-05T15:39:01.428+0000] {processor.py:161} INFO - Started process (PID=3407) to work on /opt/airflow/dags/silver_processing_dag.py
[2026-09-05T15:39:01.432+0000] {processor.py:830} INFO - Processing file /opt/airflow/dags/silver_processing_dag.py for tasks to queue
[2026-09-05T15:39:01.448+0000] {logging_mixin.py:188} INFO - [2026-09-05T15:39:01.446+0000] {dagbag.py:545} INFO - Filling up the DagBag from /opt/airflow/dags/silver_processing_dag.py
[2026-09-05T15:39:01.546+0000] {processor.py:840} INFO - DAG(s) 'process_silver_layer' retrieved from /opt/airflow/dags/silver_processing_dag.py
[2026-09-05T15:39:01.652+0000] {logging_mixin.py:188} INFO - [2026-09-05T15:39:01.651+0000] {dag.py:3096} INFO - Sync 1 DAGs
[2026-09-05T15:39:01.772+0000] {logging_mixin.py:188} INFO - [2026-09-05T15:39:01.771+0000] {dag.py:3954} INFO - Setting next_dagrun for process_silver_layer to None, run_after=None
[2026-09-05T15:39:01.848+0000] {processor.py:183} INFO - Processing /opt/airflow/dags/silver_processing_dag.py took 0.458 seconds
[2026-09-05T15:39:32.113+0000] {processor.py:161} INFO - Started process (PID=3422) to work on /opt/airflow/dags/silver_processing_dag.py
[2026-09-05T15:39:32.120+0000] {processor.py:830} INFO - Processing file /opt/airflow/dags/silver_processing_dag.py for tasks to queue
[2026-09-05T15:39:32.135+0000] {logging_mixin.py:188} INFO - [2026-09-05T15:39:32.133+0000] {dagbag.py:545} INFO - Filling up the DagBag from /opt/airflow/dags/silver_processing_dag.py
[2026-09-05T15:39:32.224+0000] {processor.py:840} INFO - DAG(s) 'process_silver_layer' retrieved from /opt/airflow/dags/silver_processing_dag.py
[2026-09-05T15:39:32.340+0000] {logging_mixin.py:188} INFO - [2026-09-05T15:39:32.339+0000] {dag.py:3096} INFO - Sync 1 DAGs
[2026-09-05T15:39:32.385+0000] {logging_mixin.py:188} INFO - [2026-09-05T15:39:32.384+0000] {dag.py:3954} INFO - Setting next_dagrun for process_silver_layer to None, run_after=None
[2026-09-05T15:39:32.442+0000] {processor.py:183} INFO - Processing /opt/airflow/dags/silver_processing_dag.py took 0.382 seconds
[2026-09-05T15:40:03.186+0000] {processor.py:161} INFO - Started process (PID=3441) to work on /opt/airflow/dags/silver_processing_dag.py
[2026-09-05T15:40:03.193+0000] {processor.py:830} INFO - Processing file /opt/airflow/dags/silver_processing_dag.py for tasks to queue
[2026-09-05T15:40:03.205+0000] {logging_mixin.py:188} INFO - [2026-09-05T15:40:03.201+0000] {dagbag.py:545} INFO - Filling up the DagBag from /opt/airflow/dags/silver_processing_dag.py
[2026-09-05T15:40:03.274+0000] {processor.py:840} INFO - DAG(s) 'process_silver_layer' retrieved from /opt/airflow/dags/silver_processing_dag.py
[2026-09-05T15:40:03.375+0000] {logging_mixin.py:188} INFO - [2026-09-05T15:40:03.374+0000] {dag.py:3096} INFO - Sync 1 DAGs
[2026-09-05T15:40:03.445+0000] {logging_mixin.py:188} INFO - [2026-09-05T15:40:03.444+0000] {dag.py:3954} INFO - Setting next_dagrun for process_silver_layer to None, run_after=None
[2026-09-05T15:40:03.602+0000] {processor.py:183} INFO - Processing /opt/airflow/dags/silver_processing_dag.py took 0.438 seconds
[2026-09-05T15:40:33.970+0000] {processor.py:161} INFO - Started process (PID=3470) to work on /opt/airflow/dags/silver_processing_dag.py
[2026-09-05T15:40:33.975+0000] {processor.py:830} INFO - Processing file /opt/airflow/dags/silver_processing_dag.py for tasks to queue
[2026-09-05T15:40:33.993+0000] {logging_mixin.py:188} INFO - [2026-09-05T15:40:33.991+0000] {dagbag.py:545} INFO - Filling up the DagBag from /opt/airflow/dags/silver_processing_dag.py
[2026-09-05T15:40:34.054+0000] {processor.py:840} INFO - DAG(s) 'process_silver_layer' retrieved from /opt/airflow/dags/silver_processing_dag.py
[2026-09-05T15:40:34.148+0000] {logging_mixin.py:188} INFO - [2026-09-05T15:40:34.148+0000] {dag.py:3096} INFO - Sync 1 DAGs
[2026-09-05T15:40:34.197+0000] {logging_mixin.py:188} INFO - [2026-09-05T15:40:34.196+0000] {dag.py:3954} INFO - Setting next_dagrun for process_silver_layer to None, run_after=None
[2026-09-05T15:40:34.257+0000] {processor.py:183} INFO - Processing /opt/airflow/dags/silver_processing_dag.py took 0.325 seconds
[2026-09-05T15:41:05.173+0000] {processor.py:161} INFO - Started process (PID=3489) to work on /opt/airflow/dags/silver_processing_dag.py
[2026-09-05T15:41:05.178+0000] {processor.py:830} INFO - Processing file /opt/airflow/dags/silver_processing_dag.py for tasks to queue
[2026-09-05T15:41:05.193+0000] {logging_mixin.py:188} INFO - [2026-09-05T15:41:05.191+0000] {dagbag.py:545} INFO - Filling up the DagBag from /opt/airflow/dags/silver_processing_dag.py
[2026-09-05T15:41:05.269+0000] {processor.py:840} INFO - DAG(s) 'process_silver_layer' retrieved from /opt/airflow/dags/silver_processing_dag.py
[2026-09-05T15:41:05.375+0000] {logging_mixin.py:188} INFO - [2026-09-05T15:41:05.373+0000] {dag.py:3096} INFO - Sync 1 DAGs
[2026-09-05T15:41:05.454+0000] {logging_mixin.py:188} INFO - [2026-09-05T15:41:05.453+0000] {dag.py:3954} INFO - Setting next_dagrun for process_silver_layer to None, run_after=None
[2026-09-05T15:41:05.574+0000] {processor.py:183} INFO - Processing /opt/airflow/dags/silver_processing_dag.py took 0.437 seconds
[2026-09-05T15:41:36.492+0000] {processor.py:161} INFO - Started process (PID=3506) to work on /opt/airflow/dags/silver_processing_dag.py
[2026-09-05T15:41:36.504+0000] {processor.py:830} INFO - Processing file /opt/airflow/dags/silver_processing_dag.py for tasks to queue
[2026-09-05T15:41:36.523+0000] {logging_mixin.py:188} INFO - [2026-09-05T15:41:36.521+0000] {dagbag.py:545} INFO - Filling up the DagBag from /opt/airflow/dags/silver_processing_dag.py
[2026-09-05T15:41:36.734+0000] {processor.py:840} INFO - DAG(s) 'process_silver_layer' retrieved from /opt/airflow/dags/silver_processing_dag.py
[2026-09-05T15:41:36.897+0000] {logging_mixin.py:188} INFO - [2026-09-05T15:41:36.896+0000] {dag.py:3096} INFO - Sync 1 DAGs
[2026-09-05T15:41:37.048+0000] {logging_mixin.py:188} INFO - [2026-09-05T15:41:37.047+0000] {dag.py:3954} INFO - Setting next_dagrun for process_silver_layer to None, run_after=None
[2026-09-05T15:41:37.225+0000] {processor.py:183} INFO - Processing /opt/airflow/dags/silver_processing_dag.py took 0.784 seconds
[2026-09-05T15:42:07.847+0000] {processor.py:161} INFO - Started process (PID=3521) to work on /opt/airflow/dags/silver_processing_dag.py
[2026-09-05T15:42:07.852+0000] {processor.py:830} INFO - Processing file /opt/airflow/dags/silver_processing_dag.py for tasks to queue
[2026-09-05T15:42:07.868+0000] {logging_mixin.py:188} INFO - [2026-09-05T15:42:07.866+0000] {dagbag.py:545} INFO - Filling up the DagBag from /opt/airflow/dags/silver_processing_dag.py
[2026-09-05T15:42:07.971+0000] {processor.py:840} INFO - DAG(s) 'process_silver_layer' retrieved from /opt/airflow/dags/silver_processing_dag.py
[2026-09-05T15:42:08.064+0000] {logging_mixin.py:188} INFO - [2026-09-05T15:42:08.064+0000] {dag.py:3096} INFO - Sync 1 DAGs
[2026-09-05T15:42:08.134+0000] {logging_mixin.py:188} INFO - [2026-09-05T15:42:08.133+0000] {dag.py:3954} INFO - Setting next_dagrun for process_silver_layer to None, run_after=None
[2026-09-05T15:42:08.233+0000] {processor.py:183} INFO - Processing /opt/airflow/dags/silver_processing_dag.py took 0.425 seconds
[2026-09-05T15:42:38.612+0000] {processor.py:161} INFO - Started process (PID=3551) to work on /opt/airflow/dags/silver_processing_dag.py
[2026-09-05T15:42:38.616+0000] {processor.py:830} INFO - Processing file /opt/airflow/dags/silver_processing_dag.py for tasks to queue
[2026-09-05T15:42:38.629+0000] {logging_mixin.py:188} INFO - [2026-09-05T15:42:38.627+0000] {dagbag.py:545} INFO - Filling up the DagBag from /opt/airflow/dags/silver_processing_dag.py
[2026-09-05T15:42:38.741+0000] {processor.py:840} INFO - DAG(s) 'process_silver_layer' retrieved from /opt/airflow/dags/silver_processing_dag.py
[2026-09-05T15:42:38.839+0000] {logging_mixin.py:188} INFO - [2026-09-05T15:42:38.838+0000] {dag.py:3096} INFO - Sync 1 DAGs
[2026-09-05T15:42:38.905+0000] {logging_mixin.py:188} INFO - [2026-09-05T15:42:38.904+0000] {dag.py:3954} INFO - Setting next_dagrun for process_silver_layer to None, run_after=None
[2026-09-05T15:42:39.265+0000] {processor.py:183} INFO - Processing /opt/airflow/dags/silver_processing_dag.py took 0.689 seconds
[2026-09-05T15:43:09.895+0000] {processor.py:161} INFO - Started process (PID=3570) to work on /opt/airflow/dags/silver_processing_dag.py
[2026-09-05T15:43:09.898+0000] {processor.py:830} INFO - Processing file /opt/airflow/dags/silver_processing_dag.py for tasks to queue
[2026-09-05T15:43:09.911+0000] {logging_mixin.py:188} INFO - [2026-09-05T15:43:09.909+0000] {dagbag.py:545} INFO - Filling up the DagBag from /opt/airflow/dags/silver_processing_dag.py
[2026-09-05T15:43:09.992+0000] {processor.py:840} INFO - DAG(s) 'process_silver_layer' retrieved from /opt/airflow/dags/silver_processing_dag.py
[2026-09-05T15:43:10.081+0000] {logging_mixin.py:188} INFO - [2026-09-05T15:43:10.080+0000] {dag.py:3096} INFO - Sync 1 DAGs
[2026-09-05T15:43:10.139+0000] {logging_mixin.py:188} INFO - [2026-09-05T15:43:10.139+0000] {dag.py:3954} INFO - Setting next_dagrun for process_silver_layer to None, run_after=None
[2026-09-05T15:43:10.263+0000] {processor.py:183} INFO - Processing /opt/airflow/dags/silver_processing_dag.py took 0.400 seconds
[2026-09-05T15:43:40.910+0000] {processor.py:161} INFO - Started process (PID=3600) to work on /opt/airflow/dags/silver_processing_dag.py
[2026-09-05T15:43:40.915+0000] {processor.py:830} INFO - Processing file /opt/airflow/dags/silver_processing_dag.py for tasks to queue
[2026-09-05T15:43:40.926+0000] {logging_mixin.py:188} INFO - [2026-09-05T15:43:40.925+0000] {dagbag.py:545} INFO - Filling up the DagBag from /opt/airflow/dags/silver_processing_dag.py
[2026-09-05T15:43:40.975+0000] {processor.py:840} INFO - DAG(s) 'process_silver_layer' retrieved from /opt/airflow/dags/silver_processing_dag.py
[2026-09-05T15:43:41.032+0000] {logging_mixin.py:188} INFO - [2026-09-05T15:43:41.031+0000] {dag.py:3096} INFO - Sync 1 DAGs
[2026-09-05T15:43:41.064+0000] {logging_mixin.py:188} INFO - [2026-09-05T15:43:41.063+0000] {dag.py:3954} INFO - Setting next_dagrun for process_silver_layer to None, run_after=None
[2026-09-05T15:43:41.118+0000] {processor.py:183} INFO - Processing /opt/airflow/dags/silver_processing_dag.py took 0.231 seconds
[2026-09-05T15:44:11.564+0000] {processor.py:161} INFO - Started process (PID=3615) to work on /opt/airflow/dags/silver_processing_dag.py
[2026-09-05T15:44:11.567+0000] {processor.py:830} INFO - Processing file /opt/airflow/dags/silver_processing_dag.py for tasks to queue
[2026-09-05T15:44:11.576+0000] {logging_mixin.py:188} INFO - [2026-09-05T15:44:11.575+0000] {dagbag.py:545} INFO - Filling up the DagBag from /opt/airflow/dags/silver_processing_dag.py
[2026-09-05T15:44:11.627+0000] {processor.py:840} INFO - DAG(s) 'process_silver_layer' retrieved from /opt/airflow/dags/silver_processing_dag.py
[2026-09-05T15:44:11.687+0000] {logging_mixin.py:188} INFO - [2026-09-05T15:44:11.686+0000] {dag.py:3096} INFO - Sync 1 DAGs
[2026-09-05T15:44:11.721+0000] {logging_mixin.py:188} INFO - [2026-09-05T15:44:11.721+0000] {dag.py:3954} INFO - Setting next_dagrun for process_silver_layer to None, run_after=None
[2026-09-05T15:44:11.771+0000] {processor.py:183} INFO - Processing /opt/airflow/dags/silver_processing_dag.py took 0.227 seconds
[2026-09-05T15:44:42.296+0000] {processor.py:161} INFO - Started process (PID=3630) to work on /opt/airflow/dags/silver_processing_dag.py
[2026-09-05T15:44:42.299+0000] {processor.py:830} INFO - Processing file /opt/airflow/dags/silver_processing_dag.py for tasks to queue
[2026-09-05T15:44:42.308+0000] {logging_mixin.py:188} INFO - [2026-09-05T15:44:42.307+0000] {dagbag.py:545} INFO - Filling up the DagBag from /opt/airflow/dags/silver_processing_dag.py
[2026-09-05T15:44:42.367+0000] {processor.py:840} INFO - DAG(s) 'process_silver_layer' retrieved from /opt/airflow/dags/silver_processing_dag.py
[2026-09-05T15:44:42.430+0000] {logging_mixin.py:188} INFO - [2026-09-05T15:44:42.430+0000] {dag.py:3096} INFO - Sync 1 DAGs
[2026-09-05T15:44:42.464+0000] {logging_mixin.py:188} INFO - [2026-09-05T15:44:42.464+0000] {dag.py:3954} INFO - Setting next_dagrun for process_silver_layer to None, run_after=None
[2026-09-05T15:44:42.514+0000] {processor.py:183} INFO - Processing /opt/airflow/dags/silver_processing_dag.py took 0.238 seconds
[2026-09-05T15:45:13.037+0000] {processor.py:161} INFO - Started process (PID=3647) to work on /opt/airflow/dags/silver_processing_dag.py
[2026-09-05T15:45:13.040+0000] {processor.py:830} INFO - Processing file /opt/airflow/dags/silver_processing_dag.py for tasks to queue
[2026-09-05T15:45:13.047+0000] {logging_mixin.py:188} INFO - [2026-09-05T15:45:13.046+0000] {dagbag.py:545} INFO - Filling up the DagBag from /opt/airflow/dags/silver_processing_dag.py
[2026-09-05T15:45:13.095+0000] {processor.py:840} INFO - DAG(s) 'process_silver_layer' retrieved from /opt/airflow/dags/silver_processing_dag.py
[2026-09-05T15:45:13.159+0000] {logging_mixin.py:188} INFO - [2026-09-05T15:45:13.158+0000] {dag.py:3096} INFO - Sync 1 DAGs
[2026-09-05T15:45:13.205+0000] {logging_mixin.py:188} INFO - [2026-09-05T15:45:13.204+0000] {dag.py:3954} INFO - Setting next_dagrun for process_silver_layer to None, run_after=None
[2026-09-05T15:45:13.290+0000] {processor.py:183} INFO - Processing /opt/airflow/dags/silver_processing_dag.py took 0.275 seconds
[2026-09-05T15:45:43.793+0000] {processor.py:161} INFO - Started process (PID=3662) to work on /opt/airflow/dags/silver_processing_dag.py
[2026-09-05T15:45:43.796+0000] {processor.py:830} INFO - Processing file /opt/airflow/dags/silver_processing_dag.py for tasks to queue
[2026-09-05T15:45:43.804+0000] {logging_mixin.py:188} INFO - [2026-09-05T15:45:43.803+0000] {dagbag.py:545} INFO - Filling up the DagBag from /opt/airflow/dags/silver_processing_dag.py
[2026-09-05T15:45:43.858+0000] {processor.py:840} INFO - DAG(s) 'process_silver_layer' retrieved from /opt/airflow/dags/silver_processing_dag.py
[2026-09-05T15:45:43.929+0000] {logging_mixin.py:188} INFO - [2026-09-05T15:45:43.928+0000] {dag.py:3096} INFO - Sync 1 DAGs
[2026-09-05T15:45:43.959+0000] {logging_mixin.py:188} INFO - [2026-09-05T15:45:43.958+0000] {dag.py:3954} INFO - Setting next_dagrun for process_silver_layer to None, run_after=None
[2026-09-05T15:45:44.005+0000] {processor.py:183} INFO - Processing /opt/airflow/dags/silver_processing_dag.py took 0.233 seconds
[2026-09-05T15:46:14.507+0000] {processor.py:161} INFO - Started process (PID=3679) to work on /opt/airflow/dags/silver_processing_dag.py
[2026-09-05T15:46:14.510+0000] {processor.py:830} INFO - Processing file /opt/airflow/dags/silver_processing_dag.py for tasks to queue
[2026-09-05T15:46:14.517+0000] {logging_mixin.py:188} INFO - [2026-09-05T15:46:14.516+0000] {dagbag.py:545} INFO - Filling up the DagBag from /opt/airflow/dags/silver_processing_dag.py
[2026-09-05T15:46:14.569+0000] {processor.py:840} INFO - DAG(s) 'process_silver_layer' retrieved from /opt/airflow/dags/silver_processing_dag.py
[2026-09-05T15:46:14.650+0000] {logging_mixin.py:188} INFO - [2026-09-05T15:46:14.647+0000] {dag.py:3096} INFO - Sync 1 DAGs
[2026-09-05T15:46:14.695+0000] {logging_mixin.py:188} INFO - [2026-09-05T15:46:14.694+0000] {dag.py:3954} INFO - Setting next_dagrun for process_silver_layer to None, run_after=None
[2026-09-05T15:46:14.749+0000] {processor.py:183} INFO - Processing /opt/airflow/dags/silver_processing_dag.py took 0.260 seconds
[2026-09-05T15:46:45.494+0000] {processor.py:161} INFO - Started process (PID=3725) to work on /opt/airflow/dags/silver_processing_dag.py
[2026-09-05T15:46:45.497+0000] {processor.py:830} INFO - Processing file /opt/airflow/dags/silver_processing_dag.py for tasks to queue
[2026-09-05T15:46:45.505+0000] {logging_mixin.py:188} INFO - [2026-09-05T15:46:45.504+0000] {dagbag.py:545} INFO - Filling up the DagBag from /opt/airflow/dags/silver_processing_dag.py
[2026-09-05T15:46:45.555+0000] {processor.py:840} INFO - DAG(s) 'process_silver_layer' retrieved from /opt/airflow/dags/silver_processing_dag.py
[2026-09-05T15:46:45.627+0000] {logging_mixin.py:188} INFO - [2026-09-05T15:46:45.627+0000] {dag.py:3096} INFO - Sync 1 DAGs
[2026-09-05T15:46:45.671+0000] {logging_mixin.py:188} INFO - [2026-09-05T15:46:45.670+0000] {dag.py:3954} INFO - Setting next_dagrun for process_silver_layer to None, run_after=None
[2026-09-05T15:46:45.737+0000] {processor.py:183} INFO - Processing /opt/airflow/dags/silver_processing_dag.py took 0.265 seconds
[2026-09-05T15:47:16.342+0000] {processor.py:161} INFO - Started process (PID=3772) to work on /opt/airflow/dags/silver_processing_dag.py
[2026-09-05T15:47:16.345+0000] {processor.py:830} INFO - Processing file /opt/airflow/dags/silver_processing_dag.py for tasks to queue
[2026-09-05T15:47:16.351+0000] {logging_mixin.py:188} INFO - [2026-09-05T15:47:16.351+0000] {dagbag.py:545} INFO - Filling up the DagBag from /opt/airflow/dags/silver_processing_dag.py
[2026-09-05T15:47:16.406+0000] {processor.py:840} INFO - DAG(s) 'process_silver_layer' retrieved from /opt/airflow/dags/silver_processing_dag.py
[2026-09-05T15:47:16.465+0000] {logging_mixin.py:188} INFO - [2026-09-05T15:47:16.465+0000] {dag.py:3096} INFO - Sync 1 DAGs
[2026-09-05T15:47:16.501+0000] {logging_mixin.py:188} INFO - [2026-09-05T15:47:16.500+0000] {dag.py:3954} INFO - Setting next_dagrun for process_silver_layer to None, run_after=None
[2026-09-05T15:47:16.564+0000] {processor.py:183} INFO - Processing /opt/airflow/dags/silver_processing_dag.py took 0.250 seconds
[2026-09-05T15:47:47.055+0000] {processor.py:161} INFO - Started process (PID=3787) to work on /opt/airflow/dags/silver_processing_dag.py
[2026-09-05T15:47:47.059+0000] {processor.py:830} INFO - Processing file /opt/airflow/dags/silver_processing_dag.py for tasks to queue
[2026-09-05T15:47:47.068+0000] {logging_mixin.py:188} INFO - [2026-09-05T15:47:47.066+0000] {dagbag.py:545} INFO - Filling up the DagBag from /opt/airflow/dags/silver_processing_dag.py
[2026-09-05T15:47:47.128+0000] {processor.py:840} INFO - DAG(s) 'process_silver_layer' retrieved from /opt/airflow/dags/silver_processing_dag.py
[2026-09-05T15:47:47.206+0000] {logging_mixin.py:188} INFO - [2026-09-05T15:47:47.206+0000] {dag.py:3096} INFO - Sync 1 DAGs
[2026-09-05T15:47:47.252+0000] {logging_mixin.py:188} INFO - [2026-09-05T15:47:47.251+0000] {dag.py:3954} INFO - Setting next_dagrun for process_silver_layer to None, run_after=None
[2026-09-05T15:47:47.316+0000] {processor.py:183} INFO - Processing /opt/airflow/dags/silver_processing_dag.py took 0.286 seconds
[2026-09-05T15:48:17.925+0000] {processor.py:161} INFO - Started process (PID=3802) to work on /opt/airflow/dags/silver_processing_dag.py
[2026-09-05T15:48:17.928+0000] {processor.py:830} INFO - Processing file /opt/airflow/dags/silver_processing_dag.py for tasks to queue
[2026-09-05T15:48:17.936+0000] {logging_mixin.py:188} INFO - [2026-09-05T15:48:17.934+0000] {dagbag.py:545} INFO - Filling up the DagBag from /opt/airflow/dags/silver_processing_dag.py
[2026-09-05T15:48:17.981+0000] {processor.py:840} INFO - DAG(s) 'process_silver_layer' retrieved from /opt/airflow/dags/silver_processing_dag.py
[2026-09-05T15:48:18.038+0000] {logging_mixin.py:188} INFO - [2026-09-05T15:48:18.037+0000] {dag.py:3096} INFO - Sync 1 DAGs
[2026-09-05T15:48:18.076+0000] {logging_mixin.py:188} INFO - [2026-09-05T15:48:18.075+0000] {dag.py:3954} INFO - Setting next_dagrun for process_silver_layer to None, run_after=None
[2026-09-05T15:48:18.134+0000] {processor.py:183} INFO - Processing /opt/airflow/dags/silver_processing_dag.py took 0.229 seconds
[2026-09-05T16:26:58.675+0000] {processor.py:161} INFO - Started process (PID=3820) to work on /opt/airflow/dags/silver_processing_dag.py
[2026-09-05T16:26:58.863+0000] {processor.py:830} INFO - Processing file /opt/airflow/dags/silver_processing_dag.py for tasks to queue
[2026-09-05T16:26:59.116+0000] {logging_mixin.py:188} INFO - [2026-09-05T16:26:59.114+0000] {dagbag.py:545} INFO - Filling up the DagBag from /opt/airflow/dags/silver_processing_dag.py
[2026-09-05T16:27:00.331+0000] {processor.py:840} INFO - DAG(s) 'process_silver_layer' retrieved from /opt/airflow/dags/silver_processing_dag.py
[2026-09-05T16:27:00.864+0000] {logging_mixin.py:188} INFO - [2026-09-05T16:27:00.863+0000] {dag.py:3096} INFO - Sync 1 DAGs
[2026-09-05T16:27:01.252+0000] {logging_mixin.py:188} INFO - [2026-09-05T16:27:01.251+0000] {dag.py:3954} INFO - Setting next_dagrun for process_silver_layer to None, run_after=None
[2026-09-05T16:27:01.593+0000] {processor.py:183} INFO - Processing /opt/airflow/dags/silver_processing_dag.py took 3.064 seconds
[2026-09-05T16:27:32.386+0000] {processor.py:161} INFO - Started process (PID=3842) to work on /opt/airflow/dags/silver_processing_dag.py
[2026-09-05T16:27:32.391+0000] {processor.py:830} INFO - Processing file /opt/airflow/dags/silver_processing_dag.py for tasks to queue
[2026-09-05T16:27:32.411+0000] {logging_mixin.py:188} INFO - [2026-09-05T16:27:32.409+0000] {dagbag.py:545} INFO - Filling up the DagBag from /opt/airflow/dags/silver_processing_dag.py
[2026-09-05T16:27:32.556+0000] {processor.py:840} INFO - DAG(s) 'process_silver_layer' retrieved from /opt/airflow/dags/silver_processing_dag.py
[2026-09-05T16:27:32.681+0000] {logging_mixin.py:188} INFO - [2026-09-05T16:27:32.681+0000] {dag.py:3096} INFO - Sync 1 DAGs
[2026-09-05T16:27:32.742+0000] {logging_mixin.py:188} INFO - [2026-09-05T16:27:32.742+0000] {dag.py:3954} INFO - Setting next_dagrun for process_silver_layer to None, run_after=None
[2026-09-05T16:27:32.825+0000] {processor.py:183} INFO - Processing /opt/airflow/dags/silver_processing_dag.py took 0.479 seconds
[2026-09-05T16:28:05.308+0000] {processor.py:161} INFO - Started process (PID=4024) to work on /opt/airflow/dags/silver_processing_dag.py
[2026-09-05T16:28:05.344+0000] {processor.py:830} INFO - Processing file /opt/airflow/dags/silver_processing_dag.py for tasks to queue
[2026-09-05T16:28:05.426+0000] {logging_mixin.py:188} INFO - [2026-09-05T16:28:05.417+0000] {dagbag.py:545} INFO - Filling up the DagBag from /opt/airflow/dags/silver_processing_dag.py
[2026-09-05T16:28:05.560+0000] {processor.py:840} INFO - DAG(s) 'process_silver_layer' retrieved from /opt/airflow/dags/silver_processing_dag.py
[2026-09-05T16:28:05.786+0000] {logging_mixin.py:188} INFO - [2026-09-05T16:28:05.786+0000] {dag.py:3096} INFO - Sync 1 DAGs
[2026-09-05T16:28:05.871+0000] {logging_mixin.py:188} INFO - [2026-09-05T16:28:05.870+0000] {dag.py:3954} INFO - Setting next_dagrun for process_silver_layer to None, run_after=None
[2026-09-05T16:28:05.947+0000] {processor.py:183} INFO - Processing /opt/airflow/dags/silver_processing_dag.py took 0.688 seconds
[2026-09-05T16:28:36.689+0000] {processor.py:161} INFO - Started process (PID=4076) to work on /opt/airflow/dags/silver_processing_dag.py
[2026-09-05T16:28:36.694+0000] {processor.py:830} INFO - Processing file /opt/airflow/dags/silver_processing_dag.py for tasks to queue
[2026-09-05T16:28:36.704+0000] {logging_mixin.py:188} INFO - [2026-09-05T16:28:36.702+0000] {dagbag.py:545} INFO - Filling up the DagBag from /opt/airflow/dags/silver_processing_dag.py
[2026-09-05T16:28:36.806+0000] {processor.py:840} INFO - DAG(s) 'process_silver_layer' retrieved from /opt/airflow/dags/silver_processing_dag.py
[2026-09-05T16:28:37.011+0000] {logging_mixin.py:188} INFO - [2026-09-05T16:28:37.010+0000] {dag.py:3096} INFO - Sync 1 DAGs
[2026-09-05T16:28:37.074+0000] {logging_mixin.py:188} INFO - [2026-09-05T16:28:37.074+0000] {dag.py:3954} INFO - Setting next_dagrun for process_silver_layer to None, run_after=None
[2026-09-05T16:28:37.193+0000] {processor.py:183} INFO - Processing /opt/airflow/dags/silver_processing_dag.py took 0.525 seconds
[2026-09-05T16:29:08.029+0000] {processor.py:161} INFO - Started process (PID=4177) to work on /opt/airflow/dags/silver_processing_dag.py
[2026-09-05T16:29:08.041+0000] {processor.py:830} INFO - Processing file /opt/airflow/dags/silver_processing_dag.py for tasks to queue
[2026-09-05T16:29:08.110+0000] {logging_mixin.py:188} INFO - [2026-09-05T16:29:08.100+0000] {dagbag.py:545} INFO - Filling up the DagBag from /opt/airflow/dags/silver_processing_dag.py
[2026-09-05T16:29:08.230+0000] {processor.py:840} INFO - DAG(s) 'process_silver_layer' retrieved from /opt/airflow/dags/silver_processing_dag.py
[2026-09-05T16:29:08.330+0000] {logging_mixin.py:188} INFO - [2026-09-05T16:29:08.330+0000] {dag.py:3096} INFO - Sync 1 DAGs
[2026-09-05T16:29:08.387+0000] {logging_mixin.py:188} INFO - [2026-09-05T16:29:08.386+0000] {dag.py:3954} INFO - Setting next_dagrun for process_silver_layer to None, run_after=None
[2026-09-05T16:29:08.481+0000] {processor.py:183} INFO - Processing /opt/airflow/dags/silver_processing_dag.py took 0.528 seconds
[2026-09-05T16:29:39.711+0000] {processor.py:161} INFO - Started process (PID=4237) to work on /opt/airflow/dags/silver_processing_dag.py
[2026-09-05T16:29:39.730+0000] {processor.py:830} INFO - Processing file /opt/airflow/dags/silver_processing_dag.py for tasks to queue
[2026-09-05T16:29:39.860+0000] {logging_mixin.py:188} INFO - [2026-09-05T16:29:39.845+0000] {dagbag.py:545} INFO - Filling up the DagBag from /opt/airflow/dags/silver_processing_dag.py
[2026-09-05T16:29:40.115+0000] {processor.py:840} INFO - DAG(s) 'process_silver_layer' retrieved from /opt/airflow/dags/silver_processing_dag.py
[2026-09-05T16:29:40.314+0000] {logging_mixin.py:188} INFO - [2026-09-05T16:29:40.313+0000] {dag.py:3096} INFO - Sync 1 DAGs
[2026-09-05T16:29:40.439+0000] {logging_mixin.py:188} INFO - [2026-09-05T16:29:40.438+0000] {dag.py:3954} INFO - Setting next_dagrun for process_silver_layer to None, run_after=None
[2026-09-05T16:29:40.547+0000] {processor.py:183} INFO - Processing /opt/airflow/dags/silver_processing_dag.py took 0.934 seconds
[2026-09-05T16:30:11.261+0000] {processor.py:161} INFO - Started process (PID=4366) to work on /opt/airflow/dags/silver_processing_dag.py
[2026-09-05T16:30:11.285+0000] {processor.py:830} INFO - Processing file /opt/airflow/dags/silver_processing_dag.py for tasks to queue
[2026-09-05T16:30:11.342+0000] {logging_mixin.py:188} INFO - [2026-09-05T16:30:11.341+0000] {dagbag.py:545} INFO - Filling up the DagBag from /opt/airflow/dags/silver_processing_dag.py
[2026-09-05T16:30:11.649+0000] {processor.py:840} INFO - DAG(s) 'process_silver_layer' retrieved from /opt/airflow/dags/silver_processing_dag.py
[2026-09-05T16:30:11.964+0000] {logging_mixin.py:188} INFO - [2026-09-05T16:30:11.963+0000] {dag.py:3096} INFO - Sync 1 DAGs
[2026-09-05T16:30:12.206+0000] {logging_mixin.py:188} INFO - [2026-09-05T16:30:12.205+0000] {dag.py:3954} INFO - Setting next_dagrun for process_silver_layer to None, run_after=None
[2026-09-05T16:30:12.757+0000] {processor.py:183} INFO - Processing /opt/airflow/dags/silver_processing_dag.py took 1.536 seconds
[2026-09-05T16:30:45.128+0000] {processor.py:161} INFO - Started process (PID=4405) to work on /opt/airflow/dags/silver_processing_dag.py
[2026-09-05T16:30:45.155+0000] {processor.py:830} INFO - Processing file /opt/airflow/dags/silver_processing_dag.py for tasks to queue
[2026-09-05T16:30:45.234+0000] {logging_mixin.py:188} INFO - [2026-09-05T16:30:45.222+0000] {dagbag.py:545} INFO - Filling up the DagBag from /opt/airflow/dags/silver_processing_dag.py
[2026-09-05T16:30:45.500+0000] {processor.py:840} INFO - DAG(s) 'process_silver_layer' retrieved from /opt/airflow/dags/silver_processing_dag.py
[2026-09-05T16:30:45.812+0000] {logging_mixin.py:188} INFO - [2026-09-05T16:30:45.812+0000] {dag.py:3096} INFO - Sync 1 DAGs
[2026-09-05T16:30:46.156+0000] {logging_mixin.py:188} INFO - [2026-09-05T16:30:46.155+0000] {dag.py:3954} INFO - Setting next_dagrun for process_silver_layer to None, run_after=None
[2026-09-05T16:30:46.464+0000] {processor.py:183} INFO - Processing /opt/airflow/dags/silver_processing_dag.py took 1.435 seconds
[2026-09-05T16:31:17.141+0000] {processor.py:161} INFO - Started process (PID=4432) to work on /opt/airflow/dags/silver_processing_dag.py
[2026-09-05T16:31:17.148+0000] {processor.py:830} INFO - Processing file /opt/airflow/dags/silver_processing_dag.py for tasks to queue
[2026-09-05T16:31:17.173+0000] {logging_mixin.py:188} INFO - [2026-09-05T16:31:17.171+0000] {dagbag.py:545} INFO - Filling up the DagBag from /opt/airflow/dags/silver_processing_dag.py
[2026-09-05T16:31:17.267+0000] {processor.py:840} INFO - DAG(s) 'process_silver_layer' retrieved from /opt/airflow/dags/silver_processing_dag.py
[2026-09-05T16:31:17.365+0000] {logging_mixin.py:188} INFO - [2026-09-05T16:31:17.364+0000] {dag.py:3096} INFO - Sync 1 DAGs
[2026-09-05T16:31:17.435+0000] {logging_mixin.py:188} INFO - [2026-09-05T16:31:17.433+0000] {dag.py:3954} INFO - Setting next_dagrun for process_silver_layer to None, run_after=None
[2026-09-05T16:31:17.509+0000] {processor.py:183} INFO - Processing /opt/airflow/dags/silver_processing_dag.py took 0.424 seconds
[2026-09-05T16:31:47.846+0000] {processor.py:161} INFO - Started process (PID=4458) to work on /opt/airflow/dags/silver_processing_dag.py
[2026-09-05T16:31:47.855+0000] {processor.py:830} INFO - Processing file /opt/airflow/dags/silver_processing_dag.py for tasks to queue
[2026-09-05T16:31:47.866+0000] {logging_mixin.py:188} INFO - [2026-09-05T16:31:47.864+0000] {dagbag.py:545} INFO - Filling up the DagBag from /opt/airflow/dags/silver_processing_dag.py
[2026-09-05T16:31:47.969+0000] {processor.py:840} INFO - DAG(s) 'process_silver_layer' retrieved from /opt/airflow/dags/silver_processing_dag.py
[2026-09-05T16:31:48.086+0000] {logging_mixin.py:188} INFO - [2026-09-05T16:31:48.085+0000] {dag.py:3096} INFO - Sync 1 DAGs
[2026-09-05T16:31:48.192+0000] {logging_mixin.py:188} INFO - [2026-09-05T16:31:48.186+0000] {dag.py:3954} INFO - Setting next_dagrun for process_silver_layer to None, run_after=None
[2026-09-05T16:31:48.331+0000] {processor.py:183} INFO - Processing /opt/airflow/dags/silver_processing_dag.py took 0.525 seconds
[2026-09-05T16:32:18.887+0000] {processor.py:161} INFO - Started process (PID=4484) to work on /opt/airflow/dags/silver_processing_dag.py
[2026-09-05T16:32:18.892+0000] {processor.py:830} INFO - Processing file /opt/airflow/dags/silver_processing_dag.py for tasks to queue
[2026-09-05T16:32:18.905+0000] {logging_mixin.py:188} INFO - [2026-09-05T16:32:18.903+0000] {dagbag.py:545} INFO - Filling up the DagBag from /opt/airflow/dags/silver_processing_dag.py
[2026-09-05T16:32:19.017+0000] {processor.py:840} INFO - DAG(s) 'process_silver_layer' retrieved from /opt/airflow/dags/silver_processing_dag.py
[2026-09-05T16:32:19.165+0000] {logging_mixin.py:188} INFO - [2026-09-05T16:32:19.162+0000] {dag.py:3096} INFO - Sync 1 DAGs
[2026-09-05T16:32:19.291+0000] {logging_mixin.py:188} INFO - [2026-09-05T16:32:19.290+0000] {dag.py:3954} INFO - Setting next_dagrun for process_silver_layer to None, run_after=None
[2026-09-05T16:32:19.504+0000] {processor.py:183} INFO - Processing /opt/airflow/dags/silver_processing_dag.py took 0.658 seconds
[2026-09-05T16:32:50.028+0000] {processor.py:161} INFO - Started process (PID=4510) to work on /opt/airflow/dags/silver_processing_dag.py
[2026-09-05T16:32:50.037+0000] {processor.py:830} INFO - Processing file /opt/airflow/dags/silver_processing_dag.py for tasks to queue
[2026-09-05T16:32:50.051+0000] {logging_mixin.py:188} INFO - [2026-09-05T16:32:50.049+0000] {dagbag.py:545} INFO - Filling up the DagBag from /opt/airflow/dags/silver_processing_dag.py
[2026-09-05T16:32:50.245+0000] {processor.py:840} INFO - DAG(s) 'process_silver_layer' retrieved from /opt/airflow/dags/silver_processing_dag.py
[2026-09-05T16:32:50.586+0000] {logging_mixin.py:188} INFO - [2026-09-05T16:32:50.575+0000] {dag.py:3096} INFO - Sync 1 DAGs
[2026-09-05T16:32:50.776+0000] {logging_mixin.py:188} INFO - [2026-09-05T16:32:50.745+0000] {dag.py:3954} INFO - Setting next_dagrun for process_silver_layer to None, run_after=None
[2026-09-05T16:32:51.234+0000] {processor.py:183} INFO - Processing /opt/airflow/dags/silver_processing_dag.py took 1.260 seconds
[2026-09-05T16:33:21.824+0000] {processor.py:161} INFO - Started process (PID=4531) to work on /opt/airflow/dags/silver_processing_dag.py
[2026-09-05T16:33:21.827+0000] {processor.py:830} INFO - Processing file /opt/airflow/dags/silver_processing_dag.py for tasks to queue
[2026-09-05T16:33:21.840+0000] {logging_mixin.py:188} INFO - [2026-09-05T16:33:21.839+0000] {dagbag.py:545} INFO - Filling up the DagBag from /opt/airflow/dags/silver_processing_dag.py
[2026-09-05T16:33:21.890+0000] {processor.py:840} INFO - DAG(s) 'process_silver_layer' retrieved from /opt/airflow/dags/silver_processing_dag.py
[2026-09-05T16:33:21.946+0000] {logging_mixin.py:188} INFO - [2026-09-05T16:33:21.945+0000] {dag.py:3096} INFO - Sync 1 DAGs
[2026-09-05T16:33:21.979+0000] {logging_mixin.py:188} INFO - [2026-09-05T16:33:21.979+0000] {dag.py:3954} INFO - Setting next_dagrun for process_silver_layer to None, run_after=None
[2026-09-05T16:33:22.034+0000] {processor.py:183} INFO - Processing /opt/airflow/dags/silver_processing_dag.py took 0.235 seconds
[2026-09-05T16:33:52.783+0000] {processor.py:161} INFO - Started process (PID=4559) to work on /opt/airflow/dags/silver_processing_dag.py
[2026-09-05T16:33:52.789+0000] {processor.py:830} INFO - Processing file /opt/airflow/dags/silver_processing_dag.py for tasks to queue
[2026-09-05T16:33:52.803+0000] {logging_mixin.py:188} INFO - [2026-09-05T16:33:52.802+0000] {dagbag.py:545} INFO - Filling up the DagBag from /opt/airflow/dags/silver_processing_dag.py
[2026-09-05T16:33:52.933+0000] {processor.py:840} INFO - DAG(s) 'process_silver_layer' retrieved from /opt/airflow/dags/silver_processing_dag.py
[2026-09-05T16:33:53.018+0000] {logging_mixin.py:188} INFO - [2026-09-05T16:33:53.017+0000] {dag.py:3096} INFO - Sync 1 DAGs
[2026-09-05T16:33:53.107+0000] {logging_mixin.py:188} INFO - [2026-09-05T16:33:53.106+0000] {dag.py:3954} INFO - Setting next_dagrun for process_silver_layer to None, run_after=None
[2026-09-05T16:33:53.282+0000] {processor.py:183} INFO - Processing /opt/airflow/dags/silver_processing_dag.py took 0.550 seconds
[2026-09-05T16:34:25.803+0000] {processor.py:161} INFO - Started process (PID=4579) to work on /opt/airflow/dags/silver_processing_dag.py
[2026-09-05T16:34:25.851+0000] {processor.py:830} INFO - Processing file /opt/airflow/dags/silver_processing_dag.py for tasks to queue
[2026-09-05T16:34:26.011+0000] {logging_mixin.py:188} INFO - [2026-09-05T16:34:26.007+0000] {dagbag.py:545} INFO - Filling up the DagBag from /opt/airflow/dags/silver_processing_dag.py
[2026-09-05T16:34:26.736+0000] {processor.py:840} INFO - DAG(s) 'process_silver_layer' retrieved from /opt/airflow/dags/silver_processing_dag.py
[2026-09-05T16:34:27.161+0000] {logging_mixin.py:188} INFO - [2026-09-05T16:34:27.160+0000] {dag.py:3096} INFO - Sync 1 DAGs
[2026-09-05T16:34:27.331+0000] {logging_mixin.py:188} INFO - [2026-09-05T16:34:27.331+0000] {dag.py:3954} INFO - Setting next_dagrun for process_silver_layer to None, run_after=None
[2026-09-05T16:34:27.574+0000] {processor.py:183} INFO - Processing /opt/airflow/dags/silver_processing_dag.py took 1.931 seconds
[2026-09-05T16:34:58.636+0000] {processor.py:161} INFO - Started process (PID=4617) to work on /opt/airflow/dags/silver_processing_dag.py
[2026-09-05T16:34:58.682+0000] {processor.py:830} INFO - Processing file /opt/airflow/dags/silver_processing_dag.py for tasks to queue
[2026-09-05T16:34:58.735+0000] {logging_mixin.py:188} INFO - [2026-09-05T16:34:58.733+0000] {dagbag.py:545} INFO - Filling up the DagBag from /opt/airflow/dags/silver_processing_dag.py
[2026-09-05T16:34:58.973+0000] {processor.py:840} INFO - DAG(s) 'process_silver_layer' retrieved from /opt/airflow/dags/silver_processing_dag.py
[2026-09-05T16:34:59.152+0000] {logging_mixin.py:188} INFO - [2026-09-05T16:34:59.151+0000] {dag.py:3096} INFO - Sync 1 DAGs
[2026-09-05T16:34:59.406+0000] {logging_mixin.py:188} INFO - [2026-09-05T16:34:59.404+0000] {dag.py:3954} INFO - Setting next_dagrun for process_silver_layer to None, run_after=None
[2026-09-05T16:34:59.583+0000] {processor.py:183} INFO - Processing /opt/airflow/dags/silver_processing_dag.py took 1.007 seconds
[2026-09-05T16:35:30.452+0000] {processor.py:161} INFO - Started process (PID=4681) to work on /opt/airflow/dags/silver_processing_dag.py
[2026-09-05T16:35:30.459+0000] {processor.py:830} INFO - Processing file /opt/airflow/dags/silver_processing_dag.py for tasks to queue
[2026-09-05T16:35:30.471+0000] {logging_mixin.py:188} INFO - [2026-09-05T16:35:30.469+0000] {dagbag.py:545} INFO - Filling up the DagBag from /opt/airflow/dags/silver_processing_dag.py
[2026-09-05T16:35:30.580+0000] {processor.py:840} INFO - DAG(s) 'process_silver_layer' retrieved from /opt/airflow/dags/silver_processing_dag.py
[2026-09-05T16:35:30.690+0000] {logging_mixin.py:188} INFO - [2026-09-05T16:35:30.689+0000] {dag.py:3096} INFO - Sync 1 DAGs
[2026-09-05T16:35:30.744+0000] {logging_mixin.py:188} INFO - [2026-09-05T16:35:30.743+0000] {dag.py:3954} INFO - Setting next_dagrun for process_silver_layer to None, run_after=None
[2026-09-05T16:35:30.826+0000] {processor.py:183} INFO - Processing /opt/airflow/dags/silver_processing_dag.py took 0.400 seconds
[2026-09-05T16:36:01.222+0000] {processor.py:161} INFO - Started process (PID=4713) to work on /opt/airflow/dags/silver_processing_dag.py
[2026-09-05T16:36:01.229+0000] {processor.py:830} INFO - Processing file /opt/airflow/dags/silver_processing_dag.py for tasks to queue
[2026-09-05T16:36:01.239+0000] {logging_mixin.py:188} INFO - [2026-09-05T16:36:01.238+0000] {dagbag.py:545} INFO - Filling up the DagBag from /opt/airflow/dags/silver_processing_dag.py
[2026-09-05T16:36:01.382+0000] {processor.py:840} INFO - DAG(s) 'process_silver_layer' retrieved from /opt/airflow/dags/silver_processing_dag.py
[2026-09-05T16:36:01.557+0000] {logging_mixin.py:188} INFO - [2026-09-05T16:36:01.556+0000] {dag.py:3096} INFO - Sync 1 DAGs
[2026-09-05T16:36:01.695+0000] {logging_mixin.py:188} INFO - [2026-09-05T16:36:01.692+0000] {dag.py:3954} INFO - Setting next_dagrun for process_silver_layer to None, run_after=None
[2026-09-05T16:36:01.812+0000] {processor.py:183} INFO - Processing /opt/airflow/dags/silver_processing_dag.py took 0.619 seconds
[2026-09-05T16:36:32.213+0000] {processor.py:161} INFO - Started process (PID=4739) to work on /opt/airflow/dags/silver_processing_dag.py
[2026-09-05T16:36:32.218+0000] {processor.py:830} INFO - Processing file /opt/airflow/dags/silver_processing_dag.py for tasks to queue
[2026-09-05T16:36:32.228+0000] {logging_mixin.py:188} INFO - [2026-09-05T16:36:32.226+0000] {dagbag.py:545} INFO - Filling up the DagBag from /opt/airflow/dags/silver_processing_dag.py
[2026-09-05T16:36:32.331+0000] {processor.py:840} INFO - DAG(s) 'process_silver_layer' retrieved from /opt/airflow/dags/silver_processing_dag.py
[2026-09-05T16:36:32.460+0000] {logging_mixin.py:188} INFO - [2026-09-05T16:36:32.459+0000] {dag.py:3096} INFO - Sync 1 DAGs
[2026-09-05T16:36:32.544+0000] {logging_mixin.py:188} INFO - [2026-09-05T16:36:32.543+0000] {dag.py:3954} INFO - Setting next_dagrun for process_silver_layer to None, run_after=None
[2026-09-05T16:36:32.668+0000] {processor.py:183} INFO - Processing /opt/airflow/dags/silver_processing_dag.py took 0.495 seconds
[2026-09-05T16:37:03.457+0000] {processor.py:161} INFO - Started process (PID=4794) to work on /opt/airflow/dags/silver_processing_dag.py
[2026-09-05T16:37:03.467+0000] {processor.py:830} INFO - Processing file /opt/airflow/dags/silver_processing_dag.py for tasks to queue
[2026-09-05T16:37:03.486+0000] {logging_mixin.py:188} INFO - [2026-09-05T16:37:03.484+0000] {dagbag.py:545} INFO - Filling up the DagBag from /opt/airflow/dags/silver_processing_dag.py
[2026-09-05T16:37:03.849+0000] {processor.py:840} INFO - DAG(s) 'process_silver_layer' retrieved from /opt/airflow/dags/silver_processing_dag.py
[2026-09-05T16:37:04.240+0000] {logging_mixin.py:188} INFO - [2026-09-05T16:37:04.235+0000] {dag.py:3096} INFO - Sync 1 DAGs
[2026-09-05T16:37:04.472+0000] {logging_mixin.py:188} INFO - [2026-09-05T16:37:04.471+0000] {dag.py:3954} INFO - Setting next_dagrun for process_silver_layer to None, run_after=None
[2026-09-05T16:37:04.707+0000] {processor.py:183} INFO - Processing /opt/airflow/dags/silver_processing_dag.py took 1.326 seconds
[2026-09-05T16:37:35.919+0000] {processor.py:161} INFO - Started process (PID=4822) to work on /opt/airflow/dags/silver_processing_dag.py
[2026-09-05T16:37:36.024+0000] {processor.py:830} INFO - Processing file /opt/airflow/dags/silver_processing_dag.py for tasks to queue
[2026-09-05T16:37:36.179+0000] {logging_mixin.py:188} INFO - [2026-09-05T16:37:36.177+0000] {dagbag.py:545} INFO - Filling up the DagBag from /opt/airflow/dags/silver_processing_dag.py
[2026-09-05T16:37:37.269+0000] {processor.py:840} INFO - DAG(s) 'process_silver_layer' retrieved from /opt/airflow/dags/silver_processing_dag.py
[2026-09-05T16:37:37.821+0000] {logging_mixin.py:188} INFO - [2026-09-05T16:37:37.820+0000] {dag.py:3096} INFO - Sync 1 DAGs
[2026-09-05T16:37:38.120+0000] {logging_mixin.py:188} INFO - [2026-09-05T16:37:38.114+0000] {dag.py:3954} INFO - Setting next_dagrun for process_silver_layer to None, run_after=None
[2026-09-05T16:37:38.335+0000] {processor.py:183} INFO - Processing /opt/airflow/dags/silver_processing_dag.py took 2.959 seconds
[2026-09-05T16:38:09.373+0000] {processor.py:161} INFO - Started process (PID=4868) to work on /opt/airflow/dags/silver_processing_dag.py
[2026-09-05T16:38:09.395+0000] {processor.py:830} INFO - Processing file /opt/airflow/dags/silver_processing_dag.py for tasks to queue
[2026-09-05T16:38:09.419+0000] {logging_mixin.py:188} INFO - [2026-09-05T16:38:09.416+0000] {dagbag.py:545} INFO - Filling up the DagBag from /opt/airflow/dags/silver_processing_dag.py
[2026-09-05T16:38:09.860+0000] {processor.py:840} INFO - DAG(s) 'process_silver_layer' retrieved from /opt/airflow/dags/silver_processing_dag.py
[2026-09-05T16:38:10.267+0000] {logging_mixin.py:188} INFO - [2026-09-05T16:38:10.267+0000] {dag.py:3096} INFO - Sync 1 DAGs
[2026-09-05T16:38:10.552+0000] {logging_mixin.py:188} INFO - [2026-09-05T16:38:10.537+0000] {dag.py:3954} INFO - Setting next_dagrun for process_silver_layer to None, run_after=None
[2026-09-05T16:38:10.778+0000] {processor.py:183} INFO - Processing /opt/airflow/dags/silver_processing_dag.py took 1.564 seconds
[2026-09-05T16:38:41.242+0000] {processor.py:161} INFO - Started process (PID=4940) to work on /opt/airflow/dags/silver_processing_dag.py
[2026-09-05T16:38:41.253+0000] {processor.py:830} INFO - Processing file /opt/airflow/dags/silver_processing_dag.py for tasks to queue
[2026-09-05T16:38:41.267+0000] {logging_mixin.py:188} INFO - [2026-09-05T16:38:41.264+0000] {dagbag.py:545} INFO - Filling up the DagBag from /opt/airflow/dags/silver_processing_dag.py
[2026-09-05T16:38:41.356+0000] {processor.py:840} INFO - DAG(s) 'process_silver_layer' retrieved from /opt/airflow/dags/silver_processing_dag.py
[2026-09-05T16:38:41.457+0000] {logging_mixin.py:188} INFO - [2026-09-05T16:38:41.457+0000] {dag.py:3096} INFO - Sync 1 DAGs
[2026-09-05T16:38:41.508+0000] {logging_mixin.py:188} INFO - [2026-09-05T16:38:41.507+0000] {dag.py:3954} INFO - Setting next_dagrun for process_silver_layer to None, run_after=None
[2026-09-05T16:38:41.668+0000] {processor.py:183} INFO - Processing /opt/airflow/dags/silver_processing_dag.py took 0.512 seconds
[2026-09-05T16:39:12.791+0000] {processor.py:161} INFO - Started process (PID=5013) to work on /opt/airflow/dags/silver_processing_dag.py
[2026-09-05T16:39:12.809+0000] {processor.py:830} INFO - Processing file /opt/airflow/dags/silver_processing_dag.py for tasks to queue
[2026-09-05T16:39:12.824+0000] {logging_mixin.py:188} INFO - [2026-09-05T16:39:12.817+0000] {dagbag.py:545} INFO - Filling up the DagBag from /opt/airflow/dags/silver_processing_dag.py
[2026-09-05T16:39:13.031+0000] {processor.py:840} INFO - DAG(s) 'process_silver_layer' retrieved from /opt/airflow/dags/silver_processing_dag.py
[2026-09-05T16:39:13.333+0000] {logging_mixin.py:188} INFO - [2026-09-05T16:39:13.332+0000] {dag.py:3096} INFO - Sync 1 DAGs
[2026-09-05T16:39:13.740+0000] {logging_mixin.py:188} INFO - [2026-09-05T16:39:13.738+0000] {dag.py:3954} INFO - Setting next_dagrun for process_silver_layer to None, run_after=None
[2026-09-05T16:39:13.934+0000] {processor.py:183} INFO - Processing /opt/airflow/dags/silver_processing_dag.py took 1.216 seconds
[2026-09-05T16:39:44.935+0000] {processor.py:161} INFO - Started process (PID=5037) to work on /opt/airflow/dags/silver_processing_dag.py
[2026-09-05T16:39:44.939+0000] {processor.py:830} INFO - Processing file /opt/airflow/dags/silver_processing_dag.py for tasks to queue
[2026-09-05T16:39:44.950+0000] {logging_mixin.py:188} INFO - [2026-09-05T16:39:44.949+0000] {dagbag.py:545} INFO - Filling up the DagBag from /opt/airflow/dags/silver_processing_dag.py
[2026-09-05T16:39:45.021+0000] {processor.py:840} INFO - DAG(s) 'process_silver_layer' retrieved from /opt/airflow/dags/silver_processing_dag.py
[2026-09-05T16:39:45.119+0000] {logging_mixin.py:188} INFO - [2026-09-05T16:39:45.118+0000] {dag.py:3096} INFO - Sync 1 DAGs
[2026-09-05T16:39:45.153+0000] {logging_mixin.py:188} INFO - [2026-09-05T16:39:45.153+0000] {dag.py:3954} INFO - Setting next_dagrun for process_silver_layer to None, run_after=None
[2026-09-05T16:39:45.226+0000] {processor.py:183} INFO - Processing /opt/airflow/dags/silver_processing_dag.py took 0.325 seconds
[2026-09-05T16:40:15.726+0000] {processor.py:161} INFO - Started process (PID=5052) to work on /opt/airflow/dags/silver_processing_dag.py
[2026-09-05T16:40:15.729+0000] {processor.py:830} INFO - Processing file /opt/airflow/dags/silver_processing_dag.py for tasks to queue
[2026-09-05T16:40:15.734+0000] {logging_mixin.py:188} INFO - [2026-09-05T16:40:15.733+0000] {dagbag.py:545} INFO - Filling up the DagBag from /opt/airflow/dags/silver_processing_dag.py
[2026-09-05T16:40:15.774+0000] {processor.py:840} INFO - DAG(s) 'process_silver_layer' retrieved from /opt/airflow/dags/silver_processing_dag.py
[2026-09-05T16:40:15.812+0000] {logging_mixin.py:188} INFO - [2026-09-05T16:40:15.811+0000] {dag.py:3096} INFO - Sync 1 DAGs
[2026-09-05T16:40:15.840+0000] {logging_mixin.py:188} INFO - [2026-09-05T16:40:15.839+0000] {dag.py:3954} INFO - Setting next_dagrun for process_silver_layer to None, run_after=None
[2026-09-05T16:40:15.878+0000] {processor.py:183} INFO - Processing /opt/airflow/dags/silver_processing_dag.py took 0.169 seconds
[2026-09-05T16:40:46.401+0000] {processor.py:161} INFO - Started process (PID=5067) to work on /opt/airflow/dags/silver_processing_dag.py
[2026-09-05T16:40:46.403+0000] {processor.py:830} INFO - Processing file /opt/airflow/dags/silver_processing_dag.py for tasks to queue
[2026-09-05T16:40:46.410+0000] {logging_mixin.py:188} INFO - [2026-09-05T16:40:46.409+0000] {dagbag.py:545} INFO - Filling up the DagBag from /opt/airflow/dags/silver_processing_dag.py
[2026-09-05T16:40:46.464+0000] {processor.py:840} INFO - DAG(s) 'process_silver_layer' retrieved from /opt/airflow/dags/silver_processing_dag.py
[2026-09-05T16:40:46.504+0000] {logging_mixin.py:188} INFO - [2026-09-05T16:40:46.504+0000] {dag.py:3096} INFO - Sync 1 DAGs
[2026-09-05T16:40:46.526+0000] {logging_mixin.py:188} INFO - [2026-09-05T16:40:46.526+0000] {dag.py:3954} INFO - Setting next_dagrun for process_silver_layer to None, run_after=None
[2026-09-05T16:40:46.561+0000] {processor.py:183} INFO - Processing /opt/airflow/dags/silver_processing_dag.py took 0.171 seconds
[2026-09-05T16:41:17.168+0000] {processor.py:161} INFO - Started process (PID=5082) to work on /opt/airflow/dags/silver_processing_dag.py
[2026-09-05T16:41:17.171+0000] {processor.py:830} INFO - Processing file /opt/airflow/dags/silver_processing_dag.py for tasks to queue
[2026-09-05T16:41:17.175+0000] {logging_mixin.py:188} INFO - [2026-09-05T16:41:17.174+0000] {dagbag.py:545} INFO - Filling up the DagBag from /opt/airflow/dags/silver_processing_dag.py
[2026-09-05T16:41:17.220+0000] {processor.py:840} INFO - DAG(s) 'process_silver_layer' retrieved from /opt/airflow/dags/silver_processing_dag.py
[2026-09-05T16:41:17.263+0000] {logging_mixin.py:188} INFO - [2026-09-05T16:41:17.262+0000] {dag.py:3096} INFO - Sync 1 DAGs
[2026-09-05T16:41:17.289+0000] {logging_mixin.py:188} INFO - [2026-09-05T16:41:17.288+0000] {dag.py:3954} INFO - Setting next_dagrun for process_silver_layer to None, run_after=None
[2026-09-05T16:41:17.323+0000] {processor.py:183} INFO - Processing /opt/airflow/dags/silver_processing_dag.py took 0.170 seconds
[2026-09-05T16:41:47.925+0000] {processor.py:161} INFO - Started process (PID=5097) to work on /opt/airflow/dags/silver_processing_dag.py
[2026-09-05T16:41:47.927+0000] {processor.py:830} INFO - Processing file /opt/airflow/dags/silver_processing_dag.py for tasks to queue
[2026-09-05T16:41:47.933+0000] {logging_mixin.py:188} INFO - [2026-09-05T16:41:47.932+0000] {dagbag.py:545} INFO - Filling up the DagBag from /opt/airflow/dags/silver_processing_dag.py
[2026-09-05T16:41:47.981+0000] {processor.py:840} INFO - DAG(s) 'process_silver_layer' retrieved from /opt/airflow/dags/silver_processing_dag.py
[2026-09-05T16:41:48.039+0000] {logging_mixin.py:188} INFO - [2026-09-05T16:41:48.038+0000] {dag.py:3096} INFO - Sync 1 DAGs
[2026-09-05T16:41:48.063+0000] {logging_mixin.py:188} INFO - [2026-09-05T16:41:48.063+0000] {dag.py:3954} INFO - Setting next_dagrun for process_silver_layer to None, run_after=None
[2026-09-05T16:41:48.117+0000] {processor.py:183} INFO - Processing /opt/airflow/dags/silver_processing_dag.py took 0.207 seconds
[2026-09-05T16:42:18.688+0000] {processor.py:161} INFO - Started process (PID=5112) to work on /opt/airflow/dags/silver_processing_dag.py
[2026-09-05T16:42:18.690+0000] {processor.py:830} INFO - Processing file /opt/airflow/dags/silver_processing_dag.py for tasks to queue
[2026-09-05T16:42:18.696+0000] {logging_mixin.py:188} INFO - [2026-09-05T16:42:18.695+0000] {dagbag.py:545} INFO - Filling up the DagBag from /opt/airflow/dags/silver_processing_dag.py
[2026-09-05T16:42:18.733+0000] {processor.py:840} INFO - DAG(s) 'process_silver_layer' retrieved from /opt/airflow/dags/silver_processing_dag.py
[2026-09-05T16:42:18.774+0000] {logging_mixin.py:188} INFO - [2026-09-05T16:42:18.774+0000] {dag.py:3096} INFO - Sync 1 DAGs
[2026-09-05T16:42:18.798+0000] {logging_mixin.py:188} INFO - [2026-09-05T16:42:18.798+0000] {dag.py:3954} INFO - Setting next_dagrun for process_silver_layer to None, run_after=None
[2026-09-05T16:42:18.847+0000] {processor.py:183} INFO - Processing /opt/airflow/dags/silver_processing_dag.py took 0.171 seconds
[2026-09-05T17:22:04.874+0000] {processor.py:161} INFO - Started process (PID=5127) to work on /opt/airflow/dags/silver_processing_dag.py
[2026-09-05T17:22:05.753+0000] {processor.py:830} INFO - Processing file /opt/airflow/dags/silver_processing_dag.py for tasks to queue
[2026-09-05T17:22:06.475+0000] {logging_mixin.py:188} INFO - [2026-09-05T17:22:06.455+0000] {dagbag.py:545} INFO - Filling up the DagBag from /opt/airflow/dags/silver_processing_dag.py
[2026-09-05T17:22:11.488+0000] {processor.py:840} INFO - DAG(s) 'process_silver_layer' retrieved from /opt/airflow/dags/silver_processing_dag.py
[2026-09-05T17:22:12.447+0000] {logging_mixin.py:188} INFO - [2026-09-05T17:22:12.446+0000] {dag.py:3096} INFO - Sync 1 DAGs
[2026-09-05T17:22:12.831+0000] {logging_mixin.py:188} INFO - [2026-09-05T17:22:12.830+0000] {dag.py:3954} INFO - Setting next_dagrun for process_silver_layer to None, run_after=None
[2026-09-05T17:22:13.286+0000] {processor.py:183} INFO - Processing /opt/airflow/dags/silver_processing_dag.py took 10.772 seconds
[2026-09-05T17:22:45.683+0000] {processor.py:161} INFO - Started process (PID=5257) to work on /opt/airflow/dags/silver_processing_dag.py
[2026-09-05T17:22:45.736+0000] {processor.py:830} INFO - Processing file /opt/airflow/dags/silver_processing_dag.py for tasks to queue
[2026-09-05T17:22:45.840+0000] {logging_mixin.py:188} INFO - [2026-09-05T17:22:45.838+0000] {dagbag.py:545} INFO - Filling up the DagBag from /opt/airflow/dags/silver_processing_dag.py
[2026-09-05T17:22:46.585+0000] {processor.py:840} INFO - DAG(s) 'process_silver_layer' retrieved from /opt/airflow/dags/silver_processing_dag.py
[2026-09-05T17:22:46.880+0000] {logging_mixin.py:188} INFO - [2026-09-05T17:22:46.880+0000] {dag.py:3096} INFO - Sync 1 DAGs
[2026-09-05T17:22:47.070+0000] {logging_mixin.py:188} INFO - [2026-09-05T17:22:47.059+0000] {dag.py:3954} INFO - Setting next_dagrun for process_silver_layer to None, run_after=None
[2026-09-05T17:22:47.510+0000] {processor.py:183} INFO - Processing /opt/airflow/dags/silver_processing_dag.py took 2.218 seconds
[2026-09-05T17:23:22.183+0000] {processor.py:161} INFO - Started process (PID=5287) to work on /opt/airflow/dags/silver_processing_dag.py
[2026-09-05T17:23:22.247+0000] {processor.py:830} INFO - Processing file /opt/airflow/dags/silver_processing_dag.py for tasks to queue
[2026-09-05T17:23:22.465+0000] {logging_mixin.py:188} INFO - [2026-09-05T17:23:22.455+0000] {dagbag.py:545} INFO - Filling up the DagBag from /opt/airflow/dags/silver_processing_dag.py
[2026-09-05T17:23:25.096+0000] {processor.py:840} INFO - DAG(s) 'process_silver_layer' retrieved from /opt/airflow/dags/silver_processing_dag.py
[2026-09-05T17:23:27.440+0000] {logging_mixin.py:188} INFO - [2026-09-05T17:23:27.440+0000] {dag.py:3096} INFO - Sync 1 DAGs
[2026-09-05T17:23:28.697+0000] {logging_mixin.py:188} INFO - [2026-09-05T17:23:28.696+0000] {dag.py:3954} INFO - Setting next_dagrun for process_silver_layer to None, run_after=None
[2026-09-05T17:23:30.246+0000] {processor.py:183} INFO - Processing /opt/airflow/dags/silver_processing_dag.py took 8.592 seconds
[2026-09-05T17:24:01.660+0000] {processor.py:161} INFO - Started process (PID=5664) to work on /opt/airflow/dags/silver_processing_dag.py
[2026-09-05T17:24:01.665+0000] {processor.py:830} INFO - Processing file /opt/airflow/dags/silver_processing_dag.py for tasks to queue
[2026-09-05T17:24:01.677+0000] {logging_mixin.py:188} INFO - [2026-09-05T17:24:01.675+0000] {dagbag.py:545} INFO - Filling up the DagBag from /opt/airflow/dags/silver_processing_dag.py
[2026-09-05T17:24:02.058+0000] {processor.py:840} INFO - DAG(s) 'process_silver_layer' retrieved from /opt/airflow/dags/silver_processing_dag.py
[2026-09-05T17:24:02.502+0000] {logging_mixin.py:188} INFO - [2026-09-05T17:24:02.502+0000] {dag.py:3096} INFO - Sync 1 DAGs
[2026-09-05T17:24:02.808+0000] {logging_mixin.py:188} INFO - [2026-09-05T17:24:02.807+0000] {dag.py:3954} INFO - Setting next_dagrun for process_silver_layer to None, run_after=None
[2026-09-05T17:24:03.222+0000] {processor.py:183} INFO - Processing /opt/airflow/dags/silver_processing_dag.py took 1.595 seconds
[2026-09-05T17:24:34.236+0000] {processor.py:161} INFO - Started process (PID=6653) to work on /opt/airflow/dags/silver_processing_dag.py
[2026-09-05T17:24:34.260+0000] {processor.py:830} INFO - Processing file /opt/airflow/dags/silver_processing_dag.py for tasks to queue
[2026-09-05T17:24:34.365+0000] {logging_mixin.py:188} INFO - [2026-09-05T17:24:34.363+0000] {dagbag.py:545} INFO - Filling up the DagBag from /opt/airflow/dags/silver_processing_dag.py
[2026-09-05T17:24:34.714+0000] {processor.py:840} INFO - DAG(s) 'process_silver_layer' retrieved from /opt/airflow/dags/silver_processing_dag.py
[2026-09-05T17:24:35.709+0000] {logging_mixin.py:188} INFO - [2026-09-05T17:24:35.709+0000] {dag.py:3096} INFO - Sync 1 DAGs
[2026-09-05T17:24:36.872+0000] {logging_mixin.py:188} INFO - [2026-09-05T17:24:36.872+0000] {dag.py:3954} INFO - Setting next_dagrun for process_silver_layer to None, run_after=None
[2026-09-05T17:24:37.405+0000] {processor.py:183} INFO - Processing /opt/airflow/dags/silver_processing_dag.py took 3.416 seconds
[2026-09-05T17:25:09.470+0000] {processor.py:161} INFO - Started process (PID=6729) to work on /opt/airflow/dags/silver_processing_dag.py
[2026-09-05T17:25:09.493+0000] {processor.py:830} INFO - Processing file /opt/airflow/dags/silver_processing_dag.py for tasks to queue
[2026-09-05T17:25:09.743+0000] {logging_mixin.py:188} INFO - [2026-09-05T17:25:09.691+0000] {dagbag.py:545} INFO - Filling up the DagBag from /opt/airflow/dags/silver_processing_dag.py
[2026-09-05T17:25:10.322+0000] {processor.py:840} INFO - DAG(s) 'process_silver_layer' retrieved from /opt/airflow/dags/silver_processing_dag.py
[2026-09-05T17:25:13.008+0000] {logging_mixin.py:188} INFO - [2026-09-05T17:25:12.963+0000] {dag.py:3096} INFO - Sync 1 DAGs
[2026-09-05T17:25:13.985+0000] {logging_mixin.py:188} INFO - [2026-09-05T17:25:13.984+0000] {dag.py:3954} INFO - Setting next_dagrun for process_silver_layer to None, run_after=None
[2026-09-05T17:25:14.236+0000] {processor.py:183} INFO - Processing /opt/airflow/dags/silver_processing_dag.py took 5.499 seconds
[2026-09-05T17:25:46.526+0000] {processor.py:161} INFO - Started process (PID=6816) to work on /opt/airflow/dags/silver_processing_dag.py
[2026-09-05T17:25:46.550+0000] {processor.py:830} INFO - Processing file /opt/airflow/dags/silver_processing_dag.py for tasks to queue
[2026-09-05T17:25:46.589+0000] {logging_mixin.py:188} INFO - [2026-09-05T17:25:46.582+0000] {dagbag.py:545} INFO - Filling up the DagBag from /opt/airflow/dags/silver_processing_dag.py
[2026-09-05T17:25:47.268+0000] {processor.py:840} INFO - DAG(s) 'process_silver_layer' retrieved from /opt/airflow/dags/silver_processing_dag.py
[2026-09-05T17:25:48.488+0000] {logging_mixin.py:188} INFO - [2026-09-05T17:25:48.487+0000] {dag.py:3096} INFO - Sync 1 DAGs
[2026-09-05T17:25:49.088+0000] {logging_mixin.py:188} INFO - [2026-09-05T17:25:49.087+0000] {dag.py:3954} INFO - Setting next_dagrun for process_silver_layer to None, run_after=None
[2026-09-05T17:25:50.116+0000] {processor.py:183} INFO - Processing /opt/airflow/dags/silver_processing_dag.py took 3.829 seconds
[2026-09-05T17:26:20.591+0000] {processor.py:161} INFO - Started process (PID=7005) to work on /opt/airflow/dags/silver_processing_dag.py
[2026-09-05T17:26:20.594+0000] {processor.py:830} INFO - Processing file /opt/airflow/dags/silver_processing_dag.py for tasks to queue
[2026-09-05T17:26:20.601+0000] {logging_mixin.py:188} INFO - [2026-09-05T17:26:20.600+0000] {dagbag.py:545} INFO - Filling up the DagBag from /opt/airflow/dags/silver_processing_dag.py
[2026-09-05T17:26:20.664+0000] {processor.py:840} INFO - DAG(s) 'process_silver_layer' retrieved from /opt/airflow/dags/silver_processing_dag.py
[2026-09-05T17:26:20.754+0000] {logging_mixin.py:188} INFO - [2026-09-05T17:26:20.753+0000] {dag.py:3096} INFO - Sync 1 DAGs
[2026-09-05T17:26:20.818+0000] {logging_mixin.py:188} INFO - [2026-09-05T17:26:20.817+0000] {dag.py:3954} INFO - Setting next_dagrun for process_silver_layer to None, run_after=None
[2026-09-05T17:26:20.899+0000] {processor.py:183} INFO - Processing /opt/airflow/dags/silver_processing_dag.py took 0.320 seconds
[2026-09-05T17:26:51.691+0000] {processor.py:161} INFO - Started process (PID=7098) to work on /opt/airflow/dags/silver_processing_dag.py
[2026-09-05T17:26:51.701+0000] {processor.py:830} INFO - Processing file /opt/airflow/dags/silver_processing_dag.py for tasks to queue
[2026-09-05T17:26:51.717+0000] {logging_mixin.py:188} INFO - [2026-09-05T17:26:51.714+0000] {dagbag.py:545} INFO - Filling up the DagBag from /opt/airflow/dags/silver_processing_dag.py
[2026-09-05T17:26:51.823+0000] {processor.py:840} INFO - DAG(s) 'process_silver_layer' retrieved from /opt/airflow/dags/silver_processing_dag.py
[2026-09-05T17:26:52.032+0000] {logging_mixin.py:188} INFO - [2026-09-05T17:26:52.024+0000] {dag.py:3096} INFO - Sync 1 DAGs
[2026-09-05T17:26:52.228+0000] {logging_mixin.py:188} INFO - [2026-09-05T17:26:52.227+0000] {dag.py:3954} INFO - Setting next_dagrun for process_silver_layer to None, run_after=None
[2026-09-05T17:26:52.390+0000] {processor.py:183} INFO - Processing /opt/airflow/dags/silver_processing_dag.py took 0.745 seconds
[2026-09-05T17:27:23.144+0000] {processor.py:161} INFO - Started process (PID=7191) to work on /opt/airflow/dags/silver_processing_dag.py
[2026-09-05T17:27:23.153+0000] {processor.py:830} INFO - Processing file /opt/airflow/dags/silver_processing_dag.py for tasks to queue
[2026-09-05T17:27:23.168+0000] {logging_mixin.py:188} INFO - [2026-09-05T17:27:23.168+0000] {dagbag.py:545} INFO - Filling up the DagBag from /opt/airflow/dags/silver_processing_dag.py
[2026-09-05T17:27:23.267+0000] {processor.py:840} INFO - DAG(s) 'process_silver_layer' retrieved from /opt/airflow/dags/silver_processing_dag.py
[2026-09-05T17:27:23.334+0000] {logging_mixin.py:188} INFO - [2026-09-05T17:27:23.334+0000] {dag.py:3096} INFO - Sync 1 DAGs
[2026-09-05T17:27:23.404+0000] {logging_mixin.py:188} INFO - [2026-09-05T17:27:23.403+0000] {dag.py:3954} INFO - Setting next_dagrun for process_silver_layer to None, run_after=None
[2026-09-05T17:27:23.490+0000] {processor.py:183} INFO - Processing /opt/airflow/dags/silver_processing_dag.py took 0.411 seconds
[2026-09-05T17:27:56.858+0000] {processor.py:161} INFO - Started process (PID=7222) to work on /opt/airflow/dags/silver_processing_dag.py
[2026-09-05T17:27:56.896+0000] {processor.py:830} INFO - Processing file /opt/airflow/dags/silver_processing_dag.py for tasks to queue
[2026-09-05T17:27:57.136+0000] {logging_mixin.py:188} INFO - [2026-09-05T17:27:57.135+0000] {dagbag.py:545} INFO - Filling up the DagBag from /opt/airflow/dags/silver_processing_dag.py
[2026-09-05T17:28:00.377+0000] {processor.py:840} INFO - DAG(s) 'process_silver_layer' retrieved from /opt/airflow/dags/silver_processing_dag.py
[2026-09-05T17:28:01.505+0000] {logging_mixin.py:188} INFO - [2026-09-05T17:28:01.504+0000] {dag.py:3096} INFO - Sync 1 DAGs
[2026-09-05T17:28:01.878+0000] {logging_mixin.py:188} INFO - [2026-09-05T17:28:01.878+0000] {dag.py:3954} INFO - Setting next_dagrun for process_silver_layer to None, run_after=None
[2026-09-05T17:28:02.150+0000] {processor.py:183} INFO - Processing /opt/airflow/dags/silver_processing_dag.py took 5.363 seconds
[2026-09-05T17:28:32.719+0000] {processor.py:161} INFO - Started process (PID=7243) to work on /opt/airflow/dags/silver_processing_dag.py
[2026-09-05T17:28:32.725+0000] {processor.py:830} INFO - Processing file /opt/airflow/dags/silver_processing_dag.py for tasks to queue
[2026-09-05T17:28:32.732+0000] {logging_mixin.py:188} INFO - [2026-09-05T17:28:32.731+0000] {dagbag.py:545} INFO - Filling up the DagBag from /opt/airflow/dags/silver_processing_dag.py
[2026-09-05T17:28:32.788+0000] {processor.py:840} INFO - DAG(s) 'process_silver_layer' retrieved from /opt/airflow/dags/silver_processing_dag.py
[2026-09-05T17:28:32.866+0000] {logging_mixin.py:188} INFO - [2026-09-05T17:28:32.866+0000] {dag.py:3096} INFO - Sync 1 DAGs
[2026-09-05T17:28:32.933+0000] {logging_mixin.py:188} INFO - [2026-09-05T17:28:32.932+0000] {dag.py:3954} INFO - Setting next_dagrun for process_silver_layer to None, run_after=None
[2026-09-05T17:28:33.029+0000] {processor.py:183} INFO - Processing /opt/airflow/dags/silver_processing_dag.py took 0.331 seconds
[2026-09-05T17:29:03.944+0000] {processor.py:161} INFO - Started process (PID=7328) to work on /opt/airflow/dags/silver_processing_dag.py
[2026-09-05T17:29:03.955+0000] {processor.py:830} INFO - Processing file /opt/airflow/dags/silver_processing_dag.py for tasks to queue
[2026-09-05T17:29:03.978+0000] {logging_mixin.py:188} INFO - [2026-09-05T17:29:03.977+0000] {dagbag.py:545} INFO - Filling up the DagBag from /opt/airflow/dags/silver_processing_dag.py
[2026-09-05T17:29:04.076+0000] {processor.py:840} INFO - DAG(s) 'process_silver_layer' retrieved from /opt/airflow/dags/silver_processing_dag.py
[2026-09-05T17:29:04.186+0000] {logging_mixin.py:188} INFO - [2026-09-05T17:29:04.186+0000] {dag.py:3096} INFO - Sync 1 DAGs
[2026-09-05T17:29:04.240+0000] {logging_mixin.py:188} INFO - [2026-09-05T17:29:04.239+0000] {dag.py:3954} INFO - Setting next_dagrun for process_silver_layer to None, run_after=None
[2026-09-05T17:29:04.388+0000] {processor.py:183} INFO - Processing /opt/airflow/dags/silver_processing_dag.py took 0.475 seconds
[2026-09-05T17:29:35.624+0000] {processor.py:161} INFO - Started process (PID=7354) to work on /opt/airflow/dags/silver_processing_dag.py
[2026-09-05T17:29:35.660+0000] {processor.py:830} INFO - Processing file /opt/airflow/dags/silver_processing_dag.py for tasks to queue
[2026-09-05T17:29:35.689+0000] {logging_mixin.py:188} INFO - [2026-09-05T17:29:35.688+0000] {dagbag.py:545} INFO - Filling up the DagBag from /opt/airflow/dags/silver_processing_dag.py
[2026-09-05T17:29:36.507+0000] {processor.py:840} INFO - DAG(s) 'process_silver_layer' retrieved from /opt/airflow/dags/silver_processing_dag.py
[2026-09-05T17:29:37.006+0000] {logging_mixin.py:188} INFO - [2026-09-05T17:29:36.990+0000] {dag.py:3096} INFO - Sync 1 DAGs
[2026-09-05T17:29:37.218+0000] {logging_mixin.py:188} INFO - [2026-09-05T17:29:37.217+0000] {dag.py:3954} INFO - Setting next_dagrun for process_silver_layer to None, run_after=None
[2026-09-05T17:29:37.488+0000] {processor.py:183} INFO - Processing /opt/airflow/dags/silver_processing_dag.py took 1.981 seconds
[2026-09-05T17:30:10.057+0000] {processor.py:161} INFO - Started process (PID=7464) to work on /opt/airflow/dags/silver_processing_dag.py
[2026-09-05T17:30:10.177+0000] {processor.py:830} INFO - Processing file /opt/airflow/dags/silver_processing_dag.py for tasks to queue
[2026-09-05T17:30:10.201+0000] {logging_mixin.py:188} INFO - [2026-09-05T17:30:10.200+0000] {dagbag.py:545} INFO - Filling up the DagBag from /opt/airflow/dags/silver_processing_dag.py
[2026-09-05T17:30:10.993+0000] {processor.py:840} INFO - DAG(s) 'process_silver_layer' retrieved from /opt/airflow/dags/silver_processing_dag.py
[2026-09-05T17:30:11.655+0000] {logging_mixin.py:188} INFO - [2026-09-05T17:30:11.654+0000] {dag.py:3096} INFO - Sync 1 DAGs
[2026-09-05T17:30:12.358+0000] {logging_mixin.py:188} INFO - [2026-09-05T17:30:12.358+0000] {dag.py:3954} INFO - Setting next_dagrun for process_silver_layer to None, run_after=None
[2026-09-05T17:30:12.643+0000] {processor.py:183} INFO - Processing /opt/airflow/dags/silver_processing_dag.py took 3.009 seconds
[2026-09-05T17:30:43.885+0000] {processor.py:161} INFO - Started process (PID=8132) to work on /opt/airflow/dags/silver_processing_dag.py
[2026-09-05T17:30:43.901+0000] {processor.py:830} INFO - Processing file /opt/airflow/dags/silver_processing_dag.py for tasks to queue
[2026-09-05T17:30:43.913+0000] {logging_mixin.py:188} INFO - [2026-09-05T17:30:43.912+0000] {dagbag.py:545} INFO - Filling up the DagBag from /opt/airflow/dags/silver_processing_dag.py
[2026-09-05T17:30:44.048+0000] {processor.py:840} INFO - DAG(s) 'process_silver_layer' retrieved from /opt/airflow/dags/silver_processing_dag.py
[2026-09-05T17:30:44.213+0000] {logging_mixin.py:188} INFO - [2026-09-05T17:30:44.212+0000] {dag.py:3096} INFO - Sync 1 DAGs
[2026-09-05T17:30:44.296+0000] {logging_mixin.py:188} INFO - [2026-09-05T17:30:44.295+0000] {dag.py:3954} INFO - Setting next_dagrun for process_silver_layer to None, run_after=None
[2026-09-05T17:30:44.431+0000] {processor.py:183} INFO - Processing /opt/airflow/dags/silver_processing_dag.py took 0.615 seconds
[2026-09-05T17:31:15.192+0000] {processor.py:161} INFO - Started process (PID=8258) to work on /opt/airflow/dags/silver_processing_dag.py
[2026-09-05T17:31:15.201+0000] {processor.py:830} INFO - Processing file /opt/airflow/dags/silver_processing_dag.py for tasks to queue
[2026-09-05T17:31:15.218+0000] {logging_mixin.py:188} INFO - [2026-09-05T17:31:15.217+0000] {dagbag.py:545} INFO - Filling up the DagBag from /opt/airflow/dags/silver_processing_dag.py
[2026-09-05T17:31:15.459+0000] {processor.py:840} INFO - DAG(s) 'process_silver_layer' retrieved from /opt/airflow/dags/silver_processing_dag.py
[2026-09-05T17:31:15.828+0000] {logging_mixin.py:188} INFO - [2026-09-05T17:31:15.828+0000] {dag.py:3096} INFO - Sync 1 DAGs
[2026-09-05T17:31:15.961+0000] {logging_mixin.py:188} INFO - [2026-09-05T17:31:15.960+0000] {dag.py:3954} INFO - Setting next_dagrun for process_silver_layer to None, run_after=None
[2026-09-05T17:31:16.207+0000] {processor.py:183} INFO - Processing /opt/airflow/dags/silver_processing_dag.py took 1.094 seconds
[2026-09-05T17:31:46.908+0000] {processor.py:161} INFO - Started process (PID=8908) to work on /opt/airflow/dags/silver_processing_dag.py
[2026-09-05T17:31:46.922+0000] {processor.py:830} INFO - Processing file /opt/airflow/dags/silver_processing_dag.py for tasks to queue
[2026-09-05T17:31:47.056+0000] {logging_mixin.py:188} INFO - [2026-09-05T17:31:47.033+0000] {dagbag.py:545} INFO - Filling up the DagBag from /opt/airflow/dags/silver_processing_dag.py
[2026-09-05T17:31:47.325+0000] {processor.py:840} INFO - DAG(s) 'process_silver_layer' retrieved from /opt/airflow/dags/silver_processing_dag.py
[2026-09-05T17:31:47.873+0000] {logging_mixin.py:188} INFO - [2026-09-05T17:31:47.873+0000] {dag.py:3096} INFO - Sync 1 DAGs
[2026-09-05T17:31:48.322+0000] {logging_mixin.py:188} INFO - [2026-09-05T17:31:48.321+0000] {dag.py:3954} INFO - Setting next_dagrun for process_silver_layer to None, run_after=None
[2026-09-05T17:31:49.364+0000] {processor.py:183} INFO - Processing /opt/airflow/dags/silver_processing_dag.py took 2.612 seconds
[2026-09-05T17:32:21.289+0000] {processor.py:161} INFO - Started process (PID=8999) to work on /opt/airflow/dags/silver_processing_dag.py
[2026-09-05T17:32:21.386+0000] {processor.py:830} INFO - Processing file /opt/airflow/dags/silver_processing_dag.py for tasks to queue
[2026-09-05T17:32:21.532+0000] {logging_mixin.py:188} INFO - [2026-09-05T17:32:21.524+0000] {dagbag.py:545} INFO - Filling up the DagBag from /opt/airflow/dags/silver_processing_dag.py
[2026-09-05T17:32:22.179+0000] {processor.py:840} INFO - DAG(s) 'process_silver_layer' retrieved from /opt/airflow/dags/silver_processing_dag.py
[2026-09-05T17:32:23.068+0000] {logging_mixin.py:188} INFO - [2026-09-05T17:32:23.067+0000] {dag.py:3096} INFO - Sync 1 DAGs
[2026-09-05T17:32:23.354+0000] {logging_mixin.py:188} INFO - [2026-09-05T17:32:23.354+0000] {dag.py:3954} INFO - Setting next_dagrun for process_silver_layer to None, run_after=None
[2026-09-05T17:32:23.736+0000] {processor.py:183} INFO - Processing /opt/airflow/dags/silver_processing_dag.py took 2.714 seconds
[2026-09-05T17:32:54.076+0000] {processor.py:161} INFO - Started process (PID=9112) to work on /opt/airflow/dags/silver_processing_dag.py
[2026-09-05T17:32:54.085+0000] {processor.py:830} INFO - Processing file /opt/airflow/dags/silver_processing_dag.py for tasks to queue
[2026-09-05T17:32:54.111+0000] {logging_mixin.py:188} INFO - [2026-09-05T17:32:54.108+0000] {dagbag.py:545} INFO - Filling up the DagBag from /opt/airflow/dags/silver_processing_dag.py
[2026-09-05T17:32:54.260+0000] {processor.py:840} INFO - DAG(s) 'process_silver_layer' retrieved from /opt/airflow/dags/silver_processing_dag.py
[2026-09-05T17:32:54.524+0000] {logging_mixin.py:188} INFO - [2026-09-05T17:32:54.524+0000] {dag.py:3096} INFO - Sync 1 DAGs
[2026-09-05T17:32:54.635+0000] {logging_mixin.py:188} INFO - [2026-09-05T17:32:54.635+0000] {dag.py:3954} INFO - Setting next_dagrun for process_silver_layer to None, run_after=None
[2026-09-05T17:32:54.770+0000] {processor.py:183} INFO - Processing /opt/airflow/dags/silver_processing_dag.py took 0.769 seconds
[2026-09-05T17:33:25.663+0000] {processor.py:161} INFO - Started process (PID=9242) to work on /opt/airflow/dags/silver_processing_dag.py
[2026-09-05T17:33:25.667+0000] {processor.py:830} INFO - Processing file /opt/airflow/dags/silver_processing_dag.py for tasks to queue
[2026-09-05T17:33:25.685+0000] {logging_mixin.py:188} INFO - [2026-09-05T17:33:25.681+0000] {dagbag.py:545} INFO - Filling up the DagBag from /opt/airflow/dags/silver_processing_dag.py
[2026-09-05T17:33:25.781+0000] {processor.py:840} INFO - DAG(s) 'process_silver_layer' retrieved from /opt/airflow/dags/silver_processing_dag.py
[2026-09-05T17:33:25.917+0000] {logging_mixin.py:188} INFO - [2026-09-05T17:33:25.916+0000] {dag.py:3096} INFO - Sync 1 DAGs
[2026-09-05T17:33:25.986+0000] {logging_mixin.py:188} INFO - [2026-09-05T17:33:25.986+0000] {dag.py:3954} INFO - Setting next_dagrun for process_silver_layer to None, run_after=None
[2026-09-05T17:33:26.106+0000] {processor.py:183} INFO - Processing /opt/airflow/dags/silver_processing_dag.py took 0.525 seconds
[2026-09-05T17:33:56.260+0000] {processor.py:161} INFO - Started process (PID=9346) to work on /opt/airflow/dags/silver_processing_dag.py
[2026-09-05T17:33:56.279+0000] {processor.py:830} INFO - Processing file /opt/airflow/dags/silver_processing_dag.py for tasks to queue
[2026-09-05T17:33:56.298+0000] {logging_mixin.py:188} INFO - [2026-09-05T17:33:56.297+0000] {dagbag.py:545} INFO - Filling up the DagBag from /opt/airflow/dags/silver_processing_dag.py
[2026-09-05T17:33:56.352+0000] {processor.py:840} INFO - DAG(s) 'process_silver_layer' retrieved from /opt/airflow/dags/silver_processing_dag.py
[2026-09-05T17:33:56.547+0000] {logging_mixin.py:188} INFO - [2026-09-05T17:33:56.546+0000] {dag.py:3096} INFO - Sync 1 DAGs
[2026-09-05T17:33:56.633+0000] {logging_mixin.py:188} INFO - [2026-09-05T17:33:56.632+0000] {dag.py:3954} INFO - Setting next_dagrun for process_silver_layer to None, run_after=None
[2026-09-05T17:33:56.713+0000] {processor.py:183} INFO - Processing /opt/airflow/dags/silver_processing_dag.py took 0.495 seconds
[2026-09-05T17:34:27.334+0000] {processor.py:161} INFO - Started process (PID=9425) to work on /opt/airflow/dags/silver_processing_dag.py
[2026-09-05T17:34:27.343+0000] {processor.py:830} INFO - Processing file /opt/airflow/dags/silver_processing_dag.py for tasks to queue
[2026-09-05T17:34:27.350+0000] {logging_mixin.py:188} INFO - [2026-09-05T17:34:27.349+0000] {dagbag.py:545} INFO - Filling up the DagBag from /opt/airflow/dags/silver_processing_dag.py
[2026-09-05T17:34:27.518+0000] {processor.py:840} INFO - DAG(s) 'process_silver_layer' retrieved from /opt/airflow/dags/silver_processing_dag.py
[2026-09-05T17:34:27.680+0000] {logging_mixin.py:188} INFO - [2026-09-05T17:34:27.680+0000] {dag.py:3096} INFO - Sync 1 DAGs
[2026-09-05T17:34:27.722+0000] {logging_mixin.py:188} INFO - [2026-09-05T17:34:27.722+0000] {dag.py:3954} INFO - Setting next_dagrun for process_silver_layer to None, run_after=None
[2026-09-05T17:34:27.784+0000] {processor.py:183} INFO - Processing /opt/airflow/dags/silver_processing_dag.py took 0.470 seconds
[2026-09-05T17:35:00.187+0000] {processor.py:161} INFO - Started process (PID=9481) to work on /opt/airflow/dags/silver_processing_dag.py
[2026-09-05T17:35:00.334+0000] {processor.py:830} INFO - Processing file /opt/airflow/dags/silver_processing_dag.py for tasks to queue
[2026-09-05T17:35:00.519+0000] {logging_mixin.py:188} INFO - [2026-09-05T17:35:00.518+0000] {dagbag.py:545} INFO - Filling up the DagBag from /opt/airflow/dags/silver_processing_dag.py
[2026-09-05T17:35:01.701+0000] {processor.py:840} INFO - DAG(s) 'process_silver_layer' retrieved from /opt/airflow/dags/silver_processing_dag.py
[2026-09-05T17:35:02.294+0000] {logging_mixin.py:188} INFO - [2026-09-05T17:35:02.274+0000] {dag.py:3096} INFO - Sync 1 DAGs
[2026-09-05T17:35:03.186+0000] {logging_mixin.py:188} INFO - [2026-09-05T17:35:03.185+0000] {dag.py:3954} INFO - Setting next_dagrun for process_silver_layer to None, run_after=None
[2026-09-05T17:35:03.337+0000] {processor.py:183} INFO - Processing /opt/airflow/dags/silver_processing_dag.py took 3.185 seconds
[2026-09-05T17:35:33.568+0000] {processor.py:161} INFO - Started process (PID=9496) to work on /opt/airflow/dags/silver_processing_dag.py
[2026-09-05T17:35:33.571+0000] {processor.py:830} INFO - Processing file /opt/airflow/dags/silver_processing_dag.py for tasks to queue
[2026-09-05T17:35:33.577+0000] {logging_mixin.py:188} INFO - [2026-09-05T17:35:33.576+0000] {dagbag.py:545} INFO - Filling up the DagBag from /opt/airflow/dags/silver_processing_dag.py
[2026-09-05T17:35:33.615+0000] {processor.py:840} INFO - DAG(s) 'process_silver_layer' retrieved from /opt/airflow/dags/silver_processing_dag.py
[2026-09-05T17:35:33.658+0000] {logging_mixin.py:188} INFO - [2026-09-05T17:35:33.658+0000] {dag.py:3096} INFO - Sync 1 DAGs
[2026-09-05T17:35:33.692+0000] {logging_mixin.py:188} INFO - [2026-09-05T17:35:33.691+0000] {dag.py:3954} INFO - Setting next_dagrun for process_silver_layer to None, run_after=None
[2026-09-05T17:35:33.736+0000] {processor.py:183} INFO - Processing /opt/airflow/dags/silver_processing_dag.py took 0.184 seconds
[2026-09-05T17:36:04.772+0000] {processor.py:161} INFO - Started process (PID=9514) to work on /opt/airflow/dags/silver_processing_dag.py
[2026-09-05T17:36:04.775+0000] {processor.py:830} INFO - Processing file /opt/airflow/dags/silver_processing_dag.py for tasks to queue
[2026-09-05T17:36:04.792+0000] {logging_mixin.py:188} INFO - [2026-09-05T17:36:04.791+0000] {dagbag.py:545} INFO - Filling up the DagBag from /opt/airflow/dags/silver_processing_dag.py
[2026-09-05T17:36:04.937+0000] {processor.py:840} INFO - DAG(s) 'process_silver_layer' retrieved from /opt/airflow/dags/silver_processing_dag.py
[2026-09-05T17:36:05.107+0000] {logging_mixin.py:188} INFO - [2026-09-05T17:36:05.096+0000] {dag.py:3096} INFO - Sync 1 DAGs
[2026-09-05T17:36:05.218+0000] {logging_mixin.py:188} INFO - [2026-09-05T17:36:05.215+0000] {dag.py:3954} INFO - Setting next_dagrun for process_silver_layer to None, run_after=None
[2026-09-05T17:36:05.352+0000] {processor.py:183} INFO - Processing /opt/airflow/dags/silver_processing_dag.py took 0.617 seconds
[2026-09-05T17:36:35.578+0000] {processor.py:161} INFO - Started process (PID=9529) to work on /opt/airflow/dags/silver_processing_dag.py
[2026-09-05T17:36:35.581+0000] {processor.py:830} INFO - Processing file /opt/airflow/dags/silver_processing_dag.py for tasks to queue
[2026-09-05T17:36:35.590+0000] {logging_mixin.py:188} INFO - [2026-09-05T17:36:35.588+0000] {dagbag.py:545} INFO - Filling up the DagBag from /opt/airflow/dags/silver_processing_dag.py
[2026-09-05T17:36:35.641+0000] {processor.py:840} INFO - DAG(s) 'process_silver_layer' retrieved from /opt/airflow/dags/silver_processing_dag.py
[2026-09-05T17:36:35.697+0000] {logging_mixin.py:188} INFO - [2026-09-05T17:36:35.696+0000] {dag.py:3096} INFO - Sync 1 DAGs
[2026-09-05T17:36:35.729+0000] {logging_mixin.py:188} INFO - [2026-09-05T17:36:35.728+0000] {dag.py:3954} INFO - Setting next_dagrun for process_silver_layer to None, run_after=None
[2026-09-05T17:36:35.794+0000] {processor.py:183} INFO - Processing /opt/airflow/dags/silver_processing_dag.py took 0.233 seconds
[2026-09-05T17:39:48.245+0000] {processor.py:161} INFO - Started process (PID=163) to work on /opt/airflow/dags/silver_processing_dag.py
[2026-09-05T17:39:48.252+0000] {processor.py:830} INFO - Processing file /opt/airflow/dags/silver_processing_dag.py for tasks to queue
[2026-09-05T17:39:48.269+0000] {logging_mixin.py:188} INFO - [2026-09-05T17:39:48.268+0000] {dagbag.py:545} INFO - Filling up the DagBag from /opt/airflow/dags/silver_processing_dag.py
[2026-09-05T17:39:48.416+0000] {processor.py:840} INFO - DAG(s) 'process_silver_layer' retrieved from /opt/airflow/dags/silver_processing_dag.py
[2026-09-05T17:39:48.559+0000] {logging_mixin.py:188} INFO - [2026-09-05T17:39:48.559+0000] {dag.py:3096} INFO - Sync 1 DAGs
[2026-09-05T17:39:48.633+0000] {logging_mixin.py:188} INFO - [2026-09-05T17:39:48.630+0000] {dag.py:3954} INFO - Setting next_dagrun for process_silver_layer to None, run_after=None
[2026-09-05T17:39:48.710+0000] {processor.py:183} INFO - Processing /opt/airflow/dags/silver_processing_dag.py took 0.497 seconds
[2026-09-05T17:40:22.801+0000] {processor.py:161} INFO - Started process (PID=180) to work on /opt/airflow/dags/silver_processing_dag.py
[2026-09-05T17:40:22.807+0000] {processor.py:830} INFO - Processing file /opt/airflow/dags/silver_processing_dag.py for tasks to queue
[2026-09-05T17:40:22.818+0000] {logging_mixin.py:188} INFO - [2026-09-05T17:40:22.818+0000] {dagbag.py:545} INFO - Filling up the DagBag from /opt/airflow/dags/silver_processing_dag.py
[2026-09-05T17:40:22.862+0000] {processor.py:840} INFO - DAG(s) 'process_silver_layer' retrieved from /opt/airflow/dags/silver_processing_dag.py
[2026-09-05T17:40:24.133+0000] {logging_mixin.py:188} INFO - [2026-09-05T17:40:24.133+0000] {dag.py:3096} INFO - Sync 1 DAGs
[2026-09-05T17:40:24.157+0000] {logging_mixin.py:188} INFO - [2026-09-05T17:40:24.156+0000] {dag.py:3954} INFO - Setting next_dagrun for process_silver_layer to None, run_after=None
[2026-09-05T17:40:24.209+0000] {processor.py:183} INFO - Processing /opt/airflow/dags/silver_processing_dag.py took 1.426 seconds
[2026-09-05T17:40:54.521+0000] {processor.py:161} INFO - Started process (PID=195) to work on /opt/airflow/dags/silver_processing_dag.py
[2026-09-05T17:40:54.526+0000] {processor.py:830} INFO - Processing file /opt/airflow/dags/silver_processing_dag.py for tasks to queue
[2026-09-05T17:40:54.533+0000] {logging_mixin.py:188} INFO - [2026-09-05T17:40:54.532+0000] {dagbag.py:545} INFO - Filling up the DagBag from /opt/airflow/dags/silver_processing_dag.py
[2026-09-05T17:40:54.580+0000] {processor.py:840} INFO - DAG(s) 'process_silver_layer' retrieved from /opt/airflow/dags/silver_processing_dag.py
[2026-09-05T17:40:54.639+0000] {logging_mixin.py:188} INFO - [2026-09-05T17:40:54.638+0000] {dag.py:3096} INFO - Sync 1 DAGs
[2026-09-05T17:40:54.676+0000] {logging_mixin.py:188} INFO - [2026-09-05T17:40:54.676+0000] {dag.py:3954} INFO - Setting next_dagrun for process_silver_layer to None, run_after=None
[2026-09-05T17:40:54.732+0000] {processor.py:183} INFO - Processing /opt/airflow/dags/silver_processing_dag.py took 0.230 seconds
[2026-09-05T17:41:24.847+0000] {processor.py:161} INFO - Started process (PID=210) to work on /opt/airflow/dags/silver_processing_dag.py
[2026-09-05T17:41:24.849+0000] {processor.py:830} INFO - Processing file /opt/airflow/dags/silver_processing_dag.py for tasks to queue
[2026-09-05T17:41:24.855+0000] {logging_mixin.py:188} INFO - [2026-09-05T17:41:24.854+0000] {dagbag.py:545} INFO - Filling up the DagBag from /opt/airflow/dags/silver_processing_dag.py
[2026-09-05T17:41:24.897+0000] {processor.py:840} INFO - DAG(s) 'process_silver_layer' retrieved from /opt/airflow/dags/silver_processing_dag.py
[2026-09-05T17:41:24.964+0000] {logging_mixin.py:188} INFO - [2026-09-05T17:41:24.964+0000] {dag.py:3096} INFO - Sync 1 DAGs
[2026-09-05T17:41:25.003+0000] {logging_mixin.py:188} INFO - [2026-09-05T17:41:25.002+0000] {dag.py:3954} INFO - Setting next_dagrun for process_silver_layer to None, run_after=None
[2026-09-05T17:41:25.096+0000] {processor.py:183} INFO - Processing /opt/airflow/dags/silver_processing_dag.py took 0.261 seconds
[2026-09-05T17:41:55.460+0000] {processor.py:161} INFO - Started process (PID=225) to work on /opt/airflow/dags/silver_processing_dag.py
[2026-09-05T17:41:55.463+0000] {processor.py:830} INFO - Processing file /opt/airflow/dags/silver_processing_dag.py for tasks to queue
[2026-09-05T17:41:55.468+0000] {logging_mixin.py:188} INFO - [2026-09-05T17:41:55.467+0000] {dagbag.py:545} INFO - Filling up the DagBag from /opt/airflow/dags/silver_processing_dag.py
[2026-09-05T17:41:55.508+0000] {processor.py:840} INFO - DAG(s) 'process_silver_layer' retrieved from /opt/airflow/dags/silver_processing_dag.py
[2026-09-05T17:41:55.549+0000] {logging_mixin.py:188} INFO - [2026-09-05T17:41:55.549+0000] {dag.py:3096} INFO - Sync 1 DAGs
[2026-09-05T17:41:55.876+0000] {logging_mixin.py:188} INFO - [2026-09-05T17:41:55.875+0000] {dag.py:3954} INFO - Setting next_dagrun for process_silver_layer to None, run_after=None
[2026-09-05T17:41:55.909+0000] {processor.py:183} INFO - Processing /opt/airflow/dags/silver_processing_dag.py took 0.462 seconds
[2026-09-05T17:42:26.380+0000] {processor.py:161} INFO - Started process (PID=240) to work on /opt/airflow/dags/silver_processing_dag.py
[2026-09-05T17:42:26.382+0000] {processor.py:830} INFO - Processing file /opt/airflow/dags/silver_processing_dag.py for tasks to queue
[2026-09-05T17:42:26.387+0000] {logging_mixin.py:188} INFO - [2026-09-05T17:42:26.386+0000] {dagbag.py:545} INFO - Filling up the DagBag from /opt/airflow/dags/silver_processing_dag.py
[2026-09-05T17:42:26.429+0000] {processor.py:840} INFO - DAG(s) 'process_silver_layer' retrieved from /opt/airflow/dags/silver_processing_dag.py
[2026-09-05T17:42:26.474+0000] {logging_mixin.py:188} INFO - [2026-09-05T17:42:26.474+0000] {dag.py:3096} INFO - Sync 1 DAGs
[2026-09-05T17:42:26.863+0000] {logging_mixin.py:188} INFO - [2026-09-05T17:42:26.863+0000] {dag.py:3954} INFO - Setting next_dagrun for process_silver_layer to None, run_after=None
[2026-09-05T17:42:26.908+0000] {processor.py:183} INFO - Processing /opt/airflow/dags/silver_processing_dag.py took 0.539 seconds
[2026-09-05T17:42:57.460+0000] {processor.py:161} INFO - Started process (PID=255) to work on /opt/airflow/dags/silver_processing_dag.py
[2026-09-05T17:42:57.464+0000] {processor.py:830} INFO - Processing file /opt/airflow/dags/silver_processing_dag.py for tasks to queue
[2026-09-05T17:42:57.470+0000] {logging_mixin.py:188} INFO - [2026-09-05T17:42:57.469+0000] {dagbag.py:545} INFO - Filling up the DagBag from /opt/airflow/dags/silver_processing_dag.py
[2026-09-05T17:42:57.860+0000] {processor.py:840} INFO - DAG(s) 'process_silver_layer' retrieved from /opt/airflow/dags/silver_processing_dag.py
[2026-09-05T17:42:57.898+0000] {logging_mixin.py:188} INFO - [2026-09-05T17:42:57.898+0000] {dag.py:3096} INFO - Sync 1 DAGs
[2026-09-05T17:42:57.924+0000] {logging_mixin.py:188} INFO - [2026-09-05T17:42:57.923+0000] {dag.py:3954} INFO - Setting next_dagrun for process_silver_layer to None, run_after=None
[2026-09-05T17:42:57.966+0000] {processor.py:183} INFO - Processing /opt/airflow/dags/silver_processing_dag.py took 0.523 seconds
[2026-09-05T17:43:28.623+0000] {processor.py:161} INFO - Started process (PID=270) to work on /opt/airflow/dags/silver_processing_dag.py
[2026-09-05T17:43:28.626+0000] {processor.py:830} INFO - Processing file /opt/airflow/dags/silver_processing_dag.py for tasks to queue
[2026-09-05T17:43:28.632+0000] {logging_mixin.py:188} INFO - [2026-09-05T17:43:28.631+0000] {dagbag.py:545} INFO - Filling up the DagBag from /opt/airflow/dags/silver_processing_dag.py
[2026-09-05T17:43:28.682+0000] {processor.py:840} INFO - DAG(s) 'process_silver_layer' retrieved from /opt/airflow/dags/silver_processing_dag.py
[2026-09-05T17:43:28.747+0000] {logging_mixin.py:188} INFO - [2026-09-05T17:43:28.746+0000] {dag.py:3096} INFO - Sync 1 DAGs
[2026-09-05T17:43:28.794+0000] {logging_mixin.py:188} INFO - [2026-09-05T17:43:28.793+0000] {dag.py:3954} INFO - Setting next_dagrun for process_silver_layer to None, run_after=None
[2026-09-05T17:43:28.873+0000] {processor.py:183} INFO - Processing /opt/airflow/dags/silver_processing_dag.py took 0.266 seconds
[2026-09-05T17:43:59.313+0000] {processor.py:161} INFO - Started process (PID=285) to work on /opt/airflow/dags/silver_processing_dag.py
[2026-09-05T17:43:59.316+0000] {processor.py:830} INFO - Processing file /opt/airflow/dags/silver_processing_dag.py for tasks to queue
[2026-09-05T17:43:59.326+0000] {logging_mixin.py:188} INFO - [2026-09-05T17:43:59.325+0000] {dagbag.py:545} INFO - Filling up the DagBag from /opt/airflow/dags/silver_processing_dag.py
[2026-09-05T17:43:59.379+0000] {processor.py:840} INFO - DAG(s) 'process_silver_layer' retrieved from /opt/airflow/dags/silver_processing_dag.py
[2026-09-05T17:43:59.478+0000] {logging_mixin.py:188} INFO - [2026-09-05T17:43:59.477+0000] {dag.py:3096} INFO - Sync 1 DAGs
[2026-09-05T17:43:59.538+0000] {logging_mixin.py:188} INFO - [2026-09-05T17:43:59.537+0000] {dag.py:3954} INFO - Setting next_dagrun for process_silver_layer to None, run_after=None
[2026-09-05T17:43:59.731+0000] {processor.py:183} INFO - Processing /opt/airflow/dags/silver_processing_dag.py took 0.438 seconds
[2026-09-05T17:44:30.062+0000] {processor.py:161} INFO - Started process (PID=300) to work on /opt/airflow/dags/silver_processing_dag.py
[2026-09-05T17:44:30.066+0000] {processor.py:830} INFO - Processing file /opt/airflow/dags/silver_processing_dag.py for tasks to queue
[2026-09-05T17:44:30.077+0000] {logging_mixin.py:188} INFO - [2026-09-05T17:44:30.076+0000] {dagbag.py:545} INFO - Filling up the DagBag from /opt/airflow/dags/silver_processing_dag.py
[2026-09-05T17:44:30.151+0000] {processor.py:840} INFO - DAG(s) 'process_silver_layer' retrieved from /opt/airflow/dags/silver_processing_dag.py
[2026-09-05T17:44:30.243+0000] {logging_mixin.py:188} INFO - [2026-09-05T17:44:30.241+0000] {dag.py:3096} INFO - Sync 1 DAGs
[2026-09-05T17:44:30.286+0000] {logging_mixin.py:188} INFO - [2026-09-05T17:44:30.285+0000] {dag.py:3954} INFO - Setting next_dagrun for process_silver_layer to None, run_after=None
[2026-09-05T17:44:30.336+0000] {processor.py:183} INFO - Processing /opt/airflow/dags/silver_processing_dag.py took 0.301 seconds
[2026-09-05T17:45:00.869+0000] {processor.py:161} INFO - Started process (PID=315) to work on /opt/airflow/dags/silver_processing_dag.py
[2026-09-05T17:45:00.873+0000] {processor.py:830} INFO - Processing file /opt/airflow/dags/silver_processing_dag.py for tasks to queue
[2026-09-05T17:45:00.881+0000] {logging_mixin.py:188} INFO - [2026-09-05T17:45:00.881+0000] {dagbag.py:545} INFO - Filling up the DagBag from /opt/airflow/dags/silver_processing_dag.py
[2026-09-05T17:45:00.927+0000] {processor.py:840} INFO - DAG(s) 'process_silver_layer' retrieved from /opt/airflow/dags/silver_processing_dag.py
[2026-09-05T17:45:01.008+0000] {logging_mixin.py:188} INFO - [2026-09-05T17:45:01.007+0000] {dag.py:3096} INFO - Sync 1 DAGs
[2026-09-05T17:45:01.044+0000] {logging_mixin.py:188} INFO - [2026-09-05T17:45:01.044+0000] {dag.py:3954} INFO - Setting next_dagrun for process_silver_layer to None, run_after=None
[2026-09-05T17:45:01.086+0000] {processor.py:183} INFO - Processing /opt/airflow/dags/silver_processing_dag.py took 0.238 seconds
[2026-09-05T17:45:31.508+0000] {processor.py:161} INFO - Started process (PID=330) to work on /opt/airflow/dags/silver_processing_dag.py
[2026-09-05T17:45:31.512+0000] {processor.py:830} INFO - Processing file /opt/airflow/dags/silver_processing_dag.py for tasks to queue
[2026-09-05T17:45:31.521+0000] {logging_mixin.py:188} INFO - [2026-09-05T17:45:31.520+0000] {dagbag.py:545} INFO - Filling up the DagBag from /opt/airflow/dags/silver_processing_dag.py
[2026-09-05T17:45:31.562+0000] {processor.py:840} INFO - DAG(s) 'process_silver_layer' retrieved from /opt/airflow/dags/silver_processing_dag.py
[2026-09-05T17:45:31.619+0000] {logging_mixin.py:188} INFO - [2026-09-05T17:45:31.618+0000] {dag.py:3096} INFO - Sync 1 DAGs
[2026-09-05T17:45:31.657+0000] {logging_mixin.py:188} INFO - [2026-09-05T17:45:31.656+0000] {dag.py:3954} INFO - Setting next_dagrun for process_silver_layer to None, run_after=None
[2026-09-05T17:45:31.705+0000] {processor.py:183} INFO - Processing /opt/airflow/dags/silver_processing_dag.py took 0.214 seconds
[2026-09-05T17:46:02.184+0000] {processor.py:161} INFO - Started process (PID=345) to work on /opt/airflow/dags/silver_processing_dag.py
[2026-09-05T17:46:02.188+0000] {processor.py:830} INFO - Processing file /opt/airflow/dags/silver_processing_dag.py for tasks to queue
[2026-09-05T17:46:02.195+0000] {logging_mixin.py:188} INFO - [2026-09-05T17:46:02.194+0000] {dagbag.py:545} INFO - Filling up the DagBag from /opt/airflow/dags/silver_processing_dag.py
[2026-09-05T17:46:02.239+0000] {processor.py:840} INFO - DAG(s) 'process_silver_layer' retrieved from /opt/airflow/dags/silver_processing_dag.py
[2026-09-05T17:46:02.292+0000] {logging_mixin.py:188} INFO - [2026-09-05T17:46:02.291+0000] {dag.py:3096} INFO - Sync 1 DAGs
[2026-09-05T17:46:02.349+0000] {logging_mixin.py:188} INFO - [2026-09-05T17:46:02.349+0000] {dag.py:3954} INFO - Setting next_dagrun for process_silver_layer to None, run_after=None
[2026-09-05T17:46:02.400+0000] {processor.py:183} INFO - Processing /opt/airflow/dags/silver_processing_dag.py took 0.234 seconds
[2026-09-05T17:46:32.810+0000] {processor.py:161} INFO - Started process (PID=360) to work on /opt/airflow/dags/silver_processing_dag.py
[2026-09-05T17:46:32.813+0000] {processor.py:830} INFO - Processing file /opt/airflow/dags/silver_processing_dag.py for tasks to queue
[2026-09-05T17:46:32.821+0000] {logging_mixin.py:188} INFO - [2026-09-05T17:46:32.820+0000] {dagbag.py:545} INFO - Filling up the DagBag from /opt/airflow/dags/silver_processing_dag.py
[2026-09-05T17:46:32.867+0000] {processor.py:840} INFO - DAG(s) 'process_silver_layer' retrieved from /opt/airflow/dags/silver_processing_dag.py
[2026-09-05T17:46:32.929+0000] {logging_mixin.py:188} INFO - [2026-09-05T17:46:32.928+0000] {dag.py:3096} INFO - Sync 1 DAGs
[2026-09-05T17:46:32.967+0000] {logging_mixin.py:188} INFO - [2026-09-05T17:46:32.966+0000] {dag.py:3954} INFO - Setting next_dagrun for process_silver_layer to None, run_after=None
[2026-09-05T17:46:33.010+0000] {processor.py:183} INFO - Processing /opt/airflow/dags/silver_processing_dag.py took 0.218 seconds
[2026-09-05T17:47:03.421+0000] {processor.py:161} INFO - Started process (PID=375) to work on /opt/airflow/dags/silver_processing_dag.py
[2026-09-05T17:47:03.424+0000] {processor.py:830} INFO - Processing file /opt/airflow/dags/silver_processing_dag.py for tasks to queue
[2026-09-05T17:47:03.430+0000] {logging_mixin.py:188} INFO - [2026-09-05T17:47:03.429+0000] {dagbag.py:545} INFO - Filling up the DagBag from /opt/airflow/dags/silver_processing_dag.py
[2026-09-05T17:47:03.481+0000] {processor.py:840} INFO - DAG(s) 'process_silver_layer' retrieved from /opt/airflow/dags/silver_processing_dag.py
[2026-09-05T17:47:03.542+0000] {logging_mixin.py:188} INFO - [2026-09-05T17:47:03.542+0000] {dag.py:3096} INFO - Sync 1 DAGs
[2026-09-05T17:47:03.581+0000] {logging_mixin.py:188} INFO - [2026-09-05T17:47:03.580+0000] {dag.py:3954} INFO - Setting next_dagrun for process_silver_layer to None, run_after=None
[2026-09-05T17:47:03.629+0000] {processor.py:183} INFO - Processing /opt/airflow/dags/silver_processing_dag.py took 0.226 seconds
[2026-09-05T17:47:34.049+0000] {processor.py:161} INFO - Started process (PID=390) to work on /opt/airflow/dags/silver_processing_dag.py
[2026-09-05T17:47:34.052+0000] {processor.py:830} INFO - Processing file /opt/airflow/dags/silver_processing_dag.py for tasks to queue
[2026-09-05T17:47:34.059+0000] {logging_mixin.py:188} INFO - [2026-09-05T17:47:34.058+0000] {dagbag.py:545} INFO - Filling up the DagBag from /opt/airflow/dags/silver_processing_dag.py
[2026-09-05T17:47:34.117+0000] {processor.py:840} INFO - DAG(s) 'process_silver_layer' retrieved from /opt/airflow/dags/silver_processing_dag.py
[2026-09-05T17:47:34.210+0000] {logging_mixin.py:188} INFO - [2026-09-05T17:47:34.210+0000] {dag.py:3096} INFO - Sync 1 DAGs
[2026-09-05T17:47:34.252+0000] {logging_mixin.py:188} INFO - [2026-09-05T17:47:34.252+0000] {dag.py:3954} INFO - Setting next_dagrun for process_silver_layer to None, run_after=None
[2026-09-05T17:47:34.319+0000] {processor.py:183} INFO - Processing /opt/airflow/dags/silver_processing_dag.py took 0.290 seconds
[2026-09-05T17:48:04.749+0000] {processor.py:161} INFO - Started process (PID=405) to work on /opt/airflow/dags/silver_processing_dag.py
[2026-09-05T17:48:04.752+0000] {processor.py:830} INFO - Processing file /opt/airflow/dags/silver_processing_dag.py for tasks to queue
[2026-09-05T17:48:04.758+0000] {logging_mixin.py:188} INFO - [2026-09-05T17:48:04.757+0000] {dagbag.py:545} INFO - Filling up the DagBag from /opt/airflow/dags/silver_processing_dag.py
[2026-09-05T17:48:04.805+0000] {processor.py:840} INFO - DAG(s) 'process_silver_layer' retrieved from /opt/airflow/dags/silver_processing_dag.py
[2026-09-05T17:48:04.864+0000] {logging_mixin.py:188} INFO - [2026-09-05T17:48:04.863+0000] {dag.py:3096} INFO - Sync 1 DAGs
[2026-09-05T17:48:04.902+0000] {logging_mixin.py:188} INFO - [2026-09-05T17:48:04.902+0000] {dag.py:3954} INFO - Setting next_dagrun for process_silver_layer to None, run_after=None
[2026-09-05T17:48:04.946+0000] {processor.py:183} INFO - Processing /opt/airflow/dags/silver_processing_dag.py took 0.216 seconds
[2026-09-05T17:48:35.383+0000] {processor.py:161} INFO - Started process (PID=420) to work on /opt/airflow/dags/silver_processing_dag.py
[2026-09-05T17:48:35.387+0000] {processor.py:830} INFO - Processing file /opt/airflow/dags/silver_processing_dag.py for tasks to queue
[2026-09-05T17:48:35.394+0000] {logging_mixin.py:188} INFO - [2026-09-05T17:48:35.393+0000] {dagbag.py:545} INFO - Filling up the DagBag from /opt/airflow/dags/silver_processing_dag.py
[2026-09-05T17:48:35.454+0000] {processor.py:840} INFO - DAG(s) 'process_silver_layer' retrieved from /opt/airflow/dags/silver_processing_dag.py
[2026-09-05T17:48:35.541+0000] {logging_mixin.py:188} INFO - [2026-09-05T17:48:35.540+0000] {dag.py:3096} INFO - Sync 1 DAGs
[2026-09-05T17:48:35.583+0000] {logging_mixin.py:188} INFO - [2026-09-05T17:48:35.582+0000] {dag.py:3954} INFO - Setting next_dagrun for process_silver_layer to None, run_after=None
[2026-09-05T17:48:35.636+0000] {processor.py:183} INFO - Processing /opt/airflow/dags/silver_processing_dag.py took 0.274 seconds
[2026-09-05T17:49:06.053+0000] {processor.py:161} INFO - Started process (PID=435) to work on /opt/airflow/dags/silver_processing_dag.py
[2026-09-05T17:49:06.057+0000] {processor.py:830} INFO - Processing file /opt/airflow/dags/silver_processing_dag.py for tasks to queue
[2026-09-05T17:49:06.063+0000] {logging_mixin.py:188} INFO - [2026-09-05T17:49:06.063+0000] {dagbag.py:545} INFO - Filling up the DagBag from /opt/airflow/dags/silver_processing_dag.py
[2026-09-05T17:49:06.110+0000] {processor.py:840} INFO - DAG(s) 'process_silver_layer' retrieved from /opt/airflow/dags/silver_processing_dag.py
[2026-09-05T17:49:06.171+0000] {logging_mixin.py:188} INFO - [2026-09-05T17:49:06.170+0000] {dag.py:3096} INFO - Sync 1 DAGs
[2026-09-05T17:49:06.208+0000] {logging_mixin.py:188} INFO - [2026-09-05T17:49:06.207+0000] {dag.py:3954} INFO - Setting next_dagrun for process_silver_layer to None, run_after=None
[2026-09-05T17:49:06.255+0000] {processor.py:183} INFO - Processing /opt/airflow/dags/silver_processing_dag.py took 0.220 seconds
[2026-09-05T17:49:36.671+0000] {processor.py:161} INFO - Started process (PID=450) to work on /opt/airflow/dags/silver_processing_dag.py
[2026-09-05T17:49:36.674+0000] {processor.py:830} INFO - Processing file /opt/airflow/dags/silver_processing_dag.py for tasks to queue
[2026-09-05T17:49:36.680+0000] {logging_mixin.py:188} INFO - [2026-09-05T17:49:36.679+0000] {dagbag.py:545} INFO - Filling up the DagBag from /opt/airflow/dags/silver_processing_dag.py
[2026-09-05T17:49:36.728+0000] {processor.py:840} INFO - DAG(s) 'process_silver_layer' retrieved from /opt/airflow/dags/silver_processing_dag.py
[2026-09-05T17:49:36.782+0000] {logging_mixin.py:188} INFO - [2026-09-05T17:49:36.781+0000] {dag.py:3096} INFO - Sync 1 DAGs
[2026-09-05T17:49:36.816+0000] {logging_mixin.py:188} INFO - [2026-09-05T17:49:36.815+0000] {dag.py:3954} INFO - Setting next_dagrun for process_silver_layer to None, run_after=None
[2026-09-05T17:49:36.863+0000] {processor.py:183} INFO - Processing /opt/airflow/dags/silver_processing_dag.py took 0.213 seconds
[2026-09-05T17:50:07.372+0000] {processor.py:161} INFO - Started process (PID=465) to work on /opt/airflow/dags/silver_processing_dag.py
[2026-09-05T17:50:07.377+0000] {processor.py:830} INFO - Processing file /opt/airflow/dags/silver_processing_dag.py for tasks to queue
[2026-09-05T17:50:07.383+0000] {logging_mixin.py:188} INFO - [2026-09-05T17:50:07.382+0000] {dagbag.py:545} INFO - Filling up the DagBag from /opt/airflow/dags/silver_processing_dag.py
[2026-09-05T17:50:07.428+0000] {processor.py:840} INFO - DAG(s) 'process_silver_layer' retrieved from /opt/airflow/dags/silver_processing_dag.py
[2026-09-05T17:50:07.482+0000] {logging_mixin.py:188} INFO - [2026-09-05T17:50:07.481+0000] {dag.py:3096} INFO - Sync 1 DAGs
[2026-09-05T17:50:07.517+0000] {logging_mixin.py:188} INFO - [2026-09-05T17:50:07.516+0000] {dag.py:3954} INFO - Setting next_dagrun for process_silver_layer to None, run_after=None
[2026-09-05T17:50:07.560+0000] {processor.py:183} INFO - Processing /opt/airflow/dags/silver_processing_dag.py took 0.205 seconds
[2026-09-05T17:50:37.950+0000] {processor.py:161} INFO - Started process (PID=480) to work on /opt/airflow/dags/silver_processing_dag.py
[2026-09-05T17:50:37.953+0000] {processor.py:830} INFO - Processing file /opt/airflow/dags/silver_processing_dag.py for tasks to queue
[2026-09-05T17:50:37.959+0000] {logging_mixin.py:188} INFO - [2026-09-05T17:50:37.958+0000] {dagbag.py:545} INFO - Filling up the DagBag from /opt/airflow/dags/silver_processing_dag.py
[2026-09-05T17:50:38.004+0000] {processor.py:840} INFO - DAG(s) 'process_silver_layer' retrieved from /opt/airflow/dags/silver_processing_dag.py
[2026-09-05T17:50:38.058+0000] {logging_mixin.py:188} INFO - [2026-09-05T17:50:38.058+0000] {dag.py:3096} INFO - Sync 1 DAGs
[2026-09-05T17:50:38.086+0000] {logging_mixin.py:188} INFO - [2026-09-05T17:50:38.086+0000] {dag.py:3954} INFO - Setting next_dagrun for process_silver_layer to None, run_after=None
[2026-09-05T17:50:38.129+0000] {processor.py:183} INFO - Processing /opt/airflow/dags/silver_processing_dag.py took 0.198 seconds
[2026-09-05T17:51:08.521+0000] {processor.py:161} INFO - Started process (PID=495) to work on /opt/airflow/dags/silver_processing_dag.py
[2026-09-05T17:51:08.524+0000] {processor.py:830} INFO - Processing file /opt/airflow/dags/silver_processing_dag.py for tasks to queue
[2026-09-05T17:51:08.530+0000] {logging_mixin.py:188} INFO - [2026-09-05T17:51:08.530+0000] {dagbag.py:545} INFO - Filling up the DagBag from /opt/airflow/dags/silver_processing_dag.py
[2026-09-05T17:51:08.570+0000] {processor.py:840} INFO - DAG(s) 'process_silver_layer' retrieved from /opt/airflow/dags/silver_processing_dag.py
[2026-09-05T17:51:08.623+0000] {logging_mixin.py:188} INFO - [2026-09-05T17:51:08.622+0000] {dag.py:3096} INFO - Sync 1 DAGs
[2026-09-05T17:51:08.656+0000] {logging_mixin.py:188} INFO - [2026-09-05T17:51:08.655+0000] {dag.py:3954} INFO - Setting next_dagrun for process_silver_layer to None, run_after=None
[2026-09-05T17:51:08.712+0000] {processor.py:183} INFO - Processing /opt/airflow/dags/silver_processing_dag.py took 0.206 seconds
[2026-09-05T17:51:39.106+0000] {processor.py:161} INFO - Started process (PID=510) to work on /opt/airflow/dags/silver_processing_dag.py
[2026-09-05T17:51:39.109+0000] {processor.py:830} INFO - Processing file /opt/airflow/dags/silver_processing_dag.py for tasks to queue
[2026-09-05T17:51:39.115+0000] {logging_mixin.py:188} INFO - [2026-09-05T17:51:39.114+0000] {dagbag.py:545} INFO - Filling up the DagBag from /opt/airflow/dags/silver_processing_dag.py
[2026-09-05T17:51:39.161+0000] {processor.py:840} INFO - DAG(s) 'process_silver_layer' retrieved from /opt/airflow/dags/silver_processing_dag.py
[2026-09-05T17:51:39.240+0000] {logging_mixin.py:188} INFO - [2026-09-05T17:51:39.240+0000] {dag.py:3096} INFO - Sync 1 DAGs
[2026-09-05T17:51:39.295+0000] {logging_mixin.py:188} INFO - [2026-09-05T17:51:39.294+0000] {dag.py:3954} INFO - Setting next_dagrun for process_silver_layer to None, run_after=None
[2026-09-05T17:51:39.342+0000] {processor.py:183} INFO - Processing /opt/airflow/dags/silver_processing_dag.py took 0.254 seconds
[2026-09-05T17:52:09.805+0000] {processor.py:161} INFO - Started process (PID=525) to work on /opt/airflow/dags/silver_processing_dag.py
[2026-09-05T17:52:09.808+0000] {processor.py:830} INFO - Processing file /opt/airflow/dags/silver_processing_dag.py for tasks to queue
[2026-09-05T17:52:09.814+0000] {logging_mixin.py:188} INFO - [2026-09-05T17:52:09.813+0000] {dagbag.py:545} INFO - Filling up the DagBag from /opt/airflow/dags/silver_processing_dag.py
[2026-09-05T17:52:09.862+0000] {processor.py:840} INFO - DAG(s) 'process_silver_layer' retrieved from /opt/airflow/dags/silver_processing_dag.py
[2026-09-05T17:52:09.916+0000] {logging_mixin.py:188} INFO - [2026-09-05T17:52:09.916+0000] {dag.py:3096} INFO - Sync 1 DAGs
[2026-09-05T17:52:09.951+0000] {logging_mixin.py:188} INFO - [2026-09-05T17:52:09.951+0000] {dag.py:3954} INFO - Setting next_dagrun for process_silver_layer to None, run_after=None
[2026-09-05T17:52:10.031+0000] {processor.py:183} INFO - Processing /opt/airflow/dags/silver_processing_dag.py took 0.243 seconds
[2026-09-05T17:52:40.482+0000] {processor.py:161} INFO - Started process (PID=540) to work on /opt/airflow/dags/silver_processing_dag.py
[2026-09-05T17:52:40.486+0000] {processor.py:830} INFO - Processing file /opt/airflow/dags/silver_processing_dag.py for tasks to queue
[2026-09-05T17:52:40.494+0000] {logging_mixin.py:188} INFO - [2026-09-05T17:52:40.492+0000] {dagbag.py:545} INFO - Filling up the DagBag from /opt/airflow/dags/silver_processing_dag.py
[2026-09-05T17:52:40.562+0000] {processor.py:840} INFO - DAG(s) 'process_silver_layer' retrieved from /opt/airflow/dags/silver_processing_dag.py
[2026-09-05T17:52:40.666+0000] {logging_mixin.py:188} INFO - [2026-09-05T17:52:40.665+0000] {dag.py:3096} INFO - Sync 1 DAGs
[2026-09-05T17:52:40.698+0000] {logging_mixin.py:188} INFO - [2026-09-05T17:52:40.697+0000] {dag.py:3954} INFO - Setting next_dagrun for process_silver_layer to None, run_after=None
[2026-09-05T17:52:40.753+0000] {processor.py:183} INFO - Processing /opt/airflow/dags/silver_processing_dag.py took 0.298 seconds
[2026-09-05T17:53:11.144+0000] {processor.py:161} INFO - Started process (PID=555) to work on /opt/airflow/dags/silver_processing_dag.py
[2026-09-05T17:53:11.147+0000] {processor.py:830} INFO - Processing file /opt/airflow/dags/silver_processing_dag.py for tasks to queue
[2026-09-05T17:53:11.152+0000] {logging_mixin.py:188} INFO - [2026-09-05T17:53:11.152+0000] {dagbag.py:545} INFO - Filling up the DagBag from /opt/airflow/dags/silver_processing_dag.py
[2026-09-05T17:53:11.195+0000] {processor.py:840} INFO - DAG(s) 'process_silver_layer' retrieved from /opt/airflow/dags/silver_processing_dag.py
[2026-09-05T17:53:11.250+0000] {logging_mixin.py:188} INFO - [2026-09-05T17:53:11.249+0000] {dag.py:3096} INFO - Sync 1 DAGs
[2026-09-05T17:53:11.289+0000] {logging_mixin.py:188} INFO - [2026-09-05T17:53:11.289+0000] {dag.py:3954} INFO - Setting next_dagrun for process_silver_layer to None, run_after=None
[2026-09-05T17:53:11.329+0000] {processor.py:183} INFO - Processing /opt/airflow/dags/silver_processing_dag.py took 0.203 seconds
[2026-09-05T17:53:41.720+0000] {processor.py:161} INFO - Started process (PID=570) to work on /opt/airflow/dags/silver_processing_dag.py
[2026-09-05T17:53:41.722+0000] {processor.py:830} INFO - Processing file /opt/airflow/dags/silver_processing_dag.py for tasks to queue
[2026-09-05T17:53:41.729+0000] {logging_mixin.py:188} INFO - [2026-09-05T17:53:41.728+0000] {dagbag.py:545} INFO - Filling up the DagBag from /opt/airflow/dags/silver_processing_dag.py
[2026-09-05T17:53:41.771+0000] {processor.py:840} INFO - DAG(s) 'process_silver_layer' retrieved from /opt/airflow/dags/silver_processing_dag.py
[2026-09-05T17:53:41.826+0000] {logging_mixin.py:188} INFO - [2026-09-05T17:53:41.825+0000] {dag.py:3096} INFO - Sync 1 DAGs
[2026-09-05T17:53:41.858+0000] {logging_mixin.py:188} INFO - [2026-09-05T17:53:41.857+0000] {dag.py:3954} INFO - Setting next_dagrun for process_silver_layer to None, run_after=None
[2026-09-05T17:53:41.899+0000] {processor.py:183} INFO - Processing /opt/airflow/dags/silver_processing_dag.py took 0.194 seconds
[2026-09-05T17:54:12.291+0000] {processor.py:161} INFO - Started process (PID=585) to work on /opt/airflow/dags/silver_processing_dag.py
[2026-09-05T17:54:12.294+0000] {processor.py:830} INFO - Processing file /opt/airflow/dags/silver_processing_dag.py for tasks to queue
[2026-09-05T17:54:12.301+0000] {logging_mixin.py:188} INFO - [2026-09-05T17:54:12.300+0000] {dagbag.py:545} INFO - Filling up the DagBag from /opt/airflow/dags/silver_processing_dag.py
[2026-09-05T17:54:12.344+0000] {processor.py:840} INFO - DAG(s) 'process_silver_layer' retrieved from /opt/airflow/dags/silver_processing_dag.py
[2026-09-05T17:54:12.394+0000] {logging_mixin.py:188} INFO - [2026-09-05T17:54:12.394+0000] {dag.py:3096} INFO - Sync 1 DAGs
[2026-09-05T17:54:12.427+0000] {logging_mixin.py:188} INFO - [2026-09-05T17:54:12.426+0000] {dag.py:3954} INFO - Setting next_dagrun for process_silver_layer to None, run_after=None
[2026-09-05T17:54:12.471+0000] {processor.py:183} INFO - Processing /opt/airflow/dags/silver_processing_dag.py took 0.197 seconds
[2026-09-05T17:54:42.925+0000] {processor.py:161} INFO - Started process (PID=600) to work on /opt/airflow/dags/silver_processing_dag.py
[2026-09-05T17:54:42.928+0000] {processor.py:830} INFO - Processing file /opt/airflow/dags/silver_processing_dag.py for tasks to queue
[2026-09-05T17:54:42.936+0000] {logging_mixin.py:188} INFO - [2026-09-05T17:54:42.935+0000] {dagbag.py:545} INFO - Filling up the DagBag from /opt/airflow/dags/silver_processing_dag.py
[2026-09-05T17:54:42.996+0000] {processor.py:840} INFO - DAG(s) 'process_silver_layer' retrieved from /opt/airflow/dags/silver_processing_dag.py
[2026-09-05T17:54:43.056+0000] {logging_mixin.py:188} INFO - [2026-09-05T17:54:43.055+0000] {dag.py:3096} INFO - Sync 1 DAGs
[2026-09-05T17:54:43.086+0000] {logging_mixin.py:188} INFO - [2026-09-05T17:54:43.085+0000] {dag.py:3954} INFO - Setting next_dagrun for process_silver_layer to None, run_after=None
[2026-09-05T17:54:43.128+0000] {processor.py:183} INFO - Processing /opt/airflow/dags/silver_processing_dag.py took 0.227 seconds
[2026-09-05T17:55:13.632+0000] {processor.py:161} INFO - Started process (PID=615) to work on /opt/airflow/dags/silver_processing_dag.py
[2026-09-05T17:55:13.635+0000] {processor.py:830} INFO - Processing file /opt/airflow/dags/silver_processing_dag.py for tasks to queue
[2026-09-05T17:55:13.640+0000] {logging_mixin.py:188} INFO - [2026-09-05T17:55:13.640+0000] {dagbag.py:545} INFO - Filling up the DagBag from /opt/airflow/dags/silver_processing_dag.py
[2026-09-05T17:55:13.685+0000] {processor.py:840} INFO - DAG(s) 'process_silver_layer' retrieved from /opt/airflow/dags/silver_processing_dag.py
[2026-09-05T17:55:13.738+0000] {logging_mixin.py:188} INFO - [2026-09-05T17:55:13.737+0000] {dag.py:3096} INFO - Sync 1 DAGs
[2026-09-05T17:55:13.770+0000] {logging_mixin.py:188} INFO - [2026-09-05T17:55:13.770+0000] {dag.py:3954} INFO - Setting next_dagrun for process_silver_layer to None, run_after=None
[2026-09-05T17:55:13.816+0000] {processor.py:183} INFO - Processing /opt/airflow/dags/silver_processing_dag.py took 0.199 seconds
[2026-09-05T17:55:44.212+0000] {processor.py:161} INFO - Started process (PID=630) to work on /opt/airflow/dags/silver_processing_dag.py
[2026-09-05T17:55:44.215+0000] {processor.py:830} INFO - Processing file /opt/airflow/dags/silver_processing_dag.py for tasks to queue
[2026-09-05T17:55:44.221+0000] {logging_mixin.py:188} INFO - [2026-09-05T17:55:44.220+0000] {dagbag.py:545} INFO - Filling up the DagBag from /opt/airflow/dags/silver_processing_dag.py
[2026-09-05T17:55:44.268+0000] {processor.py:840} INFO - DAG(s) 'process_silver_layer' retrieved from /opt/airflow/dags/silver_processing_dag.py
[2026-09-05T17:55:44.322+0000] {logging_mixin.py:188} INFO - [2026-09-05T17:55:44.321+0000] {dag.py:3096} INFO - Sync 1 DAGs
[2026-09-05T17:55:44.361+0000] {logging_mixin.py:188} INFO - [2026-09-05T17:55:44.360+0000] {dag.py:3954} INFO - Setting next_dagrun for process_silver_layer to None, run_after=None
[2026-09-05T17:55:44.424+0000] {processor.py:183} INFO - Processing /opt/airflow/dags/silver_processing_dag.py took 0.230 seconds
[2026-09-05T17:56:14.875+0000] {processor.py:161} INFO - Started process (PID=645) to work on /opt/airflow/dags/silver_processing_dag.py
[2026-09-05T17:56:14.877+0000] {processor.py:830} INFO - Processing file /opt/airflow/dags/silver_processing_dag.py for tasks to queue
[2026-09-05T17:56:14.883+0000] {logging_mixin.py:188} INFO - [2026-09-05T17:56:14.882+0000] {dagbag.py:545} INFO - Filling up the DagBag from /opt/airflow/dags/silver_processing_dag.py
[2026-09-05T17:56:14.933+0000] {processor.py:840} INFO - DAG(s) 'process_silver_layer' retrieved from /opt/airflow/dags/silver_processing_dag.py
[2026-09-05T17:56:14.991+0000] {logging_mixin.py:188} INFO - [2026-09-05T17:56:14.991+0000] {dag.py:3096} INFO - Sync 1 DAGs
[2026-09-05T17:56:15.022+0000] {logging_mixin.py:188} INFO - [2026-09-05T17:56:15.022+0000] {dag.py:3954} INFO - Setting next_dagrun for process_silver_layer to None, run_after=None
[2026-09-05T17:56:15.071+0000] {processor.py:183} INFO - Processing /opt/airflow/dags/silver_processing_dag.py took 0.219 seconds
[2026-09-05T17:56:45.469+0000] {processor.py:161} INFO - Started process (PID=660) to work on /opt/airflow/dags/silver_processing_dag.py
[2026-09-05T17:56:45.471+0000] {processor.py:830} INFO - Processing file /opt/airflow/dags/silver_processing_dag.py for tasks to queue
[2026-09-05T17:56:45.480+0000] {logging_mixin.py:188} INFO - [2026-09-05T17:56:45.479+0000] {dagbag.py:545} INFO - Filling up the DagBag from /opt/airflow/dags/silver_processing_dag.py
[2026-09-05T17:56:45.522+0000] {processor.py:840} INFO - DAG(s) 'process_silver_layer' retrieved from /opt/airflow/dags/silver_processing_dag.py
[2026-09-05T17:56:45.587+0000] {logging_mixin.py:188} INFO - [2026-09-05T17:56:45.586+0000] {dag.py:3096} INFO - Sync 1 DAGs
[2026-09-05T17:56:45.633+0000] {logging_mixin.py:188} INFO - [2026-09-05T17:56:45.633+0000] {dag.py:3954} INFO - Setting next_dagrun for process_silver_layer to None, run_after=None
[2026-09-05T17:56:45.686+0000] {processor.py:183} INFO - Processing /opt/airflow/dags/silver_processing_dag.py took 0.232 seconds
[2026-09-05T17:57:16.078+0000] {processor.py:161} INFO - Started process (PID=675) to work on /opt/airflow/dags/silver_processing_dag.py
[2026-09-05T17:57:16.081+0000] {processor.py:830} INFO - Processing file /opt/airflow/dags/silver_processing_dag.py for tasks to queue
[2026-09-05T17:57:16.089+0000] {logging_mixin.py:188} INFO - [2026-09-05T17:57:16.089+0000] {dagbag.py:545} INFO - Filling up the DagBag from /opt/airflow/dags/silver_processing_dag.py
[2026-09-05T17:57:16.133+0000] {processor.py:840} INFO - DAG(s) 'process_silver_layer' retrieved from /opt/airflow/dags/silver_processing_dag.py
[2026-09-05T17:57:16.184+0000] {logging_mixin.py:188} INFO - [2026-09-05T17:57:16.183+0000] {dag.py:3096} INFO - Sync 1 DAGs
[2026-09-05T17:57:16.220+0000] {logging_mixin.py:188} INFO - [2026-09-05T17:57:16.220+0000] {dag.py:3954} INFO - Setting next_dagrun for process_silver_layer to None, run_after=None
[2026-09-05T17:57:16.263+0000] {processor.py:183} INFO - Processing /opt/airflow/dags/silver_processing_dag.py took 0.199 seconds
[2026-09-05T17:57:46.661+0000] {processor.py:161} INFO - Started process (PID=690) to work on /opt/airflow/dags/silver_processing_dag.py
[2026-09-05T17:57:46.664+0000] {processor.py:830} INFO - Processing file /opt/airflow/dags/silver_processing_dag.py for tasks to queue
[2026-09-05T17:57:46.671+0000] {logging_mixin.py:188} INFO - [2026-09-05T17:57:46.670+0000] {dagbag.py:545} INFO - Filling up the DagBag from /opt/airflow/dags/silver_processing_dag.py
[2026-09-05T17:57:46.715+0000] {processor.py:840} INFO - DAG(s) 'process_silver_layer' retrieved from /opt/airflow/dags/silver_processing_dag.py
[2026-09-05T17:57:46.774+0000] {logging_mixin.py:188} INFO - [2026-09-05T17:57:46.773+0000] {dag.py:3096} INFO - Sync 1 DAGs
[2026-09-05T17:57:46.814+0000] {logging_mixin.py:188} INFO - [2026-09-05T17:57:46.814+0000] {dag.py:3954} INFO - Setting next_dagrun for process_silver_layer to None, run_after=None
[2026-09-05T17:57:46.858+0000] {processor.py:183} INFO - Processing /opt/airflow/dags/silver_processing_dag.py took 0.213 seconds
[2026-09-05T17:58:17.261+0000] {processor.py:161} INFO - Started process (PID=705) to work on /opt/airflow/dags/silver_processing_dag.py
[2026-09-05T17:58:17.263+0000] {processor.py:830} INFO - Processing file /opt/airflow/dags/silver_processing_dag.py for tasks to queue
[2026-09-05T17:58:17.269+0000] {logging_mixin.py:188} INFO - [2026-09-05T17:58:17.269+0000] {dagbag.py:545} INFO - Filling up the DagBag from /opt/airflow/dags/silver_processing_dag.py
[2026-09-05T17:58:17.314+0000] {processor.py:840} INFO - DAG(s) 'process_silver_layer' retrieved from /opt/airflow/dags/silver_processing_dag.py
[2026-09-05T17:58:17.366+0000] {logging_mixin.py:188} INFO - [2026-09-05T17:58:17.365+0000] {dag.py:3096} INFO - Sync 1 DAGs
[2026-09-05T17:58:17.400+0000] {logging_mixin.py:188} INFO - [2026-09-05T17:58:17.400+0000] {dag.py:3954} INFO - Setting next_dagrun for process_silver_layer to None, run_after=None
[2026-09-05T17:58:17.437+0000] {processor.py:183} INFO - Processing /opt/airflow/dags/silver_processing_dag.py took 0.192 seconds
[2026-09-05T17:58:47.919+0000] {processor.py:161} INFO - Started process (PID=720) to work on /opt/airflow/dags/silver_processing_dag.py
[2026-09-05T17:58:47.923+0000] {processor.py:830} INFO - Processing file /opt/airflow/dags/silver_processing_dag.py for tasks to queue
[2026-09-05T17:58:47.932+0000] {logging_mixin.py:188} INFO - [2026-09-05T17:58:47.931+0000] {dagbag.py:545} INFO - Filling up the DagBag from /opt/airflow/dags/silver_processing_dag.py
[2026-09-05T17:58:47.984+0000] {processor.py:840} INFO - DAG(s) 'process_silver_layer' retrieved from /opt/airflow/dags/silver_processing_dag.py
[2026-09-05T17:58:48.038+0000] {logging_mixin.py:188} INFO - [2026-09-05T17:58:48.037+0000] {dag.py:3096} INFO - Sync 1 DAGs
[2026-09-05T17:58:48.071+0000] {logging_mixin.py:188} INFO - [2026-09-05T17:58:48.070+0000] {dag.py:3954} INFO - Setting next_dagrun for process_silver_layer to None, run_after=None
[2026-09-05T17:58:48.111+0000] {processor.py:183} INFO - Processing /opt/airflow/dags/silver_processing_dag.py took 0.211 seconds
[2026-09-05T17:59:18.503+0000] {processor.py:161} INFO - Started process (PID=735) to work on /opt/airflow/dags/silver_processing_dag.py
[2026-09-05T17:59:18.506+0000] {processor.py:830} INFO - Processing file /opt/airflow/dags/silver_processing_dag.py for tasks to queue
[2026-09-05T17:59:18.513+0000] {logging_mixin.py:188} INFO - [2026-09-05T17:59:18.512+0000] {dagbag.py:545} INFO - Filling up the DagBag from /opt/airflow/dags/silver_processing_dag.py
[2026-09-05T17:59:18.559+0000] {processor.py:840} INFO - DAG(s) 'process_silver_layer' retrieved from /opt/airflow/dags/silver_processing_dag.py
[2026-09-05T17:59:18.631+0000] {logging_mixin.py:188} INFO - [2026-09-05T17:59:18.630+0000] {dag.py:3096} INFO - Sync 1 DAGs
[2026-09-05T17:59:18.689+0000] {logging_mixin.py:188} INFO - [2026-09-05T17:59:18.688+0000] {dag.py:3954} INFO - Setting next_dagrun for process_silver_layer to None, run_after=None
[2026-09-05T17:59:18.745+0000] {processor.py:183} INFO - Processing /opt/airflow/dags/silver_processing_dag.py took 0.258 seconds
[2026-09-05T17:59:49.142+0000] {processor.py:161} INFO - Started process (PID=750) to work on /opt/airflow/dags/silver_processing_dag.py
[2026-09-05T17:59:49.144+0000] {processor.py:830} INFO - Processing file /opt/airflow/dags/silver_processing_dag.py for tasks to queue
[2026-09-05T17:59:49.151+0000] {logging_mixin.py:188} INFO - [2026-09-05T17:59:49.150+0000] {dagbag.py:545} INFO - Filling up the DagBag from /opt/airflow/dags/silver_processing_dag.py
[2026-09-05T17:59:49.195+0000] {processor.py:840} INFO - DAG(s) 'process_silver_layer' retrieved from /opt/airflow/dags/silver_processing_dag.py
[2026-09-05T17:59:49.243+0000] {logging_mixin.py:188} INFO - [2026-09-05T17:59:49.243+0000] {dag.py:3096} INFO - Sync 1 DAGs
[2026-09-05T17:59:49.280+0000] {logging_mixin.py:188} INFO - [2026-09-05T17:59:49.279+0000] {dag.py:3954} INFO - Setting next_dagrun for process_silver_layer to None, run_after=None
[2026-09-05T17:59:49.341+0000] {processor.py:183} INFO - Processing /opt/airflow/dags/silver_processing_dag.py took 0.215 seconds
[2026-09-05T18:00:19.760+0000] {processor.py:161} INFO - Started process (PID=769) to work on /opt/airflow/dags/silver_processing_dag.py
[2026-09-05T18:00:19.763+0000] {processor.py:830} INFO - Processing file /opt/airflow/dags/silver_processing_dag.py for tasks to queue
[2026-09-05T18:00:19.769+0000] {logging_mixin.py:188} INFO - [2026-09-05T18:00:19.768+0000] {dagbag.py:545} INFO - Filling up the DagBag from /opt/airflow/dags/silver_processing_dag.py
[2026-09-05T18:00:19.808+0000] {processor.py:840} INFO - DAG(s) 'process_silver_layer' retrieved from /opt/airflow/dags/silver_processing_dag.py
[2026-09-05T18:00:19.866+0000] {logging_mixin.py:188} INFO - [2026-09-05T18:00:19.866+0000] {dag.py:3096} INFO - Sync 1 DAGs
[2026-09-05T18:00:19.904+0000] {logging_mixin.py:188} INFO - [2026-09-05T18:00:19.903+0000] {dag.py:3954} INFO - Setting next_dagrun for process_silver_layer to None, run_after=None
[2026-09-05T18:00:19.946+0000] {processor.py:183} INFO - Processing /opt/airflow/dags/silver_processing_dag.py took 0.202 seconds
[2026-09-05T18:00:50.448+0000] {processor.py:161} INFO - Started process (PID=784) to work on /opt/airflow/dags/silver_processing_dag.py
[2026-09-05T18:00:50.451+0000] {processor.py:830} INFO - Processing file /opt/airflow/dags/silver_processing_dag.py for tasks to queue
[2026-09-05T18:00:50.457+0000] {logging_mixin.py:188} INFO - [2026-09-05T18:00:50.456+0000] {dagbag.py:545} INFO - Filling up the DagBag from /opt/airflow/dags/silver_processing_dag.py
[2026-09-05T18:00:50.501+0000] {processor.py:840} INFO - DAG(s) 'process_silver_layer' retrieved from /opt/airflow/dags/silver_processing_dag.py
[2026-09-05T18:00:50.560+0000] {logging_mixin.py:188} INFO - [2026-09-05T18:00:50.560+0000] {dag.py:3096} INFO - Sync 1 DAGs
[2026-09-05T18:00:50.596+0000] {logging_mixin.py:188} INFO - [2026-09-05T18:00:50.595+0000] {dag.py:3954} INFO - Setting next_dagrun for process_silver_layer to None, run_after=None
[2026-09-05T18:00:50.641+0000] {processor.py:183} INFO - Processing /opt/airflow/dags/silver_processing_dag.py took 0.212 seconds
[2026-09-05T18:01:21.055+0000] {processor.py:161} INFO - Started process (PID=799) to work on /opt/airflow/dags/silver_processing_dag.py
[2026-09-05T18:01:21.059+0000] {processor.py:830} INFO - Processing file /opt/airflow/dags/silver_processing_dag.py for tasks to queue
[2026-09-05T18:01:21.065+0000] {logging_mixin.py:188} INFO - [2026-09-05T18:01:21.064+0000] {dagbag.py:545} INFO - Filling up the DagBag from /opt/airflow/dags/silver_processing_dag.py
[2026-09-05T18:01:21.107+0000] {processor.py:840} INFO - DAG(s) 'process_silver_layer' retrieved from /opt/airflow/dags/silver_processing_dag.py
[2026-09-05T18:01:21.160+0000] {logging_mixin.py:188} INFO - [2026-09-05T18:01:21.160+0000] {dag.py:3096} INFO - Sync 1 DAGs
[2026-09-05T18:01:21.195+0000] {logging_mixin.py:188} INFO - [2026-09-05T18:01:21.195+0000] {dag.py:3954} INFO - Setting next_dagrun for process_silver_layer to None, run_after=None
[2026-09-05T18:01:21.249+0000] {processor.py:183} INFO - Processing /opt/airflow/dags/silver_processing_dag.py took 0.227 seconds
[2026-09-05T18:01:51.650+0000] {processor.py:161} INFO - Started process (PID=814) to work on /opt/airflow/dags/silver_processing_dag.py
[2026-09-05T18:01:51.653+0000] {processor.py:830} INFO - Processing file /opt/airflow/dags/silver_processing_dag.py for tasks to queue
[2026-09-05T18:01:51.660+0000] {logging_mixin.py:188} INFO - [2026-09-05T18:01:51.659+0000] {dagbag.py:545} INFO - Filling up the DagBag from /opt/airflow/dags/silver_processing_dag.py
[2026-09-05T18:01:51.730+0000] {processor.py:840} INFO - DAG(s) 'process_silver_layer' retrieved from /opt/airflow/dags/silver_processing_dag.py
[2026-09-05T18:01:51.816+0000] {logging_mixin.py:188} INFO - [2026-09-05T18:01:51.815+0000] {dag.py:3096} INFO - Sync 1 DAGs
[2026-09-05T18:01:51.855+0000] {logging_mixin.py:188} INFO - [2026-09-05T18:01:51.854+0000] {dag.py:3954} INFO - Setting next_dagrun for process_silver_layer to None, run_after=None
[2026-09-05T18:01:51.920+0000] {processor.py:183} INFO - Processing /opt/airflow/dags/silver_processing_dag.py took 0.289 seconds
[2026-09-05T18:02:22.272+0000] {processor.py:161} INFO - Started process (PID=829) to work on /opt/airflow/dags/silver_processing_dag.py
[2026-09-05T18:02:22.277+0000] {processor.py:830} INFO - Processing file /opt/airflow/dags/silver_processing_dag.py for tasks to queue
[2026-09-05T18:02:22.282+0000] {logging_mixin.py:188} INFO - [2026-09-05T18:02:22.282+0000] {dagbag.py:545} INFO - Filling up the DagBag from /opt/airflow/dags/silver_processing_dag.py
[2026-09-05T18:02:22.326+0000] {processor.py:840} INFO - DAG(s) 'process_silver_layer' retrieved from /opt/airflow/dags/silver_processing_dag.py
[2026-09-05T18:02:22.387+0000] {logging_mixin.py:188} INFO - [2026-09-05T18:02:22.387+0000] {dag.py:3096} INFO - Sync 1 DAGs
[2026-09-05T18:02:22.416+0000] {logging_mixin.py:188} INFO - [2026-09-05T18:02:22.415+0000] {dag.py:3954} INFO - Setting next_dagrun for process_silver_layer to None, run_after=None
[2026-09-05T18:02:22.457+0000] {processor.py:183} INFO - Processing /opt/airflow/dags/silver_processing_dag.py took 0.203 seconds
[2026-09-05T18:02:52.860+0000] {processor.py:161} INFO - Started process (PID=844) to work on /opt/airflow/dags/silver_processing_dag.py
[2026-09-05T18:02:52.862+0000] {processor.py:830} INFO - Processing file /opt/airflow/dags/silver_processing_dag.py for tasks to queue
[2026-09-05T18:02:52.868+0000] {logging_mixin.py:188} INFO - [2026-09-05T18:02:52.867+0000] {dagbag.py:545} INFO - Filling up the DagBag from /opt/airflow/dags/silver_processing_dag.py
[2026-09-05T18:02:52.913+0000] {processor.py:840} INFO - DAG(s) 'process_silver_layer' retrieved from /opt/airflow/dags/silver_processing_dag.py
[2026-09-05T18:02:52.967+0000] {logging_mixin.py:188} INFO - [2026-09-05T18:02:52.967+0000] {dag.py:3096} INFO - Sync 1 DAGs
[2026-09-05T18:02:53.001+0000] {logging_mixin.py:188} INFO - [2026-09-05T18:02:53.000+0000] {dag.py:3954} INFO - Setting next_dagrun for process_silver_layer to None, run_after=None
[2026-09-05T18:02:53.049+0000] {processor.py:183} INFO - Processing /opt/airflow/dags/silver_processing_dag.py took 0.206 seconds
[2026-09-05T18:03:23.491+0000] {processor.py:161} INFO - Started process (PID=859) to work on /opt/airflow/dags/silver_processing_dag.py
[2026-09-05T18:03:23.494+0000] {processor.py:830} INFO - Processing file /opt/airflow/dags/silver_processing_dag.py for tasks to queue
[2026-09-05T18:03:23.500+0000] {logging_mixin.py:188} INFO - [2026-09-05T18:03:23.499+0000] {dagbag.py:545} INFO - Filling up the DagBag from /opt/airflow/dags/silver_processing_dag.py
[2026-09-05T18:03:23.544+0000] {processor.py:840} INFO - DAG(s) 'process_silver_layer' retrieved from /opt/airflow/dags/silver_processing_dag.py
[2026-09-05T18:03:23.597+0000] {logging_mixin.py:188} INFO - [2026-09-05T18:03:23.596+0000] {dag.py:3096} INFO - Sync 1 DAGs
[2026-09-05T18:03:23.622+0000] {logging_mixin.py:188} INFO - [2026-09-05T18:03:23.621+0000] {dag.py:3954} INFO - Setting next_dagrun for process_silver_layer to None, run_after=None
[2026-09-05T18:03:23.663+0000] {processor.py:183} INFO - Processing /opt/airflow/dags/silver_processing_dag.py took 0.189 seconds
[2026-09-05T18:03:54.057+0000] {processor.py:161} INFO - Started process (PID=874) to work on /opt/airflow/dags/silver_processing_dag.py
[2026-09-05T18:03:54.059+0000] {processor.py:830} INFO - Processing file /opt/airflow/dags/silver_processing_dag.py for tasks to queue
[2026-09-05T18:03:54.065+0000] {logging_mixin.py:188} INFO - [2026-09-05T18:03:54.064+0000] {dagbag.py:545} INFO - Filling up the DagBag from /opt/airflow/dags/silver_processing_dag.py
[2026-09-05T18:03:54.111+0000] {processor.py:840} INFO - DAG(s) 'process_silver_layer' retrieved from /opt/airflow/dags/silver_processing_dag.py
[2026-09-05T18:03:54.172+0000] {logging_mixin.py:188} INFO - [2026-09-05T18:03:54.172+0000] {dag.py:3096} INFO - Sync 1 DAGs
[2026-09-05T18:03:54.204+0000] {logging_mixin.py:188} INFO - [2026-09-05T18:03:54.204+0000] {dag.py:3954} INFO - Setting next_dagrun for process_silver_layer to None, run_after=None
[2026-09-05T18:03:54.257+0000] {processor.py:183} INFO - Processing /opt/airflow/dags/silver_processing_dag.py took 0.220 seconds
[2026-09-05T18:04:24.667+0000] {processor.py:161} INFO - Started process (PID=889) to work on /opt/airflow/dags/silver_processing_dag.py
[2026-09-05T18:04:24.673+0000] {processor.py:830} INFO - Processing file /opt/airflow/dags/silver_processing_dag.py for tasks to queue
[2026-09-05T18:04:24.679+0000] {logging_mixin.py:188} INFO - [2026-09-05T18:04:24.678+0000] {dagbag.py:545} INFO - Filling up the DagBag from /opt/airflow/dags/silver_processing_dag.py
[2026-09-05T18:04:24.719+0000] {processor.py:840} INFO - DAG(s) 'process_silver_layer' retrieved from /opt/airflow/dags/silver_processing_dag.py
[2026-09-05T18:04:24.773+0000] {logging_mixin.py:188} INFO - [2026-09-05T18:04:24.772+0000] {dag.py:3096} INFO - Sync 1 DAGs
[2026-09-05T18:04:24.804+0000] {logging_mixin.py:188} INFO - [2026-09-05T18:04:24.803+0000] {dag.py:3954} INFO - Setting next_dagrun for process_silver_layer to None, run_after=None
[2026-09-05T18:04:24.855+0000] {processor.py:183} INFO - Processing /opt/airflow/dags/silver_processing_dag.py took 0.205 seconds
[2026-09-05T18:04:55.340+0000] {processor.py:161} INFO - Started process (PID=904) to work on /opt/airflow/dags/silver_processing_dag.py
[2026-09-05T18:04:55.343+0000] {processor.py:830} INFO - Processing file /opt/airflow/dags/silver_processing_dag.py for tasks to queue
[2026-09-05T18:04:55.348+0000] {logging_mixin.py:188} INFO - [2026-09-05T18:04:55.348+0000] {dagbag.py:545} INFO - Filling up the DagBag from /opt/airflow/dags/silver_processing_dag.py
[2026-09-05T18:04:55.388+0000] {processor.py:840} INFO - DAG(s) 'process_silver_layer' retrieved from /opt/airflow/dags/silver_processing_dag.py
[2026-09-05T18:04:55.439+0000] {logging_mixin.py:188} INFO - [2026-09-05T18:04:55.439+0000] {dag.py:3096} INFO - Sync 1 DAGs
[2026-09-05T18:04:55.477+0000] {logging_mixin.py:188} INFO - [2026-09-05T18:04:55.476+0000] {dag.py:3954} INFO - Setting next_dagrun for process_silver_layer to None, run_after=None
[2026-09-05T18:04:55.524+0000] {processor.py:183} INFO - Processing /opt/airflow/dags/silver_processing_dag.py took 0.199 seconds
[2026-09-05T18:05:25.952+0000] {processor.py:161} INFO - Started process (PID=919) to work on /opt/airflow/dags/silver_processing_dag.py
[2026-09-05T18:05:25.954+0000] {processor.py:830} INFO - Processing file /opt/airflow/dags/silver_processing_dag.py for tasks to queue
[2026-09-05T18:05:25.960+0000] {logging_mixin.py:188} INFO - [2026-09-05T18:05:25.959+0000] {dagbag.py:545} INFO - Filling up the DagBag from /opt/airflow/dags/silver_processing_dag.py
[2026-09-05T18:05:26.003+0000] {processor.py:840} INFO - DAG(s) 'process_silver_layer' retrieved from /opt/airflow/dags/silver_processing_dag.py
[2026-09-05T18:05:26.061+0000] {logging_mixin.py:188} INFO - [2026-09-05T18:05:26.061+0000] {dag.py:3096} INFO - Sync 1 DAGs
[2026-09-05T18:05:26.092+0000] {logging_mixin.py:188} INFO - [2026-09-05T18:05:26.091+0000] {dag.py:3954} INFO - Setting next_dagrun for process_silver_layer to None, run_after=None
[2026-09-05T18:05:26.135+0000] {processor.py:183} INFO - Processing /opt/airflow/dags/silver_processing_dag.py took 0.202 seconds
[2026-09-05T18:05:56.530+0000] {processor.py:161} INFO - Started process (PID=934) to work on /opt/airflow/dags/silver_processing_dag.py
[2026-09-05T18:05:56.532+0000] {processor.py:830} INFO - Processing file /opt/airflow/dags/silver_processing_dag.py for tasks to queue
[2026-09-05T18:05:56.537+0000] {logging_mixin.py:188} INFO - [2026-09-05T18:05:56.536+0000] {dagbag.py:545} INFO - Filling up the DagBag from /opt/airflow/dags/silver_processing_dag.py
[2026-09-05T18:05:56.574+0000] {processor.py:840} INFO - DAG(s) 'process_silver_layer' retrieved from /opt/airflow/dags/silver_processing_dag.py
[2026-09-05T18:05:56.629+0000] {logging_mixin.py:188} INFO - [2026-09-05T18:05:56.628+0000] {dag.py:3096} INFO - Sync 1 DAGs
[2026-09-05T18:05:56.655+0000] {logging_mixin.py:188} INFO - [2026-09-05T18:05:56.654+0000] {dag.py:3954} INFO - Setting next_dagrun for process_silver_layer to None, run_after=None
[2026-09-05T18:05:56.707+0000] {processor.py:183} INFO - Processing /opt/airflow/dags/silver_processing_dag.py took 0.193 seconds
[2026-09-05T18:06:27.106+0000] {processor.py:161} INFO - Started process (PID=949) to work on /opt/airflow/dags/silver_processing_dag.py
[2026-09-05T18:06:27.109+0000] {processor.py:830} INFO - Processing file /opt/airflow/dags/silver_processing_dag.py for tasks to queue
[2026-09-05T18:06:27.115+0000] {logging_mixin.py:188} INFO - [2026-09-05T18:06:27.113+0000] {dagbag.py:545} INFO - Filling up the DagBag from /opt/airflow/dags/silver_processing_dag.py
[2026-09-05T18:06:27.157+0000] {processor.py:840} INFO - DAG(s) 'process_silver_layer' retrieved from /opt/airflow/dags/silver_processing_dag.py
[2026-09-05T18:06:27.212+0000] {logging_mixin.py:188} INFO - [2026-09-05T18:06:27.211+0000] {dag.py:3096} INFO - Sync 1 DAGs
[2026-09-05T18:06:27.242+0000] {logging_mixin.py:188} INFO - [2026-09-05T18:06:27.242+0000] {dag.py:3954} INFO - Setting next_dagrun for process_silver_layer to None, run_after=None
[2026-09-05T18:06:27.329+0000] {processor.py:183} INFO - Processing /opt/airflow/dags/silver_processing_dag.py took 0.242 seconds
[2026-09-05T18:06:57.738+0000] {processor.py:161} INFO - Started process (PID=964) to work on /opt/airflow/dags/silver_processing_dag.py
[2026-09-05T18:06:57.740+0000] {processor.py:830} INFO - Processing file /opt/airflow/dags/silver_processing_dag.py for tasks to queue
[2026-09-05T18:06:57.747+0000] {logging_mixin.py:188} INFO - [2026-09-05T18:06:57.746+0000] {dagbag.py:545} INFO - Filling up the DagBag from /opt/airflow/dags/silver_processing_dag.py
[2026-09-05T18:06:57.791+0000] {processor.py:840} INFO - DAG(s) 'process_silver_layer' retrieved from /opt/airflow/dags/silver_processing_dag.py
[2026-09-05T18:06:57.850+0000] {logging_mixin.py:188} INFO - [2026-09-05T18:06:57.849+0000] {dag.py:3096} INFO - Sync 1 DAGs
[2026-09-05T18:06:57.885+0000] {logging_mixin.py:188} INFO - [2026-09-05T18:06:57.885+0000] {dag.py:3954} INFO - Setting next_dagrun for process_silver_layer to None, run_after=None
[2026-09-05T18:06:57.927+0000] {processor.py:183} INFO - Processing /opt/airflow/dags/silver_processing_dag.py took 0.207 seconds
[2026-09-05T18:07:28.331+0000] {processor.py:161} INFO - Started process (PID=979) to work on /opt/airflow/dags/silver_processing_dag.py
[2026-09-05T18:07:28.334+0000] {processor.py:830} INFO - Processing file /opt/airflow/dags/silver_processing_dag.py for tasks to queue
[2026-09-05T18:07:28.339+0000] {logging_mixin.py:188} INFO - [2026-09-05T18:07:28.338+0000] {dagbag.py:545} INFO - Filling up the DagBag from /opt/airflow/dags/silver_processing_dag.py
[2026-09-05T18:07:28.383+0000] {processor.py:840} INFO - DAG(s) 'process_silver_layer' retrieved from /opt/airflow/dags/silver_processing_dag.py
[2026-09-05T18:07:28.438+0000] {logging_mixin.py:188} INFO - [2026-09-05T18:07:28.437+0000] {dag.py:3096} INFO - Sync 1 DAGs
[2026-09-05T18:07:28.470+0000] {logging_mixin.py:188} INFO - [2026-09-05T18:07:28.470+0000] {dag.py:3954} INFO - Setting next_dagrun for process_silver_layer to None, run_after=None
[2026-09-05T18:07:28.515+0000] {processor.py:183} INFO - Processing /opt/airflow/dags/silver_processing_dag.py took 0.198 seconds
[2026-09-05T18:07:58.897+0000] {processor.py:161} INFO - Started process (PID=994) to work on /opt/airflow/dags/silver_processing_dag.py
[2026-09-05T18:07:58.900+0000] {processor.py:830} INFO - Processing file /opt/airflow/dags/silver_processing_dag.py for tasks to queue
[2026-09-05T18:07:58.906+0000] {logging_mixin.py:188} INFO - [2026-09-05T18:07:58.906+0000] {dagbag.py:545} INFO - Filling up the DagBag from /opt/airflow/dags/silver_processing_dag.py
[2026-09-05T18:07:58.950+0000] {processor.py:840} INFO - DAG(s) 'process_silver_layer' retrieved from /opt/airflow/dags/silver_processing_dag.py
[2026-09-05T18:07:59.005+0000] {logging_mixin.py:188} INFO - [2026-09-05T18:07:59.005+0000] {dag.py:3096} INFO - Sync 1 DAGs
[2026-09-05T18:07:59.041+0000] {logging_mixin.py:188} INFO - [2026-09-05T18:07:59.040+0000] {dag.py:3954} INFO - Setting next_dagrun for process_silver_layer to None, run_after=None
[2026-09-05T18:07:59.083+0000] {processor.py:183} INFO - Processing /opt/airflow/dags/silver_processing_dag.py took 0.202 seconds
[2026-09-05T18:08:29.485+0000] {processor.py:161} INFO - Started process (PID=1009) to work on /opt/airflow/dags/silver_processing_dag.py
[2026-09-05T18:08:29.487+0000] {processor.py:830} INFO - Processing file /opt/airflow/dags/silver_processing_dag.py for tasks to queue
[2026-09-05T18:08:29.496+0000] {logging_mixin.py:188} INFO - [2026-09-05T18:08:29.495+0000] {dagbag.py:545} INFO - Filling up the DagBag from /opt/airflow/dags/silver_processing_dag.py
[2026-09-05T18:08:29.536+0000] {processor.py:840} INFO - DAG(s) 'process_silver_layer' retrieved from /opt/airflow/dags/silver_processing_dag.py
[2026-09-05T18:08:29.590+0000] {logging_mixin.py:188} INFO - [2026-09-05T18:08:29.589+0000] {dag.py:3096} INFO - Sync 1 DAGs
[2026-09-05T18:08:29.625+0000] {logging_mixin.py:188} INFO - [2026-09-05T18:08:29.625+0000] {dag.py:3954} INFO - Setting next_dagrun for process_silver_layer to None, run_after=None
[2026-09-05T18:08:29.665+0000] {processor.py:183} INFO - Processing /opt/airflow/dags/silver_processing_dag.py took 0.197 seconds
[2026-09-05T18:09:00.074+0000] {processor.py:161} INFO - Started process (PID=1024) to work on /opt/airflow/dags/silver_processing_dag.py
[2026-09-05T18:09:00.078+0000] {processor.py:830} INFO - Processing file /opt/airflow/dags/silver_processing_dag.py for tasks to queue
[2026-09-05T18:09:00.090+0000] {logging_mixin.py:188} INFO - [2026-09-05T18:09:00.089+0000] {dagbag.py:545} INFO - Filling up the DagBag from /opt/airflow/dags/silver_processing_dag.py
[2026-09-05T18:09:00.140+0000] {processor.py:840} INFO - DAG(s) 'process_silver_layer' retrieved from /opt/airflow/dags/silver_processing_dag.py
[2026-09-05T18:09:00.231+0000] {logging_mixin.py:188} INFO - [2026-09-05T18:09:00.230+0000] {dag.py:3096} INFO - Sync 1 DAGs
[2026-09-05T18:09:00.277+0000] {logging_mixin.py:188} INFO - [2026-09-05T18:09:00.277+0000] {dag.py:3954} INFO - Setting next_dagrun for process_silver_layer to None, run_after=None
[2026-09-05T18:09:00.351+0000] {processor.py:183} INFO - Processing /opt/airflow/dags/silver_processing_dag.py took 0.294 seconds
[2026-09-05T18:09:30.819+0000] {processor.py:161} INFO - Started process (PID=1039) to work on /opt/airflow/dags/silver_processing_dag.py
[2026-09-05T18:09:30.823+0000] {processor.py:830} INFO - Processing file /opt/airflow/dags/silver_processing_dag.py for tasks to queue
[2026-09-05T18:09:30.830+0000] {logging_mixin.py:188} INFO - [2026-09-05T18:09:30.829+0000] {dagbag.py:545} INFO - Filling up the DagBag from /opt/airflow/dags/silver_processing_dag.py
[2026-09-05T18:09:30.893+0000] {processor.py:840} INFO - DAG(s) 'process_silver_layer' retrieved from /opt/airflow/dags/silver_processing_dag.py
[2026-09-05T18:09:30.966+0000] {logging_mixin.py:188} INFO - [2026-09-05T18:09:30.966+0000] {dag.py:3096} INFO - Sync 1 DAGs
[2026-09-05T18:09:31.001+0000] {logging_mixin.py:188} INFO - [2026-09-05T18:09:31.000+0000] {dag.py:3954} INFO - Setting next_dagrun for process_silver_layer to None, run_after=None
[2026-09-05T18:09:31.043+0000] {processor.py:183} INFO - Processing /opt/airflow/dags/silver_processing_dag.py took 0.248 seconds
[2026-09-05T18:10:01.544+0000] {processor.py:161} INFO - Started process (PID=1054) to work on /opt/airflow/dags/silver_processing_dag.py
[2026-09-05T18:10:01.547+0000] {processor.py:830} INFO - Processing file /opt/airflow/dags/silver_processing_dag.py for tasks to queue
[2026-09-05T18:10:01.554+0000] {logging_mixin.py:188} INFO - [2026-09-05T18:10:01.553+0000] {dagbag.py:545} INFO - Filling up the DagBag from /opt/airflow/dags/silver_processing_dag.py
[2026-09-05T18:10:01.597+0000] {processor.py:840} INFO - DAG(s) 'process_silver_layer' retrieved from /opt/airflow/dags/silver_processing_dag.py
[2026-09-05T18:10:01.671+0000] {logging_mixin.py:188} INFO - [2026-09-05T18:10:01.670+0000] {dag.py:3096} INFO - Sync 1 DAGs
[2026-09-05T18:10:01.722+0000] {logging_mixin.py:188} INFO - [2026-09-05T18:10:01.721+0000] {dag.py:3954} INFO - Setting next_dagrun for process_silver_layer to None, run_after=None
[2026-09-05T18:10:01.778+0000] {processor.py:183} INFO - Processing /opt/airflow/dags/silver_processing_dag.py took 0.250 seconds
[2026-09-05T18:10:32.175+0000] {processor.py:161} INFO - Started process (PID=1069) to work on /opt/airflow/dags/silver_processing_dag.py
[2026-09-05T18:10:32.178+0000] {processor.py:830} INFO - Processing file /opt/airflow/dags/silver_processing_dag.py for tasks to queue
[2026-09-05T18:10:32.185+0000] {logging_mixin.py:188} INFO - [2026-09-05T18:10:32.184+0000] {dagbag.py:545} INFO - Filling up the DagBag from /opt/airflow/dags/silver_processing_dag.py
[2026-09-05T18:10:32.229+0000] {processor.py:840} INFO - DAG(s) 'process_silver_layer' retrieved from /opt/airflow/dags/silver_processing_dag.py
[2026-09-05T18:10:32.285+0000] {logging_mixin.py:188} INFO - [2026-09-05T18:10:32.285+0000] {dag.py:3096} INFO - Sync 1 DAGs
[2026-09-05T18:10:32.323+0000] {logging_mixin.py:188} INFO - [2026-09-05T18:10:32.323+0000] {dag.py:3954} INFO - Setting next_dagrun for process_silver_layer to None, run_after=None
[2026-09-05T18:10:32.368+0000] {processor.py:183} INFO - Processing /opt/airflow/dags/silver_processing_dag.py took 0.213 seconds
[2026-09-05T18:11:02.768+0000] {processor.py:161} INFO - Started process (PID=1084) to work on /opt/airflow/dags/silver_processing_dag.py
[2026-09-05T18:11:02.771+0000] {processor.py:830} INFO - Processing file /opt/airflow/dags/silver_processing_dag.py for tasks to queue
[2026-09-05T18:11:02.778+0000] {logging_mixin.py:188} INFO - [2026-09-05T18:11:02.777+0000] {dagbag.py:545} INFO - Filling up the DagBag from /opt/airflow/dags/silver_processing_dag.py
[2026-09-05T18:11:02.819+0000] {processor.py:840} INFO - DAG(s) 'process_silver_layer' retrieved from /opt/airflow/dags/silver_processing_dag.py
[2026-09-05T18:11:02.863+0000] {logging_mixin.py:188} INFO - [2026-09-05T18:11:02.863+0000] {dag.py:3096} INFO - Sync 1 DAGs
[2026-09-05T18:11:02.896+0000] {logging_mixin.py:188} INFO - [2026-09-05T18:11:02.896+0000] {dag.py:3954} INFO - Setting next_dagrun for process_silver_layer to None, run_after=None
[2026-09-05T18:11:02.951+0000] {processor.py:183} INFO - Processing /opt/airflow/dags/silver_processing_dag.py took 0.197 seconds
[2026-09-05T18:11:33.407+0000] {processor.py:161} INFO - Started process (PID=1099) to work on /opt/airflow/dags/silver_processing_dag.py
[2026-09-05T18:11:33.410+0000] {processor.py:830} INFO - Processing file /opt/airflow/dags/silver_processing_dag.py for tasks to queue
[2026-09-05T18:11:33.420+0000] {logging_mixin.py:188} INFO - [2026-09-05T18:11:33.419+0000] {dagbag.py:545} INFO - Filling up the DagBag from /opt/airflow/dags/silver_processing_dag.py
[2026-09-05T18:11:33.467+0000] {processor.py:840} INFO - DAG(s) 'process_silver_layer' retrieved from /opt/airflow/dags/silver_processing_dag.py
[2026-09-05T18:11:33.520+0000] {logging_mixin.py:188} INFO - [2026-09-05T18:11:33.519+0000] {dag.py:3096} INFO - Sync 1 DAGs
[2026-09-05T18:11:33.555+0000] {logging_mixin.py:188} INFO - [2026-09-05T18:11:33.555+0000] {dag.py:3954} INFO - Setting next_dagrun for process_silver_layer to None, run_after=None
[2026-09-05T18:11:33.597+0000] {processor.py:183} INFO - Processing /opt/airflow/dags/silver_processing_dag.py took 0.209 seconds
[2026-09-05T18:12:03.989+0000] {processor.py:161} INFO - Started process (PID=1114) to work on /opt/airflow/dags/silver_processing_dag.py
[2026-09-05T18:12:03.992+0000] {processor.py:830} INFO - Processing file /opt/airflow/dags/silver_processing_dag.py for tasks to queue
[2026-09-05T18:12:04.000+0000] {logging_mixin.py:188} INFO - [2026-09-05T18:12:03.997+0000] {dagbag.py:545} INFO - Filling up the DagBag from /opt/airflow/dags/silver_processing_dag.py
[2026-09-05T18:12:04.043+0000] {processor.py:840} INFO - DAG(s) 'process_silver_layer' retrieved from /opt/airflow/dags/silver_processing_dag.py
[2026-09-05T18:12:04.094+0000] {logging_mixin.py:188} INFO - [2026-09-05T18:12:04.094+0000] {dag.py:3096} INFO - Sync 1 DAGs
[2026-09-05T18:12:04.127+0000] {logging_mixin.py:188} INFO - [2026-09-05T18:12:04.126+0000] {dag.py:3954} INFO - Setting next_dagrun for process_silver_layer to None, run_after=None
[2026-09-05T18:12:04.166+0000] {processor.py:183} INFO - Processing /opt/airflow/dags/silver_processing_dag.py took 0.192 seconds
[2026-09-05T18:12:34.571+0000] {processor.py:161} INFO - Started process (PID=1129) to work on /opt/airflow/dags/silver_processing_dag.py
[2026-09-05T18:12:34.573+0000] {processor.py:830} INFO - Processing file /opt/airflow/dags/silver_processing_dag.py for tasks to queue
[2026-09-05T18:12:34.581+0000] {logging_mixin.py:188} INFO - [2026-09-05T18:12:34.580+0000] {dagbag.py:545} INFO - Filling up the DagBag from /opt/airflow/dags/silver_processing_dag.py
[2026-09-05T18:12:34.622+0000] {processor.py:840} INFO - DAG(s) 'process_silver_layer' retrieved from /opt/airflow/dags/silver_processing_dag.py
[2026-09-05T18:12:34.668+0000] {logging_mixin.py:188} INFO - [2026-09-05T18:12:34.667+0000] {dag.py:3096} INFO - Sync 1 DAGs
[2026-09-05T18:12:34.698+0000] {logging_mixin.py:188} INFO - [2026-09-05T18:12:34.698+0000] {dag.py:3954} INFO - Setting next_dagrun for process_silver_layer to None, run_after=None
[2026-09-05T18:12:34.741+0000] {processor.py:183} INFO - Processing /opt/airflow/dags/silver_processing_dag.py took 0.187 seconds
[2026-09-05T18:13:05.125+0000] {processor.py:161} INFO - Started process (PID=1144) to work on /opt/airflow/dags/silver_processing_dag.py
[2026-09-05T18:13:05.128+0000] {processor.py:830} INFO - Processing file /opt/airflow/dags/silver_processing_dag.py for tasks to queue
[2026-09-05T18:13:05.135+0000] {logging_mixin.py:188} INFO - [2026-09-05T18:13:05.134+0000] {dagbag.py:545} INFO - Filling up the DagBag from /opt/airflow/dags/silver_processing_dag.py
[2026-09-05T18:13:05.178+0000] {processor.py:840} INFO - DAG(s) 'process_silver_layer' retrieved from /opt/airflow/dags/silver_processing_dag.py
[2026-09-05T18:13:05.227+0000] {logging_mixin.py:188} INFO - [2026-09-05T18:13:05.227+0000] {dag.py:3096} INFO - Sync 1 DAGs
[2026-09-05T18:13:05.260+0000] {logging_mixin.py:188} INFO - [2026-09-05T18:13:05.260+0000] {dag.py:3954} INFO - Setting next_dagrun for process_silver_layer to None, run_after=None
[2026-09-05T18:13:05.304+0000] {processor.py:183} INFO - Processing /opt/airflow/dags/silver_processing_dag.py took 0.195 seconds
[2026-09-05T18:13:35.731+0000] {processor.py:161} INFO - Started process (PID=1159) to work on /opt/airflow/dags/silver_processing_dag.py
[2026-09-05T18:13:35.734+0000] {processor.py:830} INFO - Processing file /opt/airflow/dags/silver_processing_dag.py for tasks to queue
[2026-09-05T18:13:35.743+0000] {logging_mixin.py:188} INFO - [2026-09-05T18:13:35.742+0000] {dagbag.py:545} INFO - Filling up the DagBag from /opt/airflow/dags/silver_processing_dag.py
[2026-09-05T18:13:35.848+0000] {processor.py:840} INFO - DAG(s) 'process_silver_layer' retrieved from /opt/airflow/dags/silver_processing_dag.py
[2026-09-05T18:13:35.906+0000] {logging_mixin.py:188} INFO - [2026-09-05T18:13:35.906+0000] {dag.py:3096} INFO - Sync 1 DAGs
[2026-09-05T18:13:35.939+0000] {logging_mixin.py:188} INFO - [2026-09-05T18:13:35.939+0000] {dag.py:3954} INFO - Setting next_dagrun for process_silver_layer to None, run_after=None
[2026-09-05T18:13:35.984+0000] {processor.py:183} INFO - Processing /opt/airflow/dags/silver_processing_dag.py took 0.274 seconds
[2026-09-05T18:14:06.378+0000] {processor.py:161} INFO - Started process (PID=1174) to work on /opt/airflow/dags/silver_processing_dag.py
[2026-09-05T18:14:06.380+0000] {processor.py:830} INFO - Processing file /opt/airflow/dags/silver_processing_dag.py for tasks to queue
[2026-09-05T18:14:06.389+0000] {logging_mixin.py:188} INFO - [2026-09-05T18:14:06.385+0000] {dagbag.py:545} INFO - Filling up the DagBag from /opt/airflow/dags/silver_processing_dag.py
[2026-09-05T18:14:06.432+0000] {processor.py:840} INFO - DAG(s) 'process_silver_layer' retrieved from /opt/airflow/dags/silver_processing_dag.py
[2026-09-05T18:14:06.480+0000] {logging_mixin.py:188} INFO - [2026-09-05T18:14:06.480+0000] {dag.py:3096} INFO - Sync 1 DAGs
[2026-09-05T18:14:06.511+0000] {logging_mixin.py:188} INFO - [2026-09-05T18:14:06.510+0000] {dag.py:3954} INFO - Setting next_dagrun for process_silver_layer to None, run_after=None
[2026-09-05T18:14:06.559+0000] {processor.py:183} INFO - Processing /opt/airflow/dags/silver_processing_dag.py took 0.197 seconds
[2026-09-05T18:14:36.958+0000] {processor.py:161} INFO - Started process (PID=1189) to work on /opt/airflow/dags/silver_processing_dag.py
[2026-09-05T18:14:36.960+0000] {processor.py:830} INFO - Processing file /opt/airflow/dags/silver_processing_dag.py for tasks to queue
[2026-09-05T18:14:36.967+0000] {logging_mixin.py:188} INFO - [2026-09-05T18:14:36.966+0000] {dagbag.py:545} INFO - Filling up the DagBag from /opt/airflow/dags/silver_processing_dag.py
[2026-09-05T18:14:37.011+0000] {processor.py:840} INFO - DAG(s) 'process_silver_layer' retrieved from /opt/airflow/dags/silver_processing_dag.py
[2026-09-05T18:14:37.060+0000] {logging_mixin.py:188} INFO - [2026-09-05T18:14:37.060+0000] {dag.py:3096} INFO - Sync 1 DAGs
[2026-09-05T18:14:37.094+0000] {logging_mixin.py:188} INFO - [2026-09-05T18:14:37.093+0000] {dag.py:3954} INFO - Setting next_dagrun for process_silver_layer to None, run_after=None
[2026-09-05T18:14:37.139+0000] {processor.py:183} INFO - Processing /opt/airflow/dags/silver_processing_dag.py took 0.200 seconds
[2026-09-05T18:15:07.642+0000] {processor.py:161} INFO - Started process (PID=1204) to work on /opt/airflow/dags/silver_processing_dag.py
[2026-09-05T18:15:07.645+0000] {processor.py:830} INFO - Processing file /opt/airflow/dags/silver_processing_dag.py for tasks to queue
[2026-09-05T18:15:07.653+0000] {logging_mixin.py:188} INFO - [2026-09-05T18:15:07.652+0000] {dagbag.py:545} INFO - Filling up the DagBag from /opt/airflow/dags/silver_processing_dag.py
[2026-09-05T18:15:07.694+0000] {processor.py:840} INFO - DAG(s) 'process_silver_layer' retrieved from /opt/airflow/dags/silver_processing_dag.py
[2026-09-05T18:15:07.749+0000] {logging_mixin.py:188} INFO - [2026-09-05T18:15:07.748+0000] {dag.py:3096} INFO - Sync 1 DAGs
[2026-09-05T18:15:07.783+0000] {logging_mixin.py:188} INFO - [2026-09-05T18:15:07.782+0000] {dag.py:3954} INFO - Setting next_dagrun for process_silver_layer to None, run_after=None
[2026-09-05T18:15:07.826+0000] {processor.py:183} INFO - Processing /opt/airflow/dags/silver_processing_dag.py took 0.201 seconds
[2026-09-05T18:15:38.221+0000] {processor.py:161} INFO - Started process (PID=1219) to work on /opt/airflow/dags/silver_processing_dag.py
[2026-09-05T18:15:38.223+0000] {processor.py:830} INFO - Processing file /opt/airflow/dags/silver_processing_dag.py for tasks to queue
[2026-09-05T18:15:38.230+0000] {logging_mixin.py:188} INFO - [2026-09-05T18:15:38.230+0000] {dagbag.py:545} INFO - Filling up the DagBag from /opt/airflow/dags/silver_processing_dag.py
[2026-09-05T18:15:38.273+0000] {processor.py:840} INFO - DAG(s) 'process_silver_layer' retrieved from /opt/airflow/dags/silver_processing_dag.py
[2026-09-05T18:15:38.329+0000] {logging_mixin.py:188} INFO - [2026-09-05T18:15:38.328+0000] {dag.py:3096} INFO - Sync 1 DAGs
[2026-09-05T18:15:38.365+0000] {logging_mixin.py:188} INFO - [2026-09-05T18:15:38.364+0000] {dag.py:3954} INFO - Setting next_dagrun for process_silver_layer to None, run_after=None
[2026-09-05T18:15:38.405+0000] {processor.py:183} INFO - Processing /opt/airflow/dags/silver_processing_dag.py took 0.202 seconds
[2026-09-05T18:16:08.832+0000] {processor.py:161} INFO - Started process (PID=1234) to work on /opt/airflow/dags/silver_processing_dag.py
[2026-09-05T18:16:08.835+0000] {processor.py:830} INFO - Processing file /opt/airflow/dags/silver_processing_dag.py for tasks to queue
[2026-09-05T18:16:08.841+0000] {logging_mixin.py:188} INFO - [2026-09-05T18:16:08.840+0000] {dagbag.py:545} INFO - Filling up the DagBag from /opt/airflow/dags/silver_processing_dag.py
[2026-09-05T18:16:08.885+0000] {processor.py:840} INFO - DAG(s) 'process_silver_layer' retrieved from /opt/airflow/dags/silver_processing_dag.py
[2026-09-05T18:16:08.937+0000] {logging_mixin.py:188} INFO - [2026-09-05T18:16:08.937+0000] {dag.py:3096} INFO - Sync 1 DAGs
[2026-09-05T18:16:08.975+0000] {logging_mixin.py:188} INFO - [2026-09-05T18:16:08.975+0000] {dag.py:3954} INFO - Setting next_dagrun for process_silver_layer to None, run_after=None
[2026-09-05T18:16:09.018+0000] {processor.py:183} INFO - Processing /opt/airflow/dags/silver_processing_dag.py took 0.203 seconds
[2026-09-05T18:16:39.423+0000] {processor.py:161} INFO - Started process (PID=1249) to work on /opt/airflow/dags/silver_processing_dag.py
[2026-09-05T18:16:39.426+0000] {processor.py:830} INFO - Processing file /opt/airflow/dags/silver_processing_dag.py for tasks to queue
[2026-09-05T18:16:39.431+0000] {logging_mixin.py:188} INFO - [2026-09-05T18:16:39.430+0000] {dagbag.py:545} INFO - Filling up the DagBag from /opt/airflow/dags/silver_processing_dag.py
[2026-09-05T18:16:39.477+0000] {processor.py:840} INFO - DAG(s) 'process_silver_layer' retrieved from /opt/airflow/dags/silver_processing_dag.py
[2026-09-05T18:16:39.536+0000] {logging_mixin.py:188} INFO - [2026-09-05T18:16:39.535+0000] {dag.py:3096} INFO - Sync 1 DAGs
[2026-09-05T18:16:39.570+0000] {logging_mixin.py:188} INFO - [2026-09-05T18:16:39.569+0000] {dag.py:3954} INFO - Setting next_dagrun for process_silver_layer to None, run_after=None
[2026-09-05T18:16:39.627+0000] {processor.py:183} INFO - Processing /opt/airflow/dags/silver_processing_dag.py took 0.222 seconds
[2026-09-05T18:17:10.063+0000] {processor.py:161} INFO - Started process (PID=1264) to work on /opt/airflow/dags/silver_processing_dag.py
[2026-09-05T18:17:10.066+0000] {processor.py:830} INFO - Processing file /opt/airflow/dags/silver_processing_dag.py for tasks to queue
[2026-09-05T18:17:10.073+0000] {logging_mixin.py:188} INFO - [2026-09-05T18:17:10.072+0000] {dagbag.py:545} INFO - Filling up the DagBag from /opt/airflow/dags/silver_processing_dag.py
[2026-09-05T18:17:10.116+0000] {processor.py:840} INFO - DAG(s) 'process_silver_layer' retrieved from /opt/airflow/dags/silver_processing_dag.py
[2026-09-05T18:17:10.170+0000] {logging_mixin.py:188} INFO - [2026-09-05T18:17:10.169+0000] {dag.py:3096} INFO - Sync 1 DAGs
[2026-09-05T18:17:10.198+0000] {logging_mixin.py:188} INFO - [2026-09-05T18:17:10.198+0000] {dag.py:3954} INFO - Setting next_dagrun for process_silver_layer to None, run_after=None
[2026-09-05T18:17:10.250+0000] {processor.py:183} INFO - Processing /opt/airflow/dags/silver_processing_dag.py took 0.214 seconds
[2026-09-05T18:17:40.654+0000] {processor.py:161} INFO - Started process (PID=1279) to work on /opt/airflow/dags/silver_processing_dag.py
[2026-09-05T18:17:40.657+0000] {processor.py:830} INFO - Processing file /opt/airflow/dags/silver_processing_dag.py for tasks to queue
[2026-09-05T18:17:40.662+0000] {logging_mixin.py:188} INFO - [2026-09-05T18:17:40.661+0000] {dagbag.py:545} INFO - Filling up the DagBag from /opt/airflow/dags/silver_processing_dag.py
[2026-09-05T18:17:40.705+0000] {processor.py:840} INFO - DAG(s) 'process_silver_layer' retrieved from /opt/airflow/dags/silver_processing_dag.py
[2026-09-05T18:17:40.760+0000] {logging_mixin.py:188} INFO - [2026-09-05T18:17:40.760+0000] {dag.py:3096} INFO - Sync 1 DAGs
[2026-09-05T18:17:40.793+0000] {logging_mixin.py:188} INFO - [2026-09-05T18:17:40.793+0000] {dag.py:3954} INFO - Setting next_dagrun for process_silver_layer to None, run_after=None
[2026-09-05T18:17:40.836+0000] {processor.py:183} INFO - Processing /opt/airflow/dags/silver_processing_dag.py took 0.200 seconds
[2026-09-05T18:18:11.242+0000] {processor.py:161} INFO - Started process (PID=1294) to work on /opt/airflow/dags/silver_processing_dag.py
[2026-09-05T18:18:11.244+0000] {processor.py:830} INFO - Processing file /opt/airflow/dags/silver_processing_dag.py for tasks to queue
[2026-09-05T18:18:11.249+0000] {logging_mixin.py:188} INFO - [2026-09-05T18:18:11.248+0000] {dagbag.py:545} INFO - Filling up the DagBag from /opt/airflow/dags/silver_processing_dag.py
[2026-09-05T18:18:11.293+0000] {processor.py:840} INFO - DAG(s) 'process_silver_layer' retrieved from /opt/airflow/dags/silver_processing_dag.py
[2026-09-05T18:18:11.347+0000] {logging_mixin.py:188} INFO - [2026-09-05T18:18:11.347+0000] {dag.py:3096} INFO - Sync 1 DAGs
[2026-09-05T18:18:11.385+0000] {logging_mixin.py:188} INFO - [2026-09-05T18:18:11.384+0000] {dag.py:3954} INFO - Setting next_dagrun for process_silver_layer to None, run_after=None
[2026-09-05T18:18:11.486+0000] {processor.py:183} INFO - Processing /opt/airflow/dags/silver_processing_dag.py took 0.262 seconds
[2026-09-05T18:18:41.929+0000] {processor.py:161} INFO - Started process (PID=1309) to work on /opt/airflow/dags/silver_processing_dag.py
[2026-09-05T18:18:41.932+0000] {processor.py:830} INFO - Processing file /opt/airflow/dags/silver_processing_dag.py for tasks to queue
[2026-09-05T18:18:41.938+0000] {logging_mixin.py:188} INFO - [2026-09-05T18:18:41.937+0000] {dagbag.py:545} INFO - Filling up the DagBag from /opt/airflow/dags/silver_processing_dag.py
[2026-09-05T18:18:41.981+0000] {processor.py:840} INFO - DAG(s) 'process_silver_layer' retrieved from /opt/airflow/dags/silver_processing_dag.py
[2026-09-05T18:18:42.032+0000] {logging_mixin.py:188} INFO - [2026-09-05T18:18:42.032+0000] {dag.py:3096} INFO - Sync 1 DAGs
[2026-09-05T18:18:42.062+0000] {logging_mixin.py:188} INFO - [2026-09-05T18:18:42.062+0000] {dag.py:3954} INFO - Setting next_dagrun for process_silver_layer to None, run_after=None
[2026-09-05T18:18:42.110+0000] {processor.py:183} INFO - Processing /opt/airflow/dags/silver_processing_dag.py took 0.198 seconds
[2026-09-05T18:19:12.496+0000] {processor.py:161} INFO - Started process (PID=1324) to work on /opt/airflow/dags/silver_processing_dag.py
[2026-09-05T18:19:12.498+0000] {processor.py:830} INFO - Processing file /opt/airflow/dags/silver_processing_dag.py for tasks to queue
[2026-09-05T18:19:12.507+0000] {logging_mixin.py:188} INFO - [2026-09-05T18:19:12.506+0000] {dagbag.py:545} INFO - Filling up the DagBag from /opt/airflow/dags/silver_processing_dag.py
[2026-09-05T18:19:12.553+0000] {processor.py:840} INFO - DAG(s) 'process_silver_layer' retrieved from /opt/airflow/dags/silver_processing_dag.py
[2026-09-05T18:19:12.605+0000] {logging_mixin.py:188} INFO - [2026-09-05T18:19:12.604+0000] {dag.py:3096} INFO - Sync 1 DAGs
[2026-09-05T18:19:12.638+0000] {logging_mixin.py:188} INFO - [2026-09-05T18:19:12.638+0000] {dag.py:3954} INFO - Setting next_dagrun for process_silver_layer to None, run_after=None
[2026-09-05T18:19:12.685+0000] {processor.py:183} INFO - Processing /opt/airflow/dags/silver_processing_dag.py took 0.203 seconds
[2026-09-05T18:19:43.086+0000] {processor.py:161} INFO - Started process (PID=1339) to work on /opt/airflow/dags/silver_processing_dag.py
[2026-09-05T18:19:43.089+0000] {processor.py:830} INFO - Processing file /opt/airflow/dags/silver_processing_dag.py for tasks to queue
[2026-09-05T18:19:43.095+0000] {logging_mixin.py:188} INFO - [2026-09-05T18:19:43.094+0000] {dagbag.py:545} INFO - Filling up the DagBag from /opt/airflow/dags/silver_processing_dag.py
[2026-09-05T18:19:43.138+0000] {processor.py:840} INFO - DAG(s) 'process_silver_layer' retrieved from /opt/airflow/dags/silver_processing_dag.py
[2026-09-05T18:19:43.192+0000] {logging_mixin.py:188} INFO - [2026-09-05T18:19:43.192+0000] {dag.py:3096} INFO - Sync 1 DAGs
[2026-09-05T18:19:43.226+0000] {logging_mixin.py:188} INFO - [2026-09-05T18:19:43.225+0000] {dag.py:3954} INFO - Setting next_dagrun for process_silver_layer to None, run_after=None
[2026-09-05T18:19:43.271+0000] {processor.py:183} INFO - Processing /opt/airflow/dags/silver_processing_dag.py took 0.201 seconds
[2026-09-05T18:20:13.790+0000] {processor.py:161} INFO - Started process (PID=1354) to work on /opt/airflow/dags/silver_processing_dag.py
[2026-09-05T18:20:13.802+0000] {processor.py:830} INFO - Processing file /opt/airflow/dags/silver_processing_dag.py for tasks to queue
[2026-09-05T18:20:13.809+0000] {logging_mixin.py:188} INFO - [2026-09-05T18:20:13.808+0000] {dagbag.py:545} INFO - Filling up the DagBag from /opt/airflow/dags/silver_processing_dag.py
[2026-09-05T18:20:13.853+0000] {processor.py:840} INFO - DAG(s) 'process_silver_layer' retrieved from /opt/airflow/dags/silver_processing_dag.py
[2026-09-05T18:20:13.925+0000] {logging_mixin.py:188} INFO - [2026-09-05T18:20:13.924+0000] {dag.py:3096} INFO - Sync 1 DAGs
[2026-09-05T18:20:13.986+0000] {logging_mixin.py:188} INFO - [2026-09-05T18:20:13.985+0000] {dag.py:3954} INFO - Setting next_dagrun for process_silver_layer to None, run_after=None
[2026-09-05T18:20:14.049+0000] {processor.py:183} INFO - Processing /opt/airflow/dags/silver_processing_dag.py took 0.286 seconds
[2026-09-05T18:20:44.455+0000] {processor.py:161} INFO - Started process (PID=1369) to work on /opt/airflow/dags/silver_processing_dag.py
[2026-09-05T18:20:44.457+0000] {processor.py:830} INFO - Processing file /opt/airflow/dags/silver_processing_dag.py for tasks to queue
[2026-09-05T18:20:44.463+0000] {logging_mixin.py:188} INFO - [2026-09-05T18:20:44.463+0000] {dagbag.py:545} INFO - Filling up the DagBag from /opt/airflow/dags/silver_processing_dag.py
[2026-09-05T18:20:44.508+0000] {processor.py:840} INFO - DAG(s) 'process_silver_layer' retrieved from /opt/airflow/dags/silver_processing_dag.py
[2026-09-05T18:20:44.562+0000] {logging_mixin.py:188} INFO - [2026-09-05T18:20:44.562+0000] {dag.py:3096} INFO - Sync 1 DAGs
[2026-09-05T18:20:44.595+0000] {logging_mixin.py:188} INFO - [2026-09-05T18:20:44.595+0000] {dag.py:3954} INFO - Setting next_dagrun for process_silver_layer to None, run_after=None
[2026-09-05T18:20:44.638+0000] {processor.py:183} INFO - Processing /opt/airflow/dags/silver_processing_dag.py took 0.200 seconds
[2026-09-05T18:21:15.041+0000] {processor.py:161} INFO - Started process (PID=1384) to work on /opt/airflow/dags/silver_processing_dag.py
[2026-09-05T18:21:15.044+0000] {processor.py:830} INFO - Processing file /opt/airflow/dags/silver_processing_dag.py for tasks to queue
[2026-09-05T18:21:15.050+0000] {logging_mixin.py:188} INFO - [2026-09-05T18:21:15.049+0000] {dagbag.py:545} INFO - Filling up the DagBag from /opt/airflow/dags/silver_processing_dag.py
[2026-09-05T18:21:15.091+0000] {processor.py:840} INFO - DAG(s) 'process_silver_layer' retrieved from /opt/airflow/dags/silver_processing_dag.py
[2026-09-05T18:21:15.147+0000] {logging_mixin.py:188} INFO - [2026-09-05T18:21:15.147+0000] {dag.py:3096} INFO - Sync 1 DAGs
[2026-09-05T18:21:15.183+0000] {logging_mixin.py:188} INFO - [2026-09-05T18:21:15.183+0000] {dag.py:3954} INFO - Setting next_dagrun for process_silver_layer to None, run_after=None
[2026-09-05T18:21:15.232+0000] {processor.py:183} INFO - Processing /opt/airflow/dags/silver_processing_dag.py took 0.208 seconds
[2026-09-05T18:21:45.643+0000] {processor.py:161} INFO - Started process (PID=1399) to work on /opt/airflow/dags/silver_processing_dag.py
[2026-09-05T18:21:45.646+0000] {processor.py:830} INFO - Processing file /opt/airflow/dags/silver_processing_dag.py for tasks to queue
[2026-09-05T18:21:45.652+0000] {logging_mixin.py:188} INFO - [2026-09-05T18:21:45.651+0000] {dagbag.py:545} INFO - Filling up the DagBag from /opt/airflow/dags/silver_processing_dag.py
[2026-09-05T18:21:45.698+0000] {processor.py:840} INFO - DAG(s) 'process_silver_layer' retrieved from /opt/airflow/dags/silver_processing_dag.py
[2026-09-05T18:21:45.752+0000] {logging_mixin.py:188} INFO - [2026-09-05T18:21:45.752+0000] {dag.py:3096} INFO - Sync 1 DAGs
[2026-09-05T18:21:45.781+0000] {logging_mixin.py:188} INFO - [2026-09-05T18:21:45.781+0000] {dag.py:3954} INFO - Setting next_dagrun for process_silver_layer to None, run_after=None
[2026-09-05T18:21:45.827+0000] {processor.py:183} INFO - Processing /opt/airflow/dags/silver_processing_dag.py took 0.207 seconds
[2026-09-05T18:22:16.221+0000] {processor.py:161} INFO - Started process (PID=1414) to work on /opt/airflow/dags/silver_processing_dag.py
[2026-09-05T18:22:16.224+0000] {processor.py:830} INFO - Processing file /opt/airflow/dags/silver_processing_dag.py for tasks to queue
[2026-09-05T18:22:16.231+0000] {logging_mixin.py:188} INFO - [2026-09-05T18:22:16.230+0000] {dagbag.py:545} INFO - Filling up the DagBag from /opt/airflow/dags/silver_processing_dag.py
[2026-09-05T18:22:16.271+0000] {processor.py:840} INFO - DAG(s) 'process_silver_layer' retrieved from /opt/airflow/dags/silver_processing_dag.py
[2026-09-05T18:22:16.326+0000] {logging_mixin.py:188} INFO - [2026-09-05T18:22:16.326+0000] {dag.py:3096} INFO - Sync 1 DAGs
[2026-09-05T18:22:16.350+0000] {logging_mixin.py:188} INFO - [2026-09-05T18:22:16.350+0000] {dag.py:3954} INFO - Setting next_dagrun for process_silver_layer to None, run_after=None
[2026-09-05T18:22:16.399+0000] {processor.py:183} INFO - Processing /opt/airflow/dags/silver_processing_dag.py took 0.195 seconds
[2026-09-05T18:22:46.802+0000] {processor.py:161} INFO - Started process (PID=1429) to work on /opt/airflow/dags/silver_processing_dag.py
[2026-09-05T18:22:46.805+0000] {processor.py:830} INFO - Processing file /opt/airflow/dags/silver_processing_dag.py for tasks to queue
[2026-09-05T18:22:46.811+0000] {logging_mixin.py:188} INFO - [2026-09-05T18:22:46.810+0000] {dagbag.py:545} INFO - Filling up the DagBag from /opt/airflow/dags/silver_processing_dag.py
[2026-09-05T18:22:46.855+0000] {processor.py:840} INFO - DAG(s) 'process_silver_layer' retrieved from /opt/airflow/dags/silver_processing_dag.py
[2026-09-05T18:22:46.908+0000] {logging_mixin.py:188} INFO - [2026-09-05T18:22:46.907+0000] {dag.py:3096} INFO - Sync 1 DAGs
[2026-09-05T18:22:46.936+0000] {logging_mixin.py:188} INFO - [2026-09-05T18:22:46.936+0000] {dag.py:3954} INFO - Setting next_dagrun for process_silver_layer to None, run_after=None
[2026-09-05T18:22:47.008+0000] {processor.py:183} INFO - Processing /opt/airflow/dags/silver_processing_dag.py took 0.223 seconds
[2026-09-05T18:23:17.425+0000] {processor.py:161} INFO - Started process (PID=1444) to work on /opt/airflow/dags/silver_processing_dag.py
[2026-09-05T18:23:17.429+0000] {processor.py:830} INFO - Processing file /opt/airflow/dags/silver_processing_dag.py for tasks to queue
[2026-09-05T18:23:17.437+0000] {logging_mixin.py:188} INFO - [2026-09-05T18:23:17.436+0000] {dagbag.py:545} INFO - Filling up the DagBag from /opt/airflow/dags/silver_processing_dag.py
[2026-09-05T18:23:17.481+0000] {processor.py:840} INFO - DAG(s) 'process_silver_layer' retrieved from /opt/airflow/dags/silver_processing_dag.py
[2026-09-05T18:23:17.542+0000] {logging_mixin.py:188} INFO - [2026-09-05T18:23:17.541+0000] {dag.py:3096} INFO - Sync 1 DAGs
[2026-09-05T18:23:17.572+0000] {logging_mixin.py:188} INFO - [2026-09-05T18:23:17.571+0000] {dag.py:3954} INFO - Setting next_dagrun for process_silver_layer to None, run_after=None
[2026-09-05T18:23:17.616+0000] {processor.py:183} INFO - Processing /opt/airflow/dags/silver_processing_dag.py took 0.212 seconds
[2026-09-05T18:23:48.048+0000] {processor.py:161} INFO - Started process (PID=1459) to work on /opt/airflow/dags/silver_processing_dag.py
[2026-09-05T18:23:48.051+0000] {processor.py:830} INFO - Processing file /opt/airflow/dags/silver_processing_dag.py for tasks to queue
[2026-09-05T18:23:48.057+0000] {logging_mixin.py:188} INFO - [2026-09-05T18:23:48.057+0000] {dagbag.py:545} INFO - Filling up the DagBag from /opt/airflow/dags/silver_processing_dag.py
[2026-09-05T18:23:48.100+0000] {processor.py:840} INFO - DAG(s) 'process_silver_layer' retrieved from /opt/airflow/dags/silver_processing_dag.py
[2026-09-05T18:23:48.153+0000] {logging_mixin.py:188} INFO - [2026-09-05T18:23:48.152+0000] {dag.py:3096} INFO - Sync 1 DAGs
[2026-09-05T18:23:48.186+0000] {logging_mixin.py:188} INFO - [2026-09-05T18:23:48.185+0000] {dag.py:3954} INFO - Setting next_dagrun for process_silver_layer to None, run_after=None
[2026-09-05T18:23:48.229+0000] {processor.py:183} INFO - Processing /opt/airflow/dags/silver_processing_dag.py took 0.199 seconds
[2026-09-05T18:24:18.620+0000] {processor.py:161} INFO - Started process (PID=1474) to work on /opt/airflow/dags/silver_processing_dag.py
[2026-09-05T18:24:18.623+0000] {processor.py:830} INFO - Processing file /opt/airflow/dags/silver_processing_dag.py for tasks to queue
[2026-09-05T18:24:18.629+0000] {logging_mixin.py:188} INFO - [2026-09-05T18:24:18.628+0000] {dagbag.py:545} INFO - Filling up the DagBag from /opt/airflow/dags/silver_processing_dag.py
[2026-09-05T18:24:18.674+0000] {processor.py:840} INFO - DAG(s) 'process_silver_layer' retrieved from /opt/airflow/dags/silver_processing_dag.py
[2026-09-05T18:24:18.732+0000] {logging_mixin.py:188} INFO - [2026-09-05T18:24:18.731+0000] {dag.py:3096} INFO - Sync 1 DAGs
[2026-09-05T18:24:18.779+0000] {logging_mixin.py:188} INFO - [2026-09-05T18:24:18.776+0000] {dag.py:3954} INFO - Setting next_dagrun for process_silver_layer to None, run_after=None
[2026-09-05T18:24:18.867+0000] {processor.py:183} INFO - Processing /opt/airflow/dags/silver_processing_dag.py took 0.265 seconds
[2026-09-05T18:24:49.264+0000] {processor.py:161} INFO - Started process (PID=1489) to work on /opt/airflow/dags/silver_processing_dag.py
[2026-09-05T18:24:49.267+0000] {processor.py:830} INFO - Processing file /opt/airflow/dags/silver_processing_dag.py for tasks to queue
[2026-09-05T18:24:49.274+0000] {logging_mixin.py:188} INFO - [2026-09-05T18:24:49.273+0000] {dagbag.py:545} INFO - Filling up the DagBag from /opt/airflow/dags/silver_processing_dag.py
[2026-09-05T18:24:49.319+0000] {processor.py:840} INFO - DAG(s) 'process_silver_layer' retrieved from /opt/airflow/dags/silver_processing_dag.py
[2026-09-05T18:24:49.374+0000] {logging_mixin.py:188} INFO - [2026-09-05T18:24:49.373+0000] {dag.py:3096} INFO - Sync 1 DAGs
[2026-09-05T18:24:49.404+0000] {logging_mixin.py:188} INFO - [2026-09-05T18:24:49.404+0000] {dag.py:3954} INFO - Setting next_dagrun for process_silver_layer to None, run_after=None
[2026-09-05T18:24:49.456+0000] {processor.py:183} INFO - Processing /opt/airflow/dags/silver_processing_dag.py took 0.210 seconds
[2026-09-05T18:25:19.939+0000] {processor.py:161} INFO - Started process (PID=1504) to work on /opt/airflow/dags/silver_processing_dag.py
[2026-09-05T18:25:19.942+0000] {processor.py:830} INFO - Processing file /opt/airflow/dags/silver_processing_dag.py for tasks to queue
[2026-09-05T18:25:19.949+0000] {logging_mixin.py:188} INFO - [2026-09-05T18:25:19.948+0000] {dagbag.py:545} INFO - Filling up the DagBag from /opt/airflow/dags/silver_processing_dag.py
[2026-09-05T18:25:19.991+0000] {processor.py:840} INFO - DAG(s) 'process_silver_layer' retrieved from /opt/airflow/dags/silver_processing_dag.py
[2026-09-05T18:25:20.046+0000] {logging_mixin.py:188} INFO - [2026-09-05T18:25:20.045+0000] {dag.py:3096} INFO - Sync 1 DAGs
[2026-09-05T18:25:20.082+0000] {logging_mixin.py:188} INFO - [2026-09-05T18:25:20.081+0000] {dag.py:3954} INFO - Setting next_dagrun for process_silver_layer to None, run_after=None
[2026-09-05T18:25:20.123+0000] {processor.py:183} INFO - Processing /opt/airflow/dags/silver_processing_dag.py took 0.202 seconds
[2026-09-05T18:25:50.518+0000] {processor.py:161} INFO - Started process (PID=1519) to work on /opt/airflow/dags/silver_processing_dag.py
[2026-09-05T18:25:50.520+0000] {processor.py:830} INFO - Processing file /opt/airflow/dags/silver_processing_dag.py for tasks to queue
[2026-09-05T18:25:50.528+0000] {logging_mixin.py:188} INFO - [2026-09-05T18:25:50.527+0000] {dagbag.py:545} INFO - Filling up the DagBag from /opt/airflow/dags/silver_processing_dag.py
[2026-09-05T18:25:50.570+0000] {processor.py:840} INFO - DAG(s) 'process_silver_layer' retrieved from /opt/airflow/dags/silver_processing_dag.py
[2026-09-05T18:25:50.623+0000] {logging_mixin.py:188} INFO - [2026-09-05T18:25:50.622+0000] {dag.py:3096} INFO - Sync 1 DAGs
[2026-09-05T18:25:50.657+0000] {logging_mixin.py:188} INFO - [2026-09-05T18:25:50.657+0000] {dag.py:3954} INFO - Setting next_dagrun for process_silver_layer to None, run_after=None
[2026-09-05T18:25:50.704+0000] {processor.py:183} INFO - Processing /opt/airflow/dags/silver_processing_dag.py took 0.203 seconds
[2026-09-05T18:26:21.131+0000] {processor.py:161} INFO - Started process (PID=1534) to work on /opt/airflow/dags/silver_processing_dag.py
[2026-09-05T18:26:21.134+0000] {processor.py:830} INFO - Processing file /opt/airflow/dags/silver_processing_dag.py for tasks to queue
[2026-09-05T18:26:21.140+0000] {logging_mixin.py:188} INFO - [2026-09-05T18:26:21.139+0000] {dagbag.py:545} INFO - Filling up the DagBag from /opt/airflow/dags/silver_processing_dag.py
[2026-09-05T18:26:21.187+0000] {processor.py:840} INFO - DAG(s) 'process_silver_layer' retrieved from /opt/airflow/dags/silver_processing_dag.py
[2026-09-05T18:26:21.244+0000] {logging_mixin.py:188} INFO - [2026-09-05T18:26:21.243+0000] {dag.py:3096} INFO - Sync 1 DAGs
[2026-09-05T18:26:21.277+0000] {logging_mixin.py:188} INFO - [2026-09-05T18:26:21.277+0000] {dag.py:3954} INFO - Setting next_dagrun for process_silver_layer to None, run_after=None
[2026-09-05T18:26:21.320+0000] {processor.py:183} INFO - Processing /opt/airflow/dags/silver_processing_dag.py took 0.207 seconds
[2026-09-05T18:26:51.737+0000] {processor.py:161} INFO - Started process (PID=1549) to work on /opt/airflow/dags/silver_processing_dag.py
[2026-09-05T18:26:51.740+0000] {processor.py:830} INFO - Processing file /opt/airflow/dags/silver_processing_dag.py for tasks to queue
[2026-09-05T18:26:51.745+0000] {logging_mixin.py:188} INFO - [2026-09-05T18:26:51.744+0000] {dagbag.py:545} INFO - Filling up the DagBag from /opt/airflow/dags/silver_processing_dag.py
[2026-09-05T18:26:51.803+0000] {processor.py:840} INFO - DAG(s) 'process_silver_layer' retrieved from /opt/airflow/dags/silver_processing_dag.py
[2026-09-05T18:26:51.879+0000] {logging_mixin.py:188} INFO - [2026-09-05T18:26:51.878+0000] {dag.py:3096} INFO - Sync 1 DAGs
[2026-09-05T18:26:51.929+0000] {logging_mixin.py:188} INFO - [2026-09-05T18:26:51.928+0000] {dag.py:3954} INFO - Setting next_dagrun for process_silver_layer to None, run_after=None
[2026-09-05T18:26:51.992+0000] {processor.py:183} INFO - Processing /opt/airflow/dags/silver_processing_dag.py took 0.273 seconds
[2026-09-05T18:27:22.411+0000] {processor.py:161} INFO - Started process (PID=1564) to work on /opt/airflow/dags/silver_processing_dag.py
[2026-09-05T18:27:22.414+0000] {processor.py:830} INFO - Processing file /opt/airflow/dags/silver_processing_dag.py for tasks to queue
[2026-09-05T18:27:22.420+0000] {logging_mixin.py:188} INFO - [2026-09-05T18:27:22.419+0000] {dagbag.py:545} INFO - Filling up the DagBag from /opt/airflow/dags/silver_processing_dag.py
[2026-09-05T18:27:22.463+0000] {processor.py:840} INFO - DAG(s) 'process_silver_layer' retrieved from /opt/airflow/dags/silver_processing_dag.py
[2026-09-05T18:27:22.512+0000] {logging_mixin.py:188} INFO - [2026-09-05T18:27:22.511+0000] {dag.py:3096} INFO - Sync 1 DAGs
[2026-09-05T18:27:22.552+0000] {logging_mixin.py:188} INFO - [2026-09-05T18:27:22.552+0000] {dag.py:3954} INFO - Setting next_dagrun for process_silver_layer to None, run_after=None
[2026-09-05T18:27:22.596+0000] {processor.py:183} INFO - Processing /opt/airflow/dags/silver_processing_dag.py took 0.202 seconds
[2026-09-05T18:27:53.003+0000] {processor.py:161} INFO - Started process (PID=1579) to work on /opt/airflow/dags/silver_processing_dag.py
[2026-09-05T18:27:53.007+0000] {processor.py:830} INFO - Processing file /opt/airflow/dags/silver_processing_dag.py for tasks to queue
[2026-09-05T18:27:53.013+0000] {logging_mixin.py:188} INFO - [2026-09-05T18:27:53.012+0000] {dagbag.py:545} INFO - Filling up the DagBag from /opt/airflow/dags/silver_processing_dag.py
[2026-09-05T18:27:53.087+0000] {processor.py:840} INFO - DAG(s) 'process_silver_layer' retrieved from /opt/airflow/dags/silver_processing_dag.py
[2026-09-05T18:27:53.316+0000] {logging_mixin.py:188} INFO - [2026-09-05T18:27:53.315+0000] {dag.py:3096} INFO - Sync 1 DAGs
[2026-09-05T18:27:53.359+0000] {logging_mixin.py:188} INFO - [2026-09-05T18:27:53.359+0000] {dag.py:3954} INFO - Setting next_dagrun for process_silver_layer to None, run_after=None
[2026-09-05T18:27:53.420+0000] {processor.py:183} INFO - Processing /opt/airflow/dags/silver_processing_dag.py took 0.434 seconds
[2026-09-05T18:28:23.842+0000] {processor.py:161} INFO - Started process (PID=1594) to work on /opt/airflow/dags/silver_processing_dag.py
[2026-09-05T18:28:23.846+0000] {processor.py:830} INFO - Processing file /opt/airflow/dags/silver_processing_dag.py for tasks to queue
[2026-09-05T18:28:23.853+0000] {logging_mixin.py:188} INFO - [2026-09-05T18:28:23.852+0000] {dagbag.py:545} INFO - Filling up the DagBag from /opt/airflow/dags/silver_processing_dag.py
[2026-09-05T18:28:23.915+0000] {processor.py:840} INFO - DAG(s) 'process_silver_layer' retrieved from /opt/airflow/dags/silver_processing_dag.py
[2026-09-05T18:28:23.981+0000] {logging_mixin.py:188} INFO - [2026-09-05T18:28:23.980+0000] {dag.py:3096} INFO - Sync 1 DAGs
[2026-09-05T18:28:24.012+0000] {logging_mixin.py:188} INFO - [2026-09-05T18:28:24.011+0000] {dag.py:3954} INFO - Setting next_dagrun for process_silver_layer to None, run_after=None
[2026-09-05T18:28:24.060+0000] {processor.py:183} INFO - Processing /opt/airflow/dags/silver_processing_dag.py took 0.235 seconds
[2026-09-05T18:28:54.472+0000] {processor.py:161} INFO - Started process (PID=1609) to work on /opt/airflow/dags/silver_processing_dag.py
[2026-09-05T18:28:54.475+0000] {processor.py:830} INFO - Processing file /opt/airflow/dags/silver_processing_dag.py for tasks to queue
[2026-09-05T18:28:54.481+0000] {logging_mixin.py:188} INFO - [2026-09-05T18:28:54.480+0000] {dagbag.py:545} INFO - Filling up the DagBag from /opt/airflow/dags/silver_processing_dag.py
[2026-09-05T18:28:54.524+0000] {processor.py:840} INFO - DAG(s) 'process_silver_layer' retrieved from /opt/airflow/dags/silver_processing_dag.py
[2026-09-05T18:28:54.579+0000] {logging_mixin.py:188} INFO - [2026-09-05T18:28:54.578+0000] {dag.py:3096} INFO - Sync 1 DAGs
[2026-09-05T18:28:54.618+0000] {logging_mixin.py:188} INFO - [2026-09-05T18:28:54.618+0000] {dag.py:3954} INFO - Setting next_dagrun for process_silver_layer to None, run_after=None
[2026-09-05T18:28:54.663+0000] {processor.py:183} INFO - Processing /opt/airflow/dags/silver_processing_dag.py took 0.207 seconds
[2026-09-05T18:29:25.076+0000] {processor.py:161} INFO - Started process (PID=1624) to work on /opt/airflow/dags/silver_processing_dag.py
[2026-09-05T18:29:25.078+0000] {processor.py:830} INFO - Processing file /opt/airflow/dags/silver_processing_dag.py for tasks to queue
[2026-09-05T18:29:25.083+0000] {logging_mixin.py:188} INFO - [2026-09-05T18:29:25.082+0000] {dagbag.py:545} INFO - Filling up the DagBag from /opt/airflow/dags/silver_processing_dag.py
[2026-09-05T18:29:25.132+0000] {processor.py:840} INFO - DAG(s) 'process_silver_layer' retrieved from /opt/airflow/dags/silver_processing_dag.py
[2026-09-05T18:29:25.205+0000] {logging_mixin.py:188} INFO - [2026-09-05T18:29:25.204+0000] {dag.py:3096} INFO - Sync 1 DAGs
[2026-09-05T18:29:25.257+0000] {logging_mixin.py:188} INFO - [2026-09-05T18:29:25.257+0000] {dag.py:3954} INFO - Setting next_dagrun for process_silver_layer to None, run_after=None
[2026-09-05T18:29:25.326+0000] {processor.py:183} INFO - Processing /opt/airflow/dags/silver_processing_dag.py took 0.272 seconds
[2026-09-05T18:29:55.881+0000] {processor.py:161} INFO - Started process (PID=1639) to work on /opt/airflow/dags/silver_processing_dag.py
[2026-09-05T18:29:55.886+0000] {processor.py:830} INFO - Processing file /opt/airflow/dags/silver_processing_dag.py for tasks to queue
[2026-09-05T18:29:55.894+0000] {logging_mixin.py:188} INFO - [2026-09-05T18:29:55.893+0000] {dagbag.py:545} INFO - Filling up the DagBag from /opt/airflow/dags/silver_processing_dag.py
[2026-09-05T18:29:55.949+0000] {processor.py:840} INFO - DAG(s) 'process_silver_layer' retrieved from /opt/airflow/dags/silver_processing_dag.py
[2026-09-05T18:29:56.064+0000] {logging_mixin.py:188} INFO - [2026-09-05T18:29:56.063+0000] {dag.py:3096} INFO - Sync 1 DAGs
[2026-09-05T18:29:56.115+0000] {logging_mixin.py:188} INFO - [2026-09-05T18:29:56.114+0000] {dag.py:3954} INFO - Setting next_dagrun for process_silver_layer to None, run_after=None
[2026-09-05T18:29:56.192+0000] {processor.py:183} INFO - Processing /opt/airflow/dags/silver_processing_dag.py took 0.339 seconds
[2026-09-05T18:30:26.641+0000] {processor.py:161} INFO - Started process (PID=1654) to work on /opt/airflow/dags/silver_processing_dag.py
[2026-09-05T18:30:26.644+0000] {processor.py:830} INFO - Processing file /opt/airflow/dags/silver_processing_dag.py for tasks to queue
[2026-09-05T18:30:26.650+0000] {logging_mixin.py:188} INFO - [2026-09-05T18:30:26.650+0000] {dagbag.py:545} INFO - Filling up the DagBag from /opt/airflow/dags/silver_processing_dag.py
[2026-09-05T18:30:26.696+0000] {processor.py:840} INFO - DAG(s) 'process_silver_layer' retrieved from /opt/airflow/dags/silver_processing_dag.py
[2026-09-05T18:30:26.753+0000] {logging_mixin.py:188} INFO - [2026-09-05T18:30:26.752+0000] {dag.py:3096} INFO - Sync 1 DAGs
[2026-09-05T18:30:26.792+0000] {logging_mixin.py:188} INFO - [2026-09-05T18:30:26.792+0000] {dag.py:3954} INFO - Setting next_dagrun for process_silver_layer to None, run_after=None
[2026-09-05T18:30:26.837+0000] {processor.py:183} INFO - Processing /opt/airflow/dags/silver_processing_dag.py took 0.214 seconds
[2026-09-05T18:30:57.246+0000] {processor.py:161} INFO - Started process (PID=1669) to work on /opt/airflow/dags/silver_processing_dag.py
[2026-09-05T18:30:57.249+0000] {processor.py:830} INFO - Processing file /opt/airflow/dags/silver_processing_dag.py for tasks to queue
[2026-09-05T18:30:57.256+0000] {logging_mixin.py:188} INFO - [2026-09-05T18:30:57.255+0000] {dagbag.py:545} INFO - Filling up the DagBag from /opt/airflow/dags/silver_processing_dag.py
[2026-09-05T18:30:57.303+0000] {processor.py:840} INFO - DAG(s) 'process_silver_layer' retrieved from /opt/airflow/dags/silver_processing_dag.py
[2026-09-05T18:30:57.360+0000] {logging_mixin.py:188} INFO - [2026-09-05T18:30:57.360+0000] {dag.py:3096} INFO - Sync 1 DAGs
[2026-09-05T18:30:57.395+0000] {logging_mixin.py:188} INFO - [2026-09-05T18:30:57.395+0000] {dag.py:3954} INFO - Setting next_dagrun for process_silver_layer to None, run_after=None
[2026-09-05T18:30:57.437+0000] {processor.py:183} INFO - Processing /opt/airflow/dags/silver_processing_dag.py took 0.210 seconds
[2026-09-05T18:31:27.871+0000] {processor.py:161} INFO - Started process (PID=1684) to work on /opt/airflow/dags/silver_processing_dag.py
[2026-09-05T18:31:27.874+0000] {processor.py:830} INFO - Processing file /opt/airflow/dags/silver_processing_dag.py for tasks to queue
[2026-09-05T18:31:27.882+0000] {logging_mixin.py:188} INFO - [2026-09-05T18:31:27.880+0000] {dagbag.py:545} INFO - Filling up the DagBag from /opt/airflow/dags/silver_processing_dag.py
[2026-09-05T18:31:27.932+0000] {processor.py:840} INFO - DAG(s) 'process_silver_layer' retrieved from /opt/airflow/dags/silver_processing_dag.py
[2026-09-05T18:31:27.991+0000] {logging_mixin.py:188} INFO - [2026-09-05T18:31:27.990+0000] {dag.py:3096} INFO - Sync 1 DAGs
[2026-09-05T18:31:28.029+0000] {logging_mixin.py:188} INFO - [2026-09-05T18:31:28.029+0000] {dag.py:3954} INFO - Setting next_dagrun for process_silver_layer to None, run_after=None
[2026-09-05T18:31:28.076+0000] {processor.py:183} INFO - Processing /opt/airflow/dags/silver_processing_dag.py took 0.224 seconds
[2026-09-05T18:31:58.520+0000] {processor.py:161} INFO - Started process (PID=1699) to work on /opt/airflow/dags/silver_processing_dag.py
[2026-09-05T18:31:58.523+0000] {processor.py:830} INFO - Processing file /opt/airflow/dags/silver_processing_dag.py for tasks to queue
[2026-09-05T18:31:58.530+0000] {logging_mixin.py:188} INFO - [2026-09-05T18:31:58.529+0000] {dagbag.py:545} INFO - Filling up the DagBag from /opt/airflow/dags/silver_processing_dag.py
[2026-09-05T18:31:58.576+0000] {processor.py:840} INFO - DAG(s) 'process_silver_layer' retrieved from /opt/airflow/dags/silver_processing_dag.py
[2026-09-05T18:31:58.634+0000] {logging_mixin.py:188} INFO - [2026-09-05T18:31:58.633+0000] {dag.py:3096} INFO - Sync 1 DAGs
[2026-09-05T18:31:58.674+0000] {logging_mixin.py:188} INFO - [2026-09-05T18:31:58.674+0000] {dag.py:3954} INFO - Setting next_dagrun for process_silver_layer to None, run_after=None
[2026-09-05T18:31:58.723+0000] {processor.py:183} INFO - Processing /opt/airflow/dags/silver_processing_dag.py took 0.224 seconds
[2026-09-05T18:32:29.174+0000] {processor.py:161} INFO - Started process (PID=1714) to work on /opt/airflow/dags/silver_processing_dag.py
[2026-09-05T18:32:29.177+0000] {processor.py:830} INFO - Processing file /opt/airflow/dags/silver_processing_dag.py for tasks to queue
[2026-09-05T18:32:29.183+0000] {logging_mixin.py:188} INFO - [2026-09-05T18:32:29.182+0000] {dagbag.py:545} INFO - Filling up the DagBag from /opt/airflow/dags/silver_processing_dag.py
[2026-09-05T18:32:29.235+0000] {processor.py:840} INFO - DAG(s) 'process_silver_layer' retrieved from /opt/airflow/dags/silver_processing_dag.py
[2026-09-05T18:32:29.289+0000] {logging_mixin.py:188} INFO - [2026-09-05T18:32:29.289+0000] {dag.py:3096} INFO - Sync 1 DAGs
[2026-09-05T18:32:29.326+0000] {logging_mixin.py:188} INFO - [2026-09-05T18:32:29.326+0000] {dag.py:3954} INFO - Setting next_dagrun for process_silver_layer to None, run_after=None
[2026-09-05T18:32:29.371+0000] {processor.py:183} INFO - Processing /opt/airflow/dags/silver_processing_dag.py took 0.218 seconds
[2026-09-05T18:32:59.771+0000] {processor.py:161} INFO - Started process (PID=1729) to work on /opt/airflow/dags/silver_processing_dag.py
[2026-09-05T18:32:59.774+0000] {processor.py:830} INFO - Processing file /opt/airflow/dags/silver_processing_dag.py for tasks to queue
[2026-09-05T18:32:59.782+0000] {logging_mixin.py:188} INFO - [2026-09-05T18:32:59.782+0000] {dagbag.py:545} INFO - Filling up the DagBag from /opt/airflow/dags/silver_processing_dag.py
[2026-09-05T18:32:59.829+0000] {processor.py:840} INFO - DAG(s) 'process_silver_layer' retrieved from /opt/airflow/dags/silver_processing_dag.py
[2026-09-05T18:32:59.889+0000] {logging_mixin.py:188} INFO - [2026-09-05T18:32:59.888+0000] {dag.py:3096} INFO - Sync 1 DAGs
[2026-09-05T18:32:59.923+0000] {logging_mixin.py:188} INFO - [2026-09-05T18:32:59.922+0000] {dag.py:3954} INFO - Setting next_dagrun for process_silver_layer to None, run_after=None
[2026-09-05T18:32:59.974+0000] {processor.py:183} INFO - Processing /opt/airflow/dags/silver_processing_dag.py took 0.221 seconds
[2026-09-05T18:33:30.401+0000] {processor.py:161} INFO - Started process (PID=1744) to work on /opt/airflow/dags/silver_processing_dag.py
[2026-09-05T18:33:30.404+0000] {processor.py:830} INFO - Processing file /opt/airflow/dags/silver_processing_dag.py for tasks to queue
[2026-09-05T18:33:30.411+0000] {logging_mixin.py:188} INFO - [2026-09-05T18:33:30.411+0000] {dagbag.py:545} INFO - Filling up the DagBag from /opt/airflow/dags/silver_processing_dag.py
[2026-09-05T18:33:30.459+0000] {processor.py:840} INFO - DAG(s) 'process_silver_layer' retrieved from /opt/airflow/dags/silver_processing_dag.py
[2026-09-05T18:33:30.513+0000] {logging_mixin.py:188} INFO - [2026-09-05T18:33:30.512+0000] {dag.py:3096} INFO - Sync 1 DAGs
[2026-09-05T18:33:30.546+0000] {logging_mixin.py:188} INFO - [2026-09-05T18:33:30.546+0000] {dag.py:3954} INFO - Setting next_dagrun for process_silver_layer to None, run_after=None
[2026-09-05T18:33:30.596+0000] {processor.py:183} INFO - Processing /opt/airflow/dags/silver_processing_dag.py took 0.212 seconds
[2026-09-05T18:34:00.985+0000] {processor.py:161} INFO - Started process (PID=1759) to work on /opt/airflow/dags/silver_processing_dag.py
[2026-09-05T18:34:00.987+0000] {processor.py:830} INFO - Processing file /opt/airflow/dags/silver_processing_dag.py for tasks to queue
[2026-09-05T18:34:00.994+0000] {logging_mixin.py:188} INFO - [2026-09-05T18:34:00.993+0000] {dagbag.py:545} INFO - Filling up the DagBag from /opt/airflow/dags/silver_processing_dag.py
[2026-09-05T18:34:01.030+0000] {processor.py:840} INFO - DAG(s) 'process_silver_layer' retrieved from /opt/airflow/dags/silver_processing_dag.py
[2026-09-05T18:34:01.078+0000] {logging_mixin.py:188} INFO - [2026-09-05T18:34:01.077+0000] {dag.py:3096} INFO - Sync 1 DAGs
[2026-09-05T18:34:01.107+0000] {logging_mixin.py:188} INFO - [2026-09-05T18:34:01.107+0000] {dag.py:3954} INFO - Setting next_dagrun for process_silver_layer to None, run_after=None
[2026-09-05T18:34:01.162+0000] {processor.py:183} INFO - Processing /opt/airflow/dags/silver_processing_dag.py took 0.192 seconds
[2026-09-05T18:34:31.595+0000] {processor.py:161} INFO - Started process (PID=1774) to work on /opt/airflow/dags/silver_processing_dag.py
[2026-09-05T18:34:31.598+0000] {processor.py:830} INFO - Processing file /opt/airflow/dags/silver_processing_dag.py for tasks to queue
[2026-09-05T18:34:31.605+0000] {logging_mixin.py:188} INFO - [2026-09-05T18:34:31.604+0000] {dagbag.py:545} INFO - Filling up the DagBag from /opt/airflow/dags/silver_processing_dag.py
[2026-09-05T18:34:31.646+0000] {processor.py:840} INFO - DAG(s) 'process_silver_layer' retrieved from /opt/airflow/dags/silver_processing_dag.py
[2026-09-05T18:34:31.704+0000] {logging_mixin.py:188} INFO - [2026-09-05T18:34:31.704+0000] {dag.py:3096} INFO - Sync 1 DAGs
[2026-09-05T18:34:31.740+0000] {logging_mixin.py:188} INFO - [2026-09-05T18:34:31.740+0000] {dag.py:3954} INFO - Setting next_dagrun for process_silver_layer to None, run_after=None
[2026-09-05T18:34:31.782+0000] {processor.py:183} INFO - Processing /opt/airflow/dags/silver_processing_dag.py took 0.205 seconds
[2026-09-05T18:35:02.312+0000] {processor.py:161} INFO - Started process (PID=1789) to work on /opt/airflow/dags/silver_processing_dag.py
[2026-09-05T18:35:02.322+0000] {processor.py:830} INFO - Processing file /opt/airflow/dags/silver_processing_dag.py for tasks to queue
[2026-09-05T18:35:02.329+0000] {logging_mixin.py:188} INFO - [2026-09-05T18:35:02.328+0000] {dagbag.py:545} INFO - Filling up the DagBag from /opt/airflow/dags/silver_processing_dag.py
[2026-09-05T18:35:02.416+0000] {processor.py:840} INFO - DAG(s) 'process_silver_layer' retrieved from /opt/airflow/dags/silver_processing_dag.py
[2026-09-05T18:35:02.511+0000] {logging_mixin.py:188} INFO - [2026-09-05T18:35:02.510+0000] {dag.py:3096} INFO - Sync 1 DAGs
[2026-09-05T18:35:02.576+0000] {logging_mixin.py:188} INFO - [2026-09-05T18:35:02.575+0000] {dag.py:3954} INFO - Setting next_dagrun for process_silver_layer to None, run_after=None
[2026-09-05T18:35:02.637+0000] {processor.py:183} INFO - Processing /opt/airflow/dags/silver_processing_dag.py took 0.349 seconds
[2026-09-05T18:35:33.066+0000] {processor.py:161} INFO - Started process (PID=1804) to work on /opt/airflow/dags/silver_processing_dag.py
[2026-09-05T18:35:33.069+0000] {processor.py:830} INFO - Processing file /opt/airflow/dags/silver_processing_dag.py for tasks to queue
[2026-09-05T18:35:33.075+0000] {logging_mixin.py:188} INFO - [2026-09-05T18:35:33.074+0000] {dagbag.py:545} INFO - Filling up the DagBag from /opt/airflow/dags/silver_processing_dag.py
[2026-09-05T18:35:33.121+0000] {processor.py:840} INFO - DAG(s) 'process_silver_layer' retrieved from /opt/airflow/dags/silver_processing_dag.py
[2026-09-05T18:35:33.179+0000] {logging_mixin.py:188} INFO - [2026-09-05T18:35:33.179+0000] {dag.py:3096} INFO - Sync 1 DAGs
[2026-09-05T18:35:33.212+0000] {logging_mixin.py:188} INFO - [2026-09-05T18:35:33.212+0000] {dag.py:3954} INFO - Setting next_dagrun for process_silver_layer to None, run_after=None
[2026-09-05T18:35:33.264+0000] {processor.py:183} INFO - Processing /opt/airflow/dags/silver_processing_dag.py took 0.219 seconds
[2026-09-05T18:36:03.788+0000] {processor.py:161} INFO - Started process (PID=1819) to work on /opt/airflow/dags/silver_processing_dag.py
[2026-09-05T18:36:03.801+0000] {processor.py:830} INFO - Processing file /opt/airflow/dags/silver_processing_dag.py for tasks to queue
[2026-09-05T18:36:03.817+0000] {logging_mixin.py:188} INFO - [2026-09-05T18:36:03.814+0000] {dagbag.py:545} INFO - Filling up the DagBag from /opt/airflow/dags/silver_processing_dag.py
[2026-09-05T18:36:03.989+0000] {processor.py:840} INFO - DAG(s) 'process_silver_layer' retrieved from /opt/airflow/dags/silver_processing_dag.py
[2026-09-05T18:36:04.114+0000] {logging_mixin.py:188} INFO - [2026-09-05T18:36:04.113+0000] {dag.py:3096} INFO - Sync 1 DAGs
[2026-09-05T18:36:04.173+0000] {logging_mixin.py:188} INFO - [2026-09-05T18:36:04.172+0000] {dag.py:3954} INFO - Setting next_dagrun for process_silver_layer to None, run_after=None
[2026-09-05T18:36:04.269+0000] {processor.py:183} INFO - Processing /opt/airflow/dags/silver_processing_dag.py took 0.523 seconds
[2026-09-05T18:36:34.880+0000] {processor.py:161} INFO - Started process (PID=1834) to work on /opt/airflow/dags/silver_processing_dag.py
[2026-09-05T18:36:34.899+0000] {processor.py:830} INFO - Processing file /opt/airflow/dags/silver_processing_dag.py for tasks to queue
[2026-09-05T18:36:34.910+0000] {logging_mixin.py:188} INFO - [2026-09-05T18:36:34.909+0000] {dagbag.py:545} INFO - Filling up the DagBag from /opt/airflow/dags/silver_processing_dag.py
[2026-09-05T18:36:35.052+0000] {processor.py:840} INFO - DAG(s) 'process_silver_layer' retrieved from /opt/airflow/dags/silver_processing_dag.py
[2026-09-05T18:36:35.186+0000] {logging_mixin.py:188} INFO - [2026-09-05T18:36:35.185+0000] {dag.py:3096} INFO - Sync 1 DAGs
[2026-09-05T18:36:35.290+0000] {logging_mixin.py:188} INFO - [2026-09-05T18:36:35.290+0000] {dag.py:3954} INFO - Setting next_dagrun for process_silver_layer to None, run_after=None
[2026-09-05T18:36:35.406+0000] {processor.py:183} INFO - Processing /opt/airflow/dags/silver_processing_dag.py took 0.562 seconds
[2026-09-05T18:37:05.953+0000] {processor.py:161} INFO - Started process (PID=1849) to work on /opt/airflow/dags/silver_processing_dag.py
[2026-09-05T18:37:05.960+0000] {processor.py:830} INFO - Processing file /opt/airflow/dags/silver_processing_dag.py for tasks to queue
[2026-09-05T18:37:05.973+0000] {logging_mixin.py:188} INFO - [2026-09-05T18:37:05.972+0000] {dagbag.py:545} INFO - Filling up the DagBag from /opt/airflow/dags/silver_processing_dag.py
[2026-09-05T18:37:06.058+0000] {processor.py:840} INFO - DAG(s) 'process_silver_layer' retrieved from /opt/airflow/dags/silver_processing_dag.py
[2026-09-05T18:37:06.125+0000] {logging_mixin.py:188} INFO - [2026-09-05T18:37:06.124+0000] {dag.py:3096} INFO - Sync 1 DAGs
[2026-09-05T18:37:06.160+0000] {logging_mixin.py:188} INFO - [2026-09-05T18:37:06.160+0000] {dag.py:3954} INFO - Setting next_dagrun for process_silver_layer to None, run_after=None
[2026-09-05T18:37:06.208+0000] {processor.py:183} INFO - Processing /opt/airflow/dags/silver_processing_dag.py took 0.280 seconds
[2026-09-05T18:37:36.635+0000] {processor.py:161} INFO - Started process (PID=1864) to work on /opt/airflow/dags/silver_processing_dag.py
[2026-09-05T18:37:36.638+0000] {processor.py:830} INFO - Processing file /opt/airflow/dags/silver_processing_dag.py for tasks to queue
[2026-09-05T18:37:36.643+0000] {logging_mixin.py:188} INFO - [2026-09-05T18:37:36.642+0000] {dagbag.py:545} INFO - Filling up the DagBag from /opt/airflow/dags/silver_processing_dag.py
[2026-09-05T18:37:36.688+0000] {processor.py:840} INFO - DAG(s) 'process_silver_layer' retrieved from /opt/airflow/dags/silver_processing_dag.py
[2026-09-05T18:37:36.754+0000] {logging_mixin.py:188} INFO - [2026-09-05T18:37:36.753+0000] {dag.py:3096} INFO - Sync 1 DAGs
[2026-09-05T18:37:36.799+0000] {logging_mixin.py:188} INFO - [2026-09-05T18:37:36.798+0000] {dag.py:3954} INFO - Setting next_dagrun for process_silver_layer to None, run_after=None
[2026-09-05T18:37:36.884+0000] {processor.py:183} INFO - Processing /opt/airflow/dags/silver_processing_dag.py took 0.272 seconds
[2026-09-05T18:38:07.302+0000] {processor.py:161} INFO - Started process (PID=1879) to work on /opt/airflow/dags/silver_processing_dag.py
[2026-09-05T18:38:07.306+0000] {processor.py:830} INFO - Processing file /opt/airflow/dags/silver_processing_dag.py for tasks to queue
[2026-09-05T18:38:07.313+0000] {logging_mixin.py:188} INFO - [2026-09-05T18:38:07.312+0000] {dagbag.py:545} INFO - Filling up the DagBag from /opt/airflow/dags/silver_processing_dag.py
[2026-09-05T18:38:07.363+0000] {processor.py:840} INFO - DAG(s) 'process_silver_layer' retrieved from /opt/airflow/dags/silver_processing_dag.py
[2026-09-05T18:38:07.432+0000] {logging_mixin.py:188} INFO - [2026-09-05T18:38:07.431+0000] {dag.py:3096} INFO - Sync 1 DAGs
[2026-09-05T18:38:07.480+0000] {logging_mixin.py:188} INFO - [2026-09-05T18:38:07.480+0000] {dag.py:3954} INFO - Setting next_dagrun for process_silver_layer to None, run_after=None
[2026-09-05T18:38:07.537+0000] {processor.py:183} INFO - Processing /opt/airflow/dags/silver_processing_dag.py took 0.255 seconds
[2026-09-05T18:38:37.945+0000] {processor.py:161} INFO - Started process (PID=1894) to work on /opt/airflow/dags/silver_processing_dag.py
[2026-09-05T18:38:37.948+0000] {processor.py:830} INFO - Processing file /opt/airflow/dags/silver_processing_dag.py for tasks to queue
[2026-09-05T18:38:37.955+0000] {logging_mixin.py:188} INFO - [2026-09-05T18:38:37.954+0000] {dagbag.py:545} INFO - Filling up the DagBag from /opt/airflow/dags/silver_processing_dag.py
[2026-09-05T18:38:38.002+0000] {processor.py:840} INFO - DAG(s) 'process_silver_layer' retrieved from /opt/airflow/dags/silver_processing_dag.py
[2026-09-05T18:38:38.072+0000] {logging_mixin.py:188} INFO - [2026-09-05T18:38:38.071+0000] {dag.py:3096} INFO - Sync 1 DAGs
[2026-09-05T18:38:38.117+0000] {logging_mixin.py:188} INFO - [2026-09-05T18:38:38.116+0000] {dag.py:3954} INFO - Setting next_dagrun for process_silver_layer to None, run_after=None
[2026-09-05T18:38:38.170+0000] {processor.py:183} INFO - Processing /opt/airflow/dags/silver_processing_dag.py took 0.245 seconds
[2026-09-05T18:39:08.590+0000] {processor.py:161} INFO - Started process (PID=1909) to work on /opt/airflow/dags/silver_processing_dag.py
[2026-09-05T18:39:08.593+0000] {processor.py:830} INFO - Processing file /opt/airflow/dags/silver_processing_dag.py for tasks to queue
[2026-09-05T18:39:08.600+0000] {logging_mixin.py:188} INFO - [2026-09-05T18:39:08.599+0000] {dagbag.py:545} INFO - Filling up the DagBag from /opt/airflow/dags/silver_processing_dag.py
[2026-09-05T18:39:08.651+0000] {processor.py:840} INFO - DAG(s) 'process_silver_layer' retrieved from /opt/airflow/dags/silver_processing_dag.py
[2026-09-05T18:39:08.711+0000] {logging_mixin.py:188} INFO - [2026-09-05T18:39:08.710+0000] {dag.py:3096} INFO - Sync 1 DAGs
[2026-09-05T18:39:08.755+0000] {logging_mixin.py:188} INFO - [2026-09-05T18:39:08.754+0000] {dag.py:3954} INFO - Setting next_dagrun for process_silver_layer to None, run_after=None
[2026-09-05T18:39:08.807+0000] {processor.py:183} INFO - Processing /opt/airflow/dags/silver_processing_dag.py took 0.236 seconds
[2026-09-05T18:39:39.220+0000] {processor.py:161} INFO - Started process (PID=1924) to work on /opt/airflow/dags/silver_processing_dag.py
[2026-09-05T18:39:39.223+0000] {processor.py:830} INFO - Processing file /opt/airflow/dags/silver_processing_dag.py for tasks to queue
[2026-09-05T18:39:39.229+0000] {logging_mixin.py:188} INFO - [2026-09-05T18:39:39.228+0000] {dagbag.py:545} INFO - Filling up the DagBag from /opt/airflow/dags/silver_processing_dag.py
[2026-09-05T18:39:39.277+0000] {processor.py:840} INFO - DAG(s) 'process_silver_layer' retrieved from /opt/airflow/dags/silver_processing_dag.py
[2026-09-05T18:39:39.335+0000] {logging_mixin.py:188} INFO - [2026-09-05T18:39:39.334+0000] {dag.py:3096} INFO - Sync 1 DAGs
[2026-09-05T18:39:39.371+0000] {logging_mixin.py:188} INFO - [2026-09-05T18:39:39.371+0000] {dag.py:3954} INFO - Setting next_dagrun for process_silver_layer to None, run_after=None
[2026-09-05T18:39:39.435+0000] {processor.py:183} INFO - Processing /opt/airflow/dags/silver_processing_dag.py took 0.237 seconds
[2026-09-05T18:40:09.954+0000] {processor.py:161} INFO - Started process (PID=1939) to work on /opt/airflow/dags/silver_processing_dag.py
[2026-09-05T18:40:09.957+0000] {processor.py:830} INFO - Processing file /opt/airflow/dags/silver_processing_dag.py for tasks to queue
[2026-09-05T18:40:09.964+0000] {logging_mixin.py:188} INFO - [2026-09-05T18:40:09.964+0000] {dagbag.py:545} INFO - Filling up the DagBag from /opt/airflow/dags/silver_processing_dag.py
[2026-09-05T18:40:10.008+0000] {processor.py:840} INFO - DAG(s) 'process_silver_layer' retrieved from /opt/airflow/dags/silver_processing_dag.py
[2026-09-05T18:40:10.062+0000] {logging_mixin.py:188} INFO - [2026-09-05T18:40:10.062+0000] {dag.py:3096} INFO - Sync 1 DAGs
[2026-09-05T18:40:10.109+0000] {logging_mixin.py:188} INFO - [2026-09-05T18:40:10.108+0000] {dag.py:3954} INFO - Setting next_dagrun for process_silver_layer to None, run_after=None
[2026-09-05T18:40:10.174+0000] {processor.py:183} INFO - Processing /opt/airflow/dags/silver_processing_dag.py took 0.237 seconds
[2026-09-05T18:40:40.570+0000] {processor.py:161} INFO - Started process (PID=1954) to work on /opt/airflow/dags/silver_processing_dag.py
[2026-09-05T18:40:40.572+0000] {processor.py:830} INFO - Processing file /opt/airflow/dags/silver_processing_dag.py for tasks to queue
[2026-09-05T18:40:40.578+0000] {logging_mixin.py:188} INFO - [2026-09-05T18:40:40.577+0000] {dagbag.py:545} INFO - Filling up the DagBag from /opt/airflow/dags/silver_processing_dag.py
[2026-09-05T18:40:40.618+0000] {processor.py:840} INFO - DAG(s) 'process_silver_layer' retrieved from /opt/airflow/dags/silver_processing_dag.py
[2026-09-05T18:40:40.674+0000] {logging_mixin.py:188} INFO - [2026-09-05T18:40:40.673+0000] {dag.py:3096} INFO - Sync 1 DAGs
[2026-09-05T18:40:40.706+0000] {logging_mixin.py:188} INFO - [2026-09-05T18:40:40.706+0000] {dag.py:3954} INFO - Setting next_dagrun for process_silver_layer to None, run_after=None
[2026-09-05T18:40:40.750+0000] {processor.py:183} INFO - Processing /opt/airflow/dags/silver_processing_dag.py took 0.197 seconds
[2026-09-05T18:41:11.150+0000] {processor.py:161} INFO - Started process (PID=1969) to work on /opt/airflow/dags/silver_processing_dag.py
[2026-09-05T18:41:11.152+0000] {processor.py:830} INFO - Processing file /opt/airflow/dags/silver_processing_dag.py for tasks to queue
[2026-09-05T18:41:11.158+0000] {logging_mixin.py:188} INFO - [2026-09-05T18:41:11.157+0000] {dagbag.py:545} INFO - Filling up the DagBag from /opt/airflow/dags/silver_processing_dag.py
[2026-09-05T18:41:11.200+0000] {processor.py:840} INFO - DAG(s) 'process_silver_layer' retrieved from /opt/airflow/dags/silver_processing_dag.py
[2026-09-05T18:41:11.257+0000] {logging_mixin.py:188} INFO - [2026-09-05T18:41:11.256+0000] {dag.py:3096} INFO - Sync 1 DAGs
[2026-09-05T18:41:11.293+0000] {logging_mixin.py:188} INFO - [2026-09-05T18:41:11.293+0000] {dag.py:3954} INFO - Setting next_dagrun for process_silver_layer to None, run_after=None
[2026-09-05T18:41:11.337+0000] {processor.py:183} INFO - Processing /opt/airflow/dags/silver_processing_dag.py took 0.205 seconds
[2026-09-05T18:41:41.725+0000] {processor.py:161} INFO - Started process (PID=1984) to work on /opt/airflow/dags/silver_processing_dag.py
[2026-09-05T18:41:41.728+0000] {processor.py:830} INFO - Processing file /opt/airflow/dags/silver_processing_dag.py for tasks to queue
[2026-09-05T18:41:41.734+0000] {logging_mixin.py:188} INFO - [2026-09-05T18:41:41.733+0000] {dagbag.py:545} INFO - Filling up the DagBag from /opt/airflow/dags/silver_processing_dag.py
[2026-09-05T18:41:41.773+0000] {processor.py:840} INFO - DAG(s) 'process_silver_layer' retrieved from /opt/airflow/dags/silver_processing_dag.py
[2026-09-05T18:41:41.827+0000] {logging_mixin.py:188} INFO - [2026-09-05T18:41:41.826+0000] {dag.py:3096} INFO - Sync 1 DAGs
[2026-09-05T18:41:41.860+0000] {logging_mixin.py:188} INFO - [2026-09-05T18:41:41.860+0000] {dag.py:3954} INFO - Setting next_dagrun for process_silver_layer to None, run_after=None
[2026-09-05T18:41:41.921+0000] {processor.py:183} INFO - Processing /opt/airflow/dags/silver_processing_dag.py took 0.214 seconds
[2026-09-05T18:42:12.335+0000] {processor.py:161} INFO - Started process (PID=1999) to work on /opt/airflow/dags/silver_processing_dag.py
[2026-09-05T18:42:12.337+0000] {processor.py:830} INFO - Processing file /opt/airflow/dags/silver_processing_dag.py for tasks to queue
[2026-09-05T18:42:12.344+0000] {logging_mixin.py:188} INFO - [2026-09-05T18:42:12.343+0000] {dagbag.py:545} INFO - Filling up the DagBag from /opt/airflow/dags/silver_processing_dag.py
[2026-09-05T18:42:12.390+0000] {processor.py:840} INFO - DAG(s) 'process_silver_layer' retrieved from /opt/airflow/dags/silver_processing_dag.py
[2026-09-05T18:42:12.445+0000] {logging_mixin.py:188} INFO - [2026-09-05T18:42:12.445+0000] {dag.py:3096} INFO - Sync 1 DAGs
[2026-09-05T18:42:12.482+0000] {logging_mixin.py:188} INFO - [2026-09-05T18:42:12.481+0000] {dag.py:3954} INFO - Setting next_dagrun for process_silver_layer to None, run_after=None
[2026-09-05T18:42:12.521+0000] {processor.py:183} INFO - Processing /opt/airflow/dags/silver_processing_dag.py took 0.204 seconds
[2026-09-05T18:42:42.912+0000] {processor.py:161} INFO - Started process (PID=2014) to work on /opt/airflow/dags/silver_processing_dag.py
[2026-09-05T18:42:42.914+0000] {processor.py:830} INFO - Processing file /opt/airflow/dags/silver_processing_dag.py for tasks to queue
[2026-09-05T18:42:42.920+0000] {logging_mixin.py:188} INFO - [2026-09-05T18:42:42.919+0000] {dagbag.py:545} INFO - Filling up the DagBag from /opt/airflow/dags/silver_processing_dag.py
[2026-09-05T18:42:42.961+0000] {processor.py:840} INFO - DAG(s) 'process_silver_layer' retrieved from /opt/airflow/dags/silver_processing_dag.py
[2026-09-05T18:42:43.021+0000] {logging_mixin.py:188} INFO - [2026-09-05T18:42:43.020+0000] {dag.py:3096} INFO - Sync 1 DAGs
[2026-09-05T18:42:43.110+0000] {logging_mixin.py:188} INFO - [2026-09-05T18:42:43.105+0000] {dag.py:3954} INFO - Setting next_dagrun for process_silver_layer to None, run_after=None
[2026-09-05T18:42:43.183+0000] {processor.py:183} INFO - Processing /opt/airflow/dags/silver_processing_dag.py took 0.283 seconds
[2026-09-05T18:43:13.595+0000] {processor.py:161} INFO - Started process (PID=2029) to work on /opt/airflow/dags/silver_processing_dag.py
[2026-09-05T18:43:13.599+0000] {processor.py:830} INFO - Processing file /opt/airflow/dags/silver_processing_dag.py for tasks to queue
[2026-09-05T18:43:13.605+0000] {logging_mixin.py:188} INFO - [2026-09-05T18:43:13.604+0000] {dagbag.py:545} INFO - Filling up the DagBag from /opt/airflow/dags/silver_processing_dag.py
[2026-09-05T18:43:13.651+0000] {processor.py:840} INFO - DAG(s) 'process_silver_layer' retrieved from /opt/airflow/dags/silver_processing_dag.py
[2026-09-05T18:43:13.705+0000] {logging_mixin.py:188} INFO - [2026-09-05T18:43:13.705+0000] {dag.py:3096} INFO - Sync 1 DAGs
[2026-09-05T18:43:13.738+0000] {logging_mixin.py:188} INFO - [2026-09-05T18:43:13.738+0000] {dag.py:3954} INFO - Setting next_dagrun for process_silver_layer to None, run_after=None
[2026-09-05T18:43:13.798+0000] {processor.py:183} INFO - Processing /opt/airflow/dags/silver_processing_dag.py took 0.219 seconds
[2026-09-05T18:43:44.222+0000] {processor.py:161} INFO - Started process (PID=2044) to work on /opt/airflow/dags/silver_processing_dag.py
[2026-09-05T18:43:44.225+0000] {processor.py:830} INFO - Processing file /opt/airflow/dags/silver_processing_dag.py for tasks to queue
[2026-09-05T18:43:44.231+0000] {logging_mixin.py:188} INFO - [2026-09-05T18:43:44.230+0000] {dagbag.py:545} INFO - Filling up the DagBag from /opt/airflow/dags/silver_processing_dag.py
[2026-09-05T18:43:44.279+0000] {processor.py:840} INFO - DAG(s) 'process_silver_layer' retrieved from /opt/airflow/dags/silver_processing_dag.py
[2026-09-05T18:43:44.346+0000] {logging_mixin.py:188} INFO - [2026-09-05T18:43:44.345+0000] {dag.py:3096} INFO - Sync 1 DAGs
[2026-09-05T18:43:44.380+0000] {logging_mixin.py:188} INFO - [2026-09-05T18:43:44.379+0000] {dag.py:3954} INFO - Setting next_dagrun for process_silver_layer to None, run_after=None
[2026-09-05T18:43:44.416+0000] {processor.py:183} INFO - Processing /opt/airflow/dags/silver_processing_dag.py took 0.210 seconds
[2026-09-05T18:44:14.820+0000] {processor.py:161} INFO - Started process (PID=2059) to work on /opt/airflow/dags/silver_processing_dag.py
[2026-09-05T18:44:14.823+0000] {processor.py:830} INFO - Processing file /opt/airflow/dags/silver_processing_dag.py for tasks to queue
[2026-09-05T18:44:14.832+0000] {logging_mixin.py:188} INFO - [2026-09-05T18:44:14.831+0000] {dagbag.py:545} INFO - Filling up the DagBag from /opt/airflow/dags/silver_processing_dag.py
[2026-09-05T18:44:14.873+0000] {processor.py:840} INFO - DAG(s) 'process_silver_layer' retrieved from /opt/airflow/dags/silver_processing_dag.py
[2026-09-05T18:44:14.922+0000] {logging_mixin.py:188} INFO - [2026-09-05T18:44:14.921+0000] {dag.py:3096} INFO - Sync 1 DAGs
[2026-09-05T18:44:14.977+0000] {logging_mixin.py:188} INFO - [2026-09-05T18:44:14.976+0000] {dag.py:3954} INFO - Setting next_dagrun for process_silver_layer to None, run_after=None
[2026-09-05T18:44:15.022+0000] {processor.py:183} INFO - Processing /opt/airflow/dags/silver_processing_dag.py took 0.218 seconds
[2026-09-05T18:44:45.492+0000] {processor.py:161} INFO - Started process (PID=2074) to work on /opt/airflow/dags/silver_processing_dag.py
[2026-09-05T18:44:45.495+0000] {processor.py:830} INFO - Processing file /opt/airflow/dags/silver_processing_dag.py for tasks to queue
[2026-09-05T18:44:45.501+0000] {logging_mixin.py:188} INFO - [2026-09-05T18:44:45.501+0000] {dagbag.py:545} INFO - Filling up the DagBag from /opt/airflow/dags/silver_processing_dag.py
[2026-09-05T18:44:45.546+0000] {processor.py:840} INFO - DAG(s) 'process_silver_layer' retrieved from /opt/airflow/dags/silver_processing_dag.py
[2026-09-05T18:44:45.602+0000] {logging_mixin.py:188} INFO - [2026-09-05T18:44:45.602+0000] {dag.py:3096} INFO - Sync 1 DAGs
[2026-09-05T18:44:45.635+0000] {logging_mixin.py:188} INFO - [2026-09-05T18:44:45.634+0000] {dag.py:3954} INFO - Setting next_dagrun for process_silver_layer to None, run_after=None
[2026-09-05T18:44:45.679+0000] {processor.py:183} INFO - Processing /opt/airflow/dags/silver_processing_dag.py took 0.202 seconds
[2026-09-05T18:45:16.175+0000] {processor.py:161} INFO - Started process (PID=2089) to work on /opt/airflow/dags/silver_processing_dag.py
[2026-09-05T18:45:16.178+0000] {processor.py:830} INFO - Processing file /opt/airflow/dags/silver_processing_dag.py for tasks to queue
[2026-09-05T18:45:16.187+0000] {logging_mixin.py:188} INFO - [2026-09-05T18:45:16.186+0000] {dagbag.py:545} INFO - Filling up the DagBag from /opt/airflow/dags/silver_processing_dag.py
[2026-09-05T18:45:16.242+0000] {processor.py:840} INFO - DAG(s) 'process_silver_layer' retrieved from /opt/airflow/dags/silver_processing_dag.py
[2026-09-05T18:45:16.304+0000] {logging_mixin.py:188} INFO - [2026-09-05T18:45:16.303+0000] {dag.py:3096} INFO - Sync 1 DAGs
[2026-09-05T18:45:16.332+0000] {logging_mixin.py:188} INFO - [2026-09-05T18:45:16.331+0000] {dag.py:3954} INFO - Setting next_dagrun for process_silver_layer to None, run_after=None
[2026-09-05T18:45:16.390+0000] {processor.py:183} INFO - Processing /opt/airflow/dags/silver_processing_dag.py took 0.243 seconds
[2026-09-05T18:45:46.783+0000] {processor.py:161} INFO - Started process (PID=2104) to work on /opt/airflow/dags/silver_processing_dag.py
[2026-09-05T18:45:46.786+0000] {processor.py:830} INFO - Processing file /opt/airflow/dags/silver_processing_dag.py for tasks to queue
[2026-09-05T18:45:46.792+0000] {logging_mixin.py:188} INFO - [2026-09-05T18:45:46.791+0000] {dagbag.py:545} INFO - Filling up the DagBag from /opt/airflow/dags/silver_processing_dag.py
[2026-09-05T18:45:46.836+0000] {processor.py:840} INFO - DAG(s) 'process_silver_layer' retrieved from /opt/airflow/dags/silver_processing_dag.py
[2026-09-05T18:45:46.888+0000] {logging_mixin.py:188} INFO - [2026-09-05T18:45:46.887+0000] {dag.py:3096} INFO - Sync 1 DAGs
[2026-09-05T18:45:46.920+0000] {logging_mixin.py:188} INFO - [2026-09-05T18:45:46.919+0000] {dag.py:3954} INFO - Setting next_dagrun for process_silver_layer to None, run_after=None
[2026-09-05T18:45:46.961+0000] {processor.py:183} INFO - Processing /opt/airflow/dags/silver_processing_dag.py took 0.194 seconds
[2026-09-05T18:46:17.352+0000] {processor.py:161} INFO - Started process (PID=2119) to work on /opt/airflow/dags/silver_processing_dag.py
[2026-09-05T18:46:17.355+0000] {processor.py:830} INFO - Processing file /opt/airflow/dags/silver_processing_dag.py for tasks to queue
[2026-09-05T18:46:17.361+0000] {logging_mixin.py:188} INFO - [2026-09-05T18:46:17.360+0000] {dagbag.py:545} INFO - Filling up the DagBag from /opt/airflow/dags/silver_processing_dag.py
[2026-09-05T18:46:17.403+0000] {processor.py:840} INFO - DAG(s) 'process_silver_layer' retrieved from /opt/airflow/dags/silver_processing_dag.py
[2026-09-05T18:46:17.457+0000] {logging_mixin.py:188} INFO - [2026-09-05T18:46:17.457+0000] {dag.py:3096} INFO - Sync 1 DAGs
[2026-09-05T18:46:17.493+0000] {logging_mixin.py:188} INFO - [2026-09-05T18:46:17.492+0000] {dag.py:3954} INFO - Setting next_dagrun for process_silver_layer to None, run_after=None
[2026-09-05T18:46:17.565+0000] {processor.py:183} INFO - Processing /opt/airflow/dags/silver_processing_dag.py took 0.232 seconds
[2026-09-05T18:46:48.024+0000] {processor.py:161} INFO - Started process (PID=2134) to work on /opt/airflow/dags/silver_processing_dag.py
[2026-09-05T18:46:48.026+0000] {processor.py:830} INFO - Processing file /opt/airflow/dags/silver_processing_dag.py for tasks to queue
[2026-09-05T18:46:48.032+0000] {logging_mixin.py:188} INFO - [2026-09-05T18:46:48.031+0000] {dagbag.py:545} INFO - Filling up the DagBag from /opt/airflow/dags/silver_processing_dag.py
[2026-09-05T18:46:48.075+0000] {processor.py:840} INFO - DAG(s) 'process_silver_layer' retrieved from /opt/airflow/dags/silver_processing_dag.py
[2026-09-05T18:46:48.131+0000] {logging_mixin.py:188} INFO - [2026-09-05T18:46:48.130+0000] {dag.py:3096} INFO - Sync 1 DAGs
[2026-09-05T18:46:48.157+0000] {logging_mixin.py:188} INFO - [2026-09-05T18:46:48.157+0000] {dag.py:3954} INFO - Setting next_dagrun for process_silver_layer to None, run_after=None
[2026-09-05T18:46:48.209+0000] {processor.py:183} INFO - Processing /opt/airflow/dags/silver_processing_dag.py took 0.206 seconds
[2026-09-05T18:47:18.602+0000] {processor.py:161} INFO - Started process (PID=2149) to work on /opt/airflow/dags/silver_processing_dag.py
[2026-09-05T18:47:18.604+0000] {processor.py:830} INFO - Processing file /opt/airflow/dags/silver_processing_dag.py for tasks to queue
[2026-09-05T18:47:18.611+0000] {logging_mixin.py:188} INFO - [2026-09-05T18:47:18.610+0000] {dagbag.py:545} INFO - Filling up the DagBag from /opt/airflow/dags/silver_processing_dag.py
[2026-09-05T18:47:18.675+0000] {processor.py:840} INFO - DAG(s) 'process_silver_layer' retrieved from /opt/airflow/dags/silver_processing_dag.py
[2026-09-05T18:47:18.749+0000] {logging_mixin.py:188} INFO - [2026-09-05T18:47:18.748+0000] {dag.py:3096} INFO - Sync 1 DAGs
[2026-09-05T18:47:18.791+0000] {logging_mixin.py:188} INFO - [2026-09-05T18:47:18.790+0000] {dag.py:3954} INFO - Setting next_dagrun for process_silver_layer to None, run_after=None
[2026-09-05T18:47:18.865+0000] {processor.py:183} INFO - Processing /opt/airflow/dags/silver_processing_dag.py took 0.276 seconds
[2026-09-05T18:47:49.268+0000] {processor.py:161} INFO - Started process (PID=2164) to work on /opt/airflow/dags/silver_processing_dag.py
[2026-09-05T18:47:49.271+0000] {processor.py:830} INFO - Processing file /opt/airflow/dags/silver_processing_dag.py for tasks to queue
[2026-09-05T18:47:49.278+0000] {logging_mixin.py:188} INFO - [2026-09-05T18:47:49.277+0000] {dagbag.py:545} INFO - Filling up the DagBag from /opt/airflow/dags/silver_processing_dag.py
[2026-09-05T18:47:49.318+0000] {processor.py:840} INFO - DAG(s) 'process_silver_layer' retrieved from /opt/airflow/dags/silver_processing_dag.py
[2026-09-05T18:47:49.375+0000] {logging_mixin.py:188} INFO - [2026-09-05T18:47:49.375+0000] {dag.py:3096} INFO - Sync 1 DAGs
[2026-09-05T18:47:49.416+0000] {logging_mixin.py:188} INFO - [2026-09-05T18:47:49.415+0000] {dag.py:3954} INFO - Setting next_dagrun for process_silver_layer to None, run_after=None
[2026-09-05T18:47:49.462+0000] {processor.py:183} INFO - Processing /opt/airflow/dags/silver_processing_dag.py took 0.210 seconds
[2026-09-05T18:48:19.853+0000] {processor.py:161} INFO - Started process (PID=2179) to work on /opt/airflow/dags/silver_processing_dag.py
[2026-09-05T18:48:19.855+0000] {processor.py:830} INFO - Processing file /opt/airflow/dags/silver_processing_dag.py for tasks to queue
[2026-09-05T18:48:19.863+0000] {logging_mixin.py:188} INFO - [2026-09-05T18:48:19.862+0000] {dagbag.py:545} INFO - Filling up the DagBag from /opt/airflow/dags/silver_processing_dag.py
[2026-09-05T18:48:19.905+0000] {processor.py:840} INFO - DAG(s) 'process_silver_layer' retrieved from /opt/airflow/dags/silver_processing_dag.py
[2026-09-05T18:48:19.960+0000] {logging_mixin.py:188} INFO - [2026-09-05T18:48:19.959+0000] {dag.py:3096} INFO - Sync 1 DAGs
[2026-09-05T18:48:19.991+0000] {logging_mixin.py:188} INFO - [2026-09-05T18:48:19.991+0000] {dag.py:3954} INFO - Setting next_dagrun for process_silver_layer to None, run_after=None
[2026-09-05T18:48:20.037+0000] {processor.py:183} INFO - Processing /opt/airflow/dags/silver_processing_dag.py took 0.199 seconds
[2026-09-05T18:48:50.432+0000] {processor.py:161} INFO - Started process (PID=2194) to work on /opt/airflow/dags/silver_processing_dag.py
[2026-09-05T18:48:50.435+0000] {processor.py:830} INFO - Processing file /opt/airflow/dags/silver_processing_dag.py for tasks to queue
[2026-09-05T18:48:50.442+0000] {logging_mixin.py:188} INFO - [2026-09-05T18:48:50.441+0000] {dagbag.py:545} INFO - Filling up the DagBag from /opt/airflow/dags/silver_processing_dag.py
[2026-09-05T18:48:50.487+0000] {processor.py:840} INFO - DAG(s) 'process_silver_layer' retrieved from /opt/airflow/dags/silver_processing_dag.py
[2026-09-05T18:48:50.539+0000] {logging_mixin.py:188} INFO - [2026-09-05T18:48:50.538+0000] {dag.py:3096} INFO - Sync 1 DAGs
[2026-09-05T18:48:50.571+0000] {logging_mixin.py:188} INFO - [2026-09-05T18:48:50.571+0000] {dag.py:3954} INFO - Setting next_dagrun for process_silver_layer to None, run_after=None
[2026-09-05T18:48:50.610+0000] {processor.py:183} INFO - Processing /opt/airflow/dags/silver_processing_dag.py took 0.197 seconds
[2026-09-05T18:49:21.012+0000] {processor.py:161} INFO - Started process (PID=2209) to work on /opt/airflow/dags/silver_processing_dag.py
[2026-09-05T18:49:21.015+0000] {processor.py:830} INFO - Processing file /opt/airflow/dags/silver_processing_dag.py for tasks to queue
[2026-09-05T18:49:21.020+0000] {logging_mixin.py:188} INFO - [2026-09-05T18:49:21.020+0000] {dagbag.py:545} INFO - Filling up the DagBag from /opt/airflow/dags/silver_processing_dag.py
[2026-09-05T18:49:21.065+0000] {processor.py:840} INFO - DAG(s) 'process_silver_layer' retrieved from /opt/airflow/dags/silver_processing_dag.py
[2026-09-05T18:49:21.122+0000] {logging_mixin.py:188} INFO - [2026-09-05T18:49:21.122+0000] {dag.py:3096} INFO - Sync 1 DAGs
[2026-09-05T18:49:21.166+0000] {logging_mixin.py:188} INFO - [2026-09-05T18:49:21.165+0000] {dag.py:3954} INFO - Setting next_dagrun for process_silver_layer to None, run_after=None
[2026-09-05T18:49:21.245+0000] {processor.py:183} INFO - Processing /opt/airflow/dags/silver_processing_dag.py took 0.252 seconds
[2026-09-05T18:49:51.666+0000] {processor.py:161} INFO - Started process (PID=2224) to work on /opt/airflow/dags/silver_processing_dag.py
[2026-09-05T18:49:51.669+0000] {processor.py:830} INFO - Processing file /opt/airflow/dags/silver_processing_dag.py for tasks to queue
[2026-09-05T18:49:51.675+0000] {logging_mixin.py:188} INFO - [2026-09-05T18:49:51.674+0000] {dagbag.py:545} INFO - Filling up the DagBag from /opt/airflow/dags/silver_processing_dag.py
[2026-09-05T18:49:51.719+0000] {processor.py:840} INFO - DAG(s) 'process_silver_layer' retrieved from /opt/airflow/dags/silver_processing_dag.py
[2026-09-05T18:49:51.770+0000] {logging_mixin.py:188} INFO - [2026-09-05T18:49:51.770+0000] {dag.py:3096} INFO - Sync 1 DAGs
[2026-09-05T18:49:51.808+0000] {logging_mixin.py:188} INFO - [2026-09-05T18:49:51.808+0000] {dag.py:3954} INFO - Setting next_dagrun for process_silver_layer to None, run_after=None
[2026-09-05T18:49:51.876+0000] {processor.py:183} INFO - Processing /opt/airflow/dags/silver_processing_dag.py took 0.227 seconds
[2026-09-05T18:50:22.328+0000] {processor.py:161} INFO - Started process (PID=2239) to work on /opt/airflow/dags/silver_processing_dag.py
[2026-09-05T18:50:22.331+0000] {processor.py:830} INFO - Processing file /opt/airflow/dags/silver_processing_dag.py for tasks to queue
[2026-09-05T18:50:22.335+0000] {logging_mixin.py:188} INFO - [2026-09-05T18:50:22.335+0000] {dagbag.py:545} INFO - Filling up the DagBag from /opt/airflow/dags/silver_processing_dag.py
[2026-09-05T18:50:22.381+0000] {processor.py:840} INFO - DAG(s) 'process_silver_layer' retrieved from /opt/airflow/dags/silver_processing_dag.py
[2026-09-05T18:50:22.434+0000] {logging_mixin.py:188} INFO - [2026-09-05T18:50:22.434+0000] {dag.py:3096} INFO - Sync 1 DAGs
[2026-09-05T18:50:22.474+0000] {logging_mixin.py:188} INFO - [2026-09-05T18:50:22.473+0000] {dag.py:3954} INFO - Setting next_dagrun for process_silver_layer to None, run_after=None
[2026-09-05T18:50:22.516+0000] {processor.py:183} INFO - Processing /opt/airflow/dags/silver_processing_dag.py took 0.207 seconds
[2026-09-05T18:50:52.901+0000] {processor.py:161} INFO - Started process (PID=2254) to work on /opt/airflow/dags/silver_processing_dag.py
[2026-09-05T18:50:52.904+0000] {processor.py:830} INFO - Processing file /opt/airflow/dags/silver_processing_dag.py for tasks to queue
[2026-09-05T18:50:52.915+0000] {logging_mixin.py:188} INFO - [2026-09-05T18:50:52.914+0000] {dagbag.py:545} INFO - Filling up the DagBag from /opt/airflow/dags/silver_processing_dag.py
[2026-09-05T18:50:52.979+0000] {processor.py:840} INFO - DAG(s) 'process_silver_layer' retrieved from /opt/airflow/dags/silver_processing_dag.py
[2026-09-05T18:50:53.108+0000] {logging_mixin.py:188} INFO - [2026-09-05T18:50:53.107+0000] {dag.py:3096} INFO - Sync 1 DAGs
[2026-09-05T18:50:53.161+0000] {logging_mixin.py:188} INFO - [2026-09-05T18:50:53.160+0000] {dag.py:3954} INFO - Setting next_dagrun for process_silver_layer to None, run_after=None
[2026-09-05T18:50:53.228+0000] {processor.py:183} INFO - Processing /opt/airflow/dags/silver_processing_dag.py took 0.343 seconds
[2026-09-05T18:51:23.687+0000] {processor.py:161} INFO - Started process (PID=2269) to work on /opt/airflow/dags/silver_processing_dag.py
[2026-09-05T18:51:23.689+0000] {processor.py:830} INFO - Processing file /opt/airflow/dags/silver_processing_dag.py for tasks to queue
[2026-09-05T18:51:23.695+0000] {logging_mixin.py:188} INFO - [2026-09-05T18:51:23.694+0000] {dagbag.py:545} INFO - Filling up the DagBag from /opt/airflow/dags/silver_processing_dag.py
[2026-09-05T18:51:23.740+0000] {processor.py:840} INFO - DAG(s) 'process_silver_layer' retrieved from /opt/airflow/dags/silver_processing_dag.py
[2026-09-05T18:51:23.794+0000] {logging_mixin.py:188} INFO - [2026-09-05T18:51:23.793+0000] {dag.py:3096} INFO - Sync 1 DAGs
[2026-09-05T18:51:23.827+0000] {logging_mixin.py:188} INFO - [2026-09-05T18:51:23.826+0000] {dag.py:3954} INFO - Setting next_dagrun for process_silver_layer to None, run_after=None
[2026-09-05T18:51:23.873+0000] {processor.py:183} INFO - Processing /opt/airflow/dags/silver_processing_dag.py took 0.203 seconds
[2026-09-05T18:51:54.277+0000] {processor.py:161} INFO - Started process (PID=2284) to work on /opt/airflow/dags/silver_processing_dag.py
[2026-09-05T18:51:54.280+0000] {processor.py:830} INFO - Processing file /opt/airflow/dags/silver_processing_dag.py for tasks to queue
[2026-09-05T18:51:54.285+0000] {logging_mixin.py:188} INFO - [2026-09-05T18:51:54.284+0000] {dagbag.py:545} INFO - Filling up the DagBag from /opt/airflow/dags/silver_processing_dag.py
[2026-09-05T18:51:54.337+0000] {processor.py:840} INFO - DAG(s) 'process_silver_layer' retrieved from /opt/airflow/dags/silver_processing_dag.py
[2026-09-05T18:51:54.406+0000] {logging_mixin.py:188} INFO - [2026-09-05T18:51:54.406+0000] {dag.py:3096} INFO - Sync 1 DAGs
[2026-09-05T18:51:54.457+0000] {logging_mixin.py:188} INFO - [2026-09-05T18:51:54.456+0000] {dag.py:3954} INFO - Setting next_dagrun for process_silver_layer to None, run_after=None
[2026-09-05T18:51:54.538+0000] {processor.py:183} INFO - Processing /opt/airflow/dags/silver_processing_dag.py took 0.278 seconds
[2026-09-05T18:52:24.973+0000] {processor.py:161} INFO - Started process (PID=2299) to work on /opt/airflow/dags/silver_processing_dag.py
[2026-09-05T18:52:24.976+0000] {processor.py:830} INFO - Processing file /opt/airflow/dags/silver_processing_dag.py for tasks to queue
[2026-09-05T18:52:24.983+0000] {logging_mixin.py:188} INFO - [2026-09-05T18:52:24.982+0000] {dagbag.py:545} INFO - Filling up the DagBag from /opt/airflow/dags/silver_processing_dag.py
[2026-09-05T18:52:25.030+0000] {processor.py:840} INFO - DAG(s) 'process_silver_layer' retrieved from /opt/airflow/dags/silver_processing_dag.py
[2026-09-05T18:52:25.086+0000] {logging_mixin.py:188} INFO - [2026-09-05T18:52:25.085+0000] {dag.py:3096} INFO - Sync 1 DAGs
[2026-09-05T18:52:25.123+0000] {logging_mixin.py:188} INFO - [2026-09-05T18:52:25.123+0000] {dag.py:3954} INFO - Setting next_dagrun for process_silver_layer to None, run_after=None
[2026-09-05T18:52:25.166+0000] {processor.py:183} INFO - Processing /opt/airflow/dags/silver_processing_dag.py took 0.211 seconds
[2026-09-05T18:52:55.553+0000] {processor.py:161} INFO - Started process (PID=2314) to work on /opt/airflow/dags/silver_processing_dag.py
[2026-09-05T18:52:55.556+0000] {processor.py:830} INFO - Processing file /opt/airflow/dags/silver_processing_dag.py for tasks to queue
[2026-09-05T18:52:55.561+0000] {logging_mixin.py:188} INFO - [2026-09-05T18:52:55.560+0000] {dagbag.py:545} INFO - Filling up the DagBag from /opt/airflow/dags/silver_processing_dag.py
[2026-09-05T18:52:55.603+0000] {processor.py:840} INFO - DAG(s) 'process_silver_layer' retrieved from /opt/airflow/dags/silver_processing_dag.py
[2026-09-05T18:52:55.659+0000] {logging_mixin.py:188} INFO - [2026-09-05T18:52:55.658+0000] {dag.py:3096} INFO - Sync 1 DAGs
[2026-09-05T18:52:55.702+0000] {logging_mixin.py:188} INFO - [2026-09-05T18:52:55.701+0000] {dag.py:3954} INFO - Setting next_dagrun for process_silver_layer to None, run_after=None
[2026-09-05T18:52:55.750+0000] {processor.py:183} INFO - Processing /opt/airflow/dags/silver_processing_dag.py took 0.210 seconds
[2026-09-05T18:53:26.134+0000] {processor.py:161} INFO - Started process (PID=2329) to work on /opt/airflow/dags/silver_processing_dag.py
[2026-09-05T18:53:26.137+0000] {processor.py:830} INFO - Processing file /opt/airflow/dags/silver_processing_dag.py for tasks to queue
[2026-09-05T18:53:26.142+0000] {logging_mixin.py:188} INFO - [2026-09-05T18:53:26.141+0000] {dagbag.py:545} INFO - Filling up the DagBag from /opt/airflow/dags/silver_processing_dag.py
[2026-09-05T18:53:26.186+0000] {processor.py:840} INFO - DAG(s) 'process_silver_layer' retrieved from /opt/airflow/dags/silver_processing_dag.py
[2026-09-05T18:53:26.240+0000] {logging_mixin.py:188} INFO - [2026-09-05T18:53:26.240+0000] {dag.py:3096} INFO - Sync 1 DAGs
[2026-09-05T18:53:26.268+0000] {logging_mixin.py:188} INFO - [2026-09-05T18:53:26.268+0000] {dag.py:3954} INFO - Setting next_dagrun for process_silver_layer to None, run_after=None
[2026-09-05T18:53:26.310+0000] {processor.py:183} INFO - Processing /opt/airflow/dags/silver_processing_dag.py took 0.194 seconds
[2026-09-05T18:53:56.707+0000] {processor.py:161} INFO - Started process (PID=2344) to work on /opt/airflow/dags/silver_processing_dag.py
[2026-09-05T18:53:56.710+0000] {processor.py:830} INFO - Processing file /opt/airflow/dags/silver_processing_dag.py for tasks to queue
[2026-09-05T18:53:56.718+0000] {logging_mixin.py:188} INFO - [2026-09-05T18:53:56.716+0000] {dagbag.py:545} INFO - Filling up the DagBag from /opt/airflow/dags/silver_processing_dag.py
[2026-09-05T18:53:56.760+0000] {processor.py:840} INFO - DAG(s) 'process_silver_layer' retrieved from /opt/airflow/dags/silver_processing_dag.py
[2026-09-05T18:53:56.809+0000] {logging_mixin.py:188} INFO - [2026-09-05T18:53:56.808+0000] {dag.py:3096} INFO - Sync 1 DAGs
[2026-09-05T18:53:56.839+0000] {logging_mixin.py:188} INFO - [2026-09-05T18:53:56.839+0000] {dag.py:3954} INFO - Setting next_dagrun for process_silver_layer to None, run_after=None
[2026-09-05T18:53:56.895+0000] {processor.py:183} INFO - Processing /opt/airflow/dags/silver_processing_dag.py took 0.205 seconds
[2026-09-05T18:54:27.301+0000] {processor.py:161} INFO - Started process (PID=2359) to work on /opt/airflow/dags/silver_processing_dag.py
[2026-09-05T18:54:27.303+0000] {processor.py:830} INFO - Processing file /opt/airflow/dags/silver_processing_dag.py for tasks to queue
[2026-09-05T18:54:27.311+0000] {logging_mixin.py:188} INFO - [2026-09-05T18:54:27.310+0000] {dagbag.py:545} INFO - Filling up the DagBag from /opt/airflow/dags/silver_processing_dag.py
[2026-09-05T18:54:27.355+0000] {processor.py:840} INFO - DAG(s) 'process_silver_layer' retrieved from /opt/airflow/dags/silver_processing_dag.py
[2026-09-05T18:54:27.440+0000] {logging_mixin.py:188} INFO - [2026-09-05T18:54:27.437+0000] {dag.py:3096} INFO - Sync 1 DAGs
[2026-09-05T18:54:27.495+0000] {logging_mixin.py:188} INFO - [2026-09-05T18:54:27.494+0000] {dag.py:3954} INFO - Setting next_dagrun for process_silver_layer to None, run_after=None
[2026-09-05T18:54:27.536+0000] {processor.py:183} INFO - Processing /opt/airflow/dags/silver_processing_dag.py took 0.251 seconds
[2026-09-05T18:54:58.031+0000] {processor.py:161} INFO - Started process (PID=2374) to work on /opt/airflow/dags/silver_processing_dag.py
[2026-09-05T18:54:58.034+0000] {processor.py:830} INFO - Processing file /opt/airflow/dags/silver_processing_dag.py for tasks to queue
[2026-09-05T18:54:58.043+0000] {logging_mixin.py:188} INFO - [2026-09-05T18:54:58.042+0000] {dagbag.py:545} INFO - Filling up the DagBag from /opt/airflow/dags/silver_processing_dag.py
[2026-09-05T18:54:58.087+0000] {processor.py:840} INFO - DAG(s) 'process_silver_layer' retrieved from /opt/airflow/dags/silver_processing_dag.py
[2026-09-05T18:54:58.143+0000] {logging_mixin.py:188} INFO - [2026-09-05T18:54:58.142+0000] {dag.py:3096} INFO - Sync 1 DAGs
[2026-09-05T18:54:58.180+0000] {logging_mixin.py:188} INFO - [2026-09-05T18:54:58.179+0000] {dag.py:3954} INFO - Setting next_dagrun for process_silver_layer to None, run_after=None
[2026-09-05T18:54:58.219+0000] {processor.py:183} INFO - Processing /opt/airflow/dags/silver_processing_dag.py took 0.206 seconds
[2026-09-05T18:55:28.621+0000] {processor.py:161} INFO - Started process (PID=2389) to work on /opt/airflow/dags/silver_processing_dag.py
[2026-09-05T18:55:28.624+0000] {processor.py:830} INFO - Processing file /opt/airflow/dags/silver_processing_dag.py for tasks to queue
[2026-09-05T18:55:28.630+0000] {logging_mixin.py:188} INFO - [2026-09-05T18:55:28.629+0000] {dagbag.py:545} INFO - Filling up the DagBag from /opt/airflow/dags/silver_processing_dag.py
[2026-09-05T18:55:28.674+0000] {processor.py:840} INFO - DAG(s) 'process_silver_layer' retrieved from /opt/airflow/dags/silver_processing_dag.py
[2026-09-05T18:55:28.725+0000] {logging_mixin.py:188} INFO - [2026-09-05T18:55:28.724+0000] {dag.py:3096} INFO - Sync 1 DAGs
[2026-09-05T18:55:28.758+0000] {logging_mixin.py:188} INFO - [2026-09-05T18:55:28.758+0000] {dag.py:3954} INFO - Setting next_dagrun for process_silver_layer to None, run_after=None
[2026-09-05T18:55:28.824+0000] {processor.py:183} INFO - Processing /opt/airflow/dags/silver_processing_dag.py took 0.219 seconds
[2026-09-05T18:55:59.214+0000] {processor.py:161} INFO - Started process (PID=2404) to work on /opt/airflow/dags/silver_processing_dag.py
[2026-09-05T18:55:59.217+0000] {processor.py:830} INFO - Processing file /opt/airflow/dags/silver_processing_dag.py for tasks to queue
[2026-09-05T18:55:59.224+0000] {logging_mixin.py:188} INFO - [2026-09-05T18:55:59.223+0000] {dagbag.py:545} INFO - Filling up the DagBag from /opt/airflow/dags/silver_processing_dag.py
[2026-09-05T18:55:59.268+0000] {processor.py:840} INFO - DAG(s) 'process_silver_layer' retrieved from /opt/airflow/dags/silver_processing_dag.py
[2026-09-05T18:55:59.319+0000] {logging_mixin.py:188} INFO - [2026-09-05T18:55:59.319+0000] {dag.py:3096} INFO - Sync 1 DAGs
[2026-09-05T18:55:59.355+0000] {logging_mixin.py:188} INFO - [2026-09-05T18:55:59.354+0000] {dag.py:3954} INFO - Setting next_dagrun for process_silver_layer to None, run_after=None
[2026-09-05T18:55:59.395+0000] {processor.py:183} INFO - Processing /opt/airflow/dags/silver_processing_dag.py took 0.198 seconds
[2026-09-05T18:56:29.771+0000] {processor.py:161} INFO - Started process (PID=2419) to work on /opt/airflow/dags/silver_processing_dag.py
[2026-09-05T18:56:29.775+0000] {processor.py:830} INFO - Processing file /opt/airflow/dags/silver_processing_dag.py for tasks to queue
[2026-09-05T18:56:29.780+0000] {logging_mixin.py:188} INFO - [2026-09-05T18:56:29.779+0000] {dagbag.py:545} INFO - Filling up the DagBag from /opt/airflow/dags/silver_processing_dag.py
[2026-09-05T18:56:29.823+0000] {processor.py:840} INFO - DAG(s) 'process_silver_layer' retrieved from /opt/airflow/dags/silver_processing_dag.py
[2026-09-05T18:56:29.880+0000] {logging_mixin.py:188} INFO - [2026-09-05T18:56:29.879+0000] {dag.py:3096} INFO - Sync 1 DAGs
[2026-09-05T18:56:29.911+0000] {logging_mixin.py:188} INFO - [2026-09-05T18:56:29.911+0000] {dag.py:3954} INFO - Setting next_dagrun for process_silver_layer to None, run_after=None
[2026-09-05T18:56:29.952+0000] {processor.py:183} INFO - Processing /opt/airflow/dags/silver_processing_dag.py took 0.198 seconds
[2026-09-05T18:57:00.353+0000] {processor.py:161} INFO - Started process (PID=2434) to work on /opt/airflow/dags/silver_processing_dag.py
[2026-09-05T18:57:00.356+0000] {processor.py:830} INFO - Processing file /opt/airflow/dags/silver_processing_dag.py for tasks to queue
[2026-09-05T18:57:00.364+0000] {logging_mixin.py:188} INFO - [2026-09-05T18:57:00.363+0000] {dagbag.py:545} INFO - Filling up the DagBag from /opt/airflow/dags/silver_processing_dag.py
[2026-09-05T18:57:00.408+0000] {processor.py:840} INFO - DAG(s) 'process_silver_layer' retrieved from /opt/airflow/dags/silver_processing_dag.py
[2026-09-05T18:57:00.463+0000] {logging_mixin.py:188} INFO - [2026-09-05T18:57:00.462+0000] {dag.py:3096} INFO - Sync 1 DAGs
[2026-09-05T18:57:00.498+0000] {logging_mixin.py:188} INFO - [2026-09-05T18:57:00.498+0000] {dag.py:3954} INFO - Setting next_dagrun for process_silver_layer to None, run_after=None
[2026-09-05T18:57:00.545+0000] {processor.py:183} INFO - Processing /opt/airflow/dags/silver_processing_dag.py took 0.208 seconds
[2026-09-05T18:57:30.961+0000] {processor.py:161} INFO - Started process (PID=2449) to work on /opt/airflow/dags/silver_processing_dag.py
[2026-09-05T18:57:30.964+0000] {processor.py:830} INFO - Processing file /opt/airflow/dags/silver_processing_dag.py for tasks to queue
[2026-09-05T18:57:30.972+0000] {logging_mixin.py:188} INFO - [2026-09-05T18:57:30.971+0000] {dagbag.py:545} INFO - Filling up the DagBag from /opt/airflow/dags/silver_processing_dag.py
[2026-09-05T18:57:31.015+0000] {processor.py:840} INFO - DAG(s) 'process_silver_layer' retrieved from /opt/airflow/dags/silver_processing_dag.py
[2026-09-05T18:57:31.064+0000] {logging_mixin.py:188} INFO - [2026-09-05T18:57:31.063+0000] {dag.py:3096} INFO - Sync 1 DAGs
[2026-09-05T18:57:31.094+0000] {logging_mixin.py:188} INFO - [2026-09-05T18:57:31.093+0000] {dag.py:3954} INFO - Setting next_dagrun for process_silver_layer to None, run_after=None
[2026-09-05T18:57:31.134+0000] {processor.py:183} INFO - Processing /opt/airflow/dags/silver_processing_dag.py took 0.188 seconds
[2026-09-05T18:58:01.541+0000] {processor.py:161} INFO - Started process (PID=2464) to work on /opt/airflow/dags/silver_processing_dag.py
[2026-09-05T18:58:01.545+0000] {processor.py:830} INFO - Processing file /opt/airflow/dags/silver_processing_dag.py for tasks to queue
[2026-09-05T18:58:01.552+0000] {logging_mixin.py:188} INFO - [2026-09-05T18:58:01.550+0000] {dagbag.py:545} INFO - Filling up the DagBag from /opt/airflow/dags/silver_processing_dag.py
[2026-09-05T18:58:01.610+0000] {processor.py:840} INFO - DAG(s) 'process_silver_layer' retrieved from /opt/airflow/dags/silver_processing_dag.py
[2026-09-05T18:58:01.688+0000] {logging_mixin.py:188} INFO - [2026-09-05T18:58:01.688+0000] {dag.py:3096} INFO - Sync 1 DAGs
[2026-09-05T18:58:01.717+0000] {logging_mixin.py:188} INFO - [2026-09-05T18:58:01.716+0000] {dag.py:3954} INFO - Setting next_dagrun for process_silver_layer to None, run_after=None
[2026-09-05T18:58:01.760+0000] {processor.py:183} INFO - Processing /opt/airflow/dags/silver_processing_dag.py took 0.237 seconds
[2026-09-05T18:58:32.152+0000] {processor.py:161} INFO - Started process (PID=2479) to work on /opt/airflow/dags/silver_processing_dag.py
[2026-09-05T18:58:32.155+0000] {processor.py:830} INFO - Processing file /opt/airflow/dags/silver_processing_dag.py for tasks to queue
[2026-09-05T18:58:32.161+0000] {logging_mixin.py:188} INFO - [2026-09-05T18:58:32.160+0000] {dagbag.py:545} INFO - Filling up the DagBag from /opt/airflow/dags/silver_processing_dag.py
[2026-09-05T18:58:32.213+0000] {processor.py:840} INFO - DAG(s) 'process_silver_layer' retrieved from /opt/airflow/dags/silver_processing_dag.py
[2026-09-05T18:58:32.274+0000] {logging_mixin.py:188} INFO - [2026-09-05T18:58:32.273+0000] {dag.py:3096} INFO - Sync 1 DAGs
[2026-09-05T18:58:32.309+0000] {logging_mixin.py:188} INFO - [2026-09-05T18:58:32.309+0000] {dag.py:3954} INFO - Setting next_dagrun for process_silver_layer to None, run_after=None
[2026-09-05T18:58:32.368+0000] {processor.py:183} INFO - Processing /opt/airflow/dags/silver_processing_dag.py took 0.234 seconds
[2026-09-05T18:59:02.778+0000] {processor.py:161} INFO - Started process (PID=2494) to work on /opt/airflow/dags/silver_processing_dag.py
[2026-09-05T18:59:02.780+0000] {processor.py:830} INFO - Processing file /opt/airflow/dags/silver_processing_dag.py for tasks to queue
[2026-09-05T18:59:02.786+0000] {logging_mixin.py:188} INFO - [2026-09-05T18:59:02.785+0000] {dagbag.py:545} INFO - Filling up the DagBag from /opt/airflow/dags/silver_processing_dag.py
[2026-09-05T18:59:02.831+0000] {processor.py:840} INFO - DAG(s) 'process_silver_layer' retrieved from /opt/airflow/dags/silver_processing_dag.py
[2026-09-05T18:59:02.886+0000] {logging_mixin.py:188} INFO - [2026-09-05T18:59:02.885+0000] {dag.py:3096} INFO - Sync 1 DAGs
[2026-09-05T18:59:02.931+0000] {logging_mixin.py:188} INFO - [2026-09-05T18:59:02.930+0000] {dag.py:3954} INFO - Setting next_dagrun for process_silver_layer to None, run_after=None
[2026-09-05T18:59:02.986+0000] {processor.py:183} INFO - Processing /opt/airflow/dags/silver_processing_dag.py took 0.224 seconds
[2026-09-05T18:59:33.396+0000] {processor.py:161} INFO - Started process (PID=2509) to work on /opt/airflow/dags/silver_processing_dag.py
[2026-09-05T18:59:33.399+0000] {processor.py:830} INFO - Processing file /opt/airflow/dags/silver_processing_dag.py for tasks to queue
[2026-09-05T18:59:33.408+0000] {logging_mixin.py:188} INFO - [2026-09-05T18:59:33.407+0000] {dagbag.py:545} INFO - Filling up the DagBag from /opt/airflow/dags/silver_processing_dag.py
[2026-09-05T18:59:33.469+0000] {processor.py:840} INFO - DAG(s) 'process_silver_layer' retrieved from /opt/airflow/dags/silver_processing_dag.py
[2026-09-05T18:59:33.580+0000] {logging_mixin.py:188} INFO - [2026-09-05T18:59:33.578+0000] {dag.py:3096} INFO - Sync 1 DAGs
[2026-09-05T18:59:33.634+0000] {logging_mixin.py:188} INFO - [2026-09-05T18:59:33.634+0000] {dag.py:3954} INFO - Setting next_dagrun for process_silver_layer to None, run_after=None
[2026-09-05T18:59:33.685+0000] {processor.py:183} INFO - Processing /opt/airflow/dags/silver_processing_dag.py took 0.309 seconds
[2026-09-05T19:00:04.286+0000] {processor.py:161} INFO - Started process (PID=2528) to work on /opt/airflow/dags/silver_processing_dag.py
[2026-09-05T19:00:04.303+0000] {processor.py:830} INFO - Processing file /opt/airflow/dags/silver_processing_dag.py for tasks to queue
[2026-09-05T19:00:04.330+0000] {logging_mixin.py:188} INFO - [2026-09-05T19:00:04.329+0000] {dagbag.py:545} INFO - Filling up the DagBag from /opt/airflow/dags/silver_processing_dag.py
[2026-09-05T19:00:04.426+0000] {processor.py:840} INFO - DAG(s) 'process_silver_layer' retrieved from /opt/airflow/dags/silver_processing_dag.py
[2026-09-05T19:00:04.571+0000] {logging_mixin.py:188} INFO - [2026-09-05T19:00:04.571+0000] {dag.py:3096} INFO - Sync 1 DAGs
[2026-09-05T19:00:04.661+0000] {logging_mixin.py:188} INFO - [2026-09-05T19:00:04.660+0000] {dag.py:3954} INFO - Setting next_dagrun for process_silver_layer to None, run_after=None
[2026-09-05T19:00:04.765+0000] {processor.py:183} INFO - Processing /opt/airflow/dags/silver_processing_dag.py took 0.515 seconds
[2026-09-05T19:00:35.224+0000] {processor.py:161} INFO - Started process (PID=2543) to work on /opt/airflow/dags/silver_processing_dag.py
[2026-09-05T19:00:35.227+0000] {processor.py:830} INFO - Processing file /opt/airflow/dags/silver_processing_dag.py for tasks to queue
[2026-09-05T19:00:35.235+0000] {logging_mixin.py:188} INFO - [2026-09-05T19:00:35.233+0000] {dagbag.py:545} INFO - Filling up the DagBag from /opt/airflow/dags/silver_processing_dag.py
[2026-09-05T19:00:35.276+0000] {processor.py:840} INFO - DAG(s) 'process_silver_layer' retrieved from /opt/airflow/dags/silver_processing_dag.py
[2026-09-05T19:00:35.326+0000] {logging_mixin.py:188} INFO - [2026-09-05T19:00:35.325+0000] {dag.py:3096} INFO - Sync 1 DAGs
[2026-09-05T19:00:35.366+0000] {logging_mixin.py:188} INFO - [2026-09-05T19:00:35.366+0000] {dag.py:3954} INFO - Setting next_dagrun for process_silver_layer to None, run_after=None
[2026-09-05T19:00:35.410+0000] {processor.py:183} INFO - Processing /opt/airflow/dags/silver_processing_dag.py took 0.205 seconds
[2026-09-05T19:01:05.837+0000] {processor.py:161} INFO - Started process (PID=2558) to work on /opt/airflow/dags/silver_processing_dag.py
[2026-09-05T19:01:05.840+0000] {processor.py:830} INFO - Processing file /opt/airflow/dags/silver_processing_dag.py for tasks to queue
[2026-09-05T19:01:05.848+0000] {logging_mixin.py:188} INFO - [2026-09-05T19:01:05.847+0000] {dagbag.py:545} INFO - Filling up the DagBag from /opt/airflow/dags/silver_processing_dag.py
[2026-09-05T19:01:05.894+0000] {processor.py:840} INFO - DAG(s) 'process_silver_layer' retrieved from /opt/airflow/dags/silver_processing_dag.py
[2026-09-05T19:01:05.946+0000] {logging_mixin.py:188} INFO - [2026-09-05T19:01:05.946+0000] {dag.py:3096} INFO - Sync 1 DAGs
[2026-09-05T19:01:05.981+0000] {logging_mixin.py:188} INFO - [2026-09-05T19:01:05.981+0000] {dag.py:3954} INFO - Setting next_dagrun for process_silver_layer to None, run_after=None
[2026-09-05T19:01:06.027+0000] {processor.py:183} INFO - Processing /opt/airflow/dags/silver_processing_dag.py took 0.207 seconds
[2026-09-05T19:01:36.503+0000] {processor.py:161} INFO - Started process (PID=2573) to work on /opt/airflow/dags/silver_processing_dag.py
[2026-09-05T19:01:36.505+0000] {processor.py:830} INFO - Processing file /opt/airflow/dags/silver_processing_dag.py for tasks to queue
[2026-09-05T19:01:36.511+0000] {logging_mixin.py:188} INFO - [2026-09-05T19:01:36.510+0000] {dagbag.py:545} INFO - Filling up the DagBag from /opt/airflow/dags/silver_processing_dag.py
[2026-09-05T19:01:36.556+0000] {processor.py:840} INFO - DAG(s) 'process_silver_layer' retrieved from /opt/airflow/dags/silver_processing_dag.py
[2026-09-05T19:01:36.608+0000] {logging_mixin.py:188} INFO - [2026-09-05T19:01:36.607+0000] {dag.py:3096} INFO - Sync 1 DAGs
[2026-09-05T19:01:36.648+0000] {logging_mixin.py:188} INFO - [2026-09-05T19:01:36.648+0000] {dag.py:3954} INFO - Setting next_dagrun for process_silver_layer to None, run_after=None
[2026-09-05T19:01:36.696+0000] {processor.py:183} INFO - Processing /opt/airflow/dags/silver_processing_dag.py took 0.211 seconds
[2026-09-05T19:02:07.092+0000] {processor.py:161} INFO - Started process (PID=2588) to work on /opt/airflow/dags/silver_processing_dag.py
[2026-09-05T19:02:07.095+0000] {processor.py:830} INFO - Processing file /opt/airflow/dags/silver_processing_dag.py for tasks to queue
[2026-09-05T19:02:07.100+0000] {logging_mixin.py:188} INFO - [2026-09-05T19:02:07.100+0000] {dagbag.py:545} INFO - Filling up the DagBag from /opt/airflow/dags/silver_processing_dag.py
[2026-09-05T19:02:07.144+0000] {processor.py:840} INFO - DAG(s) 'process_silver_layer' retrieved from /opt/airflow/dags/silver_processing_dag.py
[2026-09-05T19:02:07.197+0000] {logging_mixin.py:188} INFO - [2026-09-05T19:02:07.197+0000] {dag.py:3096} INFO - Sync 1 DAGs
[2026-09-05T19:02:07.232+0000] {logging_mixin.py:188} INFO - [2026-09-05T19:02:07.232+0000] {dag.py:3954} INFO - Setting next_dagrun for process_silver_layer to None, run_after=None
[2026-09-05T19:02:07.287+0000] {processor.py:183} INFO - Processing /opt/airflow/dags/silver_processing_dag.py took 0.212 seconds
[2026-09-05T19:02:37.674+0000] {processor.py:161} INFO - Started process (PID=2603) to work on /opt/airflow/dags/silver_processing_dag.py
[2026-09-05T19:02:37.677+0000] {processor.py:830} INFO - Processing file /opt/airflow/dags/silver_processing_dag.py for tasks to queue
[2026-09-05T19:02:37.683+0000] {logging_mixin.py:188} INFO - [2026-09-05T19:02:37.682+0000] {dagbag.py:545} INFO - Filling up the DagBag from /opt/airflow/dags/silver_processing_dag.py
[2026-09-05T19:02:37.726+0000] {processor.py:840} INFO - DAG(s) 'process_silver_layer' retrieved from /opt/airflow/dags/silver_processing_dag.py
[2026-09-05T19:02:37.775+0000] {logging_mixin.py:188} INFO - [2026-09-05T19:02:37.774+0000] {dag.py:3096} INFO - Sync 1 DAGs
[2026-09-05T19:02:37.810+0000] {logging_mixin.py:188} INFO - [2026-09-05T19:02:37.809+0000] {dag.py:3954} INFO - Setting next_dagrun for process_silver_layer to None, run_after=None
[2026-09-05T19:02:37.878+0000] {processor.py:183} INFO - Processing /opt/airflow/dags/silver_processing_dag.py took 0.222 seconds
[2026-09-05T19:03:08.273+0000] {processor.py:161} INFO - Started process (PID=2618) to work on /opt/airflow/dags/silver_processing_dag.py
[2026-09-05T19:03:08.276+0000] {processor.py:830} INFO - Processing file /opt/airflow/dags/silver_processing_dag.py for tasks to queue
[2026-09-05T19:03:08.283+0000] {logging_mixin.py:188} INFO - [2026-09-05T19:03:08.282+0000] {dagbag.py:545} INFO - Filling up the DagBag from /opt/airflow/dags/silver_processing_dag.py
[2026-09-05T19:03:08.332+0000] {processor.py:840} INFO - DAG(s) 'process_silver_layer' retrieved from /opt/airflow/dags/silver_processing_dag.py
[2026-09-05T19:03:08.388+0000] {logging_mixin.py:188} INFO - [2026-09-05T19:03:08.388+0000] {dag.py:3096} INFO - Sync 1 DAGs
[2026-09-05T19:03:08.420+0000] {logging_mixin.py:188} INFO - [2026-09-05T19:03:08.419+0000] {dag.py:3954} INFO - Setting next_dagrun for process_silver_layer to None, run_after=None
[2026-09-05T19:03:08.465+0000] {processor.py:183} INFO - Processing /opt/airflow/dags/silver_processing_dag.py took 0.209 seconds
[2026-09-05T19:03:38.883+0000] {processor.py:161} INFO - Started process (PID=2633) to work on /opt/airflow/dags/silver_processing_dag.py
[2026-09-05T19:03:38.886+0000] {processor.py:830} INFO - Processing file /opt/airflow/dags/silver_processing_dag.py for tasks to queue
[2026-09-05T19:03:38.893+0000] {logging_mixin.py:188} INFO - [2026-09-05T19:03:38.891+0000] {dagbag.py:545} INFO - Filling up the DagBag from /opt/airflow/dags/silver_processing_dag.py
[2026-09-05T19:03:38.961+0000] {processor.py:840} INFO - DAG(s) 'process_silver_layer' retrieved from /opt/airflow/dags/silver_processing_dag.py
[2026-09-05T19:03:39.074+0000] {logging_mixin.py:188} INFO - [2026-09-05T19:03:39.073+0000] {dag.py:3096} INFO - Sync 1 DAGs
[2026-09-05T19:03:39.132+0000] {logging_mixin.py:188} INFO - [2026-09-05T19:03:39.132+0000] {dag.py:3954} INFO - Setting next_dagrun for process_silver_layer to None, run_after=None
[2026-09-05T19:03:39.177+0000] {processor.py:183} INFO - Processing /opt/airflow/dags/silver_processing_dag.py took 0.312 seconds
[2026-09-05T19:04:09.574+0000] {processor.py:161} INFO - Started process (PID=2648) to work on /opt/airflow/dags/silver_processing_dag.py
[2026-09-05T19:04:09.576+0000] {processor.py:830} INFO - Processing file /opt/airflow/dags/silver_processing_dag.py for tasks to queue
[2026-09-05T19:04:09.581+0000] {logging_mixin.py:188} INFO - [2026-09-05T19:04:09.581+0000] {dagbag.py:545} INFO - Filling up the DagBag from /opt/airflow/dags/silver_processing_dag.py
[2026-09-05T19:04:09.623+0000] {processor.py:840} INFO - DAG(s) 'process_silver_layer' retrieved from /opt/airflow/dags/silver_processing_dag.py
[2026-09-05T19:04:09.674+0000] {logging_mixin.py:188} INFO - [2026-09-05T19:04:09.674+0000] {dag.py:3096} INFO - Sync 1 DAGs
[2026-09-05T19:04:09.711+0000] {logging_mixin.py:188} INFO - [2026-09-05T19:04:09.711+0000] {dag.py:3954} INFO - Setting next_dagrun for process_silver_layer to None, run_after=None
[2026-09-05T19:04:09.755+0000] {processor.py:183} INFO - Processing /opt/airflow/dags/silver_processing_dag.py took 0.199 seconds
[2026-09-05T19:04:40.183+0000] {processor.py:161} INFO - Started process (PID=2663) to work on /opt/airflow/dags/silver_processing_dag.py
[2026-09-05T19:04:40.186+0000] {processor.py:830} INFO - Processing file /opt/airflow/dags/silver_processing_dag.py for tasks to queue
[2026-09-05T19:04:40.195+0000] {logging_mixin.py:188} INFO - [2026-09-05T19:04:40.194+0000] {dagbag.py:545} INFO - Filling up the DagBag from /opt/airflow/dags/silver_processing_dag.py
[2026-09-05T19:04:40.238+0000] {processor.py:840} INFO - DAG(s) 'process_silver_layer' retrieved from /opt/airflow/dags/silver_processing_dag.py
[2026-09-05T19:04:40.297+0000] {logging_mixin.py:188} INFO - [2026-09-05T19:04:40.296+0000] {dag.py:3096} INFO - Sync 1 DAGs
[2026-09-05T19:04:40.333+0000] {logging_mixin.py:188} INFO - [2026-09-05T19:04:40.332+0000] {dag.py:3954} INFO - Setting next_dagrun for process_silver_layer to None, run_after=None
[2026-09-05T19:04:40.375+0000] {processor.py:183} INFO - Processing /opt/airflow/dags/silver_processing_dag.py took 0.216 seconds
[2026-09-05T19:05:10.864+0000] {processor.py:161} INFO - Started process (PID=2678) to work on /opt/airflow/dags/silver_processing_dag.py
[2026-09-05T19:05:10.868+0000] {processor.py:830} INFO - Processing file /opt/airflow/dags/silver_processing_dag.py for tasks to queue
[2026-09-05T19:05:10.876+0000] {logging_mixin.py:188} INFO - [2026-09-05T19:05:10.874+0000] {dagbag.py:545} INFO - Filling up the DagBag from /opt/airflow/dags/silver_processing_dag.py
[2026-09-05T19:05:10.932+0000] {processor.py:840} INFO - DAG(s) 'process_silver_layer' retrieved from /opt/airflow/dags/silver_processing_dag.py
[2026-09-05T19:05:11.004+0000] {logging_mixin.py:188} INFO - [2026-09-05T19:05:11.003+0000] {dag.py:3096} INFO - Sync 1 DAGs
[2026-09-05T19:05:11.040+0000] {logging_mixin.py:188} INFO - [2026-09-05T19:05:11.040+0000] {dag.py:3954} INFO - Setting next_dagrun for process_silver_layer to None, run_after=None
[2026-09-05T19:05:11.082+0000] {processor.py:183} INFO - Processing /opt/airflow/dags/silver_processing_dag.py took 0.240 seconds
[2026-09-05T19:05:41.482+0000] {processor.py:161} INFO - Started process (PID=2693) to work on /opt/airflow/dags/silver_processing_dag.py
[2026-09-05T19:05:41.484+0000] {processor.py:830} INFO - Processing file /opt/airflow/dags/silver_processing_dag.py for tasks to queue
[2026-09-05T19:05:41.490+0000] {logging_mixin.py:188} INFO - [2026-09-05T19:05:41.489+0000] {dagbag.py:545} INFO - Filling up the DagBag from /opt/airflow/dags/silver_processing_dag.py
[2026-09-05T19:05:41.538+0000] {processor.py:840} INFO - DAG(s) 'process_silver_layer' retrieved from /opt/airflow/dags/silver_processing_dag.py
[2026-09-05T19:05:41.625+0000] {logging_mixin.py:188} INFO - [2026-09-05T19:05:41.624+0000] {dag.py:3096} INFO - Sync 1 DAGs
[2026-09-05T19:05:41.684+0000] {logging_mixin.py:188} INFO - [2026-09-05T19:05:41.683+0000] {dag.py:3954} INFO - Setting next_dagrun for process_silver_layer to None, run_after=None
[2026-09-05T19:05:41.748+0000] {processor.py:183} INFO - Processing /opt/airflow/dags/silver_processing_dag.py took 0.281 seconds
[2026-09-05T19:06:12.232+0000] {processor.py:161} INFO - Started process (PID=2708) to work on /opt/airflow/dags/silver_processing_dag.py
[2026-09-05T19:06:12.235+0000] {processor.py:830} INFO - Processing file /opt/airflow/dags/silver_processing_dag.py for tasks to queue
[2026-09-05T19:06:12.241+0000] {logging_mixin.py:188} INFO - [2026-09-05T19:06:12.240+0000] {dagbag.py:545} INFO - Filling up the DagBag from /opt/airflow/dags/silver_processing_dag.py
[2026-09-05T19:06:12.282+0000] {processor.py:840} INFO - DAG(s) 'process_silver_layer' retrieved from /opt/airflow/dags/silver_processing_dag.py
[2026-09-05T19:06:12.332+0000] {logging_mixin.py:188} INFO - [2026-09-05T19:06:12.331+0000] {dag.py:3096} INFO - Sync 1 DAGs
[2026-09-05T19:06:12.366+0000] {logging_mixin.py:188} INFO - [2026-09-05T19:06:12.365+0000] {dag.py:3954} INFO - Setting next_dagrun for process_silver_layer to None, run_after=None
[2026-09-05T19:06:12.410+0000] {processor.py:183} INFO - Processing /opt/airflow/dags/silver_processing_dag.py took 0.195 seconds
[2026-09-05T19:06:42.828+0000] {processor.py:161} INFO - Started process (PID=2723) to work on /opt/airflow/dags/silver_processing_dag.py
[2026-09-05T19:06:42.832+0000] {processor.py:830} INFO - Processing file /opt/airflow/dags/silver_processing_dag.py for tasks to queue
[2026-09-05T19:06:42.839+0000] {logging_mixin.py:188} INFO - [2026-09-05T19:06:42.838+0000] {dagbag.py:545} INFO - Filling up the DagBag from /opt/airflow/dags/silver_processing_dag.py
[2026-09-05T19:06:42.896+0000] {processor.py:840} INFO - DAG(s) 'process_silver_layer' retrieved from /opt/airflow/dags/silver_processing_dag.py
[2026-09-05T19:06:42.953+0000] {logging_mixin.py:188} INFO - [2026-09-05T19:06:42.953+0000] {dag.py:3096} INFO - Sync 1 DAGs
[2026-09-05T19:06:42.996+0000] {logging_mixin.py:188} INFO - [2026-09-05T19:06:42.996+0000] {dag.py:3954} INFO - Setting next_dagrun for process_silver_layer to None, run_after=None
[2026-09-05T19:06:43.048+0000] {processor.py:183} INFO - Processing /opt/airflow/dags/silver_processing_dag.py took 0.240 seconds
[2026-09-05T19:07:13.451+0000] {processor.py:161} INFO - Started process (PID=2738) to work on /opt/airflow/dags/silver_processing_dag.py
[2026-09-05T19:07:13.454+0000] {processor.py:830} INFO - Processing file /opt/airflow/dags/silver_processing_dag.py for tasks to queue
[2026-09-05T19:07:13.461+0000] {logging_mixin.py:188} INFO - [2026-09-05T19:07:13.460+0000] {dagbag.py:545} INFO - Filling up the DagBag from /opt/airflow/dags/silver_processing_dag.py
[2026-09-05T19:07:13.506+0000] {processor.py:840} INFO - DAG(s) 'process_silver_layer' retrieved from /opt/airflow/dags/silver_processing_dag.py
[2026-09-05T19:07:13.563+0000] {logging_mixin.py:188} INFO - [2026-09-05T19:07:13.562+0000] {dag.py:3096} INFO - Sync 1 DAGs
[2026-09-05T19:07:13.598+0000] {logging_mixin.py:188} INFO - [2026-09-05T19:07:13.597+0000] {dag.py:3954} INFO - Setting next_dagrun for process_silver_layer to None, run_after=None
[2026-09-05T19:07:13.639+0000] {processor.py:183} INFO - Processing /opt/airflow/dags/silver_processing_dag.py took 0.205 seconds
[2026-09-05T19:07:44.037+0000] {processor.py:161} INFO - Started process (PID=2753) to work on /opt/airflow/dags/silver_processing_dag.py
[2026-09-05T19:07:44.040+0000] {processor.py:830} INFO - Processing file /opt/airflow/dags/silver_processing_dag.py for tasks to queue
[2026-09-05T19:07:44.046+0000] {logging_mixin.py:188} INFO - [2026-09-05T19:07:44.045+0000] {dagbag.py:545} INFO - Filling up the DagBag from /opt/airflow/dags/silver_processing_dag.py
[2026-09-05T19:07:44.097+0000] {processor.py:840} INFO - DAG(s) 'process_silver_layer' retrieved from /opt/airflow/dags/silver_processing_dag.py
[2026-09-05T19:07:44.158+0000] {logging_mixin.py:188} INFO - [2026-09-05T19:07:44.158+0000] {dag.py:3096} INFO - Sync 1 DAGs
[2026-09-05T19:07:44.195+0000] {logging_mixin.py:188} INFO - [2026-09-05T19:07:44.194+0000] {dag.py:3954} INFO - Setting next_dagrun for process_silver_layer to None, run_after=None
[2026-09-05T19:07:44.239+0000] {processor.py:183} INFO - Processing /opt/airflow/dags/silver_processing_dag.py took 0.221 seconds
[2026-09-05T19:08:14.642+0000] {processor.py:161} INFO - Started process (PID=2768) to work on /opt/airflow/dags/silver_processing_dag.py
[2026-09-05T19:08:14.647+0000] {processor.py:830} INFO - Processing file /opt/airflow/dags/silver_processing_dag.py for tasks to queue
[2026-09-05T19:08:14.654+0000] {logging_mixin.py:188} INFO - [2026-09-05T19:08:14.653+0000] {dagbag.py:545} INFO - Filling up the DagBag from /opt/airflow/dags/silver_processing_dag.py
[2026-09-05T19:08:14.697+0000] {processor.py:840} INFO - DAG(s) 'process_silver_layer' retrieved from /opt/airflow/dags/silver_processing_dag.py
[2026-09-05T19:08:14.749+0000] {logging_mixin.py:188} INFO - [2026-09-05T19:08:14.748+0000] {dag.py:3096} INFO - Sync 1 DAGs
[2026-09-05T19:08:14.783+0000] {logging_mixin.py:188} INFO - [2026-09-05T19:08:14.783+0000] {dag.py:3954} INFO - Setting next_dagrun for process_silver_layer to None, run_after=None
[2026-09-05T19:08:14.831+0000] {processor.py:183} INFO - Processing /opt/airflow/dags/silver_processing_dag.py took 0.217 seconds
[2026-09-05T19:08:45.229+0000] {processor.py:161} INFO - Started process (PID=2783) to work on /opt/airflow/dags/silver_processing_dag.py
[2026-09-05T19:08:45.232+0000] {processor.py:830} INFO - Processing file /opt/airflow/dags/silver_processing_dag.py for tasks to queue
[2026-09-05T19:08:45.241+0000] {logging_mixin.py:188} INFO - [2026-09-05T19:08:45.240+0000] {dagbag.py:545} INFO - Filling up the DagBag from /opt/airflow/dags/silver_processing_dag.py
[2026-09-05T19:08:45.285+0000] {processor.py:840} INFO - DAG(s) 'process_silver_layer' retrieved from /opt/airflow/dags/silver_processing_dag.py
[2026-09-05T19:08:45.338+0000] {logging_mixin.py:188} INFO - [2026-09-05T19:08:45.337+0000] {dag.py:3096} INFO - Sync 1 DAGs
[2026-09-05T19:08:45.371+0000] {logging_mixin.py:188} INFO - [2026-09-05T19:08:45.370+0000] {dag.py:3954} INFO - Setting next_dagrun for process_silver_layer to None, run_after=None
[2026-09-05T19:08:45.417+0000] {processor.py:183} INFO - Processing /opt/airflow/dags/silver_processing_dag.py took 0.207 seconds
[2026-09-05T19:09:15.823+0000] {processor.py:161} INFO - Started process (PID=2798) to work on /opt/airflow/dags/silver_processing_dag.py
[2026-09-05T19:09:15.825+0000] {processor.py:830} INFO - Processing file /opt/airflow/dags/silver_processing_dag.py for tasks to queue
[2026-09-05T19:09:15.832+0000] {logging_mixin.py:188} INFO - [2026-09-05T19:09:15.831+0000] {dagbag.py:545} INFO - Filling up the DagBag from /opt/airflow/dags/silver_processing_dag.py
[2026-09-05T19:09:15.878+0000] {processor.py:840} INFO - DAG(s) 'process_silver_layer' retrieved from /opt/airflow/dags/silver_processing_dag.py
[2026-09-05T19:09:15.935+0000] {logging_mixin.py:188} INFO - [2026-09-05T19:09:15.934+0000] {dag.py:3096} INFO - Sync 1 DAGs
[2026-09-05T19:09:15.970+0000] {logging_mixin.py:188} INFO - [2026-09-05T19:09:15.970+0000] {dag.py:3954} INFO - Setting next_dagrun for process_silver_layer to None, run_after=None
[2026-09-05T19:09:16.018+0000] {processor.py:183} INFO - Processing /opt/airflow/dags/silver_processing_dag.py took 0.212 seconds
[2026-09-05T19:09:46.415+0000] {processor.py:161} INFO - Started process (PID=2813) to work on /opt/airflow/dags/silver_processing_dag.py
[2026-09-05T19:09:46.418+0000] {processor.py:830} INFO - Processing file /opt/airflow/dags/silver_processing_dag.py for tasks to queue
[2026-09-05T19:09:46.423+0000] {logging_mixin.py:188} INFO - [2026-09-05T19:09:46.422+0000] {dagbag.py:545} INFO - Filling up the DagBag from /opt/airflow/dags/silver_processing_dag.py
[2026-09-05T19:09:46.464+0000] {processor.py:840} INFO - DAG(s) 'process_silver_layer' retrieved from /opt/airflow/dags/silver_processing_dag.py
[2026-09-05T19:09:46.519+0000] {logging_mixin.py:188} INFO - [2026-09-05T19:09:46.519+0000] {dag.py:3096} INFO - Sync 1 DAGs
[2026-09-05T19:09:46.550+0000] {logging_mixin.py:188} INFO - [2026-09-05T19:09:46.549+0000] {dag.py:3954} INFO - Setting next_dagrun for process_silver_layer to None, run_after=None
[2026-09-05T19:09:46.598+0000] {processor.py:183} INFO - Processing /opt/airflow/dags/silver_processing_dag.py took 0.200 seconds
[2026-09-05T19:10:17.107+0000] {processor.py:161} INFO - Started process (PID=2828) to work on /opt/airflow/dags/silver_processing_dag.py
[2026-09-05T19:10:17.109+0000] {processor.py:830} INFO - Processing file /opt/airflow/dags/silver_processing_dag.py for tasks to queue
[2026-09-05T19:10:17.115+0000] {logging_mixin.py:188} INFO - [2026-09-05T19:10:17.114+0000] {dagbag.py:545} INFO - Filling up the DagBag from /opt/airflow/dags/silver_processing_dag.py
[2026-09-05T19:10:17.159+0000] {processor.py:840} INFO - DAG(s) 'process_silver_layer' retrieved from /opt/airflow/dags/silver_processing_dag.py
[2026-09-05T19:10:17.211+0000] {logging_mixin.py:188} INFO - [2026-09-05T19:10:17.210+0000] {dag.py:3096} INFO - Sync 1 DAGs
[2026-09-05T19:10:17.243+0000] {logging_mixin.py:188} INFO - [2026-09-05T19:10:17.242+0000] {dag.py:3954} INFO - Setting next_dagrun for process_silver_layer to None, run_after=None
[2026-09-05T19:10:17.288+0000] {processor.py:183} INFO - Processing /opt/airflow/dags/silver_processing_dag.py took 0.203 seconds
[2026-09-05T19:10:47.683+0000] {processor.py:161} INFO - Started process (PID=2843) to work on /opt/airflow/dags/silver_processing_dag.py
[2026-09-05T19:10:47.686+0000] {processor.py:830} INFO - Processing file /opt/airflow/dags/silver_processing_dag.py for tasks to queue
[2026-09-05T19:10:47.693+0000] {logging_mixin.py:188} INFO - [2026-09-05T19:10:47.692+0000] {dagbag.py:545} INFO - Filling up the DagBag from /opt/airflow/dags/silver_processing_dag.py
[2026-09-05T19:10:47.737+0000] {processor.py:840} INFO - DAG(s) 'process_silver_layer' retrieved from /opt/airflow/dags/silver_processing_dag.py
[2026-09-05T19:10:47.796+0000] {logging_mixin.py:188} INFO - [2026-09-05T19:10:47.796+0000] {dag.py:3096} INFO - Sync 1 DAGs
[2026-09-05T19:10:47.833+0000] {logging_mixin.py:188} INFO - [2026-09-05T19:10:47.833+0000] {dag.py:3954} INFO - Setting next_dagrun for process_silver_layer to None, run_after=None
[2026-09-05T19:10:47.874+0000] {processor.py:183} INFO - Processing /opt/airflow/dags/silver_processing_dag.py took 0.208 seconds
[2026-09-05T19:11:18.277+0000] {processor.py:161} INFO - Started process (PID=2858) to work on /opt/airflow/dags/silver_processing_dag.py
[2026-09-05T19:11:18.281+0000] {processor.py:830} INFO - Processing file /opt/airflow/dags/silver_processing_dag.py for tasks to queue
[2026-09-05T19:11:18.288+0000] {logging_mixin.py:188} INFO - [2026-09-05T19:11:18.287+0000] {dagbag.py:545} INFO - Filling up the DagBag from /opt/airflow/dags/silver_processing_dag.py
[2026-09-05T19:11:18.344+0000] {processor.py:840} INFO - DAG(s) 'process_silver_layer' retrieved from /opt/airflow/dags/silver_processing_dag.py
[2026-09-05T19:11:18.399+0000] {logging_mixin.py:188} INFO - [2026-09-05T19:11:18.398+0000] {dag.py:3096} INFO - Sync 1 DAGs
[2026-09-05T19:11:18.428+0000] {logging_mixin.py:188} INFO - [2026-09-05T19:11:18.428+0000] {dag.py:3954} INFO - Setting next_dagrun for process_silver_layer to None, run_after=None
[2026-09-05T19:11:18.467+0000] {processor.py:183} INFO - Processing /opt/airflow/dags/silver_processing_dag.py took 0.209 seconds
[2026-09-05T19:11:48.873+0000] {processor.py:161} INFO - Started process (PID=2873) to work on /opt/airflow/dags/silver_processing_dag.py
[2026-09-05T19:11:48.876+0000] {processor.py:830} INFO - Processing file /opt/airflow/dags/silver_processing_dag.py for tasks to queue
[2026-09-05T19:11:48.882+0000] {logging_mixin.py:188} INFO - [2026-09-05T19:11:48.881+0000] {dagbag.py:545} INFO - Filling up the DagBag from /opt/airflow/dags/silver_processing_dag.py
[2026-09-05T19:11:48.927+0000] {processor.py:840} INFO - DAG(s) 'process_silver_layer' retrieved from /opt/airflow/dags/silver_processing_dag.py
[2026-09-05T19:11:48.977+0000] {logging_mixin.py:188} INFO - [2026-09-05T19:11:48.976+0000] {dag.py:3096} INFO - Sync 1 DAGs
[2026-09-05T19:11:49.013+0000] {logging_mixin.py:188} INFO - [2026-09-05T19:11:49.013+0000] {dag.py:3954} INFO - Setting next_dagrun for process_silver_layer to None, run_after=None
[2026-09-05T19:11:49.057+0000] {processor.py:183} INFO - Processing /opt/airflow/dags/silver_processing_dag.py took 0.202 seconds
[2026-09-05T19:12:19.477+0000] {processor.py:161} INFO - Started process (PID=2888) to work on /opt/airflow/dags/silver_processing_dag.py
[2026-09-05T19:12:19.480+0000] {processor.py:830} INFO - Processing file /opt/airflow/dags/silver_processing_dag.py for tasks to queue
[2026-09-05T19:12:19.490+0000] {logging_mixin.py:188} INFO - [2026-09-05T19:12:19.489+0000] {dagbag.py:545} INFO - Filling up the DagBag from /opt/airflow/dags/silver_processing_dag.py
[2026-09-05T19:12:19.539+0000] {processor.py:840} INFO - DAG(s) 'process_silver_layer' retrieved from /opt/airflow/dags/silver_processing_dag.py
[2026-09-05T19:12:19.599+0000] {logging_mixin.py:188} INFO - [2026-09-05T19:12:19.599+0000] {dag.py:3096} INFO - Sync 1 DAGs
[2026-09-05T19:12:19.638+0000] {logging_mixin.py:188} INFO - [2026-09-05T19:12:19.637+0000] {dag.py:3954} INFO - Setting next_dagrun for process_silver_layer to None, run_after=None
[2026-09-05T19:12:19.714+0000] {processor.py:183} INFO - Processing /opt/airflow/dags/silver_processing_dag.py took 0.259 seconds
[2026-09-05T19:12:50.107+0000] {processor.py:161} INFO - Started process (PID=2903) to work on /opt/airflow/dags/silver_processing_dag.py
[2026-09-05T19:12:50.111+0000] {processor.py:830} INFO - Processing file /opt/airflow/dags/silver_processing_dag.py for tasks to queue
[2026-09-05T19:12:50.120+0000] {logging_mixin.py:188} INFO - [2026-09-05T19:12:50.120+0000] {dagbag.py:545} INFO - Filling up the DagBag from /opt/airflow/dags/silver_processing_dag.py
[2026-09-05T19:12:50.166+0000] {processor.py:840} INFO - DAG(s) 'process_silver_layer' retrieved from /opt/airflow/dags/silver_processing_dag.py
[2026-09-05T19:12:50.236+0000] {logging_mixin.py:188} INFO - [2026-09-05T19:12:50.233+0000] {dag.py:3096} INFO - Sync 1 DAGs
[2026-09-05T19:12:50.274+0000] {logging_mixin.py:188} INFO - [2026-09-05T19:12:50.274+0000] {dag.py:3954} INFO - Setting next_dagrun for process_silver_layer to None, run_after=None
[2026-09-05T19:12:50.326+0000] {processor.py:183} INFO - Processing /opt/airflow/dags/silver_processing_dag.py took 0.240 seconds
[2026-09-05T19:13:20.711+0000] {processor.py:161} INFO - Started process (PID=2918) to work on /opt/airflow/dags/silver_processing_dag.py
[2026-09-05T19:13:20.714+0000] {processor.py:830} INFO - Processing file /opt/airflow/dags/silver_processing_dag.py for tasks to queue
[2026-09-05T19:13:20.720+0000] {logging_mixin.py:188} INFO - [2026-09-05T19:13:20.720+0000] {dagbag.py:545} INFO - Filling up the DagBag from /opt/airflow/dags/silver_processing_dag.py
[2026-09-05T19:13:20.763+0000] {processor.py:840} INFO - DAG(s) 'process_silver_layer' retrieved from /opt/airflow/dags/silver_processing_dag.py
[2026-09-05T19:13:20.819+0000] {logging_mixin.py:188} INFO - [2026-09-05T19:13:20.818+0000] {dag.py:3096} INFO - Sync 1 DAGs
[2026-09-05T19:13:20.861+0000] {logging_mixin.py:188} INFO - [2026-09-05T19:13:20.861+0000] {dag.py:3954} INFO - Setting next_dagrun for process_silver_layer to None, run_after=None
[2026-09-05T19:13:20.923+0000] {processor.py:183} INFO - Processing /opt/airflow/dags/silver_processing_dag.py took 0.227 seconds
[2026-09-05T19:13:51.325+0000] {processor.py:161} INFO - Started process (PID=2933) to work on /opt/airflow/dags/silver_processing_dag.py
[2026-09-05T19:13:51.330+0000] {processor.py:830} INFO - Processing file /opt/airflow/dags/silver_processing_dag.py for tasks to queue
[2026-09-05T19:13:51.337+0000] {logging_mixin.py:188} INFO - [2026-09-05T19:13:51.336+0000] {dagbag.py:545} INFO - Filling up the DagBag from /opt/airflow/dags/silver_processing_dag.py
[2026-09-05T19:13:51.394+0000] {processor.py:840} INFO - DAG(s) 'process_silver_layer' retrieved from /opt/airflow/dags/silver_processing_dag.py
[2026-09-05T19:13:51.453+0000] {logging_mixin.py:188} INFO - [2026-09-05T19:13:51.453+0000] {dag.py:3096} INFO - Sync 1 DAGs
[2026-09-05T19:13:51.481+0000] {logging_mixin.py:188} INFO - [2026-09-05T19:13:51.480+0000] {dag.py:3954} INFO - Setting next_dagrun for process_silver_layer to None, run_after=None
[2026-09-05T19:13:51.519+0000] {processor.py:183} INFO - Processing /opt/airflow/dags/silver_processing_dag.py took 0.210 seconds
[2026-09-05T19:14:22.041+0000] {processor.py:161} INFO - Started process (PID=2948) to work on /opt/airflow/dags/silver_processing_dag.py
[2026-09-05T19:14:22.049+0000] {processor.py:830} INFO - Processing file /opt/airflow/dags/silver_processing_dag.py for tasks to queue
[2026-09-05T19:14:22.060+0000] {logging_mixin.py:188} INFO - [2026-09-05T19:14:22.059+0000] {dagbag.py:545} INFO - Filling up the DagBag from /opt/airflow/dags/silver_processing_dag.py
[2026-09-05T19:14:22.118+0000] {processor.py:840} INFO - DAG(s) 'process_silver_layer' retrieved from /opt/airflow/dags/silver_processing_dag.py
[2026-09-05T19:14:22.205+0000] {logging_mixin.py:188} INFO - [2026-09-05T19:14:22.204+0000] {dag.py:3096} INFO - Sync 1 DAGs
[2026-09-05T19:14:22.261+0000] {logging_mixin.py:188} INFO - [2026-09-05T19:14:22.260+0000] {dag.py:3954} INFO - Setting next_dagrun for process_silver_layer to None, run_after=None
[2026-09-05T19:14:22.346+0000] {processor.py:183} INFO - Processing /opt/airflow/dags/silver_processing_dag.py took 0.324 seconds
[2026-09-05T19:14:53.095+0000] {processor.py:161} INFO - Started process (PID=2963) to work on /opt/airflow/dags/silver_processing_dag.py
[2026-09-05T19:14:53.098+0000] {processor.py:830} INFO - Processing file /opt/airflow/dags/silver_processing_dag.py for tasks to queue
[2026-09-05T19:14:53.104+0000] {logging_mixin.py:188} INFO - [2026-09-05T19:14:53.103+0000] {dagbag.py:545} INFO - Filling up the DagBag from /opt/airflow/dags/silver_processing_dag.py
[2026-09-05T19:14:53.159+0000] {processor.py:840} INFO - DAG(s) 'process_silver_layer' retrieved from /opt/airflow/dags/silver_processing_dag.py
[2026-09-05T19:14:53.247+0000] {logging_mixin.py:188} INFO - [2026-09-05T19:14:53.246+0000] {dag.py:3096} INFO - Sync 1 DAGs
[2026-09-05T19:14:53.293+0000] {logging_mixin.py:188} INFO - [2026-09-05T19:14:53.292+0000] {dag.py:3954} INFO - Setting next_dagrun for process_silver_layer to None, run_after=None
[2026-09-05T19:14:53.349+0000] {processor.py:183} INFO - Processing /opt/airflow/dags/silver_processing_dag.py took 0.271 seconds
[2026-09-05T19:15:23.868+0000] {processor.py:161} INFO - Started process (PID=2978) to work on /opt/airflow/dags/silver_processing_dag.py
[2026-09-05T19:15:23.871+0000] {processor.py:830} INFO - Processing file /opt/airflow/dags/silver_processing_dag.py for tasks to queue
[2026-09-05T19:15:23.879+0000] {logging_mixin.py:188} INFO - [2026-09-05T19:15:23.877+0000] {dagbag.py:545} INFO - Filling up the DagBag from /opt/airflow/dags/silver_processing_dag.py
[2026-09-05T19:15:23.926+0000] {processor.py:840} INFO - DAG(s) 'process_silver_layer' retrieved from /opt/airflow/dags/silver_processing_dag.py
[2026-09-05T19:15:23.985+0000] {logging_mixin.py:188} INFO - [2026-09-05T19:15:23.984+0000] {dag.py:3096} INFO - Sync 1 DAGs
[2026-09-05T19:15:24.022+0000] {logging_mixin.py:188} INFO - [2026-09-05T19:15:24.021+0000] {dag.py:3954} INFO - Setting next_dagrun for process_silver_layer to None, run_after=None
[2026-09-05T19:15:24.076+0000] {processor.py:183} INFO - Processing /opt/airflow/dags/silver_processing_dag.py took 0.228 seconds
[2026-09-05T19:15:54.957+0000] {processor.py:161} INFO - Started process (PID=3001) to work on /opt/airflow/dags/silver_processing_dag.py
[2026-09-05T19:15:54.960+0000] {processor.py:830} INFO - Processing file /opt/airflow/dags/silver_processing_dag.py for tasks to queue
[2026-09-05T19:15:54.978+0000] {logging_mixin.py:188} INFO - [2026-09-05T19:15:54.977+0000] {dagbag.py:545} INFO - Filling up the DagBag from /opt/airflow/dags/silver_processing_dag.py
[2026-09-05T19:15:55.066+0000] {processor.py:840} INFO - DAG(s) 'process_silver_layer' retrieved from /opt/airflow/dags/silver_processing_dag.py
[2026-09-05T19:15:55.154+0000] {logging_mixin.py:188} INFO - [2026-09-05T19:15:55.153+0000] {dag.py:3096} INFO - Sync 1 DAGs
[2026-09-05T19:15:55.223+0000] {logging_mixin.py:188} INFO - [2026-09-05T19:15:55.223+0000] {dag.py:3954} INFO - Setting next_dagrun for process_silver_layer to None, run_after=None
[2026-09-05T19:15:55.358+0000] {processor.py:183} INFO - Processing /opt/airflow/dags/silver_processing_dag.py took 0.464 seconds
[2026-09-05T19:16:25.620+0000] {processor.py:161} INFO - Started process (PID=3144) to work on /opt/airflow/dags/silver_processing_dag.py
[2026-09-05T19:16:25.622+0000] {processor.py:830} INFO - Processing file /opt/airflow/dags/silver_processing_dag.py for tasks to queue
[2026-09-05T19:16:25.629+0000] {logging_mixin.py:188} INFO - [2026-09-05T19:16:25.628+0000] {dagbag.py:545} INFO - Filling up the DagBag from /opt/airflow/dags/silver_processing_dag.py
[2026-09-05T19:16:25.672+0000] {processor.py:840} INFO - DAG(s) 'process_silver_layer' retrieved from /opt/airflow/dags/silver_processing_dag.py
[2026-09-05T19:16:25.743+0000] {logging_mixin.py:188} INFO - [2026-09-05T19:16:25.743+0000] {dag.py:3096} INFO - Sync 1 DAGs
[2026-09-05T19:16:25.838+0000] {logging_mixin.py:188} INFO - [2026-09-05T19:16:25.838+0000] {dag.py:3954} INFO - Setting next_dagrun for process_silver_layer to None, run_after=None
[2026-09-05T19:16:26.169+0000] {processor.py:183} INFO - Processing /opt/airflow/dags/silver_processing_dag.py took 0.564 seconds
[2026-09-05T19:16:56.444+0000] {processor.py:161} INFO - Started process (PID=3230) to work on /opt/airflow/dags/silver_processing_dag.py
[2026-09-05T19:16:56.447+0000] {processor.py:830} INFO - Processing file /opt/airflow/dags/silver_processing_dag.py for tasks to queue
[2026-09-05T19:16:56.457+0000] {logging_mixin.py:188} INFO - [2026-09-05T19:16:56.455+0000] {dagbag.py:545} INFO - Filling up the DagBag from /opt/airflow/dags/silver_processing_dag.py
[2026-09-05T19:16:56.496+0000] {processor.py:840} INFO - DAG(s) 'process_silver_layer' retrieved from /opt/airflow/dags/silver_processing_dag.py
[2026-09-05T19:16:56.568+0000] {logging_mixin.py:188} INFO - [2026-09-05T19:16:56.568+0000] {dag.py:3096} INFO - Sync 1 DAGs
[2026-09-05T19:16:56.598+0000] {logging_mixin.py:188} INFO - [2026-09-05T19:16:56.597+0000] {dag.py:3954} INFO - Setting next_dagrun for process_silver_layer to None, run_after=None
[2026-09-05T19:16:56.639+0000] {processor.py:183} INFO - Processing /opt/airflow/dags/silver_processing_dag.py took 0.210 seconds
[2026-09-05T19:17:26.851+0000] {processor.py:161} INFO - Started process (PID=3356) to work on /opt/airflow/dags/silver_processing_dag.py
[2026-09-05T19:17:26.855+0000] {processor.py:830} INFO - Processing file /opt/airflow/dags/silver_processing_dag.py for tasks to queue
[2026-09-05T19:17:26.861+0000] {logging_mixin.py:188} INFO - [2026-09-05T19:17:26.860+0000] {dagbag.py:545} INFO - Filling up the DagBag from /opt/airflow/dags/silver_processing_dag.py
[2026-09-05T19:17:26.906+0000] {processor.py:840} INFO - DAG(s) 'process_silver_layer' retrieved from /opt/airflow/dags/silver_processing_dag.py
[2026-09-05T19:17:26.955+0000] {logging_mixin.py:188} INFO - [2026-09-05T19:17:26.955+0000] {dag.py:3096} INFO - Sync 1 DAGs
[2026-09-05T19:17:26.983+0000] {logging_mixin.py:188} INFO - [2026-09-05T19:17:26.982+0000] {dag.py:3954} INFO - Setting next_dagrun for process_silver_layer to None, run_after=None
[2026-09-05T19:17:27.023+0000] {processor.py:183} INFO - Processing /opt/airflow/dags/silver_processing_dag.py took 0.190 seconds
[2026-09-05T19:17:57.132+0000] {processor.py:161} INFO - Started process (PID=3412) to work on /opt/airflow/dags/silver_processing_dag.py
[2026-09-05T19:17:57.135+0000] {processor.py:830} INFO - Processing file /opt/airflow/dags/silver_processing_dag.py for tasks to queue
[2026-09-05T19:17:57.160+0000] {logging_mixin.py:188} INFO - [2026-09-05T19:17:57.158+0000] {dagbag.py:545} INFO - Filling up the DagBag from /opt/airflow/dags/silver_processing_dag.py
[2026-09-05T19:17:57.471+0000] {processor.py:840} INFO - DAG(s) 'process_silver_layer' retrieved from /opt/airflow/dags/silver_processing_dag.py
[2026-09-05T19:17:57.531+0000] {logging_mixin.py:188} INFO - [2026-09-05T19:17:57.531+0000] {dag.py:3096} INFO - Sync 1 DAGs
[2026-09-05T19:17:57.580+0000] {logging_mixin.py:188} INFO - [2026-09-05T19:17:57.580+0000] {dag.py:3954} INFO - Setting next_dagrun for process_silver_layer to None, run_after=None
[2026-09-05T19:17:57.649+0000] {processor.py:183} INFO - Processing /opt/airflow/dags/silver_processing_dag.py took 0.532 seconds
[2026-09-05T19:18:27.861+0000] {processor.py:161} INFO - Started process (PID=3442) to work on /opt/airflow/dags/silver_processing_dag.py
[2026-09-05T19:18:27.863+0000] {processor.py:830} INFO - Processing file /opt/airflow/dags/silver_processing_dag.py for tasks to queue
[2026-09-05T19:18:27.869+0000] {logging_mixin.py:188} INFO - [2026-09-05T19:18:27.868+0000] {dagbag.py:545} INFO - Filling up the DagBag from /opt/airflow/dags/silver_processing_dag.py
[2026-09-05T19:18:27.911+0000] {processor.py:840} INFO - DAG(s) 'process_silver_layer' retrieved from /opt/airflow/dags/silver_processing_dag.py
[2026-09-05T19:18:27.999+0000] {logging_mixin.py:188} INFO - [2026-09-05T19:18:27.998+0000] {dag.py:3096} INFO - Sync 1 DAGs
[2026-09-05T19:18:28.071+0000] {logging_mixin.py:188} INFO - [2026-09-05T19:18:28.070+0000] {dag.py:3954} INFO - Setting next_dagrun for process_silver_layer to None, run_after=None
[2026-09-05T19:18:28.127+0000] {processor.py:183} INFO - Processing /opt/airflow/dags/silver_processing_dag.py took 0.281 seconds
[2026-09-05T19:18:58.985+0000] {processor.py:161} INFO - Started process (PID=3460) to work on /opt/airflow/dags/silver_processing_dag.py
[2026-09-05T19:18:58.987+0000] {processor.py:830} INFO - Processing file /opt/airflow/dags/silver_processing_dag.py for tasks to queue
[2026-09-05T19:18:58.992+0000] {logging_mixin.py:188} INFO - [2026-09-05T19:18:58.992+0000] {dagbag.py:545} INFO - Filling up the DagBag from /opt/airflow/dags/silver_processing_dag.py
[2026-09-05T19:18:59.045+0000] {processor.py:840} INFO - DAG(s) 'process_silver_layer' retrieved from /opt/airflow/dags/silver_processing_dag.py
[2026-09-05T19:18:59.129+0000] {logging_mixin.py:188} INFO - [2026-09-05T19:18:59.127+0000] {dag.py:3096} INFO - Sync 1 DAGs
[2026-09-05T19:18:59.158+0000] {logging_mixin.py:188} INFO - [2026-09-05T19:18:59.158+0000] {dag.py:3954} INFO - Setting next_dagrun for process_silver_layer to None, run_after=None
[2026-09-05T19:18:59.201+0000] {processor.py:183} INFO - Processing /opt/airflow/dags/silver_processing_dag.py took 0.232 seconds
[2026-09-05T19:19:29.410+0000] {processor.py:161} INFO - Started process (PID=3477) to work on /opt/airflow/dags/silver_processing_dag.py
[2026-09-05T19:19:29.412+0000] {processor.py:830} INFO - Processing file /opt/airflow/dags/silver_processing_dag.py for tasks to queue
[2026-09-05T19:19:29.418+0000] {logging_mixin.py:188} INFO - [2026-09-05T19:19:29.417+0000] {dagbag.py:545} INFO - Filling up the DagBag from /opt/airflow/dags/silver_processing_dag.py
[2026-09-05T19:19:29.457+0000] {processor.py:840} INFO - DAG(s) 'process_silver_layer' retrieved from /opt/airflow/dags/silver_processing_dag.py
[2026-09-05T19:19:29.508+0000] {logging_mixin.py:188} INFO - [2026-09-05T19:19:29.507+0000] {dag.py:3096} INFO - Sync 1 DAGs
[2026-09-05T19:19:29.551+0000] {logging_mixin.py:188} INFO - [2026-09-05T19:19:29.550+0000] {dag.py:3954} INFO - Setting next_dagrun for process_silver_layer to None, run_after=None
[2026-09-05T19:19:29.607+0000] {processor.py:183} INFO - Processing /opt/airflow/dags/silver_processing_dag.py took 0.209 seconds
[2026-09-05T19:20:00.860+0000] {processor.py:161} INFO - Started process (PID=3494) to work on /opt/airflow/dags/silver_processing_dag.py
[2026-09-05T19:20:00.942+0000] {processor.py:830} INFO - Processing file /opt/airflow/dags/silver_processing_dag.py for tasks to queue
[2026-09-05T19:20:01.008+0000] {logging_mixin.py:188} INFO - [2026-09-05T19:20:01.007+0000] {dagbag.py:545} INFO - Filling up the DagBag from /opt/airflow/dags/silver_processing_dag.py
[2026-09-05T19:20:02.066+0000] {processor.py:840} INFO - DAG(s) 'process_silver_layer' retrieved from /opt/airflow/dags/silver_processing_dag.py
[2026-09-05T19:20:02.373+0000] {logging_mixin.py:188} INFO - [2026-09-05T19:20:02.372+0000] {dag.py:3096} INFO - Sync 1 DAGs
[2026-09-05T19:20:02.535+0000] {logging_mixin.py:188} INFO - [2026-09-05T19:20:02.534+0000] {dag.py:3954} INFO - Setting next_dagrun for process_silver_layer to None, run_after=None
[2026-09-05T19:20:02.921+0000] {processor.py:183} INFO - Processing /opt/airflow/dags/silver_processing_dag.py took 2.591 seconds
[2026-09-05T19:20:33.646+0000] {processor.py:161} INFO - Started process (PID=3512) to work on /opt/airflow/dags/silver_processing_dag.py
[2026-09-05T19:20:33.658+0000] {processor.py:830} INFO - Processing file /opt/airflow/dags/silver_processing_dag.py for tasks to queue
[2026-09-05T19:20:33.665+0000] {logging_mixin.py:188} INFO - [2026-09-05T19:20:33.664+0000] {dagbag.py:545} INFO - Filling up the DagBag from /opt/airflow/dags/silver_processing_dag.py
[2026-09-05T19:20:33.774+0000] {processor.py:840} INFO - DAG(s) 'process_silver_layer' retrieved from /opt/airflow/dags/silver_processing_dag.py
[2026-09-05T19:20:33.941+0000] {logging_mixin.py:188} INFO - [2026-09-05T19:20:33.941+0000] {dag.py:3096} INFO - Sync 1 DAGs
[2026-09-05T19:20:34.057+0000] {logging_mixin.py:188} INFO - [2026-09-05T19:20:34.056+0000] {dag.py:3954} INFO - Setting next_dagrun for process_silver_layer to None, run_after=None
[2026-09-05T19:20:34.219+0000] {processor.py:183} INFO - Processing /opt/airflow/dags/silver_processing_dag.py took 0.625 seconds
[2026-09-05T19:21:04.867+0000] {processor.py:161} INFO - Started process (PID=3575) to work on /opt/airflow/dags/silver_processing_dag.py
[2026-09-05T19:21:04.872+0000] {processor.py:830} INFO - Processing file /opt/airflow/dags/silver_processing_dag.py for tasks to queue
[2026-09-05T19:21:04.882+0000] {logging_mixin.py:188} INFO - [2026-09-05T19:21:04.881+0000] {dagbag.py:545} INFO - Filling up the DagBag from /opt/airflow/dags/silver_processing_dag.py
[2026-09-05T19:21:04.955+0000] {processor.py:840} INFO - DAG(s) 'process_silver_layer' retrieved from /opt/airflow/dags/silver_processing_dag.py
[2026-09-05T19:21:05.105+0000] {logging_mixin.py:188} INFO - [2026-09-05T19:21:05.104+0000] {dag.py:3096} INFO - Sync 1 DAGs
[2026-09-05T19:21:05.180+0000] {logging_mixin.py:188} INFO - [2026-09-05T19:21:05.179+0000] {dag.py:3954} INFO - Setting next_dagrun for process_silver_layer to None, run_after=None
[2026-09-05T19:21:05.307+0000] {processor.py:183} INFO - Processing /opt/airflow/dags/silver_processing_dag.py took 0.467 seconds
[2026-09-05T19:21:44.166+0000] {processor.py:161} INFO - Started process (PID=3629) to work on /opt/airflow/dags/silver_processing_dag.py
[2026-09-05T19:21:44.331+0000] {processor.py:830} INFO - Processing file /opt/airflow/dags/silver_processing_dag.py for tasks to queue
[2026-09-05T19:21:44.663+0000] {logging_mixin.py:188} INFO - [2026-09-05T19:21:44.662+0000] {dagbag.py:545} INFO - Filling up the DagBag from /opt/airflow/dags/silver_processing_dag.py
[2026-09-05T19:21:46.198+0000] {processor.py:840} INFO - DAG(s) 'process_silver_layer' retrieved from /opt/airflow/dags/silver_processing_dag.py
[2026-09-05T19:21:46.667+0000] {logging_mixin.py:188} INFO - [2026-09-05T19:21:46.666+0000] {dag.py:3096} INFO - Sync 1 DAGs
[2026-09-05T19:21:46.939+0000] {logging_mixin.py:188} INFO - [2026-09-05T19:21:46.939+0000] {dag.py:3954} INFO - Setting next_dagrun for process_silver_layer to None, run_after=None
[2026-09-05T19:21:47.248+0000] {processor.py:183} INFO - Processing /opt/airflow/dags/silver_processing_dag.py took 3.118 seconds
[2026-09-05T19:22:23.128+0000] {processor.py:161} INFO - Started process (PID=3665) to work on /opt/airflow/dags/silver_processing_dag.py
[2026-09-05T19:22:23.208+0000] {processor.py:830} INFO - Processing file /opt/airflow/dags/silver_processing_dag.py for tasks to queue
[2026-09-05T19:22:23.673+0000] {logging_mixin.py:188} INFO - [2026-09-05T19:22:23.651+0000] {dagbag.py:545} INFO - Filling up the DagBag from /opt/airflow/dags/silver_processing_dag.py
[2026-09-05T19:22:25.043+0000] {processor.py:840} INFO - DAG(s) 'process_silver_layer' retrieved from /opt/airflow/dags/silver_processing_dag.py
[2026-09-05T19:22:26.893+0000] {logging_mixin.py:188} INFO - [2026-09-05T19:22:26.893+0000] {dag.py:3096} INFO - Sync 1 DAGs
[2026-09-05T19:22:30.194+0000] {logging_mixin.py:188} INFO - [2026-09-05T19:22:30.193+0000] {dag.py:3954} INFO - Setting next_dagrun for process_silver_layer to None, run_after=None
[2026-09-05T19:22:32.781+0000] {processor.py:183} INFO - Processing /opt/airflow/dags/silver_processing_dag.py took 10.791 seconds
[2026-09-05T19:23:04.325+0000] {processor.py:161} INFO - Started process (PID=3689) to work on /opt/airflow/dags/silver_processing_dag.py
[2026-09-05T19:23:04.329+0000] {processor.py:830} INFO - Processing file /opt/airflow/dags/silver_processing_dag.py for tasks to queue
[2026-09-05T19:23:04.339+0000] {logging_mixin.py:188} INFO - [2026-09-05T19:23:04.338+0000] {dagbag.py:545} INFO - Filling up the DagBag from /opt/airflow/dags/silver_processing_dag.py
[2026-09-05T19:23:04.612+0000] {processor.py:840} INFO - DAG(s) 'process_silver_layer' retrieved from /opt/airflow/dags/silver_processing_dag.py
[2026-09-05T19:23:04.880+0000] {logging_mixin.py:188} INFO - [2026-09-05T19:23:04.877+0000] {dag.py:3096} INFO - Sync 1 DAGs
[2026-09-05T19:23:05.103+0000] {logging_mixin.py:188} INFO - [2026-09-05T19:23:05.103+0000] {dag.py:3954} INFO - Setting next_dagrun for process_silver_layer to None, run_after=None
[2026-09-05T19:23:05.285+0000] {processor.py:183} INFO - Processing /opt/airflow/dags/silver_processing_dag.py took 1.037 seconds
[2026-09-05T19:23:37.710+0000] {processor.py:161} INFO - Started process (PID=3706) to work on /opt/airflow/dags/silver_processing_dag.py
[2026-09-05T19:23:37.720+0000] {processor.py:830} INFO - Processing file /opt/airflow/dags/silver_processing_dag.py for tasks to queue
[2026-09-05T19:23:37.794+0000] {logging_mixin.py:188} INFO - [2026-09-05T19:23:37.793+0000] {dagbag.py:545} INFO - Filling up the DagBag from /opt/airflow/dags/silver_processing_dag.py
[2026-09-05T19:23:38.751+0000] {processor.py:840} INFO - DAG(s) 'process_silver_layer' retrieved from /opt/airflow/dags/silver_processing_dag.py
[2026-09-05T19:23:38.963+0000] {logging_mixin.py:188} INFO - [2026-09-05T19:23:38.962+0000] {dag.py:3096} INFO - Sync 1 DAGs
[2026-09-05T19:23:39.230+0000] {logging_mixin.py:188} INFO - [2026-09-05T19:23:39.229+0000] {dag.py:3954} INFO - Setting next_dagrun for process_silver_layer to None, run_after=None
[2026-09-05T19:23:39.414+0000] {processor.py:183} INFO - Processing /opt/airflow/dags/silver_processing_dag.py took 1.756 seconds
[2026-09-05T19:24:12.825+0000] {processor.py:161} INFO - Started process (PID=3723) to work on /opt/airflow/dags/silver_processing_dag.py
[2026-09-05T19:24:12.924+0000] {processor.py:830} INFO - Processing file /opt/airflow/dags/silver_processing_dag.py for tasks to queue
[2026-09-05T19:24:13.022+0000] {logging_mixin.py:188} INFO - [2026-09-05T19:24:13.016+0000] {dagbag.py:545} INFO - Filling up the DagBag from /opt/airflow/dags/silver_processing_dag.py
[2026-09-05T19:24:13.893+0000] {processor.py:840} INFO - DAG(s) 'process_silver_layer' retrieved from /opt/airflow/dags/silver_processing_dag.py
[2026-09-05T19:24:14.254+0000] {logging_mixin.py:188} INFO - [2026-09-05T19:24:14.253+0000] {dag.py:3096} INFO - Sync 1 DAGs
[2026-09-05T19:24:14.406+0000] {logging_mixin.py:188} INFO - [2026-09-05T19:24:14.406+0000] {dag.py:3954} INFO - Setting next_dagrun for process_silver_layer to None, run_after=None
[2026-09-05T19:24:14.566+0000] {processor.py:183} INFO - Processing /opt/airflow/dags/silver_processing_dag.py took 2.122 seconds
[2026-09-05T19:24:45.185+0000] {processor.py:161} INFO - Started process (PID=3742) to work on /opt/airflow/dags/silver_processing_dag.py
[2026-09-05T19:24:45.189+0000] {processor.py:830} INFO - Processing file /opt/airflow/dags/silver_processing_dag.py for tasks to queue
[2026-09-05T19:24:45.206+0000] {logging_mixin.py:188} INFO - [2026-09-05T19:24:45.205+0000] {dagbag.py:545} INFO - Filling up the DagBag from /opt/airflow/dags/silver_processing_dag.py
[2026-09-05T19:24:45.334+0000] {processor.py:840} INFO - DAG(s) 'process_silver_layer' retrieved from /opt/airflow/dags/silver_processing_dag.py
[2026-09-05T19:24:45.477+0000] {logging_mixin.py:188} INFO - [2026-09-05T19:24:45.474+0000] {dag.py:3096} INFO - Sync 1 DAGs
[2026-09-05T19:24:45.549+0000] {logging_mixin.py:188} INFO - [2026-09-05T19:24:45.548+0000] {dag.py:3954} INFO - Setting next_dagrun for process_silver_layer to None, run_after=None
[2026-09-05T19:24:45.608+0000] {processor.py:183} INFO - Processing /opt/airflow/dags/silver_processing_dag.py took 0.450 seconds
[2026-09-05T19:25:16.683+0000] {processor.py:161} INFO - Started process (PID=3760) to work on /opt/airflow/dags/silver_processing_dag.py
[2026-09-05T19:25:16.705+0000] {processor.py:830} INFO - Processing file /opt/airflow/dags/silver_processing_dag.py for tasks to queue
[2026-09-05T19:25:16.734+0000] {logging_mixin.py:188} INFO - [2026-09-05T19:25:16.730+0000] {dagbag.py:545} INFO - Filling up the DagBag from /opt/airflow/dags/silver_processing_dag.py
[2026-09-05T19:25:16.984+0000] {processor.py:840} INFO - DAG(s) 'process_silver_layer' retrieved from /opt/airflow/dags/silver_processing_dag.py
[2026-09-05T19:25:17.539+0000] {logging_mixin.py:188} INFO - [2026-09-05T19:25:17.536+0000] {dag.py:3096} INFO - Sync 1 DAGs
[2026-09-05T19:25:17.683+0000] {logging_mixin.py:188} INFO - [2026-09-05T19:25:17.683+0000] {dag.py:3954} INFO - Setting next_dagrun for process_silver_layer to None, run_after=None
[2026-09-05T19:25:17.988+0000] {processor.py:183} INFO - Processing /opt/airflow/dags/silver_processing_dag.py took 1.564 seconds
[2026-09-05T19:25:50.815+0000] {processor.py:161} INFO - Started process (PID=3781) to work on /opt/airflow/dags/silver_processing_dag.py
[2026-09-05T19:25:50.868+0000] {processor.py:830} INFO - Processing file /opt/airflow/dags/silver_processing_dag.py for tasks to queue
[2026-09-05T19:25:50.963+0000] {logging_mixin.py:188} INFO - [2026-09-05T19:25:50.960+0000] {dagbag.py:545} INFO - Filling up the DagBag from /opt/airflow/dags/silver_processing_dag.py
[2026-09-05T19:25:52.021+0000] {processor.py:840} INFO - DAG(s) 'process_silver_layer' retrieved from /opt/airflow/dags/silver_processing_dag.py
[2026-09-05T19:25:52.216+0000] {logging_mixin.py:188} INFO - [2026-09-05T19:25:52.216+0000] {dag.py:3096} INFO - Sync 1 DAGs
[2026-09-05T19:25:52.438+0000] {logging_mixin.py:188} INFO - [2026-09-05T19:25:52.438+0000] {dag.py:3954} INFO - Setting next_dagrun for process_silver_layer to None, run_after=None
[2026-09-05T19:25:52.753+0000] {processor.py:183} INFO - Processing /opt/airflow/dags/silver_processing_dag.py took 1.988 seconds
[2026-09-05T19:26:24.312+0000] {processor.py:161} INFO - Started process (PID=3838) to work on /opt/airflow/dags/silver_processing_dag.py
[2026-09-05T19:26:24.339+0000] {processor.py:830} INFO - Processing file /opt/airflow/dags/silver_processing_dag.py for tasks to queue
[2026-09-05T19:26:24.379+0000] {logging_mixin.py:188} INFO - [2026-09-05T19:26:24.378+0000] {dagbag.py:545} INFO - Filling up the DagBag from /opt/airflow/dags/silver_processing_dag.py
[2026-09-05T19:26:25.858+0000] {processor.py:840} INFO - DAG(s) 'process_silver_layer' retrieved from /opt/airflow/dags/silver_processing_dag.py
[2026-09-05T19:26:25.994+0000] {logging_mixin.py:188} INFO - [2026-09-05T19:26:25.991+0000] {dag.py:3096} INFO - Sync 1 DAGs
[2026-09-05T19:26:26.161+0000] {logging_mixin.py:188} INFO - [2026-09-05T19:26:26.160+0000] {dag.py:3954} INFO - Setting next_dagrun for process_silver_layer to None, run_after=None
[2026-09-05T19:26:26.430+0000] {processor.py:183} INFO - Processing /opt/airflow/dags/silver_processing_dag.py took 2.211 seconds
[2026-09-05T19:26:56.939+0000] {processor.py:161} INFO - Started process (PID=3882) to work on /opt/airflow/dags/silver_processing_dag.py
[2026-09-05T19:26:56.944+0000] {processor.py:830} INFO - Processing file /opt/airflow/dags/silver_processing_dag.py for tasks to queue
[2026-09-05T19:26:56.951+0000] {logging_mixin.py:188} INFO - [2026-09-05T19:26:56.951+0000] {dagbag.py:545} INFO - Filling up the DagBag from /opt/airflow/dags/silver_processing_dag.py
[2026-09-05T19:26:56.996+0000] {processor.py:840} INFO - DAG(s) 'process_silver_layer' retrieved from /opt/airflow/dags/silver_processing_dag.py
[2026-09-05T19:26:57.046+0000] {logging_mixin.py:188} INFO - [2026-09-05T19:26:57.046+0000] {dag.py:3096} INFO - Sync 1 DAGs
[2026-09-05T19:26:57.074+0000] {logging_mixin.py:188} INFO - [2026-09-05T19:26:57.074+0000] {dag.py:3954} INFO - Setting next_dagrun for process_silver_layer to None, run_after=None
[2026-09-05T19:26:57.116+0000] {processor.py:183} INFO - Processing /opt/airflow/dags/silver_processing_dag.py took 0.197 seconds
[2026-09-05T19:27:28.427+0000] {processor.py:161} INFO - Started process (PID=3994) to work on /opt/airflow/dags/silver_processing_dag.py
[2026-09-05T19:27:28.431+0000] {processor.py:830} INFO - Processing file /opt/airflow/dags/silver_processing_dag.py for tasks to queue
[2026-09-05T19:27:28.669+0000] {logging_mixin.py:188} INFO - [2026-09-05T19:27:28.649+0000] {dagbag.py:545} INFO - Filling up the DagBag from /opt/airflow/dags/silver_processing_dag.py
[2026-09-05T19:27:29.011+0000] {processor.py:840} INFO - DAG(s) 'process_silver_layer' retrieved from /opt/airflow/dags/silver_processing_dag.py
[2026-09-05T19:27:29.919+0000] {logging_mixin.py:188} INFO - [2026-09-05T19:27:29.917+0000] {dag.py:3096} INFO - Sync 1 DAGs
[2026-09-05T19:27:30.140+0000] {logging_mixin.py:188} INFO - [2026-09-05T19:27:30.139+0000] {dag.py:3954} INFO - Setting next_dagrun for process_silver_layer to None, run_after=None
[2026-09-05T19:27:31.289+0000] {processor.py:183} INFO - Processing /opt/airflow/dags/silver_processing_dag.py took 3.206 seconds
[2026-09-05T19:28:01.984+0000] {processor.py:161} INFO - Started process (PID=4030) to work on /opt/airflow/dags/silver_processing_dag.py
[2026-09-05T19:28:01.987+0000] {processor.py:830} INFO - Processing file /opt/airflow/dags/silver_processing_dag.py for tasks to queue
[2026-09-05T19:28:01.992+0000] {logging_mixin.py:188} INFO - [2026-09-05T19:28:01.991+0000] {dagbag.py:545} INFO - Filling up the DagBag from /opt/airflow/dags/silver_processing_dag.py
[2026-09-05T19:28:02.039+0000] {processor.py:840} INFO - DAG(s) 'process_silver_layer' retrieved from /opt/airflow/dags/silver_processing_dag.py
[2026-09-05T19:28:02.195+0000] {logging_mixin.py:188} INFO - [2026-09-05T19:28:02.195+0000] {dag.py:3096} INFO - Sync 1 DAGs
[2026-09-05T19:28:02.265+0000] {logging_mixin.py:188} INFO - [2026-09-05T19:28:02.264+0000] {dag.py:3954} INFO - Setting next_dagrun for process_silver_layer to None, run_after=None
[2026-09-05T19:28:02.485+0000] {processor.py:183} INFO - Processing /opt/airflow/dags/silver_processing_dag.py took 0.514 seconds
[2026-09-05T19:28:33.087+0000] {processor.py:161} INFO - Started process (PID=4056) to work on /opt/airflow/dags/silver_processing_dag.py
[2026-09-05T19:28:33.098+0000] {processor.py:830} INFO - Processing file /opt/airflow/dags/silver_processing_dag.py for tasks to queue
[2026-09-05T19:28:33.119+0000] {logging_mixin.py:188} INFO - [2026-09-05T19:28:33.116+0000] {dagbag.py:545} INFO - Filling up the DagBag from /opt/airflow/dags/silver_processing_dag.py
[2026-09-05T19:28:33.334+0000] {processor.py:840} INFO - DAG(s) 'process_silver_layer' retrieved from /opt/airflow/dags/silver_processing_dag.py
[2026-09-05T19:28:33.475+0000] {logging_mixin.py:188} INFO - [2026-09-05T19:28:33.475+0000] {dag.py:3096} INFO - Sync 1 DAGs
[2026-09-05T19:28:33.524+0000] {logging_mixin.py:188} INFO - [2026-09-05T19:28:33.523+0000] {dag.py:3954} INFO - Setting next_dagrun for process_silver_layer to None, run_after=None
[2026-09-05T19:28:33.611+0000] {processor.py:183} INFO - Processing /opt/airflow/dags/silver_processing_dag.py took 0.633 seconds
[2026-09-05T19:29:03.987+0000] {processor.py:161} INFO - Started process (PID=4075) to work on /opt/airflow/dags/silver_processing_dag.py
[2026-09-05T19:29:03.991+0000] {processor.py:830} INFO - Processing file /opt/airflow/dags/silver_processing_dag.py for tasks to queue
[2026-09-05T19:29:04.007+0000] {logging_mixin.py:188} INFO - [2026-09-05T19:29:04.006+0000] {dagbag.py:545} INFO - Filling up the DagBag from /opt/airflow/dags/silver_processing_dag.py
[2026-09-05T19:29:04.062+0000] {processor.py:840} INFO - DAG(s) 'process_silver_layer' retrieved from /opt/airflow/dags/silver_processing_dag.py
[2026-09-05T19:29:04.162+0000] {logging_mixin.py:188} INFO - [2026-09-05T19:29:04.162+0000] {dag.py:3096} INFO - Sync 1 DAGs
[2026-09-05T19:29:04.215+0000] {logging_mixin.py:188} INFO - [2026-09-05T19:29:04.215+0000] {dag.py:3954} INFO - Setting next_dagrun for process_silver_layer to None, run_after=None
[2026-09-05T19:29:04.279+0000] {processor.py:183} INFO - Processing /opt/airflow/dags/silver_processing_dag.py took 0.316 seconds
[2026-09-05T19:29:34.955+0000] {processor.py:161} INFO - Started process (PID=4095) to work on /opt/airflow/dags/silver_processing_dag.py
[2026-09-05T19:29:34.958+0000] {processor.py:830} INFO - Processing file /opt/airflow/dags/silver_processing_dag.py for tasks to queue
[2026-09-05T19:29:34.966+0000] {logging_mixin.py:188} INFO - [2026-09-05T19:29:34.964+0000] {dagbag.py:545} INFO - Filling up the DagBag from /opt/airflow/dags/silver_processing_dag.py
[2026-09-05T19:29:35.007+0000] {processor.py:840} INFO - DAG(s) 'process_silver_layer' retrieved from /opt/airflow/dags/silver_processing_dag.py
[2026-09-05T19:29:35.051+0000] {logging_mixin.py:188} INFO - [2026-09-05T19:29:35.051+0000] {dag.py:3096} INFO - Sync 1 DAGs
[2026-09-05T19:29:35.089+0000] {logging_mixin.py:188} INFO - [2026-09-05T19:29:35.089+0000] {dag.py:3954} INFO - Setting next_dagrun for process_silver_layer to None, run_after=None
[2026-09-05T19:29:35.132+0000] {processor.py:183} INFO - Processing /opt/airflow/dags/silver_processing_dag.py took 0.200 seconds
[2026-09-05T19:30:05.917+0000] {processor.py:161} INFO - Started process (PID=4112) to work on /opt/airflow/dags/silver_processing_dag.py
[2026-09-05T19:30:05.920+0000] {processor.py:830} INFO - Processing file /opt/airflow/dags/silver_processing_dag.py for tasks to queue
[2026-09-05T19:30:05.926+0000] {logging_mixin.py:188} INFO - [2026-09-05T19:30:05.926+0000] {dagbag.py:545} INFO - Filling up the DagBag from /opt/airflow/dags/silver_processing_dag.py
[2026-09-05T19:30:05.973+0000] {processor.py:840} INFO - DAG(s) 'process_silver_layer' retrieved from /opt/airflow/dags/silver_processing_dag.py
[2026-09-05T19:30:06.052+0000] {logging_mixin.py:188} INFO - [2026-09-05T19:30:06.051+0000] {dag.py:3096} INFO - Sync 1 DAGs
[2026-09-05T19:30:06.116+0000] {logging_mixin.py:188} INFO - [2026-09-05T19:30:06.115+0000] {dag.py:3954} INFO - Setting next_dagrun for process_silver_layer to None, run_after=None
[2026-09-05T19:30:06.198+0000] {processor.py:183} INFO - Processing /opt/airflow/dags/silver_processing_dag.py took 0.297 seconds
[2026-09-05T19:30:37.179+0000] {processor.py:161} INFO - Started process (PID=4130) to work on /opt/airflow/dags/silver_processing_dag.py
[2026-09-05T19:30:37.185+0000] {processor.py:830} INFO - Processing file /opt/airflow/dags/silver_processing_dag.py for tasks to queue
[2026-09-05T19:30:37.202+0000] {logging_mixin.py:188} INFO - [2026-09-05T19:30:37.193+0000] {dagbag.py:545} INFO - Filling up the DagBag from /opt/airflow/dags/silver_processing_dag.py
[2026-09-05T19:30:37.272+0000] {processor.py:840} INFO - DAG(s) 'process_silver_layer' retrieved from /opt/airflow/dags/silver_processing_dag.py
[2026-09-05T19:30:37.339+0000] {logging_mixin.py:188} INFO - [2026-09-05T19:30:37.339+0000] {dag.py:3096} INFO - Sync 1 DAGs
[2026-09-05T19:30:37.471+0000] {logging_mixin.py:188} INFO - [2026-09-05T19:30:37.471+0000] {dag.py:3954} INFO - Setting next_dagrun for process_silver_layer to None, run_after=None
[2026-09-05T19:30:37.528+0000] {processor.py:183} INFO - Processing /opt/airflow/dags/silver_processing_dag.py took 0.373 seconds
[2026-09-05T19:31:07.758+0000] {processor.py:161} INFO - Started process (PID=4145) to work on /opt/airflow/dags/silver_processing_dag.py
[2026-09-05T19:31:07.762+0000] {processor.py:830} INFO - Processing file /opt/airflow/dags/silver_processing_dag.py for tasks to queue
[2026-09-05T19:31:07.780+0000] {logging_mixin.py:188} INFO - [2026-09-05T19:31:07.779+0000] {dagbag.py:545} INFO - Filling up the DagBag from /opt/airflow/dags/silver_processing_dag.py
[2026-09-05T19:31:07.838+0000] {processor.py:840} INFO - DAG(s) 'process_silver_layer' retrieved from /opt/airflow/dags/silver_processing_dag.py
[2026-09-05T19:31:07.903+0000] {logging_mixin.py:188} INFO - [2026-09-05T19:31:07.898+0000] {dag.py:3096} INFO - Sync 1 DAGs
[2026-09-05T19:31:07.940+0000] {logging_mixin.py:188} INFO - [2026-09-05T19:31:07.940+0000] {dag.py:3954} INFO - Setting next_dagrun for process_silver_layer to None, run_after=None
[2026-09-05T19:31:07.995+0000] {processor.py:183} INFO - Processing /opt/airflow/dags/silver_processing_dag.py took 0.283 seconds
[2026-09-05T19:31:38.434+0000] {processor.py:161} INFO - Started process (PID=4162) to work on /opt/airflow/dags/silver_processing_dag.py
[2026-09-05T19:31:38.440+0000] {processor.py:830} INFO - Processing file /opt/airflow/dags/silver_processing_dag.py for tasks to queue
[2026-09-05T19:31:38.454+0000] {logging_mixin.py:188} INFO - [2026-09-05T19:31:38.453+0000] {dagbag.py:545} INFO - Filling up the DagBag from /opt/airflow/dags/silver_processing_dag.py
[2026-09-05T19:31:38.559+0000] {processor.py:840} INFO - DAG(s) 'process_silver_layer' retrieved from /opt/airflow/dags/silver_processing_dag.py
[2026-09-05T19:31:38.897+0000] {logging_mixin.py:188} INFO - [2026-09-05T19:31:38.896+0000] {dag.py:3096} INFO - Sync 1 DAGs
[2026-09-05T19:31:39.050+0000] {logging_mixin.py:188} INFO - [2026-09-05T19:31:39.049+0000] {dag.py:3954} INFO - Setting next_dagrun for process_silver_layer to None, run_after=None
[2026-09-05T19:31:39.175+0000] {processor.py:183} INFO - Processing /opt/airflow/dags/silver_processing_dag.py took 0.775 seconds
[2026-09-05T19:32:10.147+0000] {processor.py:161} INFO - Started process (PID=4179) to work on /opt/airflow/dags/silver_processing_dag.py
[2026-09-05T19:32:10.149+0000] {processor.py:830} INFO - Processing file /opt/airflow/dags/silver_processing_dag.py for tasks to queue
[2026-09-05T19:32:10.153+0000] {logging_mixin.py:188} INFO - [2026-09-05T19:32:10.152+0000] {dagbag.py:545} INFO - Filling up the DagBag from /opt/airflow/dags/silver_processing_dag.py
[2026-09-05T19:32:10.187+0000] {processor.py:840} INFO - DAG(s) 'process_silver_layer' retrieved from /opt/airflow/dags/silver_processing_dag.py
[2026-09-05T19:32:10.337+0000] {logging_mixin.py:188} INFO - [2026-09-05T19:32:10.336+0000] {dag.py:3096} INFO - Sync 1 DAGs
[2026-09-05T19:32:10.434+0000] {logging_mixin.py:188} INFO - [2026-09-05T19:32:10.434+0000] {dag.py:3954} INFO - Setting next_dagrun for process_silver_layer to None, run_after=None
[2026-09-05T19:32:10.545+0000] {processor.py:183} INFO - Processing /opt/airflow/dags/silver_processing_dag.py took 0.417 seconds
[2026-09-05T19:32:41.045+0000] {processor.py:161} INFO - Started process (PID=4196) to work on /opt/airflow/dags/silver_processing_dag.py
[2026-09-05T19:32:41.048+0000] {processor.py:830} INFO - Processing file /opt/airflow/dags/silver_processing_dag.py for tasks to queue
[2026-09-05T19:32:41.053+0000] {logging_mixin.py:188} INFO - [2026-09-05T19:32:41.052+0000] {dagbag.py:545} INFO - Filling up the DagBag from /opt/airflow/dags/silver_processing_dag.py
[2026-09-05T19:32:41.105+0000] {processor.py:840} INFO - DAG(s) 'process_silver_layer' retrieved from /opt/airflow/dags/silver_processing_dag.py
[2026-09-05T19:32:41.239+0000] {logging_mixin.py:188} INFO - [2026-09-05T19:32:41.238+0000] {dag.py:3096} INFO - Sync 1 DAGs
[2026-09-05T19:32:41.331+0000] {logging_mixin.py:188} INFO - [2026-09-05T19:32:41.331+0000] {dag.py:3954} INFO - Setting next_dagrun for process_silver_layer to None, run_after=None
[2026-09-05T19:32:41.422+0000] {processor.py:183} INFO - Processing /opt/airflow/dags/silver_processing_dag.py took 0.393 seconds
[2026-09-05T19:33:12.421+0000] {processor.py:161} INFO - Started process (PID=4215) to work on /opt/airflow/dags/silver_processing_dag.py
[2026-09-05T19:33:12.482+0000] {processor.py:830} INFO - Processing file /opt/airflow/dags/silver_processing_dag.py for tasks to queue
[2026-09-05T19:33:12.525+0000] {logging_mixin.py:188} INFO - [2026-09-05T19:33:12.524+0000] {dagbag.py:545} INFO - Filling up the DagBag from /opt/airflow/dags/silver_processing_dag.py
[2026-09-05T19:33:12.923+0000] {processor.py:840} INFO - DAG(s) 'process_silver_layer' retrieved from /opt/airflow/dags/silver_processing_dag.py
[2026-09-05T19:33:13.142+0000] {logging_mixin.py:188} INFO - [2026-09-05T19:33:13.141+0000] {dag.py:3096} INFO - Sync 1 DAGs
[2026-09-05T19:33:13.219+0000] {logging_mixin.py:188} INFO - [2026-09-05T19:33:13.219+0000] {dag.py:3954} INFO - Setting next_dagrun for process_silver_layer to None, run_after=None
[2026-09-05T19:33:13.313+0000] {processor.py:183} INFO - Processing /opt/airflow/dags/silver_processing_dag.py took 1.069 seconds
[2026-09-05T19:33:43.696+0000] {processor.py:161} INFO - Started process (PID=4230) to work on /opt/airflow/dags/silver_processing_dag.py
[2026-09-05T19:33:43.700+0000] {processor.py:830} INFO - Processing file /opt/airflow/dags/silver_processing_dag.py for tasks to queue
[2026-09-05T19:33:43.720+0000] {logging_mixin.py:188} INFO - [2026-09-05T19:33:43.717+0000] {dagbag.py:545} INFO - Filling up the DagBag from /opt/airflow/dags/silver_processing_dag.py
[2026-09-05T19:33:43.826+0000] {processor.py:840} INFO - DAG(s) 'process_silver_layer' retrieved from /opt/airflow/dags/silver_processing_dag.py
[2026-09-05T19:33:43.892+0000] {logging_mixin.py:188} INFO - [2026-09-05T19:33:43.891+0000] {dag.py:3096} INFO - Sync 1 DAGs
[2026-09-05T19:33:43.925+0000] {logging_mixin.py:188} INFO - [2026-09-05T19:33:43.924+0000] {dag.py:3954} INFO - Setting next_dagrun for process_silver_layer to None, run_after=None
[2026-09-05T19:33:43.996+0000] {processor.py:183} INFO - Processing /opt/airflow/dags/silver_processing_dag.py took 0.330 seconds
[2026-09-05T19:34:14.890+0000] {processor.py:161} INFO - Started process (PID=4245) to work on /opt/airflow/dags/silver_processing_dag.py
[2026-09-05T19:34:14.901+0000] {processor.py:830} INFO - Processing file /opt/airflow/dags/silver_processing_dag.py for tasks to queue
[2026-09-05T19:34:14.910+0000] {logging_mixin.py:188} INFO - [2026-09-05T19:34:14.909+0000] {dagbag.py:545} INFO - Filling up the DagBag from /opt/airflow/dags/silver_processing_dag.py
[2026-09-05T19:34:15.066+0000] {processor.py:840} INFO - DAG(s) 'process_silver_layer' retrieved from /opt/airflow/dags/silver_processing_dag.py
[2026-09-05T19:34:15.349+0000] {logging_mixin.py:188} INFO - [2026-09-05T19:34:15.349+0000] {dag.py:3096} INFO - Sync 1 DAGs
[2026-09-05T19:34:16.242+0000] {logging_mixin.py:188} INFO - [2026-09-05T19:34:16.241+0000] {dag.py:3954} INFO - Setting next_dagrun for process_silver_layer to None, run_after=None
[2026-09-05T19:34:16.721+0000] {processor.py:183} INFO - Processing /opt/airflow/dags/silver_processing_dag.py took 1.874 seconds
[2026-09-05T19:34:48.364+0000] {processor.py:161} INFO - Started process (PID=4264) to work on /opt/airflow/dags/silver_processing_dag.py
[2026-09-05T19:34:48.379+0000] {processor.py:830} INFO - Processing file /opt/airflow/dags/silver_processing_dag.py for tasks to queue
[2026-09-05T19:34:48.420+0000] {logging_mixin.py:188} INFO - [2026-09-05T19:34:48.418+0000] {dagbag.py:545} INFO - Filling up the DagBag from /opt/airflow/dags/silver_processing_dag.py
[2026-09-05T19:34:48.662+0000] {processor.py:840} INFO - DAG(s) 'process_silver_layer' retrieved from /opt/airflow/dags/silver_processing_dag.py
[2026-09-05T19:34:48.920+0000] {logging_mixin.py:188} INFO - [2026-09-05T19:34:48.919+0000] {dag.py:3096} INFO - Sync 1 DAGs
[2026-09-05T19:34:49.035+0000] {logging_mixin.py:188} INFO - [2026-09-05T19:34:49.034+0000] {dag.py:3954} INFO - Setting next_dagrun for process_silver_layer to None, run_after=None
[2026-09-05T19:34:49.242+0000] {processor.py:183} INFO - Processing /opt/airflow/dags/silver_processing_dag.py took 0.931 seconds
[2026-09-05T19:35:20.279+0000] {processor.py:161} INFO - Started process (PID=4282) to work on /opt/airflow/dags/silver_processing_dag.py
[2026-09-05T19:35:20.286+0000] {processor.py:830} INFO - Processing file /opt/airflow/dags/silver_processing_dag.py for tasks to queue
[2026-09-05T19:35:20.292+0000] {logging_mixin.py:188} INFO - [2026-09-05T19:35:20.291+0000] {dagbag.py:545} INFO - Filling up the DagBag from /opt/airflow/dags/silver_processing_dag.py
[2026-09-05T19:35:20.343+0000] {processor.py:840} INFO - DAG(s) 'process_silver_layer' retrieved from /opt/airflow/dags/silver_processing_dag.py
[2026-09-05T19:35:20.450+0000] {logging_mixin.py:188} INFO - [2026-09-05T19:35:20.448+0000] {dag.py:3096} INFO - Sync 1 DAGs
[2026-09-05T19:35:20.518+0000] {logging_mixin.py:188} INFO - [2026-09-05T19:35:20.517+0000] {dag.py:3954} INFO - Setting next_dagrun for process_silver_layer to None, run_after=None
[2026-09-05T19:35:20.586+0000] {processor.py:183} INFO - Processing /opt/airflow/dags/silver_processing_dag.py took 0.327 seconds
[2026-09-05T19:35:51.860+0000] {processor.py:161} INFO - Started process (PID=4301) to work on /opt/airflow/dags/silver_processing_dag.py
[2026-09-05T19:35:51.875+0000] {processor.py:830} INFO - Processing file /opt/airflow/dags/silver_processing_dag.py for tasks to queue
[2026-09-05T19:35:51.885+0000] {logging_mixin.py:188} INFO - [2026-09-05T19:35:51.885+0000] {dagbag.py:545} INFO - Filling up the DagBag from /opt/airflow/dags/silver_processing_dag.py
[2026-09-05T19:35:52.125+0000] {processor.py:840} INFO - DAG(s) 'process_silver_layer' retrieved from /opt/airflow/dags/silver_processing_dag.py
[2026-09-05T19:35:52.303+0000] {logging_mixin.py:188} INFO - [2026-09-05T19:35:52.303+0000] {dag.py:3096} INFO - Sync 1 DAGs
[2026-09-05T19:35:52.627+0000] {logging_mixin.py:188} INFO - [2026-09-05T19:35:52.627+0000] {dag.py:3954} INFO - Setting next_dagrun for process_silver_layer to None, run_after=None
[2026-09-05T19:35:53.071+0000] {processor.py:183} INFO - Processing /opt/airflow/dags/silver_processing_dag.py took 1.257 seconds
[2026-09-05T19:36:26.388+0000] {processor.py:161} INFO - Started process (PID=4320) to work on /opt/airflow/dags/silver_processing_dag.py
[2026-09-05T19:36:26.392+0000] {processor.py:830} INFO - Processing file /opt/airflow/dags/silver_processing_dag.py for tasks to queue
[2026-09-05T19:36:26.441+0000] {logging_mixin.py:188} INFO - [2026-09-05T19:36:26.440+0000] {dagbag.py:545} INFO - Filling up the DagBag from /opt/airflow/dags/silver_processing_dag.py
[2026-09-05T19:36:26.774+0000] {processor.py:840} INFO - DAG(s) 'process_silver_layer' retrieved from /opt/airflow/dags/silver_processing_dag.py
[2026-09-05T19:36:26.959+0000] {logging_mixin.py:188} INFO - [2026-09-05T19:36:26.959+0000] {dag.py:3096} INFO - Sync 1 DAGs
[2026-09-05T19:36:27.052+0000] {logging_mixin.py:188} INFO - [2026-09-05T19:36:27.052+0000] {dag.py:3954} INFO - Setting next_dagrun for process_silver_layer to None, run_after=None
[2026-09-05T19:36:27.211+0000] {processor.py:183} INFO - Processing /opt/airflow/dags/silver_processing_dag.py took 0.887 seconds
[2026-09-05T19:36:58.072+0000] {processor.py:161} INFO - Started process (PID=4339) to work on /opt/airflow/dags/silver_processing_dag.py
[2026-09-05T19:36:58.105+0000] {processor.py:830} INFO - Processing file /opt/airflow/dags/silver_processing_dag.py for tasks to queue
[2026-09-05T19:36:58.170+0000] {logging_mixin.py:188} INFO - [2026-09-05T19:36:58.169+0000] {dagbag.py:545} INFO - Filling up the DagBag from /opt/airflow/dags/silver_processing_dag.py
[2026-09-05T19:36:58.700+0000] {processor.py:840} INFO - DAG(s) 'process_silver_layer' retrieved from /opt/airflow/dags/silver_processing_dag.py
[2026-09-05T19:36:59.208+0000] {logging_mixin.py:188} INFO - [2026-09-05T19:36:59.207+0000] {dag.py:3096} INFO - Sync 1 DAGs
[2026-09-05T19:36:59.375+0000] {logging_mixin.py:188} INFO - [2026-09-05T19:36:59.374+0000] {dag.py:3954} INFO - Setting next_dagrun for process_silver_layer to None, run_after=None
[2026-09-05T19:36:59.885+0000] {processor.py:183} INFO - Processing /opt/airflow/dags/silver_processing_dag.py took 2.018 seconds
[2026-09-05T19:37:37.220+0000] {processor.py:161} INFO - Started process (PID=4353) to work on /opt/airflow/dags/silver_processing_dag.py
[2026-09-05T19:37:37.300+0000] {processor.py:830} INFO - Processing file /opt/airflow/dags/silver_processing_dag.py for tasks to queue
[2026-09-05T19:37:37.578+0000] {logging_mixin.py:188} INFO - [2026-09-05T19:37:37.482+0000] {dagbag.py:545} INFO - Filling up the DagBag from /opt/airflow/dags/silver_processing_dag.py
[2026-09-05T19:37:40.475+0000] {processor.py:840} INFO - DAG(s) 'process_silver_layer' retrieved from /opt/airflow/dags/silver_processing_dag.py
[2026-09-05T19:37:42.425+0000] {logging_mixin.py:188} INFO - [2026-09-05T19:37:42.424+0000] {dag.py:3096} INFO - Sync 1 DAGs
[2026-09-05T19:37:42.824+0000] {logging_mixin.py:188} INFO - [2026-09-05T19:37:42.809+0000] {dag.py:3954} INFO - Setting next_dagrun for process_silver_layer to None, run_after=None
[2026-09-05T19:37:43.224+0000] {processor.py:183} INFO - Processing /opt/airflow/dags/silver_processing_dag.py took 6.077 seconds
[2026-09-05T19:38:21.620+0000] {processor.py:161} INFO - Started process (PID=4372) to work on /opt/airflow/dags/silver_processing_dag.py
[2026-09-05T19:38:21.672+0000] {processor.py:830} INFO - Processing file /opt/airflow/dags/silver_processing_dag.py for tasks to queue
[2026-09-05T19:38:21.734+0000] {logging_mixin.py:188} INFO - [2026-09-05T19:38:21.727+0000] {dagbag.py:545} INFO - Filling up the DagBag from /opt/airflow/dags/silver_processing_dag.py
[2026-09-05T19:38:21.979+0000] {processor.py:840} INFO - DAG(s) 'process_silver_layer' retrieved from /opt/airflow/dags/silver_processing_dag.py
[2026-09-05T19:38:22.209+0000] {logging_mixin.py:188} INFO - [2026-09-05T19:38:22.208+0000] {dag.py:3096} INFO - Sync 1 DAGs
[2026-09-05T19:38:22.357+0000] {logging_mixin.py:188} INFO - [2026-09-05T19:38:22.357+0000] {dag.py:3954} INFO - Setting next_dagrun for process_silver_layer to None, run_after=None
[2026-09-05T19:38:22.548+0000] {processor.py:183} INFO - Processing /opt/airflow/dags/silver_processing_dag.py took 1.828 seconds
[2026-09-05T19:38:54.324+0000] {processor.py:161} INFO - Started process (PID=4836) to work on /opt/airflow/dags/silver_processing_dag.py
[2026-09-05T19:38:54.381+0000] {processor.py:830} INFO - Processing file /opt/airflow/dags/silver_processing_dag.py for tasks to queue
[2026-09-05T19:38:54.553+0000] {logging_mixin.py:188} INFO - [2026-09-05T19:38:54.510+0000] {dagbag.py:545} INFO - Filling up the DagBag from /opt/airflow/dags/silver_processing_dag.py
[2026-09-05T19:38:55.295+0000] {processor.py:840} INFO - DAG(s) 'process_silver_layer' retrieved from /opt/airflow/dags/silver_processing_dag.py
[2026-09-05T19:38:55.537+0000] {logging_mixin.py:188} INFO - [2026-09-05T19:38:55.536+0000] {dag.py:3096} INFO - Sync 1 DAGs
[2026-09-05T19:38:55.742+0000] {logging_mixin.py:188} INFO - [2026-09-05T19:38:55.741+0000] {dag.py:3954} INFO - Setting next_dagrun for process_silver_layer to None, run_after=None
[2026-09-05T19:38:56.075+0000] {processor.py:183} INFO - Processing /opt/airflow/dags/silver_processing_dag.py took 1.834 seconds
[2026-09-05T19:39:27.132+0000] {processor.py:161} INFO - Started process (PID=5028) to work on /opt/airflow/dags/silver_processing_dag.py
[2026-09-05T19:39:27.138+0000] {processor.py:830} INFO - Processing file /opt/airflow/dags/silver_processing_dag.py for tasks to queue
[2026-09-05T19:39:27.189+0000] {logging_mixin.py:188} INFO - [2026-09-05T19:39:27.187+0000] {dagbag.py:545} INFO - Filling up the DagBag from /opt/airflow/dags/silver_processing_dag.py
[2026-09-05T19:39:27.504+0000] {processor.py:840} INFO - DAG(s) 'process_silver_layer' retrieved from /opt/airflow/dags/silver_processing_dag.py
[2026-09-05T19:39:27.767+0000] {logging_mixin.py:188} INFO - [2026-09-05T19:39:27.766+0000] {dag.py:3096} INFO - Sync 1 DAGs
[2026-09-05T19:39:28.232+0000] {logging_mixin.py:188} INFO - [2026-09-05T19:39:28.231+0000] {dag.py:3954} INFO - Setting next_dagrun for process_silver_layer to None, run_after=None
[2026-09-05T19:39:28.390+0000] {processor.py:183} INFO - Processing /opt/airflow/dags/silver_processing_dag.py took 1.307 seconds
[2026-09-05T19:40:01.756+0000] {processor.py:161} INFO - Started process (PID=5089) to work on /opt/airflow/dags/silver_processing_dag.py
[2026-09-05T19:40:01.838+0000] {processor.py:830} INFO - Processing file /opt/airflow/dags/silver_processing_dag.py for tasks to queue
[2026-09-05T19:40:02.029+0000] {logging_mixin.py:188} INFO - [2026-09-05T19:40:01.994+0000] {dagbag.py:545} INFO - Filling up the DagBag from /opt/airflow/dags/silver_processing_dag.py
[2026-09-05T19:40:03.296+0000] {processor.py:840} INFO - DAG(s) 'process_silver_layer' retrieved from /opt/airflow/dags/silver_processing_dag.py
[2026-09-05T19:40:04.367+0000] {logging_mixin.py:188} INFO - [2026-09-05T19:40:04.367+0000] {dag.py:3096} INFO - Sync 1 DAGs
[2026-09-05T19:40:07.414+0000] {logging_mixin.py:188} INFO - [2026-09-05T19:40:07.413+0000] {dag.py:3954} INFO - Setting next_dagrun for process_silver_layer to None, run_after=None
[2026-09-05T19:40:07.807+0000] {processor.py:183} INFO - Processing /opt/airflow/dags/silver_processing_dag.py took 6.469 seconds
[2026-09-05T19:40:40.855+0000] {processor.py:161} INFO - Started process (PID=5133) to work on /opt/airflow/dags/silver_processing_dag.py
[2026-09-05T19:40:41.127+0000] {processor.py:830} INFO - Processing file /opt/airflow/dags/silver_processing_dag.py for tasks to queue
[2026-09-05T19:40:41.464+0000] {logging_mixin.py:188} INFO - [2026-09-05T19:40:41.418+0000] {dagbag.py:545} INFO - Filling up the DagBag from /opt/airflow/dags/silver_processing_dag.py
[2026-09-05T19:40:41.810+0000] {processor.py:840} INFO - DAG(s) 'process_silver_layer' retrieved from /opt/airflow/dags/silver_processing_dag.py
[2026-09-05T19:40:42.113+0000] {logging_mixin.py:188} INFO - [2026-09-05T19:40:42.112+0000] {dag.py:3096} INFO - Sync 1 DAGs
[2026-09-05T19:40:42.825+0000] {logging_mixin.py:188} INFO - [2026-09-05T19:40:42.824+0000] {dag.py:3954} INFO - Setting next_dagrun for process_silver_layer to None, run_after=None
[2026-09-05T19:40:43.317+0000] {processor.py:183} INFO - Processing /opt/airflow/dags/silver_processing_dag.py took 2.640 seconds
[2026-09-05T19:41:14.203+0000] {processor.py:161} INFO - Started process (PID=5171) to work on /opt/airflow/dags/silver_processing_dag.py
[2026-09-05T19:41:14.252+0000] {processor.py:830} INFO - Processing file /opt/airflow/dags/silver_processing_dag.py for tasks to queue
[2026-09-05T19:41:14.288+0000] {logging_mixin.py:188} INFO - [2026-09-05T19:41:14.287+0000] {dagbag.py:545} INFO - Filling up the DagBag from /opt/airflow/dags/silver_processing_dag.py
[2026-09-05T19:41:14.706+0000] {processor.py:840} INFO - DAG(s) 'process_silver_layer' retrieved from /opt/airflow/dags/silver_processing_dag.py
[2026-09-05T19:41:15.471+0000] {logging_mixin.py:188} INFO - [2026-09-05T19:41:15.469+0000] {dag.py:3096} INFO - Sync 1 DAGs
[2026-09-05T19:41:15.792+0000] {logging_mixin.py:188} INFO - [2026-09-05T19:41:15.781+0000] {dag.py:3954} INFO - Setting next_dagrun for process_silver_layer to None, run_after=None
[2026-09-05T19:41:15.948+0000] {processor.py:183} INFO - Processing /opt/airflow/dags/silver_processing_dag.py took 1.838 seconds
[2026-09-05T19:41:48.117+0000] {processor.py:161} INFO - Started process (PID=5196) to work on /opt/airflow/dags/silver_processing_dag.py
[2026-09-05T19:41:48.147+0000] {processor.py:830} INFO - Processing file /opt/airflow/dags/silver_processing_dag.py for tasks to queue
[2026-09-05T19:41:48.189+0000] {logging_mixin.py:188} INFO - [2026-09-05T19:41:48.187+0000] {dagbag.py:545} INFO - Filling up the DagBag from /opt/airflow/dags/silver_processing_dag.py
[2026-09-05T19:41:48.803+0000] {processor.py:840} INFO - DAG(s) 'process_silver_layer' retrieved from /opt/airflow/dags/silver_processing_dag.py
[2026-09-05T19:41:49.260+0000] {logging_mixin.py:188} INFO - [2026-09-05T19:41:49.259+0000] {dag.py:3096} INFO - Sync 1 DAGs
[2026-09-05T19:41:49.472+0000] {logging_mixin.py:188} INFO - [2026-09-05T19:41:49.471+0000] {dag.py:3954} INFO - Setting next_dagrun for process_silver_layer to None, run_after=None
[2026-09-05T19:41:49.697+0000] {processor.py:183} INFO - Processing /opt/airflow/dags/silver_processing_dag.py took 1.638 seconds
[2026-09-05T19:42:21.209+0000] {processor.py:161} INFO - Started process (PID=5242) to work on /opt/airflow/dags/silver_processing_dag.py
[2026-09-05T19:42:21.248+0000] {processor.py:830} INFO - Processing file /opt/airflow/dags/silver_processing_dag.py for tasks to queue
[2026-09-05T19:42:21.271+0000] {logging_mixin.py:188} INFO - [2026-09-05T19:42:21.260+0000] {dagbag.py:545} INFO - Filling up the DagBag from /opt/airflow/dags/silver_processing_dag.py
[2026-09-05T19:42:21.389+0000] {processor.py:840} INFO - DAG(s) 'process_silver_layer' retrieved from /opt/airflow/dags/silver_processing_dag.py
[2026-09-05T19:42:21.449+0000] {logging_mixin.py:188} INFO - [2026-09-05T19:42:21.449+0000] {dag.py:3096} INFO - Sync 1 DAGs
[2026-09-05T19:42:21.498+0000] {logging_mixin.py:188} INFO - [2026-09-05T19:42:21.497+0000] {dag.py:3954} INFO - Setting next_dagrun for process_silver_layer to None, run_after=None
[2026-09-05T19:42:21.590+0000] {processor.py:183} INFO - Processing /opt/airflow/dags/silver_processing_dag.py took 0.410 seconds
[2026-09-05T19:42:51.824+0000] {processor.py:161} INFO - Started process (PID=5255) to work on /opt/airflow/dags/silver_processing_dag.py
[2026-09-05T19:42:51.828+0000] {processor.py:830} INFO - Processing file /opt/airflow/dags/silver_processing_dag.py for tasks to queue
[2026-09-05T19:42:51.834+0000] {logging_mixin.py:188} INFO - [2026-09-05T19:42:51.833+0000] {dagbag.py:545} INFO - Filling up the DagBag from /opt/airflow/dags/silver_processing_dag.py
[2026-09-05T19:42:51.901+0000] {processor.py:840} INFO - DAG(s) 'process_silver_layer' retrieved from /opt/airflow/dags/silver_processing_dag.py
[2026-09-05T19:42:51.969+0000] {logging_mixin.py:188} INFO - [2026-09-05T19:42:51.968+0000] {dag.py:3096} INFO - Sync 1 DAGs
[2026-09-05T19:42:52.015+0000] {logging_mixin.py:188} INFO - [2026-09-05T19:42:52.014+0000] {dag.py:3954} INFO - Setting next_dagrun for process_silver_layer to None, run_after=None
[2026-09-05T19:42:52.094+0000] {processor.py:183} INFO - Processing /opt/airflow/dags/silver_processing_dag.py took 0.292 seconds
[2026-09-05T19:43:22.734+0000] {processor.py:161} INFO - Started process (PID=5270) to work on /opt/airflow/dags/silver_processing_dag.py
[2026-09-05T19:43:22.737+0000] {processor.py:830} INFO - Processing file /opt/airflow/dags/silver_processing_dag.py for tasks to queue
[2026-09-05T19:43:22.750+0000] {logging_mixin.py:188} INFO - [2026-09-05T19:43:22.749+0000] {dagbag.py:545} INFO - Filling up the DagBag from /opt/airflow/dags/silver_processing_dag.py
[2026-09-05T19:43:22.825+0000] {processor.py:840} INFO - DAG(s) 'process_silver_layer' retrieved from /opt/airflow/dags/silver_processing_dag.py
[2026-09-05T19:43:22.929+0000] {logging_mixin.py:188} INFO - [2026-09-05T19:43:22.928+0000] {dag.py:3096} INFO - Sync 1 DAGs
[2026-09-05T19:43:22.999+0000] {logging_mixin.py:188} INFO - [2026-09-05T19:43:22.999+0000] {dag.py:3954} INFO - Setting next_dagrun for process_silver_layer to None, run_after=None
[2026-09-05T19:43:23.083+0000] {processor.py:183} INFO - Processing /opt/airflow/dags/silver_processing_dag.py took 0.401 seconds
[2026-09-05T19:43:53.703+0000] {processor.py:161} INFO - Started process (PID=5285) to work on /opt/airflow/dags/silver_processing_dag.py
[2026-09-05T19:43:53.709+0000] {processor.py:830} INFO - Processing file /opt/airflow/dags/silver_processing_dag.py for tasks to queue
[2026-09-05T19:43:53.725+0000] {logging_mixin.py:188} INFO - [2026-09-05T19:43:53.724+0000] {dagbag.py:545} INFO - Filling up the DagBag from /opt/airflow/dags/silver_processing_dag.py
[2026-09-05T19:43:53.840+0000] {processor.py:840} INFO - DAG(s) 'process_silver_layer' retrieved from /opt/airflow/dags/silver_processing_dag.py
[2026-09-05T19:43:53.921+0000] {logging_mixin.py:188} INFO - [2026-09-05T19:43:53.920+0000] {dag.py:3096} INFO - Sync 1 DAGs
[2026-09-05T19:43:53.962+0000] {logging_mixin.py:188} INFO - [2026-09-05T19:43:53.961+0000] {dag.py:3954} INFO - Setting next_dagrun for process_silver_layer to None, run_after=None
[2026-09-05T19:43:54.054+0000] {processor.py:183} INFO - Processing /opt/airflow/dags/silver_processing_dag.py took 0.383 seconds
[2026-09-05T19:44:32.753+0000] {processor.py:161} INFO - Started process (PID=5300) to work on /opt/airflow/dags/silver_processing_dag.py
[2026-09-05T19:44:32.993+0000] {processor.py:830} INFO - Processing file /opt/airflow/dags/silver_processing_dag.py for tasks to queue
[2026-09-05T19:44:33.508+0000] {logging_mixin.py:188} INFO - [2026-09-05T19:44:33.507+0000] {dagbag.py:545} INFO - Filling up the DagBag from /opt/airflow/dags/silver_processing_dag.py
[2026-09-05T19:44:38.207+0000] {processor.py:840} INFO - DAG(s) 'process_silver_layer' retrieved from /opt/airflow/dags/silver_processing_dag.py
[2026-09-05T19:44:39.422+0000] {logging_mixin.py:188} INFO - [2026-09-05T19:44:39.421+0000] {dag.py:3096} INFO - Sync 1 DAGs
[2026-09-05T19:44:39.650+0000] {logging_mixin.py:188} INFO - [2026-09-05T19:44:39.649+0000] {dag.py:3954} INFO - Setting next_dagrun for process_silver_layer to None, run_after=None
[2026-09-05T19:44:40.473+0000] {processor.py:183} INFO - Processing /opt/airflow/dags/silver_processing_dag.py took 8.883 seconds
[2026-09-05T19:45:12.764+0000] {processor.py:161} INFO - Started process (PID=5312) to work on /opt/airflow/dags/silver_processing_dag.py
[2026-09-05T19:45:12.783+0000] {processor.py:830} INFO - Processing file /opt/airflow/dags/silver_processing_dag.py for tasks to queue
[2026-09-05T19:45:12.821+0000] {logging_mixin.py:188} INFO - [2026-09-05T19:45:12.819+0000] {dagbag.py:545} INFO - Filling up the DagBag from /opt/airflow/dags/silver_processing_dag.py
[2026-09-05T19:45:12.974+0000] {processor.py:840} INFO - DAG(s) 'process_silver_layer' retrieved from /opt/airflow/dags/silver_processing_dag.py
[2026-09-05T19:45:13.709+0000] {logging_mixin.py:188} INFO - [2026-09-05T19:45:13.708+0000] {dag.py:3096} INFO - Sync 1 DAGs
[2026-09-05T19:45:13.854+0000] {logging_mixin.py:188} INFO - [2026-09-05T19:45:13.854+0000] {dag.py:3954} INFO - Setting next_dagrun for process_silver_layer to None, run_after=None
[2026-09-05T19:45:13.990+0000] {processor.py:183} INFO - Processing /opt/airflow/dags/silver_processing_dag.py took 1.287 seconds
[2026-09-05T19:45:46.042+0000] {processor.py:161} INFO - Started process (PID=5327) to work on /opt/airflow/dags/silver_processing_dag.py
[2026-09-05T19:45:46.102+0000] {processor.py:830} INFO - Processing file /opt/airflow/dags/silver_processing_dag.py for tasks to queue
[2026-09-05T19:45:46.175+0000] {logging_mixin.py:188} INFO - [2026-09-05T19:45:46.174+0000] {dagbag.py:545} INFO - Filling up the DagBag from /opt/airflow/dags/silver_processing_dag.py
[2026-09-05T19:45:46.467+0000] {processor.py:840} INFO - DAG(s) 'process_silver_layer' retrieved from /opt/airflow/dags/silver_processing_dag.py
[2026-09-05T19:45:47.100+0000] {logging_mixin.py:188} INFO - [2026-09-05T19:45:47.099+0000] {dag.py:3096} INFO - Sync 1 DAGs
[2026-09-05T19:45:48.194+0000] {logging_mixin.py:188} INFO - [2026-09-05T19:45:48.193+0000] {dag.py:3954} INFO - Setting next_dagrun for process_silver_layer to None, run_after=None
[2026-09-05T19:45:48.562+0000] {processor.py:183} INFO - Processing /opt/airflow/dags/silver_processing_dag.py took 2.667 seconds
[2026-09-05T19:46:19.425+0000] {processor.py:161} INFO - Started process (PID=5342) to work on /opt/airflow/dags/silver_processing_dag.py
[2026-09-05T19:46:19.439+0000] {processor.py:830} INFO - Processing file /opt/airflow/dags/silver_processing_dag.py for tasks to queue
[2026-09-05T19:46:19.457+0000] {logging_mixin.py:188} INFO - [2026-09-05T19:46:19.456+0000] {dagbag.py:545} INFO - Filling up the DagBag from /opt/airflow/dags/silver_processing_dag.py
[2026-09-05T19:46:19.664+0000] {processor.py:840} INFO - DAG(s) 'process_silver_layer' retrieved from /opt/airflow/dags/silver_processing_dag.py
[2026-09-05T19:46:20.351+0000] {logging_mixin.py:188} INFO - [2026-09-05T19:46:20.350+0000] {dag.py:3096} INFO - Sync 1 DAGs
[2026-09-05T19:46:20.561+0000] {logging_mixin.py:188} INFO - [2026-09-05T19:46:20.549+0000] {dag.py:3954} INFO - Setting next_dagrun for process_silver_layer to None, run_after=None
[2026-09-05T19:46:20.887+0000] {processor.py:183} INFO - Processing /opt/airflow/dags/silver_processing_dag.py took 1.517 seconds
[2026-09-05T19:46:51.221+0000] {processor.py:161} INFO - Started process (PID=5357) to work on /opt/airflow/dags/silver_processing_dag.py
[2026-09-05T19:46:51.225+0000] {processor.py:830} INFO - Processing file /opt/airflow/dags/silver_processing_dag.py for tasks to queue
[2026-09-05T19:46:51.244+0000] {logging_mixin.py:188} INFO - [2026-09-05T19:46:51.243+0000] {dagbag.py:545} INFO - Filling up the DagBag from /opt/airflow/dags/silver_processing_dag.py
[2026-09-05T19:46:51.424+0000] {processor.py:840} INFO - DAG(s) 'process_silver_layer' retrieved from /opt/airflow/dags/silver_processing_dag.py
[2026-09-05T19:46:51.713+0000] {logging_mixin.py:188} INFO - [2026-09-05T19:46:51.700+0000] {dag.py:3096} INFO - Sync 1 DAGs
[2026-09-05T19:46:51.874+0000] {logging_mixin.py:188} INFO - [2026-09-05T19:46:51.874+0000] {dag.py:3954} INFO - Setting next_dagrun for process_silver_layer to None, run_after=None
[2026-09-05T19:46:52.960+0000] {processor.py:183} INFO - Processing /opt/airflow/dags/silver_processing_dag.py took 1.752 seconds
[2026-09-05T19:47:25.617+0000] {processor.py:161} INFO - Started process (PID=5372) to work on /opt/airflow/dags/silver_processing_dag.py
[2026-09-05T19:47:25.713+0000] {processor.py:830} INFO - Processing file /opt/airflow/dags/silver_processing_dag.py for tasks to queue
[2026-09-05T19:47:25.737+0000] {logging_mixin.py:188} INFO - [2026-09-05T19:47:25.736+0000] {dagbag.py:545} INFO - Filling up the DagBag from /opt/airflow/dags/silver_processing_dag.py
[2026-09-05T19:47:25.864+0000] {processor.py:840} INFO - DAG(s) 'process_silver_layer' retrieved from /opt/airflow/dags/silver_processing_dag.py
[2026-09-05T19:47:26.660+0000] {logging_mixin.py:188} INFO - [2026-09-05T19:47:26.656+0000] {dag.py:3096} INFO - Sync 1 DAGs
[2026-09-05T19:47:28.015+0000] {logging_mixin.py:188} INFO - [2026-09-05T19:47:28.014+0000] {dag.py:3954} INFO - Setting next_dagrun for process_silver_layer to None, run_after=None
[2026-09-05T19:47:28.638+0000] {processor.py:183} INFO - Processing /opt/airflow/dags/silver_processing_dag.py took 3.073 seconds
[2026-09-05T19:47:58.897+0000] {processor.py:161} INFO - Started process (PID=5387) to work on /opt/airflow/dags/silver_processing_dag.py
[2026-09-05T19:47:58.906+0000] {processor.py:830} INFO - Processing file /opt/airflow/dags/silver_processing_dag.py for tasks to queue
[2026-09-05T19:47:58.914+0000] {logging_mixin.py:188} INFO - [2026-09-05T19:47:58.913+0000] {dagbag.py:545} INFO - Filling up the DagBag from /opt/airflow/dags/silver_processing_dag.py
[2026-09-05T19:47:58.987+0000] {processor.py:840} INFO - DAG(s) 'process_silver_layer' retrieved from /opt/airflow/dags/silver_processing_dag.py
[2026-09-05T19:47:59.094+0000] {logging_mixin.py:188} INFO - [2026-09-05T19:47:59.093+0000] {dag.py:3096} INFO - Sync 1 DAGs
[2026-09-05T19:47:59.146+0000] {logging_mixin.py:188} INFO - [2026-09-05T19:47:59.145+0000] {dag.py:3954} INFO - Setting next_dagrun for process_silver_layer to None, run_after=None
[2026-09-05T19:47:59.275+0000] {processor.py:183} INFO - Processing /opt/airflow/dags/silver_processing_dag.py took 0.405 seconds
[2026-09-05T19:48:29.701+0000] {processor.py:161} INFO - Started process (PID=5402) to work on /opt/airflow/dags/silver_processing_dag.py
[2026-09-05T19:48:29.705+0000] {processor.py:830} INFO - Processing file /opt/airflow/dags/silver_processing_dag.py for tasks to queue
[2026-09-05T19:48:29.714+0000] {logging_mixin.py:188} INFO - [2026-09-05T19:48:29.711+0000] {dagbag.py:545} INFO - Filling up the DagBag from /opt/airflow/dags/silver_processing_dag.py
[2026-09-05T19:48:29.807+0000] {processor.py:840} INFO - DAG(s) 'process_silver_layer' retrieved from /opt/airflow/dags/silver_processing_dag.py
[2026-09-05T19:48:29.911+0000] {logging_mixin.py:188} INFO - [2026-09-05T19:48:29.906+0000] {dag.py:3096} INFO - Sync 1 DAGs
[2026-09-05T19:48:29.966+0000] {logging_mixin.py:188} INFO - [2026-09-05T19:48:29.965+0000] {dag.py:3954} INFO - Setting next_dagrun for process_silver_layer to None, run_after=None
[2026-09-05T19:48:30.249+0000] {processor.py:183} INFO - Processing /opt/airflow/dags/silver_processing_dag.py took 0.576 seconds
[2026-09-05T19:49:00.502+0000] {processor.py:161} INFO - Started process (PID=5417) to work on /opt/airflow/dags/silver_processing_dag.py
[2026-09-05T19:49:00.508+0000] {processor.py:830} INFO - Processing file /opt/airflow/dags/silver_processing_dag.py for tasks to queue
[2026-09-05T19:49:00.538+0000] {logging_mixin.py:188} INFO - [2026-09-05T19:49:00.537+0000] {dagbag.py:545} INFO - Filling up the DagBag from /opt/airflow/dags/silver_processing_dag.py
[2026-09-05T19:49:00.648+0000] {processor.py:840} INFO - DAG(s) 'process_silver_layer' retrieved from /opt/airflow/dags/silver_processing_dag.py
[2026-09-05T19:49:00.755+0000] {logging_mixin.py:188} INFO - [2026-09-05T19:49:00.753+0000] {dag.py:3096} INFO - Sync 1 DAGs
[2026-09-05T19:49:00.822+0000] {logging_mixin.py:188} INFO - [2026-09-05T19:49:00.818+0000] {dag.py:3954} INFO - Setting next_dagrun for process_silver_layer to None, run_after=None
[2026-09-05T19:49:00.917+0000] {processor.py:183} INFO - Processing /opt/airflow/dags/silver_processing_dag.py took 0.459 seconds
[2026-09-05T19:49:31.166+0000] {processor.py:161} INFO - Started process (PID=5432) to work on /opt/airflow/dags/silver_processing_dag.py
[2026-09-05T19:49:31.179+0000] {processor.py:830} INFO - Processing file /opt/airflow/dags/silver_processing_dag.py for tasks to queue
[2026-09-05T19:49:31.192+0000] {logging_mixin.py:188} INFO - [2026-09-05T19:49:31.191+0000] {dagbag.py:545} INFO - Filling up the DagBag from /opt/airflow/dags/silver_processing_dag.py
[2026-09-05T19:49:31.356+0000] {processor.py:840} INFO - DAG(s) 'process_silver_layer' retrieved from /opt/airflow/dags/silver_processing_dag.py
[2026-09-05T19:49:31.530+0000] {logging_mixin.py:188} INFO - [2026-09-05T19:49:31.529+0000] {dag.py:3096} INFO - Sync 1 DAGs
[2026-09-05T19:49:31.650+0000] {logging_mixin.py:188} INFO - [2026-09-05T19:49:31.639+0000] {dag.py:3954} INFO - Setting next_dagrun for process_silver_layer to None, run_after=None
[2026-09-05T19:49:31.767+0000] {processor.py:183} INFO - Processing /opt/airflow/dags/silver_processing_dag.py took 0.641 seconds
[2026-09-05T19:50:02.889+0000] {processor.py:161} INFO - Started process (PID=5447) to work on /opt/airflow/dags/silver_processing_dag.py
[2026-09-05T19:50:02.893+0000] {processor.py:830} INFO - Processing file /opt/airflow/dags/silver_processing_dag.py for tasks to queue
[2026-09-05T19:50:02.910+0000] {logging_mixin.py:188} INFO - [2026-09-05T19:50:02.909+0000] {dagbag.py:545} INFO - Filling up the DagBag from /opt/airflow/dags/silver_processing_dag.py
[2026-09-05T19:50:03.014+0000] {processor.py:840} INFO - DAG(s) 'process_silver_layer' retrieved from /opt/airflow/dags/silver_processing_dag.py
[2026-09-05T19:50:03.106+0000] {logging_mixin.py:188} INFO - [2026-09-05T19:50:03.105+0000] {dag.py:3096} INFO - Sync 1 DAGs
[2026-09-05T19:50:03.557+0000] {logging_mixin.py:188} INFO - [2026-09-05T19:50:03.556+0000] {dag.py:3954} INFO - Setting next_dagrun for process_silver_layer to None, run_after=None
[2026-09-05T19:50:03.899+0000] {processor.py:183} INFO - Processing /opt/airflow/dags/silver_processing_dag.py took 1.033 seconds
[2026-09-05T19:50:34.893+0000] {processor.py:161} INFO - Started process (PID=5462) to work on /opt/airflow/dags/silver_processing_dag.py
[2026-09-05T19:50:34.904+0000] {processor.py:830} INFO - Processing file /opt/airflow/dags/silver_processing_dag.py for tasks to queue
[2026-09-05T19:50:35.145+0000] {logging_mixin.py:188} INFO - [2026-09-05T19:50:35.129+0000] {dagbag.py:545} INFO - Filling up the DagBag from /opt/airflow/dags/silver_processing_dag.py
[2026-09-05T19:50:35.328+0000] {processor.py:840} INFO - DAG(s) 'process_silver_layer' retrieved from /opt/airflow/dags/silver_processing_dag.py
[2026-09-05T19:50:35.421+0000] {logging_mixin.py:188} INFO - [2026-09-05T19:50:35.420+0000] {dag.py:3096} INFO - Sync 1 DAGs
[2026-09-05T19:50:35.520+0000] {logging_mixin.py:188} INFO - [2026-09-05T19:50:35.519+0000] {dag.py:3954} INFO - Setting next_dagrun for process_silver_layer to None, run_after=None
[2026-09-05T19:50:35.683+0000] {processor.py:183} INFO - Processing /opt/airflow/dags/silver_processing_dag.py took 0.825 seconds
[2026-09-05T19:51:05.987+0000] {processor.py:161} INFO - Started process (PID=5477) to work on /opt/airflow/dags/silver_processing_dag.py
[2026-09-05T19:51:05.991+0000] {processor.py:830} INFO - Processing file /opt/airflow/dags/silver_processing_dag.py for tasks to queue
[2026-09-05T19:51:05.999+0000] {logging_mixin.py:188} INFO - [2026-09-05T19:51:05.998+0000] {dagbag.py:545} INFO - Filling up the DagBag from /opt/airflow/dags/silver_processing_dag.py
[2026-09-05T19:51:06.072+0000] {processor.py:840} INFO - DAG(s) 'process_silver_layer' retrieved from /opt/airflow/dags/silver_processing_dag.py
[2026-09-05T19:51:06.176+0000] {logging_mixin.py:188} INFO - [2026-09-05T19:51:06.175+0000] {dag.py:3096} INFO - Sync 1 DAGs
[2026-09-05T19:51:06.486+0000] {logging_mixin.py:188} INFO - [2026-09-05T19:51:06.486+0000] {dag.py:3954} INFO - Setting next_dagrun for process_silver_layer to None, run_after=None
[2026-09-05T19:51:06.768+0000] {processor.py:183} INFO - Processing /opt/airflow/dags/silver_processing_dag.py took 0.807 seconds
[2026-09-05T19:51:39.466+0000] {processor.py:161} INFO - Started process (PID=5492) to work on /opt/airflow/dags/silver_processing_dag.py
[2026-09-05T19:51:39.502+0000] {processor.py:830} INFO - Processing file /opt/airflow/dags/silver_processing_dag.py for tasks to queue
[2026-09-05T19:51:39.575+0000] {logging_mixin.py:188} INFO - [2026-09-05T19:51:39.573+0000] {dagbag.py:545} INFO - Filling up the DagBag from /opt/airflow/dags/silver_processing_dag.py
[2026-09-05T19:51:40.620+0000] {processor.py:840} INFO - DAG(s) 'process_silver_layer' retrieved from /opt/airflow/dags/silver_processing_dag.py
[2026-09-05T19:51:40.818+0000] {logging_mixin.py:188} INFO - [2026-09-05T19:51:40.817+0000] {dag.py:3096} INFO - Sync 1 DAGs
[2026-09-05T19:51:41.198+0000] {logging_mixin.py:188} INFO - [2026-09-05T19:51:41.184+0000] {dag.py:3954} INFO - Setting next_dagrun for process_silver_layer to None, run_after=None
[2026-09-05T19:51:42.535+0000] {processor.py:183} INFO - Processing /opt/airflow/dags/silver_processing_dag.py took 3.123 seconds
[2026-09-05T19:52:14.504+0000] {processor.py:161} INFO - Started process (PID=5507) to work on /opt/airflow/dags/silver_processing_dag.py
[2026-09-05T19:52:14.509+0000] {processor.py:830} INFO - Processing file /opt/airflow/dags/silver_processing_dag.py for tasks to queue
[2026-09-05T19:52:14.534+0000] {logging_mixin.py:188} INFO - [2026-09-05T19:52:14.533+0000] {dagbag.py:545} INFO - Filling up the DagBag from /opt/airflow/dags/silver_processing_dag.py
[2026-09-05T19:52:14.655+0000] {processor.py:840} INFO - DAG(s) 'process_silver_layer' retrieved from /opt/airflow/dags/silver_processing_dag.py
[2026-09-05T19:52:14.808+0000] {logging_mixin.py:188} INFO - [2026-09-05T19:52:14.806+0000] {dag.py:3096} INFO - Sync 1 DAGs
[2026-09-05T19:52:14.920+0000] {logging_mixin.py:188} INFO - [2026-09-05T19:52:14.919+0000] {dag.py:3954} INFO - Setting next_dagrun for process_silver_layer to None, run_after=None
[2026-09-05T19:52:15.054+0000] {processor.py:183} INFO - Processing /opt/airflow/dags/silver_processing_dag.py took 0.603 seconds
[2026-09-05T19:52:53.586+0000] {processor.py:161} INFO - Started process (PID=5522) to work on /opt/airflow/dags/silver_processing_dag.py
[2026-09-05T19:52:53.821+0000] {processor.py:830} INFO - Processing file /opt/airflow/dags/silver_processing_dag.py for tasks to queue
[2026-09-05T19:52:54.051+0000] {logging_mixin.py:188} INFO - [2026-09-05T19:52:54.049+0000] {dagbag.py:545} INFO - Filling up the DagBag from /opt/airflow/dags/silver_processing_dag.py
[2026-09-05T19:52:54.838+0000] {processor.py:840} INFO - DAG(s) 'process_silver_layer' retrieved from /opt/airflow/dags/silver_processing_dag.py
[2026-09-05T19:52:55.112+0000] {logging_mixin.py:188} INFO - [2026-09-05T19:52:55.111+0000] {dag.py:3096} INFO - Sync 1 DAGs
[2026-09-05T19:52:55.305+0000] {logging_mixin.py:188} INFO - [2026-09-05T19:52:55.304+0000] {dag.py:3954} INFO - Setting next_dagrun for process_silver_layer to None, run_after=None
[2026-09-05T19:52:55.551+0000] {processor.py:183} INFO - Processing /opt/airflow/dags/silver_processing_dag.py took 2.009 seconds
[2026-09-05T19:53:27.121+0000] {processor.py:161} INFO - Started process (PID=5540) to work on /opt/airflow/dags/silver_processing_dag.py
[2026-09-05T19:53:27.132+0000] {processor.py:830} INFO - Processing file /opt/airflow/dags/silver_processing_dag.py for tasks to queue
[2026-09-05T19:53:27.207+0000] {logging_mixin.py:188} INFO - [2026-09-05T19:53:27.206+0000] {dagbag.py:545} INFO - Filling up the DagBag from /opt/airflow/dags/silver_processing_dag.py
[2026-09-05T19:53:27.921+0000] {processor.py:840} INFO - DAG(s) 'process_silver_layer' retrieved from /opt/airflow/dags/silver_processing_dag.py
[2026-09-05T19:53:28.157+0000] {logging_mixin.py:188} INFO - [2026-09-05T19:53:28.156+0000] {dag.py:3096} INFO - Sync 1 DAGs
[2026-09-05T19:53:28.984+0000] {logging_mixin.py:188} INFO - [2026-09-05T19:53:28.981+0000] {dag.py:3954} INFO - Setting next_dagrun for process_silver_layer to None, run_after=None
[2026-09-05T19:53:29.417+0000] {processor.py:183} INFO - Processing /opt/airflow/dags/silver_processing_dag.py took 2.349 seconds
[2026-09-05T19:54:03.943+0000] {processor.py:161} INFO - Started process (PID=5555) to work on /opt/airflow/dags/silver_processing_dag.py
[2026-09-05T19:54:03.966+0000] {processor.py:830} INFO - Processing file /opt/airflow/dags/silver_processing_dag.py for tasks to queue
[2026-09-05T19:54:04.002+0000] {logging_mixin.py:188} INFO - [2026-09-05T19:54:04.001+0000] {dagbag.py:545} INFO - Filling up the DagBag from /opt/airflow/dags/silver_processing_dag.py
[2026-09-05T19:54:10.387+0000] {processor.py:840} INFO - DAG(s) 'process_silver_layer' retrieved from /opt/airflow/dags/silver_processing_dag.py
[2026-09-05T19:54:10.899+0000] {logging_mixin.py:188} INFO - [2026-09-05T19:54:10.899+0000] {dag.py:3096} INFO - Sync 1 DAGs
[2026-09-05T19:54:11.577+0000] {logging_mixin.py:188} INFO - [2026-09-05T19:54:11.577+0000] {dag.py:3954} INFO - Setting next_dagrun for process_silver_layer to None, run_after=None
[2026-09-05T19:54:13.178+0000] {processor.py:183} INFO - Processing /opt/airflow/dags/silver_processing_dag.py took 9.289 seconds
[2026-09-05T19:54:43.913+0000] {processor.py:161} INFO - Started process (PID=5572) to work on /opt/airflow/dags/silver_processing_dag.py
[2026-09-05T19:54:43.923+0000] {processor.py:830} INFO - Processing file /opt/airflow/dags/silver_processing_dag.py for tasks to queue
[2026-09-05T19:54:43.956+0000] {logging_mixin.py:188} INFO - [2026-09-05T19:54:43.954+0000] {dagbag.py:545} INFO - Filling up the DagBag from /opt/airflow/dags/silver_processing_dag.py
[2026-09-05T19:54:44.118+0000] {processor.py:840} INFO - DAG(s) 'process_silver_layer' retrieved from /opt/airflow/dags/silver_processing_dag.py
[2026-09-05T19:54:44.281+0000] {logging_mixin.py:188} INFO - [2026-09-05T19:54:44.270+0000] {dag.py:3096} INFO - Sync 1 DAGs
[2026-09-05T19:54:44.460+0000] {logging_mixin.py:188} INFO - [2026-09-05T19:54:44.459+0000] {dag.py:3954} INFO - Setting next_dagrun for process_silver_layer to None, run_after=None
[2026-09-05T19:54:44.670+0000] {processor.py:183} INFO - Processing /opt/airflow/dags/silver_processing_dag.py took 0.805 seconds
[2026-09-05T19:55:15.946+0000] {processor.py:161} INFO - Started process (PID=5587) to work on /opt/airflow/dags/silver_processing_dag.py
[2026-09-05T19:55:15.957+0000] {processor.py:830} INFO - Processing file /opt/airflow/dags/silver_processing_dag.py for tasks to queue
[2026-09-05T19:55:15.970+0000] {logging_mixin.py:188} INFO - [2026-09-05T19:55:15.969+0000] {dagbag.py:545} INFO - Filling up the DagBag from /opt/airflow/dags/silver_processing_dag.py
[2026-09-05T19:55:16.253+0000] {processor.py:840} INFO - DAG(s) 'process_silver_layer' retrieved from /opt/airflow/dags/silver_processing_dag.py
[2026-09-05T19:55:17.366+0000] {logging_mixin.py:188} INFO - [2026-09-05T19:55:17.365+0000] {dag.py:3096} INFO - Sync 1 DAGs
[2026-09-05T19:55:17.730+0000] {logging_mixin.py:188} INFO - [2026-09-05T19:55:17.729+0000] {dag.py:3954} INFO - Setting next_dagrun for process_silver_layer to None, run_after=None
[2026-09-05T19:55:17.868+0000] {processor.py:183} INFO - Processing /opt/airflow/dags/silver_processing_dag.py took 1.995 seconds
[2026-09-05T19:55:48.175+0000] {processor.py:161} INFO - Started process (PID=5602) to work on /opt/airflow/dags/silver_processing_dag.py
[2026-09-05T19:55:48.179+0000] {processor.py:830} INFO - Processing file /opt/airflow/dags/silver_processing_dag.py for tasks to queue
[2026-09-05T19:55:48.203+0000] {logging_mixin.py:188} INFO - [2026-09-05T19:55:48.202+0000] {dagbag.py:545} INFO - Filling up the DagBag from /opt/airflow/dags/silver_processing_dag.py
[2026-09-05T19:55:48.369+0000] {processor.py:840} INFO - DAG(s) 'process_silver_layer' retrieved from /opt/airflow/dags/silver_processing_dag.py
[2026-09-05T19:55:48.526+0000] {logging_mixin.py:188} INFO - [2026-09-05T19:55:48.525+0000] {dag.py:3096} INFO - Sync 1 DAGs
[2026-09-05T19:55:48.709+0000] {logging_mixin.py:188} INFO - [2026-09-05T19:55:48.708+0000] {dag.py:3954} INFO - Setting next_dagrun for process_silver_layer to None, run_after=None
[2026-09-05T19:55:48.956+0000] {processor.py:183} INFO - Processing /opt/airflow/dags/silver_processing_dag.py took 0.819 seconds
[2026-09-05T19:56:21.350+0000] {processor.py:161} INFO - Started process (PID=5615) to work on /opt/airflow/dags/silver_processing_dag.py
[2026-09-05T19:56:21.399+0000] {processor.py:830} INFO - Processing file /opt/airflow/dags/silver_processing_dag.py for tasks to queue
[2026-09-05T19:56:21.577+0000] {logging_mixin.py:188} INFO - [2026-09-05T19:56:21.575+0000] {dagbag.py:545} INFO - Filling up the DagBag from /opt/airflow/dags/silver_processing_dag.py
[2026-09-05T19:56:22.832+0000] {processor.py:840} INFO - DAG(s) 'process_silver_layer' retrieved from /opt/airflow/dags/silver_processing_dag.py
[2026-09-05T19:56:23.009+0000] {logging_mixin.py:188} INFO - [2026-09-05T19:56:23.008+0000] {dag.py:3096} INFO - Sync 1 DAGs
[2026-09-05T19:56:23.250+0000] {logging_mixin.py:188} INFO - [2026-09-05T19:56:23.250+0000] {dag.py:3954} INFO - Setting next_dagrun for process_silver_layer to None, run_after=None
[2026-09-05T19:56:23.527+0000] {processor.py:183} INFO - Processing /opt/airflow/dags/silver_processing_dag.py took 2.227 seconds
[2026-09-05T19:56:58.854+0000] {processor.py:161} INFO - Started process (PID=5630) to work on /opt/airflow/dags/silver_processing_dag.py
[2026-09-05T19:56:58.867+0000] {processor.py:830} INFO - Processing file /opt/airflow/dags/silver_processing_dag.py for tasks to queue
[2026-09-05T19:56:58.947+0000] {logging_mixin.py:188} INFO - [2026-09-05T19:56:58.946+0000] {dagbag.py:545} INFO - Filling up the DagBag from /opt/airflow/dags/silver_processing_dag.py
[2026-09-05T19:57:00.720+0000] {processor.py:840} INFO - DAG(s) 'process_silver_layer' retrieved from /opt/airflow/dags/silver_processing_dag.py
[2026-09-05T19:57:01.000+0000] {logging_mixin.py:188} INFO - [2026-09-05T19:57:00.999+0000] {dag.py:3096} INFO - Sync 1 DAGs
[2026-09-05T19:57:01.574+0000] {logging_mixin.py:188} INFO - [2026-09-05T19:57:01.563+0000] {dag.py:3954} INFO - Setting next_dagrun for process_silver_layer to None, run_after=None
[2026-09-05T19:57:01.965+0000] {processor.py:183} INFO - Processing /opt/airflow/dags/silver_processing_dag.py took 3.137 seconds
[2026-09-05T19:57:34.564+0000] {processor.py:161} INFO - Started process (PID=5645) to work on /opt/airflow/dags/silver_processing_dag.py
[2026-09-05T19:57:34.625+0000] {processor.py:830} INFO - Processing file /opt/airflow/dags/silver_processing_dag.py for tasks to queue
[2026-09-05T19:57:34.673+0000] {logging_mixin.py:188} INFO - [2026-09-05T19:57:34.672+0000] {dagbag.py:545} INFO - Filling up the DagBag from /opt/airflow/dags/silver_processing_dag.py
[2026-09-05T19:57:36.729+0000] {processor.py:840} INFO - DAG(s) 'process_silver_layer' retrieved from /opt/airflow/dags/silver_processing_dag.py
[2026-09-05T19:57:37.760+0000] {logging_mixin.py:188} INFO - [2026-09-05T19:57:37.759+0000] {dag.py:3096} INFO - Sync 1 DAGs
[2026-09-05T19:57:37.991+0000] {logging_mixin.py:188} INFO - [2026-09-05T19:57:37.990+0000] {dag.py:3954} INFO - Setting next_dagrun for process_silver_layer to None, run_after=None
[2026-09-05T19:57:38.505+0000] {processor.py:183} INFO - Processing /opt/airflow/dags/silver_processing_dag.py took 3.993 seconds
[2026-09-05T19:58:11.859+0000] {processor.py:161} INFO - Started process (PID=5660) to work on /opt/airflow/dags/silver_processing_dag.py
[2026-09-05T19:58:11.873+0000] {processor.py:830} INFO - Processing file /opt/airflow/dags/silver_processing_dag.py for tasks to queue
[2026-09-05T19:58:11.897+0000] {logging_mixin.py:188} INFO - [2026-09-05T19:58:11.895+0000] {dagbag.py:545} INFO - Filling up the DagBag from /opt/airflow/dags/silver_processing_dag.py
[2026-09-05T19:58:13.428+0000] {processor.py:840} INFO - DAG(s) 'process_silver_layer' retrieved from /opt/airflow/dags/silver_processing_dag.py
[2026-09-05T19:58:16.841+0000] {logging_mixin.py:188} INFO - [2026-09-05T19:58:16.840+0000] {dag.py:3096} INFO - Sync 1 DAGs
[2026-09-05T19:58:17.111+0000] {logging_mixin.py:188} INFO - [2026-09-05T19:58:17.111+0000] {dag.py:3954} INFO - Setting next_dagrun for process_silver_layer to None, run_after=None
[2026-09-05T19:58:18.087+0000] {processor.py:183} INFO - Processing /opt/airflow/dags/silver_processing_dag.py took 6.279 seconds
[2026-09-05T19:58:49.802+0000] {processor.py:161} INFO - Started process (PID=5677) to work on /opt/airflow/dags/silver_processing_dag.py
[2026-09-05T19:58:49.812+0000] {processor.py:830} INFO - Processing file /opt/airflow/dags/silver_processing_dag.py for tasks to queue
[2026-09-05T19:58:49.838+0000] {logging_mixin.py:188} INFO - [2026-09-05T19:58:49.837+0000] {dagbag.py:545} INFO - Filling up the DagBag from /opt/airflow/dags/silver_processing_dag.py
[2026-09-05T19:58:50.019+0000] {processor.py:840} INFO - DAG(s) 'process_silver_layer' retrieved from /opt/airflow/dags/silver_processing_dag.py
[2026-09-05T19:58:50.212+0000] {logging_mixin.py:188} INFO - [2026-09-05T19:58:50.211+0000] {dag.py:3096} INFO - Sync 1 DAGs
[2026-09-05T19:58:50.506+0000] {logging_mixin.py:188} INFO - [2026-09-05T19:58:50.505+0000] {dag.py:3954} INFO - Setting next_dagrun for process_silver_layer to None, run_after=None
[2026-09-05T19:58:51.000+0000] {processor.py:183} INFO - Processing /opt/airflow/dags/silver_processing_dag.py took 1.441 seconds
[2026-09-05T19:59:22.974+0000] {processor.py:161} INFO - Started process (PID=5692) to work on /opt/airflow/dags/silver_processing_dag.py
[2026-09-05T19:59:22.986+0000] {processor.py:830} INFO - Processing file /opt/airflow/dags/silver_processing_dag.py for tasks to queue
[2026-09-05T19:59:23.086+0000] {logging_mixin.py:188} INFO - [2026-09-05T19:59:23.084+0000] {dagbag.py:545} INFO - Filling up the DagBag from /opt/airflow/dags/silver_processing_dag.py
[2026-09-05T19:59:23.555+0000] {processor.py:840} INFO - DAG(s) 'process_silver_layer' retrieved from /opt/airflow/dags/silver_processing_dag.py
[2026-09-05T19:59:23.714+0000] {logging_mixin.py:188} INFO - [2026-09-05T19:59:23.713+0000] {dag.py:3096} INFO - Sync 1 DAGs
[2026-09-05T19:59:23.825+0000] {logging_mixin.py:188} INFO - [2026-09-05T19:59:23.825+0000] {dag.py:3954} INFO - Setting next_dagrun for process_silver_layer to None, run_after=None
[2026-09-05T19:59:24.025+0000] {processor.py:183} INFO - Processing /opt/airflow/dags/silver_processing_dag.py took 1.090 seconds
[2026-09-05T19:59:55.977+0000] {processor.py:161} INFO - Started process (PID=5705) to work on /opt/airflow/dags/silver_processing_dag.py
[2026-09-05T19:59:56.007+0000] {processor.py:830} INFO - Processing file /opt/airflow/dags/silver_processing_dag.py for tasks to queue
[2026-09-05T19:59:56.098+0000] {logging_mixin.py:188} INFO - [2026-09-05T19:59:56.081+0000] {dagbag.py:545} INFO - Filling up the DagBag from /opt/airflow/dags/silver_processing_dag.py
[2026-09-05T19:59:56.307+0000] {processor.py:840} INFO - DAG(s) 'process_silver_layer' retrieved from /opt/airflow/dags/silver_processing_dag.py
[2026-09-05T19:59:56.545+0000] {logging_mixin.py:188} INFO - [2026-09-05T19:59:56.544+0000] {dag.py:3096} INFO - Sync 1 DAGs
[2026-09-05T19:59:56.683+0000] {logging_mixin.py:188} INFO - [2026-09-05T19:59:56.683+0000] {dag.py:3954} INFO - Setting next_dagrun for process_silver_layer to None, run_after=None
[2026-09-05T19:59:56.847+0000] {processor.py:183} INFO - Processing /opt/airflow/dags/silver_processing_dag.py took 1.698 seconds
[2026-09-05T20:00:29.567+0000] {processor.py:161} INFO - Started process (PID=5724) to work on /opt/airflow/dags/silver_processing_dag.py
[2026-09-05T20:00:29.572+0000] {processor.py:830} INFO - Processing file /opt/airflow/dags/silver_processing_dag.py for tasks to queue
[2026-09-05T20:00:29.620+0000] {logging_mixin.py:188} INFO - [2026-09-05T20:00:29.605+0000] {dagbag.py:545} INFO - Filling up the DagBag from /opt/airflow/dags/silver_processing_dag.py
[2026-09-05T20:00:30.145+0000] {processor.py:840} INFO - DAG(s) 'process_silver_layer' retrieved from /opt/airflow/dags/silver_processing_dag.py
[2026-09-05T20:00:30.508+0000] {logging_mixin.py:188} INFO - [2026-09-05T20:00:30.507+0000] {dag.py:3096} INFO - Sync 1 DAGs
[2026-09-05T20:00:30.701+0000] {logging_mixin.py:188} INFO - [2026-09-05T20:00:30.701+0000] {dag.py:3954} INFO - Setting next_dagrun for process_silver_layer to None, run_after=None
[2026-09-05T20:00:30.915+0000] {processor.py:183} INFO - Processing /opt/airflow/dags/silver_processing_dag.py took 1.407 seconds
[2026-09-05T20:01:06.014+0000] {processor.py:161} INFO - Started process (PID=5742) to work on /opt/airflow/dags/silver_processing_dag.py
[2026-09-05T20:01:06.033+0000] {processor.py:830} INFO - Processing file /opt/airflow/dags/silver_processing_dag.py for tasks to queue
[2026-09-05T20:01:06.082+0000] {logging_mixin.py:188} INFO - [2026-09-05T20:01:06.079+0000] {dagbag.py:545} INFO - Filling up the DagBag from /opt/airflow/dags/silver_processing_dag.py
[2026-09-05T20:01:06.817+0000] {processor.py:840} INFO - DAG(s) 'process_silver_layer' retrieved from /opt/airflow/dags/silver_processing_dag.py
[2026-09-05T20:01:06.979+0000] {logging_mixin.py:188} INFO - [2026-09-05T20:01:06.978+0000] {dag.py:3096} INFO - Sync 1 DAGs
[2026-09-05T20:01:07.130+0000] {logging_mixin.py:188} INFO - [2026-09-05T20:01:07.130+0000] {dag.py:3954} INFO - Setting next_dagrun for process_silver_layer to None, run_after=None
[2026-09-05T20:01:07.297+0000] {processor.py:183} INFO - Processing /opt/airflow/dags/silver_processing_dag.py took 1.476 seconds
[2026-09-05T20:01:38.825+0000] {processor.py:161} INFO - Started process (PID=5784) to work on /opt/airflow/dags/silver_processing_dag.py
[2026-09-05T20:01:38.831+0000] {processor.py:830} INFO - Processing file /opt/airflow/dags/silver_processing_dag.py for tasks to queue
[2026-09-05T20:01:38.847+0000] {logging_mixin.py:188} INFO - [2026-09-05T20:01:38.846+0000] {dagbag.py:545} INFO - Filling up the DagBag from /opt/airflow/dags/silver_processing_dag.py
[2026-09-05T20:01:38.955+0000] {processor.py:840} INFO - DAG(s) 'process_silver_layer' retrieved from /opt/airflow/dags/silver_processing_dag.py
[2026-09-05T20:01:39.101+0000] {logging_mixin.py:188} INFO - [2026-09-05T20:01:39.101+0000] {dag.py:3096} INFO - Sync 1 DAGs
[2026-09-05T20:01:39.203+0000] {logging_mixin.py:188} INFO - [2026-09-05T20:01:39.202+0000] {dag.py:3954} INFO - Setting next_dagrun for process_silver_layer to None, run_after=None
[2026-09-05T20:01:39.356+0000] {processor.py:183} INFO - Processing /opt/airflow/dags/silver_processing_dag.py took 0.573 seconds
[2026-09-05T20:02:10.699+0000] {processor.py:161} INFO - Started process (PID=5880) to work on /opt/airflow/dags/silver_processing_dag.py
[2026-09-05T20:02:10.720+0000] {processor.py:830} INFO - Processing file /opt/airflow/dags/silver_processing_dag.py for tasks to queue
[2026-09-05T20:02:10.771+0000] {logging_mixin.py:188} INFO - [2026-09-05T20:02:10.767+0000] {dagbag.py:545} INFO - Filling up the DagBag from /opt/airflow/dags/silver_processing_dag.py
[2026-09-05T20:02:11.069+0000] {processor.py:840} INFO - DAG(s) 'process_silver_layer' retrieved from /opt/airflow/dags/silver_processing_dag.py
[2026-09-05T20:02:11.335+0000] {logging_mixin.py:188} INFO - [2026-09-05T20:02:11.335+0000] {dag.py:3096} INFO - Sync 1 DAGs
[2026-09-05T20:02:11.451+0000] {logging_mixin.py:188} INFO - [2026-09-05T20:02:11.451+0000] {dag.py:3954} INFO - Setting next_dagrun for process_silver_layer to None, run_after=None
[2026-09-05T20:02:11.636+0000] {processor.py:183} INFO - Processing /opt/airflow/dags/silver_processing_dag.py took 1.032 seconds
[2026-09-05T20:02:42.140+0000] {processor.py:161} INFO - Started process (PID=5922) to work on /opt/airflow/dags/silver_processing_dag.py
[2026-09-05T20:02:42.165+0000] {processor.py:830} INFO - Processing file /opt/airflow/dags/silver_processing_dag.py for tasks to queue
[2026-09-05T20:02:42.214+0000] {logging_mixin.py:188} INFO - [2026-09-05T20:02:42.209+0000] {dagbag.py:545} INFO - Filling up the DagBag from /opt/airflow/dags/silver_processing_dag.py
[2026-09-05T20:02:42.614+0000] {processor.py:840} INFO - DAG(s) 'process_silver_layer' retrieved from /opt/airflow/dags/silver_processing_dag.py
[2026-09-05T20:02:43.530+0000] {logging_mixin.py:188} INFO - [2026-09-05T20:02:43.529+0000] {dag.py:3096} INFO - Sync 1 DAGs
[2026-09-05T20:02:44.079+0000] {logging_mixin.py:188} INFO - [2026-09-05T20:02:44.079+0000] {dag.py:3954} INFO - Setting next_dagrun for process_silver_layer to None, run_after=None
[2026-09-05T20:02:44.335+0000] {processor.py:183} INFO - Processing /opt/airflow/dags/silver_processing_dag.py took 2.375 seconds
[2026-09-05T20:03:19.070+0000] {processor.py:161} INFO - Started process (PID=5986) to work on /opt/airflow/dags/silver_processing_dag.py
[2026-09-05T20:03:19.085+0000] {processor.py:830} INFO - Processing file /opt/airflow/dags/silver_processing_dag.py for tasks to queue
[2026-09-05T20:03:19.114+0000] {logging_mixin.py:188} INFO - [2026-09-05T20:03:19.113+0000] {dagbag.py:545} INFO - Filling up the DagBag from /opt/airflow/dags/silver_processing_dag.py
[2026-09-05T20:03:19.273+0000] {processor.py:840} INFO - DAG(s) 'process_silver_layer' retrieved from /opt/airflow/dags/silver_processing_dag.py
[2026-09-05T20:03:19.706+0000] {logging_mixin.py:188} INFO - [2026-09-05T20:03:19.705+0000] {dag.py:3096} INFO - Sync 1 DAGs
[2026-09-05T20:03:19.906+0000] {logging_mixin.py:188} INFO - [2026-09-05T20:03:19.905+0000] {dag.py:3954} INFO - Setting next_dagrun for process_silver_layer to None, run_after=None
[2026-09-05T20:03:20.305+0000] {processor.py:183} INFO - Processing /opt/airflow/dags/silver_processing_dag.py took 1.352 seconds
[2026-09-05T20:03:51.287+0000] {processor.py:161} INFO - Started process (PID=6034) to work on /opt/airflow/dags/silver_processing_dag.py
[2026-09-05T20:03:51.302+0000] {processor.py:830} INFO - Processing file /opt/airflow/dags/silver_processing_dag.py for tasks to queue
[2026-09-05T20:03:51.327+0000] {logging_mixin.py:188} INFO - [2026-09-05T20:03:51.326+0000] {dagbag.py:545} INFO - Filling up the DagBag from /opt/airflow/dags/silver_processing_dag.py
[2026-09-05T20:03:51.646+0000] {processor.py:840} INFO - DAG(s) 'process_silver_layer' retrieved from /opt/airflow/dags/silver_processing_dag.py
[2026-09-05T20:03:52.020+0000] {logging_mixin.py:188} INFO - [2026-09-05T20:03:52.017+0000] {dag.py:3096} INFO - Sync 1 DAGs
[2026-09-05T20:03:52.372+0000] {logging_mixin.py:188} INFO - [2026-09-05T20:03:52.371+0000] {dag.py:3954} INFO - Setting next_dagrun for process_silver_layer to None, run_after=None
[2026-09-05T20:03:52.557+0000] {processor.py:183} INFO - Processing /opt/airflow/dags/silver_processing_dag.py took 1.606 seconds
[2026-09-05T20:04:26.112+0000] {processor.py:161} INFO - Started process (PID=6150) to work on /opt/airflow/dags/silver_processing_dag.py
[2026-09-05T20:04:26.132+0000] {processor.py:830} INFO - Processing file /opt/airflow/dags/silver_processing_dag.py for tasks to queue
[2026-09-05T20:04:26.180+0000] {logging_mixin.py:188} INFO - [2026-09-05T20:04:26.174+0000] {dagbag.py:545} INFO - Filling up the DagBag from /opt/airflow/dags/silver_processing_dag.py
[2026-09-05T20:04:26.555+0000] {processor.py:840} INFO - DAG(s) 'process_silver_layer' retrieved from /opt/airflow/dags/silver_processing_dag.py
[2026-09-05T20:04:26.888+0000] {logging_mixin.py:188} INFO - [2026-09-05T20:04:26.887+0000] {dag.py:3096} INFO - Sync 1 DAGs
[2026-09-05T20:04:27.130+0000] {logging_mixin.py:188} INFO - [2026-09-05T20:04:27.129+0000] {dag.py:3954} INFO - Setting next_dagrun for process_silver_layer to None, run_after=None
[2026-09-05T20:04:27.355+0000] {processor.py:183} INFO - Processing /opt/airflow/dags/silver_processing_dag.py took 1.457 seconds
[2026-09-05T20:05:02.573+0000] {processor.py:161} INFO - Started process (PID=6194) to work on /opt/airflow/dags/silver_processing_dag.py
[2026-09-05T20:05:02.889+0000] {processor.py:830} INFO - Processing file /opt/airflow/dags/silver_processing_dag.py for tasks to queue
[2026-09-05T20:05:03.446+0000] {logging_mixin.py:188} INFO - [2026-09-05T20:05:03.445+0000] {dagbag.py:545} INFO - Filling up the DagBag from /opt/airflow/dags/silver_processing_dag.py
[2026-09-05T20:05:05.533+0000] {processor.py:840} INFO - DAG(s) 'process_silver_layer' retrieved from /opt/airflow/dags/silver_processing_dag.py
[2026-09-05T20:05:06.309+0000] {logging_mixin.py:188} INFO - [2026-09-05T20:05:06.308+0000] {dag.py:3096} INFO - Sync 1 DAGs
[2026-09-05T20:05:07.040+0000] {logging_mixin.py:188} INFO - [2026-09-05T20:05:07.039+0000] {dag.py:3954} INFO - Setting next_dagrun for process_silver_layer to None, run_after=None
[2026-09-05T20:05:07.323+0000] {processor.py:183} INFO - Processing /opt/airflow/dags/silver_processing_dag.py took 4.862 seconds
[2026-09-05T20:05:38.288+0000] {processor.py:161} INFO - Started process (PID=6242) to work on /opt/airflow/dags/silver_processing_dag.py
[2026-09-05T20:05:38.291+0000] {processor.py:830} INFO - Processing file /opt/airflow/dags/silver_processing_dag.py for tasks to queue
[2026-09-05T20:05:38.303+0000] {logging_mixin.py:188} INFO - [2026-09-05T20:05:38.302+0000] {dagbag.py:545} INFO - Filling up the DagBag from /opt/airflow/dags/silver_processing_dag.py
[2026-09-05T20:05:38.403+0000] {processor.py:840} INFO - DAG(s) 'process_silver_layer' retrieved from /opt/airflow/dags/silver_processing_dag.py
[2026-09-05T20:05:38.571+0000] {logging_mixin.py:188} INFO - [2026-09-05T20:05:38.570+0000] {dag.py:3096} INFO - Sync 1 DAGs
[2026-09-05T20:05:38.663+0000] {logging_mixin.py:188} INFO - [2026-09-05T20:05:38.662+0000] {dag.py:3954} INFO - Setting next_dagrun for process_silver_layer to None, run_after=None
[2026-09-05T20:05:38.737+0000] {processor.py:183} INFO - Processing /opt/airflow/dags/silver_processing_dag.py took 0.481 seconds
[2026-09-05T20:06:09.476+0000] {processor.py:161} INFO - Started process (PID=6283) to work on /opt/airflow/dags/silver_processing_dag.py
[2026-09-05T20:06:09.483+0000] {processor.py:830} INFO - Processing file /opt/airflow/dags/silver_processing_dag.py for tasks to queue
[2026-09-05T20:06:09.493+0000] {logging_mixin.py:188} INFO - [2026-09-05T20:06:09.492+0000] {dagbag.py:545} INFO - Filling up the DagBag from /opt/airflow/dags/silver_processing_dag.py
[2026-09-05T20:06:09.710+0000] {processor.py:840} INFO - DAG(s) 'process_silver_layer' retrieved from /opt/airflow/dags/silver_processing_dag.py
[2026-09-05T20:06:09.948+0000] {logging_mixin.py:188} INFO - [2026-09-05T20:06:09.938+0000] {dag.py:3096} INFO - Sync 1 DAGs
[2026-09-05T20:06:10.012+0000] {logging_mixin.py:188} INFO - [2026-09-05T20:06:10.011+0000] {dag.py:3954} INFO - Setting next_dagrun for process_silver_layer to None, run_after=None
[2026-09-05T20:06:10.090+0000] {processor.py:183} INFO - Processing /opt/airflow/dags/silver_processing_dag.py took 0.644 seconds
[2026-09-05T20:06:40.932+0000] {processor.py:161} INFO - Started process (PID=6301) to work on /opt/airflow/dags/silver_processing_dag.py
[2026-09-05T20:06:40.934+0000] {processor.py:830} INFO - Processing file /opt/airflow/dags/silver_processing_dag.py for tasks to queue
[2026-09-05T20:06:40.940+0000] {logging_mixin.py:188} INFO - [2026-09-05T20:06:40.940+0000] {dagbag.py:545} INFO - Filling up the DagBag from /opt/airflow/dags/silver_processing_dag.py
[2026-09-05T20:06:40.993+0000] {processor.py:840} INFO - DAG(s) 'process_silver_layer' retrieved from /opt/airflow/dags/silver_processing_dag.py
[2026-09-05T20:06:41.061+0000] {logging_mixin.py:188} INFO - [2026-09-05T20:06:41.060+0000] {dag.py:3096} INFO - Sync 1 DAGs
[2026-09-05T20:06:41.103+0000] {logging_mixin.py:188} INFO - [2026-09-05T20:06:41.102+0000] {dag.py:3954} INFO - Setting next_dagrun for process_silver_layer to None, run_after=None
[2026-09-05T20:06:41.155+0000] {processor.py:183} INFO - Processing /opt/airflow/dags/silver_processing_dag.py took 0.241 seconds
[2026-09-05T20:07:11.695+0000] {processor.py:161} INFO - Started process (PID=6319) to work on /opt/airflow/dags/silver_processing_dag.py
[2026-09-05T20:07:11.700+0000] {processor.py:830} INFO - Processing file /opt/airflow/dags/silver_processing_dag.py for tasks to queue
[2026-09-05T20:07:11.712+0000] {logging_mixin.py:188} INFO - [2026-09-05T20:07:11.710+0000] {dagbag.py:545} INFO - Filling up the DagBag from /opt/airflow/dags/silver_processing_dag.py
[2026-09-05T20:07:11.782+0000] {processor.py:840} INFO - DAG(s) 'process_silver_layer' retrieved from /opt/airflow/dags/silver_processing_dag.py
[2026-09-05T20:07:11.862+0000] {logging_mixin.py:188} INFO - [2026-09-05T20:07:11.861+0000] {dag.py:3096} INFO - Sync 1 DAGs
[2026-09-05T20:07:11.906+0000] {logging_mixin.py:188} INFO - [2026-09-05T20:07:11.906+0000] {dag.py:3954} INFO - Setting next_dagrun for process_silver_layer to None, run_after=None
[2026-09-05T20:07:11.964+0000] {processor.py:183} INFO - Processing /opt/airflow/dags/silver_processing_dag.py took 0.306 seconds
[2026-09-05T20:07:42.744+0000] {processor.py:161} INFO - Started process (PID=6334) to work on /opt/airflow/dags/silver_processing_dag.py
[2026-09-05T20:07:42.746+0000] {processor.py:830} INFO - Processing file /opt/airflow/dags/silver_processing_dag.py for tasks to queue
[2026-09-05T20:07:42.751+0000] {logging_mixin.py:188} INFO - [2026-09-05T20:07:42.751+0000] {dagbag.py:545} INFO - Filling up the DagBag from /opt/airflow/dags/silver_processing_dag.py
[2026-09-05T20:07:42.791+0000] {processor.py:840} INFO - DAG(s) 'process_silver_layer' retrieved from /opt/airflow/dags/silver_processing_dag.py
[2026-09-05T20:07:42.836+0000] {logging_mixin.py:188} INFO - [2026-09-05T20:07:42.835+0000] {dag.py:3096} INFO - Sync 1 DAGs
[2026-09-05T20:07:42.860+0000] {logging_mixin.py:188} INFO - [2026-09-05T20:07:42.859+0000] {dag.py:3954} INFO - Setting next_dagrun for process_silver_layer to None, run_after=None
[2026-09-05T20:07:42.899+0000] {processor.py:183} INFO - Processing /opt/airflow/dags/silver_processing_dag.py took 0.169 seconds
[2026-09-05T20:08:13.447+0000] {processor.py:161} INFO - Started process (PID=6355) to work on /opt/airflow/dags/silver_processing_dag.py
[2026-09-05T20:08:13.450+0000] {processor.py:830} INFO - Processing file /opt/airflow/dags/silver_processing_dag.py for tasks to queue
[2026-09-05T20:08:13.455+0000] {logging_mixin.py:188} INFO - [2026-09-05T20:08:13.454+0000] {dagbag.py:545} INFO - Filling up the DagBag from /opt/airflow/dags/silver_processing_dag.py
[2026-09-05T20:08:13.496+0000] {processor.py:840} INFO - DAG(s) 'process_silver_layer' retrieved from /opt/airflow/dags/silver_processing_dag.py
[2026-09-05T20:08:13.548+0000] {logging_mixin.py:188} INFO - [2026-09-05T20:08:13.547+0000] {dag.py:3096} INFO - Sync 1 DAGs
[2026-09-05T20:08:13.578+0000] {logging_mixin.py:188} INFO - [2026-09-05T20:08:13.577+0000] {dag.py:3954} INFO - Setting next_dagrun for process_silver_layer to None, run_after=None
[2026-09-05T20:08:13.620+0000] {processor.py:183} INFO - Processing /opt/airflow/dags/silver_processing_dag.py took 0.190 seconds
[2026-09-05T20:08:44.176+0000] {processor.py:161} INFO - Started process (PID=6379) to work on /opt/airflow/dags/silver_processing_dag.py
[2026-09-05T20:08:44.178+0000] {processor.py:830} INFO - Processing file /opt/airflow/dags/silver_processing_dag.py for tasks to queue
[2026-09-05T20:08:44.184+0000] {logging_mixin.py:188} INFO - [2026-09-05T20:08:44.183+0000] {dagbag.py:545} INFO - Filling up the DagBag from /opt/airflow/dags/silver_processing_dag.py
[2026-09-05T20:08:44.227+0000] {processor.py:840} INFO - DAG(s) 'process_silver_layer' retrieved from /opt/airflow/dags/silver_processing_dag.py
[2026-09-05T20:08:44.280+0000] {logging_mixin.py:188} INFO - [2026-09-05T20:08:44.279+0000] {dag.py:3096} INFO - Sync 1 DAGs
[2026-09-05T20:08:44.315+0000] {logging_mixin.py:188} INFO - [2026-09-05T20:08:44.315+0000] {dag.py:3954} INFO - Setting next_dagrun for process_silver_layer to None, run_after=None
[2026-09-05T20:08:44.355+0000] {processor.py:183} INFO - Processing /opt/airflow/dags/silver_processing_dag.py took 0.195 seconds
[2026-09-05T20:09:15.110+0000] {processor.py:161} INFO - Started process (PID=6398) to work on /opt/airflow/dags/silver_processing_dag.py
[2026-09-05T20:09:15.113+0000] {processor.py:830} INFO - Processing file /opt/airflow/dags/silver_processing_dag.py for tasks to queue
[2026-09-05T20:09:15.127+0000] {logging_mixin.py:188} INFO - [2026-09-05T20:09:15.120+0000] {dagbag.py:545} INFO - Filling up the DagBag from /opt/airflow/dags/silver_processing_dag.py
[2026-09-05T20:09:15.209+0000] {processor.py:840} INFO - DAG(s) 'process_silver_layer' retrieved from /opt/airflow/dags/silver_processing_dag.py
[2026-09-05T20:09:15.305+0000] {logging_mixin.py:188} INFO - [2026-09-05T20:09:15.304+0000] {dag.py:3096} INFO - Sync 1 DAGs
[2026-09-05T20:09:15.393+0000] {logging_mixin.py:188} INFO - [2026-09-05T20:09:15.393+0000] {dag.py:3954} INFO - Setting next_dagrun for process_silver_layer to None, run_after=None
[2026-09-05T20:09:15.431+0000] {processor.py:183} INFO - Processing /opt/airflow/dags/silver_processing_dag.py took 0.344 seconds
[2026-09-05T20:09:45.896+0000] {processor.py:161} INFO - Started process (PID=6417) to work on /opt/airflow/dags/silver_processing_dag.py
[2026-09-05T20:09:45.902+0000] {processor.py:830} INFO - Processing file /opt/airflow/dags/silver_processing_dag.py for tasks to queue
[2026-09-05T20:09:45.916+0000] {logging_mixin.py:188} INFO - [2026-09-05T20:09:45.913+0000] {dagbag.py:545} INFO - Filling up the DagBag from /opt/airflow/dags/silver_processing_dag.py
[2026-09-05T20:09:46.029+0000] {processor.py:840} INFO - DAG(s) 'process_silver_layer' retrieved from /opt/airflow/dags/silver_processing_dag.py
[2026-09-05T20:09:46.101+0000] {logging_mixin.py:188} INFO - [2026-09-05T20:09:46.101+0000] {dag.py:3096} INFO - Sync 1 DAGs
[2026-09-05T20:09:46.161+0000] {logging_mixin.py:188} INFO - [2026-09-05T20:09:46.160+0000] {dag.py:3954} INFO - Setting next_dagrun for process_silver_layer to None, run_after=None
[2026-09-05T20:09:46.250+0000] {processor.py:183} INFO - Processing /opt/airflow/dags/silver_processing_dag.py took 0.390 seconds
[2026-09-05T20:10:16.691+0000] {processor.py:161} INFO - Started process (PID=6435) to work on /opt/airflow/dags/silver_processing_dag.py
[2026-09-05T20:10:16.694+0000] {processor.py:830} INFO - Processing file /opt/airflow/dags/silver_processing_dag.py for tasks to queue
[2026-09-05T20:10:16.702+0000] {logging_mixin.py:188} INFO - [2026-09-05T20:10:16.701+0000] {dagbag.py:545} INFO - Filling up the DagBag from /opt/airflow/dags/silver_processing_dag.py
[2026-09-05T20:10:16.767+0000] {processor.py:840} INFO - DAG(s) 'process_silver_layer' retrieved from /opt/airflow/dags/silver_processing_dag.py
[2026-09-05T20:10:17.013+0000] {logging_mixin.py:188} INFO - [2026-09-05T20:10:17.012+0000] {dag.py:3096} INFO - Sync 1 DAGs
[2026-09-05T20:10:17.118+0000] {logging_mixin.py:188} INFO - [2026-09-05T20:10:17.118+0000] {dag.py:3954} INFO - Setting next_dagrun for process_silver_layer to None, run_after=None
[2026-09-05T20:10:17.312+0000] {processor.py:183} INFO - Processing /opt/airflow/dags/silver_processing_dag.py took 0.645 seconds
[2026-09-05T20:10:47.611+0000] {processor.py:161} INFO - Started process (PID=6453) to work on /opt/airflow/dags/silver_processing_dag.py
[2026-09-05T20:10:47.613+0000] {processor.py:830} INFO - Processing file /opt/airflow/dags/silver_processing_dag.py for tasks to queue
[2026-09-05T20:10:47.619+0000] {logging_mixin.py:188} INFO - [2026-09-05T20:10:47.618+0000] {dagbag.py:545} INFO - Filling up the DagBag from /opt/airflow/dags/silver_processing_dag.py
[2026-09-05T20:10:47.670+0000] {processor.py:840} INFO - DAG(s) 'process_silver_layer' retrieved from /opt/airflow/dags/silver_processing_dag.py
[2026-09-05T20:10:47.771+0000] {logging_mixin.py:188} INFO - [2026-09-05T20:10:47.770+0000] {dag.py:3096} INFO - Sync 1 DAGs
[2026-09-05T20:10:47.869+0000] {logging_mixin.py:188} INFO - [2026-09-05T20:10:47.869+0000] {dag.py:3954} INFO - Setting next_dagrun for process_silver_layer to None, run_after=None
[2026-09-05T20:10:47.948+0000] {processor.py:183} INFO - Processing /opt/airflow/dags/silver_processing_dag.py took 0.358 seconds
[2026-09-05T20:11:18.539+0000] {processor.py:161} INFO - Started process (PID=6471) to work on /opt/airflow/dags/silver_processing_dag.py
[2026-09-05T20:11:18.548+0000] {processor.py:830} INFO - Processing file /opt/airflow/dags/silver_processing_dag.py for tasks to queue
[2026-09-05T20:11:18.559+0000] {logging_mixin.py:188} INFO - [2026-09-05T20:11:18.557+0000] {dagbag.py:545} INFO - Filling up the DagBag from /opt/airflow/dags/silver_processing_dag.py
[2026-09-05T20:11:18.635+0000] {processor.py:840} INFO - DAG(s) 'process_silver_layer' retrieved from /opt/airflow/dags/silver_processing_dag.py
[2026-09-05T20:11:18.710+0000] {logging_mixin.py:188} INFO - [2026-09-05T20:11:18.709+0000] {dag.py:3096} INFO - Sync 1 DAGs
[2026-09-05T20:11:18.756+0000] {logging_mixin.py:188} INFO - [2026-09-05T20:11:18.756+0000] {dag.py:3954} INFO - Setting next_dagrun for process_silver_layer to None, run_after=None
[2026-09-05T20:11:18.836+0000] {processor.py:183} INFO - Processing /opt/airflow/dags/silver_processing_dag.py took 0.325 seconds
[2026-09-05T20:11:49.761+0000] {processor.py:161} INFO - Started process (PID=6490) to work on /opt/airflow/dags/silver_processing_dag.py
[2026-09-05T20:11:49.764+0000] {processor.py:830} INFO - Processing file /opt/airflow/dags/silver_processing_dag.py for tasks to queue
[2026-09-05T20:11:49.783+0000] {logging_mixin.py:188} INFO - [2026-09-05T20:11:49.782+0000] {dagbag.py:545} INFO - Filling up the DagBag from /opt/airflow/dags/silver_processing_dag.py
[2026-09-05T20:11:49.841+0000] {processor.py:840} INFO - DAG(s) 'process_silver_layer' retrieved from /opt/airflow/dags/silver_processing_dag.py
[2026-09-05T20:11:49.963+0000] {logging_mixin.py:188} INFO - [2026-09-05T20:11:49.963+0000] {dag.py:3096} INFO - Sync 1 DAGs
[2026-09-05T20:11:49.994+0000] {logging_mixin.py:188} INFO - [2026-09-05T20:11:49.994+0000] {dag.py:3954} INFO - Setting next_dagrun for process_silver_layer to None, run_after=None
[2026-09-05T20:11:50.043+0000] {processor.py:183} INFO - Processing /opt/airflow/dags/silver_processing_dag.py took 0.311 seconds
[2026-09-05T20:12:20.188+0000] {processor.py:161} INFO - Started process (PID=6508) to work on /opt/airflow/dags/silver_processing_dag.py
[2026-09-05T20:12:20.191+0000] {processor.py:830} INFO - Processing file /opt/airflow/dags/silver_processing_dag.py for tasks to queue
[2026-09-05T20:12:20.200+0000] {logging_mixin.py:188} INFO - [2026-09-05T20:12:20.199+0000] {dagbag.py:545} INFO - Filling up the DagBag from /opt/airflow/dags/silver_processing_dag.py
[2026-09-05T20:12:20.246+0000] {processor.py:840} INFO - DAG(s) 'process_silver_layer' retrieved from /opt/airflow/dags/silver_processing_dag.py
[2026-09-05T20:12:20.318+0000] {logging_mixin.py:188} INFO - [2026-09-05T20:12:20.317+0000] {dag.py:3096} INFO - Sync 1 DAGs
[2026-09-05T20:12:20.369+0000] {logging_mixin.py:188} INFO - [2026-09-05T20:12:20.368+0000] {dag.py:3954} INFO - Setting next_dagrun for process_silver_layer to None, run_after=None
[2026-09-05T20:12:20.444+0000] {processor.py:183} INFO - Processing /opt/airflow/dags/silver_processing_dag.py took 0.276 seconds
[2026-09-05T20:12:51.301+0000] {processor.py:161} INFO - Started process (PID=6596) to work on /opt/airflow/dags/silver_processing_dag.py
[2026-09-05T20:12:51.314+0000] {processor.py:830} INFO - Processing file /opt/airflow/dags/silver_processing_dag.py for tasks to queue
[2026-09-05T20:12:51.341+0000] {logging_mixin.py:188} INFO - [2026-09-05T20:12:51.339+0000] {dagbag.py:545} INFO - Filling up the DagBag from /opt/airflow/dags/silver_processing_dag.py
[2026-09-05T20:12:51.942+0000] {processor.py:840} INFO - DAG(s) 'process_silver_layer' retrieved from /opt/airflow/dags/silver_processing_dag.py
[2026-09-05T20:12:52.469+0000] {logging_mixin.py:188} INFO - [2026-09-05T20:12:52.467+0000] {dag.py:3096} INFO - Sync 1 DAGs
[2026-09-05T20:12:52.563+0000] {logging_mixin.py:188} INFO - [2026-09-05T20:12:52.563+0000] {dag.py:3954} INFO - Setting next_dagrun for process_silver_layer to None, run_after=None
[2026-09-05T20:12:52.642+0000] {processor.py:183} INFO - Processing /opt/airflow/dags/silver_processing_dag.py took 1.421 seconds
[2026-09-05T20:13:23.232+0000] {processor.py:161} INFO - Started process (PID=6643) to work on /opt/airflow/dags/silver_processing_dag.py
[2026-09-05T20:13:23.234+0000] {processor.py:830} INFO - Processing file /opt/airflow/dags/silver_processing_dag.py for tasks to queue
[2026-09-05T20:13:23.240+0000] {logging_mixin.py:188} INFO - [2026-09-05T20:13:23.239+0000] {dagbag.py:545} INFO - Filling up the DagBag from /opt/airflow/dags/silver_processing_dag.py
[2026-09-05T20:13:23.348+0000] {processor.py:840} INFO - DAG(s) 'process_silver_layer' retrieved from /opt/airflow/dags/silver_processing_dag.py
[2026-09-05T20:13:23.423+0000] {logging_mixin.py:188} INFO - [2026-09-05T20:13:23.422+0000] {dag.py:3096} INFO - Sync 1 DAGs
[2026-09-05T20:13:23.490+0000] {logging_mixin.py:188} INFO - [2026-09-05T20:13:23.489+0000] {dag.py:3954} INFO - Setting next_dagrun for process_silver_layer to None, run_after=None
[2026-09-05T20:13:23.652+0000] {processor.py:183} INFO - Processing /opt/airflow/dags/silver_processing_dag.py took 0.447 seconds
[2026-09-05T20:13:53.909+0000] {processor.py:161} INFO - Started process (PID=6663) to work on /opt/airflow/dags/silver_processing_dag.py
[2026-09-05T20:13:53.912+0000] {processor.py:830} INFO - Processing file /opt/airflow/dags/silver_processing_dag.py for tasks to queue
[2026-09-05T20:13:53.919+0000] {logging_mixin.py:188} INFO - [2026-09-05T20:13:53.917+0000] {dagbag.py:545} INFO - Filling up the DagBag from /opt/airflow/dags/silver_processing_dag.py
[2026-09-05T20:13:53.960+0000] {processor.py:840} INFO - DAG(s) 'process_silver_layer' retrieved from /opt/airflow/dags/silver_processing_dag.py
[2026-09-05T20:13:54.054+0000] {logging_mixin.py:188} INFO - [2026-09-05T20:13:54.053+0000] {dag.py:3096} INFO - Sync 1 DAGs
[2026-09-05T20:13:54.093+0000] {logging_mixin.py:188} INFO - [2026-09-05T20:13:54.093+0000] {dag.py:3954} INFO - Setting next_dagrun for process_silver_layer to None, run_after=None
[2026-09-05T20:13:54.141+0000] {processor.py:183} INFO - Processing /opt/airflow/dags/silver_processing_dag.py took 0.247 seconds
[2026-09-05T20:14:24.828+0000] {processor.py:161} INFO - Started process (PID=6683) to work on /opt/airflow/dags/silver_processing_dag.py
[2026-09-05T20:14:24.834+0000] {processor.py:830} INFO - Processing file /opt/airflow/dags/silver_processing_dag.py for tasks to queue
[2026-09-05T20:14:24.845+0000] {logging_mixin.py:188} INFO - [2026-09-05T20:14:24.844+0000] {dagbag.py:545} INFO - Filling up the DagBag from /opt/airflow/dags/silver_processing_dag.py
[2026-09-05T20:14:24.910+0000] {processor.py:840} INFO - DAG(s) 'process_silver_layer' retrieved from /opt/airflow/dags/silver_processing_dag.py
[2026-09-05T20:14:25.001+0000] {logging_mixin.py:188} INFO - [2026-09-05T20:14:25.000+0000] {dag.py:3096} INFO - Sync 1 DAGs
[2026-09-05T20:14:25.085+0000] {logging_mixin.py:188} INFO - [2026-09-05T20:14:25.084+0000] {dag.py:3954} INFO - Setting next_dagrun for process_silver_layer to None, run_after=None
[2026-09-05T20:14:25.220+0000] {processor.py:183} INFO - Processing /opt/airflow/dags/silver_processing_dag.py took 0.415 seconds
[2026-09-05T20:14:55.472+0000] {processor.py:161} INFO - Started process (PID=6734) to work on /opt/airflow/dags/silver_processing_dag.py
[2026-09-05T20:14:55.475+0000] {processor.py:830} INFO - Processing file /opt/airflow/dags/silver_processing_dag.py for tasks to queue
[2026-09-05T20:14:55.481+0000] {logging_mixin.py:188} INFO - [2026-09-05T20:14:55.481+0000] {dagbag.py:545} INFO - Filling up the DagBag from /opt/airflow/dags/silver_processing_dag.py
[2026-09-05T20:14:55.532+0000] {processor.py:840} INFO - DAG(s) 'process_silver_layer' retrieved from /opt/airflow/dags/silver_processing_dag.py
[2026-09-05T20:14:55.578+0000] {logging_mixin.py:188} INFO - [2026-09-05T20:14:55.578+0000] {dag.py:3096} INFO - Sync 1 DAGs
[2026-09-05T20:14:55.612+0000] {logging_mixin.py:188} INFO - [2026-09-05T20:14:55.612+0000] {dag.py:3954} INFO - Setting next_dagrun for process_silver_layer to None, run_after=None
[2026-09-05T20:14:55.650+0000] {processor.py:183} INFO - Processing /opt/airflow/dags/silver_processing_dag.py took 0.197 seconds
[2026-09-05T20:15:26.099+0000] {processor.py:161} INFO - Started process (PID=6829) to work on /opt/airflow/dags/silver_processing_dag.py
[2026-09-05T20:15:26.120+0000] {processor.py:830} INFO - Processing file /opt/airflow/dags/silver_processing_dag.py for tasks to queue
[2026-09-05T20:15:26.190+0000] {logging_mixin.py:188} INFO - [2026-09-05T20:15:26.189+0000] {dagbag.py:545} INFO - Filling up the DagBag from /opt/airflow/dags/silver_processing_dag.py
[2026-09-05T20:15:26.406+0000] {processor.py:840} INFO - DAG(s) 'process_silver_layer' retrieved from /opt/airflow/dags/silver_processing_dag.py
[2026-09-05T20:15:26.626+0000] {logging_mixin.py:188} INFO - [2026-09-05T20:15:26.625+0000] {dag.py:3096} INFO - Sync 1 DAGs
[2026-09-05T20:15:26.699+0000] {logging_mixin.py:188} INFO - [2026-09-05T20:15:26.699+0000] {dag.py:3954} INFO - Setting next_dagrun for process_silver_layer to None, run_after=None
[2026-09-05T20:15:26.790+0000] {processor.py:183} INFO - Processing /opt/airflow/dags/silver_processing_dag.py took 0.818 seconds
[2026-09-05T20:15:57.916+0000] {processor.py:161} INFO - Started process (PID=7461) to work on /opt/airflow/dags/silver_processing_dag.py
[2026-09-05T20:15:57.921+0000] {processor.py:830} INFO - Processing file /opt/airflow/dags/silver_processing_dag.py for tasks to queue
[2026-09-05T20:15:57.936+0000] {logging_mixin.py:188} INFO - [2026-09-05T20:15:57.927+0000] {dagbag.py:545} INFO - Filling up the DagBag from /opt/airflow/dags/silver_processing_dag.py
[2026-09-05T20:15:58.037+0000] {processor.py:840} INFO - DAG(s) 'process_silver_layer' retrieved from /opt/airflow/dags/silver_processing_dag.py
[2026-09-05T20:15:58.150+0000] {logging_mixin.py:188} INFO - [2026-09-05T20:15:58.150+0000] {dag.py:3096} INFO - Sync 1 DAGs
[2026-09-05T20:15:58.218+0000] {logging_mixin.py:188} INFO - [2026-09-05T20:15:58.217+0000] {dag.py:3954} INFO - Setting next_dagrun for process_silver_layer to None, run_after=None
[2026-09-05T20:15:58.290+0000] {processor.py:183} INFO - Processing /opt/airflow/dags/silver_processing_dag.py took 0.439 seconds
[2026-09-05T20:16:28.459+0000] {processor.py:161} INFO - Started process (PID=7550) to work on /opt/airflow/dags/silver_processing_dag.py
[2026-09-05T20:16:28.462+0000] {processor.py:830} INFO - Processing file /opt/airflow/dags/silver_processing_dag.py for tasks to queue
[2026-09-05T20:16:28.467+0000] {logging_mixin.py:188} INFO - [2026-09-05T20:16:28.466+0000] {dagbag.py:545} INFO - Filling up the DagBag from /opt/airflow/dags/silver_processing_dag.py
[2026-09-05T20:16:28.556+0000] {processor.py:840} INFO - DAG(s) 'process_silver_layer' retrieved from /opt/airflow/dags/silver_processing_dag.py
[2026-09-05T20:16:28.648+0000] {logging_mixin.py:188} INFO - [2026-09-05T20:16:28.647+0000] {dag.py:3096} INFO - Sync 1 DAGs
[2026-09-05T20:16:28.712+0000] {logging_mixin.py:188} INFO - [2026-09-05T20:16:28.711+0000] {dag.py:3954} INFO - Setting next_dagrun for process_silver_layer to None, run_after=None
[2026-09-05T20:16:28.783+0000] {processor.py:183} INFO - Processing /opt/airflow/dags/silver_processing_dag.py took 0.346 seconds
[2026-09-05T20:16:59.203+0000] {processor.py:161} INFO - Started process (PID=7607) to work on /opt/airflow/dags/silver_processing_dag.py
[2026-09-05T20:16:59.206+0000] {processor.py:830} INFO - Processing file /opt/airflow/dags/silver_processing_dag.py for tasks to queue
[2026-09-05T20:16:59.213+0000] {logging_mixin.py:188} INFO - [2026-09-05T20:16:59.212+0000] {dagbag.py:545} INFO - Filling up the DagBag from /opt/airflow/dags/silver_processing_dag.py
[2026-09-05T20:16:59.267+0000] {processor.py:840} INFO - DAG(s) 'process_silver_layer' retrieved from /opt/airflow/dags/silver_processing_dag.py
[2026-09-05T20:16:59.334+0000] {logging_mixin.py:188} INFO - [2026-09-05T20:16:59.334+0000] {dag.py:3096} INFO - Sync 1 DAGs
[2026-09-05T20:16:59.473+0000] {logging_mixin.py:188} INFO - [2026-09-05T20:16:59.473+0000] {dag.py:3954} INFO - Setting next_dagrun for process_silver_layer to None, run_after=None
[2026-09-05T20:16:59.604+0000] {processor.py:183} INFO - Processing /opt/airflow/dags/silver_processing_dag.py took 0.424 seconds
[2026-09-05T20:17:30.516+0000] {processor.py:161} INFO - Started process (PID=7695) to work on /opt/airflow/dags/silver_processing_dag.py
[2026-09-05T20:17:30.522+0000] {processor.py:830} INFO - Processing file /opt/airflow/dags/silver_processing_dag.py for tasks to queue
[2026-09-05T20:17:30.556+0000] {logging_mixin.py:188} INFO - [2026-09-05T20:17:30.553+0000] {dagbag.py:545} INFO - Filling up the DagBag from /opt/airflow/dags/silver_processing_dag.py
[2026-09-05T20:17:30.656+0000] {processor.py:840} INFO - DAG(s) 'process_silver_layer' retrieved from /opt/airflow/dags/silver_processing_dag.py
[2026-09-05T20:17:30.720+0000] {logging_mixin.py:188} INFO - [2026-09-05T20:17:30.720+0000] {dag.py:3096} INFO - Sync 1 DAGs
[2026-09-05T20:17:30.758+0000] {logging_mixin.py:188} INFO - [2026-09-05T20:17:30.757+0000] {dag.py:3954} INFO - Setting next_dagrun for process_silver_layer to None, run_after=None
[2026-09-05T20:17:30.814+0000] {processor.py:183} INFO - Processing /opt/airflow/dags/silver_processing_dag.py took 0.400 seconds
[2026-09-05T20:18:00.908+0000] {processor.py:161} INFO - Started process (PID=7764) to work on /opt/airflow/dags/silver_processing_dag.py
[2026-09-05T20:18:00.910+0000] {processor.py:830} INFO - Processing file /opt/airflow/dags/silver_processing_dag.py for tasks to queue
[2026-09-05T20:18:00.916+0000] {logging_mixin.py:188} INFO - [2026-09-05T20:18:00.915+0000] {dagbag.py:545} INFO - Filling up the DagBag from /opt/airflow/dags/silver_processing_dag.py
[2026-09-05T20:18:00.951+0000] {processor.py:840} INFO - DAG(s) 'process_silver_layer' retrieved from /opt/airflow/dags/silver_processing_dag.py
[2026-09-05T20:18:01.014+0000] {logging_mixin.py:188} INFO - [2026-09-05T20:18:01.014+0000] {dag.py:3096} INFO - Sync 1 DAGs
[2026-09-05T20:18:01.042+0000] {logging_mixin.py:188} INFO - [2026-09-05T20:18:01.041+0000] {dag.py:3954} INFO - Setting next_dagrun for process_silver_layer to None, run_after=None
[2026-09-05T20:18:01.088+0000] {processor.py:183} INFO - Processing /opt/airflow/dags/silver_processing_dag.py took 0.193 seconds
[2026-09-05T20:18:31.863+0000] {processor.py:161} INFO - Started process (PID=7824) to work on /opt/airflow/dags/silver_processing_dag.py
[2026-09-05T20:18:31.865+0000] {processor.py:830} INFO - Processing file /opt/airflow/dags/silver_processing_dag.py for tasks to queue
[2026-09-05T20:18:31.871+0000] {logging_mixin.py:188} INFO - [2026-09-05T20:18:31.870+0000] {dagbag.py:545} INFO - Filling up the DagBag from /opt/airflow/dags/silver_processing_dag.py
[2026-09-05T20:18:31.914+0000] {processor.py:840} INFO - DAG(s) 'process_silver_layer' retrieved from /opt/airflow/dags/silver_processing_dag.py
[2026-09-05T20:18:31.963+0000] {logging_mixin.py:188} INFO - [2026-09-05T20:18:31.962+0000] {dag.py:3096} INFO - Sync 1 DAGs
[2026-09-05T20:18:31.993+0000] {logging_mixin.py:188} INFO - [2026-09-05T20:18:31.992+0000] {dag.py:3954} INFO - Setting next_dagrun for process_silver_layer to None, run_after=None
[2026-09-05T20:18:32.043+0000] {processor.py:183} INFO - Processing /opt/airflow/dags/silver_processing_dag.py took 0.195 seconds
[2026-09-05T20:19:02.445+0000] {processor.py:161} INFO - Started process (PID=7839) to work on /opt/airflow/dags/silver_processing_dag.py
[2026-09-05T20:19:02.448+0000] {processor.py:830} INFO - Processing file /opt/airflow/dags/silver_processing_dag.py for tasks to queue
[2026-09-05T20:19:02.454+0000] {logging_mixin.py:188} INFO - [2026-09-05T20:19:02.453+0000] {dagbag.py:545} INFO - Filling up the DagBag from /opt/airflow/dags/silver_processing_dag.py
[2026-09-05T20:19:02.494+0000] {processor.py:840} INFO - DAG(s) 'process_silver_layer' retrieved from /opt/airflow/dags/silver_processing_dag.py
[2026-09-05T20:19:02.540+0000] {logging_mixin.py:188} INFO - [2026-09-05T20:19:02.540+0000] {dag.py:3096} INFO - Sync 1 DAGs
[2026-09-05T20:19:02.572+0000] {logging_mixin.py:188} INFO - [2026-09-05T20:19:02.572+0000] {dag.py:3954} INFO - Setting next_dagrun for process_silver_layer to None, run_after=None
[2026-09-05T20:19:02.613+0000] {processor.py:183} INFO - Processing /opt/airflow/dags/silver_processing_dag.py took 0.186 seconds
[2026-09-05T20:19:33.225+0000] {processor.py:161} INFO - Started process (PID=7854) to work on /opt/airflow/dags/silver_processing_dag.py
[2026-09-05T20:19:33.228+0000] {processor.py:830} INFO - Processing file /opt/airflow/dags/silver_processing_dag.py for tasks to queue
[2026-09-05T20:19:33.233+0000] {logging_mixin.py:188} INFO - [2026-09-05T20:19:33.231+0000] {dagbag.py:545} INFO - Filling up the DagBag from /opt/airflow/dags/silver_processing_dag.py
[2026-09-05T20:19:33.273+0000] {processor.py:840} INFO - DAG(s) 'process_silver_layer' retrieved from /opt/airflow/dags/silver_processing_dag.py
[2026-09-05T20:19:33.319+0000] {logging_mixin.py:188} INFO - [2026-09-05T20:19:33.318+0000] {dag.py:3096} INFO - Sync 1 DAGs
[2026-09-05T20:19:33.348+0000] {logging_mixin.py:188} INFO - [2026-09-05T20:19:33.348+0000] {dag.py:3954} INFO - Setting next_dagrun for process_silver_layer to None, run_after=None
[2026-09-05T20:19:33.385+0000] {processor.py:183} INFO - Processing /opt/airflow/dags/silver_processing_dag.py took 0.172 seconds
[2026-09-05T20:20:03.922+0000] {processor.py:161} INFO - Started process (PID=7869) to work on /opt/airflow/dags/silver_processing_dag.py
[2026-09-05T20:20:03.925+0000] {processor.py:830} INFO - Processing file /opt/airflow/dags/silver_processing_dag.py for tasks to queue
[2026-09-05T20:20:03.933+0000] {logging_mixin.py:188} INFO - [2026-09-05T20:20:03.932+0000] {dagbag.py:545} INFO - Filling up the DagBag from /opt/airflow/dags/silver_processing_dag.py
[2026-09-05T20:20:03.987+0000] {processor.py:840} INFO - DAG(s) 'process_silver_layer' retrieved from /opt/airflow/dags/silver_processing_dag.py
[2026-09-05T20:20:04.043+0000] {logging_mixin.py:188} INFO - [2026-09-05T20:20:04.043+0000] {dag.py:3096} INFO - Sync 1 DAGs
[2026-09-05T20:20:04.071+0000] {logging_mixin.py:188} INFO - [2026-09-05T20:20:04.070+0000] {dag.py:3954} INFO - Setting next_dagrun for process_silver_layer to None, run_after=None
[2026-09-05T20:20:04.112+0000] {processor.py:183} INFO - Processing /opt/airflow/dags/silver_processing_dag.py took 0.207 seconds
[2026-09-05T20:20:34.790+0000] {processor.py:161} INFO - Started process (PID=7884) to work on /opt/airflow/dags/silver_processing_dag.py
[2026-09-05T20:20:34.795+0000] {processor.py:830} INFO - Processing file /opt/airflow/dags/silver_processing_dag.py for tasks to queue
[2026-09-05T20:20:34.802+0000] {logging_mixin.py:188} INFO - [2026-09-05T20:20:34.800+0000] {dagbag.py:545} INFO - Filling up the DagBag from /opt/airflow/dags/silver_processing_dag.py
[2026-09-05T20:20:34.842+0000] {processor.py:840} INFO - DAG(s) 'process_silver_layer' retrieved from /opt/airflow/dags/silver_processing_dag.py
[2026-09-05T20:20:34.907+0000] {logging_mixin.py:188} INFO - [2026-09-05T20:20:34.907+0000] {dag.py:3096} INFO - Sync 1 DAGs
[2026-09-05T20:20:34.954+0000] {logging_mixin.py:188} INFO - [2026-09-05T20:20:34.954+0000] {dag.py:3954} INFO - Setting next_dagrun for process_silver_layer to None, run_after=None
[2026-09-05T20:20:35.006+0000] {processor.py:183} INFO - Processing /opt/airflow/dags/silver_processing_dag.py took 0.233 seconds
[2026-09-05T20:21:05.585+0000] {processor.py:161} INFO - Started process (PID=7899) to work on /opt/airflow/dags/silver_processing_dag.py
[2026-09-05T20:21:05.588+0000] {processor.py:830} INFO - Processing file /opt/airflow/dags/silver_processing_dag.py for tasks to queue
[2026-09-05T20:21:05.599+0000] {logging_mixin.py:188} INFO - [2026-09-05T20:21:05.596+0000] {dagbag.py:545} INFO - Filling up the DagBag from /opt/airflow/dags/silver_processing_dag.py
[2026-09-05T20:21:05.662+0000] {processor.py:840} INFO - DAG(s) 'process_silver_layer' retrieved from /opt/airflow/dags/silver_processing_dag.py
[2026-09-05T20:21:05.713+0000] {logging_mixin.py:188} INFO - [2026-09-05T20:21:05.713+0000] {dag.py:3096} INFO - Sync 1 DAGs
[2026-09-05T20:21:05.739+0000] {logging_mixin.py:188} INFO - [2026-09-05T20:21:05.739+0000] {dag.py:3954} INFO - Setting next_dagrun for process_silver_layer to None, run_after=None
[2026-09-05T20:21:05.777+0000] {processor.py:183} INFO - Processing /opt/airflow/dags/silver_processing_dag.py took 0.213 seconds
[2026-09-05T20:21:36.197+0000] {processor.py:161} INFO - Started process (PID=7914) to work on /opt/airflow/dags/silver_processing_dag.py
[2026-09-05T20:21:36.200+0000] {processor.py:830} INFO - Processing file /opt/airflow/dags/silver_processing_dag.py for tasks to queue
[2026-09-05T20:21:36.208+0000] {logging_mixin.py:188} INFO - [2026-09-05T20:21:36.207+0000] {dagbag.py:545} INFO - Filling up the DagBag from /opt/airflow/dags/silver_processing_dag.py
[2026-09-05T20:21:36.257+0000] {processor.py:840} INFO - DAG(s) 'process_silver_layer' retrieved from /opt/airflow/dags/silver_processing_dag.py
[2026-09-05T20:21:36.336+0000] {logging_mixin.py:188} INFO - [2026-09-05T20:21:36.335+0000] {dag.py:3096} INFO - Sync 1 DAGs
[2026-09-05T20:21:36.385+0000] {logging_mixin.py:188} INFO - [2026-09-05T20:21:36.385+0000] {dag.py:3954} INFO - Setting next_dagrun for process_silver_layer to None, run_after=None
[2026-09-05T20:21:36.470+0000] {processor.py:183} INFO - Processing /opt/airflow/dags/silver_processing_dag.py took 0.289 seconds
[2026-09-05T20:22:07.123+0000] {processor.py:161} INFO - Started process (PID=7929) to work on /opt/airflow/dags/silver_processing_dag.py
[2026-09-05T20:22:07.126+0000] {processor.py:830} INFO - Processing file /opt/airflow/dags/silver_processing_dag.py for tasks to queue
[2026-09-05T20:22:07.132+0000] {logging_mixin.py:188} INFO - [2026-09-05T20:22:07.131+0000] {dagbag.py:545} INFO - Filling up the DagBag from /opt/airflow/dags/silver_processing_dag.py
[2026-09-05T20:22:07.178+0000] {processor.py:840} INFO - DAG(s) 'process_silver_layer' retrieved from /opt/airflow/dags/silver_processing_dag.py
[2026-09-05T20:22:07.220+0000] {logging_mixin.py:188} INFO - [2026-09-05T20:22:07.219+0000] {dag.py:3096} INFO - Sync 1 DAGs
[2026-09-05T20:22:07.257+0000] {logging_mixin.py:188} INFO - [2026-09-05T20:22:07.256+0000] {dag.py:3954} INFO - Setting next_dagrun for process_silver_layer to None, run_after=None
[2026-09-05T20:22:07.298+0000] {processor.py:183} INFO - Processing /opt/airflow/dags/silver_processing_dag.py took 0.201 seconds
[2026-09-05T20:22:37.959+0000] {processor.py:161} INFO - Started process (PID=7944) to work on /opt/airflow/dags/silver_processing_dag.py
[2026-09-05T20:22:37.963+0000] {processor.py:830} INFO - Processing file /opt/airflow/dags/silver_processing_dag.py for tasks to queue
[2026-09-05T20:22:37.968+0000] {logging_mixin.py:188} INFO - [2026-09-05T20:22:37.967+0000] {dagbag.py:545} INFO - Filling up the DagBag from /opt/airflow/dags/silver_processing_dag.py
[2026-09-05T20:22:38.011+0000] {processor.py:840} INFO - DAG(s) 'process_silver_layer' retrieved from /opt/airflow/dags/silver_processing_dag.py
[2026-09-05T20:22:38.084+0000] {logging_mixin.py:188} INFO - [2026-09-05T20:22:38.083+0000] {dag.py:3096} INFO - Sync 1 DAGs
[2026-09-05T20:22:38.108+0000] {logging_mixin.py:188} INFO - [2026-09-05T20:22:38.107+0000] {dag.py:3954} INFO - Setting next_dagrun for process_silver_layer to None, run_after=None
[2026-09-05T20:22:38.145+0000] {processor.py:183} INFO - Processing /opt/airflow/dags/silver_processing_dag.py took 0.204 seconds
[2026-09-05T20:23:08.650+0000] {processor.py:161} INFO - Started process (PID=7959) to work on /opt/airflow/dags/silver_processing_dag.py
[2026-09-05T20:23:08.653+0000] {processor.py:830} INFO - Processing file /opt/airflow/dags/silver_processing_dag.py for tasks to queue
[2026-09-05T20:23:08.657+0000] {logging_mixin.py:188} INFO - [2026-09-05T20:23:08.657+0000] {dagbag.py:545} INFO - Filling up the DagBag from /opt/airflow/dags/silver_processing_dag.py
[2026-09-05T20:23:08.700+0000] {processor.py:840} INFO - DAG(s) 'process_silver_layer' retrieved from /opt/airflow/dags/silver_processing_dag.py
[2026-09-05T20:23:08.784+0000] {logging_mixin.py:188} INFO - [2026-09-05T20:23:08.784+0000] {dag.py:3096} INFO - Sync 1 DAGs
[2026-09-05T20:23:08.814+0000] {logging_mixin.py:188} INFO - [2026-09-05T20:23:08.814+0000] {dag.py:3954} INFO - Setting next_dagrun for process_silver_layer to None, run_after=None
[2026-09-05T20:23:08.856+0000] {processor.py:183} INFO - Processing /opt/airflow/dags/silver_processing_dag.py took 0.222 seconds
[2026-09-05T20:23:39.386+0000] {processor.py:161} INFO - Started process (PID=7974) to work on /opt/airflow/dags/silver_processing_dag.py
[2026-09-05T20:23:39.390+0000] {processor.py:830} INFO - Processing file /opt/airflow/dags/silver_processing_dag.py for tasks to queue
[2026-09-05T20:23:39.395+0000] {logging_mixin.py:188} INFO - [2026-09-05T20:23:39.394+0000] {dagbag.py:545} INFO - Filling up the DagBag from /opt/airflow/dags/silver_processing_dag.py
[2026-09-05T20:23:39.447+0000] {processor.py:840} INFO - DAG(s) 'process_silver_layer' retrieved from /opt/airflow/dags/silver_processing_dag.py
[2026-09-05T20:23:39.507+0000] {logging_mixin.py:188} INFO - [2026-09-05T20:23:39.507+0000] {dag.py:3096} INFO - Sync 1 DAGs
[2026-09-05T20:23:39.546+0000] {logging_mixin.py:188} INFO - [2026-09-05T20:23:39.546+0000] {dag.py:3954} INFO - Setting next_dagrun for process_silver_layer to None, run_after=None
[2026-09-05T20:23:39.589+0000] {processor.py:183} INFO - Processing /opt/airflow/dags/silver_processing_dag.py took 0.215 seconds
[2026-09-05T20:24:10.120+0000] {processor.py:161} INFO - Started process (PID=7989) to work on /opt/airflow/dags/silver_processing_dag.py
[2026-09-05T20:24:10.123+0000] {processor.py:830} INFO - Processing file /opt/airflow/dags/silver_processing_dag.py for tasks to queue
[2026-09-05T20:24:10.129+0000] {logging_mixin.py:188} INFO - [2026-09-05T20:24:10.128+0000] {dagbag.py:545} INFO - Filling up the DagBag from /opt/airflow/dags/silver_processing_dag.py
[2026-09-05T20:24:10.175+0000] {processor.py:840} INFO - DAG(s) 'process_silver_layer' retrieved from /opt/airflow/dags/silver_processing_dag.py
[2026-09-05T20:24:10.221+0000] {logging_mixin.py:188} INFO - [2026-09-05T20:24:10.221+0000] {dag.py:3096} INFO - Sync 1 DAGs
[2026-09-05T20:24:10.249+0000] {logging_mixin.py:188} INFO - [2026-09-05T20:24:10.248+0000] {dag.py:3954} INFO - Setting next_dagrun for process_silver_layer to None, run_after=None
[2026-09-05T20:24:10.291+0000] {processor.py:183} INFO - Processing /opt/airflow/dags/silver_processing_dag.py took 0.185 seconds
[2026-09-05T20:24:40.855+0000] {processor.py:161} INFO - Started process (PID=8004) to work on /opt/airflow/dags/silver_processing_dag.py
[2026-09-05T20:24:40.858+0000] {processor.py:830} INFO - Processing file /opt/airflow/dags/silver_processing_dag.py for tasks to queue
[2026-09-05T20:24:40.871+0000] {logging_mixin.py:188} INFO - [2026-09-05T20:24:40.870+0000] {dagbag.py:545} INFO - Filling up the DagBag from /opt/airflow/dags/silver_processing_dag.py
[2026-09-05T20:24:40.924+0000] {processor.py:840} INFO - DAG(s) 'process_silver_layer' retrieved from /opt/airflow/dags/silver_processing_dag.py
[2026-09-05T20:24:40.981+0000] {logging_mixin.py:188} INFO - [2026-09-05T20:24:40.980+0000] {dag.py:3096} INFO - Sync 1 DAGs
[2026-09-05T20:24:41.020+0000] {logging_mixin.py:188} INFO - [2026-09-05T20:24:41.020+0000] {dag.py:3954} INFO - Setting next_dagrun for process_silver_layer to None, run_after=None
[2026-09-05T20:24:41.076+0000] {processor.py:183} INFO - Processing /opt/airflow/dags/silver_processing_dag.py took 0.235 seconds
[2026-09-05T20:25:11.634+0000] {processor.py:161} INFO - Started process (PID=8019) to work on /opt/airflow/dags/silver_processing_dag.py
[2026-09-05T20:25:11.637+0000] {processor.py:830} INFO - Processing file /opt/airflow/dags/silver_processing_dag.py for tasks to queue
[2026-09-05T20:25:11.642+0000] {logging_mixin.py:188} INFO - [2026-09-05T20:25:11.641+0000] {dagbag.py:545} INFO - Filling up the DagBag from /opt/airflow/dags/silver_processing_dag.py
[2026-09-05T20:25:11.682+0000] {processor.py:840} INFO - DAG(s) 'process_silver_layer' retrieved from /opt/airflow/dags/silver_processing_dag.py
[2026-09-05T20:25:11.732+0000] {logging_mixin.py:188} INFO - [2026-09-05T20:25:11.731+0000] {dag.py:3096} INFO - Sync 1 DAGs
[2026-09-05T20:25:11.761+0000] {logging_mixin.py:188} INFO - [2026-09-05T20:25:11.761+0000] {dag.py:3954} INFO - Setting next_dagrun for process_silver_layer to None, run_after=None
[2026-09-05T20:25:11.806+0000] {processor.py:183} INFO - Processing /opt/airflow/dags/silver_processing_dag.py took 0.186 seconds
[2026-09-05T20:25:42.367+0000] {processor.py:161} INFO - Started process (PID=8034) to work on /opt/airflow/dags/silver_processing_dag.py
[2026-09-05T20:25:42.369+0000] {processor.py:830} INFO - Processing file /opt/airflow/dags/silver_processing_dag.py for tasks to queue
[2026-09-05T20:25:42.375+0000] {logging_mixin.py:188} INFO - [2026-09-05T20:25:42.375+0000] {dagbag.py:545} INFO - Filling up the DagBag from /opt/airflow/dags/silver_processing_dag.py
[2026-09-05T20:25:42.410+0000] {processor.py:840} INFO - DAG(s) 'process_silver_layer' retrieved from /opt/airflow/dags/silver_processing_dag.py
[2026-09-05T20:25:42.481+0000] {logging_mixin.py:188} INFO - [2026-09-05T20:25:42.480+0000] {dag.py:3096} INFO - Sync 1 DAGs
[2026-09-05T20:25:42.529+0000] {logging_mixin.py:188} INFO - [2026-09-05T20:25:42.529+0000] {dag.py:3954} INFO - Setting next_dagrun for process_silver_layer to None, run_after=None
[2026-09-05T20:25:42.571+0000] {processor.py:183} INFO - Processing /opt/airflow/dags/silver_processing_dag.py took 0.218 seconds
[2026-09-05T20:26:13.110+0000] {processor.py:161} INFO - Started process (PID=8049) to work on /opt/airflow/dags/silver_processing_dag.py
[2026-09-05T20:26:13.113+0000] {processor.py:830} INFO - Processing file /opt/airflow/dags/silver_processing_dag.py for tasks to queue
[2026-09-05T20:26:13.119+0000] {logging_mixin.py:188} INFO - [2026-09-05T20:26:13.118+0000] {dagbag.py:545} INFO - Filling up the DagBag from /opt/airflow/dags/silver_processing_dag.py
[2026-09-05T20:26:13.169+0000] {processor.py:840} INFO - DAG(s) 'process_silver_layer' retrieved from /opt/airflow/dags/silver_processing_dag.py
[2026-09-05T20:26:13.218+0000] {logging_mixin.py:188} INFO - [2026-09-05T20:26:13.217+0000] {dag.py:3096} INFO - Sync 1 DAGs
[2026-09-05T20:26:13.249+0000] {logging_mixin.py:188} INFO - [2026-09-05T20:26:13.249+0000] {dag.py:3954} INFO - Setting next_dagrun for process_silver_layer to None, run_after=None
[2026-09-05T20:26:13.288+0000] {processor.py:183} INFO - Processing /opt/airflow/dags/silver_processing_dag.py took 0.192 seconds
[2026-09-05T20:26:44.080+0000] {processor.py:161} INFO - Started process (PID=8064) to work on /opt/airflow/dags/silver_processing_dag.py
[2026-09-05T20:26:44.085+0000] {processor.py:830} INFO - Processing file /opt/airflow/dags/silver_processing_dag.py for tasks to queue
[2026-09-05T20:26:44.092+0000] {logging_mixin.py:188} INFO - [2026-09-05T20:26:44.091+0000] {dagbag.py:545} INFO - Filling up the DagBag from /opt/airflow/dags/silver_processing_dag.py
[2026-09-05T20:26:44.197+0000] {processor.py:840} INFO - DAG(s) 'process_silver_layer' retrieved from /opt/airflow/dags/silver_processing_dag.py
[2026-09-05T20:26:44.253+0000] {logging_mixin.py:188} INFO - [2026-09-05T20:26:44.252+0000] {dag.py:3096} INFO - Sync 1 DAGs
[2026-09-05T20:26:44.280+0000] {logging_mixin.py:188} INFO - [2026-09-05T20:26:44.279+0000] {dag.py:3954} INFO - Setting next_dagrun for process_silver_layer to None, run_after=None
[2026-09-05T20:26:44.335+0000] {processor.py:183} INFO - Processing /opt/airflow/dags/silver_processing_dag.py took 0.283 seconds
[2026-09-05T20:27:14.626+0000] {processor.py:161} INFO - Started process (PID=8079) to work on /opt/airflow/dags/silver_processing_dag.py
[2026-09-05T20:27:14.629+0000] {processor.py:830} INFO - Processing file /opt/airflow/dags/silver_processing_dag.py for tasks to queue
[2026-09-05T20:27:14.634+0000] {logging_mixin.py:188} INFO - [2026-09-05T20:27:14.634+0000] {dagbag.py:545} INFO - Filling up the DagBag from /opt/airflow/dags/silver_processing_dag.py
[2026-09-05T20:27:14.675+0000] {processor.py:840} INFO - DAG(s) 'process_silver_layer' retrieved from /opt/airflow/dags/silver_processing_dag.py
[2026-09-05T20:27:14.733+0000] {logging_mixin.py:188} INFO - [2026-09-05T20:27:14.733+0000] {dag.py:3096} INFO - Sync 1 DAGs
[2026-09-05T20:27:14.761+0000] {logging_mixin.py:188} INFO - [2026-09-05T20:27:14.761+0000] {dag.py:3954} INFO - Setting next_dagrun for process_silver_layer to None, run_after=None
[2026-09-05T20:27:14.817+0000] {processor.py:183} INFO - Processing /opt/airflow/dags/silver_processing_dag.py took 0.203 seconds
[2026-09-05T20:27:45.262+0000] {processor.py:161} INFO - Started process (PID=8094) to work on /opt/airflow/dags/silver_processing_dag.py
[2026-09-05T20:27:45.264+0000] {processor.py:830} INFO - Processing file /opt/airflow/dags/silver_processing_dag.py for tasks to queue
[2026-09-05T20:27:45.272+0000] {logging_mixin.py:188} INFO - [2026-09-05T20:27:45.271+0000] {dagbag.py:545} INFO - Filling up the DagBag from /opt/airflow/dags/silver_processing_dag.py
[2026-09-05T20:27:45.308+0000] {processor.py:840} INFO - DAG(s) 'process_silver_layer' retrieved from /opt/airflow/dags/silver_processing_dag.py
[2026-09-05T20:27:45.354+0000] {logging_mixin.py:188} INFO - [2026-09-05T20:27:45.354+0000] {dag.py:3096} INFO - Sync 1 DAGs
[2026-09-05T20:27:45.389+0000] {logging_mixin.py:188} INFO - [2026-09-05T20:27:45.388+0000] {dag.py:3954} INFO - Setting next_dagrun for process_silver_layer to None, run_after=None
[2026-09-05T20:27:45.431+0000] {processor.py:183} INFO - Processing /opt/airflow/dags/silver_processing_dag.py took 0.184 seconds
[2026-09-05T20:28:16.139+0000] {processor.py:161} INFO - Started process (PID=8109) to work on /opt/airflow/dags/silver_processing_dag.py
[2026-09-05T20:28:16.141+0000] {processor.py:830} INFO - Processing file /opt/airflow/dags/silver_processing_dag.py for tasks to queue
[2026-09-05T20:28:16.147+0000] {logging_mixin.py:188} INFO - [2026-09-05T20:28:16.146+0000] {dagbag.py:545} INFO - Filling up the DagBag from /opt/airflow/dags/silver_processing_dag.py
[2026-09-05T20:28:16.178+0000] {processor.py:840} INFO - DAG(s) 'process_silver_layer' retrieved from /opt/airflow/dags/silver_processing_dag.py
[2026-09-05T20:28:16.228+0000] {logging_mixin.py:188} INFO - [2026-09-05T20:28:16.228+0000] {dag.py:3096} INFO - Sync 1 DAGs
[2026-09-05T20:28:16.260+0000] {logging_mixin.py:188} INFO - [2026-09-05T20:28:16.259+0000] {dag.py:3954} INFO - Setting next_dagrun for process_silver_layer to None, run_after=None
[2026-09-05T20:28:16.300+0000] {processor.py:183} INFO - Processing /opt/airflow/dags/silver_processing_dag.py took 0.176 seconds
[2026-09-05T20:28:47.033+0000] {processor.py:161} INFO - Started process (PID=8124) to work on /opt/airflow/dags/silver_processing_dag.py
[2026-09-05T20:28:47.039+0000] {processor.py:830} INFO - Processing file /opt/airflow/dags/silver_processing_dag.py for tasks to queue
[2026-09-05T20:28:47.050+0000] {logging_mixin.py:188} INFO - [2026-09-05T20:28:47.048+0000] {dagbag.py:545} INFO - Filling up the DagBag from /opt/airflow/dags/silver_processing_dag.py
[2026-09-05T20:28:47.091+0000] {processor.py:840} INFO - DAG(s) 'process_silver_layer' retrieved from /opt/airflow/dags/silver_processing_dag.py
[2026-09-05T20:28:47.149+0000] {logging_mixin.py:188} INFO - [2026-09-05T20:28:47.149+0000] {dag.py:3096} INFO - Sync 1 DAGs
[2026-09-05T20:28:47.183+0000] {logging_mixin.py:188} INFO - [2026-09-05T20:28:47.183+0000] {dag.py:3954} INFO - Setting next_dagrun for process_silver_layer to None, run_after=None
[2026-09-05T20:28:47.225+0000] {processor.py:183} INFO - Processing /opt/airflow/dags/silver_processing_dag.py took 0.213 seconds
[2026-09-05T20:29:17.757+0000] {processor.py:161} INFO - Started process (PID=8139) to work on /opt/airflow/dags/silver_processing_dag.py
[2026-09-05T20:29:17.762+0000] {processor.py:830} INFO - Processing file /opt/airflow/dags/silver_processing_dag.py for tasks to queue
[2026-09-05T20:29:17.768+0000] {logging_mixin.py:188} INFO - [2026-09-05T20:29:17.767+0000] {dagbag.py:545} INFO - Filling up the DagBag from /opt/airflow/dags/silver_processing_dag.py
[2026-09-05T20:29:17.812+0000] {processor.py:840} INFO - DAG(s) 'process_silver_layer' retrieved from /opt/airflow/dags/silver_processing_dag.py
[2026-09-05T20:29:17.859+0000] {logging_mixin.py:188} INFO - [2026-09-05T20:29:17.859+0000] {dag.py:3096} INFO - Sync 1 DAGs
[2026-09-05T20:29:17.947+0000] {logging_mixin.py:188} INFO - [2026-09-05T20:29:17.947+0000] {dag.py:3954} INFO - Setting next_dagrun for process_silver_layer to None, run_after=None
[2026-09-05T20:29:17.993+0000] {processor.py:183} INFO - Processing /opt/airflow/dags/silver_processing_dag.py took 0.250 seconds
[2026-09-05T20:29:48.350+0000] {processor.py:161} INFO - Started process (PID=8154) to work on /opt/airflow/dags/silver_processing_dag.py
[2026-09-05T20:29:48.353+0000] {processor.py:830} INFO - Processing file /opt/airflow/dags/silver_processing_dag.py for tasks to queue
[2026-09-05T20:29:48.360+0000] {logging_mixin.py:188} INFO - [2026-09-05T20:29:48.359+0000] {dagbag.py:545} INFO - Filling up the DagBag from /opt/airflow/dags/silver_processing_dag.py
[2026-09-05T20:29:48.405+0000] {processor.py:840} INFO - DAG(s) 'process_silver_layer' retrieved from /opt/airflow/dags/silver_processing_dag.py
[2026-09-05T20:29:48.459+0000] {logging_mixin.py:188} INFO - [2026-09-05T20:29:48.458+0000] {dag.py:3096} INFO - Sync 1 DAGs
[2026-09-05T20:29:48.499+0000] {logging_mixin.py:188} INFO - [2026-09-05T20:29:48.498+0000] {dag.py:3954} INFO - Setting next_dagrun for process_silver_layer to None, run_after=None
[2026-09-05T20:29:48.542+0000] {processor.py:183} INFO - Processing /opt/airflow/dags/silver_processing_dag.py took 0.208 seconds
[2026-09-05T20:30:19.089+0000] {processor.py:161} INFO - Started process (PID=8169) to work on /opt/airflow/dags/silver_processing_dag.py
[2026-09-05T20:30:19.093+0000] {processor.py:830} INFO - Processing file /opt/airflow/dags/silver_processing_dag.py for tasks to queue
[2026-09-05T20:30:19.099+0000] {logging_mixin.py:188} INFO - [2026-09-05T20:30:19.098+0000] {dagbag.py:545} INFO - Filling up the DagBag from /opt/airflow/dags/silver_processing_dag.py
[2026-09-05T20:30:19.143+0000] {processor.py:840} INFO - DAG(s) 'process_silver_layer' retrieved from /opt/airflow/dags/silver_processing_dag.py
[2026-09-05T20:30:19.191+0000] {logging_mixin.py:188} INFO - [2026-09-05T20:30:19.191+0000] {dag.py:3096} INFO - Sync 1 DAGs
[2026-09-05T20:30:19.218+0000] {logging_mixin.py:188} INFO - [2026-09-05T20:30:19.218+0000] {dag.py:3954} INFO - Setting next_dagrun for process_silver_layer to None, run_after=None
[2026-09-05T20:30:19.265+0000] {processor.py:183} INFO - Processing /opt/airflow/dags/silver_processing_dag.py took 0.190 seconds
[2026-09-05T20:30:49.679+0000] {processor.py:161} INFO - Started process (PID=8184) to work on /opt/airflow/dags/silver_processing_dag.py
[2026-09-05T20:30:49.682+0000] {processor.py:830} INFO - Processing file /opt/airflow/dags/silver_processing_dag.py for tasks to queue
[2026-09-05T20:30:49.691+0000] {logging_mixin.py:188} INFO - [2026-09-05T20:30:49.690+0000] {dagbag.py:545} INFO - Filling up the DagBag from /opt/airflow/dags/silver_processing_dag.py
[2026-09-05T20:30:49.733+0000] {processor.py:840} INFO - DAG(s) 'process_silver_layer' retrieved from /opt/airflow/dags/silver_processing_dag.py
[2026-09-05T20:30:49.780+0000] {logging_mixin.py:188} INFO - [2026-09-05T20:30:49.779+0000] {dag.py:3096} INFO - Sync 1 DAGs
[2026-09-05T20:30:49.809+0000] {logging_mixin.py:188} INFO - [2026-09-05T20:30:49.809+0000] {dag.py:3954} INFO - Setting next_dagrun for process_silver_layer to None, run_after=None
[2026-09-05T20:30:49.861+0000] {processor.py:183} INFO - Processing /opt/airflow/dags/silver_processing_dag.py took 0.198 seconds
[2026-09-05T20:31:20.292+0000] {processor.py:161} INFO - Started process (PID=8199) to work on /opt/airflow/dags/silver_processing_dag.py
[2026-09-05T20:31:20.295+0000] {processor.py:830} INFO - Processing file /opt/airflow/dags/silver_processing_dag.py for tasks to queue
[2026-09-05T20:31:20.303+0000] {logging_mixin.py:188} INFO - [2026-09-05T20:31:20.302+0000] {dagbag.py:545} INFO - Filling up the DagBag from /opt/airflow/dags/silver_processing_dag.py
[2026-09-05T20:31:20.341+0000] {processor.py:840} INFO - DAG(s) 'process_silver_layer' retrieved from /opt/airflow/dags/silver_processing_dag.py
[2026-09-05T20:31:20.382+0000] {logging_mixin.py:188} INFO - [2026-09-05T20:31:20.382+0000] {dag.py:3096} INFO - Sync 1 DAGs
[2026-09-05T20:31:20.408+0000] {logging_mixin.py:188} INFO - [2026-09-05T20:31:20.408+0000] {dag.py:3954} INFO - Setting next_dagrun for process_silver_layer to None, run_after=None
[2026-09-05T20:31:20.450+0000] {processor.py:183} INFO - Processing /opt/airflow/dags/silver_processing_dag.py took 0.184 seconds
[2026-09-05T20:31:50.840+0000] {processor.py:161} INFO - Started process (PID=8214) to work on /opt/airflow/dags/silver_processing_dag.py
[2026-09-05T20:31:50.844+0000] {processor.py:830} INFO - Processing file /opt/airflow/dags/silver_processing_dag.py for tasks to queue
[2026-09-05T20:31:50.849+0000] {logging_mixin.py:188} INFO - [2026-09-05T20:31:50.848+0000] {dagbag.py:545} INFO - Filling up the DagBag from /opt/airflow/dags/silver_processing_dag.py
[2026-09-05T20:31:50.896+0000] {processor.py:840} INFO - DAG(s) 'process_silver_layer' retrieved from /opt/airflow/dags/silver_processing_dag.py
[2026-09-05T20:31:50.941+0000] {logging_mixin.py:188} INFO - [2026-09-05T20:31:50.941+0000] {dag.py:3096} INFO - Sync 1 DAGs
[2026-09-05T20:31:50.969+0000] {logging_mixin.py:188} INFO - [2026-09-05T20:31:50.968+0000] {dag.py:3954} INFO - Setting next_dagrun for process_silver_layer to None, run_after=None
[2026-09-05T20:31:51.011+0000] {processor.py:183} INFO - Processing /opt/airflow/dags/silver_processing_dag.py took 0.185 seconds
[2026-09-05T20:32:21.444+0000] {processor.py:161} INFO - Started process (PID=8229) to work on /opt/airflow/dags/silver_processing_dag.py
[2026-09-05T20:32:21.447+0000] {processor.py:830} INFO - Processing file /opt/airflow/dags/silver_processing_dag.py for tasks to queue
[2026-09-05T20:32:21.451+0000] {logging_mixin.py:188} INFO - [2026-09-05T20:32:21.450+0000] {dagbag.py:545} INFO - Filling up the DagBag from /opt/airflow/dags/silver_processing_dag.py
[2026-09-05T20:32:21.488+0000] {processor.py:840} INFO - DAG(s) 'process_silver_layer' retrieved from /opt/airflow/dags/silver_processing_dag.py
[2026-09-05T20:32:21.527+0000] {logging_mixin.py:188} INFO - [2026-09-05T20:32:21.527+0000] {dag.py:3096} INFO - Sync 1 DAGs
[2026-09-05T20:32:21.553+0000] {logging_mixin.py:188} INFO - [2026-09-05T20:32:21.552+0000] {dag.py:3954} INFO - Setting next_dagrun for process_silver_layer to None, run_after=None
[2026-09-05T20:32:21.594+0000] {processor.py:183} INFO - Processing /opt/airflow/dags/silver_processing_dag.py took 0.161 seconds
[2026-09-05T20:32:52.067+0000] {processor.py:161} INFO - Started process (PID=8244) to work on /opt/airflow/dags/silver_processing_dag.py
[2026-09-05T20:32:52.070+0000] {processor.py:830} INFO - Processing file /opt/airflow/dags/silver_processing_dag.py for tasks to queue
[2026-09-05T20:32:52.076+0000] {logging_mixin.py:188} INFO - [2026-09-05T20:32:52.075+0000] {dagbag.py:545} INFO - Filling up the DagBag from /opt/airflow/dags/silver_processing_dag.py
[2026-09-05T20:32:52.117+0000] {processor.py:840} INFO - DAG(s) 'process_silver_layer' retrieved from /opt/airflow/dags/silver_processing_dag.py
[2026-09-05T20:32:52.165+0000] {logging_mixin.py:188} INFO - [2026-09-05T20:32:52.165+0000] {dag.py:3096} INFO - Sync 1 DAGs
[2026-09-05T20:32:52.188+0000] {logging_mixin.py:188} INFO - [2026-09-05T20:32:52.188+0000] {dag.py:3954} INFO - Setting next_dagrun for process_silver_layer to None, run_after=None
[2026-09-05T20:32:52.225+0000] {processor.py:183} INFO - Processing /opt/airflow/dags/silver_processing_dag.py took 0.174 seconds
[2026-09-05T20:33:22.913+0000] {processor.py:161} INFO - Started process (PID=8259) to work on /opt/airflow/dags/silver_processing_dag.py
[2026-09-05T20:33:22.916+0000] {processor.py:830} INFO - Processing file /opt/airflow/dags/silver_processing_dag.py for tasks to queue
[2026-09-05T20:33:22.921+0000] {logging_mixin.py:188} INFO - [2026-09-05T20:33:22.920+0000] {dagbag.py:545} INFO - Filling up the DagBag from /opt/airflow/dags/silver_processing_dag.py
[2026-09-05T20:33:22.966+0000] {processor.py:840} INFO - DAG(s) 'process_silver_layer' retrieved from /opt/airflow/dags/silver_processing_dag.py
[2026-09-05T20:33:23.031+0000] {logging_mixin.py:188} INFO - [2026-09-05T20:33:23.030+0000] {dag.py:3096} INFO - Sync 1 DAGs
[2026-09-05T20:33:23.076+0000] {logging_mixin.py:188} INFO - [2026-09-05T20:33:23.075+0000] {dag.py:3954} INFO - Setting next_dagrun for process_silver_layer to None, run_after=None
[2026-09-05T20:33:23.116+0000] {processor.py:183} INFO - Processing /opt/airflow/dags/silver_processing_dag.py took 0.218 seconds
[2026-09-05T20:33:53.769+0000] {processor.py:161} INFO - Started process (PID=8274) to work on /opt/airflow/dags/silver_processing_dag.py
[2026-09-05T20:33:53.771+0000] {processor.py:830} INFO - Processing file /opt/airflow/dags/silver_processing_dag.py for tasks to queue
[2026-09-05T20:33:53.781+0000] {logging_mixin.py:188} INFO - [2026-09-05T20:33:53.780+0000] {dagbag.py:545} INFO - Filling up the DagBag from /opt/airflow/dags/silver_processing_dag.py
[2026-09-05T20:33:53.825+0000] {processor.py:840} INFO - DAG(s) 'process_silver_layer' retrieved from /opt/airflow/dags/silver_processing_dag.py
[2026-09-05T20:33:53.863+0000] {logging_mixin.py:188} INFO - [2026-09-05T20:33:53.863+0000] {dag.py:3096} INFO - Sync 1 DAGs
[2026-09-05T20:33:53.890+0000] {logging_mixin.py:188} INFO - [2026-09-05T20:33:53.889+0000] {dag.py:3954} INFO - Setting next_dagrun for process_silver_layer to None, run_after=None
[2026-09-05T20:33:53.930+0000] {processor.py:183} INFO - Processing /opt/airflow/dags/silver_processing_dag.py took 0.173 seconds
[2026-09-05T20:34:24.409+0000] {processor.py:161} INFO - Started process (PID=8289) to work on /opt/airflow/dags/silver_processing_dag.py
[2026-09-05T20:34:24.412+0000] {processor.py:830} INFO - Processing file /opt/airflow/dags/silver_processing_dag.py for tasks to queue
[2026-09-05T20:34:24.418+0000] {logging_mixin.py:188} INFO - [2026-09-05T20:34:24.417+0000] {dagbag.py:545} INFO - Filling up the DagBag from /opt/airflow/dags/silver_processing_dag.py
[2026-09-05T20:34:24.456+0000] {processor.py:840} INFO - DAG(s) 'process_silver_layer' retrieved from /opt/airflow/dags/silver_processing_dag.py
[2026-09-05T20:34:24.499+0000] {logging_mixin.py:188} INFO - [2026-09-05T20:34:24.499+0000] {dag.py:3096} INFO - Sync 1 DAGs
[2026-09-05T20:34:24.526+0000] {logging_mixin.py:188} INFO - [2026-09-05T20:34:24.526+0000] {dag.py:3954} INFO - Setting next_dagrun for process_silver_layer to None, run_after=None
[2026-09-05T20:34:24.565+0000] {processor.py:183} INFO - Processing /opt/airflow/dags/silver_processing_dag.py took 0.170 seconds
[2026-09-05T20:34:55.064+0000] {processor.py:161} INFO - Started process (PID=8304) to work on /opt/airflow/dags/silver_processing_dag.py
[2026-09-05T20:34:55.066+0000] {processor.py:830} INFO - Processing file /opt/airflow/dags/silver_processing_dag.py for tasks to queue
[2026-09-05T20:34:55.073+0000] {logging_mixin.py:188} INFO - [2026-09-05T20:34:55.072+0000] {dagbag.py:545} INFO - Filling up the DagBag from /opt/airflow/dags/silver_processing_dag.py
[2026-09-05T20:34:55.113+0000] {processor.py:840} INFO - DAG(s) 'process_silver_layer' retrieved from /opt/airflow/dags/silver_processing_dag.py
[2026-09-05T20:34:55.159+0000] {logging_mixin.py:188} INFO - [2026-09-05T20:34:55.158+0000] {dag.py:3096} INFO - Sync 1 DAGs
[2026-09-05T20:34:55.184+0000] {logging_mixin.py:188} INFO - [2026-09-05T20:34:55.183+0000] {dag.py:3954} INFO - Setting next_dagrun for process_silver_layer to None, run_after=None
[2026-09-05T20:34:55.223+0000] {processor.py:183} INFO - Processing /opt/airflow/dags/silver_processing_dag.py took 0.171 seconds
[2026-09-05T20:35:25.938+0000] {processor.py:161} INFO - Started process (PID=8319) to work on /opt/airflow/dags/silver_processing_dag.py
[2026-09-05T20:35:25.943+0000] {processor.py:830} INFO - Processing file /opt/airflow/dags/silver_processing_dag.py for tasks to queue
[2026-09-05T20:35:25.953+0000] {logging_mixin.py:188} INFO - [2026-09-05T20:35:25.952+0000] {dagbag.py:545} INFO - Filling up the DagBag from /opt/airflow/dags/silver_processing_dag.py
[2026-09-05T20:35:25.994+0000] {processor.py:840} INFO - DAG(s) 'process_silver_layer' retrieved from /opt/airflow/dags/silver_processing_dag.py
[2026-09-05T20:35:26.056+0000] {logging_mixin.py:188} INFO - [2026-09-05T20:35:26.055+0000] {dag.py:3096} INFO - Sync 1 DAGs
[2026-09-05T20:35:26.147+0000] {logging_mixin.py:188} INFO - [2026-09-05T20:35:26.146+0000] {dag.py:3954} INFO - Setting next_dagrun for process_silver_layer to None, run_after=None
[2026-09-05T20:35:26.261+0000] {processor.py:183} INFO - Processing /opt/airflow/dags/silver_processing_dag.py took 0.356 seconds
[2026-09-05T20:35:56.835+0000] {processor.py:161} INFO - Started process (PID=8334) to work on /opt/airflow/dags/silver_processing_dag.py
[2026-09-05T20:35:56.838+0000] {processor.py:830} INFO - Processing file /opt/airflow/dags/silver_processing_dag.py for tasks to queue
[2026-09-05T20:35:56.843+0000] {logging_mixin.py:188} INFO - [2026-09-05T20:35:56.842+0000] {dagbag.py:545} INFO - Filling up the DagBag from /opt/airflow/dags/silver_processing_dag.py
[2026-09-05T20:35:56.891+0000] {processor.py:840} INFO - DAG(s) 'process_silver_layer' retrieved from /opt/airflow/dags/silver_processing_dag.py
[2026-09-05T20:35:57.002+0000] {logging_mixin.py:188} INFO - [2026-09-05T20:35:57.001+0000] {dag.py:3096} INFO - Sync 1 DAGs
[2026-09-05T20:35:57.075+0000] {logging_mixin.py:188} INFO - [2026-09-05T20:35:57.075+0000] {dag.py:3954} INFO - Setting next_dagrun for process_silver_layer to None, run_after=None
[2026-09-05T20:35:57.144+0000] {processor.py:183} INFO - Processing /opt/airflow/dags/silver_processing_dag.py took 0.321 seconds
[2026-09-05T20:36:27.595+0000] {processor.py:161} INFO - Started process (PID=8349) to work on /opt/airflow/dags/silver_processing_dag.py
[2026-09-05T20:36:27.597+0000] {processor.py:830} INFO - Processing file /opt/airflow/dags/silver_processing_dag.py for tasks to queue
[2026-09-05T20:36:27.602+0000] {logging_mixin.py:188} INFO - [2026-09-05T20:36:27.601+0000] {dagbag.py:545} INFO - Filling up the DagBag from /opt/airflow/dags/silver_processing_dag.py
[2026-09-05T20:36:27.649+0000] {processor.py:840} INFO - DAG(s) 'process_silver_layer' retrieved from /opt/airflow/dags/silver_processing_dag.py
[2026-09-05T20:36:27.802+0000] {logging_mixin.py:188} INFO - [2026-09-05T20:36:27.802+0000] {dag.py:3096} INFO - Sync 1 DAGs
[2026-09-05T20:36:27.931+0000] {logging_mixin.py:188} INFO - [2026-09-05T20:36:27.930+0000] {dag.py:3954} INFO - Setting next_dagrun for process_silver_layer to None, run_after=None
[2026-09-05T20:36:28.030+0000] {processor.py:183} INFO - Processing /opt/airflow/dags/silver_processing_dag.py took 0.445 seconds
[2026-09-05T20:36:58.449+0000] {processor.py:161} INFO - Started process (PID=8364) to work on /opt/airflow/dags/silver_processing_dag.py
[2026-09-05T20:36:58.452+0000] {processor.py:830} INFO - Processing file /opt/airflow/dags/silver_processing_dag.py for tasks to queue
[2026-09-05T20:36:58.458+0000] {logging_mixin.py:188} INFO - [2026-09-05T20:36:58.457+0000] {dagbag.py:545} INFO - Filling up the DagBag from /opt/airflow/dags/silver_processing_dag.py
[2026-09-05T20:36:58.504+0000] {processor.py:840} INFO - DAG(s) 'process_silver_layer' retrieved from /opt/airflow/dags/silver_processing_dag.py
[2026-09-05T20:36:58.553+0000] {logging_mixin.py:188} INFO - [2026-09-05T20:36:58.553+0000] {dag.py:3096} INFO - Sync 1 DAGs
[2026-09-05T20:36:58.581+0000] {logging_mixin.py:188} INFO - [2026-09-05T20:36:58.580+0000] {dag.py:3954} INFO - Setting next_dagrun for process_silver_layer to None, run_after=None
[2026-09-05T20:36:58.646+0000] {processor.py:183} INFO - Processing /opt/airflow/dags/silver_processing_dag.py took 0.218 seconds
[2026-09-05T20:37:28.964+0000] {processor.py:161} INFO - Started process (PID=8379) to work on /opt/airflow/dags/silver_processing_dag.py
[2026-09-05T20:37:28.967+0000] {processor.py:830} INFO - Processing file /opt/airflow/dags/silver_processing_dag.py for tasks to queue
[2026-09-05T20:37:28.974+0000] {logging_mixin.py:188} INFO - [2026-09-05T20:37:28.973+0000] {dagbag.py:545} INFO - Filling up the DagBag from /opt/airflow/dags/silver_processing_dag.py
[2026-09-05T20:37:29.011+0000] {processor.py:840} INFO - DAG(s) 'process_silver_layer' retrieved from /opt/airflow/dags/silver_processing_dag.py
[2026-09-05T20:37:29.048+0000] {logging_mixin.py:188} INFO - [2026-09-05T20:37:29.048+0000] {dag.py:3096} INFO - Sync 1 DAGs
[2026-09-05T20:37:29.075+0000] {logging_mixin.py:188} INFO - [2026-09-05T20:37:29.075+0000] {dag.py:3954} INFO - Setting next_dagrun for process_silver_layer to None, run_after=None
[2026-09-05T20:37:29.107+0000] {processor.py:183} INFO - Processing /opt/airflow/dags/silver_processing_dag.py took 0.156 seconds
[2026-09-05T20:37:59.678+0000] {processor.py:161} INFO - Started process (PID=8394) to work on /opt/airflow/dags/silver_processing_dag.py
[2026-09-05T20:37:59.681+0000] {processor.py:830} INFO - Processing file /opt/airflow/dags/silver_processing_dag.py for tasks to queue
[2026-09-05T20:37:59.687+0000] {logging_mixin.py:188} INFO - [2026-09-05T20:37:59.687+0000] {dagbag.py:545} INFO - Filling up the DagBag from /opt/airflow/dags/silver_processing_dag.py
[2026-09-05T20:37:59.721+0000] {processor.py:840} INFO - DAG(s) 'process_silver_layer' retrieved from /opt/airflow/dags/silver_processing_dag.py
[2026-09-05T20:37:59.768+0000] {logging_mixin.py:188} INFO - [2026-09-05T20:37:59.767+0000] {dag.py:3096} INFO - Sync 1 DAGs
[2026-09-05T20:37:59.796+0000] {logging_mixin.py:188} INFO - [2026-09-05T20:37:59.795+0000] {dag.py:3954} INFO - Setting next_dagrun for process_silver_layer to None, run_after=None
[2026-09-05T20:37:59.834+0000] {processor.py:183} INFO - Processing /opt/airflow/dags/silver_processing_dag.py took 0.167 seconds
[2026-09-05T20:38:30.398+0000] {processor.py:161} INFO - Started process (PID=8409) to work on /opt/airflow/dags/silver_processing_dag.py
[2026-09-05T20:38:30.401+0000] {processor.py:830} INFO - Processing file /opt/airflow/dags/silver_processing_dag.py for tasks to queue
[2026-09-05T20:38:30.405+0000] {logging_mixin.py:188} INFO - [2026-09-05T20:38:30.404+0000] {dagbag.py:545} INFO - Filling up the DagBag from /opt/airflow/dags/silver_processing_dag.py
[2026-09-05T20:38:30.442+0000] {processor.py:840} INFO - DAG(s) 'process_silver_layer' retrieved from /opt/airflow/dags/silver_processing_dag.py
[2026-09-05T20:38:30.490+0000] {logging_mixin.py:188} INFO - [2026-09-05T20:38:30.489+0000] {dag.py:3096} INFO - Sync 1 DAGs
[2026-09-05T20:38:30.513+0000] {logging_mixin.py:188} INFO - [2026-09-05T20:38:30.513+0000] {dag.py:3954} INFO - Setting next_dagrun for process_silver_layer to None, run_after=None
[2026-09-05T20:38:30.555+0000] {processor.py:183} INFO - Processing /opt/airflow/dags/silver_processing_dag.py took 0.171 seconds
[2026-09-05T20:39:01.038+0000] {processor.py:161} INFO - Started process (PID=8424) to work on /opt/airflow/dags/silver_processing_dag.py
[2026-09-05T20:39:01.040+0000] {processor.py:830} INFO - Processing file /opt/airflow/dags/silver_processing_dag.py for tasks to queue
[2026-09-05T20:39:01.045+0000] {logging_mixin.py:188} INFO - [2026-09-05T20:39:01.045+0000] {dagbag.py:545} INFO - Filling up the DagBag from /opt/airflow/dags/silver_processing_dag.py
[2026-09-05T20:39:01.085+0000] {processor.py:840} INFO - DAG(s) 'process_silver_layer' retrieved from /opt/airflow/dags/silver_processing_dag.py
[2026-09-05T20:39:01.124+0000] {logging_mixin.py:188} INFO - [2026-09-05T20:39:01.124+0000] {dag.py:3096} INFO - Sync 1 DAGs
[2026-09-05T20:39:01.153+0000] {logging_mixin.py:188} INFO - [2026-09-05T20:39:01.152+0000] {dag.py:3954} INFO - Setting next_dagrun for process_silver_layer to None, run_after=None
[2026-09-05T20:39:01.190+0000] {processor.py:183} INFO - Processing /opt/airflow/dags/silver_processing_dag.py took 0.164 seconds
[2026-09-05T20:39:31.761+0000] {processor.py:161} INFO - Started process (PID=8439) to work on /opt/airflow/dags/silver_processing_dag.py
[2026-09-05T20:39:31.763+0000] {processor.py:830} INFO - Processing file /opt/airflow/dags/silver_processing_dag.py for tasks to queue
[2026-09-05T20:39:31.768+0000] {logging_mixin.py:188} INFO - [2026-09-05T20:39:31.767+0000] {dagbag.py:545} INFO - Filling up the DagBag from /opt/airflow/dags/silver_processing_dag.py
[2026-09-05T20:39:31.809+0000] {processor.py:840} INFO - DAG(s) 'process_silver_layer' retrieved from /opt/airflow/dags/silver_processing_dag.py
[2026-09-05T20:39:31.854+0000] {logging_mixin.py:188} INFO - [2026-09-05T20:39:31.854+0000] {dag.py:3096} INFO - Sync 1 DAGs
[2026-09-05T20:39:31.875+0000] {logging_mixin.py:188} INFO - [2026-09-05T20:39:31.874+0000] {dag.py:3954} INFO - Setting next_dagrun for process_silver_layer to None, run_after=None
[2026-09-05T20:39:31.910+0000] {processor.py:183} INFO - Processing /opt/airflow/dags/silver_processing_dag.py took 0.164 seconds
[2026-09-05T20:40:02.433+0000] {processor.py:161} INFO - Started process (PID=8454) to work on /opt/airflow/dags/silver_processing_dag.py
[2026-09-05T20:40:02.436+0000] {processor.py:830} INFO - Processing file /opt/airflow/dags/silver_processing_dag.py for tasks to queue
[2026-09-05T20:40:02.441+0000] {logging_mixin.py:188} INFO - [2026-09-05T20:40:02.441+0000] {dagbag.py:545} INFO - Filling up the DagBag from /opt/airflow/dags/silver_processing_dag.py
[2026-09-05T20:40:02.484+0000] {processor.py:840} INFO - DAG(s) 'process_silver_layer' retrieved from /opt/airflow/dags/silver_processing_dag.py
[2026-09-05T20:40:02.527+0000] {logging_mixin.py:188} INFO - [2026-09-05T20:40:02.526+0000] {dag.py:3096} INFO - Sync 1 DAGs
[2026-09-05T20:40:02.552+0000] {logging_mixin.py:188} INFO - [2026-09-05T20:40:02.551+0000] {dag.py:3954} INFO - Setting next_dagrun for process_silver_layer to None, run_after=None
[2026-09-05T20:40:02.586+0000] {processor.py:183} INFO - Processing /opt/airflow/dags/silver_processing_dag.py took 0.167 seconds
[2026-09-05T20:40:33.200+0000] {processor.py:161} INFO - Started process (PID=8469) to work on /opt/airflow/dags/silver_processing_dag.py
[2026-09-05T20:40:33.203+0000] {processor.py:830} INFO - Processing file /opt/airflow/dags/silver_processing_dag.py for tasks to queue
[2026-09-05T20:40:33.212+0000] {logging_mixin.py:188} INFO - [2026-09-05T20:40:33.211+0000] {dagbag.py:545} INFO - Filling up the DagBag from /opt/airflow/dags/silver_processing_dag.py
[2026-09-05T20:40:33.243+0000] {processor.py:840} INFO - DAG(s) 'process_silver_layer' retrieved from /opt/airflow/dags/silver_processing_dag.py
[2026-09-05T20:40:33.284+0000] {logging_mixin.py:188} INFO - [2026-09-05T20:40:33.284+0000] {dag.py:3096} INFO - Sync 1 DAGs
[2026-09-05T20:40:33.308+0000] {logging_mixin.py:188} INFO - [2026-09-05T20:40:33.308+0000] {dag.py:3954} INFO - Setting next_dagrun for process_silver_layer to None, run_after=None
[2026-09-05T20:40:33.341+0000] {processor.py:183} INFO - Processing /opt/airflow/dags/silver_processing_dag.py took 0.157 seconds
[2026-09-05T20:41:03.787+0000] {processor.py:161} INFO - Started process (PID=8484) to work on /opt/airflow/dags/silver_processing_dag.py
[2026-09-05T20:41:03.789+0000] {processor.py:830} INFO - Processing file /opt/airflow/dags/silver_processing_dag.py for tasks to queue
[2026-09-05T20:41:03.797+0000] {logging_mixin.py:188} INFO - [2026-09-05T20:41:03.795+0000] {dagbag.py:545} INFO - Filling up the DagBag from /opt/airflow/dags/silver_processing_dag.py
[2026-09-05T20:41:03.835+0000] {processor.py:840} INFO - DAG(s) 'process_silver_layer' retrieved from /opt/airflow/dags/silver_processing_dag.py
[2026-09-05T20:41:03.873+0000] {logging_mixin.py:188} INFO - [2026-09-05T20:41:03.872+0000] {dag.py:3096} INFO - Sync 1 DAGs
[2026-09-05T20:41:03.902+0000] {logging_mixin.py:188} INFO - [2026-09-05T20:41:03.902+0000] {dag.py:3954} INFO - Setting next_dagrun for process_silver_layer to None, run_after=None
[2026-09-05T20:41:03.934+0000] {processor.py:183} INFO - Processing /opt/airflow/dags/silver_processing_dag.py took 0.164 seconds
[2026-09-05T20:41:34.450+0000] {processor.py:161} INFO - Started process (PID=8499) to work on /opt/airflow/dags/silver_processing_dag.py
[2026-09-05T20:41:34.452+0000] {processor.py:830} INFO - Processing file /opt/airflow/dags/silver_processing_dag.py for tasks to queue
[2026-09-05T20:41:34.459+0000] {logging_mixin.py:188} INFO - [2026-09-05T20:41:34.458+0000] {dagbag.py:545} INFO - Filling up the DagBag from /opt/airflow/dags/silver_processing_dag.py
[2026-09-05T20:41:34.499+0000] {processor.py:840} INFO - DAG(s) 'process_silver_layer' retrieved from /opt/airflow/dags/silver_processing_dag.py
[2026-09-05T20:41:34.542+0000] {logging_mixin.py:188} INFO - [2026-09-05T20:41:34.541+0000] {dag.py:3096} INFO - Sync 1 DAGs
[2026-09-05T20:41:34.566+0000] {logging_mixin.py:188} INFO - [2026-09-05T20:41:34.566+0000] {dag.py:3954} INFO - Setting next_dagrun for process_silver_layer to None, run_after=None
[2026-09-05T20:41:34.600+0000] {processor.py:183} INFO - Processing /opt/airflow/dags/silver_processing_dag.py took 0.163 seconds
[2026-09-05T20:42:05.067+0000] {processor.py:161} INFO - Started process (PID=8514) to work on /opt/airflow/dags/silver_processing_dag.py
[2026-09-05T20:42:05.070+0000] {processor.py:830} INFO - Processing file /opt/airflow/dags/silver_processing_dag.py for tasks to queue
[2026-09-05T20:42:05.075+0000] {logging_mixin.py:188} INFO - [2026-09-05T20:42:05.074+0000] {dagbag.py:545} INFO - Filling up the DagBag from /opt/airflow/dags/silver_processing_dag.py
[2026-09-05T20:42:05.116+0000] {processor.py:840} INFO - DAG(s) 'process_silver_layer' retrieved from /opt/airflow/dags/silver_processing_dag.py
[2026-09-05T20:42:05.158+0000] {logging_mixin.py:188} INFO - [2026-09-05T20:42:05.157+0000] {dag.py:3096} INFO - Sync 1 DAGs
[2026-09-05T20:42:05.184+0000] {logging_mixin.py:188} INFO - [2026-09-05T20:42:05.183+0000] {dag.py:3954} INFO - Setting next_dagrun for process_silver_layer to None, run_after=None
[2026-09-05T20:42:05.238+0000] {processor.py:183} INFO - Processing /opt/airflow/dags/silver_processing_dag.py took 0.185 seconds
[2026-09-05T20:42:35.723+0000] {processor.py:161} INFO - Started process (PID=8529) to work on /opt/airflow/dags/silver_processing_dag.py
[2026-09-05T20:42:35.725+0000] {processor.py:830} INFO - Processing file /opt/airflow/dags/silver_processing_dag.py for tasks to queue
[2026-09-05T20:42:35.730+0000] {logging_mixin.py:188} INFO - [2026-09-05T20:42:35.729+0000] {dagbag.py:545} INFO - Filling up the DagBag from /opt/airflow/dags/silver_processing_dag.py
[2026-09-05T20:42:35.770+0000] {processor.py:840} INFO - DAG(s) 'process_silver_layer' retrieved from /opt/airflow/dags/silver_processing_dag.py
[2026-09-05T20:42:35.824+0000] {logging_mixin.py:188} INFO - [2026-09-05T20:42:35.823+0000] {dag.py:3096} INFO - Sync 1 DAGs
[2026-09-05T20:42:35.849+0000] {logging_mixin.py:188} INFO - [2026-09-05T20:42:35.849+0000] {dag.py:3954} INFO - Setting next_dagrun for process_silver_layer to None, run_after=None
[2026-09-05T20:42:35.886+0000] {processor.py:183} INFO - Processing /opt/airflow/dags/silver_processing_dag.py took 0.178 seconds
[2026-09-05T20:43:06.251+0000] {processor.py:161} INFO - Started process (PID=8544) to work on /opt/airflow/dags/silver_processing_dag.py
[2026-09-05T20:43:06.252+0000] {processor.py:830} INFO - Processing file /opt/airflow/dags/silver_processing_dag.py for tasks to queue
[2026-09-05T20:43:06.257+0000] {logging_mixin.py:188} INFO - [2026-09-05T20:43:06.256+0000] {dagbag.py:545} INFO - Filling up the DagBag from /opt/airflow/dags/silver_processing_dag.py
[2026-09-05T20:43:06.290+0000] {processor.py:840} INFO - DAG(s) 'process_silver_layer' retrieved from /opt/airflow/dags/silver_processing_dag.py
[2026-09-05T20:43:06.333+0000] {logging_mixin.py:188} INFO - [2026-09-05T20:43:06.332+0000] {dag.py:3096} INFO - Sync 1 DAGs
[2026-09-05T20:43:06.362+0000] {logging_mixin.py:188} INFO - [2026-09-05T20:43:06.362+0000] {dag.py:3954} INFO - Setting next_dagrun for process_silver_layer to None, run_after=None
[2026-09-05T20:43:06.400+0000] {processor.py:183} INFO - Processing /opt/airflow/dags/silver_processing_dag.py took 0.160 seconds
[2026-09-05T20:43:37.004+0000] {processor.py:161} INFO - Started process (PID=8559) to work on /opt/airflow/dags/silver_processing_dag.py
[2026-09-05T20:43:37.006+0000] {processor.py:830} INFO - Processing file /opt/airflow/dags/silver_processing_dag.py for tasks to queue
[2026-09-05T20:43:37.013+0000] {logging_mixin.py:188} INFO - [2026-09-05T20:43:37.012+0000] {dagbag.py:545} INFO - Filling up the DagBag from /opt/airflow/dags/silver_processing_dag.py
[2026-09-05T20:43:37.045+0000] {processor.py:840} INFO - DAG(s) 'process_silver_layer' retrieved from /opt/airflow/dags/silver_processing_dag.py
[2026-09-05T20:43:37.087+0000] {logging_mixin.py:188} INFO - [2026-09-05T20:43:37.086+0000] {dag.py:3096} INFO - Sync 1 DAGs
[2026-09-05T20:43:37.112+0000] {logging_mixin.py:188} INFO - [2026-09-05T20:43:37.111+0000] {dag.py:3954} INFO - Setting next_dagrun for process_silver_layer to None, run_after=None
[2026-09-05T20:43:37.155+0000] {processor.py:183} INFO - Processing /opt/airflow/dags/silver_processing_dag.py took 0.163 seconds
[2026-09-05T20:44:07.856+0000] {processor.py:161} INFO - Started process (PID=8574) to work on /opt/airflow/dags/silver_processing_dag.py
[2026-09-05T20:44:07.859+0000] {processor.py:830} INFO - Processing file /opt/airflow/dags/silver_processing_dag.py for tasks to queue
[2026-09-05T20:44:07.864+0000] {logging_mixin.py:188} INFO - [2026-09-05T20:44:07.864+0000] {dagbag.py:545} INFO - Filling up the DagBag from /opt/airflow/dags/silver_processing_dag.py
[2026-09-05T20:44:07.901+0000] {processor.py:840} INFO - DAG(s) 'process_silver_layer' retrieved from /opt/airflow/dags/silver_processing_dag.py
[2026-09-05T20:44:07.940+0000] {logging_mixin.py:188} INFO - [2026-09-05T20:44:07.940+0000] {dag.py:3096} INFO - Sync 1 DAGs
[2026-09-05T20:44:07.965+0000] {logging_mixin.py:188} INFO - [2026-09-05T20:44:07.965+0000] {dag.py:3954} INFO - Setting next_dagrun for process_silver_layer to None, run_after=None
[2026-09-05T20:44:08.000+0000] {processor.py:183} INFO - Processing /opt/airflow/dags/silver_processing_dag.py took 0.158 seconds
[2026-09-05T20:44:38.417+0000] {processor.py:161} INFO - Started process (PID=8589) to work on /opt/airflow/dags/silver_processing_dag.py
[2026-09-05T20:44:38.419+0000] {processor.py:830} INFO - Processing file /opt/airflow/dags/silver_processing_dag.py for tasks to queue
[2026-09-05T20:44:38.424+0000] {logging_mixin.py:188} INFO - [2026-09-05T20:44:38.423+0000] {dagbag.py:545} INFO - Filling up the DagBag from /opt/airflow/dags/silver_processing_dag.py
[2026-09-05T20:44:38.466+0000] {processor.py:840} INFO - DAG(s) 'process_silver_layer' retrieved from /opt/airflow/dags/silver_processing_dag.py
[2026-09-05T20:44:38.508+0000] {logging_mixin.py:188} INFO - [2026-09-05T20:44:38.508+0000] {dag.py:3096} INFO - Sync 1 DAGs
[2026-09-05T20:44:38.532+0000] {logging_mixin.py:188} INFO - [2026-09-05T20:44:38.532+0000] {dag.py:3954} INFO - Setting next_dagrun for process_silver_layer to None, run_after=None
[2026-09-05T20:44:38.566+0000] {processor.py:183} INFO - Processing /opt/airflow/dags/silver_processing_dag.py took 0.162 seconds
[2026-09-05T20:45:09.073+0000] {processor.py:161} INFO - Started process (PID=8604) to work on /opt/airflow/dags/silver_processing_dag.py
[2026-09-05T20:45:09.075+0000] {processor.py:830} INFO - Processing file /opt/airflow/dags/silver_processing_dag.py for tasks to queue
[2026-09-05T20:45:09.080+0000] {logging_mixin.py:188} INFO - [2026-09-05T20:45:09.080+0000] {dagbag.py:545} INFO - Filling up the DagBag from /opt/airflow/dags/silver_processing_dag.py
[2026-09-05T20:45:09.111+0000] {processor.py:840} INFO - DAG(s) 'process_silver_layer' retrieved from /opt/airflow/dags/silver_processing_dag.py
[2026-09-05T20:45:09.155+0000] {logging_mixin.py:188} INFO - [2026-09-05T20:45:09.155+0000] {dag.py:3096} INFO - Sync 1 DAGs
[2026-09-05T20:45:09.178+0000] {logging_mixin.py:188} INFO - [2026-09-05T20:45:09.177+0000] {dag.py:3954} INFO - Setting next_dagrun for process_silver_layer to None, run_after=None
[2026-09-05T20:45:09.220+0000] {processor.py:183} INFO - Processing /opt/airflow/dags/silver_processing_dag.py took 0.171 seconds
[2026-09-05T20:45:39.869+0000] {processor.py:161} INFO - Started process (PID=8619) to work on /opt/airflow/dags/silver_processing_dag.py
[2026-09-05T20:45:39.872+0000] {processor.py:830} INFO - Processing file /opt/airflow/dags/silver_processing_dag.py for tasks to queue
[2026-09-05T20:45:39.879+0000] {logging_mixin.py:188} INFO - [2026-09-05T20:45:39.878+0000] {dagbag.py:545} INFO - Filling up the DagBag from /opt/airflow/dags/silver_processing_dag.py
[2026-09-05T20:45:39.915+0000] {processor.py:840} INFO - DAG(s) 'process_silver_layer' retrieved from /opt/airflow/dags/silver_processing_dag.py
[2026-09-05T20:45:39.956+0000] {logging_mixin.py:188} INFO - [2026-09-05T20:45:39.955+0000] {dag.py:3096} INFO - Sync 1 DAGs
[2026-09-05T20:45:39.981+0000] {logging_mixin.py:188} INFO - [2026-09-05T20:45:39.981+0000] {dag.py:3954} INFO - Setting next_dagrun for process_silver_layer to None, run_after=None
[2026-09-05T20:45:40.036+0000] {processor.py:183} INFO - Processing /opt/airflow/dags/silver_processing_dag.py took 0.185 seconds
[2026-09-05T20:46:10.432+0000] {processor.py:161} INFO - Started process (PID=8634) to work on /opt/airflow/dags/silver_processing_dag.py
[2026-09-05T20:46:10.434+0000] {processor.py:830} INFO - Processing file /opt/airflow/dags/silver_processing_dag.py for tasks to queue
[2026-09-05T20:46:10.439+0000] {logging_mixin.py:188} INFO - [2026-09-05T20:46:10.439+0000] {dagbag.py:545} INFO - Filling up the DagBag from /opt/airflow/dags/silver_processing_dag.py
[2026-09-05T20:46:10.476+0000] {processor.py:840} INFO - DAG(s) 'process_silver_layer' retrieved from /opt/airflow/dags/silver_processing_dag.py
[2026-09-05T20:46:10.516+0000] {logging_mixin.py:188} INFO - [2026-09-05T20:46:10.516+0000] {dag.py:3096} INFO - Sync 1 DAGs
[2026-09-05T20:46:10.540+0000] {logging_mixin.py:188} INFO - [2026-09-05T20:46:10.540+0000] {dag.py:3954} INFO - Setting next_dagrun for process_silver_layer to None, run_after=None
[2026-09-05T20:46:10.584+0000] {processor.py:183} INFO - Processing /opt/airflow/dags/silver_processing_dag.py took 0.163 seconds
[2026-09-05T20:46:40.980+0000] {processor.py:161} INFO - Started process (PID=8649) to work on /opt/airflow/dags/silver_processing_dag.py
[2026-09-05T20:46:40.982+0000] {processor.py:830} INFO - Processing file /opt/airflow/dags/silver_processing_dag.py for tasks to queue
[2026-09-05T20:46:40.987+0000] {logging_mixin.py:188} INFO - [2026-09-05T20:46:40.986+0000] {dagbag.py:545} INFO - Filling up the DagBag from /opt/airflow/dags/silver_processing_dag.py
[2026-09-05T20:46:41.024+0000] {processor.py:840} INFO - DAG(s) 'process_silver_layer' retrieved from /opt/airflow/dags/silver_processing_dag.py
[2026-09-05T20:46:41.064+0000] {logging_mixin.py:188} INFO - [2026-09-05T20:46:41.064+0000] {dag.py:3096} INFO - Sync 1 DAGs
[2026-09-05T20:46:41.093+0000] {logging_mixin.py:188} INFO - [2026-09-05T20:46:41.092+0000] {dag.py:3954} INFO - Setting next_dagrun for process_silver_layer to None, run_after=None
[2026-09-05T20:46:41.133+0000] {processor.py:183} INFO - Processing /opt/airflow/dags/silver_processing_dag.py took 0.168 seconds
[2026-09-05T20:47:11.544+0000] {processor.py:161} INFO - Started process (PID=8664) to work on /opt/airflow/dags/silver_processing_dag.py
[2026-09-05T20:47:11.546+0000] {processor.py:830} INFO - Processing file /opt/airflow/dags/silver_processing_dag.py for tasks to queue
[2026-09-05T20:47:11.551+0000] {logging_mixin.py:188} INFO - [2026-09-05T20:47:11.550+0000] {dagbag.py:545} INFO - Filling up the DagBag from /opt/airflow/dags/silver_processing_dag.py
[2026-09-05T20:47:11.591+0000] {processor.py:840} INFO - DAG(s) 'process_silver_layer' retrieved from /opt/airflow/dags/silver_processing_dag.py
[2026-09-05T20:47:11.640+0000] {logging_mixin.py:188} INFO - [2026-09-05T20:47:11.640+0000] {dag.py:3096} INFO - Sync 1 DAGs
[2026-09-05T20:47:11.671+0000] {logging_mixin.py:188} INFO - [2026-09-05T20:47:11.670+0000] {dag.py:3954} INFO - Setting next_dagrun for process_silver_layer to None, run_after=None
[2026-09-05T20:47:11.715+0000] {processor.py:183} INFO - Processing /opt/airflow/dags/silver_processing_dag.py took 0.185 seconds
[2026-09-05T20:47:42.155+0000] {processor.py:161} INFO - Started process (PID=8679) to work on /opt/airflow/dags/silver_processing_dag.py
[2026-09-05T20:47:42.157+0000] {processor.py:830} INFO - Processing file /opt/airflow/dags/silver_processing_dag.py for tasks to queue
[2026-09-05T20:47:42.165+0000] {logging_mixin.py:188} INFO - [2026-09-05T20:47:42.163+0000] {dagbag.py:545} INFO - Filling up the DagBag from /opt/airflow/dags/silver_processing_dag.py
[2026-09-05T20:47:42.210+0000] {processor.py:840} INFO - DAG(s) 'process_silver_layer' retrieved from /opt/airflow/dags/silver_processing_dag.py
[2026-09-05T20:47:42.262+0000] {logging_mixin.py:188} INFO - [2026-09-05T20:47:42.261+0000] {dag.py:3096} INFO - Sync 1 DAGs
[2026-09-05T20:47:42.298+0000] {logging_mixin.py:188} INFO - [2026-09-05T20:47:42.298+0000] {dag.py:3954} INFO - Setting next_dagrun for process_silver_layer to None, run_after=None
[2026-09-05T20:47:42.338+0000] {processor.py:183} INFO - Processing /opt/airflow/dags/silver_processing_dag.py took 0.196 seconds
[2026-09-05T20:48:12.743+0000] {processor.py:161} INFO - Started process (PID=8694) to work on /opt/airflow/dags/silver_processing_dag.py
[2026-09-05T20:48:12.746+0000] {processor.py:830} INFO - Processing file /opt/airflow/dags/silver_processing_dag.py for tasks to queue
[2026-09-05T20:48:12.752+0000] {logging_mixin.py:188} INFO - [2026-09-05T20:48:12.751+0000] {dagbag.py:545} INFO - Filling up the DagBag from /opt/airflow/dags/silver_processing_dag.py
[2026-09-05T20:48:12.818+0000] {processor.py:840} INFO - DAG(s) 'process_silver_layer' retrieved from /opt/airflow/dags/silver_processing_dag.py
[2026-09-05T20:48:12.881+0000] {logging_mixin.py:188} INFO - [2026-09-05T20:48:12.881+0000] {dag.py:3096} INFO - Sync 1 DAGs
[2026-09-05T20:48:12.925+0000] {logging_mixin.py:188} INFO - [2026-09-05T20:48:12.924+0000] {dag.py:3954} INFO - Setting next_dagrun for process_silver_layer to None, run_after=None
[2026-09-05T20:48:12.969+0000] {processor.py:183} INFO - Processing /opt/airflow/dags/silver_processing_dag.py took 0.241 seconds
[2026-09-05T20:48:43.416+0000] {processor.py:161} INFO - Started process (PID=8709) to work on /opt/airflow/dags/silver_processing_dag.py
[2026-09-05T20:48:43.418+0000] {processor.py:830} INFO - Processing file /opt/airflow/dags/silver_processing_dag.py for tasks to queue
[2026-09-05T20:48:43.422+0000] {logging_mixin.py:188} INFO - [2026-09-05T20:48:43.422+0000] {dagbag.py:545} INFO - Filling up the DagBag from /opt/airflow/dags/silver_processing_dag.py
[2026-09-05T20:48:43.458+0000] {processor.py:840} INFO - DAG(s) 'process_silver_layer' retrieved from /opt/airflow/dags/silver_processing_dag.py
[2026-09-05T20:48:43.498+0000] {logging_mixin.py:188} INFO - [2026-09-05T20:48:43.497+0000] {dag.py:3096} INFO - Sync 1 DAGs
[2026-09-05T20:48:43.526+0000] {logging_mixin.py:188} INFO - [2026-09-05T20:48:43.526+0000] {dag.py:3954} INFO - Setting next_dagrun for process_silver_layer to None, run_after=None
[2026-09-05T20:48:43.561+0000] {processor.py:183} INFO - Processing /opt/airflow/dags/silver_processing_dag.py took 0.159 seconds
[2026-09-05T20:49:13.968+0000] {processor.py:161} INFO - Started process (PID=8724) to work on /opt/airflow/dags/silver_processing_dag.py
[2026-09-05T20:49:13.970+0000] {processor.py:830} INFO - Processing file /opt/airflow/dags/silver_processing_dag.py for tasks to queue
[2026-09-05T20:49:13.975+0000] {logging_mixin.py:188} INFO - [2026-09-05T20:49:13.974+0000] {dagbag.py:545} INFO - Filling up the DagBag from /opt/airflow/dags/silver_processing_dag.py
[2026-09-05T20:49:14.072+0000] {processor.py:840} INFO - DAG(s) 'process_silver_layer' retrieved from /opt/airflow/dags/silver_processing_dag.py
[2026-09-05T20:49:14.136+0000] {logging_mixin.py:188} INFO - [2026-09-05T20:49:14.135+0000] {dag.py:3096} INFO - Sync 1 DAGs
[2026-09-05T20:49:14.178+0000] {logging_mixin.py:188} INFO - [2026-09-05T20:49:14.177+0000] {dag.py:3954} INFO - Setting next_dagrun for process_silver_layer to None, run_after=None
[2026-09-05T20:49:14.218+0000] {processor.py:183} INFO - Processing /opt/airflow/dags/silver_processing_dag.py took 0.260 seconds
[2026-09-05T20:49:44.946+0000] {processor.py:161} INFO - Started process (PID=8739) to work on /opt/airflow/dags/silver_processing_dag.py
[2026-09-05T20:49:44.949+0000] {processor.py:830} INFO - Processing file /opt/airflow/dags/silver_processing_dag.py for tasks to queue
[2026-09-05T20:49:44.955+0000] {logging_mixin.py:188} INFO - [2026-09-05T20:49:44.954+0000] {dagbag.py:545} INFO - Filling up the DagBag from /opt/airflow/dags/silver_processing_dag.py
[2026-09-05T20:49:44.988+0000] {processor.py:840} INFO - DAG(s) 'process_silver_layer' retrieved from /opt/airflow/dags/silver_processing_dag.py
[2026-09-05T20:49:45.029+0000] {logging_mixin.py:188} INFO - [2026-09-05T20:49:45.028+0000] {dag.py:3096} INFO - Sync 1 DAGs
[2026-09-05T20:49:45.054+0000] {logging_mixin.py:188} INFO - [2026-09-05T20:49:45.054+0000] {dag.py:3954} INFO - Setting next_dagrun for process_silver_layer to None, run_after=None
[2026-09-05T20:49:45.090+0000] {processor.py:183} INFO - Processing /opt/airflow/dags/silver_processing_dag.py took 0.157 seconds
[2026-09-05T20:50:15.628+0000] {processor.py:161} INFO - Started process (PID=8754) to work on /opt/airflow/dags/silver_processing_dag.py
[2026-09-05T20:50:15.630+0000] {processor.py:830} INFO - Processing file /opt/airflow/dags/silver_processing_dag.py for tasks to queue
[2026-09-05T20:50:15.635+0000] {logging_mixin.py:188} INFO - [2026-09-05T20:50:15.634+0000] {dagbag.py:545} INFO - Filling up the DagBag from /opt/airflow/dags/silver_processing_dag.py
[2026-09-05T20:50:15.670+0000] {processor.py:840} INFO - DAG(s) 'process_silver_layer' retrieved from /opt/airflow/dags/silver_processing_dag.py
[2026-09-05T20:50:15.716+0000] {logging_mixin.py:188} INFO - [2026-09-05T20:50:15.716+0000] {dag.py:3096} INFO - Sync 1 DAGs
[2026-09-05T20:50:15.745+0000] {logging_mixin.py:188} INFO - [2026-09-05T20:50:15.745+0000] {dag.py:3954} INFO - Setting next_dagrun for process_silver_layer to None, run_after=None
[2026-09-05T20:50:15.788+0000] {processor.py:183} INFO - Processing /opt/airflow/dags/silver_processing_dag.py took 0.172 seconds
[2026-09-05T20:50:46.322+0000] {processor.py:161} INFO - Started process (PID=8769) to work on /opt/airflow/dags/silver_processing_dag.py
[2026-09-05T20:50:46.325+0000] {processor.py:830} INFO - Processing file /opt/airflow/dags/silver_processing_dag.py for tasks to queue
[2026-09-05T20:50:46.332+0000] {logging_mixin.py:188} INFO - [2026-09-05T20:50:46.331+0000] {dagbag.py:545} INFO - Filling up the DagBag from /opt/airflow/dags/silver_processing_dag.py
[2026-09-05T20:50:46.375+0000] {processor.py:840} INFO - DAG(s) 'process_silver_layer' retrieved from /opt/airflow/dags/silver_processing_dag.py
[2026-09-05T20:50:46.419+0000] {logging_mixin.py:188} INFO - [2026-09-05T20:50:46.419+0000] {dag.py:3096} INFO - Sync 1 DAGs
[2026-09-05T20:50:46.445+0000] {logging_mixin.py:188} INFO - [2026-09-05T20:50:46.445+0000] {dag.py:3954} INFO - Setting next_dagrun for process_silver_layer to None, run_after=None
[2026-09-05T20:50:46.483+0000] {processor.py:183} INFO - Processing /opt/airflow/dags/silver_processing_dag.py took 0.174 seconds
[2026-09-05T20:51:16.911+0000] {processor.py:161} INFO - Started process (PID=8784) to work on /opt/airflow/dags/silver_processing_dag.py
[2026-09-05T20:51:16.915+0000] {processor.py:830} INFO - Processing file /opt/airflow/dags/silver_processing_dag.py for tasks to queue
[2026-09-05T20:51:16.933+0000] {logging_mixin.py:188} INFO - [2026-09-05T20:51:16.932+0000] {dagbag.py:545} INFO - Filling up the DagBag from /opt/airflow/dags/silver_processing_dag.py
[2026-09-05T20:51:16.994+0000] {processor.py:840} INFO - DAG(s) 'process_silver_layer' retrieved from /opt/airflow/dags/silver_processing_dag.py
[2026-09-05T20:51:17.067+0000] {logging_mixin.py:188} INFO - [2026-09-05T20:51:17.067+0000] {dag.py:3096} INFO - Sync 1 DAGs
[2026-09-05T20:51:17.092+0000] {logging_mixin.py:188} INFO - [2026-09-05T20:51:17.092+0000] {dag.py:3954} INFO - Setting next_dagrun for process_silver_layer to None, run_after=None
[2026-09-05T20:51:17.127+0000] {processor.py:183} INFO - Processing /opt/airflow/dags/silver_processing_dag.py took 0.237 seconds
[2026-09-05T20:51:47.613+0000] {processor.py:161} INFO - Started process (PID=8799) to work on /opt/airflow/dags/silver_processing_dag.py
[2026-09-05T20:51:47.615+0000] {processor.py:830} INFO - Processing file /opt/airflow/dags/silver_processing_dag.py for tasks to queue
[2026-09-05T20:51:47.620+0000] {logging_mixin.py:188} INFO - [2026-09-05T20:51:47.619+0000] {dagbag.py:545} INFO - Filling up the DagBag from /opt/airflow/dags/silver_processing_dag.py
[2026-09-05T20:51:47.662+0000] {processor.py:840} INFO - DAG(s) 'process_silver_layer' retrieved from /opt/airflow/dags/silver_processing_dag.py
[2026-09-05T20:51:47.710+0000] {logging_mixin.py:188} INFO - [2026-09-05T20:51:47.709+0000] {dag.py:3096} INFO - Sync 1 DAGs
[2026-09-05T20:51:47.740+0000] {logging_mixin.py:188} INFO - [2026-09-05T20:51:47.740+0000] {dag.py:3954} INFO - Setting next_dagrun for process_silver_layer to None, run_after=None
[2026-09-05T20:51:47.782+0000] {processor.py:183} INFO - Processing /opt/airflow/dags/silver_processing_dag.py took 0.181 seconds
[2026-09-05T20:52:18.298+0000] {processor.py:161} INFO - Started process (PID=8814) to work on /opt/airflow/dags/silver_processing_dag.py
[2026-09-05T20:52:18.300+0000] {processor.py:830} INFO - Processing file /opt/airflow/dags/silver_processing_dag.py for tasks to queue
[2026-09-05T20:52:18.305+0000] {logging_mixin.py:188} INFO - [2026-09-05T20:52:18.305+0000] {dagbag.py:545} INFO - Filling up the DagBag from /opt/airflow/dags/silver_processing_dag.py
[2026-09-05T20:52:18.349+0000] {processor.py:840} INFO - DAG(s) 'process_silver_layer' retrieved from /opt/airflow/dags/silver_processing_dag.py
[2026-09-05T20:52:18.387+0000] {logging_mixin.py:188} INFO - [2026-09-05T20:52:18.387+0000] {dag.py:3096} INFO - Sync 1 DAGs
[2026-09-05T20:52:18.415+0000] {logging_mixin.py:188} INFO - [2026-09-05T20:52:18.415+0000] {dag.py:3954} INFO - Setting next_dagrun for process_silver_layer to None, run_after=None
[2026-09-05T20:52:18.449+0000] {processor.py:183} INFO - Processing /opt/airflow/dags/silver_processing_dag.py took 0.165 seconds
[2026-09-05T20:52:48.908+0000] {processor.py:161} INFO - Started process (PID=8829) to work on /opt/airflow/dags/silver_processing_dag.py
[2026-09-05T20:52:48.910+0000] {processor.py:830} INFO - Processing file /opt/airflow/dags/silver_processing_dag.py for tasks to queue
[2026-09-05T20:52:48.915+0000] {logging_mixin.py:188} INFO - [2026-09-05T20:52:48.914+0000] {dagbag.py:545} INFO - Filling up the DagBag from /opt/airflow/dags/silver_processing_dag.py
[2026-09-05T20:52:48.957+0000] {processor.py:840} INFO - DAG(s) 'process_silver_layer' retrieved from /opt/airflow/dags/silver_processing_dag.py
[2026-09-05T20:52:49.000+0000] {logging_mixin.py:188} INFO - [2026-09-05T20:52:49.000+0000] {dag.py:3096} INFO - Sync 1 DAGs
[2026-09-05T20:52:49.024+0000] {logging_mixin.py:188} INFO - [2026-09-05T20:52:49.024+0000] {dag.py:3954} INFO - Setting next_dagrun for process_silver_layer to None, run_after=None
[2026-09-05T20:52:49.069+0000] {processor.py:183} INFO - Processing /opt/airflow/dags/silver_processing_dag.py took 0.175 seconds
[2026-09-05T20:53:19.447+0000] {processor.py:161} INFO - Started process (PID=8844) to work on /opt/airflow/dags/silver_processing_dag.py
[2026-09-05T20:53:19.449+0000] {processor.py:830} INFO - Processing file /opt/airflow/dags/silver_processing_dag.py for tasks to queue
[2026-09-05T20:53:19.455+0000] {logging_mixin.py:188} INFO - [2026-09-05T20:53:19.455+0000] {dagbag.py:545} INFO - Filling up the DagBag from /opt/airflow/dags/silver_processing_dag.py
[2026-09-05T20:53:19.497+0000] {processor.py:840} INFO - DAG(s) 'process_silver_layer' retrieved from /opt/airflow/dags/silver_processing_dag.py
[2026-09-05T20:53:19.542+0000] {logging_mixin.py:188} INFO - [2026-09-05T20:53:19.541+0000] {dag.py:3096} INFO - Sync 1 DAGs
[2026-09-05T20:53:19.565+0000] {logging_mixin.py:188} INFO - [2026-09-05T20:53:19.565+0000] {dag.py:3954} INFO - Setting next_dagrun for process_silver_layer to None, run_after=None
[2026-09-05T20:53:19.604+0000] {processor.py:183} INFO - Processing /opt/airflow/dags/silver_processing_dag.py took 0.173 seconds
[2026-09-05T20:53:50.050+0000] {processor.py:161} INFO - Started process (PID=8859) to work on /opt/airflow/dags/silver_processing_dag.py
[2026-09-05T20:53:50.057+0000] {processor.py:830} INFO - Processing file /opt/airflow/dags/silver_processing_dag.py for tasks to queue
[2026-09-05T20:53:50.074+0000] {logging_mixin.py:188} INFO - [2026-09-05T20:53:50.073+0000] {dagbag.py:545} INFO - Filling up the DagBag from /opt/airflow/dags/silver_processing_dag.py
[2026-09-05T20:53:50.152+0000] {processor.py:840} INFO - DAG(s) 'process_silver_layer' retrieved from /opt/airflow/dags/silver_processing_dag.py
[2026-09-05T20:53:50.301+0000] {logging_mixin.py:188} INFO - [2026-09-05T20:53:50.300+0000] {dag.py:3096} INFO - Sync 1 DAGs
[2026-09-05T20:53:50.448+0000] {logging_mixin.py:188} INFO - [2026-09-05T20:53:50.448+0000] {dag.py:3954} INFO - Setting next_dagrun for process_silver_layer to None, run_after=None
[2026-09-05T20:53:50.557+0000] {processor.py:183} INFO - Processing /opt/airflow/dags/silver_processing_dag.py took 0.543 seconds
[2026-09-05T20:54:21.144+0000] {processor.py:161} INFO - Started process (PID=8874) to work on /opt/airflow/dags/silver_processing_dag.py
[2026-09-05T20:54:21.167+0000] {processor.py:830} INFO - Processing file /opt/airflow/dags/silver_processing_dag.py for tasks to queue
[2026-09-05T20:54:21.175+0000] {logging_mixin.py:188} INFO - [2026-09-05T20:54:21.175+0000] {dagbag.py:545} INFO - Filling up the DagBag from /opt/airflow/dags/silver_processing_dag.py
[2026-09-05T20:54:21.210+0000] {processor.py:840} INFO - DAG(s) 'process_silver_layer' retrieved from /opt/airflow/dags/silver_processing_dag.py
[2026-09-05T20:54:21.259+0000] {logging_mixin.py:188} INFO - [2026-09-05T20:54:21.259+0000] {dag.py:3096} INFO - Sync 1 DAGs
[2026-09-05T20:54:21.283+0000] {logging_mixin.py:188} INFO - [2026-09-05T20:54:21.283+0000] {dag.py:3954} INFO - Setting next_dagrun for process_silver_layer to None, run_after=None
[2026-09-05T20:54:21.333+0000] {processor.py:183} INFO - Processing /opt/airflow/dags/silver_processing_dag.py took 0.215 seconds
[2026-09-05T20:54:51.705+0000] {processor.py:161} INFO - Started process (PID=8889) to work on /opt/airflow/dags/silver_processing_dag.py
[2026-09-05T20:54:51.708+0000] {processor.py:830} INFO - Processing file /opt/airflow/dags/silver_processing_dag.py for tasks to queue
[2026-09-05T20:54:51.713+0000] {logging_mixin.py:188} INFO - [2026-09-05T20:54:51.713+0000] {dagbag.py:545} INFO - Filling up the DagBag from /opt/airflow/dags/silver_processing_dag.py
[2026-09-05T20:54:51.754+0000] {processor.py:840} INFO - DAG(s) 'process_silver_layer' retrieved from /opt/airflow/dags/silver_processing_dag.py
[2026-09-05T20:54:51.803+0000] {logging_mixin.py:188} INFO - [2026-09-05T20:54:51.802+0000] {dag.py:3096} INFO - Sync 1 DAGs
[2026-09-05T20:54:51.836+0000] {logging_mixin.py:188} INFO - [2026-09-05T20:54:51.835+0000] {dag.py:3954} INFO - Setting next_dagrun for process_silver_layer to None, run_after=None
[2026-09-05T20:54:51.882+0000] {processor.py:183} INFO - Processing /opt/airflow/dags/silver_processing_dag.py took 0.201 seconds
[2026-09-05T20:55:22.395+0000] {processor.py:161} INFO - Started process (PID=8904) to work on /opt/airflow/dags/silver_processing_dag.py
[2026-09-05T20:55:22.397+0000] {processor.py:830} INFO - Processing file /opt/airflow/dags/silver_processing_dag.py for tasks to queue
[2026-09-05T20:55:22.402+0000] {logging_mixin.py:188} INFO - [2026-09-05T20:55:22.402+0000] {dagbag.py:545} INFO - Filling up the DagBag from /opt/airflow/dags/silver_processing_dag.py
[2026-09-05T20:55:22.439+0000] {processor.py:840} INFO - DAG(s) 'process_silver_layer' retrieved from /opt/airflow/dags/silver_processing_dag.py
[2026-09-05T20:55:22.486+0000] {logging_mixin.py:188} INFO - [2026-09-05T20:55:22.485+0000] {dag.py:3096} INFO - Sync 1 DAGs
[2026-09-05T20:55:22.512+0000] {logging_mixin.py:188} INFO - [2026-09-05T20:55:22.512+0000] {dag.py:3954} INFO - Setting next_dagrun for process_silver_layer to None, run_after=None
[2026-09-05T20:55:22.549+0000] {processor.py:183} INFO - Processing /opt/airflow/dags/silver_processing_dag.py took 0.166 seconds
[2026-09-05T20:55:52.941+0000] {processor.py:161} INFO - Started process (PID=8919) to work on /opt/airflow/dags/silver_processing_dag.py
[2026-09-05T20:55:52.944+0000] {processor.py:830} INFO - Processing file /opt/airflow/dags/silver_processing_dag.py for tasks to queue
[2026-09-05T20:55:52.949+0000] {logging_mixin.py:188} INFO - [2026-09-05T20:55:52.948+0000] {dagbag.py:545} INFO - Filling up the DagBag from /opt/airflow/dags/silver_processing_dag.py
[2026-09-05T20:55:52.988+0000] {processor.py:840} INFO - DAG(s) 'process_silver_layer' retrieved from /opt/airflow/dags/silver_processing_dag.py
[2026-09-05T20:55:53.028+0000] {logging_mixin.py:188} INFO - [2026-09-05T20:55:53.027+0000] {dag.py:3096} INFO - Sync 1 DAGs
[2026-09-05T20:55:53.055+0000] {logging_mixin.py:188} INFO - [2026-09-05T20:55:53.054+0000] {dag.py:3954} INFO - Setting next_dagrun for process_silver_layer to None, run_after=None
[2026-09-05T20:55:53.109+0000] {processor.py:183} INFO - Processing /opt/airflow/dags/silver_processing_dag.py took 0.181 seconds
[2026-09-05T20:56:23.530+0000] {processor.py:161} INFO - Started process (PID=8934) to work on /opt/airflow/dags/silver_processing_dag.py
[2026-09-05T20:56:23.533+0000] {processor.py:830} INFO - Processing file /opt/airflow/dags/silver_processing_dag.py for tasks to queue
[2026-09-05T20:56:23.540+0000] {logging_mixin.py:188} INFO - [2026-09-05T20:56:23.539+0000] {dagbag.py:545} INFO - Filling up the DagBag from /opt/airflow/dags/silver_processing_dag.py
[2026-09-05T20:56:23.574+0000] {processor.py:840} INFO - DAG(s) 'process_silver_layer' retrieved from /opt/airflow/dags/silver_processing_dag.py
[2026-09-05T20:56:23.626+0000] {logging_mixin.py:188} INFO - [2026-09-05T20:56:23.625+0000] {dag.py:3096} INFO - Sync 1 DAGs
[2026-09-05T20:56:23.657+0000] {logging_mixin.py:188} INFO - [2026-09-05T20:56:23.657+0000] {dag.py:3954} INFO - Setting next_dagrun for process_silver_layer to None, run_after=None
[2026-09-05T20:56:23.695+0000] {processor.py:183} INFO - Processing /opt/airflow/dags/silver_processing_dag.py took 0.179 seconds
[2026-09-05T20:56:54.303+0000] {processor.py:161} INFO - Started process (PID=8949) to work on /opt/airflow/dags/silver_processing_dag.py
[2026-09-05T20:56:54.305+0000] {processor.py:830} INFO - Processing file /opt/airflow/dags/silver_processing_dag.py for tasks to queue
[2026-09-05T20:56:54.315+0000] {logging_mixin.py:188} INFO - [2026-09-05T20:56:54.314+0000] {dagbag.py:545} INFO - Filling up the DagBag from /opt/airflow/dags/silver_processing_dag.py
[2026-09-05T20:56:54.356+0000] {processor.py:840} INFO - DAG(s) 'process_silver_layer' retrieved from /opt/airflow/dags/silver_processing_dag.py
[2026-09-05T20:56:54.399+0000] {logging_mixin.py:188} INFO - [2026-09-05T20:56:54.399+0000] {dag.py:3096} INFO - Sync 1 DAGs
[2026-09-05T20:56:54.423+0000] {logging_mixin.py:188} INFO - [2026-09-05T20:56:54.423+0000] {dag.py:3954} INFO - Setting next_dagrun for process_silver_layer to None, run_after=None
[2026-09-05T20:56:54.462+0000] {processor.py:183} INFO - Processing /opt/airflow/dags/silver_processing_dag.py took 0.174 seconds
[2026-09-05T20:57:24.883+0000] {processor.py:161} INFO - Started process (PID=8964) to work on /opt/airflow/dags/silver_processing_dag.py
[2026-09-05T20:57:24.886+0000] {processor.py:830} INFO - Processing file /opt/airflow/dags/silver_processing_dag.py for tasks to queue
[2026-09-05T20:57:24.892+0000] {logging_mixin.py:188} INFO - [2026-09-05T20:57:24.891+0000] {dagbag.py:545} INFO - Filling up the DagBag from /opt/airflow/dags/silver_processing_dag.py
[2026-09-05T20:57:24.931+0000] {processor.py:840} INFO - DAG(s) 'process_silver_layer' retrieved from /opt/airflow/dags/silver_processing_dag.py
[2026-09-05T20:57:24.978+0000] {logging_mixin.py:188} INFO - [2026-09-05T20:57:24.978+0000] {dag.py:3096} INFO - Sync 1 DAGs
[2026-09-05T20:57:25.006+0000] {logging_mixin.py:188} INFO - [2026-09-05T20:57:25.006+0000] {dag.py:3954} INFO - Setting next_dagrun for process_silver_layer to None, run_after=None
[2026-09-05T20:57:25.041+0000] {processor.py:183} INFO - Processing /opt/airflow/dags/silver_processing_dag.py took 0.173 seconds
[2026-09-05T20:57:55.577+0000] {processor.py:161} INFO - Started process (PID=8979) to work on /opt/airflow/dags/silver_processing_dag.py
[2026-09-05T20:57:55.579+0000] {processor.py:830} INFO - Processing file /opt/airflow/dags/silver_processing_dag.py for tasks to queue
[2026-09-05T20:57:55.585+0000] {logging_mixin.py:188} INFO - [2026-09-05T20:57:55.584+0000] {dagbag.py:545} INFO - Filling up the DagBag from /opt/airflow/dags/silver_processing_dag.py
[2026-09-05T20:57:55.625+0000] {processor.py:840} INFO - DAG(s) 'process_silver_layer' retrieved from /opt/airflow/dags/silver_processing_dag.py
[2026-09-05T20:57:55.663+0000] {logging_mixin.py:188} INFO - [2026-09-05T20:57:55.663+0000] {dag.py:3096} INFO - Sync 1 DAGs
[2026-09-05T20:57:55.689+0000] {logging_mixin.py:188} INFO - [2026-09-05T20:57:55.688+0000] {dag.py:3954} INFO - Setting next_dagrun for process_silver_layer to None, run_after=None
[2026-09-05T20:57:55.728+0000] {processor.py:183} INFO - Processing /opt/airflow/dags/silver_processing_dag.py took 0.161 seconds
[2026-09-05T20:58:26.185+0000] {processor.py:161} INFO - Started process (PID=8994) to work on /opt/airflow/dags/silver_processing_dag.py
[2026-09-05T20:58:26.187+0000] {processor.py:830} INFO - Processing file /opt/airflow/dags/silver_processing_dag.py for tasks to queue
[2026-09-05T20:58:26.191+0000] {logging_mixin.py:188} INFO - [2026-09-05T20:58:26.191+0000] {dagbag.py:545} INFO - Filling up the DagBag from /opt/airflow/dags/silver_processing_dag.py
[2026-09-05T20:58:26.228+0000] {processor.py:840} INFO - DAG(s) 'process_silver_layer' retrieved from /opt/airflow/dags/silver_processing_dag.py
[2026-09-05T20:58:26.281+0000] {logging_mixin.py:188} INFO - [2026-09-05T20:58:26.279+0000] {dag.py:3096} INFO - Sync 1 DAGs
[2026-09-05T20:58:26.309+0000] {logging_mixin.py:188} INFO - [2026-09-05T20:58:26.308+0000] {dag.py:3954} INFO - Setting next_dagrun for process_silver_layer to None, run_after=None
[2026-09-05T20:58:26.363+0000] {processor.py:183} INFO - Processing /opt/airflow/dags/silver_processing_dag.py took 0.193 seconds
[2026-09-05T20:58:56.843+0000] {processor.py:161} INFO - Started process (PID=9009) to work on /opt/airflow/dags/silver_processing_dag.py
[2026-09-05T20:58:56.846+0000] {processor.py:830} INFO - Processing file /opt/airflow/dags/silver_processing_dag.py for tasks to queue
[2026-09-05T20:58:56.852+0000] {logging_mixin.py:188} INFO - [2026-09-05T20:58:56.851+0000] {dagbag.py:545} INFO - Filling up the DagBag from /opt/airflow/dags/silver_processing_dag.py
[2026-09-05T20:58:56.899+0000] {processor.py:840} INFO - DAG(s) 'process_silver_layer' retrieved from /opt/airflow/dags/silver_processing_dag.py
[2026-09-05T20:58:56.949+0000] {logging_mixin.py:188} INFO - [2026-09-05T20:58:56.948+0000] {dag.py:3096} INFO - Sync 1 DAGs
[2026-09-05T20:58:56.979+0000] {logging_mixin.py:188} INFO - [2026-09-05T20:58:56.979+0000] {dag.py:3954} INFO - Setting next_dagrun for process_silver_layer to None, run_after=None
[2026-09-05T20:58:57.017+0000] {processor.py:183} INFO - Processing /opt/airflow/dags/silver_processing_dag.py took 0.193 seconds
[2026-09-05T20:59:27.492+0000] {processor.py:161} INFO - Started process (PID=9024) to work on /opt/airflow/dags/silver_processing_dag.py
[2026-09-05T20:59:27.494+0000] {processor.py:830} INFO - Processing file /opt/airflow/dags/silver_processing_dag.py for tasks to queue
[2026-09-05T20:59:27.498+0000] {logging_mixin.py:188} INFO - [2026-09-05T20:59:27.498+0000] {dagbag.py:545} INFO - Filling up the DagBag from /opt/airflow/dags/silver_processing_dag.py
[2026-09-05T20:59:27.532+0000] {processor.py:840} INFO - DAG(s) 'process_silver_layer' retrieved from /opt/airflow/dags/silver_processing_dag.py
[2026-09-05T20:59:27.576+0000] {logging_mixin.py:188} INFO - [2026-09-05T20:59:27.576+0000] {dag.py:3096} INFO - Sync 1 DAGs
[2026-09-05T20:59:27.601+0000] {logging_mixin.py:188} INFO - [2026-09-05T20:59:27.601+0000] {dag.py:3954} INFO - Setting next_dagrun for process_silver_layer to None, run_after=None
[2026-09-05T20:59:27.634+0000] {processor.py:183} INFO - Processing /opt/airflow/dags/silver_processing_dag.py took 0.152 seconds
[2026-09-05T20:59:58.115+0000] {processor.py:161} INFO - Started process (PID=9039) to work on /opt/airflow/dags/silver_processing_dag.py
[2026-09-05T20:59:58.118+0000] {processor.py:830} INFO - Processing file /opt/airflow/dags/silver_processing_dag.py for tasks to queue
[2026-09-05T20:59:58.124+0000] {logging_mixin.py:188} INFO - [2026-09-05T20:59:58.122+0000] {dagbag.py:545} INFO - Filling up the DagBag from /opt/airflow/dags/silver_processing_dag.py
[2026-09-05T20:59:58.286+0000] {processor.py:840} INFO - DAG(s) 'process_silver_layer' retrieved from /opt/airflow/dags/silver_processing_dag.py
[2026-09-05T20:59:58.369+0000] {logging_mixin.py:188} INFO - [2026-09-05T20:59:58.368+0000] {dag.py:3096} INFO - Sync 1 DAGs
[2026-09-05T20:59:58.455+0000] {logging_mixin.py:188} INFO - [2026-09-05T20:59:58.455+0000] {dag.py:3954} INFO - Setting next_dagrun for process_silver_layer to None, run_after=None
[2026-09-05T20:59:58.526+0000] {processor.py:183} INFO - Processing /opt/airflow/dags/silver_processing_dag.py took 0.422 seconds
[2026-09-05T21:00:29.167+0000] {processor.py:161} INFO - Started process (PID=9058) to work on /opt/airflow/dags/silver_processing_dag.py
[2026-09-05T21:00:29.173+0000] {processor.py:830} INFO - Processing file /opt/airflow/dags/silver_processing_dag.py for tasks to queue
[2026-09-05T21:00:29.180+0000] {logging_mixin.py:188} INFO - [2026-09-05T21:00:29.179+0000] {dagbag.py:545} INFO - Filling up the DagBag from /opt/airflow/dags/silver_processing_dag.py
[2026-09-05T21:00:29.235+0000] {processor.py:840} INFO - DAG(s) 'process_silver_layer' retrieved from /opt/airflow/dags/silver_processing_dag.py
[2026-09-05T21:00:29.280+0000] {logging_mixin.py:188} INFO - [2026-09-05T21:00:29.280+0000] {dag.py:3096} INFO - Sync 1 DAGs
[2026-09-05T21:00:29.305+0000] {logging_mixin.py:188} INFO - [2026-09-05T21:00:29.305+0000] {dag.py:3954} INFO - Setting next_dagrun for process_silver_layer to None, run_after=None
[2026-09-05T21:00:29.341+0000] {processor.py:183} INFO - Processing /opt/airflow/dags/silver_processing_dag.py took 0.196 seconds
[2026-09-05T21:00:59.800+0000] {processor.py:161} INFO - Started process (PID=9073) to work on /opt/airflow/dags/silver_processing_dag.py
[2026-09-05T21:00:59.802+0000] {processor.py:830} INFO - Processing file /opt/airflow/dags/silver_processing_dag.py for tasks to queue
[2026-09-05T21:00:59.810+0000] {logging_mixin.py:188} INFO - [2026-09-05T21:00:59.809+0000] {dagbag.py:545} INFO - Filling up the DagBag from /opt/airflow/dags/silver_processing_dag.py
[2026-09-05T21:00:59.848+0000] {processor.py:840} INFO - DAG(s) 'process_silver_layer' retrieved from /opt/airflow/dags/silver_processing_dag.py
[2026-09-05T21:00:59.922+0000] {logging_mixin.py:188} INFO - [2026-09-05T21:00:59.922+0000] {dag.py:3096} INFO - Sync 1 DAGs
[2026-09-05T21:00:59.953+0000] {logging_mixin.py:188} INFO - [2026-09-05T21:00:59.953+0000] {dag.py:3954} INFO - Setting next_dagrun for process_silver_layer to None, run_after=None
[2026-09-05T21:00:59.988+0000] {processor.py:183} INFO - Processing /opt/airflow/dags/silver_processing_dag.py took 0.203 seconds
[2026-09-05T21:01:30.370+0000] {processor.py:161} INFO - Started process (PID=9088) to work on /opt/airflow/dags/silver_processing_dag.py
[2026-09-05T21:01:30.373+0000] {processor.py:830} INFO - Processing file /opt/airflow/dags/silver_processing_dag.py for tasks to queue
[2026-09-05T21:01:30.382+0000] {logging_mixin.py:188} INFO - [2026-09-05T21:01:30.381+0000] {dagbag.py:545} INFO - Filling up the DagBag from /opt/airflow/dags/silver_processing_dag.py
[2026-09-05T21:01:30.421+0000] {processor.py:840} INFO - DAG(s) 'process_silver_layer' retrieved from /opt/airflow/dags/silver_processing_dag.py
[2026-09-05T21:01:30.467+0000] {logging_mixin.py:188} INFO - [2026-09-05T21:01:30.466+0000] {dag.py:3096} INFO - Sync 1 DAGs
[2026-09-05T21:01:30.494+0000] {logging_mixin.py:188} INFO - [2026-09-05T21:01:30.493+0000] {dag.py:3954} INFO - Setting next_dagrun for process_silver_layer to None, run_after=None
[2026-09-05T21:01:30.539+0000] {processor.py:183} INFO - Processing /opt/airflow/dags/silver_processing_dag.py took 0.184 seconds
[2026-09-05T21:02:01.131+0000] {processor.py:161} INFO - Started process (PID=9103) to work on /opt/airflow/dags/silver_processing_dag.py
[2026-09-05T21:02:01.134+0000] {processor.py:830} INFO - Processing file /opt/airflow/dags/silver_processing_dag.py for tasks to queue
[2026-09-05T21:02:01.139+0000] {logging_mixin.py:188} INFO - [2026-09-05T21:02:01.138+0000] {dagbag.py:545} INFO - Filling up the DagBag from /opt/airflow/dags/silver_processing_dag.py
[2026-09-05T21:02:01.179+0000] {processor.py:840} INFO - DAG(s) 'process_silver_layer' retrieved from /opt/airflow/dags/silver_processing_dag.py
[2026-09-05T21:02:01.223+0000] {logging_mixin.py:188} INFO - [2026-09-05T21:02:01.222+0000] {dag.py:3096} INFO - Sync 1 DAGs
[2026-09-05T21:02:01.255+0000] {logging_mixin.py:188} INFO - [2026-09-05T21:02:01.254+0000] {dag.py:3954} INFO - Setting next_dagrun for process_silver_layer to None, run_after=None
[2026-09-05T21:02:01.294+0000] {processor.py:183} INFO - Processing /opt/airflow/dags/silver_processing_dag.py took 0.174 seconds
[2026-09-05T21:02:31.758+0000] {processor.py:161} INFO - Started process (PID=9118) to work on /opt/airflow/dags/silver_processing_dag.py
[2026-09-05T21:02:31.761+0000] {processor.py:830} INFO - Processing file /opt/airflow/dags/silver_processing_dag.py for tasks to queue
[2026-09-05T21:02:31.766+0000] {logging_mixin.py:188} INFO - [2026-09-05T21:02:31.765+0000] {dagbag.py:545} INFO - Filling up the DagBag from /opt/airflow/dags/silver_processing_dag.py
[2026-09-05T21:02:31.806+0000] {processor.py:840} INFO - DAG(s) 'process_silver_layer' retrieved from /opt/airflow/dags/silver_processing_dag.py
[2026-09-05T21:02:31.854+0000] {logging_mixin.py:188} INFO - [2026-09-05T21:02:31.854+0000] {dag.py:3096} INFO - Sync 1 DAGs
[2026-09-05T21:02:31.875+0000] {logging_mixin.py:188} INFO - [2026-09-05T21:02:31.875+0000] {dag.py:3954} INFO - Setting next_dagrun for process_silver_layer to None, run_after=None
[2026-09-05T21:02:31.912+0000] {processor.py:183} INFO - Processing /opt/airflow/dags/silver_processing_dag.py took 0.165 seconds
[2026-09-05T21:03:02.487+0000] {processor.py:161} INFO - Started process (PID=9133) to work on /opt/airflow/dags/silver_processing_dag.py
[2026-09-05T21:03:02.489+0000] {processor.py:830} INFO - Processing file /opt/airflow/dags/silver_processing_dag.py for tasks to queue
[2026-09-05T21:03:02.494+0000] {logging_mixin.py:188} INFO - [2026-09-05T21:03:02.493+0000] {dagbag.py:545} INFO - Filling up the DagBag from /opt/airflow/dags/silver_processing_dag.py
[2026-09-05T21:03:02.529+0000] {processor.py:840} INFO - DAG(s) 'process_silver_layer' retrieved from /opt/airflow/dags/silver_processing_dag.py
[2026-09-05T21:03:02.566+0000] {logging_mixin.py:188} INFO - [2026-09-05T21:03:02.566+0000] {dag.py:3096} INFO - Sync 1 DAGs
[2026-09-05T21:03:02.588+0000] {logging_mixin.py:188} INFO - [2026-09-05T21:03:02.588+0000] {dag.py:3954} INFO - Setting next_dagrun for process_silver_layer to None, run_after=None
[2026-09-05T21:03:02.642+0000] {processor.py:183} INFO - Processing /opt/airflow/dags/silver_processing_dag.py took 0.168 seconds
[2026-09-05T21:03:33.068+0000] {processor.py:161} INFO - Started process (PID=9148) to work on /opt/airflow/dags/silver_processing_dag.py
[2026-09-05T21:03:33.071+0000] {processor.py:830} INFO - Processing file /opt/airflow/dags/silver_processing_dag.py for tasks to queue
[2026-09-05T21:03:33.077+0000] {logging_mixin.py:188} INFO - [2026-09-05T21:03:33.076+0000] {dagbag.py:545} INFO - Filling up the DagBag from /opt/airflow/dags/silver_processing_dag.py
[2026-09-05T21:03:33.115+0000] {processor.py:840} INFO - DAG(s) 'process_silver_layer' retrieved from /opt/airflow/dags/silver_processing_dag.py
[2026-09-05T21:03:33.156+0000] {logging_mixin.py:188} INFO - [2026-09-05T21:03:33.156+0000] {dag.py:3096} INFO - Sync 1 DAGs
[2026-09-05T21:03:33.188+0000] {logging_mixin.py:188} INFO - [2026-09-05T21:03:33.188+0000] {dag.py:3954} INFO - Setting next_dagrun for process_silver_layer to None, run_after=None
[2026-09-05T21:03:33.235+0000] {processor.py:183} INFO - Processing /opt/airflow/dags/silver_processing_dag.py took 0.179 seconds
[2026-09-05T21:04:03.620+0000] {processor.py:161} INFO - Started process (PID=9163) to work on /opt/airflow/dags/silver_processing_dag.py
[2026-09-05T21:04:03.623+0000] {processor.py:830} INFO - Processing file /opt/airflow/dags/silver_processing_dag.py for tasks to queue
[2026-09-05T21:04:03.628+0000] {logging_mixin.py:188} INFO - [2026-09-05T21:04:03.627+0000] {dagbag.py:545} INFO - Filling up the DagBag from /opt/airflow/dags/silver_processing_dag.py
[2026-09-05T21:04:03.671+0000] {processor.py:840} INFO - DAG(s) 'process_silver_layer' retrieved from /opt/airflow/dags/silver_processing_dag.py
[2026-09-05T21:04:03.726+0000] {logging_mixin.py:188} INFO - [2026-09-05T21:04:03.725+0000] {dag.py:3096} INFO - Sync 1 DAGs
[2026-09-05T21:04:03.766+0000] {logging_mixin.py:188} INFO - [2026-09-05T21:04:03.765+0000] {dag.py:3954} INFO - Setting next_dagrun for process_silver_layer to None, run_after=None
[2026-09-05T21:04:03.819+0000] {processor.py:183} INFO - Processing /opt/airflow/dags/silver_processing_dag.py took 0.212 seconds
[2026-09-05T21:04:34.165+0000] {processor.py:161} INFO - Started process (PID=9178) to work on /opt/airflow/dags/silver_processing_dag.py
[2026-09-05T21:04:34.167+0000] {processor.py:830} INFO - Processing file /opt/airflow/dags/silver_processing_dag.py for tasks to queue
[2026-09-05T21:04:34.173+0000] {logging_mixin.py:188} INFO - [2026-09-05T21:04:34.172+0000] {dagbag.py:545} INFO - Filling up the DagBag from /opt/airflow/dags/silver_processing_dag.py
[2026-09-05T21:04:34.207+0000] {processor.py:840} INFO - DAG(s) 'process_silver_layer' retrieved from /opt/airflow/dags/silver_processing_dag.py
[2026-09-05T21:04:34.250+0000] {logging_mixin.py:188} INFO - [2026-09-05T21:04:34.249+0000] {dag.py:3096} INFO - Sync 1 DAGs
[2026-09-05T21:04:34.277+0000] {logging_mixin.py:188} INFO - [2026-09-05T21:04:34.277+0000] {dag.py:3954} INFO - Setting next_dagrun for process_silver_layer to None, run_after=None
[2026-09-05T21:04:34.330+0000] {processor.py:183} INFO - Processing /opt/airflow/dags/silver_processing_dag.py took 0.175 seconds
[2026-09-05T21:05:04.721+0000] {processor.py:161} INFO - Started process (PID=9193) to work on /opt/airflow/dags/silver_processing_dag.py
[2026-09-05T21:05:04.723+0000] {processor.py:830} INFO - Processing file /opt/airflow/dags/silver_processing_dag.py for tasks to queue
[2026-09-05T21:05:04.731+0000] {logging_mixin.py:188} INFO - [2026-09-05T21:05:04.730+0000] {dagbag.py:545} INFO - Filling up the DagBag from /opt/airflow/dags/silver_processing_dag.py
[2026-09-05T21:05:04.774+0000] {processor.py:840} INFO - DAG(s) 'process_silver_layer' retrieved from /opt/airflow/dags/silver_processing_dag.py
[2026-09-05T21:05:04.827+0000] {logging_mixin.py:188} INFO - [2026-09-05T21:05:04.826+0000] {dag.py:3096} INFO - Sync 1 DAGs
[2026-09-05T21:05:04.851+0000] {logging_mixin.py:188} INFO - [2026-09-05T21:05:04.851+0000] {dag.py:3954} INFO - Setting next_dagrun for process_silver_layer to None, run_after=None
[2026-09-05T21:05:04.890+0000] {processor.py:183} INFO - Processing /opt/airflow/dags/silver_processing_dag.py took 0.182 seconds
[2026-09-05T21:05:35.501+0000] {processor.py:161} INFO - Started process (PID=9208) to work on /opt/airflow/dags/silver_processing_dag.py
[2026-09-05T21:05:35.503+0000] {processor.py:830} INFO - Processing file /opt/airflow/dags/silver_processing_dag.py for tasks to queue
[2026-09-05T21:05:35.508+0000] {logging_mixin.py:188} INFO - [2026-09-05T21:05:35.508+0000] {dagbag.py:545} INFO - Filling up the DagBag from /opt/airflow/dags/silver_processing_dag.py
[2026-09-05T21:05:35.547+0000] {processor.py:840} INFO - DAG(s) 'process_silver_layer' retrieved from /opt/airflow/dags/silver_processing_dag.py
[2026-09-05T21:05:35.591+0000] {logging_mixin.py:188} INFO - [2026-09-05T21:05:35.590+0000] {dag.py:3096} INFO - Sync 1 DAGs
[2026-09-05T21:05:35.618+0000] {logging_mixin.py:188} INFO - [2026-09-05T21:05:35.617+0000] {dag.py:3954} INFO - Setting next_dagrun for process_silver_layer to None, run_after=None
[2026-09-05T21:05:35.652+0000] {processor.py:183} INFO - Processing /opt/airflow/dags/silver_processing_dag.py took 0.167 seconds
[2026-09-05T21:06:06.069+0000] {processor.py:161} INFO - Started process (PID=9223) to work on /opt/airflow/dags/silver_processing_dag.py
[2026-09-05T21:06:06.071+0000] {processor.py:830} INFO - Processing file /opt/airflow/dags/silver_processing_dag.py for tasks to queue
[2026-09-05T21:06:06.076+0000] {logging_mixin.py:188} INFO - [2026-09-05T21:06:06.075+0000] {dagbag.py:545} INFO - Filling up the DagBag from /opt/airflow/dags/silver_processing_dag.py
[2026-09-05T21:06:06.115+0000] {processor.py:840} INFO - DAG(s) 'process_silver_layer' retrieved from /opt/airflow/dags/silver_processing_dag.py
[2026-09-05T21:06:06.157+0000] {logging_mixin.py:188} INFO - [2026-09-05T21:06:06.157+0000] {dag.py:3096} INFO - Sync 1 DAGs
[2026-09-05T21:06:06.184+0000] {logging_mixin.py:188} INFO - [2026-09-05T21:06:06.183+0000] {dag.py:3954} INFO - Setting next_dagrun for process_silver_layer to None, run_after=None
[2026-09-05T21:06:06.221+0000] {processor.py:183} INFO - Processing /opt/airflow/dags/silver_processing_dag.py took 0.165 seconds
[2026-09-05T21:06:36.784+0000] {processor.py:161} INFO - Started process (PID=9238) to work on /opt/airflow/dags/silver_processing_dag.py
[2026-09-05T21:06:36.786+0000] {processor.py:830} INFO - Processing file /opt/airflow/dags/silver_processing_dag.py for tasks to queue
[2026-09-05T21:06:36.792+0000] {logging_mixin.py:188} INFO - [2026-09-05T21:06:36.791+0000] {dagbag.py:545} INFO - Filling up the DagBag from /opt/airflow/dags/silver_processing_dag.py
[2026-09-05T21:06:36.831+0000] {processor.py:840} INFO - DAG(s) 'process_silver_layer' retrieved from /opt/airflow/dags/silver_processing_dag.py
[2026-09-05T21:06:36.869+0000] {logging_mixin.py:188} INFO - [2026-09-05T21:06:36.869+0000] {dag.py:3096} INFO - Sync 1 DAGs
[2026-09-05T21:06:36.892+0000] {logging_mixin.py:188} INFO - [2026-09-05T21:06:36.892+0000] {dag.py:3954} INFO - Setting next_dagrun for process_silver_layer to None, run_after=None
[2026-09-05T21:06:36.933+0000] {processor.py:183} INFO - Processing /opt/airflow/dags/silver_processing_dag.py took 0.164 seconds
[2026-09-05T21:07:07.346+0000] {processor.py:161} INFO - Started process (PID=9253) to work on /opt/airflow/dags/silver_processing_dag.py
[2026-09-05T21:07:07.349+0000] {processor.py:830} INFO - Processing file /opt/airflow/dags/silver_processing_dag.py for tasks to queue
[2026-09-05T21:07:07.354+0000] {logging_mixin.py:188} INFO - [2026-09-05T21:07:07.353+0000] {dagbag.py:545} INFO - Filling up the DagBag from /opt/airflow/dags/silver_processing_dag.py
[2026-09-05T21:07:07.395+0000] {processor.py:840} INFO - DAG(s) 'process_silver_layer' retrieved from /opt/airflow/dags/silver_processing_dag.py
[2026-09-05T21:07:07.436+0000] {logging_mixin.py:188} INFO - [2026-09-05T21:07:07.435+0000] {dag.py:3096} INFO - Sync 1 DAGs
[2026-09-05T21:07:07.460+0000] {logging_mixin.py:188} INFO - [2026-09-05T21:07:07.459+0000] {dag.py:3954} INFO - Setting next_dagrun for process_silver_layer to None, run_after=None
[2026-09-05T21:07:07.503+0000] {processor.py:183} INFO - Processing /opt/airflow/dags/silver_processing_dag.py took 0.170 seconds
[2026-09-05T21:07:38.044+0000] {processor.py:161} INFO - Started process (PID=9268) to work on /opt/airflow/dags/silver_processing_dag.py
[2026-09-05T21:07:38.047+0000] {processor.py:830} INFO - Processing file /opt/airflow/dags/silver_processing_dag.py for tasks to queue
[2026-09-05T21:07:38.057+0000] {logging_mixin.py:188} INFO - [2026-09-05T21:07:38.056+0000] {dagbag.py:545} INFO - Filling up the DagBag from /opt/airflow/dags/silver_processing_dag.py
[2026-09-05T21:07:38.091+0000] {processor.py:840} INFO - DAG(s) 'process_silver_layer' retrieved from /opt/airflow/dags/silver_processing_dag.py
[2026-09-05T21:07:38.131+0000] {logging_mixin.py:188} INFO - [2026-09-05T21:07:38.131+0000] {dag.py:3096} INFO - Sync 1 DAGs
[2026-09-05T21:07:38.161+0000] {logging_mixin.py:188} INFO - [2026-09-05T21:07:38.160+0000] {dag.py:3954} INFO - Setting next_dagrun for process_silver_layer to None, run_after=None
[2026-09-05T21:07:38.201+0000] {processor.py:183} INFO - Processing /opt/airflow/dags/silver_processing_dag.py took 0.172 seconds
[2026-09-05T21:08:08.681+0000] {processor.py:161} INFO - Started process (PID=9283) to work on /opt/airflow/dags/silver_processing_dag.py
[2026-09-05T21:08:08.684+0000] {processor.py:830} INFO - Processing file /opt/airflow/dags/silver_processing_dag.py for tasks to queue
[2026-09-05T21:08:08.690+0000] {logging_mixin.py:188} INFO - [2026-09-05T21:08:08.689+0000] {dagbag.py:545} INFO - Filling up the DagBag from /opt/airflow/dags/silver_processing_dag.py
[2026-09-05T21:08:08.784+0000] {processor.py:840} INFO - DAG(s) 'process_silver_layer' retrieved from /opt/airflow/dags/silver_processing_dag.py
[2026-09-05T21:08:08.850+0000] {logging_mixin.py:188} INFO - [2026-09-05T21:08:08.849+0000] {dag.py:3096} INFO - Sync 1 DAGs
[2026-09-05T21:08:08.871+0000] {logging_mixin.py:188} INFO - [2026-09-05T21:08:08.871+0000] {dag.py:3954} INFO - Setting next_dagrun for process_silver_layer to None, run_after=None
[2026-09-05T21:08:08.903+0000] {processor.py:183} INFO - Processing /opt/airflow/dags/silver_processing_dag.py took 0.244 seconds
[2026-09-05T21:08:39.322+0000] {processor.py:161} INFO - Started process (PID=9298) to work on /opt/airflow/dags/silver_processing_dag.py
[2026-09-05T21:08:39.324+0000] {processor.py:830} INFO - Processing file /opt/airflow/dags/silver_processing_dag.py for tasks to queue
[2026-09-05T21:08:39.330+0000] {logging_mixin.py:188} INFO - [2026-09-05T21:08:39.329+0000] {dagbag.py:545} INFO - Filling up the DagBag from /opt/airflow/dags/silver_processing_dag.py
[2026-09-05T21:08:39.366+0000] {processor.py:840} INFO - DAG(s) 'process_silver_layer' retrieved from /opt/airflow/dags/silver_processing_dag.py
[2026-09-05T21:08:39.407+0000] {logging_mixin.py:188} INFO - [2026-09-05T21:08:39.406+0000] {dag.py:3096} INFO - Sync 1 DAGs
[2026-09-05T21:08:39.436+0000] {logging_mixin.py:188} INFO - [2026-09-05T21:08:39.436+0000] {dag.py:3954} INFO - Setting next_dagrun for process_silver_layer to None, run_after=None
[2026-09-05T21:08:39.493+0000] {processor.py:183} INFO - Processing /opt/airflow/dags/silver_processing_dag.py took 0.186 seconds
[2026-09-05T21:09:10.044+0000] {processor.py:161} INFO - Started process (PID=9313) to work on /opt/airflow/dags/silver_processing_dag.py
[2026-09-05T21:09:10.049+0000] {processor.py:830} INFO - Processing file /opt/airflow/dags/silver_processing_dag.py for tasks to queue
[2026-09-05T21:09:10.056+0000] {logging_mixin.py:188} INFO - [2026-09-05T21:09:10.055+0000] {dagbag.py:545} INFO - Filling up the DagBag from /opt/airflow/dags/silver_processing_dag.py
[2026-09-05T21:09:10.131+0000] {processor.py:840} INFO - DAG(s) 'process_silver_layer' retrieved from /opt/airflow/dags/silver_processing_dag.py
[2026-09-05T21:09:10.186+0000] {logging_mixin.py:188} INFO - [2026-09-05T21:09:10.186+0000] {dag.py:3096} INFO - Sync 1 DAGs
[2026-09-05T21:09:10.229+0000] {logging_mixin.py:188} INFO - [2026-09-05T21:09:10.228+0000] {dag.py:3954} INFO - Setting next_dagrun for process_silver_layer to None, run_after=None
[2026-09-05T21:09:10.306+0000] {processor.py:183} INFO - Processing /opt/airflow/dags/silver_processing_dag.py took 0.276 seconds
[2026-09-05T21:09:40.624+0000] {processor.py:161} INFO - Started process (PID=9328) to work on /opt/airflow/dags/silver_processing_dag.py
[2026-09-05T21:09:40.626+0000] {processor.py:830} INFO - Processing file /opt/airflow/dags/silver_processing_dag.py for tasks to queue
[2026-09-05T21:09:40.631+0000] {logging_mixin.py:188} INFO - [2026-09-05T21:09:40.631+0000] {dagbag.py:545} INFO - Filling up the DagBag from /opt/airflow/dags/silver_processing_dag.py
[2026-09-05T21:09:40.665+0000] {processor.py:840} INFO - DAG(s) 'process_silver_layer' retrieved from /opt/airflow/dags/silver_processing_dag.py
[2026-09-05T21:09:40.707+0000] {logging_mixin.py:188} INFO - [2026-09-05T21:09:40.706+0000] {dag.py:3096} INFO - Sync 1 DAGs
[2026-09-05T21:09:40.732+0000] {logging_mixin.py:188} INFO - [2026-09-05T21:09:40.731+0000] {dag.py:3954} INFO - Setting next_dagrun for process_silver_layer to None, run_after=None
[2026-09-05T21:09:40.771+0000] {processor.py:183} INFO - Processing /opt/airflow/dags/silver_processing_dag.py took 0.169 seconds
[2026-09-05T21:10:11.261+0000] {processor.py:161} INFO - Started process (PID=9343) to work on /opt/airflow/dags/silver_processing_dag.py
[2026-09-05T21:10:11.263+0000] {processor.py:830} INFO - Processing file /opt/airflow/dags/silver_processing_dag.py for tasks to queue
[2026-09-05T21:10:11.269+0000] {logging_mixin.py:188} INFO - [2026-09-05T21:10:11.268+0000] {dagbag.py:545} INFO - Filling up the DagBag from /opt/airflow/dags/silver_processing_dag.py
[2026-09-05T21:10:11.304+0000] {processor.py:840} INFO - DAG(s) 'process_silver_layer' retrieved from /opt/airflow/dags/silver_processing_dag.py
[2026-09-05T21:10:11.341+0000] {logging_mixin.py:188} INFO - [2026-09-05T21:10:11.341+0000] {dag.py:3096} INFO - Sync 1 DAGs
[2026-09-05T21:10:11.378+0000] {logging_mixin.py:188} INFO - [2026-09-05T21:10:11.377+0000] {dag.py:3954} INFO - Setting next_dagrun for process_silver_layer to None, run_after=None
[2026-09-05T21:10:11.419+0000] {processor.py:183} INFO - Processing /opt/airflow/dags/silver_processing_dag.py took 0.170 seconds
[2026-09-05T21:10:42.598+0000] {processor.py:161} INFO - Started process (PID=9356) to work on /opt/airflow/dags/silver_processing_dag.py
[2026-09-05T21:10:42.612+0000] {processor.py:830} INFO - Processing file /opt/airflow/dags/silver_processing_dag.py for tasks to queue
[2026-09-05T21:10:42.645+0000] {logging_mixin.py:188} INFO - [2026-09-05T21:10:42.644+0000] {dagbag.py:545} INFO - Filling up the DagBag from /opt/airflow/dags/silver_processing_dag.py
[2026-09-05T21:10:42.772+0000] {processor.py:840} INFO - DAG(s) 'process_silver_layer' retrieved from /opt/airflow/dags/silver_processing_dag.py
[2026-09-05T21:10:42.916+0000] {logging_mixin.py:188} INFO - [2026-09-05T21:10:42.916+0000] {dag.py:3096} INFO - Sync 1 DAGs
[2026-09-05T21:10:43.002+0000] {logging_mixin.py:188} INFO - [2026-09-05T21:10:43.001+0000] {dag.py:3954} INFO - Setting next_dagrun for process_silver_layer to None, run_after=None
[2026-09-05T21:10:43.117+0000] {processor.py:183} INFO - Processing /opt/airflow/dags/silver_processing_dag.py took 0.556 seconds
[2026-09-05T21:11:13.363+0000] {processor.py:161} INFO - Started process (PID=9373) to work on /opt/airflow/dags/silver_processing_dag.py
[2026-09-05T21:11:13.366+0000] {processor.py:830} INFO - Processing file /opt/airflow/dags/silver_processing_dag.py for tasks to queue
[2026-09-05T21:11:13.372+0000] {logging_mixin.py:188} INFO - [2026-09-05T21:11:13.371+0000] {dagbag.py:545} INFO - Filling up the DagBag from /opt/airflow/dags/silver_processing_dag.py
[2026-09-05T21:11:13.410+0000] {processor.py:840} INFO - DAG(s) 'process_silver_layer' retrieved from /opt/airflow/dags/silver_processing_dag.py
[2026-09-05T21:11:13.465+0000] {logging_mixin.py:188} INFO - [2026-09-05T21:11:13.464+0000] {dag.py:3096} INFO - Sync 1 DAGs
[2026-09-05T21:11:13.497+0000] {logging_mixin.py:188} INFO - [2026-09-05T21:11:13.497+0000] {dag.py:3954} INFO - Setting next_dagrun for process_silver_layer to None, run_after=None
[2026-09-05T21:11:13.567+0000] {processor.py:183} INFO - Processing /opt/airflow/dags/silver_processing_dag.py took 0.220 seconds
[2026-09-05T21:11:43.980+0000] {processor.py:161} INFO - Started process (PID=9386) to work on /opt/airflow/dags/silver_processing_dag.py
[2026-09-05T21:11:43.982+0000] {processor.py:830} INFO - Processing file /opt/airflow/dags/silver_processing_dag.py for tasks to queue
[2026-09-05T21:11:43.990+0000] {logging_mixin.py:188} INFO - [2026-09-05T21:11:43.989+0000] {dagbag.py:545} INFO - Filling up the DagBag from /opt/airflow/dags/silver_processing_dag.py
[2026-09-05T21:11:44.036+0000] {processor.py:840} INFO - DAG(s) 'process_silver_layer' retrieved from /opt/airflow/dags/silver_processing_dag.py
[2026-09-05T21:11:44.097+0000] {logging_mixin.py:188} INFO - [2026-09-05T21:11:44.097+0000] {dag.py:3096} INFO - Sync 1 DAGs
[2026-09-05T21:11:44.134+0000] {logging_mixin.py:188} INFO - [2026-09-05T21:11:44.134+0000] {dag.py:3954} INFO - Setting next_dagrun for process_silver_layer to None, run_after=None
[2026-09-05T21:11:44.176+0000] {processor.py:183} INFO - Processing /opt/airflow/dags/silver_processing_dag.py took 0.218 seconds
[2026-09-05T21:12:14.580+0000] {processor.py:161} INFO - Started process (PID=9401) to work on /opt/airflow/dags/silver_processing_dag.py
[2026-09-05T21:12:14.582+0000] {processor.py:830} INFO - Processing file /opt/airflow/dags/silver_processing_dag.py for tasks to queue
[2026-09-05T21:12:14.590+0000] {logging_mixin.py:188} INFO - [2026-09-05T21:12:14.590+0000] {dagbag.py:545} INFO - Filling up the DagBag from /opt/airflow/dags/silver_processing_dag.py
[2026-09-05T21:12:14.628+0000] {processor.py:840} INFO - DAG(s) 'process_silver_layer' retrieved from /opt/airflow/dags/silver_processing_dag.py
[2026-09-05T21:12:14.682+0000] {logging_mixin.py:188} INFO - [2026-09-05T21:12:14.681+0000] {dag.py:3096} INFO - Sync 1 DAGs
[2026-09-05T21:12:14.710+0000] {logging_mixin.py:188} INFO - [2026-09-05T21:12:14.709+0000] {dag.py:3954} INFO - Setting next_dagrun for process_silver_layer to None, run_after=None
[2026-09-05T21:12:14.754+0000] {processor.py:183} INFO - Processing /opt/airflow/dags/silver_processing_dag.py took 0.197 seconds
[2026-09-05T21:12:45.142+0000] {processor.py:161} INFO - Started process (PID=9416) to work on /opt/airflow/dags/silver_processing_dag.py
[2026-09-05T21:12:45.145+0000] {processor.py:830} INFO - Processing file /opt/airflow/dags/silver_processing_dag.py for tasks to queue
[2026-09-05T21:12:45.151+0000] {logging_mixin.py:188} INFO - [2026-09-05T21:12:45.150+0000] {dagbag.py:545} INFO - Filling up the DagBag from /opt/airflow/dags/silver_processing_dag.py
[2026-09-05T21:12:45.195+0000] {processor.py:840} INFO - DAG(s) 'process_silver_layer' retrieved from /opt/airflow/dags/silver_processing_dag.py
[2026-09-05T21:12:45.245+0000] {logging_mixin.py:188} INFO - [2026-09-05T21:12:45.244+0000] {dag.py:3096} INFO - Sync 1 DAGs
[2026-09-05T21:12:45.273+0000] {logging_mixin.py:188} INFO - [2026-09-05T21:12:45.273+0000] {dag.py:3954} INFO - Setting next_dagrun for process_silver_layer to None, run_after=None
[2026-09-05T21:12:45.339+0000] {processor.py:183} INFO - Processing /opt/airflow/dags/silver_processing_dag.py took 0.218 seconds
[2026-09-05T21:13:15.528+0000] {processor.py:161} INFO - Started process (PID=9431) to work on /opt/airflow/dags/silver_processing_dag.py
[2026-09-05T21:13:15.533+0000] {processor.py:830} INFO - Processing file /opt/airflow/dags/silver_processing_dag.py for tasks to queue
[2026-09-05T21:13:15.541+0000] {logging_mixin.py:188} INFO - [2026-09-05T21:13:15.540+0000] {dagbag.py:545} INFO - Filling up the DagBag from /opt/airflow/dags/silver_processing_dag.py
[2026-09-05T21:13:15.589+0000] {processor.py:840} INFO - DAG(s) 'process_silver_layer' retrieved from /opt/airflow/dags/silver_processing_dag.py
[2026-09-05T21:13:15.644+0000] {logging_mixin.py:188} INFO - [2026-09-05T21:13:15.643+0000] {dag.py:3096} INFO - Sync 1 DAGs
[2026-09-05T21:13:15.677+0000] {logging_mixin.py:188} INFO - [2026-09-05T21:13:15.677+0000] {dag.py:3954} INFO - Setting next_dagrun for process_silver_layer to None, run_after=None
[2026-09-05T21:13:15.722+0000] {processor.py:183} INFO - Processing /opt/airflow/dags/silver_processing_dag.py took 0.212 seconds
[2026-09-05T21:13:46.504+0000] {processor.py:161} INFO - Started process (PID=9446) to work on /opt/airflow/dags/silver_processing_dag.py
[2026-09-05T21:13:46.506+0000] {processor.py:830} INFO - Processing file /opt/airflow/dags/silver_processing_dag.py for tasks to queue
[2026-09-05T21:13:46.512+0000] {logging_mixin.py:188} INFO - [2026-09-05T21:13:46.511+0000] {dagbag.py:545} INFO - Filling up the DagBag from /opt/airflow/dags/silver_processing_dag.py
[2026-09-05T21:13:46.553+0000] {processor.py:840} INFO - DAG(s) 'process_silver_layer' retrieved from /opt/airflow/dags/silver_processing_dag.py
[2026-09-05T21:13:46.607+0000] {logging_mixin.py:188} INFO - [2026-09-05T21:13:46.606+0000] {dag.py:3096} INFO - Sync 1 DAGs
[2026-09-05T21:13:46.638+0000] {logging_mixin.py:188} INFO - [2026-09-05T21:13:46.637+0000] {dag.py:3954} INFO - Setting next_dagrun for process_silver_layer to None, run_after=None
[2026-09-05T21:13:46.678+0000] {processor.py:183} INFO - Processing /opt/airflow/dags/silver_processing_dag.py took 0.190 seconds
[2026-09-05T21:14:17.308+0000] {processor.py:161} INFO - Started process (PID=9461) to work on /opt/airflow/dags/silver_processing_dag.py
[2026-09-05T21:14:17.311+0000] {processor.py:830} INFO - Processing file /opt/airflow/dags/silver_processing_dag.py for tasks to queue
[2026-09-05T21:14:17.319+0000] {logging_mixin.py:188} INFO - [2026-09-05T21:14:17.318+0000] {dagbag.py:545} INFO - Filling up the DagBag from /opt/airflow/dags/silver_processing_dag.py
[2026-09-05T21:14:17.377+0000] {processor.py:840} INFO - DAG(s) 'process_silver_layer' retrieved from /opt/airflow/dags/silver_processing_dag.py
[2026-09-05T21:14:17.459+0000] {logging_mixin.py:188} INFO - [2026-09-05T21:14:17.458+0000] {dag.py:3096} INFO - Sync 1 DAGs
[2026-09-05T21:14:17.512+0000] {logging_mixin.py:188} INFO - [2026-09-05T21:14:17.512+0000] {dag.py:3954} INFO - Setting next_dagrun for process_silver_layer to None, run_after=None
[2026-09-05T21:14:17.552+0000] {processor.py:183} INFO - Processing /opt/airflow/dags/silver_processing_dag.py took 0.269 seconds
[2026-09-05T21:14:47.856+0000] {processor.py:161} INFO - Started process (PID=9478) to work on /opt/airflow/dags/silver_processing_dag.py
[2026-09-05T21:14:47.858+0000] {processor.py:830} INFO - Processing file /opt/airflow/dags/silver_processing_dag.py for tasks to queue
[2026-09-05T21:14:47.864+0000] {logging_mixin.py:188} INFO - [2026-09-05T21:14:47.863+0000] {dagbag.py:545} INFO - Filling up the DagBag from /opt/airflow/dags/silver_processing_dag.py
[2026-09-05T21:14:47.900+0000] {processor.py:840} INFO - DAG(s) 'process_silver_layer' retrieved from /opt/airflow/dags/silver_processing_dag.py
[2026-09-05T21:14:47.946+0000] {logging_mixin.py:188} INFO - [2026-09-05T21:14:47.946+0000] {dag.py:3096} INFO - Sync 1 DAGs
[2026-09-05T21:14:47.970+0000] {logging_mixin.py:188} INFO - [2026-09-05T21:14:47.970+0000] {dag.py:3954} INFO - Setting next_dagrun for process_silver_layer to None, run_after=None
[2026-09-05T21:14:48.012+0000] {processor.py:183} INFO - Processing /opt/airflow/dags/silver_processing_dag.py took 0.169 seconds
[2026-09-05T21:15:18.741+0000] {processor.py:161} INFO - Started process (PID=9491) to work on /opt/airflow/dags/silver_processing_dag.py
[2026-09-05T21:15:18.745+0000] {processor.py:830} INFO - Processing file /opt/airflow/dags/silver_processing_dag.py for tasks to queue
[2026-09-05T21:15:18.759+0000] {logging_mixin.py:188} INFO - [2026-09-05T21:15:18.758+0000] {dagbag.py:545} INFO - Filling up the DagBag from /opt/airflow/dags/silver_processing_dag.py
[2026-09-05T21:15:18.810+0000] {processor.py:840} INFO - DAG(s) 'process_silver_layer' retrieved from /opt/airflow/dags/silver_processing_dag.py
[2026-09-05T21:15:18.854+0000] {logging_mixin.py:188} INFO - [2026-09-05T21:15:18.854+0000] {dag.py:3096} INFO - Sync 1 DAGs
[2026-09-05T21:15:18.881+0000] {logging_mixin.py:188} INFO - [2026-09-05T21:15:18.881+0000] {dag.py:3954} INFO - Setting next_dagrun for process_silver_layer to None, run_after=None
[2026-09-05T21:15:18.923+0000] {processor.py:183} INFO - Processing /opt/airflow/dags/silver_processing_dag.py took 0.203 seconds
[2026-09-05T21:15:49.367+0000] {processor.py:161} INFO - Started process (PID=9506) to work on /opt/airflow/dags/silver_processing_dag.py
[2026-09-05T21:15:49.371+0000] {processor.py:830} INFO - Processing file /opt/airflow/dags/silver_processing_dag.py for tasks to queue
[2026-09-05T21:15:49.381+0000] {logging_mixin.py:188} INFO - [2026-09-05T21:15:49.380+0000] {dagbag.py:545} INFO - Filling up the DagBag from /opt/airflow/dags/silver_processing_dag.py
[2026-09-05T21:15:49.424+0000] {processor.py:840} INFO - DAG(s) 'process_silver_layer' retrieved from /opt/airflow/dags/silver_processing_dag.py
[2026-09-05T21:15:49.492+0000] {logging_mixin.py:188} INFO - [2026-09-05T21:15:49.492+0000] {dag.py:3096} INFO - Sync 1 DAGs
[2026-09-05T21:15:49.521+0000] {logging_mixin.py:188} INFO - [2026-09-05T21:15:49.521+0000] {dag.py:3954} INFO - Setting next_dagrun for process_silver_layer to None, run_after=None
[2026-09-05T21:15:49.567+0000] {processor.py:183} INFO - Processing /opt/airflow/dags/silver_processing_dag.py took 0.217 seconds
[2026-09-05T21:16:20.036+0000] {processor.py:161} INFO - Started process (PID=9521) to work on /opt/airflow/dags/silver_processing_dag.py
[2026-09-05T21:16:20.039+0000] {processor.py:830} INFO - Processing file /opt/airflow/dags/silver_processing_dag.py for tasks to queue
[2026-09-05T21:16:20.048+0000] {logging_mixin.py:188} INFO - [2026-09-05T21:16:20.047+0000] {dagbag.py:545} INFO - Filling up the DagBag from /opt/airflow/dags/silver_processing_dag.py
[2026-09-05T21:16:20.091+0000] {processor.py:840} INFO - DAG(s) 'process_silver_layer' retrieved from /opt/airflow/dags/silver_processing_dag.py
[2026-09-05T21:16:20.151+0000] {logging_mixin.py:188} INFO - [2026-09-05T21:16:20.151+0000] {dag.py:3096} INFO - Sync 1 DAGs
[2026-09-05T21:16:20.180+0000] {logging_mixin.py:188} INFO - [2026-09-05T21:16:20.179+0000] {dag.py:3954} INFO - Setting next_dagrun for process_silver_layer to None, run_after=None
[2026-09-05T21:16:20.217+0000] {processor.py:183} INFO - Processing /opt/airflow/dags/silver_processing_dag.py took 0.212 seconds
[2026-09-05T21:16:50.654+0000] {processor.py:161} INFO - Started process (PID=9536) to work on /opt/airflow/dags/silver_processing_dag.py
[2026-09-05T21:16:50.657+0000] {processor.py:830} INFO - Processing file /opt/airflow/dags/silver_processing_dag.py for tasks to queue
[2026-09-05T21:16:50.665+0000] {logging_mixin.py:188} INFO - [2026-09-05T21:16:50.664+0000] {dagbag.py:545} INFO - Filling up the DagBag from /opt/airflow/dags/silver_processing_dag.py
[2026-09-05T21:16:50.759+0000] {processor.py:840} INFO - DAG(s) 'process_silver_layer' retrieved from /opt/airflow/dags/silver_processing_dag.py
[2026-09-05T21:16:50.879+0000] {logging_mixin.py:188} INFO - [2026-09-05T21:16:50.878+0000] {dag.py:3096} INFO - Sync 1 DAGs
[2026-09-05T21:16:50.921+0000] {logging_mixin.py:188} INFO - [2026-09-05T21:16:50.920+0000] {dag.py:3954} INFO - Setting next_dagrun for process_silver_layer to None, run_after=None
[2026-09-05T21:16:50.993+0000] {processor.py:183} INFO - Processing /opt/airflow/dags/silver_processing_dag.py took 0.365 seconds
[2026-09-05T21:17:21.391+0000] {processor.py:161} INFO - Started process (PID=9551) to work on /opt/airflow/dags/silver_processing_dag.py
[2026-09-05T21:17:21.394+0000] {processor.py:830} INFO - Processing file /opt/airflow/dags/silver_processing_dag.py for tasks to queue
[2026-09-05T21:17:21.400+0000] {logging_mixin.py:188} INFO - [2026-09-05T21:17:21.399+0000] {dagbag.py:545} INFO - Filling up the DagBag from /opt/airflow/dags/silver_processing_dag.py
[2026-09-05T21:17:21.440+0000] {processor.py:840} INFO - DAG(s) 'process_silver_layer' retrieved from /opt/airflow/dags/silver_processing_dag.py
[2026-09-05T21:17:21.492+0000] {logging_mixin.py:188} INFO - [2026-09-05T21:17:21.491+0000] {dag.py:3096} INFO - Sync 1 DAGs
[2026-09-05T21:17:21.521+0000] {logging_mixin.py:188} INFO - [2026-09-05T21:17:21.520+0000] {dag.py:3954} INFO - Setting next_dagrun for process_silver_layer to None, run_after=None
[2026-09-05T21:17:21.565+0000] {processor.py:183} INFO - Processing /opt/airflow/dags/silver_processing_dag.py took 0.191 seconds
[2026-09-05T21:17:51.972+0000] {processor.py:161} INFO - Started process (PID=9566) to work on /opt/airflow/dags/silver_processing_dag.py
[2026-09-05T21:17:51.976+0000] {processor.py:830} INFO - Processing file /opt/airflow/dags/silver_processing_dag.py for tasks to queue
[2026-09-05T21:17:51.984+0000] {logging_mixin.py:188} INFO - [2026-09-05T21:17:51.983+0000] {dagbag.py:545} INFO - Filling up the DagBag from /opt/airflow/dags/silver_processing_dag.py
[2026-09-05T21:17:52.026+0000] {processor.py:840} INFO - DAG(s) 'process_silver_layer' retrieved from /opt/airflow/dags/silver_processing_dag.py
[2026-09-05T21:17:52.075+0000] {logging_mixin.py:188} INFO - [2026-09-05T21:17:52.075+0000] {dag.py:3096} INFO - Sync 1 DAGs
[2026-09-05T21:17:52.105+0000] {logging_mixin.py:188} INFO - [2026-09-05T21:17:52.104+0000] {dag.py:3954} INFO - Setting next_dagrun for process_silver_layer to None, run_after=None
[2026-09-05T21:17:52.156+0000] {processor.py:183} INFO - Processing /opt/airflow/dags/silver_processing_dag.py took 0.198 seconds
[2026-09-05T21:18:22.571+0000] {processor.py:161} INFO - Started process (PID=9581) to work on /opt/airflow/dags/silver_processing_dag.py
[2026-09-05T21:18:22.574+0000] {processor.py:830} INFO - Processing file /opt/airflow/dags/silver_processing_dag.py for tasks to queue
[2026-09-05T21:18:22.580+0000] {logging_mixin.py:188} INFO - [2026-09-05T21:18:22.580+0000] {dagbag.py:545} INFO - Filling up the DagBag from /opt/airflow/dags/silver_processing_dag.py
[2026-09-05T21:18:22.622+0000] {processor.py:840} INFO - DAG(s) 'process_silver_layer' retrieved from /opt/airflow/dags/silver_processing_dag.py
[2026-09-05T21:18:22.676+0000] {logging_mixin.py:188} INFO - [2026-09-05T21:18:22.675+0000] {dag.py:3096} INFO - Sync 1 DAGs
[2026-09-05T21:18:22.710+0000] {logging_mixin.py:188} INFO - [2026-09-05T21:18:22.709+0000] {dag.py:3954} INFO - Setting next_dagrun for process_silver_layer to None, run_after=None
[2026-09-05T21:18:22.750+0000] {processor.py:183} INFO - Processing /opt/airflow/dags/silver_processing_dag.py took 0.194 seconds
[2026-09-05T21:18:53.124+0000] {processor.py:161} INFO - Started process (PID=9596) to work on /opt/airflow/dags/silver_processing_dag.py
[2026-09-05T21:18:53.127+0000] {processor.py:830} INFO - Processing file /opt/airflow/dags/silver_processing_dag.py for tasks to queue
[2026-09-05T21:18:53.135+0000] {logging_mixin.py:188} INFO - [2026-09-05T21:18:53.134+0000] {dagbag.py:545} INFO - Filling up the DagBag from /opt/airflow/dags/silver_processing_dag.py
[2026-09-05T21:18:53.173+0000] {processor.py:840} INFO - DAG(s) 'process_silver_layer' retrieved from /opt/airflow/dags/silver_processing_dag.py
[2026-09-05T21:18:53.229+0000] {logging_mixin.py:188} INFO - [2026-09-05T21:18:53.228+0000] {dag.py:3096} INFO - Sync 1 DAGs
[2026-09-05T21:18:53.265+0000] {logging_mixin.py:188} INFO - [2026-09-05T21:18:53.264+0000] {dag.py:3954} INFO - Setting next_dagrun for process_silver_layer to None, run_after=None
[2026-09-05T21:18:53.315+0000] {processor.py:183} INFO - Processing /opt/airflow/dags/silver_processing_dag.py took 0.210 seconds
[2026-09-05T21:19:23.696+0000] {processor.py:161} INFO - Started process (PID=9611) to work on /opt/airflow/dags/silver_processing_dag.py
[2026-09-05T21:19:23.699+0000] {processor.py:830} INFO - Processing file /opt/airflow/dags/silver_processing_dag.py for tasks to queue
[2026-09-05T21:19:23.707+0000] {logging_mixin.py:188} INFO - [2026-09-05T21:19:23.706+0000] {dagbag.py:545} INFO - Filling up the DagBag from /opt/airflow/dags/silver_processing_dag.py
[2026-09-05T21:19:23.749+0000] {processor.py:840} INFO - DAG(s) 'process_silver_layer' retrieved from /opt/airflow/dags/silver_processing_dag.py
[2026-09-05T21:19:23.811+0000] {logging_mixin.py:188} INFO - [2026-09-05T21:19:23.810+0000] {dag.py:3096} INFO - Sync 1 DAGs
[2026-09-05T21:19:23.848+0000] {logging_mixin.py:188} INFO - [2026-09-05T21:19:23.848+0000] {dag.py:3954} INFO - Setting next_dagrun for process_silver_layer to None, run_after=None
[2026-09-05T21:19:23.890+0000] {processor.py:183} INFO - Processing /opt/airflow/dags/silver_processing_dag.py took 0.210 seconds
[2026-09-05T21:19:54.352+0000] {processor.py:161} INFO - Started process (PID=9626) to work on /opt/airflow/dags/silver_processing_dag.py
[2026-09-05T21:19:54.355+0000] {processor.py:830} INFO - Processing file /opt/airflow/dags/silver_processing_dag.py for tasks to queue
[2026-09-05T21:19:54.361+0000] {logging_mixin.py:188} INFO - [2026-09-05T21:19:54.360+0000] {dagbag.py:545} INFO - Filling up the DagBag from /opt/airflow/dags/silver_processing_dag.py
[2026-09-05T21:19:54.406+0000] {processor.py:840} INFO - DAG(s) 'process_silver_layer' retrieved from /opt/airflow/dags/silver_processing_dag.py
[2026-09-05T21:19:54.488+0000] {logging_mixin.py:188} INFO - [2026-09-05T21:19:54.487+0000] {dag.py:3096} INFO - Sync 1 DAGs
[2026-09-05T21:19:54.529+0000] {logging_mixin.py:188} INFO - [2026-09-05T21:19:54.529+0000] {dag.py:3954} INFO - Setting next_dagrun for process_silver_layer to None, run_after=None
[2026-09-05T21:19:54.587+0000] {processor.py:183} INFO - Processing /opt/airflow/dags/silver_processing_dag.py took 0.252 seconds
[2026-09-05T21:20:25.043+0000] {processor.py:161} INFO - Started process (PID=9641) to work on /opt/airflow/dags/silver_processing_dag.py
[2026-09-05T21:20:25.046+0000] {processor.py:830} INFO - Processing file /opt/airflow/dags/silver_processing_dag.py for tasks to queue
[2026-09-05T21:20:25.052+0000] {logging_mixin.py:188} INFO - [2026-09-05T21:20:25.051+0000] {dagbag.py:545} INFO - Filling up the DagBag from /opt/airflow/dags/silver_processing_dag.py
[2026-09-05T21:20:25.100+0000] {processor.py:840} INFO - DAG(s) 'process_silver_layer' retrieved from /opt/airflow/dags/silver_processing_dag.py
[2026-09-05T21:20:25.143+0000] {logging_mixin.py:188} INFO - [2026-09-05T21:20:25.143+0000] {dag.py:3096} INFO - Sync 1 DAGs
[2026-09-05T21:20:25.171+0000] {logging_mixin.py:188} INFO - [2026-09-05T21:20:25.171+0000] {dag.py:3954} INFO - Setting next_dagrun for process_silver_layer to None, run_after=None
[2026-09-05T21:20:25.214+0000] {processor.py:183} INFO - Processing /opt/airflow/dags/silver_processing_dag.py took 0.188 seconds
[2026-09-05T21:20:55.600+0000] {processor.py:161} INFO - Started process (PID=9656) to work on /opt/airflow/dags/silver_processing_dag.py
[2026-09-05T21:20:55.603+0000] {processor.py:830} INFO - Processing file /opt/airflow/dags/silver_processing_dag.py for tasks to queue
[2026-09-05T21:20:55.612+0000] {logging_mixin.py:188} INFO - [2026-09-05T21:20:55.610+0000] {dagbag.py:545} INFO - Filling up the DagBag from /opt/airflow/dags/silver_processing_dag.py
[2026-09-05T21:20:55.658+0000] {processor.py:840} INFO - DAG(s) 'process_silver_layer' retrieved from /opt/airflow/dags/silver_processing_dag.py
[2026-09-05T21:20:55.717+0000] {logging_mixin.py:188} INFO - [2026-09-05T21:20:55.717+0000] {dag.py:3096} INFO - Sync 1 DAGs
[2026-09-05T21:20:55.761+0000] {logging_mixin.py:188} INFO - [2026-09-05T21:20:55.761+0000] {dag.py:3954} INFO - Setting next_dagrun for process_silver_layer to None, run_after=None
[2026-09-05T21:20:55.827+0000] {processor.py:183} INFO - Processing /opt/airflow/dags/silver_processing_dag.py took 0.247 seconds
[2026-09-05T21:21:26.226+0000] {processor.py:161} INFO - Started process (PID=9671) to work on /opt/airflow/dags/silver_processing_dag.py
[2026-09-05T21:21:26.234+0000] {processor.py:830} INFO - Processing file /opt/airflow/dags/silver_processing_dag.py for tasks to queue
[2026-09-05T21:21:26.241+0000] {logging_mixin.py:188} INFO - [2026-09-05T21:21:26.240+0000] {dagbag.py:545} INFO - Filling up the DagBag from /opt/airflow/dags/silver_processing_dag.py
[2026-09-05T21:21:26.291+0000] {processor.py:840} INFO - DAG(s) 'process_silver_layer' retrieved from /opt/airflow/dags/silver_processing_dag.py
[2026-09-05T21:21:26.348+0000] {logging_mixin.py:188} INFO - [2026-09-05T21:21:26.347+0000] {dag.py:3096} INFO - Sync 1 DAGs
[2026-09-05T21:21:26.390+0000] {logging_mixin.py:188} INFO - [2026-09-05T21:21:26.390+0000] {dag.py:3954} INFO - Setting next_dagrun for process_silver_layer to None, run_after=None
[2026-09-05T21:21:26.442+0000] {processor.py:183} INFO - Processing /opt/airflow/dags/silver_processing_dag.py took 0.234 seconds
[2026-09-05T21:21:56.990+0000] {processor.py:161} INFO - Started process (PID=9686) to work on /opt/airflow/dags/silver_processing_dag.py
[2026-09-05T21:21:57.005+0000] {processor.py:830} INFO - Processing file /opt/airflow/dags/silver_processing_dag.py for tasks to queue
[2026-09-05T21:21:57.036+0000] {logging_mixin.py:188} INFO - [2026-09-05T21:21:57.027+0000] {dagbag.py:545} INFO - Filling up the DagBag from /opt/airflow/dags/silver_processing_dag.py
[2026-09-05T21:21:57.148+0000] {processor.py:840} INFO - DAG(s) 'process_silver_layer' retrieved from /opt/airflow/dags/silver_processing_dag.py
[2026-09-05T21:21:57.228+0000] {logging_mixin.py:188} INFO - [2026-09-05T21:21:57.227+0000] {dag.py:3096} INFO - Sync 1 DAGs
[2026-09-05T21:21:57.281+0000] {logging_mixin.py:188} INFO - [2026-09-05T21:21:57.281+0000] {dag.py:3954} INFO - Setting next_dagrun for process_silver_layer to None, run_after=None
[2026-09-05T21:21:57.357+0000] {processor.py:183} INFO - Processing /opt/airflow/dags/silver_processing_dag.py took 0.396 seconds
[2026-09-05T21:22:27.665+0000] {processor.py:161} INFO - Started process (PID=9701) to work on /opt/airflow/dags/silver_processing_dag.py
[2026-09-05T21:22:27.669+0000] {processor.py:830} INFO - Processing file /opt/airflow/dags/silver_processing_dag.py for tasks to queue
[2026-09-05T21:22:27.676+0000] {logging_mixin.py:188} INFO - [2026-09-05T21:22:27.675+0000] {dagbag.py:545} INFO - Filling up the DagBag from /opt/airflow/dags/silver_processing_dag.py
[2026-09-05T21:22:27.718+0000] {processor.py:840} INFO - DAG(s) 'process_silver_layer' retrieved from /opt/airflow/dags/silver_processing_dag.py
[2026-09-05T21:22:27.780+0000] {logging_mixin.py:188} INFO - [2026-09-05T21:22:27.778+0000] {dag.py:3096} INFO - Sync 1 DAGs
[2026-09-05T21:22:27.811+0000] {logging_mixin.py:188} INFO - [2026-09-05T21:22:27.811+0000] {dag.py:3954} INFO - Setting next_dagrun for process_silver_layer to None, run_after=None
[2026-09-05T21:22:27.864+0000] {processor.py:183} INFO - Processing /opt/airflow/dags/silver_processing_dag.py took 0.217 seconds
[2026-09-05T21:22:58.318+0000] {processor.py:161} INFO - Started process (PID=9716) to work on /opt/airflow/dags/silver_processing_dag.py
[2026-09-05T21:22:58.321+0000] {processor.py:830} INFO - Processing file /opt/airflow/dags/silver_processing_dag.py for tasks to queue
[2026-09-05T21:22:58.329+0000] {logging_mixin.py:188} INFO - [2026-09-05T21:22:58.327+0000] {dagbag.py:545} INFO - Filling up the DagBag from /opt/airflow/dags/silver_processing_dag.py
[2026-09-05T21:22:58.377+0000] {processor.py:840} INFO - DAG(s) 'process_silver_layer' retrieved from /opt/airflow/dags/silver_processing_dag.py
[2026-09-05T21:22:58.431+0000] {logging_mixin.py:188} INFO - [2026-09-05T21:22:58.431+0000] {dag.py:3096} INFO - Sync 1 DAGs
[2026-09-05T21:22:58.472+0000] {logging_mixin.py:188} INFO - [2026-09-05T21:22:58.472+0000] {dag.py:3954} INFO - Setting next_dagrun for process_silver_layer to None, run_after=None
[2026-09-05T21:22:58.518+0000] {processor.py:183} INFO - Processing /opt/airflow/dags/silver_processing_dag.py took 0.217 seconds
[2026-09-05T21:23:28.772+0000] {processor.py:161} INFO - Started process (PID=9731) to work on /opt/airflow/dags/silver_processing_dag.py
[2026-09-05T21:23:28.780+0000] {processor.py:830} INFO - Processing file /opt/airflow/dags/silver_processing_dag.py for tasks to queue
[2026-09-05T21:23:28.787+0000] {logging_mixin.py:188} INFO - [2026-09-05T21:23:28.786+0000] {dagbag.py:545} INFO - Filling up the DagBag from /opt/airflow/dags/silver_processing_dag.py
[2026-09-05T21:23:28.863+0000] {processor.py:840} INFO - DAG(s) 'process_silver_layer' retrieved from /opt/airflow/dags/silver_processing_dag.py
[2026-09-05T21:23:28.957+0000] {logging_mixin.py:188} INFO - [2026-09-05T21:23:28.956+0000] {dag.py:3096} INFO - Sync 1 DAGs
[2026-09-05T21:23:29.004+0000] {logging_mixin.py:188} INFO - [2026-09-05T21:23:29.004+0000] {dag.py:3954} INFO - Setting next_dagrun for process_silver_layer to None, run_after=None
[2026-09-05T21:23:29.089+0000] {processor.py:183} INFO - Processing /opt/airflow/dags/silver_processing_dag.py took 0.349 seconds
[2026-09-05T21:23:59.495+0000] {processor.py:161} INFO - Started process (PID=9746) to work on /opt/airflow/dags/silver_processing_dag.py
[2026-09-05T21:23:59.498+0000] {processor.py:830} INFO - Processing file /opt/airflow/dags/silver_processing_dag.py for tasks to queue
[2026-09-05T21:23:59.504+0000] {logging_mixin.py:188} INFO - [2026-09-05T21:23:59.504+0000] {dagbag.py:545} INFO - Filling up the DagBag from /opt/airflow/dags/silver_processing_dag.py
[2026-09-05T21:23:59.570+0000] {processor.py:840} INFO - DAG(s) 'process_silver_layer' retrieved from /opt/airflow/dags/silver_processing_dag.py
[2026-09-05T21:23:59.641+0000] {logging_mixin.py:188} INFO - [2026-09-05T21:23:59.641+0000] {dag.py:3096} INFO - Sync 1 DAGs
[2026-09-05T21:23:59.683+0000] {logging_mixin.py:188} INFO - [2026-09-05T21:23:59.682+0000] {dag.py:3954} INFO - Setting next_dagrun for process_silver_layer to None, run_after=None
[2026-09-05T21:23:59.749+0000] {processor.py:183} INFO - Processing /opt/airflow/dags/silver_processing_dag.py took 0.281 seconds
[2026-09-05T21:24:30.150+0000] {processor.py:161} INFO - Started process (PID=9761) to work on /opt/airflow/dags/silver_processing_dag.py
[2026-09-05T21:24:30.153+0000] {processor.py:830} INFO - Processing file /opt/airflow/dags/silver_processing_dag.py for tasks to queue
[2026-09-05T21:24:30.158+0000] {logging_mixin.py:188} INFO - [2026-09-05T21:24:30.158+0000] {dagbag.py:545} INFO - Filling up the DagBag from /opt/airflow/dags/silver_processing_dag.py
[2026-09-05T21:24:30.203+0000] {processor.py:840} INFO - DAG(s) 'process_silver_layer' retrieved from /opt/airflow/dags/silver_processing_dag.py
[2026-09-05T21:24:30.264+0000] {logging_mixin.py:188} INFO - [2026-09-05T21:24:30.263+0000] {dag.py:3096} INFO - Sync 1 DAGs
[2026-09-05T21:24:30.307+0000] {logging_mixin.py:188} INFO - [2026-09-05T21:24:30.307+0000] {dag.py:3954} INFO - Setting next_dagrun for process_silver_layer to None, run_after=None
[2026-09-05T21:24:30.394+0000] {processor.py:183} INFO - Processing /opt/airflow/dags/silver_processing_dag.py took 0.261 seconds
[2026-09-05T21:25:00.777+0000] {processor.py:161} INFO - Started process (PID=9776) to work on /opt/airflow/dags/silver_processing_dag.py
[2026-09-05T21:25:00.783+0000] {processor.py:830} INFO - Processing file /opt/airflow/dags/silver_processing_dag.py for tasks to queue
[2026-09-05T21:25:00.791+0000] {logging_mixin.py:188} INFO - [2026-09-05T21:25:00.790+0000] {dagbag.py:545} INFO - Filling up the DagBag from /opt/airflow/dags/silver_processing_dag.py
[2026-09-05T21:25:00.835+0000] {processor.py:840} INFO - DAG(s) 'process_silver_layer' retrieved from /opt/airflow/dags/silver_processing_dag.py
[2026-09-05T21:25:00.914+0000] {logging_mixin.py:188} INFO - [2026-09-05T21:25:00.913+0000] {dag.py:3096} INFO - Sync 1 DAGs
[2026-09-05T21:25:00.954+0000] {logging_mixin.py:188} INFO - [2026-09-05T21:25:00.954+0000] {dag.py:3954} INFO - Setting next_dagrun for process_silver_layer to None, run_after=None
[2026-09-05T21:25:01.010+0000] {processor.py:183} INFO - Processing /opt/airflow/dags/silver_processing_dag.py took 0.255 seconds
[2026-09-05T21:25:31.435+0000] {processor.py:161} INFO - Started process (PID=9791) to work on /opt/airflow/dags/silver_processing_dag.py
[2026-09-05T21:25:31.438+0000] {processor.py:830} INFO - Processing file /opt/airflow/dags/silver_processing_dag.py for tasks to queue
[2026-09-05T21:25:31.447+0000] {logging_mixin.py:188} INFO - [2026-09-05T21:25:31.446+0000] {dagbag.py:545} INFO - Filling up the DagBag from /opt/airflow/dags/silver_processing_dag.py
[2026-09-05T21:25:31.488+0000] {processor.py:840} INFO - DAG(s) 'process_silver_layer' retrieved from /opt/airflow/dags/silver_processing_dag.py
[2026-09-05T21:25:31.539+0000] {logging_mixin.py:188} INFO - [2026-09-05T21:25:31.538+0000] {dag.py:3096} INFO - Sync 1 DAGs
[2026-09-05T21:25:31.568+0000] {logging_mixin.py:188} INFO - [2026-09-05T21:25:31.567+0000] {dag.py:3954} INFO - Setting next_dagrun for process_silver_layer to None, run_after=None
[2026-09-05T21:25:31.609+0000] {processor.py:183} INFO - Processing /opt/airflow/dags/silver_processing_dag.py took 0.190 seconds
[2026-09-05T21:26:02.010+0000] {processor.py:161} INFO - Started process (PID=9806) to work on /opt/airflow/dags/silver_processing_dag.py
[2026-09-05T21:26:02.013+0000] {processor.py:830} INFO - Processing file /opt/airflow/dags/silver_processing_dag.py for tasks to queue
[2026-09-05T21:26:02.019+0000] {logging_mixin.py:188} INFO - [2026-09-05T21:26:02.018+0000] {dagbag.py:545} INFO - Filling up the DagBag from /opt/airflow/dags/silver_processing_dag.py
[2026-09-05T21:26:02.086+0000] {processor.py:840} INFO - DAG(s) 'process_silver_layer' retrieved from /opt/airflow/dags/silver_processing_dag.py
[2026-09-05T21:26:02.139+0000] {logging_mixin.py:188} INFO - [2026-09-05T21:26:02.138+0000] {dag.py:3096} INFO - Sync 1 DAGs
[2026-09-05T21:26:02.172+0000] {logging_mixin.py:188} INFO - [2026-09-05T21:26:02.171+0000] {dag.py:3954} INFO - Setting next_dagrun for process_silver_layer to None, run_after=None
[2026-09-05T21:26:02.216+0000] {processor.py:183} INFO - Processing /opt/airflow/dags/silver_processing_dag.py took 0.224 seconds
[2026-09-05T21:26:32.613+0000] {processor.py:161} INFO - Started process (PID=9821) to work on /opt/airflow/dags/silver_processing_dag.py
[2026-09-05T21:26:32.618+0000] {processor.py:830} INFO - Processing file /opt/airflow/dags/silver_processing_dag.py for tasks to queue
[2026-09-05T21:26:32.628+0000] {logging_mixin.py:188} INFO - [2026-09-05T21:26:32.627+0000] {dagbag.py:545} INFO - Filling up the DagBag from /opt/airflow/dags/silver_processing_dag.py
[2026-09-05T21:26:32.677+0000] {processor.py:840} INFO - DAG(s) 'process_silver_layer' retrieved from /opt/airflow/dags/silver_processing_dag.py
[2026-09-05T21:26:32.733+0000] {logging_mixin.py:188} INFO - [2026-09-05T21:26:32.732+0000] {dag.py:3096} INFO - Sync 1 DAGs
[2026-09-05T21:26:32.763+0000] {logging_mixin.py:188} INFO - [2026-09-05T21:26:32.763+0000] {dag.py:3954} INFO - Setting next_dagrun for process_silver_layer to None, run_after=None
[2026-09-05T21:26:32.814+0000] {processor.py:183} INFO - Processing /opt/airflow/dags/silver_processing_dag.py took 0.219 seconds
[2026-09-05T21:27:03.244+0000] {processor.py:161} INFO - Started process (PID=9836) to work on /opt/airflow/dags/silver_processing_dag.py
[2026-09-05T21:27:03.248+0000] {processor.py:830} INFO - Processing file /opt/airflow/dags/silver_processing_dag.py for tasks to queue
[2026-09-05T21:27:03.254+0000] {logging_mixin.py:188} INFO - [2026-09-05T21:27:03.253+0000] {dagbag.py:545} INFO - Filling up the DagBag from /opt/airflow/dags/silver_processing_dag.py
[2026-09-05T21:27:03.301+0000] {processor.py:840} INFO - DAG(s) 'process_silver_layer' retrieved from /opt/airflow/dags/silver_processing_dag.py
[2026-09-05T21:27:03.357+0000] {logging_mixin.py:188} INFO - [2026-09-05T21:27:03.356+0000] {dag.py:3096} INFO - Sync 1 DAGs
[2026-09-05T21:27:03.389+0000] {logging_mixin.py:188} INFO - [2026-09-05T21:27:03.388+0000] {dag.py:3954} INFO - Setting next_dagrun for process_silver_layer to None, run_after=None
[2026-09-05T21:27:03.437+0000] {processor.py:183} INFO - Processing /opt/airflow/dags/silver_processing_dag.py took 0.212 seconds
[2026-09-05T21:27:33.838+0000] {processor.py:161} INFO - Started process (PID=9851) to work on /opt/airflow/dags/silver_processing_dag.py
[2026-09-05T21:27:33.841+0000] {processor.py:830} INFO - Processing file /opt/airflow/dags/silver_processing_dag.py for tasks to queue
[2026-09-05T21:27:33.847+0000] {logging_mixin.py:188} INFO - [2026-09-05T21:27:33.846+0000] {dagbag.py:545} INFO - Filling up the DagBag from /opt/airflow/dags/silver_processing_dag.py
[2026-09-05T21:27:33.892+0000] {processor.py:840} INFO - DAG(s) 'process_silver_layer' retrieved from /opt/airflow/dags/silver_processing_dag.py
[2026-09-05T21:27:33.939+0000] {logging_mixin.py:188} INFO - [2026-09-05T21:27:33.938+0000] {dag.py:3096} INFO - Sync 1 DAGs
[2026-09-05T21:27:33.976+0000] {logging_mixin.py:188} INFO - [2026-09-05T21:27:33.975+0000] {dag.py:3954} INFO - Setting next_dagrun for process_silver_layer to None, run_after=None
[2026-09-05T21:27:34.014+0000] {processor.py:183} INFO - Processing /opt/airflow/dags/silver_processing_dag.py took 0.195 seconds
[2026-09-05T21:28:04.431+0000] {processor.py:161} INFO - Started process (PID=9866) to work on /opt/airflow/dags/silver_processing_dag.py
[2026-09-05T21:28:04.434+0000] {processor.py:830} INFO - Processing file /opt/airflow/dags/silver_processing_dag.py for tasks to queue
[2026-09-05T21:28:04.444+0000] {logging_mixin.py:188} INFO - [2026-09-05T21:28:04.443+0000] {dagbag.py:545} INFO - Filling up the DagBag from /opt/airflow/dags/silver_processing_dag.py
[2026-09-05T21:28:04.493+0000] {processor.py:840} INFO - DAG(s) 'process_silver_layer' retrieved from /opt/airflow/dags/silver_processing_dag.py
[2026-09-05T21:28:04.549+0000] {logging_mixin.py:188} INFO - [2026-09-05T21:28:04.549+0000] {dag.py:3096} INFO - Sync 1 DAGs
[2026-09-05T21:28:04.577+0000] {logging_mixin.py:188} INFO - [2026-09-05T21:28:04.576+0000] {dag.py:3954} INFO - Setting next_dagrun for process_silver_layer to None, run_after=None
[2026-09-05T21:28:04.629+0000] {processor.py:183} INFO - Processing /opt/airflow/dags/silver_processing_dag.py took 0.221 seconds
[2026-09-05T21:28:35.021+0000] {processor.py:161} INFO - Started process (PID=9881) to work on /opt/airflow/dags/silver_processing_dag.py
[2026-09-05T21:28:35.028+0000] {processor.py:830} INFO - Processing file /opt/airflow/dags/silver_processing_dag.py for tasks to queue
[2026-09-05T21:28:35.034+0000] {logging_mixin.py:188} INFO - [2026-09-05T21:28:35.033+0000] {dagbag.py:545} INFO - Filling up the DagBag from /opt/airflow/dags/silver_processing_dag.py
[2026-09-05T21:28:35.072+0000] {processor.py:840} INFO - DAG(s) 'process_silver_layer' retrieved from /opt/airflow/dags/silver_processing_dag.py
[2026-09-05T21:28:35.125+0000] {logging_mixin.py:188} INFO - [2026-09-05T21:28:35.124+0000] {dag.py:3096} INFO - Sync 1 DAGs
[2026-09-05T21:28:35.160+0000] {logging_mixin.py:188} INFO - [2026-09-05T21:28:35.159+0000] {dag.py:3954} INFO - Setting next_dagrun for process_silver_layer to None, run_after=None
[2026-09-05T21:28:35.204+0000] {processor.py:183} INFO - Processing /opt/airflow/dags/silver_processing_dag.py took 0.204 seconds
[2026-09-05T21:29:05.592+0000] {processor.py:161} INFO - Started process (PID=9896) to work on /opt/airflow/dags/silver_processing_dag.py
[2026-09-05T21:29:05.595+0000] {processor.py:830} INFO - Processing file /opt/airflow/dags/silver_processing_dag.py for tasks to queue
[2026-09-05T21:29:05.603+0000] {logging_mixin.py:188} INFO - [2026-09-05T21:29:05.602+0000] {dagbag.py:545} INFO - Filling up the DagBag from /opt/airflow/dags/silver_processing_dag.py
[2026-09-05T21:29:05.641+0000] {processor.py:840} INFO - DAG(s) 'process_silver_layer' retrieved from /opt/airflow/dags/silver_processing_dag.py
[2026-09-05T21:29:05.691+0000] {logging_mixin.py:188} INFO - [2026-09-05T21:29:05.691+0000] {dag.py:3096} INFO - Sync 1 DAGs
[2026-09-05T21:29:05.716+0000] {logging_mixin.py:188} INFO - [2026-09-05T21:29:05.716+0000] {dag.py:3954} INFO - Setting next_dagrun for process_silver_layer to None, run_after=None
[2026-09-05T21:29:05.761+0000] {processor.py:183} INFO - Processing /opt/airflow/dags/silver_processing_dag.py took 0.185 seconds
[2026-09-05T21:29:36.232+0000] {processor.py:161} INFO - Started process (PID=9911) to work on /opt/airflow/dags/silver_processing_dag.py
[2026-09-05T21:29:36.237+0000] {processor.py:830} INFO - Processing file /opt/airflow/dags/silver_processing_dag.py for tasks to queue
[2026-09-05T21:29:36.248+0000] {logging_mixin.py:188} INFO - [2026-09-05T21:29:36.247+0000] {dagbag.py:545} INFO - Filling up the DagBag from /opt/airflow/dags/silver_processing_dag.py
[2026-09-05T21:29:36.290+0000] {processor.py:840} INFO - DAG(s) 'process_silver_layer' retrieved from /opt/airflow/dags/silver_processing_dag.py
[2026-09-05T21:29:36.338+0000] {logging_mixin.py:188} INFO - [2026-09-05T21:29:36.337+0000] {dag.py:3096} INFO - Sync 1 DAGs
[2026-09-05T21:29:36.367+0000] {logging_mixin.py:188} INFO - [2026-09-05T21:29:36.367+0000] {dag.py:3954} INFO - Setting next_dagrun for process_silver_layer to None, run_after=None
[2026-09-05T21:29:36.410+0000] {processor.py:183} INFO - Processing /opt/airflow/dags/silver_processing_dag.py took 0.201 seconds
[2026-09-05T21:30:06.791+0000] {processor.py:161} INFO - Started process (PID=9926) to work on /opt/airflow/dags/silver_processing_dag.py
[2026-09-05T21:30:06.795+0000] {processor.py:830} INFO - Processing file /opt/airflow/dags/silver_processing_dag.py for tasks to queue
[2026-09-05T21:30:06.801+0000] {logging_mixin.py:188} INFO - [2026-09-05T21:30:06.800+0000] {dagbag.py:545} INFO - Filling up the DagBag from /opt/airflow/dags/silver_processing_dag.py
[2026-09-05T21:30:06.848+0000] {processor.py:840} INFO - DAG(s) 'process_silver_layer' retrieved from /opt/airflow/dags/silver_processing_dag.py
[2026-09-05T21:30:06.924+0000] {logging_mixin.py:188} INFO - [2026-09-05T21:30:06.924+0000] {dag.py:3096} INFO - Sync 1 DAGs
[2026-09-05T21:30:06.966+0000] {logging_mixin.py:188} INFO - [2026-09-05T21:30:06.966+0000] {dag.py:3954} INFO - Setting next_dagrun for process_silver_layer to None, run_after=None
[2026-09-05T21:30:07.010+0000] {processor.py:183} INFO - Processing /opt/airflow/dags/silver_processing_dag.py took 0.243 seconds
[2026-09-05T21:30:37.688+0000] {processor.py:161} INFO - Started process (PID=9941) to work on /opt/airflow/dags/silver_processing_dag.py
[2026-09-05T21:30:37.691+0000] {processor.py:830} INFO - Processing file /opt/airflow/dags/silver_processing_dag.py for tasks to queue
[2026-09-05T21:30:37.697+0000] {logging_mixin.py:188} INFO - [2026-09-05T21:30:37.696+0000] {dagbag.py:545} INFO - Filling up the DagBag from /opt/airflow/dags/silver_processing_dag.py
[2026-09-05T21:30:37.748+0000] {processor.py:840} INFO - DAG(s) 'process_silver_layer' retrieved from /opt/airflow/dags/silver_processing_dag.py
[2026-09-05T21:30:37.823+0000] {logging_mixin.py:188} INFO - [2026-09-05T21:30:37.822+0000] {dag.py:3096} INFO - Sync 1 DAGs
[2026-09-05T21:30:37.867+0000] {logging_mixin.py:188} INFO - [2026-09-05T21:30:37.867+0000] {dag.py:3954} INFO - Setting next_dagrun for process_silver_layer to None, run_after=None
[2026-09-05T21:30:37.917+0000] {processor.py:183} INFO - Processing /opt/airflow/dags/silver_processing_dag.py took 0.244 seconds
[2026-09-05T21:31:08.313+0000] {processor.py:161} INFO - Started process (PID=9956) to work on /opt/airflow/dags/silver_processing_dag.py
[2026-09-05T21:31:08.316+0000] {processor.py:830} INFO - Processing file /opt/airflow/dags/silver_processing_dag.py for tasks to queue
[2026-09-05T21:31:08.324+0000] {logging_mixin.py:188} INFO - [2026-09-05T21:31:08.324+0000] {dagbag.py:545} INFO - Filling up the DagBag from /opt/airflow/dags/silver_processing_dag.py
[2026-09-05T21:31:08.368+0000] {processor.py:840} INFO - DAG(s) 'process_silver_layer' retrieved from /opt/airflow/dags/silver_processing_dag.py
[2026-09-05T21:31:08.425+0000] {logging_mixin.py:188} INFO - [2026-09-05T21:31:08.425+0000] {dag.py:3096} INFO - Sync 1 DAGs
[2026-09-05T21:31:08.459+0000] {logging_mixin.py:188} INFO - [2026-09-05T21:31:08.458+0000] {dag.py:3954} INFO - Setting next_dagrun for process_silver_layer to None, run_after=None
[2026-09-05T21:31:08.502+0000] {processor.py:183} INFO - Processing /opt/airflow/dags/silver_processing_dag.py took 0.207 seconds
[2026-09-05T21:31:38.943+0000] {processor.py:161} INFO - Started process (PID=9971) to work on /opt/airflow/dags/silver_processing_dag.py
[2026-09-05T21:31:38.946+0000] {processor.py:830} INFO - Processing file /opt/airflow/dags/silver_processing_dag.py for tasks to queue
[2026-09-05T21:31:38.954+0000] {logging_mixin.py:188} INFO - [2026-09-05T21:31:38.953+0000] {dagbag.py:545} INFO - Filling up the DagBag from /opt/airflow/dags/silver_processing_dag.py
[2026-09-05T21:31:39.001+0000] {processor.py:840} INFO - DAG(s) 'process_silver_layer' retrieved from /opt/airflow/dags/silver_processing_dag.py
[2026-09-05T21:31:39.064+0000] {logging_mixin.py:188} INFO - [2026-09-05T21:31:39.064+0000] {dag.py:3096} INFO - Sync 1 DAGs
[2026-09-05T21:31:39.094+0000] {logging_mixin.py:188} INFO - [2026-09-05T21:31:39.093+0000] {dag.py:3954} INFO - Setting next_dagrun for process_silver_layer to None, run_after=None
[2026-09-05T21:31:39.131+0000] {processor.py:183} INFO - Processing /opt/airflow/dags/silver_processing_dag.py took 0.206 seconds
[2026-09-05T21:32:09.514+0000] {processor.py:161} INFO - Started process (PID=9986) to work on /opt/airflow/dags/silver_processing_dag.py
[2026-09-05T21:32:09.517+0000] {processor.py:830} INFO - Processing file /opt/airflow/dags/silver_processing_dag.py for tasks to queue
[2026-09-05T21:32:09.526+0000] {logging_mixin.py:188} INFO - [2026-09-05T21:32:09.525+0000] {dagbag.py:545} INFO - Filling up the DagBag from /opt/airflow/dags/silver_processing_dag.py
[2026-09-05T21:32:09.567+0000] {processor.py:840} INFO - DAG(s) 'process_silver_layer' retrieved from /opt/airflow/dags/silver_processing_dag.py
[2026-09-05T21:32:09.621+0000] {logging_mixin.py:188} INFO - [2026-09-05T21:32:09.620+0000] {dag.py:3096} INFO - Sync 1 DAGs
[2026-09-05T21:32:09.651+0000] {logging_mixin.py:188} INFO - [2026-09-05T21:32:09.651+0000] {dag.py:3954} INFO - Setting next_dagrun for process_silver_layer to None, run_after=None
[2026-09-05T21:32:09.695+0000] {processor.py:183} INFO - Processing /opt/airflow/dags/silver_processing_dag.py took 0.198 seconds
[2026-09-05T21:32:40.193+0000] {processor.py:161} INFO - Started process (PID=10001) to work on /opt/airflow/dags/silver_processing_dag.py
[2026-09-05T21:32:40.196+0000] {processor.py:830} INFO - Processing file /opt/airflow/dags/silver_processing_dag.py for tasks to queue
[2026-09-05T21:32:40.201+0000] {logging_mixin.py:188} INFO - [2026-09-05T21:32:40.200+0000] {dagbag.py:545} INFO - Filling up the DagBag from /opt/airflow/dags/silver_processing_dag.py
[2026-09-05T21:32:40.240+0000] {processor.py:840} INFO - DAG(s) 'process_silver_layer' retrieved from /opt/airflow/dags/silver_processing_dag.py
[2026-09-05T21:32:40.305+0000] {logging_mixin.py:188} INFO - [2026-09-05T21:32:40.304+0000] {dag.py:3096} INFO - Sync 1 DAGs
[2026-09-05T21:32:40.345+0000] {logging_mixin.py:188} INFO - [2026-09-05T21:32:40.344+0000] {dag.py:3954} INFO - Setting next_dagrun for process_silver_layer to None, run_after=None
[2026-09-05T21:32:40.393+0000] {processor.py:183} INFO - Processing /opt/airflow/dags/silver_processing_dag.py took 0.221 seconds
[2026-09-05T21:33:10.809+0000] {processor.py:161} INFO - Started process (PID=10016) to work on /opt/airflow/dags/silver_processing_dag.py
[2026-09-05T21:33:10.815+0000] {processor.py:830} INFO - Processing file /opt/airflow/dags/silver_processing_dag.py for tasks to queue
[2026-09-05T21:33:10.823+0000] {logging_mixin.py:188} INFO - [2026-09-05T21:33:10.822+0000] {dagbag.py:545} INFO - Filling up the DagBag from /opt/airflow/dags/silver_processing_dag.py
[2026-09-05T21:33:10.930+0000] {processor.py:840} INFO - DAG(s) 'process_silver_layer' retrieved from /opt/airflow/dags/silver_processing_dag.py
[2026-09-05T21:33:11.051+0000] {logging_mixin.py:188} INFO - [2026-09-05T21:33:11.048+0000] {dag.py:3096} INFO - Sync 1 DAGs
[2026-09-05T21:33:11.090+0000] {logging_mixin.py:188} INFO - [2026-09-05T21:33:11.089+0000] {dag.py:3954} INFO - Setting next_dagrun for process_silver_layer to None, run_after=None
[2026-09-05T21:33:11.129+0000] {processor.py:183} INFO - Processing /opt/airflow/dags/silver_processing_dag.py took 0.348 seconds
[2026-09-05T21:33:41.501+0000] {processor.py:161} INFO - Started process (PID=10031) to work on /opt/airflow/dags/silver_processing_dag.py
[2026-09-05T21:33:41.504+0000] {processor.py:830} INFO - Processing file /opt/airflow/dags/silver_processing_dag.py for tasks to queue
[2026-09-05T21:33:41.510+0000] {logging_mixin.py:188} INFO - [2026-09-05T21:33:41.509+0000] {dagbag.py:545} INFO - Filling up the DagBag from /opt/airflow/dags/silver_processing_dag.py
[2026-09-05T21:33:41.602+0000] {processor.py:840} INFO - DAG(s) 'process_silver_layer' retrieved from /opt/airflow/dags/silver_processing_dag.py
[2026-09-05T21:33:41.686+0000] {logging_mixin.py:188} INFO - [2026-09-05T21:33:41.686+0000] {dag.py:3096} INFO - Sync 1 DAGs
[2026-09-05T21:33:41.746+0000] {logging_mixin.py:188} INFO - [2026-09-05T21:33:41.746+0000] {dag.py:3954} INFO - Setting next_dagrun for process_silver_layer to None, run_after=None
[2026-09-05T21:33:41.809+0000] {processor.py:183} INFO - Processing /opt/airflow/dags/silver_processing_dag.py took 0.325 seconds
[2026-09-05T21:34:12.212+0000] {processor.py:161} INFO - Started process (PID=10046) to work on /opt/airflow/dags/silver_processing_dag.py
[2026-09-05T21:34:12.215+0000] {processor.py:830} INFO - Processing file /opt/airflow/dags/silver_processing_dag.py for tasks to queue
[2026-09-05T21:34:12.224+0000] {logging_mixin.py:188} INFO - [2026-09-05T21:34:12.223+0000] {dagbag.py:545} INFO - Filling up the DagBag from /opt/airflow/dags/silver_processing_dag.py
[2026-09-05T21:34:12.272+0000] {processor.py:840} INFO - DAG(s) 'process_silver_layer' retrieved from /opt/airflow/dags/silver_processing_dag.py
[2026-09-05T21:34:12.329+0000] {logging_mixin.py:188} INFO - [2026-09-05T21:34:12.328+0000] {dag.py:3096} INFO - Sync 1 DAGs
[2026-09-05T21:34:12.364+0000] {logging_mixin.py:188} INFO - [2026-09-05T21:34:12.364+0000] {dag.py:3954} INFO - Setting next_dagrun for process_silver_layer to None, run_after=None
[2026-09-05T21:34:12.417+0000] {processor.py:183} INFO - Processing /opt/airflow/dags/silver_processing_dag.py took 0.223 seconds
[2026-09-05T21:34:42.824+0000] {processor.py:161} INFO - Started process (PID=10061) to work on /opt/airflow/dags/silver_processing_dag.py
[2026-09-05T21:34:42.827+0000] {processor.py:830} INFO - Processing file /opt/airflow/dags/silver_processing_dag.py for tasks to queue
[2026-09-05T21:34:42.835+0000] {logging_mixin.py:188} INFO - [2026-09-05T21:34:42.834+0000] {dagbag.py:545} INFO - Filling up the DagBag from /opt/airflow/dags/silver_processing_dag.py
[2026-09-05T21:34:42.873+0000] {processor.py:840} INFO - DAG(s) 'process_silver_layer' retrieved from /opt/airflow/dags/silver_processing_dag.py
[2026-09-05T21:34:42.927+0000] {logging_mixin.py:188} INFO - [2026-09-05T21:34:42.926+0000] {dag.py:3096} INFO - Sync 1 DAGs
[2026-09-05T21:34:42.966+0000] {logging_mixin.py:188} INFO - [2026-09-05T21:34:42.965+0000] {dag.py:3954} INFO - Setting next_dagrun for process_silver_layer to None, run_after=None
[2026-09-05T21:34:43.008+0000] {processor.py:183} INFO - Processing /opt/airflow/dags/silver_processing_dag.py took 0.201 seconds
[2026-09-05T21:35:13.558+0000] {processor.py:161} INFO - Started process (PID=10076) to work on /opt/airflow/dags/silver_processing_dag.py
[2026-09-05T21:35:13.561+0000] {processor.py:830} INFO - Processing file /opt/airflow/dags/silver_processing_dag.py for tasks to queue
[2026-09-05T21:35:13.567+0000] {logging_mixin.py:188} INFO - [2026-09-05T21:35:13.566+0000] {dagbag.py:545} INFO - Filling up the DagBag from /opt/airflow/dags/silver_processing_dag.py
[2026-09-05T21:35:13.610+0000] {processor.py:840} INFO - DAG(s) 'process_silver_layer' retrieved from /opt/airflow/dags/silver_processing_dag.py
[2026-09-05T21:35:13.664+0000] {logging_mixin.py:188} INFO - [2026-09-05T21:35:13.663+0000] {dag.py:3096} INFO - Sync 1 DAGs
[2026-09-05T21:35:13.692+0000] {logging_mixin.py:188} INFO - [2026-09-05T21:35:13.691+0000] {dag.py:3954} INFO - Setting next_dagrun for process_silver_layer to None, run_after=None
[2026-09-05T21:35:13.736+0000] {processor.py:183} INFO - Processing /opt/airflow/dags/silver_processing_dag.py took 0.194 seconds
[2026-09-05T21:35:44.176+0000] {processor.py:161} INFO - Started process (PID=10091) to work on /opt/airflow/dags/silver_processing_dag.py
[2026-09-05T21:35:44.179+0000] {processor.py:830} INFO - Processing file /opt/airflow/dags/silver_processing_dag.py for tasks to queue
[2026-09-05T21:35:44.186+0000] {logging_mixin.py:188} INFO - [2026-09-05T21:35:44.185+0000] {dagbag.py:545} INFO - Filling up the DagBag from /opt/airflow/dags/silver_processing_dag.py
[2026-09-05T21:35:44.243+0000] {processor.py:840} INFO - DAG(s) 'process_silver_layer' retrieved from /opt/airflow/dags/silver_processing_dag.py
[2026-09-05T21:35:44.345+0000] {logging_mixin.py:188} INFO - [2026-09-05T21:35:44.345+0000] {dag.py:3096} INFO - Sync 1 DAGs
[2026-09-05T21:35:44.400+0000] {logging_mixin.py:188} INFO - [2026-09-05T21:35:44.399+0000] {dag.py:3954} INFO - Setting next_dagrun for process_silver_layer to None, run_after=None
[2026-09-05T21:35:44.460+0000] {processor.py:183} INFO - Processing /opt/airflow/dags/silver_processing_dag.py took 0.304 seconds
[2026-09-05T21:36:14.901+0000] {processor.py:161} INFO - Started process (PID=10106) to work on /opt/airflow/dags/silver_processing_dag.py
[2026-09-05T21:36:14.905+0000] {processor.py:830} INFO - Processing file /opt/airflow/dags/silver_processing_dag.py for tasks to queue
[2026-09-05T21:36:14.911+0000] {logging_mixin.py:188} INFO - [2026-09-05T21:36:14.911+0000] {dagbag.py:545} INFO - Filling up the DagBag from /opt/airflow/dags/silver_processing_dag.py
[2026-09-05T21:36:14.954+0000] {processor.py:840} INFO - DAG(s) 'process_silver_layer' retrieved from /opt/airflow/dags/silver_processing_dag.py
[2026-09-05T21:36:15.019+0000] {logging_mixin.py:188} INFO - [2026-09-05T21:36:15.018+0000] {dag.py:3096} INFO - Sync 1 DAGs
[2026-09-05T21:36:15.061+0000] {logging_mixin.py:188} INFO - [2026-09-05T21:36:15.060+0000] {dag.py:3954} INFO - Setting next_dagrun for process_silver_layer to None, run_after=None
[2026-09-05T21:36:15.106+0000] {processor.py:183} INFO - Processing /opt/airflow/dags/silver_processing_dag.py took 0.225 seconds
[2026-09-05T21:36:45.510+0000] {processor.py:161} INFO - Started process (PID=10121) to work on /opt/airflow/dags/silver_processing_dag.py
[2026-09-05T21:36:45.513+0000] {processor.py:830} INFO - Processing file /opt/airflow/dags/silver_processing_dag.py for tasks to queue
[2026-09-05T21:36:45.519+0000] {logging_mixin.py:188} INFO - [2026-09-05T21:36:45.518+0000] {dagbag.py:545} INFO - Filling up the DagBag from /opt/airflow/dags/silver_processing_dag.py
[2026-09-05T21:36:45.559+0000] {processor.py:840} INFO - DAG(s) 'process_silver_layer' retrieved from /opt/airflow/dags/silver_processing_dag.py
[2026-09-05T21:36:45.614+0000] {logging_mixin.py:188} INFO - [2026-09-05T21:36:45.613+0000] {dag.py:3096} INFO - Sync 1 DAGs
[2026-09-05T21:36:45.641+0000] {logging_mixin.py:188} INFO - [2026-09-05T21:36:45.641+0000] {dag.py:3954} INFO - Setting next_dagrun for process_silver_layer to None, run_after=None
[2026-09-05T21:36:45.696+0000] {processor.py:183} INFO - Processing /opt/airflow/dags/silver_processing_dag.py took 0.206 seconds
[2026-09-05T21:37:16.117+0000] {processor.py:161} INFO - Started process (PID=10136) to work on /opt/airflow/dags/silver_processing_dag.py
[2026-09-05T21:37:16.120+0000] {processor.py:830} INFO - Processing file /opt/airflow/dags/silver_processing_dag.py for tasks to queue
[2026-09-05T21:37:16.128+0000] {logging_mixin.py:188} INFO - [2026-09-05T21:37:16.127+0000] {dagbag.py:545} INFO - Filling up the DagBag from /opt/airflow/dags/silver_processing_dag.py
[2026-09-05T21:37:16.167+0000] {processor.py:840} INFO - DAG(s) 'process_silver_layer' retrieved from /opt/airflow/dags/silver_processing_dag.py
[2026-09-05T21:37:16.220+0000] {logging_mixin.py:188} INFO - [2026-09-05T21:37:16.219+0000] {dag.py:3096} INFO - Sync 1 DAGs
[2026-09-05T21:37:16.250+0000] {logging_mixin.py:188} INFO - [2026-09-05T21:37:16.249+0000] {dag.py:3954} INFO - Setting next_dagrun for process_silver_layer to None, run_after=None
[2026-09-05T21:37:16.304+0000] {processor.py:183} INFO - Processing /opt/airflow/dags/silver_processing_dag.py took 0.208 seconds
[2026-09-05T21:37:46.684+0000] {processor.py:161} INFO - Started process (PID=10151) to work on /opt/airflow/dags/silver_processing_dag.py
[2026-09-05T21:37:46.687+0000] {processor.py:830} INFO - Processing file /opt/airflow/dags/silver_processing_dag.py for tasks to queue
[2026-09-05T21:37:46.696+0000] {logging_mixin.py:188} INFO - [2026-09-05T21:37:46.695+0000] {dagbag.py:545} INFO - Filling up the DagBag from /opt/airflow/dags/silver_processing_dag.py
[2026-09-05T21:37:46.738+0000] {processor.py:840} INFO - DAG(s) 'process_silver_layer' retrieved from /opt/airflow/dags/silver_processing_dag.py
[2026-09-05T21:37:46.794+0000] {logging_mixin.py:188} INFO - [2026-09-05T21:37:46.793+0000] {dag.py:3096} INFO - Sync 1 DAGs
[2026-09-05T21:37:46.833+0000] {logging_mixin.py:188} INFO - [2026-09-05T21:37:46.833+0000] {dag.py:3954} INFO - Setting next_dagrun for process_silver_layer to None, run_after=None
[2026-09-05T21:37:46.876+0000] {processor.py:183} INFO - Processing /opt/airflow/dags/silver_processing_dag.py took 0.209 seconds
[2026-09-05T21:38:17.282+0000] {processor.py:161} INFO - Started process (PID=10166) to work on /opt/airflow/dags/silver_processing_dag.py
[2026-09-05T21:38:17.285+0000] {processor.py:830} INFO - Processing file /opt/airflow/dags/silver_processing_dag.py for tasks to queue
[2026-09-05T21:38:17.293+0000] {logging_mixin.py:188} INFO - [2026-09-05T21:38:17.291+0000] {dagbag.py:545} INFO - Filling up the DagBag from /opt/airflow/dags/silver_processing_dag.py
[2026-09-05T21:38:17.348+0000] {processor.py:840} INFO - DAG(s) 'process_silver_layer' retrieved from /opt/airflow/dags/silver_processing_dag.py
[2026-09-05T21:38:17.416+0000] {logging_mixin.py:188} INFO - [2026-09-05T21:38:17.415+0000] {dag.py:3096} INFO - Sync 1 DAGs
[2026-09-05T21:38:17.505+0000] {logging_mixin.py:188} INFO - [2026-09-05T21:38:17.504+0000] {dag.py:3954} INFO - Setting next_dagrun for process_silver_layer to None, run_after=None
[2026-09-05T21:38:17.570+0000] {processor.py:183} INFO - Processing /opt/airflow/dags/silver_processing_dag.py took 0.308 seconds
[2026-09-05T21:38:47.981+0000] {processor.py:161} INFO - Started process (PID=10181) to work on /opt/airflow/dags/silver_processing_dag.py
[2026-09-05T21:38:47.984+0000] {processor.py:830} INFO - Processing file /opt/airflow/dags/silver_processing_dag.py for tasks to queue
[2026-09-05T21:38:47.991+0000] {logging_mixin.py:188} INFO - [2026-09-05T21:38:47.991+0000] {dagbag.py:545} INFO - Filling up the DagBag from /opt/airflow/dags/silver_processing_dag.py
[2026-09-05T21:38:48.032+0000] {processor.py:840} INFO - DAG(s) 'process_silver_layer' retrieved from /opt/airflow/dags/silver_processing_dag.py
[2026-09-05T21:38:48.080+0000] {logging_mixin.py:188} INFO - [2026-09-05T21:38:48.080+0000] {dag.py:3096} INFO - Sync 1 DAGs
[2026-09-05T21:38:48.114+0000] {logging_mixin.py:188} INFO - [2026-09-05T21:38:48.113+0000] {dag.py:3954} INFO - Setting next_dagrun for process_silver_layer to None, run_after=None
[2026-09-05T21:38:48.156+0000] {processor.py:183} INFO - Processing /opt/airflow/dags/silver_processing_dag.py took 0.192 seconds
[2026-09-05T21:39:18.529+0000] {processor.py:161} INFO - Started process (PID=10196) to work on /opt/airflow/dags/silver_processing_dag.py
[2026-09-05T21:39:18.532+0000] {processor.py:830} INFO - Processing file /opt/airflow/dags/silver_processing_dag.py for tasks to queue
[2026-09-05T21:39:18.538+0000] {logging_mixin.py:188} INFO - [2026-09-05T21:39:18.537+0000] {dagbag.py:545} INFO - Filling up the DagBag from /opt/airflow/dags/silver_processing_dag.py
[2026-09-05T21:39:18.581+0000] {processor.py:840} INFO - DAG(s) 'process_silver_layer' retrieved from /opt/airflow/dags/silver_processing_dag.py
[2026-09-05T21:39:18.681+0000] {logging_mixin.py:188} INFO - [2026-09-05T21:39:18.681+0000] {dag.py:3096} INFO - Sync 1 DAGs
[2026-09-05T21:39:18.731+0000] {logging_mixin.py:188} INFO - [2026-09-05T21:39:18.730+0000] {dag.py:3954} INFO - Setting next_dagrun for process_silver_layer to None, run_after=None
[2026-09-05T21:39:18.786+0000] {processor.py:183} INFO - Processing /opt/airflow/dags/silver_processing_dag.py took 0.274 seconds
[2026-09-05T21:39:49.192+0000] {processor.py:161} INFO - Started process (PID=10211) to work on /opt/airflow/dags/silver_processing_dag.py
[2026-09-05T21:39:49.196+0000] {processor.py:830} INFO - Processing file /opt/airflow/dags/silver_processing_dag.py for tasks to queue
[2026-09-05T21:39:49.203+0000] {logging_mixin.py:188} INFO - [2026-09-05T21:39:49.202+0000] {dagbag.py:545} INFO - Filling up the DagBag from /opt/airflow/dags/silver_processing_dag.py
[2026-09-05T21:39:49.250+0000] {processor.py:840} INFO - DAG(s) 'process_silver_layer' retrieved from /opt/airflow/dags/silver_processing_dag.py
[2026-09-05T21:39:49.314+0000] {logging_mixin.py:188} INFO - [2026-09-05T21:39:49.313+0000] {dag.py:3096} INFO - Sync 1 DAGs
[2026-09-05T21:39:49.348+0000] {logging_mixin.py:188} INFO - [2026-09-05T21:39:49.348+0000] {dag.py:3954} INFO - Setting next_dagrun for process_silver_layer to None, run_after=None
[2026-09-05T21:39:49.390+0000] {processor.py:183} INFO - Processing /opt/airflow/dags/silver_processing_dag.py took 0.220 seconds
[2026-09-05T21:40:19.991+0000] {processor.py:161} INFO - Started process (PID=10226) to work on /opt/airflow/dags/silver_processing_dag.py
[2026-09-05T21:40:19.994+0000] {processor.py:830} INFO - Processing file /opt/airflow/dags/silver_processing_dag.py for tasks to queue
[2026-09-05T21:40:20.006+0000] {logging_mixin.py:188} INFO - [2026-09-05T21:40:20.005+0000] {dagbag.py:545} INFO - Filling up the DagBag from /opt/airflow/dags/silver_processing_dag.py
[2026-09-05T21:40:20.049+0000] {processor.py:840} INFO - DAG(s) 'process_silver_layer' retrieved from /opt/airflow/dags/silver_processing_dag.py
[2026-09-05T21:40:20.094+0000] {logging_mixin.py:188} INFO - [2026-09-05T21:40:20.094+0000] {dag.py:3096} INFO - Sync 1 DAGs
[2026-09-05T21:40:20.129+0000] {logging_mixin.py:188} INFO - [2026-09-05T21:40:20.128+0000] {dag.py:3954} INFO - Setting next_dagrun for process_silver_layer to None, run_after=None
[2026-09-05T21:40:20.174+0000] {processor.py:183} INFO - Processing /opt/airflow/dags/silver_processing_dag.py took 0.219 seconds
[2026-09-05T21:40:50.606+0000] {processor.py:161} INFO - Started process (PID=10241) to work on /opt/airflow/dags/silver_processing_dag.py
[2026-09-05T21:40:50.610+0000] {processor.py:830} INFO - Processing file /opt/airflow/dags/silver_processing_dag.py for tasks to queue
[2026-09-05T21:40:50.621+0000] {logging_mixin.py:188} INFO - [2026-09-05T21:40:50.618+0000] {dagbag.py:545} INFO - Filling up the DagBag from /opt/airflow/dags/silver_processing_dag.py
[2026-09-05T21:40:50.688+0000] {processor.py:840} INFO - DAG(s) 'process_silver_layer' retrieved from /opt/airflow/dags/silver_processing_dag.py
[2026-09-05T21:40:50.770+0000] {logging_mixin.py:188} INFO - [2026-09-05T21:40:50.769+0000] {dag.py:3096} INFO - Sync 1 DAGs
[2026-09-05T21:40:50.850+0000] {logging_mixin.py:188} INFO - [2026-09-05T21:40:50.850+0000] {dag.py:3954} INFO - Setting next_dagrun for process_silver_layer to None, run_after=None
[2026-09-05T21:40:50.962+0000] {processor.py:183} INFO - Processing /opt/airflow/dags/silver_processing_dag.py took 0.383 seconds
[2026-09-05T21:41:21.387+0000] {processor.py:161} INFO - Started process (PID=10256) to work on /opt/airflow/dags/silver_processing_dag.py
[2026-09-05T21:41:21.390+0000] {processor.py:830} INFO - Processing file /opt/airflow/dags/silver_processing_dag.py for tasks to queue
[2026-09-05T21:41:21.396+0000] {logging_mixin.py:188} INFO - [2026-09-05T21:41:21.395+0000] {dagbag.py:545} INFO - Filling up the DagBag from /opt/airflow/dags/silver_processing_dag.py
[2026-09-05T21:41:21.439+0000] {processor.py:840} INFO - DAG(s) 'process_silver_layer' retrieved from /opt/airflow/dags/silver_processing_dag.py
[2026-09-05T21:41:21.490+0000] {logging_mixin.py:188} INFO - [2026-09-05T21:41:21.489+0000] {dag.py:3096} INFO - Sync 1 DAGs
[2026-09-05T21:41:21.522+0000] {logging_mixin.py:188} INFO - [2026-09-05T21:41:21.521+0000] {dag.py:3954} INFO - Setting next_dagrun for process_silver_layer to None, run_after=None
[2026-09-05T21:41:21.587+0000] {processor.py:183} INFO - Processing /opt/airflow/dags/silver_processing_dag.py took 0.219 seconds
[2026-09-05T21:41:52.000+0000] {processor.py:161} INFO - Started process (PID=10271) to work on /opt/airflow/dags/silver_processing_dag.py
[2026-09-05T21:41:52.008+0000] {processor.py:830} INFO - Processing file /opt/airflow/dags/silver_processing_dag.py for tasks to queue
[2026-09-05T21:41:52.026+0000] {logging_mixin.py:188} INFO - [2026-09-05T21:41:52.021+0000] {dagbag.py:545} INFO - Filling up the DagBag from /opt/airflow/dags/silver_processing_dag.py
[2026-09-05T21:41:52.100+0000] {processor.py:840} INFO - DAG(s) 'process_silver_layer' retrieved from /opt/airflow/dags/silver_processing_dag.py
[2026-09-05T21:41:52.179+0000] {logging_mixin.py:188} INFO - [2026-09-05T21:41:52.178+0000] {dag.py:3096} INFO - Sync 1 DAGs
[2026-09-05T21:41:52.219+0000] {logging_mixin.py:188} INFO - [2026-09-05T21:41:52.219+0000] {dag.py:3954} INFO - Setting next_dagrun for process_silver_layer to None, run_after=None
[2026-09-05T21:41:52.299+0000] {processor.py:183} INFO - Processing /opt/airflow/dags/silver_processing_dag.py took 0.327 seconds
[2026-09-05T21:42:22.700+0000] {processor.py:161} INFO - Started process (PID=10286) to work on /opt/airflow/dags/silver_processing_dag.py
[2026-09-05T21:42:22.703+0000] {processor.py:830} INFO - Processing file /opt/airflow/dags/silver_processing_dag.py for tasks to queue
[2026-09-05T21:42:22.710+0000] {logging_mixin.py:188} INFO - [2026-09-05T21:42:22.709+0000] {dagbag.py:545} INFO - Filling up the DagBag from /opt/airflow/dags/silver_processing_dag.py
[2026-09-05T21:42:22.756+0000] {processor.py:840} INFO - DAG(s) 'process_silver_layer' retrieved from /opt/airflow/dags/silver_processing_dag.py
[2026-09-05T21:42:22.806+0000] {logging_mixin.py:188} INFO - [2026-09-05T21:42:22.805+0000] {dag.py:3096} INFO - Sync 1 DAGs
[2026-09-05T21:42:22.842+0000] {logging_mixin.py:188} INFO - [2026-09-05T21:42:22.842+0000] {dag.py:3954} INFO - Setting next_dagrun for process_silver_layer to None, run_after=None
[2026-09-05T21:42:22.884+0000] {processor.py:183} INFO - Processing /opt/airflow/dags/silver_processing_dag.py took 0.200 seconds
[2026-09-05T21:42:53.324+0000] {processor.py:161} INFO - Started process (PID=10301) to work on /opt/airflow/dags/silver_processing_dag.py
[2026-09-05T21:42:53.327+0000] {processor.py:830} INFO - Processing file /opt/airflow/dags/silver_processing_dag.py for tasks to queue
[2026-09-05T21:42:53.340+0000] {logging_mixin.py:188} INFO - [2026-09-05T21:42:53.339+0000] {dagbag.py:545} INFO - Filling up the DagBag from /opt/airflow/dags/silver_processing_dag.py
[2026-09-05T21:42:53.383+0000] {processor.py:840} INFO - DAG(s) 'process_silver_layer' retrieved from /opt/airflow/dags/silver_processing_dag.py
[2026-09-05T21:42:53.442+0000] {logging_mixin.py:188} INFO - [2026-09-05T21:42:53.442+0000] {dag.py:3096} INFO - Sync 1 DAGs
[2026-09-05T21:42:53.473+0000] {logging_mixin.py:188} INFO - [2026-09-05T21:42:53.473+0000] {dag.py:3954} INFO - Setting next_dagrun for process_silver_layer to None, run_after=None
[2026-09-05T21:42:53.516+0000] {processor.py:183} INFO - Processing /opt/airflow/dags/silver_processing_dag.py took 0.209 seconds
[2026-09-05T21:43:23.910+0000] {processor.py:161} INFO - Started process (PID=10316) to work on /opt/airflow/dags/silver_processing_dag.py
[2026-09-05T21:43:23.914+0000] {processor.py:830} INFO - Processing file /opt/airflow/dags/silver_processing_dag.py for tasks to queue
[2026-09-05T21:43:23.921+0000] {logging_mixin.py:188} INFO - [2026-09-05T21:43:23.920+0000] {dagbag.py:545} INFO - Filling up the DagBag from /opt/airflow/dags/silver_processing_dag.py
[2026-09-05T21:43:23.967+0000] {processor.py:840} INFO - DAG(s) 'process_silver_layer' retrieved from /opt/airflow/dags/silver_processing_dag.py
[2026-09-05T21:43:24.075+0000] {logging_mixin.py:188} INFO - [2026-09-05T21:43:24.064+0000] {dag.py:3096} INFO - Sync 1 DAGs
[2026-09-05T21:43:24.120+0000] {logging_mixin.py:188} INFO - [2026-09-05T21:43:24.120+0000] {dag.py:3954} INFO - Setting next_dagrun for process_silver_layer to None, run_after=None
[2026-09-05T21:43:24.161+0000] {processor.py:183} INFO - Processing /opt/airflow/dags/silver_processing_dag.py took 0.268 seconds
[2026-09-05T21:43:54.582+0000] {processor.py:161} INFO - Started process (PID=10331) to work on /opt/airflow/dags/silver_processing_dag.py
[2026-09-05T21:43:54.587+0000] {processor.py:830} INFO - Processing file /opt/airflow/dags/silver_processing_dag.py for tasks to queue
[2026-09-05T21:43:54.593+0000] {logging_mixin.py:188} INFO - [2026-09-05T21:43:54.592+0000] {dagbag.py:545} INFO - Filling up the DagBag from /opt/airflow/dags/silver_processing_dag.py
[2026-09-05T21:43:54.635+0000] {processor.py:840} INFO - DAG(s) 'process_silver_layer' retrieved from /opt/airflow/dags/silver_processing_dag.py
[2026-09-05T21:43:54.692+0000] {logging_mixin.py:188} INFO - [2026-09-05T21:43:54.691+0000] {dag.py:3096} INFO - Sync 1 DAGs
[2026-09-05T21:43:54.724+0000] {logging_mixin.py:188} INFO - [2026-09-05T21:43:54.724+0000] {dag.py:3954} INFO - Setting next_dagrun for process_silver_layer to None, run_after=None
[2026-09-05T21:43:54.769+0000] {processor.py:183} INFO - Processing /opt/airflow/dags/silver_processing_dag.py took 0.207 seconds
[2026-09-05T21:44:25.168+0000] {processor.py:161} INFO - Started process (PID=10346) to work on /opt/airflow/dags/silver_processing_dag.py
[2026-09-05T21:44:25.171+0000] {processor.py:830} INFO - Processing file /opt/airflow/dags/silver_processing_dag.py for tasks to queue
[2026-09-05T21:44:25.177+0000] {logging_mixin.py:188} INFO - [2026-09-05T21:44:25.176+0000] {dagbag.py:545} INFO - Filling up the DagBag from /opt/airflow/dags/silver_processing_dag.py
[2026-09-05T21:44:25.216+0000] {processor.py:840} INFO - DAG(s) 'process_silver_layer' retrieved from /opt/airflow/dags/silver_processing_dag.py
[2026-09-05T21:44:25.267+0000] {logging_mixin.py:188} INFO - [2026-09-05T21:44:25.266+0000] {dag.py:3096} INFO - Sync 1 DAGs
[2026-09-05T21:44:25.300+0000] {logging_mixin.py:188} INFO - [2026-09-05T21:44:25.300+0000] {dag.py:3954} INFO - Setting next_dagrun for process_silver_layer to None, run_after=None
[2026-09-05T21:44:25.352+0000] {processor.py:183} INFO - Processing /opt/airflow/dags/silver_processing_dag.py took 0.201 seconds
[2026-09-05T21:44:55.750+0000] {processor.py:161} INFO - Started process (PID=10361) to work on /opt/airflow/dags/silver_processing_dag.py
[2026-09-05T21:44:55.753+0000] {processor.py:830} INFO - Processing file /opt/airflow/dags/silver_processing_dag.py for tasks to queue
[2026-09-05T21:44:55.759+0000] {logging_mixin.py:188} INFO - [2026-09-05T21:44:55.758+0000] {dagbag.py:545} INFO - Filling up the DagBag from /opt/airflow/dags/silver_processing_dag.py
[2026-09-05T21:44:55.809+0000] {processor.py:840} INFO - DAG(s) 'process_silver_layer' retrieved from /opt/airflow/dags/silver_processing_dag.py
[2026-09-05T21:44:55.874+0000] {logging_mixin.py:188} INFO - [2026-09-05T21:44:55.873+0000] {dag.py:3096} INFO - Sync 1 DAGs
[2026-09-05T21:44:55.906+0000] {logging_mixin.py:188} INFO - [2026-09-05T21:44:55.906+0000] {dag.py:3954} INFO - Setting next_dagrun for process_silver_layer to None, run_after=None
[2026-09-05T21:44:55.948+0000] {processor.py:183} INFO - Processing /opt/airflow/dags/silver_processing_dag.py took 0.222 seconds
[2026-09-05T21:45:26.444+0000] {processor.py:161} INFO - Started process (PID=10376) to work on /opt/airflow/dags/silver_processing_dag.py
[2026-09-05T21:45:26.447+0000] {processor.py:830} INFO - Processing file /opt/airflow/dags/silver_processing_dag.py for tasks to queue
[2026-09-05T21:45:26.455+0000] {logging_mixin.py:188} INFO - [2026-09-05T21:45:26.454+0000] {dagbag.py:545} INFO - Filling up the DagBag from /opt/airflow/dags/silver_processing_dag.py
[2026-09-05T21:45:26.506+0000] {processor.py:840} INFO - DAG(s) 'process_silver_layer' retrieved from /opt/airflow/dags/silver_processing_dag.py
[2026-09-05T21:45:26.555+0000] {logging_mixin.py:188} INFO - [2026-09-05T21:45:26.554+0000] {dag.py:3096} INFO - Sync 1 DAGs
[2026-09-05T21:45:26.582+0000] {logging_mixin.py:188} INFO - [2026-09-05T21:45:26.582+0000] {dag.py:3954} INFO - Setting next_dagrun for process_silver_layer to None, run_after=None
[2026-09-05T21:45:26.628+0000] {processor.py:183} INFO - Processing /opt/airflow/dags/silver_processing_dag.py took 0.206 seconds
[2026-09-05T21:45:57.009+0000] {processor.py:161} INFO - Started process (PID=10391) to work on /opt/airflow/dags/silver_processing_dag.py
[2026-09-05T21:45:57.012+0000] {processor.py:830} INFO - Processing file /opt/airflow/dags/silver_processing_dag.py for tasks to queue
[2026-09-05T21:45:57.020+0000] {logging_mixin.py:188} INFO - [2026-09-05T21:45:57.019+0000] {dagbag.py:545} INFO - Filling up the DagBag from /opt/airflow/dags/silver_processing_dag.py
[2026-09-05T21:45:57.064+0000] {processor.py:840} INFO - DAG(s) 'process_silver_layer' retrieved from /opt/airflow/dags/silver_processing_dag.py
[2026-09-05T21:45:57.111+0000] {logging_mixin.py:188} INFO - [2026-09-05T21:45:57.111+0000] {dag.py:3096} INFO - Sync 1 DAGs
[2026-09-05T21:45:57.142+0000] {logging_mixin.py:188} INFO - [2026-09-05T21:45:57.142+0000] {dag.py:3954} INFO - Setting next_dagrun for process_silver_layer to None, run_after=None
[2026-09-05T21:45:57.189+0000] {processor.py:183} INFO - Processing /opt/airflow/dags/silver_processing_dag.py took 0.198 seconds
[2026-09-05T21:46:27.586+0000] {processor.py:161} INFO - Started process (PID=10406) to work on /opt/airflow/dags/silver_processing_dag.py
[2026-09-05T21:46:27.591+0000] {processor.py:830} INFO - Processing file /opt/airflow/dags/silver_processing_dag.py for tasks to queue
[2026-09-05T21:46:27.600+0000] {logging_mixin.py:188} INFO - [2026-09-05T21:46:27.598+0000] {dagbag.py:545} INFO - Filling up the DagBag from /opt/airflow/dags/silver_processing_dag.py
[2026-09-05T21:46:27.648+0000] {processor.py:840} INFO - DAG(s) 'process_silver_layer' retrieved from /opt/airflow/dags/silver_processing_dag.py
[2026-09-05T21:46:27.701+0000] {logging_mixin.py:188} INFO - [2026-09-05T21:46:27.700+0000] {dag.py:3096} INFO - Sync 1 DAGs
[2026-09-05T21:46:27.735+0000] {logging_mixin.py:188} INFO - [2026-09-05T21:46:27.735+0000] {dag.py:3954} INFO - Setting next_dagrun for process_silver_layer to None, run_after=None
[2026-09-05T21:46:27.789+0000] {processor.py:183} INFO - Processing /opt/airflow/dags/silver_processing_dag.py took 0.235 seconds
[2026-09-05T21:46:58.185+0000] {processor.py:161} INFO - Started process (PID=10421) to work on /opt/airflow/dags/silver_processing_dag.py
[2026-09-05T21:46:58.188+0000] {processor.py:830} INFO - Processing file /opt/airflow/dags/silver_processing_dag.py for tasks to queue
[2026-09-05T21:46:58.193+0000] {logging_mixin.py:188} INFO - [2026-09-05T21:46:58.192+0000] {dagbag.py:545} INFO - Filling up the DagBag from /opt/airflow/dags/silver_processing_dag.py
[2026-09-05T21:46:58.239+0000] {processor.py:840} INFO - DAG(s) 'process_silver_layer' retrieved from /opt/airflow/dags/silver_processing_dag.py
[2026-09-05T21:46:58.297+0000] {logging_mixin.py:188} INFO - [2026-09-05T21:46:58.297+0000] {dag.py:3096} INFO - Sync 1 DAGs
[2026-09-05T21:46:58.329+0000] {logging_mixin.py:188} INFO - [2026-09-05T21:46:58.328+0000] {dag.py:3954} INFO - Setting next_dagrun for process_silver_layer to None, run_after=None
[2026-09-05T21:46:58.373+0000] {processor.py:183} INFO - Processing /opt/airflow/dags/silver_processing_dag.py took 0.206 seconds
[2026-09-05T21:47:28.792+0000] {processor.py:161} INFO - Started process (PID=10436) to work on /opt/airflow/dags/silver_processing_dag.py
[2026-09-05T21:47:28.795+0000] {processor.py:830} INFO - Processing file /opt/airflow/dags/silver_processing_dag.py for tasks to queue
[2026-09-05T21:47:28.799+0000] {logging_mixin.py:188} INFO - [2026-09-05T21:47:28.799+0000] {dagbag.py:545} INFO - Filling up the DagBag from /opt/airflow/dags/silver_processing_dag.py
[2026-09-05T21:47:28.841+0000] {processor.py:840} INFO - DAG(s) 'process_silver_layer' retrieved from /opt/airflow/dags/silver_processing_dag.py
[2026-09-05T21:47:28.895+0000] {logging_mixin.py:188} INFO - [2026-09-05T21:47:28.895+0000] {dag.py:3096} INFO - Sync 1 DAGs
[2026-09-05T21:47:28.928+0000] {logging_mixin.py:188} INFO - [2026-09-05T21:47:28.927+0000] {dag.py:3954} INFO - Setting next_dagrun for process_silver_layer to None, run_after=None
[2026-09-05T21:47:28.974+0000] {processor.py:183} INFO - Processing /opt/airflow/dags/silver_processing_dag.py took 0.204 seconds
[2026-09-05T21:47:59.373+0000] {processor.py:161} INFO - Started process (PID=10451) to work on /opt/airflow/dags/silver_processing_dag.py
[2026-09-05T21:47:59.377+0000] {processor.py:830} INFO - Processing file /opt/airflow/dags/silver_processing_dag.py for tasks to queue
[2026-09-05T21:47:59.383+0000] {logging_mixin.py:188} INFO - [2026-09-05T21:47:59.382+0000] {dagbag.py:545} INFO - Filling up the DagBag from /opt/airflow/dags/silver_processing_dag.py
[2026-09-05T21:47:59.428+0000] {processor.py:840} INFO - DAG(s) 'process_silver_layer' retrieved from /opt/airflow/dags/silver_processing_dag.py
[2026-09-05T21:47:59.485+0000] {logging_mixin.py:188} INFO - [2026-09-05T21:47:59.485+0000] {dag.py:3096} INFO - Sync 1 DAGs
[2026-09-05T21:47:59.518+0000] {logging_mixin.py:188} INFO - [2026-09-05T21:47:59.518+0000] {dag.py:3954} INFO - Setting next_dagrun for process_silver_layer to None, run_after=None
[2026-09-05T21:47:59.561+0000] {processor.py:183} INFO - Processing /opt/airflow/dags/silver_processing_dag.py took 0.205 seconds
[2026-09-05T21:48:30.293+0000] {processor.py:161} INFO - Started process (PID=10466) to work on /opt/airflow/dags/silver_processing_dag.py
[2026-09-05T21:48:30.298+0000] {processor.py:830} INFO - Processing file /opt/airflow/dags/silver_processing_dag.py for tasks to queue
[2026-09-05T21:48:30.309+0000] {logging_mixin.py:188} INFO - [2026-09-05T21:48:30.308+0000] {dagbag.py:545} INFO - Filling up the DagBag from /opt/airflow/dags/silver_processing_dag.py
[2026-09-05T21:48:30.402+0000] {processor.py:840} INFO - DAG(s) 'process_silver_layer' retrieved from /opt/airflow/dags/silver_processing_dag.py
[2026-09-05T21:48:30.454+0000] {logging_mixin.py:188} INFO - [2026-09-05T21:48:30.454+0000] {dag.py:3096} INFO - Sync 1 DAGs
[2026-09-05T21:48:30.486+0000] {logging_mixin.py:188} INFO - [2026-09-05T21:48:30.485+0000] {dag.py:3954} INFO - Setting next_dagrun for process_silver_layer to None, run_after=None
[2026-09-05T21:48:30.538+0000] {processor.py:183} INFO - Processing /opt/airflow/dags/silver_processing_dag.py took 0.272 seconds
[2026-09-05T21:49:00.995+0000] {processor.py:161} INFO - Started process (PID=10481) to work on /opt/airflow/dags/silver_processing_dag.py
[2026-09-05T21:49:00.998+0000] {processor.py:830} INFO - Processing file /opt/airflow/dags/silver_processing_dag.py for tasks to queue
[2026-09-05T21:49:01.015+0000] {logging_mixin.py:188} INFO - [2026-09-05T21:49:01.014+0000] {dagbag.py:545} INFO - Filling up the DagBag from /opt/airflow/dags/silver_processing_dag.py
[2026-09-05T21:49:01.086+0000] {processor.py:840} INFO - DAG(s) 'process_silver_layer' retrieved from /opt/airflow/dags/silver_processing_dag.py
[2026-09-05T21:49:01.161+0000] {logging_mixin.py:188} INFO - [2026-09-05T21:49:01.161+0000] {dag.py:3096} INFO - Sync 1 DAGs
[2026-09-05T21:49:01.208+0000] {logging_mixin.py:188} INFO - [2026-09-05T21:49:01.207+0000] {dag.py:3954} INFO - Setting next_dagrun for process_silver_layer to None, run_after=None
[2026-09-05T21:49:01.276+0000] {processor.py:183} INFO - Processing /opt/airflow/dags/silver_processing_dag.py took 0.303 seconds
[2026-09-05T21:49:31.727+0000] {processor.py:161} INFO - Started process (PID=10496) to work on /opt/airflow/dags/silver_processing_dag.py
[2026-09-05T21:49:31.730+0000] {processor.py:830} INFO - Processing file /opt/airflow/dags/silver_processing_dag.py for tasks to queue
[2026-09-05T21:49:31.744+0000] {logging_mixin.py:188} INFO - [2026-09-05T21:49:31.743+0000] {dagbag.py:545} INFO - Filling up the DagBag from /opt/airflow/dags/silver_processing_dag.py
[2026-09-05T21:49:31.820+0000] {processor.py:840} INFO - DAG(s) 'process_silver_layer' retrieved from /opt/airflow/dags/silver_processing_dag.py
[2026-09-05T21:49:31.896+0000] {logging_mixin.py:188} INFO - [2026-09-05T21:49:31.895+0000] {dag.py:3096} INFO - Sync 1 DAGs
[2026-09-05T21:49:31.932+0000] {logging_mixin.py:188} INFO - [2026-09-05T21:49:31.932+0000] {dag.py:3954} INFO - Setting next_dagrun for process_silver_layer to None, run_after=None
[2026-09-05T21:49:31.979+0000] {processor.py:183} INFO - Processing /opt/airflow/dags/silver_processing_dag.py took 0.279 seconds
[2026-09-05T21:50:02.370+0000] {processor.py:161} INFO - Started process (PID=10511) to work on /opt/airflow/dags/silver_processing_dag.py
[2026-09-05T21:50:02.373+0000] {processor.py:830} INFO - Processing file /opt/airflow/dags/silver_processing_dag.py for tasks to queue
[2026-09-05T21:50:02.379+0000] {logging_mixin.py:188} INFO - [2026-09-05T21:50:02.378+0000] {dagbag.py:545} INFO - Filling up the DagBag from /opt/airflow/dags/silver_processing_dag.py
[2026-09-05T21:50:02.478+0000] {processor.py:840} INFO - DAG(s) 'process_silver_layer' retrieved from /opt/airflow/dags/silver_processing_dag.py
[2026-09-05T21:50:02.596+0000] {logging_mixin.py:188} INFO - [2026-09-05T21:50:02.594+0000] {dag.py:3096} INFO - Sync 1 DAGs
[2026-09-05T21:50:02.667+0000] {logging_mixin.py:188} INFO - [2026-09-05T21:50:02.666+0000] {dag.py:3954} INFO - Setting next_dagrun for process_silver_layer to None, run_after=None
[2026-09-05T21:50:02.731+0000] {processor.py:183} INFO - Processing /opt/airflow/dags/silver_processing_dag.py took 0.377 seconds
[2026-09-05T21:50:33.206+0000] {processor.py:161} INFO - Started process (PID=10526) to work on /opt/airflow/dags/silver_processing_dag.py
[2026-09-05T21:50:33.209+0000] {processor.py:830} INFO - Processing file /opt/airflow/dags/silver_processing_dag.py for tasks to queue
[2026-09-05T21:50:33.217+0000] {logging_mixin.py:188} INFO - [2026-09-05T21:50:33.216+0000] {dagbag.py:545} INFO - Filling up the DagBag from /opt/airflow/dags/silver_processing_dag.py
[2026-09-05T21:50:33.260+0000] {processor.py:840} INFO - DAG(s) 'process_silver_layer' retrieved from /opt/airflow/dags/silver_processing_dag.py
[2026-09-05T21:50:33.306+0000] {logging_mixin.py:188} INFO - [2026-09-05T21:50:33.306+0000] {dag.py:3096} INFO - Sync 1 DAGs
[2026-09-05T21:50:33.335+0000] {logging_mixin.py:188} INFO - [2026-09-05T21:50:33.335+0000] {dag.py:3954} INFO - Setting next_dagrun for process_silver_layer to None, run_after=None
[2026-09-05T21:50:33.376+0000] {processor.py:183} INFO - Processing /opt/airflow/dags/silver_processing_dag.py took 0.188 seconds
[2026-09-05T21:51:03.808+0000] {processor.py:161} INFO - Started process (PID=10541) to work on /opt/airflow/dags/silver_processing_dag.py
[2026-09-05T21:51:03.811+0000] {processor.py:830} INFO - Processing file /opt/airflow/dags/silver_processing_dag.py for tasks to queue
[2026-09-05T21:51:03.820+0000] {logging_mixin.py:188} INFO - [2026-09-05T21:51:03.819+0000] {dagbag.py:545} INFO - Filling up the DagBag from /opt/airflow/dags/silver_processing_dag.py
[2026-09-05T21:51:03.860+0000] {processor.py:840} INFO - DAG(s) 'process_silver_layer' retrieved from /opt/airflow/dags/silver_processing_dag.py
[2026-09-05T21:51:03.914+0000] {logging_mixin.py:188} INFO - [2026-09-05T21:51:03.913+0000] {dag.py:3096} INFO - Sync 1 DAGs
[2026-09-05T21:51:03.950+0000] {logging_mixin.py:188} INFO - [2026-09-05T21:51:03.949+0000] {dag.py:3954} INFO - Setting next_dagrun for process_silver_layer to None, run_after=None
[2026-09-05T21:51:04.000+0000] {processor.py:183} INFO - Processing /opt/airflow/dags/silver_processing_dag.py took 0.212 seconds
[2026-09-05T21:51:34.415+0000] {processor.py:161} INFO - Started process (PID=10556) to work on /opt/airflow/dags/silver_processing_dag.py
[2026-09-05T21:51:34.424+0000] {processor.py:830} INFO - Processing file /opt/airflow/dags/silver_processing_dag.py for tasks to queue
[2026-09-05T21:51:34.436+0000] {logging_mixin.py:188} INFO - [2026-09-05T21:51:34.435+0000] {dagbag.py:545} INFO - Filling up the DagBag from /opt/airflow/dags/silver_processing_dag.py
[2026-09-05T21:51:34.504+0000] {processor.py:840} INFO - DAG(s) 'process_silver_layer' retrieved from /opt/airflow/dags/silver_processing_dag.py
[2026-09-05T21:51:34.586+0000] {logging_mixin.py:188} INFO - [2026-09-05T21:51:34.585+0000] {dag.py:3096} INFO - Sync 1 DAGs
[2026-09-05T21:51:34.626+0000] {logging_mixin.py:188} INFO - [2026-09-05T21:51:34.625+0000] {dag.py:3954} INFO - Setting next_dagrun for process_silver_layer to None, run_after=None
[2026-09-05T21:51:34.669+0000] {processor.py:183} INFO - Processing /opt/airflow/dags/silver_processing_dag.py took 0.283 seconds
[2026-09-05T21:52:05.110+0000] {processor.py:161} INFO - Started process (PID=10571) to work on /opt/airflow/dags/silver_processing_dag.py
[2026-09-05T21:52:05.113+0000] {processor.py:830} INFO - Processing file /opt/airflow/dags/silver_processing_dag.py for tasks to queue
[2026-09-05T21:52:05.120+0000] {logging_mixin.py:188} INFO - [2026-09-05T21:52:05.119+0000] {dagbag.py:545} INFO - Filling up the DagBag from /opt/airflow/dags/silver_processing_dag.py
[2026-09-05T21:52:05.156+0000] {processor.py:840} INFO - DAG(s) 'process_silver_layer' retrieved from /opt/airflow/dags/silver_processing_dag.py
[2026-09-05T21:52:05.206+0000] {logging_mixin.py:188} INFO - [2026-09-05T21:52:05.206+0000] {dag.py:3096} INFO - Sync 1 DAGs
[2026-09-05T21:52:05.253+0000] {logging_mixin.py:188} INFO - [2026-09-05T21:52:05.253+0000] {dag.py:3954} INFO - Setting next_dagrun for process_silver_layer to None, run_after=None
[2026-09-05T21:52:05.321+0000] {processor.py:183} INFO - Processing /opt/airflow/dags/silver_processing_dag.py took 0.225 seconds
[2026-09-05T21:52:35.728+0000] {processor.py:161} INFO - Started process (PID=10586) to work on /opt/airflow/dags/silver_processing_dag.py
[2026-09-05T21:52:35.733+0000] {processor.py:830} INFO - Processing file /opt/airflow/dags/silver_processing_dag.py for tasks to queue
[2026-09-05T21:52:35.739+0000] {logging_mixin.py:188} INFO - [2026-09-05T21:52:35.739+0000] {dagbag.py:545} INFO - Filling up the DagBag from /opt/airflow/dags/silver_processing_dag.py
[2026-09-05T21:52:35.788+0000] {processor.py:840} INFO - DAG(s) 'process_silver_layer' retrieved from /opt/airflow/dags/silver_processing_dag.py
[2026-09-05T21:52:35.834+0000] {logging_mixin.py:188} INFO - [2026-09-05T21:52:35.833+0000] {dag.py:3096} INFO - Sync 1 DAGs
[2026-09-05T21:52:35.874+0000] {logging_mixin.py:188} INFO - [2026-09-05T21:52:35.874+0000] {dag.py:3954} INFO - Setting next_dagrun for process_silver_layer to None, run_after=None
[2026-09-05T21:52:35.921+0000] {processor.py:183} INFO - Processing /opt/airflow/dags/silver_processing_dag.py took 0.214 seconds
[2026-09-05T21:53:06.304+0000] {processor.py:161} INFO - Started process (PID=10601) to work on /opt/airflow/dags/silver_processing_dag.py
[2026-09-05T21:53:06.307+0000] {processor.py:830} INFO - Processing file /opt/airflow/dags/silver_processing_dag.py for tasks to queue
[2026-09-05T21:53:06.312+0000] {logging_mixin.py:188} INFO - [2026-09-05T21:53:06.312+0000] {dagbag.py:545} INFO - Filling up the DagBag from /opt/airflow/dags/silver_processing_dag.py
[2026-09-05T21:53:06.352+0000] {processor.py:840} INFO - DAG(s) 'process_silver_layer' retrieved from /opt/airflow/dags/silver_processing_dag.py
[2026-09-05T21:53:06.405+0000] {logging_mixin.py:188} INFO - [2026-09-05T21:53:06.405+0000] {dag.py:3096} INFO - Sync 1 DAGs
[2026-09-05T21:53:06.440+0000] {logging_mixin.py:188} INFO - [2026-09-05T21:53:06.440+0000] {dag.py:3954} INFO - Setting next_dagrun for process_silver_layer to None, run_after=None
[2026-09-05T21:53:06.485+0000] {processor.py:183} INFO - Processing /opt/airflow/dags/silver_processing_dag.py took 0.199 seconds
[2026-09-05T21:53:36.879+0000] {processor.py:161} INFO - Started process (PID=10616) to work on /opt/airflow/dags/silver_processing_dag.py
[2026-09-05T21:53:36.882+0000] {processor.py:830} INFO - Processing file /opt/airflow/dags/silver_processing_dag.py for tasks to queue
[2026-09-05T21:53:36.889+0000] {logging_mixin.py:188} INFO - [2026-09-05T21:53:36.888+0000] {dagbag.py:545} INFO - Filling up the DagBag from /opt/airflow/dags/silver_processing_dag.py
[2026-09-05T21:53:36.944+0000] {processor.py:840} INFO - DAG(s) 'process_silver_layer' retrieved from /opt/airflow/dags/silver_processing_dag.py
[2026-09-05T21:53:37.001+0000] {logging_mixin.py:188} INFO - [2026-09-05T21:53:37.000+0000] {dag.py:3096} INFO - Sync 1 DAGs
[2026-09-05T21:53:37.031+0000] {logging_mixin.py:188} INFO - [2026-09-05T21:53:37.031+0000] {dag.py:3954} INFO - Setting next_dagrun for process_silver_layer to None, run_after=None
[2026-09-05T21:53:37.077+0000] {processor.py:183} INFO - Processing /opt/airflow/dags/silver_processing_dag.py took 0.219 seconds
[2026-09-05T21:54:07.501+0000] {processor.py:161} INFO - Started process (PID=10631) to work on /opt/airflow/dags/silver_processing_dag.py
[2026-09-05T21:54:07.505+0000] {processor.py:830} INFO - Processing file /opt/airflow/dags/silver_processing_dag.py for tasks to queue
[2026-09-05T21:54:07.516+0000] {logging_mixin.py:188} INFO - [2026-09-05T21:54:07.515+0000] {dagbag.py:545} INFO - Filling up the DagBag from /opt/airflow/dags/silver_processing_dag.py
[2026-09-05T21:54:07.593+0000] {processor.py:840} INFO - DAG(s) 'process_silver_layer' retrieved from /opt/airflow/dags/silver_processing_dag.py
[2026-09-05T21:54:07.641+0000] {logging_mixin.py:188} INFO - [2026-09-05T21:54:07.640+0000] {dag.py:3096} INFO - Sync 1 DAGs
[2026-09-05T21:54:07.680+0000] {logging_mixin.py:188} INFO - [2026-09-05T21:54:07.679+0000] {dag.py:3954} INFO - Setting next_dagrun for process_silver_layer to None, run_after=None
[2026-09-05T21:54:07.722+0000] {processor.py:183} INFO - Processing /opt/airflow/dags/silver_processing_dag.py took 0.249 seconds
[2026-09-05T21:54:38.102+0000] {processor.py:161} INFO - Started process (PID=10646) to work on /opt/airflow/dags/silver_processing_dag.py
[2026-09-05T21:54:38.105+0000] {processor.py:830} INFO - Processing file /opt/airflow/dags/silver_processing_dag.py for tasks to queue
[2026-09-05T21:54:38.112+0000] {logging_mixin.py:188} INFO - [2026-09-05T21:54:38.111+0000] {dagbag.py:545} INFO - Filling up the DagBag from /opt/airflow/dags/silver_processing_dag.py
[2026-09-05T21:54:38.153+0000] {processor.py:840} INFO - DAG(s) 'process_silver_layer' retrieved from /opt/airflow/dags/silver_processing_dag.py
[2026-09-05T21:54:38.206+0000] {logging_mixin.py:188} INFO - [2026-09-05T21:54:38.205+0000] {dag.py:3096} INFO - Sync 1 DAGs
[2026-09-05T21:54:38.240+0000] {logging_mixin.py:188} INFO - [2026-09-05T21:54:38.240+0000] {dag.py:3954} INFO - Setting next_dagrun for process_silver_layer to None, run_after=None
[2026-09-05T21:54:38.287+0000] {processor.py:183} INFO - Processing /opt/airflow/dags/silver_processing_dag.py took 0.201 seconds
[2026-09-05T21:55:08.696+0000] {processor.py:161} INFO - Started process (PID=10661) to work on /opt/airflow/dags/silver_processing_dag.py
[2026-09-05T21:55:08.699+0000] {processor.py:830} INFO - Processing file /opt/airflow/dags/silver_processing_dag.py for tasks to queue
[2026-09-05T21:55:08.708+0000] {logging_mixin.py:188} INFO - [2026-09-05T21:55:08.706+0000] {dagbag.py:545} INFO - Filling up the DagBag from /opt/airflow/dags/silver_processing_dag.py
[2026-09-05T21:55:08.754+0000] {processor.py:840} INFO - DAG(s) 'process_silver_layer' retrieved from /opt/airflow/dags/silver_processing_dag.py
[2026-09-05T21:55:08.816+0000] {logging_mixin.py:188} INFO - [2026-09-05T21:55:08.816+0000] {dag.py:3096} INFO - Sync 1 DAGs
[2026-09-05T21:55:08.863+0000] {logging_mixin.py:188} INFO - [2026-09-05T21:55:08.862+0000] {dag.py:3954} INFO - Setting next_dagrun for process_silver_layer to None, run_after=None
[2026-09-05T21:55:08.920+0000] {processor.py:183} INFO - Processing /opt/airflow/dags/silver_processing_dag.py took 0.243 seconds
[2026-09-05T21:55:39.348+0000] {processor.py:161} INFO - Started process (PID=10676) to work on /opt/airflow/dags/silver_processing_dag.py
[2026-09-05T21:55:39.361+0000] {processor.py:830} INFO - Processing file /opt/airflow/dags/silver_processing_dag.py for tasks to queue
[2026-09-05T21:55:39.379+0000] {logging_mixin.py:188} INFO - [2026-09-05T21:55:39.378+0000] {dagbag.py:545} INFO - Filling up the DagBag from /opt/airflow/dags/silver_processing_dag.py
[2026-09-05T21:55:39.558+0000] {processor.py:840} INFO - DAG(s) 'process_silver_layer' retrieved from /opt/airflow/dags/silver_processing_dag.py
[2026-09-05T21:55:39.666+0000] {logging_mixin.py:188} INFO - [2026-09-05T21:55:39.665+0000] {dag.py:3096} INFO - Sync 1 DAGs
[2026-09-05T21:55:39.706+0000] {logging_mixin.py:188} INFO - [2026-09-05T21:55:39.706+0000] {dag.py:3954} INFO - Setting next_dagrun for process_silver_layer to None, run_after=None
[2026-09-05T21:55:39.755+0000] {processor.py:183} INFO - Processing /opt/airflow/dags/silver_processing_dag.py took 0.428 seconds
[2026-09-05T21:56:10.234+0000] {processor.py:161} INFO - Started process (PID=10691) to work on /opt/airflow/dags/silver_processing_dag.py
[2026-09-05T21:56:10.237+0000] {processor.py:830} INFO - Processing file /opt/airflow/dags/silver_processing_dag.py for tasks to queue
[2026-09-05T21:56:10.243+0000] {logging_mixin.py:188} INFO - [2026-09-05T21:56:10.242+0000] {dagbag.py:545} INFO - Filling up the DagBag from /opt/airflow/dags/silver_processing_dag.py
[2026-09-05T21:56:10.284+0000] {processor.py:840} INFO - DAG(s) 'process_silver_layer' retrieved from /opt/airflow/dags/silver_processing_dag.py
[2026-09-05T21:56:10.333+0000] {logging_mixin.py:188} INFO - [2026-09-05T21:56:10.333+0000] {dag.py:3096} INFO - Sync 1 DAGs
[2026-09-05T21:56:10.362+0000] {logging_mixin.py:188} INFO - [2026-09-05T21:56:10.362+0000] {dag.py:3954} INFO - Setting next_dagrun for process_silver_layer to None, run_after=None
[2026-09-05T21:56:10.405+0000] {processor.py:183} INFO - Processing /opt/airflow/dags/silver_processing_dag.py took 0.192 seconds
[2026-09-05T21:56:40.827+0000] {processor.py:161} INFO - Started process (PID=10706) to work on /opt/airflow/dags/silver_processing_dag.py
[2026-09-05T21:56:40.835+0000] {processor.py:830} INFO - Processing file /opt/airflow/dags/silver_processing_dag.py for tasks to queue
[2026-09-05T21:56:40.852+0000] {logging_mixin.py:188} INFO - [2026-09-05T21:56:40.844+0000] {dagbag.py:545} INFO - Filling up the DagBag from /opt/airflow/dags/silver_processing_dag.py
[2026-09-05T21:56:40.976+0000] {processor.py:840} INFO - DAG(s) 'process_silver_layer' retrieved from /opt/airflow/dags/silver_processing_dag.py
[2026-09-05T21:56:41.043+0000] {logging_mixin.py:188} INFO - [2026-09-05T21:56:41.042+0000] {dag.py:3096} INFO - Sync 1 DAGs
[2026-09-05T21:56:41.078+0000] {logging_mixin.py:188} INFO - [2026-09-05T21:56:41.077+0000] {dag.py:3954} INFO - Setting next_dagrun for process_silver_layer to None, run_after=None
[2026-09-05T21:56:41.138+0000] {processor.py:183} INFO - Processing /opt/airflow/dags/silver_processing_dag.py took 0.339 seconds
[2026-09-05T21:57:11.612+0000] {processor.py:161} INFO - Started process (PID=10721) to work on /opt/airflow/dags/silver_processing_dag.py
[2026-09-05T21:57:11.616+0000] {processor.py:830} INFO - Processing file /opt/airflow/dags/silver_processing_dag.py for tasks to queue
[2026-09-05T21:57:11.624+0000] {logging_mixin.py:188} INFO - [2026-09-05T21:57:11.623+0000] {dagbag.py:545} INFO - Filling up the DagBag from /opt/airflow/dags/silver_processing_dag.py
[2026-09-05T21:57:11.680+0000] {processor.py:840} INFO - DAG(s) 'process_silver_layer' retrieved from /opt/airflow/dags/silver_processing_dag.py
[2026-09-05T21:57:11.736+0000] {logging_mixin.py:188} INFO - [2026-09-05T21:57:11.735+0000] {dag.py:3096} INFO - Sync 1 DAGs
[2026-09-05T21:57:11.796+0000] {logging_mixin.py:188} INFO - [2026-09-05T21:57:11.795+0000] {dag.py:3954} INFO - Setting next_dagrun for process_silver_layer to None, run_after=None
[2026-09-05T21:57:11.848+0000] {processor.py:183} INFO - Processing /opt/airflow/dags/silver_processing_dag.py took 0.254 seconds
[2026-09-05T21:57:42.405+0000] {processor.py:161} INFO - Started process (PID=10736) to work on /opt/airflow/dags/silver_processing_dag.py
[2026-09-05T21:57:42.408+0000] {processor.py:830} INFO - Processing file /opt/airflow/dags/silver_processing_dag.py for tasks to queue
[2026-09-05T21:57:42.416+0000] {logging_mixin.py:188} INFO - [2026-09-05T21:57:42.415+0000] {dagbag.py:545} INFO - Filling up the DagBag from /opt/airflow/dags/silver_processing_dag.py
[2026-09-05T21:57:42.468+0000] {processor.py:840} INFO - DAG(s) 'process_silver_layer' retrieved from /opt/airflow/dags/silver_processing_dag.py
[2026-09-05T21:57:42.526+0000] {logging_mixin.py:188} INFO - [2026-09-05T21:57:42.525+0000] {dag.py:3096} INFO - Sync 1 DAGs
[2026-09-05T21:57:42.561+0000] {logging_mixin.py:188} INFO - [2026-09-05T21:57:42.560+0000] {dag.py:3954} INFO - Setting next_dagrun for process_silver_layer to None, run_after=None
[2026-09-05T21:57:42.617+0000] {processor.py:183} INFO - Processing /opt/airflow/dags/silver_processing_dag.py took 0.234 seconds
[2026-09-05T21:58:13.062+0000] {processor.py:161} INFO - Started process (PID=10751) to work on /opt/airflow/dags/silver_processing_dag.py
[2026-09-05T21:58:13.065+0000] {processor.py:830} INFO - Processing file /opt/airflow/dags/silver_processing_dag.py for tasks to queue
[2026-09-05T21:58:13.076+0000] {logging_mixin.py:188} INFO - [2026-09-05T21:58:13.075+0000] {dagbag.py:545} INFO - Filling up the DagBag from /opt/airflow/dags/silver_processing_dag.py
[2026-09-05T21:58:13.128+0000] {processor.py:840} INFO - DAG(s) 'process_silver_layer' retrieved from /opt/airflow/dags/silver_processing_dag.py
[2026-09-05T21:58:13.219+0000] {logging_mixin.py:188} INFO - [2026-09-05T21:58:13.219+0000] {dag.py:3096} INFO - Sync 1 DAGs
[2026-09-05T21:58:13.268+0000] {logging_mixin.py:188} INFO - [2026-09-05T21:58:13.267+0000] {dag.py:3954} INFO - Setting next_dagrun for process_silver_layer to None, run_after=None
[2026-09-05T21:58:13.352+0000] {processor.py:183} INFO - Processing /opt/airflow/dags/silver_processing_dag.py took 0.314 seconds
[2026-09-05T21:58:43.819+0000] {processor.py:161} INFO - Started process (PID=10766) to work on /opt/airflow/dags/silver_processing_dag.py
[2026-09-05T21:58:43.824+0000] {processor.py:830} INFO - Processing file /opt/airflow/dags/silver_processing_dag.py for tasks to queue
[2026-09-05T21:58:43.834+0000] {logging_mixin.py:188} INFO - [2026-09-05T21:58:43.833+0000] {dagbag.py:545} INFO - Filling up the DagBag from /opt/airflow/dags/silver_processing_dag.py
[2026-09-05T21:58:43.886+0000] {processor.py:840} INFO - DAG(s) 'process_silver_layer' retrieved from /opt/airflow/dags/silver_processing_dag.py
[2026-09-05T21:58:43.946+0000] {logging_mixin.py:188} INFO - [2026-09-05T21:58:43.946+0000] {dag.py:3096} INFO - Sync 1 DAGs
[2026-09-05T21:58:43.977+0000] {logging_mixin.py:188} INFO - [2026-09-05T21:58:43.977+0000] {dag.py:3954} INFO - Setting next_dagrun for process_silver_layer to None, run_after=None
[2026-09-05T21:58:44.031+0000] {processor.py:183} INFO - Processing /opt/airflow/dags/silver_processing_dag.py took 0.237 seconds
[2026-09-05T21:59:14.479+0000] {processor.py:161} INFO - Started process (PID=10781) to work on /opt/airflow/dags/silver_processing_dag.py
[2026-09-05T21:59:14.482+0000] {processor.py:830} INFO - Processing file /opt/airflow/dags/silver_processing_dag.py for tasks to queue
[2026-09-05T21:59:14.488+0000] {logging_mixin.py:188} INFO - [2026-09-05T21:59:14.487+0000] {dagbag.py:545} INFO - Filling up the DagBag from /opt/airflow/dags/silver_processing_dag.py
[2026-09-05T21:59:14.533+0000] {processor.py:840} INFO - DAG(s) 'process_silver_layer' retrieved from /opt/airflow/dags/silver_processing_dag.py
[2026-09-05T21:59:14.588+0000] {logging_mixin.py:188} INFO - [2026-09-05T21:59:14.587+0000] {dag.py:3096} INFO - Sync 1 DAGs
[2026-09-05T21:59:14.619+0000] {logging_mixin.py:188} INFO - [2026-09-05T21:59:14.618+0000] {dag.py:3954} INFO - Setting next_dagrun for process_silver_layer to None, run_after=None
[2026-09-05T21:59:14.662+0000] {processor.py:183} INFO - Processing /opt/airflow/dags/silver_processing_dag.py took 0.200 seconds
[2026-09-05T21:59:45.182+0000] {processor.py:161} INFO - Started process (PID=10796) to work on /opt/airflow/dags/silver_processing_dag.py
[2026-09-05T21:59:45.195+0000] {processor.py:830} INFO - Processing file /opt/airflow/dags/silver_processing_dag.py for tasks to queue
[2026-09-05T21:59:45.201+0000] {logging_mixin.py:188} INFO - [2026-09-05T21:59:45.200+0000] {dagbag.py:545} INFO - Filling up the DagBag from /opt/airflow/dags/silver_processing_dag.py
[2026-09-05T21:59:45.297+0000] {processor.py:840} INFO - DAG(s) 'process_silver_layer' retrieved from /opt/airflow/dags/silver_processing_dag.py
[2026-09-05T21:59:45.368+0000] {logging_mixin.py:188} INFO - [2026-09-05T21:59:45.367+0000] {dag.py:3096} INFO - Sync 1 DAGs
[2026-09-05T21:59:45.408+0000] {logging_mixin.py:188} INFO - [2026-09-05T21:59:45.407+0000] {dag.py:3954} INFO - Setting next_dagrun for process_silver_layer to None, run_after=None
[2026-09-05T21:59:45.468+0000] {processor.py:183} INFO - Processing /opt/airflow/dags/silver_processing_dag.py took 0.323 seconds
[2026-09-05T22:00:15.821+0000] {processor.py:161} INFO - Started process (PID=10815) to work on /opt/airflow/dags/silver_processing_dag.py
[2026-09-05T22:00:15.825+0000] {processor.py:830} INFO - Processing file /opt/airflow/dags/silver_processing_dag.py for tasks to queue
[2026-09-05T22:00:15.831+0000] {logging_mixin.py:188} INFO - [2026-09-05T22:00:15.830+0000] {dagbag.py:545} INFO - Filling up the DagBag from /opt/airflow/dags/silver_processing_dag.py
[2026-09-05T22:00:15.888+0000] {processor.py:840} INFO - DAG(s) 'process_silver_layer' retrieved from /opt/airflow/dags/silver_processing_dag.py
[2026-09-05T22:00:15.948+0000] {logging_mixin.py:188} INFO - [2026-09-05T22:00:15.948+0000] {dag.py:3096} INFO - Sync 1 DAGs
[2026-09-05T22:00:15.989+0000] {logging_mixin.py:188} INFO - [2026-09-05T22:00:15.988+0000] {dag.py:3954} INFO - Setting next_dagrun for process_silver_layer to None, run_after=None
[2026-09-05T22:00:16.061+0000] {processor.py:183} INFO - Processing /opt/airflow/dags/silver_processing_dag.py took 0.262 seconds
[2026-09-05T22:00:46.400+0000] {processor.py:161} INFO - Started process (PID=10943) to work on /opt/airflow/dags/silver_processing_dag.py
[2026-09-05T22:00:46.415+0000] {processor.py:830} INFO - Processing file /opt/airflow/dags/silver_processing_dag.py for tasks to queue
[2026-09-05T22:00:46.452+0000] {logging_mixin.py:188} INFO - [2026-09-05T22:00:46.450+0000] {dagbag.py:545} INFO - Filling up the DagBag from /opt/airflow/dags/silver_processing_dag.py
[2026-09-05T22:00:46.637+0000] {processor.py:840} INFO - DAG(s) 'process_silver_layer' retrieved from /opt/airflow/dags/silver_processing_dag.py
[2026-09-05T22:00:46.807+0000] {logging_mixin.py:188} INFO - [2026-09-05T22:00:46.797+0000] {dag.py:3096} INFO - Sync 1 DAGs
[2026-09-05T22:00:46.902+0000] {logging_mixin.py:188} INFO - [2026-09-05T22:00:46.890+0000] {dag.py:3954} INFO - Setting next_dagrun for process_silver_layer to None, run_after=None
[2026-09-05T22:00:47.020+0000] {processor.py:183} INFO - Processing /opt/airflow/dags/silver_processing_dag.py took 0.667 seconds
[2026-09-05T22:01:18.208+0000] {processor.py:161} INFO - Started process (PID=11032) to work on /opt/airflow/dags/silver_processing_dag.py
[2026-09-05T22:01:18.216+0000] {processor.py:830} INFO - Processing file /opt/airflow/dags/silver_processing_dag.py for tasks to queue
[2026-09-05T22:01:18.238+0000] {logging_mixin.py:188} INFO - [2026-09-05T22:01:18.233+0000] {dagbag.py:545} INFO - Filling up the DagBag from /opt/airflow/dags/silver_processing_dag.py
[2026-09-05T22:01:18.343+0000] {processor.py:840} INFO - DAG(s) 'process_silver_layer' retrieved from /opt/airflow/dags/silver_processing_dag.py
[2026-09-05T22:01:18.483+0000] {logging_mixin.py:188} INFO - [2026-09-05T22:01:18.482+0000] {dag.py:3096} INFO - Sync 1 DAGs
[2026-09-05T22:01:18.569+0000] {logging_mixin.py:188} INFO - [2026-09-05T22:01:18.569+0000] {dag.py:3954} INFO - Setting next_dagrun for process_silver_layer to None, run_after=None
[2026-09-05T22:01:18.711+0000] {processor.py:183} INFO - Processing /opt/airflow/dags/silver_processing_dag.py took 0.542 seconds
[2026-09-05T22:01:49.520+0000] {processor.py:161} INFO - Started process (PID=11140) to work on /opt/airflow/dags/silver_processing_dag.py
[2026-09-05T22:01:49.523+0000] {processor.py:830} INFO - Processing file /opt/airflow/dags/silver_processing_dag.py for tasks to queue
[2026-09-05T22:01:49.537+0000] {logging_mixin.py:188} INFO - [2026-09-05T22:01:49.536+0000] {dagbag.py:545} INFO - Filling up the DagBag from /opt/airflow/dags/silver_processing_dag.py
[2026-09-05T22:01:49.632+0000] {processor.py:840} INFO - DAG(s) 'process_silver_layer' retrieved from /opt/airflow/dags/silver_processing_dag.py
[2026-09-05T22:01:49.807+0000] {logging_mixin.py:188} INFO - [2026-09-05T22:01:49.807+0000] {dag.py:3096} INFO - Sync 1 DAGs
[2026-09-05T22:01:49.883+0000] {logging_mixin.py:188} INFO - [2026-09-05T22:01:49.882+0000] {dag.py:3954} INFO - Setting next_dagrun for process_silver_layer to None, run_after=None
[2026-09-05T22:01:49.955+0000] {processor.py:183} INFO - Processing /opt/airflow/dags/silver_processing_dag.py took 0.458 seconds
[2026-09-05T22:02:20.516+0000] {processor.py:161} INFO - Started process (PID=11223) to work on /opt/airflow/dags/silver_processing_dag.py
[2026-09-05T22:02:20.521+0000] {processor.py:830} INFO - Processing file /opt/airflow/dags/silver_processing_dag.py for tasks to queue
[2026-09-05T22:02:20.529+0000] {logging_mixin.py:188} INFO - [2026-09-05T22:02:20.528+0000] {dagbag.py:545} INFO - Filling up the DagBag from /opt/airflow/dags/silver_processing_dag.py
[2026-09-05T22:02:20.793+0000] {processor.py:840} INFO - DAG(s) 'process_silver_layer' retrieved from /opt/airflow/dags/silver_processing_dag.py
[2026-09-05T22:02:21.153+0000] {logging_mixin.py:188} INFO - [2026-09-05T22:02:21.142+0000] {dag.py:3096} INFO - Sync 1 DAGs
[2026-09-05T22:02:21.394+0000] {logging_mixin.py:188} INFO - [2026-09-05T22:02:21.394+0000] {dag.py:3954} INFO - Setting next_dagrun for process_silver_layer to None, run_after=None
[2026-09-05T22:02:21.706+0000] {processor.py:183} INFO - Processing /opt/airflow/dags/silver_processing_dag.py took 1.207 seconds
[2026-09-05T22:02:52.822+0000] {processor.py:161} INFO - Started process (PID=11276) to work on /opt/airflow/dags/silver_processing_dag.py
[2026-09-05T22:02:52.825+0000] {processor.py:830} INFO - Processing file /opt/airflow/dags/silver_processing_dag.py for tasks to queue
[2026-09-05T22:02:52.839+0000] {logging_mixin.py:188} INFO - [2026-09-05T22:02:52.832+0000] {dagbag.py:545} INFO - Filling up the DagBag from /opt/airflow/dags/silver_processing_dag.py
[2026-09-05T22:02:52.884+0000] {processor.py:840} INFO - DAG(s) 'process_silver_layer' retrieved from /opt/airflow/dags/silver_processing_dag.py
[2026-09-05T22:02:53.007+0000] {logging_mixin.py:188} INFO - [2026-09-05T22:02:53.006+0000] {dag.py:3096} INFO - Sync 1 DAGs
[2026-09-05T22:02:53.079+0000] {logging_mixin.py:188} INFO - [2026-09-05T22:02:53.078+0000] {dag.py:3954} INFO - Setting next_dagrun for process_silver_layer to None, run_after=None
[2026-09-05T22:02:53.168+0000] {processor.py:183} INFO - Processing /opt/airflow/dags/silver_processing_dag.py took 0.371 seconds
[2026-09-05T22:03:23.830+0000] {processor.py:161} INFO - Started process (PID=11296) to work on /opt/airflow/dags/silver_processing_dag.py
[2026-09-05T22:03:23.833+0000] {processor.py:830} INFO - Processing file /opt/airflow/dags/silver_processing_dag.py for tasks to queue
[2026-09-05T22:03:23.840+0000] {logging_mixin.py:188} INFO - [2026-09-05T22:03:23.839+0000] {dagbag.py:545} INFO - Filling up the DagBag from /opt/airflow/dags/silver_processing_dag.py
[2026-09-05T22:03:23.883+0000] {processor.py:840} INFO - DAG(s) 'process_silver_layer' retrieved from /opt/airflow/dags/silver_processing_dag.py
[2026-09-05T22:03:23.962+0000] {logging_mixin.py:188} INFO - [2026-09-05T22:03:23.961+0000] {dag.py:3096} INFO - Sync 1 DAGs
[2026-09-05T22:03:24.020+0000] {logging_mixin.py:188} INFO - [2026-09-05T22:03:24.020+0000] {dag.py:3954} INFO - Setting next_dagrun for process_silver_layer to None, run_after=None
[2026-09-05T22:03:24.066+0000] {processor.py:183} INFO - Processing /opt/airflow/dags/silver_processing_dag.py took 0.253 seconds
[2026-09-05T22:03:54.893+0000] {processor.py:161} INFO - Started process (PID=11314) to work on /opt/airflow/dags/silver_processing_dag.py
[2026-09-05T22:03:54.897+0000] {processor.py:830} INFO - Processing file /opt/airflow/dags/silver_processing_dag.py for tasks to queue
[2026-09-05T22:03:54.904+0000] {logging_mixin.py:188} INFO - [2026-09-05T22:03:54.903+0000] {dagbag.py:545} INFO - Filling up the DagBag from /opt/airflow/dags/silver_processing_dag.py
[2026-09-05T22:03:54.948+0000] {processor.py:840} INFO - DAG(s) 'process_silver_layer' retrieved from /opt/airflow/dags/silver_processing_dag.py
[2026-09-05T22:03:55.002+0000] {logging_mixin.py:188} INFO - [2026-09-05T22:03:55.002+0000] {dag.py:3096} INFO - Sync 1 DAGs
[2026-09-05T22:03:55.061+0000] {logging_mixin.py:188} INFO - [2026-09-05T22:03:55.060+0000] {dag.py:3954} INFO - Setting next_dagrun for process_silver_layer to None, run_after=None
[2026-09-05T22:03:55.102+0000] {processor.py:183} INFO - Processing /opt/airflow/dags/silver_processing_dag.py took 0.225 seconds
[2026-09-05T22:04:25.282+0000] {processor.py:161} INFO - Started process (PID=11334) to work on /opt/airflow/dags/silver_processing_dag.py
[2026-09-05T22:04:25.286+0000] {processor.py:830} INFO - Processing file /opt/airflow/dags/silver_processing_dag.py for tasks to queue
[2026-09-05T22:04:25.294+0000] {logging_mixin.py:188} INFO - [2026-09-05T22:04:25.292+0000] {dagbag.py:545} INFO - Filling up the DagBag from /opt/airflow/dags/silver_processing_dag.py
[2026-09-05T22:04:25.365+0000] {processor.py:840} INFO - DAG(s) 'process_silver_layer' retrieved from /opt/airflow/dags/silver_processing_dag.py
[2026-09-05T22:04:25.475+0000] {logging_mixin.py:188} INFO - [2026-09-05T22:04:25.474+0000] {dag.py:3096} INFO - Sync 1 DAGs
[2026-09-05T22:04:25.528+0000] {logging_mixin.py:188} INFO - [2026-09-05T22:04:25.528+0000] {dag.py:3954} INFO - Setting next_dagrun for process_silver_layer to None, run_after=None
[2026-09-05T22:04:25.583+0000] {processor.py:183} INFO - Processing /opt/airflow/dags/silver_processing_dag.py took 0.329 seconds
[2026-09-05T22:04:56.299+0000] {processor.py:161} INFO - Started process (PID=11431) to work on /opt/airflow/dags/silver_processing_dag.py
[2026-09-05T22:04:56.310+0000] {processor.py:830} INFO - Processing file /opt/airflow/dags/silver_processing_dag.py for tasks to queue
[2026-09-05T22:04:56.323+0000] {logging_mixin.py:188} INFO - [2026-09-05T22:04:56.321+0000] {dagbag.py:545} INFO - Filling up the DagBag from /opt/airflow/dags/silver_processing_dag.py
[2026-09-05T22:04:56.418+0000] {processor.py:840} INFO - DAG(s) 'process_silver_layer' retrieved from /opt/airflow/dags/silver_processing_dag.py
[2026-09-05T22:04:56.494+0000] {logging_mixin.py:188} INFO - [2026-09-05T22:04:56.493+0000] {dag.py:3096} INFO - Sync 1 DAGs
[2026-09-05T22:04:56.539+0000] {logging_mixin.py:188} INFO - [2026-09-05T22:04:56.538+0000] {dag.py:3954} INFO - Setting next_dagrun for process_silver_layer to None, run_after=None
[2026-09-05T22:04:56.604+0000] {processor.py:183} INFO - Processing /opt/airflow/dags/silver_processing_dag.py took 0.341 seconds
[2026-09-05T22:05:26.943+0000] {processor.py:161} INFO - Started process (PID=11459) to work on /opt/airflow/dags/silver_processing_dag.py
[2026-09-05T22:05:26.978+0000] {processor.py:830} INFO - Processing file /opt/airflow/dags/silver_processing_dag.py for tasks to queue
[2026-09-05T22:05:26.990+0000] {logging_mixin.py:188} INFO - [2026-09-05T22:05:26.989+0000] {dagbag.py:545} INFO - Filling up the DagBag from /opt/airflow/dags/silver_processing_dag.py
[2026-09-05T22:05:27.079+0000] {processor.py:840} INFO - DAG(s) 'process_silver_layer' retrieved from /opt/airflow/dags/silver_processing_dag.py
[2026-09-05T22:05:27.189+0000] {logging_mixin.py:188} INFO - [2026-09-05T22:05:27.189+0000] {dag.py:3096} INFO - Sync 1 DAGs
[2026-09-05T22:05:27.253+0000] {logging_mixin.py:188} INFO - [2026-09-05T22:05:27.253+0000] {dag.py:3954} INFO - Setting next_dagrun for process_silver_layer to None, run_after=None
[2026-09-05T22:05:27.375+0000] {processor.py:183} INFO - Processing /opt/airflow/dags/silver_processing_dag.py took 0.489 seconds
[2026-09-05T22:05:58.016+0000] {processor.py:161} INFO - Started process (PID=11480) to work on /opt/airflow/dags/silver_processing_dag.py
[2026-09-05T22:05:58.035+0000] {processor.py:830} INFO - Processing file /opt/airflow/dags/silver_processing_dag.py for tasks to queue
[2026-09-05T22:05:58.062+0000] {logging_mixin.py:188} INFO - [2026-09-05T22:05:58.061+0000] {dagbag.py:545} INFO - Filling up the DagBag from /opt/airflow/dags/silver_processing_dag.py
[2026-09-05T22:05:58.293+0000] {processor.py:840} INFO - DAG(s) 'process_silver_layer' retrieved from /opt/airflow/dags/silver_processing_dag.py
[2026-09-05T22:05:58.418+0000] {logging_mixin.py:188} INFO - [2026-09-05T22:05:58.417+0000] {dag.py:3096} INFO - Sync 1 DAGs
[2026-09-05T22:05:58.509+0000] {logging_mixin.py:188} INFO - [2026-09-05T22:05:58.509+0000] {dag.py:3954} INFO - Setting next_dagrun for process_silver_layer to None, run_after=None
[2026-09-05T22:05:58.585+0000] {processor.py:183} INFO - Processing /opt/airflow/dags/silver_processing_dag.py took 0.605 seconds
[2026-09-05T22:06:30.481+0000] {processor.py:161} INFO - Started process (PID=11501) to work on /opt/airflow/dags/silver_processing_dag.py
[2026-09-05T22:06:30.511+0000] {processor.py:830} INFO - Processing file /opt/airflow/dags/silver_processing_dag.py for tasks to queue
[2026-09-05T22:06:30.526+0000] {logging_mixin.py:188} INFO - [2026-09-05T22:06:30.525+0000] {dagbag.py:545} INFO - Filling up the DagBag from /opt/airflow/dags/silver_processing_dag.py
[2026-09-05T22:06:30.808+0000] {processor.py:840} INFO - DAG(s) 'process_silver_layer' retrieved from /opt/airflow/dags/silver_processing_dag.py
[2026-09-05T22:06:31.007+0000] {logging_mixin.py:188} INFO - [2026-09-05T22:06:31.006+0000] {dag.py:3096} INFO - Sync 1 DAGs
[2026-09-05T22:06:31.218+0000] {logging_mixin.py:188} INFO - [2026-09-05T22:06:31.217+0000] {dag.py:3954} INFO - Setting next_dagrun for process_silver_layer to None, run_after=None
[2026-09-05T22:06:31.406+0000] {processor.py:183} INFO - Processing /opt/airflow/dags/silver_processing_dag.py took 0.972 seconds
[2026-09-05T22:07:02.097+0000] {processor.py:161} INFO - Started process (PID=11539) to work on /opt/airflow/dags/silver_processing_dag.py
[2026-09-05T22:07:02.116+0000] {processor.py:830} INFO - Processing file /opt/airflow/dags/silver_processing_dag.py for tasks to queue
[2026-09-05T22:07:02.123+0000] {logging_mixin.py:188} INFO - [2026-09-05T22:07:02.122+0000] {dagbag.py:545} INFO - Filling up the DagBag from /opt/airflow/dags/silver_processing_dag.py
[2026-09-05T22:07:02.475+0000] {processor.py:840} INFO - DAG(s) 'process_silver_layer' retrieved from /opt/airflow/dags/silver_processing_dag.py
[2026-09-05T22:07:02.669+0000] {logging_mixin.py:188} INFO - [2026-09-05T22:07:02.669+0000] {dag.py:3096} INFO - Sync 1 DAGs
[2026-09-05T22:07:02.802+0000] {logging_mixin.py:188} INFO - [2026-09-05T22:07:02.801+0000] {dag.py:3954} INFO - Setting next_dagrun for process_silver_layer to None, run_after=None
[2026-09-05T22:07:03.178+0000] {processor.py:183} INFO - Processing /opt/airflow/dags/silver_processing_dag.py took 1.111 seconds
[2026-09-05T22:07:33.797+0000] {processor.py:161} INFO - Started process (PID=11603) to work on /opt/airflow/dags/silver_processing_dag.py
[2026-09-05T22:07:33.802+0000] {processor.py:830} INFO - Processing file /opt/airflow/dags/silver_processing_dag.py for tasks to queue
[2026-09-05T22:07:33.812+0000] {logging_mixin.py:188} INFO - [2026-09-05T22:07:33.810+0000] {dagbag.py:545} INFO - Filling up the DagBag from /opt/airflow/dags/silver_processing_dag.py
[2026-09-05T22:07:33.908+0000] {processor.py:840} INFO - DAG(s) 'process_silver_layer' retrieved from /opt/airflow/dags/silver_processing_dag.py
[2026-09-05T22:07:34.200+0000] {logging_mixin.py:188} INFO - [2026-09-05T22:07:34.199+0000] {dag.py:3096} INFO - Sync 1 DAGs
[2026-09-05T22:07:34.329+0000] {logging_mixin.py:188} INFO - [2026-09-05T22:07:34.329+0000] {dag.py:3954} INFO - Setting next_dagrun for process_silver_layer to None, run_after=None
[2026-09-05T22:07:34.517+0000] {processor.py:183} INFO - Processing /opt/airflow/dags/silver_processing_dag.py took 0.770 seconds
[2026-09-05T22:08:05.257+0000] {processor.py:161} INFO - Started process (PID=11682) to work on /opt/airflow/dags/silver_processing_dag.py
[2026-09-05T22:08:05.289+0000] {processor.py:830} INFO - Processing file /opt/airflow/dags/silver_processing_dag.py for tasks to queue
[2026-09-05T22:08:05.305+0000] {logging_mixin.py:188} INFO - [2026-09-05T22:08:05.304+0000] {dagbag.py:545} INFO - Filling up the DagBag from /opt/airflow/dags/silver_processing_dag.py
[2026-09-05T22:08:05.614+0000] {processor.py:840} INFO - DAG(s) 'process_silver_layer' retrieved from /opt/airflow/dags/silver_processing_dag.py
[2026-09-05T22:08:05.862+0000] {logging_mixin.py:188} INFO - [2026-09-05T22:08:05.859+0000] {dag.py:3096} INFO - Sync 1 DAGs
[2026-09-05T22:08:06.009+0000] {logging_mixin.py:188} INFO - [2026-09-05T22:08:06.008+0000] {dag.py:3954} INFO - Setting next_dagrun for process_silver_layer to None, run_after=None
[2026-09-05T22:08:06.278+0000] {processor.py:183} INFO - Processing /opt/airflow/dags/silver_processing_dag.py took 1.086 seconds
[2026-09-05T22:08:37.249+0000] {processor.py:161} INFO - Started process (PID=11745) to work on /opt/airflow/dags/silver_processing_dag.py
[2026-09-05T22:08:37.262+0000] {processor.py:830} INFO - Processing file /opt/airflow/dags/silver_processing_dag.py for tasks to queue
[2026-09-05T22:08:37.312+0000] {logging_mixin.py:188} INFO - [2026-09-05T22:08:37.308+0000] {dagbag.py:545} INFO - Filling up the DagBag from /opt/airflow/dags/silver_processing_dag.py
[2026-09-05T22:08:37.477+0000] {processor.py:840} INFO - DAG(s) 'process_silver_layer' retrieved from /opt/airflow/dags/silver_processing_dag.py
[2026-09-05T22:08:37.612+0000] {logging_mixin.py:188} INFO - [2026-09-05T22:08:37.611+0000] {dag.py:3096} INFO - Sync 1 DAGs
[2026-09-05T22:08:37.691+0000] {logging_mixin.py:188} INFO - [2026-09-05T22:08:37.691+0000] {dag.py:3954} INFO - Setting next_dagrun for process_silver_layer to None, run_after=None
[2026-09-05T22:08:37.819+0000] {processor.py:183} INFO - Processing /opt/airflow/dags/silver_processing_dag.py took 0.691 seconds
[2026-09-05T22:09:10.213+0000] {processor.py:161} INFO - Started process (PID=12348) to work on /opt/airflow/dags/silver_processing_dag.py
[2026-09-05T22:09:10.470+0000] {processor.py:830} INFO - Processing file /opt/airflow/dags/silver_processing_dag.py for tasks to queue
[2026-09-05T22:09:10.489+0000] {logging_mixin.py:188} INFO - [2026-09-05T22:09:10.488+0000] {dagbag.py:545} INFO - Filling up the DagBag from /opt/airflow/dags/silver_processing_dag.py
[2026-09-05T22:09:10.669+0000] {processor.py:840} INFO - DAG(s) 'process_silver_layer' retrieved from /opt/airflow/dags/silver_processing_dag.py
[2026-09-05T22:09:10.769+0000] {logging_mixin.py:188} INFO - [2026-09-05T22:09:10.768+0000] {dag.py:3096} INFO - Sync 1 DAGs
[2026-09-05T22:09:10.881+0000] {logging_mixin.py:188} INFO - [2026-09-05T22:09:10.880+0000] {dag.py:3954} INFO - Setting next_dagrun for process_silver_layer to None, run_after=None
[2026-09-05T22:09:11.068+0000] {processor.py:183} INFO - Processing /opt/airflow/dags/silver_processing_dag.py took 0.880 seconds
[2026-09-05T22:09:42.721+0000] {processor.py:161} INFO - Started process (PID=12414) to work on /opt/airflow/dags/silver_processing_dag.py
[2026-09-05T22:09:42.762+0000] {processor.py:830} INFO - Processing file /opt/airflow/dags/silver_processing_dag.py for tasks to queue
[2026-09-05T22:09:42.846+0000] {logging_mixin.py:188} INFO - [2026-09-05T22:09:42.844+0000] {dagbag.py:545} INFO - Filling up the DagBag from /opt/airflow/dags/silver_processing_dag.py
[2026-09-05T22:09:43.294+0000] {processor.py:840} INFO - DAG(s) 'process_silver_layer' retrieved from /opt/airflow/dags/silver_processing_dag.py
[2026-09-05T22:09:43.418+0000] {logging_mixin.py:188} INFO - [2026-09-05T22:09:43.418+0000] {dag.py:3096} INFO - Sync 1 DAGs
[2026-09-05T22:09:43.555+0000] {logging_mixin.py:188} INFO - [2026-09-05T22:09:43.554+0000] {dag.py:3954} INFO - Setting next_dagrun for process_silver_layer to None, run_after=None
[2026-09-05T22:09:43.701+0000] {processor.py:183} INFO - Processing /opt/airflow/dags/silver_processing_dag.py took 1.148 seconds
[2026-09-05T22:10:14.526+0000] {processor.py:161} INFO - Started process (PID=12473) to work on /opt/airflow/dags/silver_processing_dag.py
[2026-09-05T22:10:14.538+0000] {processor.py:830} INFO - Processing file /opt/airflow/dags/silver_processing_dag.py for tasks to queue
[2026-09-05T22:10:14.568+0000] {logging_mixin.py:188} INFO - [2026-09-05T22:10:14.567+0000] {dagbag.py:545} INFO - Filling up the DagBag from /opt/airflow/dags/silver_processing_dag.py
[2026-09-05T22:10:14.676+0000] {processor.py:840} INFO - DAG(s) 'process_silver_layer' retrieved from /opt/airflow/dags/silver_processing_dag.py
[2026-09-05T22:10:14.778+0000] {logging_mixin.py:188} INFO - [2026-09-05T22:10:14.778+0000] {dag.py:3096} INFO - Sync 1 DAGs
[2026-09-05T22:10:14.840+0000] {logging_mixin.py:188} INFO - [2026-09-05T22:10:14.840+0000] {dag.py:3954} INFO - Setting next_dagrun for process_silver_layer to None, run_after=None
[2026-09-05T22:10:16.990+0000] {processor.py:183} INFO - Processing /opt/airflow/dags/silver_processing_dag.py took 2.269 seconds
[2026-09-05T22:10:48.497+0000] {processor.py:161} INFO - Started process (PID=12544) to work on /opt/airflow/dags/silver_processing_dag.py
[2026-09-05T22:10:48.499+0000] {processor.py:830} INFO - Processing file /opt/airflow/dags/silver_processing_dag.py for tasks to queue
[2026-09-05T22:10:48.506+0000] {logging_mixin.py:188} INFO - [2026-09-05T22:10:48.506+0000] {dagbag.py:545} INFO - Filling up the DagBag from /opt/airflow/dags/silver_processing_dag.py
[2026-09-05T22:10:48.547+0000] {processor.py:840} INFO - DAG(s) 'process_silver_layer' retrieved from /opt/airflow/dags/silver_processing_dag.py
[2026-09-05T22:10:48.688+0000] {logging_mixin.py:188} INFO - [2026-09-05T22:10:48.686+0000] {dag.py:3096} INFO - Sync 1 DAGs
[2026-09-05T22:10:48.791+0000] {logging_mixin.py:188} INFO - [2026-09-05T22:10:48.790+0000] {dag.py:3954} INFO - Setting next_dagrun for process_silver_layer to None, run_after=None
[2026-09-05T22:10:48.863+0000] {processor.py:183} INFO - Processing /opt/airflow/dags/silver_processing_dag.py took 0.385 seconds
[2026-09-05T22:11:19.352+0000] {processor.py:161} INFO - Started process (PID=12627) to work on /opt/airflow/dags/silver_processing_dag.py
[2026-09-05T22:11:19.364+0000] {processor.py:830} INFO - Processing file /opt/airflow/dags/silver_processing_dag.py for tasks to queue
[2026-09-05T22:11:19.469+0000] {logging_mixin.py:188} INFO - [2026-09-05T22:11:19.466+0000] {dagbag.py:545} INFO - Filling up the DagBag from /opt/airflow/dags/silver_processing_dag.py
[2026-09-05T22:11:19.830+0000] {processor.py:840} INFO - DAG(s) 'process_silver_layer' retrieved from /opt/airflow/dags/silver_processing_dag.py
[2026-09-05T22:11:20.167+0000] {logging_mixin.py:188} INFO - [2026-09-05T22:11:20.165+0000] {dag.py:3096} INFO - Sync 1 DAGs
[2026-09-05T22:11:20.314+0000] {logging_mixin.py:188} INFO - [2026-09-05T22:11:20.313+0000] {dag.py:3954} INFO - Setting next_dagrun for process_silver_layer to None, run_after=None
[2026-09-05T22:11:20.421+0000] {processor.py:183} INFO - Processing /opt/airflow/dags/silver_processing_dag.py took 1.117 seconds
[2026-09-05T22:11:50.833+0000] {processor.py:161} INFO - Started process (PID=12686) to work on /opt/airflow/dags/silver_processing_dag.py
[2026-09-05T22:11:50.838+0000] {processor.py:830} INFO - Processing file /opt/airflow/dags/silver_processing_dag.py for tasks to queue
[2026-09-05T22:11:50.849+0000] {logging_mixin.py:188} INFO - [2026-09-05T22:11:50.848+0000] {dagbag.py:545} INFO - Filling up the DagBag from /opt/airflow/dags/silver_processing_dag.py
[2026-09-05T22:11:50.969+0000] {processor.py:840} INFO - DAG(s) 'process_silver_layer' retrieved from /opt/airflow/dags/silver_processing_dag.py
[2026-09-05T22:11:51.067+0000] {logging_mixin.py:188} INFO - [2026-09-05T22:11:51.066+0000] {dag.py:3096} INFO - Sync 1 DAGs
[2026-09-05T22:11:51.200+0000] {logging_mixin.py:188} INFO - [2026-09-05T22:11:51.200+0000] {dag.py:3954} INFO - Setting next_dagrun for process_silver_layer to None, run_after=None
[2026-09-05T22:11:51.312+0000] {processor.py:183} INFO - Processing /opt/airflow/dags/silver_processing_dag.py took 0.506 seconds
[2026-09-05T22:12:21.857+0000] {processor.py:161} INFO - Started process (PID=12701) to work on /opt/airflow/dags/silver_processing_dag.py
[2026-09-05T22:12:21.875+0000] {processor.py:830} INFO - Processing file /opt/airflow/dags/silver_processing_dag.py for tasks to queue
[2026-09-05T22:12:21.885+0000] {logging_mixin.py:188} INFO - [2026-09-05T22:12:21.882+0000] {dagbag.py:545} INFO - Filling up the DagBag from /opt/airflow/dags/silver_processing_dag.py
[2026-09-05T22:12:21.968+0000] {processor.py:840} INFO - DAG(s) 'process_silver_layer' retrieved from /opt/airflow/dags/silver_processing_dag.py
[2026-09-05T22:12:22.172+0000] {logging_mixin.py:188} INFO - [2026-09-05T22:12:22.171+0000] {dag.py:3096} INFO - Sync 1 DAGs
[2026-09-05T22:12:22.261+0000] {logging_mixin.py:188} INFO - [2026-09-05T22:12:22.260+0000] {dag.py:3954} INFO - Setting next_dagrun for process_silver_layer to None, run_after=None
[2026-09-05T22:12:22.367+0000] {processor.py:183} INFO - Processing /opt/airflow/dags/silver_processing_dag.py took 0.553 seconds
[2026-09-05T22:12:52.756+0000] {processor.py:161} INFO - Started process (PID=12716) to work on /opt/airflow/dags/silver_processing_dag.py
[2026-09-05T22:12:52.758+0000] {processor.py:830} INFO - Processing file /opt/airflow/dags/silver_processing_dag.py for tasks to queue
[2026-09-05T22:12:52.764+0000] {logging_mixin.py:188} INFO - [2026-09-05T22:12:52.763+0000] {dagbag.py:545} INFO - Filling up the DagBag from /opt/airflow/dags/silver_processing_dag.py
[2026-09-05T22:12:52.823+0000] {processor.py:840} INFO - DAG(s) 'process_silver_layer' retrieved from /opt/airflow/dags/silver_processing_dag.py
[2026-09-05T22:12:52.914+0000] {logging_mixin.py:188} INFO - [2026-09-05T22:12:52.913+0000] {dag.py:3096} INFO - Sync 1 DAGs
[2026-09-05T22:12:52.956+0000] {logging_mixin.py:188} INFO - [2026-09-05T22:12:52.955+0000] {dag.py:3954} INFO - Setting next_dagrun for process_silver_layer to None, run_after=None
[2026-09-05T22:12:53.171+0000] {processor.py:183} INFO - Processing /opt/airflow/dags/silver_processing_dag.py took 0.438 seconds
[2026-09-05T22:13:24.163+0000] {processor.py:161} INFO - Started process (PID=12731) to work on /opt/airflow/dags/silver_processing_dag.py
[2026-09-05T22:13:24.172+0000] {processor.py:830} INFO - Processing file /opt/airflow/dags/silver_processing_dag.py for tasks to queue
[2026-09-05T22:13:24.210+0000] {logging_mixin.py:188} INFO - [2026-09-05T22:13:24.210+0000] {dagbag.py:545} INFO - Filling up the DagBag from /opt/airflow/dags/silver_processing_dag.py
[2026-09-05T22:13:24.308+0000] {processor.py:840} INFO - DAG(s) 'process_silver_layer' retrieved from /opt/airflow/dags/silver_processing_dag.py
[2026-09-05T22:13:24.385+0000] {logging_mixin.py:188} INFO - [2026-09-05T22:13:24.385+0000] {dag.py:3096} INFO - Sync 1 DAGs
[2026-09-05T22:13:24.456+0000] {logging_mixin.py:188} INFO - [2026-09-05T22:13:24.455+0000] {dag.py:3954} INFO - Setting next_dagrun for process_silver_layer to None, run_after=None
[2026-09-05T22:13:24.559+0000] {processor.py:183} INFO - Processing /opt/airflow/dags/silver_processing_dag.py took 0.420 seconds
[2026-09-05T22:13:55.874+0000] {processor.py:161} INFO - Started process (PID=12746) to work on /opt/airflow/dags/silver_processing_dag.py
[2026-09-05T22:13:55.918+0000] {processor.py:830} INFO - Processing file /opt/airflow/dags/silver_processing_dag.py for tasks to queue
[2026-09-05T22:13:56.003+0000] {logging_mixin.py:188} INFO - [2026-09-05T22:13:56.002+0000] {dagbag.py:545} INFO - Filling up the DagBag from /opt/airflow/dags/silver_processing_dag.py
[2026-09-05T22:13:56.375+0000] {processor.py:840} INFO - DAG(s) 'process_silver_layer' retrieved from /opt/airflow/dags/silver_processing_dag.py
[2026-09-05T22:13:56.529+0000] {logging_mixin.py:188} INFO - [2026-09-05T22:13:56.518+0000] {dag.py:3096} INFO - Sync 1 DAGs
[2026-09-05T22:13:56.661+0000] {logging_mixin.py:188} INFO - [2026-09-05T22:13:56.660+0000] {dag.py:3954} INFO - Setting next_dagrun for process_silver_layer to None, run_after=None
[2026-09-05T22:13:56.859+0000] {processor.py:183} INFO - Processing /opt/airflow/dags/silver_processing_dag.py took 1.022 seconds
[2026-09-05T22:14:27.234+0000] {processor.py:161} INFO - Started process (PID=12761) to work on /opt/airflow/dags/silver_processing_dag.py
[2026-09-05T22:14:27.236+0000] {processor.py:830} INFO - Processing file /opt/airflow/dags/silver_processing_dag.py for tasks to queue
[2026-09-05T22:14:27.241+0000] {logging_mixin.py:188} INFO - [2026-09-05T22:14:27.240+0000] {dagbag.py:545} INFO - Filling up the DagBag from /opt/airflow/dags/silver_processing_dag.py
[2026-09-05T22:14:27.281+0000] {processor.py:840} INFO - DAG(s) 'process_silver_layer' retrieved from /opt/airflow/dags/silver_processing_dag.py
[2026-09-05T22:14:27.342+0000] {logging_mixin.py:188} INFO - [2026-09-05T22:14:27.341+0000] {dag.py:3096} INFO - Sync 1 DAGs
[2026-09-05T22:14:27.397+0000] {logging_mixin.py:188} INFO - [2026-09-05T22:14:27.397+0000] {dag.py:3954} INFO - Setting next_dagrun for process_silver_layer to None, run_after=None
[2026-09-05T22:14:27.508+0000] {processor.py:183} INFO - Processing /opt/airflow/dags/silver_processing_dag.py took 0.290 seconds
[2026-09-05T22:14:58.029+0000] {processor.py:161} INFO - Started process (PID=12776) to work on /opt/airflow/dags/silver_processing_dag.py
[2026-09-05T22:14:58.041+0000] {processor.py:830} INFO - Processing file /opt/airflow/dags/silver_processing_dag.py for tasks to queue
[2026-09-05T22:14:58.060+0000] {logging_mixin.py:188} INFO - [2026-09-05T22:14:58.059+0000] {dagbag.py:545} INFO - Filling up the DagBag from /opt/airflow/dags/silver_processing_dag.py
[2026-09-05T22:14:58.406+0000] {processor.py:840} INFO - DAG(s) 'process_silver_layer' retrieved from /opt/airflow/dags/silver_processing_dag.py
[2026-09-05T22:14:58.521+0000] {logging_mixin.py:188} INFO - [2026-09-05T22:14:58.520+0000] {dag.py:3096} INFO - Sync 1 DAGs
[2026-09-05T22:14:58.588+0000] {logging_mixin.py:188} INFO - [2026-09-05T22:14:58.588+0000] {dag.py:3954} INFO - Setting next_dagrun for process_silver_layer to None, run_after=None
[2026-09-05T22:14:58.670+0000] {processor.py:183} INFO - Processing /opt/airflow/dags/silver_processing_dag.py took 0.678 seconds
[2026-09-05T22:15:29.527+0000] {processor.py:161} INFO - Started process (PID=12791) to work on /opt/airflow/dags/silver_processing_dag.py
[2026-09-05T22:15:29.529+0000] {processor.py:830} INFO - Processing file /opt/airflow/dags/silver_processing_dag.py for tasks to queue
[2026-09-05T22:15:29.534+0000] {logging_mixin.py:188} INFO - [2026-09-05T22:15:29.534+0000] {dagbag.py:545} INFO - Filling up the DagBag from /opt/airflow/dags/silver_processing_dag.py
[2026-09-05T22:15:29.574+0000] {processor.py:840} INFO - DAG(s) 'process_silver_layer' retrieved from /opt/airflow/dags/silver_processing_dag.py
[2026-09-05T22:15:29.630+0000] {logging_mixin.py:188} INFO - [2026-09-05T22:15:29.630+0000] {dag.py:3096} INFO - Sync 1 DAGs
[2026-09-05T22:15:29.662+0000] {logging_mixin.py:188} INFO - [2026-09-05T22:15:29.661+0000] {dag.py:3954} INFO - Setting next_dagrun for process_silver_layer to None, run_after=None
[2026-09-05T22:15:29.708+0000] {processor.py:183} INFO - Processing /opt/airflow/dags/silver_processing_dag.py took 0.197 seconds
[2026-09-05T22:16:00.123+0000] {processor.py:161} INFO - Started process (PID=12806) to work on /opt/airflow/dags/silver_processing_dag.py
[2026-09-05T22:16:00.125+0000] {processor.py:830} INFO - Processing file /opt/airflow/dags/silver_processing_dag.py for tasks to queue
[2026-09-05T22:16:00.133+0000] {logging_mixin.py:188} INFO - [2026-09-05T22:16:00.132+0000] {dagbag.py:545} INFO - Filling up the DagBag from /opt/airflow/dags/silver_processing_dag.py
[2026-09-05T22:16:00.176+0000] {processor.py:840} INFO - DAG(s) 'process_silver_layer' retrieved from /opt/airflow/dags/silver_processing_dag.py
[2026-09-05T22:16:00.225+0000] {logging_mixin.py:188} INFO - [2026-09-05T22:16:00.224+0000] {dag.py:3096} INFO - Sync 1 DAGs
[2026-09-05T22:16:00.259+0000] {logging_mixin.py:188} INFO - [2026-09-05T22:16:00.259+0000] {dag.py:3954} INFO - Setting next_dagrun for process_silver_layer to None, run_after=None
[2026-09-05T22:16:00.309+0000] {processor.py:183} INFO - Processing /opt/airflow/dags/silver_processing_dag.py took 0.200 seconds
[2026-09-05T22:16:30.817+0000] {processor.py:161} INFO - Started process (PID=12821) to work on /opt/airflow/dags/silver_processing_dag.py
[2026-09-05T22:16:30.826+0000] {processor.py:830} INFO - Processing file /opt/airflow/dags/silver_processing_dag.py for tasks to queue
[2026-09-05T22:16:30.832+0000] {logging_mixin.py:188} INFO - [2026-09-05T22:16:30.831+0000] {dagbag.py:545} INFO - Filling up the DagBag from /opt/airflow/dags/silver_processing_dag.py
[2026-09-05T22:16:30.898+0000] {processor.py:840} INFO - DAG(s) 'process_silver_layer' retrieved from /opt/airflow/dags/silver_processing_dag.py
[2026-09-05T22:16:31.000+0000] {logging_mixin.py:188} INFO - [2026-09-05T22:16:30.999+0000] {dag.py:3096} INFO - Sync 1 DAGs
[2026-09-05T22:16:31.039+0000] {logging_mixin.py:188} INFO - [2026-09-05T22:16:31.039+0000] {dag.py:3954} INFO - Setting next_dagrun for process_silver_layer to None, run_after=None
[2026-09-05T22:16:31.096+0000] {processor.py:183} INFO - Processing /opt/airflow/dags/silver_processing_dag.py took 0.321 seconds
[2026-09-05T22:17:01.691+0000] {processor.py:161} INFO - Started process (PID=12836) to work on /opt/airflow/dags/silver_processing_dag.py
[2026-09-05T22:17:01.694+0000] {processor.py:830} INFO - Processing file /opt/airflow/dags/silver_processing_dag.py for tasks to queue
[2026-09-05T22:17:01.700+0000] {logging_mixin.py:188} INFO - [2026-09-05T22:17:01.699+0000] {dagbag.py:545} INFO - Filling up the DagBag from /opt/airflow/dags/silver_processing_dag.py
[2026-09-05T22:17:01.746+0000] {processor.py:840} INFO - DAG(s) 'process_silver_layer' retrieved from /opt/airflow/dags/silver_processing_dag.py
[2026-09-05T22:17:01.820+0000] {logging_mixin.py:188} INFO - [2026-09-05T22:17:01.819+0000] {dag.py:3096} INFO - Sync 1 DAGs
[2026-09-05T22:17:01.858+0000] {logging_mixin.py:188} INFO - [2026-09-05T22:17:01.858+0000] {dag.py:3954} INFO - Setting next_dagrun for process_silver_layer to None, run_after=None
[2026-09-05T22:17:01.902+0000] {processor.py:183} INFO - Processing /opt/airflow/dags/silver_processing_dag.py took 0.229 seconds
[2026-09-05T22:17:32.013+0000] {processor.py:161} INFO - Started process (PID=12851) to work on /opt/airflow/dags/silver_processing_dag.py
[2026-09-05T22:17:32.016+0000] {processor.py:830} INFO - Processing file /opt/airflow/dags/silver_processing_dag.py for tasks to queue
[2026-09-05T22:17:32.022+0000] {logging_mixin.py:188} INFO - [2026-09-05T22:17:32.022+0000] {dagbag.py:545} INFO - Filling up the DagBag from /opt/airflow/dags/silver_processing_dag.py
[2026-09-05T22:17:32.067+0000] {processor.py:840} INFO - DAG(s) 'process_silver_layer' retrieved from /opt/airflow/dags/silver_processing_dag.py
[2026-09-05T22:17:32.118+0000] {logging_mixin.py:188} INFO - [2026-09-05T22:17:32.118+0000] {dag.py:3096} INFO - Sync 1 DAGs
[2026-09-05T22:17:32.153+0000] {logging_mixin.py:188} INFO - [2026-09-05T22:17:32.153+0000] {dag.py:3954} INFO - Setting next_dagrun for process_silver_layer to None, run_after=None
[2026-09-05T22:17:32.201+0000] {processor.py:183} INFO - Processing /opt/airflow/dags/silver_processing_dag.py took 0.204 seconds
[2026-09-05T22:18:02.955+0000] {processor.py:161} INFO - Started process (PID=12866) to work on /opt/airflow/dags/silver_processing_dag.py
[2026-09-05T22:18:02.957+0000] {processor.py:830} INFO - Processing file /opt/airflow/dags/silver_processing_dag.py for tasks to queue
[2026-09-05T22:18:02.962+0000] {logging_mixin.py:188} INFO - [2026-09-05T22:18:02.961+0000] {dagbag.py:545} INFO - Filling up the DagBag from /opt/airflow/dags/silver_processing_dag.py
[2026-09-05T22:18:03.005+0000] {processor.py:840} INFO - DAG(s) 'process_silver_layer' retrieved from /opt/airflow/dags/silver_processing_dag.py
[2026-09-05T22:18:03.054+0000] {logging_mixin.py:188} INFO - [2026-09-05T22:18:03.053+0000] {dag.py:3096} INFO - Sync 1 DAGs
[2026-09-05T22:18:03.088+0000] {logging_mixin.py:188} INFO - [2026-09-05T22:18:03.088+0000] {dag.py:3954} INFO - Setting next_dagrun for process_silver_layer to None, run_after=None
[2026-09-05T22:18:03.133+0000] {processor.py:183} INFO - Processing /opt/airflow/dags/silver_processing_dag.py took 0.198 seconds
[2026-09-05T22:18:33.315+0000] {processor.py:161} INFO - Started process (PID=12881) to work on /opt/airflow/dags/silver_processing_dag.py
[2026-09-05T22:18:33.318+0000] {processor.py:830} INFO - Processing file /opt/airflow/dags/silver_processing_dag.py for tasks to queue
[2026-09-05T22:18:33.325+0000] {logging_mixin.py:188} INFO - [2026-09-05T22:18:33.324+0000] {dagbag.py:545} INFO - Filling up the DagBag from /opt/airflow/dags/silver_processing_dag.py
[2026-09-05T22:18:33.376+0000] {processor.py:840} INFO - DAG(s) 'process_silver_layer' retrieved from /opt/airflow/dags/silver_processing_dag.py
[2026-09-05T22:18:33.435+0000] {logging_mixin.py:188} INFO - [2026-09-05T22:18:33.435+0000] {dag.py:3096} INFO - Sync 1 DAGs
[2026-09-05T22:18:33.465+0000] {logging_mixin.py:188} INFO - [2026-09-05T22:18:33.465+0000] {dag.py:3954} INFO - Setting next_dagrun for process_silver_layer to None, run_after=None
[2026-09-05T22:18:33.514+0000] {processor.py:183} INFO - Processing /opt/airflow/dags/silver_processing_dag.py took 0.215 seconds
[2026-09-05T22:19:03.867+0000] {processor.py:161} INFO - Started process (PID=12896) to work on /opt/airflow/dags/silver_processing_dag.py
[2026-09-05T22:19:03.870+0000] {processor.py:830} INFO - Processing file /opt/airflow/dags/silver_processing_dag.py for tasks to queue
[2026-09-05T22:19:03.875+0000] {logging_mixin.py:188} INFO - [2026-09-05T22:19:03.874+0000] {dagbag.py:545} INFO - Filling up the DagBag from /opt/airflow/dags/silver_processing_dag.py
[2026-09-05T22:19:03.918+0000] {processor.py:840} INFO - DAG(s) 'process_silver_layer' retrieved from /opt/airflow/dags/silver_processing_dag.py
[2026-09-05T22:19:03.980+0000] {logging_mixin.py:188} INFO - [2026-09-05T22:19:03.980+0000] {dag.py:3096} INFO - Sync 1 DAGs
[2026-09-05T22:19:04.009+0000] {logging_mixin.py:188} INFO - [2026-09-05T22:19:04.009+0000] {dag.py:3954} INFO - Setting next_dagrun for process_silver_layer to None, run_after=None
[2026-09-05T22:19:04.057+0000] {processor.py:183} INFO - Processing /opt/airflow/dags/silver_processing_dag.py took 0.207 seconds
[2026-09-05T22:19:34.460+0000] {processor.py:161} INFO - Started process (PID=12911) to work on /opt/airflow/dags/silver_processing_dag.py
[2026-09-05T22:19:34.462+0000] {processor.py:830} INFO - Processing file /opt/airflow/dags/silver_processing_dag.py for tasks to queue
[2026-09-05T22:19:34.469+0000] {logging_mixin.py:188} INFO - [2026-09-05T22:19:34.468+0000] {dagbag.py:545} INFO - Filling up the DagBag from /opt/airflow/dags/silver_processing_dag.py
[2026-09-05T22:19:34.511+0000] {processor.py:840} INFO - DAG(s) 'process_silver_layer' retrieved from /opt/airflow/dags/silver_processing_dag.py
[2026-09-05T22:19:34.561+0000] {logging_mixin.py:188} INFO - [2026-09-05T22:19:34.561+0000] {dag.py:3096} INFO - Sync 1 DAGs
[2026-09-05T22:19:34.602+0000] {logging_mixin.py:188} INFO - [2026-09-05T22:19:34.601+0000] {dag.py:3954} INFO - Setting next_dagrun for process_silver_layer to None, run_after=None
[2026-09-05T22:19:34.643+0000] {processor.py:183} INFO - Processing /opt/airflow/dags/silver_processing_dag.py took 0.202 seconds
[2026-09-05T22:20:05.094+0000] {processor.py:161} INFO - Started process (PID=12926) to work on /opt/airflow/dags/silver_processing_dag.py
[2026-09-05T22:20:05.097+0000] {processor.py:830} INFO - Processing file /opt/airflow/dags/silver_processing_dag.py for tasks to queue
[2026-09-05T22:20:05.102+0000] {logging_mixin.py:188} INFO - [2026-09-05T22:20:05.101+0000] {dagbag.py:545} INFO - Filling up the DagBag from /opt/airflow/dags/silver_processing_dag.py
[2026-09-05T22:20:05.138+0000] {processor.py:840} INFO - DAG(s) 'process_silver_layer' retrieved from /opt/airflow/dags/silver_processing_dag.py
[2026-09-05T22:20:05.190+0000] {logging_mixin.py:188} INFO - [2026-09-05T22:20:05.190+0000] {dag.py:3096} INFO - Sync 1 DAGs
[2026-09-05T22:20:05.220+0000] {logging_mixin.py:188} INFO - [2026-09-05T22:20:05.220+0000] {dag.py:3954} INFO - Setting next_dagrun for process_silver_layer to None, run_after=None
[2026-09-05T22:20:05.315+0000] {processor.py:183} INFO - Processing /opt/airflow/dags/silver_processing_dag.py took 0.234 seconds
[2026-09-05T22:20:36.236+0000] {processor.py:161} INFO - Started process (PID=12941) to work on /opt/airflow/dags/silver_processing_dag.py
[2026-09-05T22:20:36.239+0000] {processor.py:830} INFO - Processing file /opt/airflow/dags/silver_processing_dag.py for tasks to queue
[2026-09-05T22:20:36.246+0000] {logging_mixin.py:188} INFO - [2026-09-05T22:20:36.245+0000] {dagbag.py:545} INFO - Filling up the DagBag from /opt/airflow/dags/silver_processing_dag.py
[2026-09-05T22:20:36.288+0000] {processor.py:840} INFO - DAG(s) 'process_silver_layer' retrieved from /opt/airflow/dags/silver_processing_dag.py
[2026-09-05T22:20:36.354+0000] {logging_mixin.py:188} INFO - [2026-09-05T22:20:36.353+0000] {dag.py:3096} INFO - Sync 1 DAGs
[2026-09-05T22:20:36.394+0000] {logging_mixin.py:188} INFO - [2026-09-05T22:20:36.394+0000] {dag.py:3954} INFO - Setting next_dagrun for process_silver_layer to None, run_after=None
[2026-09-05T22:20:36.442+0000] {processor.py:183} INFO - Processing /opt/airflow/dags/silver_processing_dag.py took 0.224 seconds
[2026-09-05T22:21:07.016+0000] {processor.py:161} INFO - Started process (PID=12956) to work on /opt/airflow/dags/silver_processing_dag.py
[2026-09-05T22:21:07.019+0000] {processor.py:830} INFO - Processing file /opt/airflow/dags/silver_processing_dag.py for tasks to queue
[2026-09-05T22:21:07.025+0000] {logging_mixin.py:188} INFO - [2026-09-05T22:21:07.024+0000] {dagbag.py:545} INFO - Filling up the DagBag from /opt/airflow/dags/silver_processing_dag.py
[2026-09-05T22:21:07.068+0000] {processor.py:840} INFO - DAG(s) 'process_silver_layer' retrieved from /opt/airflow/dags/silver_processing_dag.py
[2026-09-05T22:21:07.115+0000] {logging_mixin.py:188} INFO - [2026-09-05T22:21:07.114+0000] {dag.py:3096} INFO - Sync 1 DAGs
[2026-09-05T22:21:07.146+0000] {logging_mixin.py:188} INFO - [2026-09-05T22:21:07.146+0000] {dag.py:3954} INFO - Setting next_dagrun for process_silver_layer to None, run_after=None
[2026-09-05T22:21:07.192+0000] {processor.py:183} INFO - Processing /opt/airflow/dags/silver_processing_dag.py took 0.195 seconds
[2026-09-05T22:21:37.971+0000] {processor.py:161} INFO - Started process (PID=12971) to work on /opt/airflow/dags/silver_processing_dag.py
[2026-09-05T22:21:37.975+0000] {processor.py:830} INFO - Processing file /opt/airflow/dags/silver_processing_dag.py for tasks to queue
[2026-09-05T22:21:37.982+0000] {logging_mixin.py:188} INFO - [2026-09-05T22:21:37.982+0000] {dagbag.py:545} INFO - Filling up the DagBag from /opt/airflow/dags/silver_processing_dag.py
[2026-09-05T22:21:38.019+0000] {processor.py:840} INFO - DAG(s) 'process_silver_layer' retrieved from /opt/airflow/dags/silver_processing_dag.py
[2026-09-05T22:21:38.069+0000] {logging_mixin.py:188} INFO - [2026-09-05T22:21:38.069+0000] {dag.py:3096} INFO - Sync 1 DAGs
[2026-09-05T22:21:38.104+0000] {logging_mixin.py:188} INFO - [2026-09-05T22:21:38.103+0000] {dag.py:3954} INFO - Setting next_dagrun for process_silver_layer to None, run_after=None
[2026-09-05T22:21:38.151+0000] {processor.py:183} INFO - Processing /opt/airflow/dags/silver_processing_dag.py took 0.195 seconds
[2026-09-05T22:22:08.960+0000] {processor.py:161} INFO - Started process (PID=12986) to work on /opt/airflow/dags/silver_processing_dag.py
[2026-09-05T22:22:08.985+0000] {processor.py:830} INFO - Processing file /opt/airflow/dags/silver_processing_dag.py for tasks to queue
[2026-09-05T22:22:09.005+0000] {logging_mixin.py:188} INFO - [2026-09-05T22:22:09.004+0000] {dagbag.py:545} INFO - Filling up the DagBag from /opt/airflow/dags/silver_processing_dag.py
[2026-09-05T22:22:09.100+0000] {processor.py:840} INFO - DAG(s) 'process_silver_layer' retrieved from /opt/airflow/dags/silver_processing_dag.py
[2026-09-05T22:22:09.159+0000] {logging_mixin.py:188} INFO - [2026-09-05T22:22:09.158+0000] {dag.py:3096} INFO - Sync 1 DAGs
[2026-09-05T22:22:09.202+0000] {logging_mixin.py:188} INFO - [2026-09-05T22:22:09.202+0000] {dag.py:3954} INFO - Setting next_dagrun for process_silver_layer to None, run_after=None
[2026-09-05T22:22:09.257+0000] {processor.py:183} INFO - Processing /opt/airflow/dags/silver_processing_dag.py took 0.326 seconds
[2026-09-05T22:22:40.048+0000] {processor.py:161} INFO - Started process (PID=13001) to work on /opt/airflow/dags/silver_processing_dag.py
[2026-09-05T22:22:40.050+0000] {processor.py:830} INFO - Processing file /opt/airflow/dags/silver_processing_dag.py for tasks to queue
[2026-09-05T22:22:40.055+0000] {logging_mixin.py:188} INFO - [2026-09-05T22:22:40.055+0000] {dagbag.py:545} INFO - Filling up the DagBag from /opt/airflow/dags/silver_processing_dag.py
[2026-09-05T22:22:40.092+0000] {processor.py:840} INFO - DAG(s) 'process_silver_layer' retrieved from /opt/airflow/dags/silver_processing_dag.py
[2026-09-05T22:22:40.147+0000] {logging_mixin.py:188} INFO - [2026-09-05T22:22:40.146+0000] {dag.py:3096} INFO - Sync 1 DAGs
[2026-09-05T22:22:40.178+0000] {logging_mixin.py:188} INFO - [2026-09-05T22:22:40.177+0000] {dag.py:3954} INFO - Setting next_dagrun for process_silver_layer to None, run_after=None
[2026-09-05T22:22:40.221+0000] {processor.py:183} INFO - Processing /opt/airflow/dags/silver_processing_dag.py took 0.188 seconds
[2026-09-05T22:23:10.661+0000] {processor.py:161} INFO - Started process (PID=13016) to work on /opt/airflow/dags/silver_processing_dag.py
[2026-09-05T22:23:10.664+0000] {processor.py:830} INFO - Processing file /opt/airflow/dags/silver_processing_dag.py for tasks to queue
[2026-09-05T22:23:10.669+0000] {logging_mixin.py:188} INFO - [2026-09-05T22:23:10.669+0000] {dagbag.py:545} INFO - Filling up the DagBag from /opt/airflow/dags/silver_processing_dag.py
[2026-09-05T22:23:10.706+0000] {processor.py:840} INFO - DAG(s) 'process_silver_layer' retrieved from /opt/airflow/dags/silver_processing_dag.py
[2026-09-05T22:23:10.765+0000] {logging_mixin.py:188} INFO - [2026-09-05T22:23:10.765+0000] {dag.py:3096} INFO - Sync 1 DAGs
[2026-09-05T22:23:10.797+0000] {logging_mixin.py:188} INFO - [2026-09-05T22:23:10.797+0000] {dag.py:3954} INFO - Setting next_dagrun for process_silver_layer to None, run_after=None
[2026-09-05T22:23:10.861+0000] {processor.py:183} INFO - Processing /opt/airflow/dags/silver_processing_dag.py took 0.217 seconds
[2026-09-05T22:23:41.294+0000] {processor.py:161} INFO - Started process (PID=13031) to work on /opt/airflow/dags/silver_processing_dag.py
[2026-09-05T22:23:41.297+0000] {processor.py:830} INFO - Processing file /opt/airflow/dags/silver_processing_dag.py for tasks to queue
[2026-09-05T22:23:41.304+0000] {logging_mixin.py:188} INFO - [2026-09-05T22:23:41.303+0000] {dagbag.py:545} INFO - Filling up the DagBag from /opt/airflow/dags/silver_processing_dag.py
[2026-09-05T22:23:41.391+0000] {processor.py:840} INFO - DAG(s) 'process_silver_layer' retrieved from /opt/airflow/dags/silver_processing_dag.py
[2026-09-05T22:23:41.564+0000] {logging_mixin.py:188} INFO - [2026-09-05T22:23:41.563+0000] {dag.py:3096} INFO - Sync 1 DAGs
[2026-09-05T22:23:41.661+0000] {logging_mixin.py:188} INFO - [2026-09-05T22:23:41.660+0000] {dag.py:3954} INFO - Setting next_dagrun for process_silver_layer to None, run_after=None
[2026-09-05T22:23:41.811+0000] {processor.py:183} INFO - Processing /opt/airflow/dags/silver_processing_dag.py took 0.543 seconds
[2026-09-05T22:24:12.147+0000] {processor.py:161} INFO - Started process (PID=13046) to work on /opt/airflow/dags/silver_processing_dag.py
[2026-09-05T22:24:12.152+0000] {processor.py:830} INFO - Processing file /opt/airflow/dags/silver_processing_dag.py for tasks to queue
[2026-09-05T22:24:12.162+0000] {logging_mixin.py:188} INFO - [2026-09-05T22:24:12.161+0000] {dagbag.py:545} INFO - Filling up the DagBag from /opt/airflow/dags/silver_processing_dag.py
[2026-09-05T22:24:12.208+0000] {processor.py:840} INFO - DAG(s) 'process_silver_layer' retrieved from /opt/airflow/dags/silver_processing_dag.py
[2026-09-05T22:24:12.281+0000] {logging_mixin.py:188} INFO - [2026-09-05T22:24:12.281+0000] {dag.py:3096} INFO - Sync 1 DAGs
[2026-09-05T22:24:12.326+0000] {logging_mixin.py:188} INFO - [2026-09-05T22:24:12.325+0000] {dag.py:3954} INFO - Setting next_dagrun for process_silver_layer to None, run_after=None
[2026-09-05T22:24:12.439+0000] {processor.py:183} INFO - Processing /opt/airflow/dags/silver_processing_dag.py took 0.308 seconds
[2026-09-05T22:24:43.097+0000] {processor.py:161} INFO - Started process (PID=13061) to work on /opt/airflow/dags/silver_processing_dag.py
[2026-09-05T22:24:43.100+0000] {processor.py:830} INFO - Processing file /opt/airflow/dags/silver_processing_dag.py for tasks to queue
[2026-09-05T22:24:43.108+0000] {logging_mixin.py:188} INFO - [2026-09-05T22:24:43.107+0000] {dagbag.py:545} INFO - Filling up the DagBag from /opt/airflow/dags/silver_processing_dag.py
[2026-09-05T22:24:43.151+0000] {processor.py:840} INFO - DAG(s) 'process_silver_layer' retrieved from /opt/airflow/dags/silver_processing_dag.py
[2026-09-05T22:24:43.266+0000] {logging_mixin.py:188} INFO - [2026-09-05T22:24:43.266+0000] {dag.py:3096} INFO - Sync 1 DAGs
[2026-09-05T22:24:43.361+0000] {logging_mixin.py:188} INFO - [2026-09-05T22:24:43.360+0000] {dag.py:3954} INFO - Setting next_dagrun for process_silver_layer to None, run_after=None
[2026-09-05T22:24:43.424+0000] {processor.py:183} INFO - Processing /opt/airflow/dags/silver_processing_dag.py took 0.346 seconds
[2026-09-05T22:25:14.027+0000] {processor.py:161} INFO - Started process (PID=13076) to work on /opt/airflow/dags/silver_processing_dag.py
[2026-09-05T22:25:14.044+0000] {processor.py:830} INFO - Processing file /opt/airflow/dags/silver_processing_dag.py for tasks to queue
[2026-09-05T22:25:14.051+0000] {logging_mixin.py:188} INFO - [2026-09-05T22:25:14.050+0000] {dagbag.py:545} INFO - Filling up the DagBag from /opt/airflow/dags/silver_processing_dag.py
[2026-09-05T22:25:14.130+0000] {processor.py:840} INFO - DAG(s) 'process_silver_layer' retrieved from /opt/airflow/dags/silver_processing_dag.py
[2026-09-05T22:25:14.193+0000] {logging_mixin.py:188} INFO - [2026-09-05T22:25:14.192+0000] {dag.py:3096} INFO - Sync 1 DAGs
[2026-09-05T22:25:14.227+0000] {logging_mixin.py:188} INFO - [2026-09-05T22:25:14.227+0000] {dag.py:3954} INFO - Setting next_dagrun for process_silver_layer to None, run_after=None
[2026-09-05T22:25:14.279+0000] {processor.py:183} INFO - Processing /opt/airflow/dags/silver_processing_dag.py took 0.288 seconds
[2026-09-05T22:25:44.580+0000] {processor.py:161} INFO - Started process (PID=13091) to work on /opt/airflow/dags/silver_processing_dag.py
[2026-09-05T22:25:44.584+0000] {processor.py:830} INFO - Processing file /opt/airflow/dags/silver_processing_dag.py for tasks to queue
[2026-09-05T22:25:44.597+0000] {logging_mixin.py:188} INFO - [2026-09-05T22:25:44.596+0000] {dagbag.py:545} INFO - Filling up the DagBag from /opt/airflow/dags/silver_processing_dag.py
[2026-09-05T22:25:44.654+0000] {processor.py:840} INFO - DAG(s) 'process_silver_layer' retrieved from /opt/airflow/dags/silver_processing_dag.py
[2026-09-05T22:25:44.702+0000] {logging_mixin.py:188} INFO - [2026-09-05T22:25:44.702+0000] {dag.py:3096} INFO - Sync 1 DAGs
[2026-09-05T22:25:44.735+0000] {logging_mixin.py:188} INFO - [2026-09-05T22:25:44.735+0000] {dag.py:3954} INFO - Setting next_dagrun for process_silver_layer to None, run_after=None
[2026-09-05T22:25:44.783+0000] {processor.py:183} INFO - Processing /opt/airflow/dags/silver_processing_dag.py took 0.224 seconds
[2026-09-05T22:26:15.643+0000] {processor.py:161} INFO - Started process (PID=13106) to work on /opt/airflow/dags/silver_processing_dag.py
[2026-09-05T22:26:15.648+0000] {processor.py:830} INFO - Processing file /opt/airflow/dags/silver_processing_dag.py for tasks to queue
[2026-09-05T22:26:15.655+0000] {logging_mixin.py:188} INFO - [2026-09-05T22:26:15.655+0000] {dagbag.py:545} INFO - Filling up the DagBag from /opt/airflow/dags/silver_processing_dag.py
[2026-09-05T22:26:15.707+0000] {processor.py:840} INFO - DAG(s) 'process_silver_layer' retrieved from /opt/airflow/dags/silver_processing_dag.py
[2026-09-05T22:26:15.777+0000] {logging_mixin.py:188} INFO - [2026-09-05T22:26:15.777+0000] {dag.py:3096} INFO - Sync 1 DAGs
[2026-09-05T22:26:15.827+0000] {logging_mixin.py:188} INFO - [2026-09-05T22:26:15.826+0000] {dag.py:3954} INFO - Setting next_dagrun for process_silver_layer to None, run_after=None
[2026-09-05T22:26:15.920+0000] {processor.py:183} INFO - Processing /opt/airflow/dags/silver_processing_dag.py took 0.302 seconds
[2026-09-05T22:26:46.809+0000] {processor.py:161} INFO - Started process (PID=13121) to work on /opt/airflow/dags/silver_processing_dag.py
[2026-09-05T22:26:46.817+0000] {processor.py:830} INFO - Processing file /opt/airflow/dags/silver_processing_dag.py for tasks to queue
[2026-09-05T22:26:46.825+0000] {logging_mixin.py:188} INFO - [2026-09-05T22:26:46.824+0000] {dagbag.py:545} INFO - Filling up the DagBag from /opt/airflow/dags/silver_processing_dag.py
[2026-09-05T22:26:46.902+0000] {processor.py:840} INFO - DAG(s) 'process_silver_layer' retrieved from /opt/airflow/dags/silver_processing_dag.py
[2026-09-05T22:26:47.013+0000] {logging_mixin.py:188} INFO - [2026-09-05T22:26:47.013+0000] {dag.py:3096} INFO - Sync 1 DAGs
[2026-09-05T22:26:47.053+0000] {logging_mixin.py:188} INFO - [2026-09-05T22:26:47.052+0000] {dag.py:3954} INFO - Setting next_dagrun for process_silver_layer to None, run_after=None
[2026-09-05T22:26:47.120+0000] {processor.py:183} INFO - Processing /opt/airflow/dags/silver_processing_dag.py took 0.334 seconds
[2026-09-05T22:27:17.585+0000] {processor.py:161} INFO - Started process (PID=13136) to work on /opt/airflow/dags/silver_processing_dag.py
[2026-09-05T22:27:17.589+0000] {processor.py:830} INFO - Processing file /opt/airflow/dags/silver_processing_dag.py for tasks to queue
[2026-09-05T22:27:17.598+0000] {logging_mixin.py:188} INFO - [2026-09-05T22:27:17.597+0000] {dagbag.py:545} INFO - Filling up the DagBag from /opt/airflow/dags/silver_processing_dag.py
[2026-09-05T22:27:17.646+0000] {processor.py:840} INFO - DAG(s) 'process_silver_layer' retrieved from /opt/airflow/dags/silver_processing_dag.py
[2026-09-05T22:27:17.690+0000] {logging_mixin.py:188} INFO - [2026-09-05T22:27:17.690+0000] {dag.py:3096} INFO - Sync 1 DAGs
[2026-09-05T22:27:17.719+0000] {logging_mixin.py:188} INFO - [2026-09-05T22:27:17.718+0000] {dag.py:3954} INFO - Setting next_dagrun for process_silver_layer to None, run_after=None
[2026-09-05T22:27:17.772+0000] {processor.py:183} INFO - Processing /opt/airflow/dags/silver_processing_dag.py took 0.212 seconds
[2026-09-05T22:27:48.379+0000] {processor.py:161} INFO - Started process (PID=13151) to work on /opt/airflow/dags/silver_processing_dag.py
[2026-09-05T22:27:48.382+0000] {processor.py:830} INFO - Processing file /opt/airflow/dags/silver_processing_dag.py for tasks to queue
[2026-09-05T22:27:48.388+0000] {logging_mixin.py:188} INFO - [2026-09-05T22:27:48.387+0000] {dagbag.py:545} INFO - Filling up the DagBag from /opt/airflow/dags/silver_processing_dag.py
[2026-09-05T22:27:48.428+0000] {processor.py:840} INFO - DAG(s) 'process_silver_layer' retrieved from /opt/airflow/dags/silver_processing_dag.py
[2026-09-05T22:27:48.485+0000] {logging_mixin.py:188} INFO - [2026-09-05T22:27:48.484+0000] {dag.py:3096} INFO - Sync 1 DAGs
[2026-09-05T22:27:48.515+0000] {logging_mixin.py:188} INFO - [2026-09-05T22:27:48.515+0000] {dag.py:3954} INFO - Setting next_dagrun for process_silver_layer to None, run_after=None
[2026-09-05T22:27:48.567+0000] {processor.py:183} INFO - Processing /opt/airflow/dags/silver_processing_dag.py took 0.203 seconds
[2026-09-05T22:28:19.323+0000] {processor.py:161} INFO - Started process (PID=13166) to work on /opt/airflow/dags/silver_processing_dag.py
[2026-09-05T22:28:19.326+0000] {processor.py:830} INFO - Processing file /opt/airflow/dags/silver_processing_dag.py for tasks to queue
[2026-09-05T22:28:19.341+0000] {logging_mixin.py:188} INFO - [2026-09-05T22:28:19.340+0000] {dagbag.py:545} INFO - Filling up the DagBag from /opt/airflow/dags/silver_processing_dag.py
[2026-09-05T22:28:19.412+0000] {processor.py:840} INFO - DAG(s) 'process_silver_layer' retrieved from /opt/airflow/dags/silver_processing_dag.py
[2026-09-05T22:28:19.472+0000] {logging_mixin.py:188} INFO - [2026-09-05T22:28:19.472+0000] {dag.py:3096} INFO - Sync 1 DAGs
[2026-09-05T22:28:19.509+0000] {logging_mixin.py:188} INFO - [2026-09-05T22:28:19.508+0000] {dag.py:3954} INFO - Setting next_dagrun for process_silver_layer to None, run_after=None
[2026-09-05T22:28:19.550+0000] {processor.py:183} INFO - Processing /opt/airflow/dags/silver_processing_dag.py took 0.251 seconds
[2026-09-05T22:28:50.073+0000] {processor.py:161} INFO - Started process (PID=13181) to work on /opt/airflow/dags/silver_processing_dag.py
[2026-09-05T22:28:50.076+0000] {processor.py:830} INFO - Processing file /opt/airflow/dags/silver_processing_dag.py for tasks to queue
[2026-09-05T22:28:50.084+0000] {logging_mixin.py:188} INFO - [2026-09-05T22:28:50.083+0000] {dagbag.py:545} INFO - Filling up the DagBag from /opt/airflow/dags/silver_processing_dag.py
[2026-09-05T22:28:50.141+0000] {processor.py:840} INFO - DAG(s) 'process_silver_layer' retrieved from /opt/airflow/dags/silver_processing_dag.py
[2026-09-05T22:28:50.242+0000] {logging_mixin.py:188} INFO - [2026-09-05T22:28:50.241+0000] {dag.py:3096} INFO - Sync 1 DAGs
[2026-09-05T22:28:50.271+0000] {logging_mixin.py:188} INFO - [2026-09-05T22:28:50.271+0000] {dag.py:3954} INFO - Setting next_dagrun for process_silver_layer to None, run_after=None
[2026-09-05T22:28:50.326+0000] {processor.py:183} INFO - Processing /opt/airflow/dags/silver_processing_dag.py took 0.271 seconds
[2026-09-05T22:29:20.936+0000] {processor.py:161} INFO - Started process (PID=13196) to work on /opt/airflow/dags/silver_processing_dag.py
[2026-09-05T22:29:20.938+0000] {processor.py:830} INFO - Processing file /opt/airflow/dags/silver_processing_dag.py for tasks to queue
[2026-09-05T22:29:20.943+0000] {logging_mixin.py:188} INFO - [2026-09-05T22:29:20.942+0000] {dagbag.py:545} INFO - Filling up the DagBag from /opt/airflow/dags/silver_processing_dag.py
[2026-09-05T22:29:20.985+0000] {processor.py:840} INFO - DAG(s) 'process_silver_layer' retrieved from /opt/airflow/dags/silver_processing_dag.py
[2026-09-05T22:29:21.039+0000] {logging_mixin.py:188} INFO - [2026-09-05T22:29:21.038+0000] {dag.py:3096} INFO - Sync 1 DAGs
[2026-09-05T22:29:21.068+0000] {logging_mixin.py:188} INFO - [2026-09-05T22:29:21.068+0000] {dag.py:3954} INFO - Setting next_dagrun for process_silver_layer to None, run_after=None
[2026-09-05T22:29:21.114+0000] {processor.py:183} INFO - Processing /opt/airflow/dags/silver_processing_dag.py took 0.197 seconds
[2026-09-05T22:29:51.638+0000] {processor.py:161} INFO - Started process (PID=13211) to work on /opt/airflow/dags/silver_processing_dag.py
[2026-09-05T22:29:51.641+0000] {processor.py:830} INFO - Processing file /opt/airflow/dags/silver_processing_dag.py for tasks to queue
[2026-09-05T22:29:51.649+0000] {logging_mixin.py:188} INFO - [2026-09-05T22:29:51.648+0000] {dagbag.py:545} INFO - Filling up the DagBag from /opt/airflow/dags/silver_processing_dag.py
[2026-09-05T22:29:51.697+0000] {processor.py:840} INFO - DAG(s) 'process_silver_layer' retrieved from /opt/airflow/dags/silver_processing_dag.py
[2026-09-05T22:29:51.758+0000] {logging_mixin.py:188} INFO - [2026-09-05T22:29:51.757+0000] {dag.py:3096} INFO - Sync 1 DAGs
[2026-09-05T22:29:51.825+0000] {logging_mixin.py:188} INFO - [2026-09-05T22:29:51.817+0000] {dag.py:3954} INFO - Setting next_dagrun for process_silver_layer to None, run_after=None
[2026-09-05T22:29:51.897+0000] {processor.py:183} INFO - Processing /opt/airflow/dags/silver_processing_dag.py took 0.290 seconds
[2026-09-05T22:30:22.577+0000] {processor.py:161} INFO - Started process (PID=13226) to work on /opt/airflow/dags/silver_processing_dag.py
[2026-09-05T22:30:22.580+0000] {processor.py:830} INFO - Processing file /opt/airflow/dags/silver_processing_dag.py for tasks to queue
[2026-09-05T22:30:22.585+0000] {logging_mixin.py:188} INFO - [2026-09-05T22:30:22.584+0000] {dagbag.py:545} INFO - Filling up the DagBag from /opt/airflow/dags/silver_processing_dag.py
[2026-09-05T22:30:22.624+0000] {processor.py:840} INFO - DAG(s) 'process_silver_layer' retrieved from /opt/airflow/dags/silver_processing_dag.py
[2026-09-05T22:30:22.691+0000] {logging_mixin.py:188} INFO - [2026-09-05T22:30:22.691+0000] {dag.py:3096} INFO - Sync 1 DAGs
[2026-09-05T22:30:22.750+0000] {logging_mixin.py:188} INFO - [2026-09-05T22:30:22.750+0000] {dag.py:3954} INFO - Setting next_dagrun for process_silver_layer to None, run_after=None
[2026-09-05T22:30:22.822+0000] {processor.py:183} INFO - Processing /opt/airflow/dags/silver_processing_dag.py took 0.263 seconds
[2026-09-05T22:30:53.482+0000] {processor.py:161} INFO - Started process (PID=13241) to work on /opt/airflow/dags/silver_processing_dag.py
[2026-09-05T22:30:53.484+0000] {processor.py:830} INFO - Processing file /opt/airflow/dags/silver_processing_dag.py for tasks to queue
[2026-09-05T22:30:53.490+0000] {logging_mixin.py:188} INFO - [2026-09-05T22:30:53.489+0000] {dagbag.py:545} INFO - Filling up the DagBag from /opt/airflow/dags/silver_processing_dag.py
[2026-09-05T22:30:53.526+0000] {processor.py:840} INFO - DAG(s) 'process_silver_layer' retrieved from /opt/airflow/dags/silver_processing_dag.py
[2026-09-05T22:30:53.580+0000] {logging_mixin.py:188} INFO - [2026-09-05T22:30:53.579+0000] {dag.py:3096} INFO - Sync 1 DAGs
[2026-09-05T22:30:53.611+0000] {logging_mixin.py:188} INFO - [2026-09-05T22:30:53.610+0000] {dag.py:3954} INFO - Setting next_dagrun for process_silver_layer to None, run_after=None
[2026-09-05T22:30:53.656+0000] {processor.py:183} INFO - Processing /opt/airflow/dags/silver_processing_dag.py took 0.186 seconds
[2026-09-05T22:31:24.149+0000] {processor.py:161} INFO - Started process (PID=13256) to work on /opt/airflow/dags/silver_processing_dag.py
[2026-09-05T22:31:24.152+0000] {processor.py:830} INFO - Processing file /opt/airflow/dags/silver_processing_dag.py for tasks to queue
[2026-09-05T22:31:24.157+0000] {logging_mixin.py:188} INFO - [2026-09-05T22:31:24.156+0000] {dagbag.py:545} INFO - Filling up the DagBag from /opt/airflow/dags/silver_processing_dag.py
[2026-09-05T22:31:24.202+0000] {processor.py:840} INFO - DAG(s) 'process_silver_layer' retrieved from /opt/airflow/dags/silver_processing_dag.py
[2026-09-05T22:31:24.257+0000] {logging_mixin.py:188} INFO - [2026-09-05T22:31:24.257+0000] {dag.py:3096} INFO - Sync 1 DAGs
[2026-09-05T22:31:24.296+0000] {logging_mixin.py:188} INFO - [2026-09-05T22:31:24.296+0000] {dag.py:3954} INFO - Setting next_dagrun for process_silver_layer to None, run_after=None
[2026-09-05T22:31:24.342+0000] {processor.py:183} INFO - Processing /opt/airflow/dags/silver_processing_dag.py took 0.211 seconds
[2026-09-05T22:31:54.743+0000] {processor.py:161} INFO - Started process (PID=13271) to work on /opt/airflow/dags/silver_processing_dag.py
[2026-09-05T22:31:54.746+0000] {processor.py:830} INFO - Processing file /opt/airflow/dags/silver_processing_dag.py for tasks to queue
[2026-09-05T22:31:54.752+0000] {logging_mixin.py:188} INFO - [2026-09-05T22:31:54.751+0000] {dagbag.py:545} INFO - Filling up the DagBag from /opt/airflow/dags/silver_processing_dag.py
[2026-09-05T22:31:54.795+0000] {processor.py:840} INFO - DAG(s) 'process_silver_layer' retrieved from /opt/airflow/dags/silver_processing_dag.py
[2026-09-05T22:31:54.846+0000] {logging_mixin.py:188} INFO - [2026-09-05T22:31:54.845+0000] {dag.py:3096} INFO - Sync 1 DAGs
[2026-09-05T22:31:54.878+0000] {logging_mixin.py:188} INFO - [2026-09-05T22:31:54.878+0000] {dag.py:3954} INFO - Setting next_dagrun for process_silver_layer to None, run_after=None
[2026-09-05T22:31:54.924+0000] {processor.py:183} INFO - Processing /opt/airflow/dags/silver_processing_dag.py took 0.198 seconds
[2026-09-05T22:32:25.017+0000] {processor.py:161} INFO - Started process (PID=13286) to work on /opt/airflow/dags/silver_processing_dag.py
[2026-09-05T22:32:25.020+0000] {processor.py:830} INFO - Processing file /opt/airflow/dags/silver_processing_dag.py for tasks to queue
[2026-09-05T22:32:25.026+0000] {logging_mixin.py:188} INFO - [2026-09-05T22:32:25.025+0000] {dagbag.py:545} INFO - Filling up the DagBag from /opt/airflow/dags/silver_processing_dag.py
[2026-09-05T22:32:25.068+0000] {processor.py:840} INFO - DAG(s) 'process_silver_layer' retrieved from /opt/airflow/dags/silver_processing_dag.py
[2026-09-05T22:32:25.119+0000] {logging_mixin.py:188} INFO - [2026-09-05T22:32:25.119+0000] {dag.py:3096} INFO - Sync 1 DAGs
[2026-09-05T22:32:25.155+0000] {logging_mixin.py:188} INFO - [2026-09-05T22:32:25.155+0000] {dag.py:3954} INFO - Setting next_dagrun for process_silver_layer to None, run_after=None
[2026-09-05T22:32:25.198+0000] {processor.py:183} INFO - Processing /opt/airflow/dags/silver_processing_dag.py took 0.194 seconds
[2026-09-05T22:32:55.745+0000] {processor.py:161} INFO - Started process (PID=13301) to work on /opt/airflow/dags/silver_processing_dag.py
[2026-09-05T22:32:55.748+0000] {processor.py:830} INFO - Processing file /opt/airflow/dags/silver_processing_dag.py for tasks to queue
[2026-09-05T22:32:55.753+0000] {logging_mixin.py:188} INFO - [2026-09-05T22:32:55.752+0000] {dagbag.py:545} INFO - Filling up the DagBag from /opt/airflow/dags/silver_processing_dag.py
[2026-09-05T22:32:55.796+0000] {processor.py:840} INFO - DAG(s) 'process_silver_layer' retrieved from /opt/airflow/dags/silver_processing_dag.py
[2026-09-05T22:32:55.846+0000] {logging_mixin.py:188} INFO - [2026-09-05T22:32:55.845+0000] {dag.py:3096} INFO - Sync 1 DAGs
[2026-09-05T22:32:55.891+0000] {logging_mixin.py:188} INFO - [2026-09-05T22:32:55.891+0000] {dag.py:3954} INFO - Setting next_dagrun for process_silver_layer to None, run_after=None
[2026-09-05T22:32:55.936+0000] {processor.py:183} INFO - Processing /opt/airflow/dags/silver_processing_dag.py took 0.208 seconds
[2026-09-05T22:33:26.521+0000] {processor.py:161} INFO - Started process (PID=13316) to work on /opt/airflow/dags/silver_processing_dag.py
[2026-09-05T22:33:26.524+0000] {processor.py:830} INFO - Processing file /opt/airflow/dags/silver_processing_dag.py for tasks to queue
[2026-09-05T22:33:26.536+0000] {logging_mixin.py:188} INFO - [2026-09-05T22:33:26.535+0000] {dagbag.py:545} INFO - Filling up the DagBag from /opt/airflow/dags/silver_processing_dag.py
[2026-09-05T22:33:26.587+0000] {processor.py:840} INFO - DAG(s) 'process_silver_layer' retrieved from /opt/airflow/dags/silver_processing_dag.py
[2026-09-05T22:33:26.658+0000] {logging_mixin.py:188} INFO - [2026-09-05T22:33:26.657+0000] {dag.py:3096} INFO - Sync 1 DAGs
[2026-09-05T22:33:26.698+0000] {logging_mixin.py:188} INFO - [2026-09-05T22:33:26.698+0000] {dag.py:3954} INFO - Setting next_dagrun for process_silver_layer to None, run_after=None
[2026-09-05T22:33:26.752+0000] {processor.py:183} INFO - Processing /opt/airflow/dags/silver_processing_dag.py took 0.244 seconds
[2026-09-05T22:33:57.216+0000] {processor.py:161} INFO - Started process (PID=13331) to work on /opt/airflow/dags/silver_processing_dag.py
[2026-09-05T22:33:57.219+0000] {processor.py:830} INFO - Processing file /opt/airflow/dags/silver_processing_dag.py for tasks to queue
[2026-09-05T22:33:57.228+0000] {logging_mixin.py:188} INFO - [2026-09-05T22:33:57.225+0000] {dagbag.py:545} INFO - Filling up the DagBag from /opt/airflow/dags/silver_processing_dag.py
[2026-09-05T22:33:57.288+0000] {processor.py:840} INFO - DAG(s) 'process_silver_layer' retrieved from /opt/airflow/dags/silver_processing_dag.py
[2026-09-05T22:33:57.354+0000] {logging_mixin.py:188} INFO - [2026-09-05T22:33:57.354+0000] {dag.py:3096} INFO - Sync 1 DAGs
[2026-09-05T22:33:57.388+0000] {logging_mixin.py:188} INFO - [2026-09-05T22:33:57.388+0000] {dag.py:3954} INFO - Setting next_dagrun for process_silver_layer to None, run_after=None
[2026-09-05T22:33:57.453+0000] {processor.py:183} INFO - Processing /opt/airflow/dags/silver_processing_dag.py took 0.252 seconds
[2026-09-05T22:34:28.127+0000] {processor.py:161} INFO - Started process (PID=13346) to work on /opt/airflow/dags/silver_processing_dag.py
[2026-09-05T22:34:28.130+0000] {processor.py:830} INFO - Processing file /opt/airflow/dags/silver_processing_dag.py for tasks to queue
[2026-09-05T22:34:28.137+0000] {logging_mixin.py:188} INFO - [2026-09-05T22:34:28.134+0000] {dagbag.py:545} INFO - Filling up the DagBag from /opt/airflow/dags/silver_processing_dag.py
[2026-09-05T22:34:28.180+0000] {processor.py:840} INFO - DAG(s) 'process_silver_layer' retrieved from /opt/airflow/dags/silver_processing_dag.py
[2026-09-05T22:34:28.232+0000] {logging_mixin.py:188} INFO - [2026-09-05T22:34:28.232+0000] {dag.py:3096} INFO - Sync 1 DAGs
[2026-09-05T22:34:28.269+0000] {logging_mixin.py:188} INFO - [2026-09-05T22:34:28.269+0000] {dag.py:3954} INFO - Setting next_dagrun for process_silver_layer to None, run_after=None
[2026-09-05T22:34:28.314+0000] {processor.py:183} INFO - Processing /opt/airflow/dags/silver_processing_dag.py took 0.208 seconds
[2026-09-05T22:34:58.858+0000] {processor.py:161} INFO - Started process (PID=13361) to work on /opt/airflow/dags/silver_processing_dag.py
[2026-09-05T22:34:58.861+0000] {processor.py:830} INFO - Processing file /opt/airflow/dags/silver_processing_dag.py for tasks to queue
[2026-09-05T22:34:58.867+0000] {logging_mixin.py:188} INFO - [2026-09-05T22:34:58.866+0000] {dagbag.py:545} INFO - Filling up the DagBag from /opt/airflow/dags/silver_processing_dag.py
[2026-09-05T22:34:58.911+0000] {processor.py:840} INFO - DAG(s) 'process_silver_layer' retrieved from /opt/airflow/dags/silver_processing_dag.py
[2026-09-05T22:34:58.957+0000] {logging_mixin.py:188} INFO - [2026-09-05T22:34:58.957+0000] {dag.py:3096} INFO - Sync 1 DAGs
[2026-09-05T22:34:58.986+0000] {logging_mixin.py:188} INFO - [2026-09-05T22:34:58.986+0000] {dag.py:3954} INFO - Setting next_dagrun for process_silver_layer to None, run_after=None
[2026-09-05T22:34:59.037+0000] {processor.py:183} INFO - Processing /opt/airflow/dags/silver_processing_dag.py took 0.199 seconds
[2026-09-05T22:35:29.759+0000] {processor.py:161} INFO - Started process (PID=13376) to work on /opt/airflow/dags/silver_processing_dag.py
[2026-09-05T22:35:29.761+0000] {processor.py:830} INFO - Processing file /opt/airflow/dags/silver_processing_dag.py for tasks to queue
[2026-09-05T22:35:29.767+0000] {logging_mixin.py:188} INFO - [2026-09-05T22:35:29.766+0000] {dagbag.py:545} INFO - Filling up the DagBag from /opt/airflow/dags/silver_processing_dag.py
[2026-09-05T22:35:29.815+0000] {processor.py:840} INFO - DAG(s) 'process_silver_layer' retrieved from /opt/airflow/dags/silver_processing_dag.py
[2026-09-05T22:35:29.881+0000] {logging_mixin.py:188} INFO - [2026-09-05T22:35:29.880+0000] {dag.py:3096} INFO - Sync 1 DAGs
[2026-09-05T22:35:29.920+0000] {logging_mixin.py:188} INFO - [2026-09-05T22:35:29.919+0000] {dag.py:3954} INFO - Setting next_dagrun for process_silver_layer to None, run_after=None
[2026-09-05T22:35:29.965+0000] {processor.py:183} INFO - Processing /opt/airflow/dags/silver_processing_dag.py took 0.220 seconds
[2026-09-05T22:36:00.465+0000] {processor.py:161} INFO - Started process (PID=13391) to work on /opt/airflow/dags/silver_processing_dag.py
[2026-09-05T22:36:00.467+0000] {processor.py:830} INFO - Processing file /opt/airflow/dags/silver_processing_dag.py for tasks to queue
[2026-09-05T22:36:00.474+0000] {logging_mixin.py:188} INFO - [2026-09-05T22:36:00.473+0000] {dagbag.py:545} INFO - Filling up the DagBag from /opt/airflow/dags/silver_processing_dag.py
[2026-09-05T22:36:00.509+0000] {processor.py:840} INFO - DAG(s) 'process_silver_layer' retrieved from /opt/airflow/dags/silver_processing_dag.py
[2026-09-05T22:36:00.574+0000] {logging_mixin.py:188} INFO - [2026-09-05T22:36:00.574+0000] {dag.py:3096} INFO - Sync 1 DAGs
[2026-09-05T22:36:00.605+0000] {logging_mixin.py:188} INFO - [2026-09-05T22:36:00.605+0000] {dag.py:3954} INFO - Setting next_dagrun for process_silver_layer to None, run_after=None
[2026-09-05T22:36:00.653+0000] {processor.py:183} INFO - Processing /opt/airflow/dags/silver_processing_dag.py took 0.201 seconds
[2026-09-05T22:36:31.084+0000] {processor.py:161} INFO - Started process (PID=13406) to work on /opt/airflow/dags/silver_processing_dag.py
[2026-09-05T22:36:31.087+0000] {processor.py:830} INFO - Processing file /opt/airflow/dags/silver_processing_dag.py for tasks to queue
[2026-09-05T22:36:31.094+0000] {logging_mixin.py:188} INFO - [2026-09-05T22:36:31.093+0000] {dagbag.py:545} INFO - Filling up the DagBag from /opt/airflow/dags/silver_processing_dag.py
[2026-09-05T22:36:31.130+0000] {processor.py:840} INFO - DAG(s) 'process_silver_layer' retrieved from /opt/airflow/dags/silver_processing_dag.py
[2026-09-05T22:36:31.178+0000] {logging_mixin.py:188} INFO - [2026-09-05T22:36:31.178+0000] {dag.py:3096} INFO - Sync 1 DAGs
[2026-09-05T22:36:31.202+0000] {logging_mixin.py:188} INFO - [2026-09-05T22:36:31.202+0000] {dag.py:3954} INFO - Setting next_dagrun for process_silver_layer to None, run_after=None
[2026-09-05T22:36:31.263+0000] {processor.py:183} INFO - Processing /opt/airflow/dags/silver_processing_dag.py took 0.193 seconds
[2026-09-05T22:37:01.886+0000] {processor.py:161} INFO - Started process (PID=13421) to work on /opt/airflow/dags/silver_processing_dag.py
[2026-09-05T22:37:01.889+0000] {processor.py:830} INFO - Processing file /opt/airflow/dags/silver_processing_dag.py for tasks to queue
[2026-09-05T22:37:01.902+0000] {logging_mixin.py:188} INFO - [2026-09-05T22:37:01.901+0000] {dagbag.py:545} INFO - Filling up the DagBag from /opt/airflow/dags/silver_processing_dag.py
[2026-09-05T22:37:01.969+0000] {processor.py:840} INFO - DAG(s) 'process_silver_layer' retrieved from /opt/airflow/dags/silver_processing_dag.py
[2026-09-05T22:37:02.052+0000] {logging_mixin.py:188} INFO - [2026-09-05T22:37:02.052+0000] {dag.py:3096} INFO - Sync 1 DAGs
[2026-09-05T22:37:02.096+0000] {logging_mixin.py:188} INFO - [2026-09-05T22:37:02.096+0000] {dag.py:3954} INFO - Setting next_dagrun for process_silver_layer to None, run_after=None
[2026-09-05T22:37:02.195+0000] {processor.py:183} INFO - Processing /opt/airflow/dags/silver_processing_dag.py took 0.339 seconds
[2026-09-05T22:37:32.998+0000] {processor.py:161} INFO - Started process (PID=13436) to work on /opt/airflow/dags/silver_processing_dag.py
[2026-09-05T22:37:33.000+0000] {processor.py:830} INFO - Processing file /opt/airflow/dags/silver_processing_dag.py for tasks to queue
[2026-09-05T22:37:33.005+0000] {logging_mixin.py:188} INFO - [2026-09-05T22:37:33.005+0000] {dagbag.py:545} INFO - Filling up the DagBag from /opt/airflow/dags/silver_processing_dag.py
[2026-09-05T22:37:33.040+0000] {processor.py:840} INFO - DAG(s) 'process_silver_layer' retrieved from /opt/airflow/dags/silver_processing_dag.py
[2026-09-05T22:37:33.089+0000] {logging_mixin.py:188} INFO - [2026-09-05T22:37:33.088+0000] {dag.py:3096} INFO - Sync 1 DAGs
[2026-09-05T22:37:33.116+0000] {logging_mixin.py:188} INFO - [2026-09-05T22:37:33.116+0000] {dag.py:3954} INFO - Setting next_dagrun for process_silver_layer to None, run_after=None
[2026-09-05T22:37:33.164+0000] {processor.py:183} INFO - Processing /opt/airflow/dags/silver_processing_dag.py took 0.183 seconds
[2026-09-05T22:38:03.472+0000] {processor.py:161} INFO - Started process (PID=13451) to work on /opt/airflow/dags/silver_processing_dag.py
[2026-09-05T22:38:03.475+0000] {processor.py:830} INFO - Processing file /opt/airflow/dags/silver_processing_dag.py for tasks to queue
[2026-09-05T22:38:03.481+0000] {logging_mixin.py:188} INFO - [2026-09-05T22:38:03.480+0000] {dagbag.py:545} INFO - Filling up the DagBag from /opt/airflow/dags/silver_processing_dag.py
[2026-09-05T22:38:03.522+0000] {processor.py:840} INFO - DAG(s) 'process_silver_layer' retrieved from /opt/airflow/dags/silver_processing_dag.py
[2026-09-05T22:38:03.579+0000] {logging_mixin.py:188} INFO - [2026-09-05T22:38:03.578+0000] {dag.py:3096} INFO - Sync 1 DAGs
[2026-09-05T22:38:03.605+0000] {logging_mixin.py:188} INFO - [2026-09-05T22:38:03.605+0000] {dag.py:3954} INFO - Setting next_dagrun for process_silver_layer to None, run_after=None
[2026-09-05T22:38:03.644+0000] {processor.py:183} INFO - Processing /opt/airflow/dags/silver_processing_dag.py took 0.190 seconds
[2026-09-05T22:38:34.125+0000] {processor.py:161} INFO - Started process (PID=13466) to work on /opt/airflow/dags/silver_processing_dag.py
[2026-09-05T22:38:34.130+0000] {processor.py:830} INFO - Processing file /opt/airflow/dags/silver_processing_dag.py for tasks to queue
[2026-09-05T22:38:34.137+0000] {logging_mixin.py:188} INFO - [2026-09-05T22:38:34.136+0000] {dagbag.py:545} INFO - Filling up the DagBag from /opt/airflow/dags/silver_processing_dag.py
[2026-09-05T22:38:34.194+0000] {processor.py:840} INFO - DAG(s) 'process_silver_layer' retrieved from /opt/airflow/dags/silver_processing_dag.py
[2026-09-05T22:38:34.278+0000] {logging_mixin.py:188} INFO - [2026-09-05T22:38:34.277+0000] {dag.py:3096} INFO - Sync 1 DAGs
[2026-09-05T22:38:34.336+0000] {logging_mixin.py:188} INFO - [2026-09-05T22:38:34.335+0000] {dag.py:3954} INFO - Setting next_dagrun for process_silver_layer to None, run_after=None
[2026-09-05T22:38:34.412+0000] {processor.py:183} INFO - Processing /opt/airflow/dags/silver_processing_dag.py took 0.308 seconds
[2026-09-05T22:39:05.058+0000] {processor.py:161} INFO - Started process (PID=13481) to work on /opt/airflow/dags/silver_processing_dag.py
[2026-09-05T22:39:05.060+0000] {processor.py:830} INFO - Processing file /opt/airflow/dags/silver_processing_dag.py for tasks to queue
[2026-09-05T22:39:05.066+0000] {logging_mixin.py:188} INFO - [2026-09-05T22:39:05.065+0000] {dagbag.py:545} INFO - Filling up the DagBag from /opt/airflow/dags/silver_processing_dag.py
[2026-09-05T22:39:05.106+0000] {processor.py:840} INFO - DAG(s) 'process_silver_layer' retrieved from /opt/airflow/dags/silver_processing_dag.py
[2026-09-05T22:39:05.155+0000] {logging_mixin.py:188} INFO - [2026-09-05T22:39:05.155+0000] {dag.py:3096} INFO - Sync 1 DAGs
[2026-09-05T22:39:05.182+0000] {logging_mixin.py:188} INFO - [2026-09-05T22:39:05.182+0000] {dag.py:3954} INFO - Setting next_dagrun for process_silver_layer to None, run_after=None
[2026-09-05T22:39:05.254+0000] {processor.py:183} INFO - Processing /opt/airflow/dags/silver_processing_dag.py took 0.213 seconds
[2026-09-05T22:39:35.712+0000] {processor.py:161} INFO - Started process (PID=13496) to work on /opt/airflow/dags/silver_processing_dag.py
[2026-09-05T22:39:35.716+0000] {processor.py:830} INFO - Processing file /opt/airflow/dags/silver_processing_dag.py for tasks to queue
[2026-09-05T22:39:35.727+0000] {logging_mixin.py:188} INFO - [2026-09-05T22:39:35.726+0000] {dagbag.py:545} INFO - Filling up the DagBag from /opt/airflow/dags/silver_processing_dag.py
[2026-09-05T22:39:35.808+0000] {processor.py:840} INFO - DAG(s) 'process_silver_layer' retrieved from /opt/airflow/dags/silver_processing_dag.py
[2026-09-05T22:39:35.877+0000] {logging_mixin.py:188} INFO - [2026-09-05T22:39:35.877+0000] {dag.py:3096} INFO - Sync 1 DAGs
[2026-09-05T22:39:35.912+0000] {logging_mixin.py:188} INFO - [2026-09-05T22:39:35.912+0000] {dag.py:3954} INFO - Setting next_dagrun for process_silver_layer to None, run_after=None
[2026-09-05T22:39:35.958+0000] {processor.py:183} INFO - Processing /opt/airflow/dags/silver_processing_dag.py took 0.270 seconds
[2026-09-05T22:40:06.375+0000] {processor.py:161} INFO - Started process (PID=13511) to work on /opt/airflow/dags/silver_processing_dag.py
[2026-09-05T22:40:06.378+0000] {processor.py:830} INFO - Processing file /opt/airflow/dags/silver_processing_dag.py for tasks to queue
[2026-09-05T22:40:06.386+0000] {logging_mixin.py:188} INFO - [2026-09-05T22:40:06.386+0000] {dagbag.py:545} INFO - Filling up the DagBag from /opt/airflow/dags/silver_processing_dag.py
[2026-09-05T22:40:06.428+0000] {processor.py:840} INFO - DAG(s) 'process_silver_layer' retrieved from /opt/airflow/dags/silver_processing_dag.py
[2026-09-05T22:40:06.479+0000] {logging_mixin.py:188} INFO - [2026-09-05T22:40:06.478+0000] {dag.py:3096} INFO - Sync 1 DAGs
[2026-09-05T22:40:06.511+0000] {logging_mixin.py:188} INFO - [2026-09-05T22:40:06.511+0000] {dag.py:3954} INFO - Setting next_dagrun for process_silver_layer to None, run_after=None
[2026-09-05T22:40:06.660+0000] {processor.py:183} INFO - Processing /opt/airflow/dags/silver_processing_dag.py took 0.301 seconds
[2026-09-05T22:40:37.302+0000] {processor.py:161} INFO - Started process (PID=13526) to work on /opt/airflow/dags/silver_processing_dag.py
[2026-09-05T22:40:37.305+0000] {processor.py:830} INFO - Processing file /opt/airflow/dags/silver_processing_dag.py for tasks to queue
[2026-09-05T22:40:37.313+0000] {logging_mixin.py:188} INFO - [2026-09-05T22:40:37.312+0000] {dagbag.py:545} INFO - Filling up the DagBag from /opt/airflow/dags/silver_processing_dag.py
[2026-09-05T22:40:37.365+0000] {processor.py:840} INFO - DAG(s) 'process_silver_layer' retrieved from /opt/airflow/dags/silver_processing_dag.py
[2026-09-05T22:40:37.423+0000] {logging_mixin.py:188} INFO - [2026-09-05T22:40:37.423+0000] {dag.py:3096} INFO - Sync 1 DAGs
[2026-09-05T22:40:37.466+0000] {logging_mixin.py:188} INFO - [2026-09-05T22:40:37.465+0000] {dag.py:3954} INFO - Setting next_dagrun for process_silver_layer to None, run_after=None
[2026-09-05T22:40:37.541+0000] {processor.py:183} INFO - Processing /opt/airflow/dags/silver_processing_dag.py took 0.263 seconds
[2026-09-05T22:41:08.567+0000] {processor.py:161} INFO - Started process (PID=13541) to work on /opt/airflow/dags/silver_processing_dag.py
[2026-09-05T22:41:08.569+0000] {processor.py:830} INFO - Processing file /opt/airflow/dags/silver_processing_dag.py for tasks to queue
[2026-09-05T22:41:08.576+0000] {logging_mixin.py:188} INFO - [2026-09-05T22:41:08.574+0000] {dagbag.py:545} INFO - Filling up the DagBag from /opt/airflow/dags/silver_processing_dag.py
[2026-09-05T22:41:08.617+0000] {processor.py:840} INFO - DAG(s) 'process_silver_layer' retrieved from /opt/airflow/dags/silver_processing_dag.py
[2026-09-05T22:41:08.714+0000] {logging_mixin.py:188} INFO - [2026-09-05T22:41:08.713+0000] {dag.py:3096} INFO - Sync 1 DAGs
[2026-09-05T22:41:08.809+0000] {logging_mixin.py:188} INFO - [2026-09-05T22:41:08.809+0000] {dag.py:3954} INFO - Setting next_dagrun for process_silver_layer to None, run_after=None
[2026-09-05T22:41:08.935+0000] {processor.py:183} INFO - Processing /opt/airflow/dags/silver_processing_dag.py took 0.387 seconds
[2026-09-05T22:41:39.200+0000] {processor.py:161} INFO - Started process (PID=13556) to work on /opt/airflow/dags/silver_processing_dag.py
[2026-09-05T22:41:39.204+0000] {processor.py:830} INFO - Processing file /opt/airflow/dags/silver_processing_dag.py for tasks to queue
[2026-09-05T22:41:39.261+0000] {logging_mixin.py:188} INFO - [2026-09-05T22:41:39.260+0000] {dagbag.py:545} INFO - Filling up the DagBag from /opt/airflow/dags/silver_processing_dag.py
[2026-09-05T22:41:39.345+0000] {processor.py:840} INFO - DAG(s) 'process_silver_layer' retrieved from /opt/airflow/dags/silver_processing_dag.py
[2026-09-05T22:41:39.712+0000] {logging_mixin.py:188} INFO - [2026-09-05T22:41:39.711+0000] {dag.py:3096} INFO - Sync 1 DAGs
[2026-09-05T22:41:39.882+0000] {logging_mixin.py:188} INFO - [2026-09-05T22:41:39.881+0000] {dag.py:3954} INFO - Setting next_dagrun for process_silver_layer to None, run_after=None
[2026-09-05T22:41:40.037+0000] {processor.py:183} INFO - Processing /opt/airflow/dags/silver_processing_dag.py took 0.856 seconds
[2026-09-05T22:42:10.576+0000] {processor.py:161} INFO - Started process (PID=13571) to work on /opt/airflow/dags/silver_processing_dag.py
[2026-09-05T22:42:10.579+0000] {processor.py:830} INFO - Processing file /opt/airflow/dags/silver_processing_dag.py for tasks to queue
[2026-09-05T22:42:10.588+0000] {logging_mixin.py:188} INFO - [2026-09-05T22:42:10.585+0000] {dagbag.py:545} INFO - Filling up the DagBag from /opt/airflow/dags/silver_processing_dag.py
[2026-09-05T22:42:10.660+0000] {processor.py:840} INFO - DAG(s) 'process_silver_layer' retrieved from /opt/airflow/dags/silver_processing_dag.py
[2026-09-05T22:42:10.742+0000] {logging_mixin.py:188} INFO - [2026-09-05T22:42:10.738+0000] {dag.py:3096} INFO - Sync 1 DAGs
[2026-09-05T22:42:10.776+0000] {logging_mixin.py:188} INFO - [2026-09-05T22:42:10.776+0000] {dag.py:3954} INFO - Setting next_dagrun for process_silver_layer to None, run_after=None
[2026-09-05T22:42:10.824+0000] {processor.py:183} INFO - Processing /opt/airflow/dags/silver_processing_dag.py took 0.271 seconds
[2026-09-05T22:42:41.209+0000] {processor.py:161} INFO - Started process (PID=13586) to work on /opt/airflow/dags/silver_processing_dag.py
[2026-09-05T22:42:41.211+0000] {processor.py:830} INFO - Processing file /opt/airflow/dags/silver_processing_dag.py for tasks to queue
[2026-09-05T22:42:41.216+0000] {logging_mixin.py:188} INFO - [2026-09-05T22:42:41.215+0000] {dagbag.py:545} INFO - Filling up the DagBag from /opt/airflow/dags/silver_processing_dag.py
[2026-09-05T22:42:41.363+0000] {processor.py:840} INFO - DAG(s) 'process_silver_layer' retrieved from /opt/airflow/dags/silver_processing_dag.py
[2026-09-05T22:42:41.425+0000] {logging_mixin.py:188} INFO - [2026-09-05T22:42:41.424+0000] {dag.py:3096} INFO - Sync 1 DAGs
[2026-09-05T22:42:41.469+0000] {logging_mixin.py:188} INFO - [2026-09-05T22:42:41.469+0000] {dag.py:3954} INFO - Setting next_dagrun for process_silver_layer to None, run_after=None
[2026-09-05T22:42:41.527+0000] {processor.py:183} INFO - Processing /opt/airflow/dags/silver_processing_dag.py took 0.333 seconds
[2026-09-05T22:43:11.986+0000] {processor.py:161} INFO - Started process (PID=13601) to work on /opt/airflow/dags/silver_processing_dag.py
[2026-09-05T22:43:11.992+0000] {processor.py:830} INFO - Processing file /opt/airflow/dags/silver_processing_dag.py for tasks to queue
[2026-09-05T22:43:12.009+0000] {logging_mixin.py:188} INFO - [2026-09-05T22:43:12.007+0000] {dagbag.py:545} INFO - Filling up the DagBag from /opt/airflow/dags/silver_processing_dag.py
[2026-09-05T22:43:12.118+0000] {processor.py:840} INFO - DAG(s) 'process_silver_layer' retrieved from /opt/airflow/dags/silver_processing_dag.py
[2026-09-05T22:43:12.228+0000] {logging_mixin.py:188} INFO - [2026-09-05T22:43:12.227+0000] {dag.py:3096} INFO - Sync 1 DAGs
[2026-09-05T22:43:12.303+0000] {logging_mixin.py:188} INFO - [2026-09-05T22:43:12.303+0000] {dag.py:3954} INFO - Setting next_dagrun for process_silver_layer to None, run_after=None
[2026-09-05T22:43:12.409+0000] {processor.py:183} INFO - Processing /opt/airflow/dags/silver_processing_dag.py took 0.453 seconds
[2026-09-05T22:43:42.687+0000] {processor.py:161} INFO - Started process (PID=13616) to work on /opt/airflow/dags/silver_processing_dag.py
[2026-09-05T22:43:42.690+0000] {processor.py:830} INFO - Processing file /opt/airflow/dags/silver_processing_dag.py for tasks to queue
[2026-09-05T22:43:42.705+0000] {logging_mixin.py:188} INFO - [2026-09-05T22:43:42.704+0000] {dagbag.py:545} INFO - Filling up the DagBag from /opt/airflow/dags/silver_processing_dag.py
[2026-09-05T22:43:42.766+0000] {processor.py:840} INFO - DAG(s) 'process_silver_layer' retrieved from /opt/airflow/dags/silver_processing_dag.py
[2026-09-05T22:43:42.866+0000] {logging_mixin.py:188} INFO - [2026-09-05T22:43:42.865+0000] {dag.py:3096} INFO - Sync 1 DAGs
[2026-09-05T22:43:42.938+0000] {logging_mixin.py:188} INFO - [2026-09-05T22:43:42.937+0000] {dag.py:3954} INFO - Setting next_dagrun for process_silver_layer to None, run_after=None
[2026-09-05T22:43:43.049+0000] {processor.py:183} INFO - Processing /opt/airflow/dags/silver_processing_dag.py took 0.399 seconds
[2026-09-05T22:44:13.575+0000] {processor.py:161} INFO - Started process (PID=13631) to work on /opt/airflow/dags/silver_processing_dag.py
[2026-09-05T22:44:13.578+0000] {processor.py:830} INFO - Processing file /opt/airflow/dags/silver_processing_dag.py for tasks to queue
[2026-09-05T22:44:13.585+0000] {logging_mixin.py:188} INFO - [2026-09-05T22:44:13.585+0000] {dagbag.py:545} INFO - Filling up the DagBag from /opt/airflow/dags/silver_processing_dag.py
[2026-09-05T22:44:13.631+0000] {processor.py:840} INFO - DAG(s) 'process_silver_layer' retrieved from /opt/airflow/dags/silver_processing_dag.py
[2026-09-05T22:44:13.691+0000] {logging_mixin.py:188} INFO - [2026-09-05T22:44:13.690+0000] {dag.py:3096} INFO - Sync 1 DAGs
[2026-09-05T22:44:13.728+0000] {logging_mixin.py:188} INFO - [2026-09-05T22:44:13.728+0000] {dag.py:3954} INFO - Setting next_dagrun for process_silver_layer to None, run_after=None
[2026-09-05T22:44:13.791+0000] {processor.py:183} INFO - Processing /opt/airflow/dags/silver_processing_dag.py took 0.242 seconds
[2026-09-05T22:44:44.414+0000] {processor.py:161} INFO - Started process (PID=13646) to work on /opt/airflow/dags/silver_processing_dag.py
[2026-09-05T22:44:44.417+0000] {processor.py:830} INFO - Processing file /opt/airflow/dags/silver_processing_dag.py for tasks to queue
[2026-09-05T22:44:44.426+0000] {logging_mixin.py:188} INFO - [2026-09-05T22:44:44.425+0000] {dagbag.py:545} INFO - Filling up the DagBag from /opt/airflow/dags/silver_processing_dag.py
[2026-09-05T22:44:44.477+0000] {processor.py:840} INFO - DAG(s) 'process_silver_layer' retrieved from /opt/airflow/dags/silver_processing_dag.py
[2026-09-05T22:44:44.530+0000] {logging_mixin.py:188} INFO - [2026-09-05T22:44:44.529+0000] {dag.py:3096} INFO - Sync 1 DAGs
[2026-09-05T22:44:44.564+0000] {logging_mixin.py:188} INFO - [2026-09-05T22:44:44.564+0000] {dag.py:3954} INFO - Setting next_dagrun for process_silver_layer to None, run_after=None
[2026-09-05T22:44:44.611+0000] {processor.py:183} INFO - Processing /opt/airflow/dags/silver_processing_dag.py took 0.213 seconds
[2026-09-05T22:45:15.446+0000] {processor.py:161} INFO - Started process (PID=13661) to work on /opt/airflow/dags/silver_processing_dag.py
[2026-09-05T22:45:15.453+0000] {processor.py:830} INFO - Processing file /opt/airflow/dags/silver_processing_dag.py for tasks to queue
[2026-09-05T22:45:15.462+0000] {logging_mixin.py:188} INFO - [2026-09-05T22:45:15.461+0000] {dagbag.py:545} INFO - Filling up the DagBag from /opt/airflow/dags/silver_processing_dag.py
[2026-09-05T22:45:15.504+0000] {processor.py:840} INFO - DAG(s) 'process_silver_layer' retrieved from /opt/airflow/dags/silver_processing_dag.py
[2026-09-05T22:45:15.557+0000] {logging_mixin.py:188} INFO - [2026-09-05T22:45:15.557+0000] {dag.py:3096} INFO - Sync 1 DAGs
[2026-09-05T22:45:15.588+0000] {logging_mixin.py:188} INFO - [2026-09-05T22:45:15.587+0000] {dag.py:3954} INFO - Setting next_dagrun for process_silver_layer to None, run_after=None
[2026-09-05T22:45:15.635+0000] {processor.py:183} INFO - Processing /opt/airflow/dags/silver_processing_dag.py took 0.213 seconds
[2026-09-05T22:45:46.380+0000] {processor.py:161} INFO - Started process (PID=13676) to work on /opt/airflow/dags/silver_processing_dag.py
[2026-09-05T22:45:46.382+0000] {processor.py:830} INFO - Processing file /opt/airflow/dags/silver_processing_dag.py for tasks to queue
[2026-09-05T22:45:46.388+0000] {logging_mixin.py:188} INFO - [2026-09-05T22:45:46.387+0000] {dagbag.py:545} INFO - Filling up the DagBag from /opt/airflow/dags/silver_processing_dag.py
[2026-09-05T22:45:46.431+0000] {processor.py:840} INFO - DAG(s) 'process_silver_layer' retrieved from /opt/airflow/dags/silver_processing_dag.py
[2026-09-05T22:45:46.486+0000] {logging_mixin.py:188} INFO - [2026-09-05T22:45:46.486+0000] {dag.py:3096} INFO - Sync 1 DAGs
[2026-09-05T22:45:46.530+0000] {logging_mixin.py:188} INFO - [2026-09-05T22:45:46.530+0000] {dag.py:3954} INFO - Setting next_dagrun for process_silver_layer to None, run_after=None
[2026-09-05T22:45:46.589+0000] {processor.py:183} INFO - Processing /opt/airflow/dags/silver_processing_dag.py took 0.226 seconds
[2026-09-05T22:46:17.125+0000] {processor.py:161} INFO - Started process (PID=13691) to work on /opt/airflow/dags/silver_processing_dag.py
[2026-09-05T22:46:17.128+0000] {processor.py:830} INFO - Processing file /opt/airflow/dags/silver_processing_dag.py for tasks to queue
[2026-09-05T22:46:17.134+0000] {logging_mixin.py:188} INFO - [2026-09-05T22:46:17.133+0000] {dagbag.py:545} INFO - Filling up the DagBag from /opt/airflow/dags/silver_processing_dag.py
[2026-09-05T22:46:17.187+0000] {processor.py:840} INFO - DAG(s) 'process_silver_layer' retrieved from /opt/airflow/dags/silver_processing_dag.py
[2026-09-05T22:46:17.256+0000] {logging_mixin.py:188} INFO - [2026-09-05T22:46:17.255+0000] {dag.py:3096} INFO - Sync 1 DAGs
[2026-09-05T22:46:17.296+0000] {logging_mixin.py:188} INFO - [2026-09-05T22:46:17.295+0000] {dag.py:3954} INFO - Setting next_dagrun for process_silver_layer to None, run_after=None
[2026-09-05T22:46:17.343+0000] {processor.py:183} INFO - Processing /opt/airflow/dags/silver_processing_dag.py took 0.234 seconds
[2026-09-05T22:46:47.865+0000] {processor.py:161} INFO - Started process (PID=13706) to work on /opt/airflow/dags/silver_processing_dag.py
[2026-09-05T22:46:47.867+0000] {processor.py:830} INFO - Processing file /opt/airflow/dags/silver_processing_dag.py for tasks to queue
[2026-09-05T22:46:47.876+0000] {logging_mixin.py:188} INFO - [2026-09-05T22:46:47.875+0000] {dagbag.py:545} INFO - Filling up the DagBag from /opt/airflow/dags/silver_processing_dag.py
[2026-09-05T22:46:47.919+0000] {processor.py:840} INFO - DAG(s) 'process_silver_layer' retrieved from /opt/airflow/dags/silver_processing_dag.py
[2026-09-05T22:46:47.976+0000] {logging_mixin.py:188} INFO - [2026-09-05T22:46:47.975+0000] {dag.py:3096} INFO - Sync 1 DAGs
[2026-09-05T22:46:48.011+0000] {logging_mixin.py:188} INFO - [2026-09-05T22:46:48.010+0000] {dag.py:3954} INFO - Setting next_dagrun for process_silver_layer to None, run_after=None
[2026-09-05T22:46:48.057+0000] {processor.py:183} INFO - Processing /opt/airflow/dags/silver_processing_dag.py took 0.208 seconds
[2026-09-05T22:47:18.592+0000] {processor.py:161} INFO - Started process (PID=13721) to work on /opt/airflow/dags/silver_processing_dag.py
[2026-09-05T22:47:18.595+0000] {processor.py:830} INFO - Processing file /opt/airflow/dags/silver_processing_dag.py for tasks to queue
[2026-09-05T22:47:18.604+0000] {logging_mixin.py:188} INFO - [2026-09-05T22:47:18.603+0000] {dagbag.py:545} INFO - Filling up the DagBag from /opt/airflow/dags/silver_processing_dag.py
[2026-09-05T22:47:18.647+0000] {processor.py:840} INFO - DAG(s) 'process_silver_layer' retrieved from /opt/airflow/dags/silver_processing_dag.py
[2026-09-05T22:47:18.697+0000] {logging_mixin.py:188} INFO - [2026-09-05T22:47:18.696+0000] {dag.py:3096} INFO - Sync 1 DAGs
[2026-09-05T22:47:18.730+0000] {logging_mixin.py:188} INFO - [2026-09-05T22:47:18.730+0000] {dag.py:3954} INFO - Setting next_dagrun for process_silver_layer to None, run_after=None
[2026-09-05T22:47:18.805+0000] {processor.py:183} INFO - Processing /opt/airflow/dags/silver_processing_dag.py took 0.229 seconds
[2026-09-05T22:47:49.505+0000] {processor.py:161} INFO - Started process (PID=13736) to work on /opt/airflow/dags/silver_processing_dag.py
[2026-09-05T22:47:49.507+0000] {processor.py:830} INFO - Processing file /opt/airflow/dags/silver_processing_dag.py for tasks to queue
[2026-09-05T22:47:49.515+0000] {logging_mixin.py:188} INFO - [2026-09-05T22:47:49.514+0000] {dagbag.py:545} INFO - Filling up the DagBag from /opt/airflow/dags/silver_processing_dag.py
[2026-09-05T22:47:49.559+0000] {processor.py:840} INFO - DAG(s) 'process_silver_layer' retrieved from /opt/airflow/dags/silver_processing_dag.py
[2026-09-05T22:47:49.618+0000] {logging_mixin.py:188} INFO - [2026-09-05T22:47:49.617+0000] {dag.py:3096} INFO - Sync 1 DAGs
[2026-09-05T22:47:49.651+0000] {logging_mixin.py:188} INFO - [2026-09-05T22:47:49.650+0000] {dag.py:3954} INFO - Setting next_dagrun for process_silver_layer to None, run_after=None
[2026-09-05T22:47:49.698+0000] {processor.py:183} INFO - Processing /opt/airflow/dags/silver_processing_dag.py took 0.208 seconds
[2026-09-05T22:48:20.520+0000] {processor.py:161} INFO - Started process (PID=13751) to work on /opt/airflow/dags/silver_processing_dag.py
[2026-09-05T22:48:20.523+0000] {processor.py:830} INFO - Processing file /opt/airflow/dags/silver_processing_dag.py for tasks to queue
[2026-09-05T22:48:20.531+0000] {logging_mixin.py:188} INFO - [2026-09-05T22:48:20.530+0000] {dagbag.py:545} INFO - Filling up the DagBag from /opt/airflow/dags/silver_processing_dag.py
[2026-09-05T22:48:20.601+0000] {processor.py:840} INFO - DAG(s) 'process_silver_layer' retrieved from /opt/airflow/dags/silver_processing_dag.py
[2026-09-05T22:48:20.675+0000] {logging_mixin.py:188} INFO - [2026-09-05T22:48:20.674+0000] {dag.py:3096} INFO - Sync 1 DAGs
[2026-09-05T22:48:20.728+0000] {logging_mixin.py:188} INFO - [2026-09-05T22:48:20.728+0000] {dag.py:3954} INFO - Setting next_dagrun for process_silver_layer to None, run_after=None
[2026-09-05T22:48:20.776+0000] {processor.py:183} INFO - Processing /opt/airflow/dags/silver_processing_dag.py took 0.294 seconds
[2026-09-05T22:48:51.273+0000] {processor.py:161} INFO - Started process (PID=13766) to work on /opt/airflow/dags/silver_processing_dag.py
[2026-09-05T22:48:51.275+0000] {processor.py:830} INFO - Processing file /opt/airflow/dags/silver_processing_dag.py for tasks to queue
[2026-09-05T22:48:51.282+0000] {logging_mixin.py:188} INFO - [2026-09-05T22:48:51.281+0000] {dagbag.py:545} INFO - Filling up the DagBag from /opt/airflow/dags/silver_processing_dag.py
[2026-09-05T22:48:51.328+0000] {processor.py:840} INFO - DAG(s) 'process_silver_layer' retrieved from /opt/airflow/dags/silver_processing_dag.py
[2026-09-05T22:48:51.390+0000] {logging_mixin.py:188} INFO - [2026-09-05T22:48:51.390+0000] {dag.py:3096} INFO - Sync 1 DAGs
[2026-09-05T22:48:51.490+0000] {logging_mixin.py:188} INFO - [2026-09-05T22:48:51.490+0000] {dag.py:3954} INFO - Setting next_dagrun for process_silver_layer to None, run_after=None
[2026-09-05T22:48:51.592+0000] {processor.py:183} INFO - Processing /opt/airflow/dags/silver_processing_dag.py took 0.333 seconds
[2026-09-05T22:49:21.811+0000] {processor.py:161} INFO - Started process (PID=13781) to work on /opt/airflow/dags/silver_processing_dag.py
[2026-09-05T22:49:21.813+0000] {processor.py:830} INFO - Processing file /opt/airflow/dags/silver_processing_dag.py for tasks to queue
[2026-09-05T22:49:21.818+0000] {logging_mixin.py:188} INFO - [2026-09-05T22:49:21.817+0000] {dagbag.py:545} INFO - Filling up the DagBag from /opt/airflow/dags/silver_processing_dag.py
[2026-09-05T22:49:21.864+0000] {processor.py:840} INFO - DAG(s) 'process_silver_layer' retrieved from /opt/airflow/dags/silver_processing_dag.py
[2026-09-05T22:49:21.925+0000] {logging_mixin.py:188} INFO - [2026-09-05T22:49:21.924+0000] {dag.py:3096} INFO - Sync 1 DAGs
[2026-09-05T22:49:21.976+0000] {logging_mixin.py:188} INFO - [2026-09-05T22:49:21.975+0000] {dag.py:3954} INFO - Setting next_dagrun for process_silver_layer to None, run_after=None
[2026-09-05T22:49:22.035+0000] {processor.py:183} INFO - Processing /opt/airflow/dags/silver_processing_dag.py took 0.240 seconds
[2026-09-05T22:49:52.538+0000] {processor.py:161} INFO - Started process (PID=13796) to work on /opt/airflow/dags/silver_processing_dag.py
[2026-09-05T22:49:52.544+0000] {processor.py:830} INFO - Processing file /opt/airflow/dags/silver_processing_dag.py for tasks to queue
[2026-09-05T22:49:52.564+0000] {logging_mixin.py:188} INFO - [2026-09-05T22:49:52.561+0000] {dagbag.py:545} INFO - Filling up the DagBag from /opt/airflow/dags/silver_processing_dag.py
[2026-09-05T22:49:52.618+0000] {processor.py:840} INFO - DAG(s) 'process_silver_layer' retrieved from /opt/airflow/dags/silver_processing_dag.py
[2026-09-05T22:49:52.716+0000] {logging_mixin.py:188} INFO - [2026-09-05T22:49:52.715+0000] {dag.py:3096} INFO - Sync 1 DAGs
[2026-09-05T22:49:52.765+0000] {logging_mixin.py:188} INFO - [2026-09-05T22:49:52.764+0000] {dag.py:3954} INFO - Setting next_dagrun for process_silver_layer to None, run_after=None
[2026-09-05T22:49:52.818+0000] {processor.py:183} INFO - Processing /opt/airflow/dags/silver_processing_dag.py took 0.311 seconds
[2026-09-05T22:50:22.977+0000] {processor.py:161} INFO - Started process (PID=13811) to work on /opt/airflow/dags/silver_processing_dag.py
[2026-09-05T22:50:22.980+0000] {processor.py:830} INFO - Processing file /opt/airflow/dags/silver_processing_dag.py for tasks to queue
[2026-09-05T22:50:22.988+0000] {logging_mixin.py:188} INFO - [2026-09-05T22:50:22.987+0000] {dagbag.py:545} INFO - Filling up the DagBag from /opt/airflow/dags/silver_processing_dag.py
[2026-09-05T22:50:23.027+0000] {processor.py:840} INFO - DAG(s) 'process_silver_layer' retrieved from /opt/airflow/dags/silver_processing_dag.py
[2026-09-05T22:50:23.082+0000] {logging_mixin.py:188} INFO - [2026-09-05T22:50:23.081+0000] {dag.py:3096} INFO - Sync 1 DAGs
[2026-09-05T22:50:23.108+0000] {logging_mixin.py:188} INFO - [2026-09-05T22:50:23.108+0000] {dag.py:3954} INFO - Setting next_dagrun for process_silver_layer to None, run_after=None
[2026-09-05T22:50:23.164+0000] {processor.py:183} INFO - Processing /opt/airflow/dags/silver_processing_dag.py took 0.203 seconds
[2026-09-05T22:50:53.373+0000] {processor.py:161} INFO - Started process (PID=13826) to work on /opt/airflow/dags/silver_processing_dag.py
[2026-09-05T22:50:53.376+0000] {processor.py:830} INFO - Processing file /opt/airflow/dags/silver_processing_dag.py for tasks to queue
[2026-09-05T22:50:53.384+0000] {logging_mixin.py:188} INFO - [2026-09-05T22:50:53.383+0000] {dagbag.py:545} INFO - Filling up the DagBag from /opt/airflow/dags/silver_processing_dag.py
[2026-09-05T22:50:53.426+0000] {processor.py:840} INFO - DAG(s) 'process_silver_layer' retrieved from /opt/airflow/dags/silver_processing_dag.py
[2026-09-05T22:50:53.479+0000] {logging_mixin.py:188} INFO - [2026-09-05T22:50:53.478+0000] {dag.py:3096} INFO - Sync 1 DAGs
[2026-09-05T22:50:53.510+0000] {logging_mixin.py:188} INFO - [2026-09-05T22:50:53.509+0000] {dag.py:3954} INFO - Setting next_dagrun for process_silver_layer to None, run_after=None
[2026-09-05T22:50:53.555+0000] {processor.py:183} INFO - Processing /opt/airflow/dags/silver_processing_dag.py took 0.197 seconds
[2026-09-05T22:51:24.087+0000] {processor.py:161} INFO - Started process (PID=13841) to work on /opt/airflow/dags/silver_processing_dag.py
[2026-09-05T22:51:24.090+0000] {processor.py:830} INFO - Processing file /opt/airflow/dags/silver_processing_dag.py for tasks to queue
[2026-09-05T22:51:24.096+0000] {logging_mixin.py:188} INFO - [2026-09-05T22:51:24.095+0000] {dagbag.py:545} INFO - Filling up the DagBag from /opt/airflow/dags/silver_processing_dag.py
[2026-09-05T22:51:24.158+0000] {processor.py:840} INFO - DAG(s) 'process_silver_layer' retrieved from /opt/airflow/dags/silver_processing_dag.py
[2026-09-05T22:51:24.215+0000] {logging_mixin.py:188} INFO - [2026-09-05T22:51:24.214+0000] {dag.py:3096} INFO - Sync 1 DAGs
[2026-09-05T22:51:24.251+0000] {logging_mixin.py:188} INFO - [2026-09-05T22:51:24.251+0000] {dag.py:3954} INFO - Setting next_dagrun for process_silver_layer to None, run_after=None
[2026-09-05T22:51:24.298+0000] {processor.py:183} INFO - Processing /opt/airflow/dags/silver_processing_dag.py took 0.238 seconds
[2026-09-05T22:51:54.892+0000] {processor.py:161} INFO - Started process (PID=13856) to work on /opt/airflow/dags/silver_processing_dag.py
[2026-09-05T22:51:54.895+0000] {processor.py:830} INFO - Processing file /opt/airflow/dags/silver_processing_dag.py for tasks to queue
[2026-09-05T22:51:54.901+0000] {logging_mixin.py:188} INFO - [2026-09-05T22:51:54.900+0000] {dagbag.py:545} INFO - Filling up the DagBag from /opt/airflow/dags/silver_processing_dag.py
[2026-09-05T22:51:54.945+0000] {processor.py:840} INFO - DAG(s) 'process_silver_layer' retrieved from /opt/airflow/dags/silver_processing_dag.py
[2026-09-05T22:51:54.999+0000] {logging_mixin.py:188} INFO - [2026-09-05T22:51:54.999+0000] {dag.py:3096} INFO - Sync 1 DAGs
[2026-09-05T22:51:55.027+0000] {logging_mixin.py:188} INFO - [2026-09-05T22:51:55.027+0000] {dag.py:3954} INFO - Setting next_dagrun for process_silver_layer to None, run_after=None
[2026-09-05T22:51:55.076+0000] {processor.py:183} INFO - Processing /opt/airflow/dags/silver_processing_dag.py took 0.200 seconds
[2026-09-05T22:52:26.059+0000] {processor.py:161} INFO - Started process (PID=13871) to work on /opt/airflow/dags/silver_processing_dag.py
[2026-09-05T22:52:26.065+0000] {processor.py:830} INFO - Processing file /opt/airflow/dags/silver_processing_dag.py for tasks to queue
[2026-09-05T22:52:26.072+0000] {logging_mixin.py:188} INFO - [2026-09-05T22:52:26.071+0000] {dagbag.py:545} INFO - Filling up the DagBag from /opt/airflow/dags/silver_processing_dag.py
[2026-09-05T22:52:26.125+0000] {processor.py:840} INFO - DAG(s) 'process_silver_layer' retrieved from /opt/airflow/dags/silver_processing_dag.py
[2026-09-05T22:52:26.199+0000] {logging_mixin.py:188} INFO - [2026-09-05T22:52:26.199+0000] {dag.py:3096} INFO - Sync 1 DAGs
[2026-09-05T22:52:26.269+0000] {logging_mixin.py:188} INFO - [2026-09-05T22:52:26.268+0000] {dag.py:3954} INFO - Setting next_dagrun for process_silver_layer to None, run_after=None
[2026-09-05T22:52:26.388+0000] {processor.py:183} INFO - Processing /opt/airflow/dags/silver_processing_dag.py took 0.348 seconds
[2026-09-05T22:52:56.791+0000] {processor.py:161} INFO - Started process (PID=13886) to work on /opt/airflow/dags/silver_processing_dag.py
[2026-09-05T22:52:56.795+0000] {processor.py:830} INFO - Processing file /opt/airflow/dags/silver_processing_dag.py for tasks to queue
[2026-09-05T22:52:56.808+0000] {logging_mixin.py:188} INFO - [2026-09-05T22:52:56.807+0000] {dagbag.py:545} INFO - Filling up the DagBag from /opt/airflow/dags/silver_processing_dag.py
[2026-09-05T22:52:56.858+0000] {processor.py:840} INFO - DAG(s) 'process_silver_layer' retrieved from /opt/airflow/dags/silver_processing_dag.py
[2026-09-05T22:52:56.929+0000] {logging_mixin.py:188} INFO - [2026-09-05T22:52:56.928+0000] {dag.py:3096} INFO - Sync 1 DAGs
[2026-09-05T22:52:56.966+0000] {logging_mixin.py:188} INFO - [2026-09-05T22:52:56.965+0000] {dag.py:3954} INFO - Setting next_dagrun for process_silver_layer to None, run_after=None
[2026-09-05T22:52:57.039+0000] {processor.py:183} INFO - Processing /opt/airflow/dags/silver_processing_dag.py took 0.265 seconds
[2026-09-05T22:53:27.327+0000] {processor.py:161} INFO - Started process (PID=13901) to work on /opt/airflow/dags/silver_processing_dag.py
[2026-09-05T22:53:27.330+0000] {processor.py:830} INFO - Processing file /opt/airflow/dags/silver_processing_dag.py for tasks to queue
[2026-09-05T22:53:27.336+0000] {logging_mixin.py:188} INFO - [2026-09-05T22:53:27.335+0000] {dagbag.py:545} INFO - Filling up the DagBag from /opt/airflow/dags/silver_processing_dag.py
[2026-09-05T22:53:27.377+0000] {processor.py:840} INFO - DAG(s) 'process_silver_layer' retrieved from /opt/airflow/dags/silver_processing_dag.py
[2026-09-05T22:53:27.428+0000] {logging_mixin.py:188} INFO - [2026-09-05T22:53:27.427+0000] {dag.py:3096} INFO - Sync 1 DAGs
[2026-09-05T22:53:27.460+0000] {logging_mixin.py:188} INFO - [2026-09-05T22:53:27.459+0000] {dag.py:3954} INFO - Setting next_dagrun for process_silver_layer to None, run_after=None
[2026-09-05T22:53:27.504+0000] {processor.py:183} INFO - Processing /opt/airflow/dags/silver_processing_dag.py took 0.196 seconds
[2026-09-05T22:53:57.996+0000] {processor.py:161} INFO - Started process (PID=13916) to work on /opt/airflow/dags/silver_processing_dag.py
[2026-09-05T22:53:57.999+0000] {processor.py:830} INFO - Processing file /opt/airflow/dags/silver_processing_dag.py for tasks to queue
[2026-09-05T22:53:58.004+0000] {logging_mixin.py:188} INFO - [2026-09-05T22:53:58.003+0000] {dagbag.py:545} INFO - Filling up the DagBag from /opt/airflow/dags/silver_processing_dag.py
[2026-09-05T22:53:58.049+0000] {processor.py:840} INFO - DAG(s) 'process_silver_layer' retrieved from /opt/airflow/dags/silver_processing_dag.py
[2026-09-05T22:53:58.103+0000] {logging_mixin.py:188} INFO - [2026-09-05T22:53:58.102+0000] {dag.py:3096} INFO - Sync 1 DAGs
[2026-09-05T22:53:58.145+0000] {logging_mixin.py:188} INFO - [2026-09-05T22:53:58.145+0000] {dag.py:3954} INFO - Setting next_dagrun for process_silver_layer to None, run_after=None
[2026-09-05T22:53:58.201+0000] {processor.py:183} INFO - Processing /opt/airflow/dags/silver_processing_dag.py took 0.221 seconds
[2026-09-05T22:54:28.877+0000] {processor.py:161} INFO - Started process (PID=13931) to work on /opt/airflow/dags/silver_processing_dag.py
[2026-09-05T22:54:28.880+0000] {processor.py:830} INFO - Processing file /opt/airflow/dags/silver_processing_dag.py for tasks to queue
[2026-09-05T22:54:28.888+0000] {logging_mixin.py:188} INFO - [2026-09-05T22:54:28.888+0000] {dagbag.py:545} INFO - Filling up the DagBag from /opt/airflow/dags/silver_processing_dag.py
[2026-09-05T22:54:28.925+0000] {processor.py:840} INFO - DAG(s) 'process_silver_layer' retrieved from /opt/airflow/dags/silver_processing_dag.py
[2026-09-05T22:54:28.975+0000] {logging_mixin.py:188} INFO - [2026-09-05T22:54:28.974+0000] {dag.py:3096} INFO - Sync 1 DAGs
[2026-09-05T22:54:29.005+0000] {logging_mixin.py:188} INFO - [2026-09-05T22:54:29.005+0000] {dag.py:3954} INFO - Setting next_dagrun for process_silver_layer to None, run_after=None
[2026-09-05T22:54:29.049+0000] {processor.py:183} INFO - Processing /opt/airflow/dags/silver_processing_dag.py took 0.188 seconds
[2026-09-05T22:54:59.593+0000] {processor.py:161} INFO - Started process (PID=13946) to work on /opt/airflow/dags/silver_processing_dag.py
[2026-09-05T22:54:59.596+0000] {processor.py:830} INFO - Processing file /opt/airflow/dags/silver_processing_dag.py for tasks to queue
[2026-09-05T22:54:59.604+0000] {logging_mixin.py:188} INFO - [2026-09-05T22:54:59.603+0000] {dagbag.py:545} INFO - Filling up the DagBag from /opt/airflow/dags/silver_processing_dag.py
[2026-09-05T22:54:59.643+0000] {processor.py:840} INFO - DAG(s) 'process_silver_layer' retrieved from /opt/airflow/dags/silver_processing_dag.py
[2026-09-05T22:54:59.711+0000] {logging_mixin.py:188} INFO - [2026-09-05T22:54:59.710+0000] {dag.py:3096} INFO - Sync 1 DAGs
[2026-09-05T22:54:59.746+0000] {logging_mixin.py:188} INFO - [2026-09-05T22:54:59.746+0000] {dag.py:3954} INFO - Setting next_dagrun for process_silver_layer to None, run_after=None
[2026-09-05T22:54:59.806+0000] {processor.py:183} INFO - Processing /opt/airflow/dags/silver_processing_dag.py took 0.227 seconds
[2026-09-05T22:55:30.643+0000] {processor.py:161} INFO - Started process (PID=13961) to work on /opt/airflow/dags/silver_processing_dag.py
[2026-09-05T22:55:30.646+0000] {processor.py:830} INFO - Processing file /opt/airflow/dags/silver_processing_dag.py for tasks to queue
[2026-09-05T22:55:30.653+0000] {logging_mixin.py:188} INFO - [2026-09-05T22:55:30.652+0000] {dagbag.py:545} INFO - Filling up the DagBag from /opt/airflow/dags/silver_processing_dag.py
[2026-09-05T22:55:30.806+0000] {processor.py:840} INFO - DAG(s) 'process_silver_layer' retrieved from /opt/airflow/dags/silver_processing_dag.py
[2026-09-05T22:55:30.904+0000] {logging_mixin.py:188} INFO - [2026-09-05T22:55:30.903+0000] {dag.py:3096} INFO - Sync 1 DAGs
[2026-09-05T22:55:30.987+0000] {logging_mixin.py:188} INFO - [2026-09-05T22:55:30.987+0000] {dag.py:3954} INFO - Setting next_dagrun for process_silver_layer to None, run_after=None
[2026-09-05T22:55:31.083+0000] {processor.py:183} INFO - Processing /opt/airflow/dags/silver_processing_dag.py took 0.477 seconds
[2026-09-05T22:56:01.323+0000] {processor.py:161} INFO - Started process (PID=13976) to work on /opt/airflow/dags/silver_processing_dag.py
[2026-09-05T22:56:01.326+0000] {processor.py:830} INFO - Processing file /opt/airflow/dags/silver_processing_dag.py for tasks to queue
[2026-09-05T22:56:01.332+0000] {logging_mixin.py:188} INFO - [2026-09-05T22:56:01.332+0000] {dagbag.py:545} INFO - Filling up the DagBag from /opt/airflow/dags/silver_processing_dag.py
[2026-09-05T22:56:01.370+0000] {processor.py:840} INFO - DAG(s) 'process_silver_layer' retrieved from /opt/airflow/dags/silver_processing_dag.py
[2026-09-05T22:56:01.434+0000] {logging_mixin.py:188} INFO - [2026-09-05T22:56:01.433+0000] {dag.py:3096} INFO - Sync 1 DAGs
[2026-09-05T22:56:01.471+0000] {logging_mixin.py:188} INFO - [2026-09-05T22:56:01.471+0000] {dag.py:3954} INFO - Setting next_dagrun for process_silver_layer to None, run_after=None
[2026-09-05T22:56:01.531+0000] {processor.py:183} INFO - Processing /opt/airflow/dags/silver_processing_dag.py took 0.224 seconds
[2026-09-05T22:56:32.031+0000] {processor.py:161} INFO - Started process (PID=13991) to work on /opt/airflow/dags/silver_processing_dag.py
[2026-09-05T22:56:32.033+0000] {processor.py:830} INFO - Processing file /opt/airflow/dags/silver_processing_dag.py for tasks to queue
[2026-09-05T22:56:32.039+0000] {logging_mixin.py:188} INFO - [2026-09-05T22:56:32.038+0000] {dagbag.py:545} INFO - Filling up the DagBag from /opt/airflow/dags/silver_processing_dag.py
[2026-09-05T22:56:32.083+0000] {processor.py:840} INFO - DAG(s) 'process_silver_layer' retrieved from /opt/airflow/dags/silver_processing_dag.py
[2026-09-05T22:56:32.136+0000] {logging_mixin.py:188} INFO - [2026-09-05T22:56:32.136+0000] {dag.py:3096} INFO - Sync 1 DAGs
[2026-09-05T22:56:32.169+0000] {logging_mixin.py:188} INFO - [2026-09-05T22:56:32.168+0000] {dag.py:3954} INFO - Setting next_dagrun for process_silver_layer to None, run_after=None
[2026-09-05T22:56:32.218+0000] {processor.py:183} INFO - Processing /opt/airflow/dags/silver_processing_dag.py took 0.201 seconds
[2026-09-05T22:57:02.577+0000] {processor.py:161} INFO - Started process (PID=14006) to work on /opt/airflow/dags/silver_processing_dag.py
[2026-09-05T22:57:02.579+0000] {processor.py:830} INFO - Processing file /opt/airflow/dags/silver_processing_dag.py for tasks to queue
[2026-09-05T22:57:02.585+0000] {logging_mixin.py:188} INFO - [2026-09-05T22:57:02.584+0000] {dagbag.py:545} INFO - Filling up the DagBag from /opt/airflow/dags/silver_processing_dag.py
[2026-09-05T22:57:02.628+0000] {processor.py:840} INFO - DAG(s) 'process_silver_layer' retrieved from /opt/airflow/dags/silver_processing_dag.py
[2026-09-05T22:57:02.697+0000] {logging_mixin.py:188} INFO - [2026-09-05T22:57:02.697+0000] {dag.py:3096} INFO - Sync 1 DAGs
[2026-09-05T22:57:02.791+0000] {logging_mixin.py:188} INFO - [2026-09-05T22:57:02.790+0000] {dag.py:3954} INFO - Setting next_dagrun for process_silver_layer to None, run_after=None
[2026-09-05T22:57:02.865+0000] {processor.py:183} INFO - Processing /opt/airflow/dags/silver_processing_dag.py took 0.303 seconds
[2026-09-05T22:57:33.054+0000] {processor.py:161} INFO - Started process (PID=14021) to work on /opt/airflow/dags/silver_processing_dag.py
[2026-09-05T22:57:33.057+0000] {processor.py:830} INFO - Processing file /opt/airflow/dags/silver_processing_dag.py for tasks to queue
[2026-09-05T22:57:33.065+0000] {logging_mixin.py:188} INFO - [2026-09-05T22:57:33.064+0000] {dagbag.py:545} INFO - Filling up the DagBag from /opt/airflow/dags/silver_processing_dag.py
[2026-09-05T22:57:33.132+0000] {processor.py:840} INFO - DAG(s) 'process_silver_layer' retrieved from /opt/airflow/dags/silver_processing_dag.py
[2026-09-05T22:57:33.199+0000] {logging_mixin.py:188} INFO - [2026-09-05T22:57:33.199+0000] {dag.py:3096} INFO - Sync 1 DAGs
[2026-09-05T22:57:33.230+0000] {logging_mixin.py:188} INFO - [2026-09-05T22:57:33.229+0000] {dag.py:3954} INFO - Setting next_dagrun for process_silver_layer to None, run_after=None
[2026-09-05T22:57:33.288+0000] {processor.py:183} INFO - Processing /opt/airflow/dags/silver_processing_dag.py took 0.257 seconds
[2026-09-05T22:58:03.402+0000] {processor.py:161} INFO - Started process (PID=14036) to work on /opt/airflow/dags/silver_processing_dag.py
[2026-09-05T22:58:03.406+0000] {processor.py:830} INFO - Processing file /opt/airflow/dags/silver_processing_dag.py for tasks to queue
[2026-09-05T22:58:03.417+0000] {logging_mixin.py:188} INFO - [2026-09-05T22:58:03.416+0000] {dagbag.py:545} INFO - Filling up the DagBag from /opt/airflow/dags/silver_processing_dag.py
[2026-09-05T22:58:03.480+0000] {processor.py:840} INFO - DAG(s) 'process_silver_layer' retrieved from /opt/airflow/dags/silver_processing_dag.py
[2026-09-05T22:58:03.551+0000] {logging_mixin.py:188} INFO - [2026-09-05T22:58:03.550+0000] {dag.py:3096} INFO - Sync 1 DAGs
[2026-09-05T22:58:03.603+0000] {logging_mixin.py:188} INFO - [2026-09-05T22:58:03.603+0000] {dag.py:3954} INFO - Setting next_dagrun for process_silver_layer to None, run_after=None
[2026-09-05T22:58:03.670+0000] {processor.py:183} INFO - Processing /opt/airflow/dags/silver_processing_dag.py took 0.292 seconds
[2026-09-05T22:58:34.434+0000] {processor.py:161} INFO - Started process (PID=14051) to work on /opt/airflow/dags/silver_processing_dag.py
[2026-09-05T22:58:34.437+0000] {processor.py:830} INFO - Processing file /opt/airflow/dags/silver_processing_dag.py for tasks to queue
[2026-09-05T22:58:34.448+0000] {logging_mixin.py:188} INFO - [2026-09-05T22:58:34.447+0000] {dagbag.py:545} INFO - Filling up the DagBag from /opt/airflow/dags/silver_processing_dag.py
[2026-09-05T22:58:34.515+0000] {processor.py:840} INFO - DAG(s) 'process_silver_layer' retrieved from /opt/airflow/dags/silver_processing_dag.py
[2026-09-05T22:58:34.576+0000] {logging_mixin.py:188} INFO - [2026-09-05T22:58:34.576+0000] {dag.py:3096} INFO - Sync 1 DAGs
[2026-09-05T22:58:34.609+0000] {logging_mixin.py:188} INFO - [2026-09-05T22:58:34.609+0000] {dag.py:3954} INFO - Setting next_dagrun for process_silver_layer to None, run_after=None
[2026-09-05T22:58:34.664+0000] {processor.py:183} INFO - Processing /opt/airflow/dags/silver_processing_dag.py took 0.247 seconds
[2026-09-05T22:59:05.316+0000] {processor.py:161} INFO - Started process (PID=14066) to work on /opt/airflow/dags/silver_processing_dag.py
[2026-09-05T22:59:05.326+0000] {processor.py:830} INFO - Processing file /opt/airflow/dags/silver_processing_dag.py for tasks to queue
[2026-09-05T22:59:05.338+0000] {logging_mixin.py:188} INFO - [2026-09-05T22:59:05.336+0000] {dagbag.py:545} INFO - Filling up the DagBag from /opt/airflow/dags/silver_processing_dag.py
[2026-09-05T22:59:05.441+0000] {processor.py:840} INFO - DAG(s) 'process_silver_layer' retrieved from /opt/airflow/dags/silver_processing_dag.py
[2026-09-05T22:59:05.523+0000] {logging_mixin.py:188} INFO - [2026-09-05T22:59:05.523+0000] {dag.py:3096} INFO - Sync 1 DAGs
[2026-09-05T22:59:05.557+0000] {logging_mixin.py:188} INFO - [2026-09-05T22:59:05.557+0000] {dag.py:3954} INFO - Setting next_dagrun for process_silver_layer to None, run_after=None
[2026-09-05T22:59:05.610+0000] {processor.py:183} INFO - Processing /opt/airflow/dags/silver_processing_dag.py took 0.312 seconds
[2026-09-05T22:59:36.206+0000] {processor.py:161} INFO - Started process (PID=14081) to work on /opt/airflow/dags/silver_processing_dag.py
[2026-09-05T22:59:36.209+0000] {processor.py:830} INFO - Processing file /opt/airflow/dags/silver_processing_dag.py for tasks to queue
[2026-09-05T22:59:36.216+0000] {logging_mixin.py:188} INFO - [2026-09-05T22:59:36.215+0000] {dagbag.py:545} INFO - Filling up the DagBag from /opt/airflow/dags/silver_processing_dag.py
[2026-09-05T22:59:36.262+0000] {processor.py:840} INFO - DAG(s) 'process_silver_layer' retrieved from /opt/airflow/dags/silver_processing_dag.py
[2026-09-05T22:59:36.322+0000] {logging_mixin.py:188} INFO - [2026-09-05T22:59:36.321+0000] {dag.py:3096} INFO - Sync 1 DAGs
[2026-09-05T22:59:36.362+0000] {logging_mixin.py:188} INFO - [2026-09-05T22:59:36.360+0000] {dag.py:3954} INFO - Setting next_dagrun for process_silver_layer to None, run_after=None
[2026-09-05T22:59:36.424+0000] {processor.py:183} INFO - Processing /opt/airflow/dags/silver_processing_dag.py took 0.238 seconds
[2026-09-05T23:00:06.743+0000] {processor.py:161} INFO - Started process (PID=14098) to work on /opt/airflow/dags/silver_processing_dag.py
[2026-09-05T23:00:06.749+0000] {processor.py:830} INFO - Processing file /opt/airflow/dags/silver_processing_dag.py for tasks to queue
[2026-09-05T23:00:06.763+0000] {logging_mixin.py:188} INFO - [2026-09-05T23:00:06.761+0000] {dagbag.py:545} INFO - Filling up the DagBag from /opt/airflow/dags/silver_processing_dag.py
[2026-09-05T23:00:06.860+0000] {processor.py:840} INFO - DAG(s) 'process_silver_layer' retrieved from /opt/airflow/dags/silver_processing_dag.py
[2026-09-05T23:00:06.983+0000] {logging_mixin.py:188} INFO - [2026-09-05T23:00:06.983+0000] {dag.py:3096} INFO - Sync 1 DAGs
[2026-09-05T23:00:07.060+0000] {logging_mixin.py:188} INFO - [2026-09-05T23:00:07.059+0000] {dag.py:3954} INFO - Setting next_dagrun for process_silver_layer to None, run_after=None
[2026-09-05T23:00:07.149+0000] {processor.py:183} INFO - Processing /opt/airflow/dags/silver_processing_dag.py took 0.445 seconds
[2026-09-05T23:00:38.300+0000] {processor.py:161} INFO - Started process (PID=14180) to work on /opt/airflow/dags/silver_processing_dag.py
[2026-09-05T23:00:38.309+0000] {processor.py:830} INFO - Processing file /opt/airflow/dags/silver_processing_dag.py for tasks to queue
[2026-09-05T23:00:38.324+0000] {logging_mixin.py:188} INFO - [2026-09-05T23:00:38.321+0000] {dagbag.py:545} INFO - Filling up the DagBag from /opt/airflow/dags/silver_processing_dag.py
[2026-09-05T23:00:38.437+0000] {processor.py:840} INFO - DAG(s) 'process_silver_layer' retrieved from /opt/airflow/dags/silver_processing_dag.py
[2026-09-05T23:00:38.572+0000] {logging_mixin.py:188} INFO - [2026-09-05T23:00:38.571+0000] {dag.py:3096} INFO - Sync 1 DAGs
[2026-09-05T23:00:38.632+0000] {logging_mixin.py:188} INFO - [2026-09-05T23:00:38.630+0000] {dag.py:3954} INFO - Setting next_dagrun for process_silver_layer to None, run_after=None
[2026-09-05T23:00:38.705+0000] {processor.py:183} INFO - Processing /opt/airflow/dags/silver_processing_dag.py took 0.450 seconds
[2026-09-05T23:01:09.953+0000] {processor.py:161} INFO - Started process (PID=14305) to work on /opt/airflow/dags/silver_processing_dag.py
[2026-09-05T23:01:09.974+0000] {processor.py:830} INFO - Processing file /opt/airflow/dags/silver_processing_dag.py for tasks to queue
[2026-09-05T23:01:10.021+0000] {logging_mixin.py:188} INFO - [2026-09-05T23:01:10.020+0000] {dagbag.py:545} INFO - Filling up the DagBag from /opt/airflow/dags/silver_processing_dag.py
[2026-09-05T23:01:10.164+0000] {processor.py:840} INFO - DAG(s) 'process_silver_layer' retrieved from /opt/airflow/dags/silver_processing_dag.py
[2026-09-05T23:01:10.234+0000] {logging_mixin.py:188} INFO - [2026-09-05T23:01:10.234+0000] {dag.py:3096} INFO - Sync 1 DAGs
[2026-09-05T23:01:10.350+0000] {logging_mixin.py:188} INFO - [2026-09-05T23:01:10.350+0000] {dag.py:3954} INFO - Setting next_dagrun for process_silver_layer to None, run_after=None
[2026-09-05T23:01:10.550+0000] {processor.py:183} INFO - Processing /opt/airflow/dags/silver_processing_dag.py took 0.694 seconds
[2026-09-05T23:01:41.862+0000] {processor.py:161} INFO - Started process (PID=14391) to work on /opt/airflow/dags/silver_processing_dag.py
[2026-09-05T23:01:41.867+0000] {processor.py:830} INFO - Processing file /opt/airflow/dags/silver_processing_dag.py for tasks to queue
[2026-09-05T23:01:41.914+0000] {logging_mixin.py:188} INFO - [2026-09-05T23:01:41.913+0000] {dagbag.py:545} INFO - Filling up the DagBag from /opt/airflow/dags/silver_processing_dag.py
[2026-09-05T23:01:42.146+0000] {processor.py:840} INFO - DAG(s) 'process_silver_layer' retrieved from /opt/airflow/dags/silver_processing_dag.py
[2026-09-05T23:01:42.366+0000] {logging_mixin.py:188} INFO - [2026-09-05T23:01:42.365+0000] {dag.py:3096} INFO - Sync 1 DAGs
[2026-09-05T23:01:42.503+0000] {logging_mixin.py:188} INFO - [2026-09-05T23:01:42.503+0000] {dag.py:3954} INFO - Setting next_dagrun for process_silver_layer to None, run_after=None
[2026-09-05T23:01:42.637+0000] {processor.py:183} INFO - Processing /opt/airflow/dags/silver_processing_dag.py took 0.826 seconds
[2026-09-05T23:02:13.230+0000] {processor.py:161} INFO - Started process (PID=14519) to work on /opt/airflow/dags/silver_processing_dag.py
[2026-09-05T23:02:13.262+0000] {processor.py:830} INFO - Processing file /opt/airflow/dags/silver_processing_dag.py for tasks to queue
[2026-09-05T23:02:13.302+0000] {logging_mixin.py:188} INFO - [2026-09-05T23:02:13.301+0000] {dagbag.py:545} INFO - Filling up the DagBag from /opt/airflow/dags/silver_processing_dag.py
[2026-09-05T23:02:13.615+0000] {processor.py:840} INFO - DAG(s) 'process_silver_layer' retrieved from /opt/airflow/dags/silver_processing_dag.py
[2026-09-05T23:02:13.895+0000] {logging_mixin.py:188} INFO - [2026-09-05T23:02:13.893+0000] {dag.py:3096} INFO - Sync 1 DAGs
[2026-09-05T23:02:13.980+0000] {logging_mixin.py:188} INFO - [2026-09-05T23:02:13.979+0000] {dag.py:3954} INFO - Setting next_dagrun for process_silver_layer to None, run_after=None
[2026-09-05T23:02:14.128+0000] {processor.py:183} INFO - Processing /opt/airflow/dags/silver_processing_dag.py took 0.951 seconds
[2026-09-05T23:02:45.179+0000] {processor.py:161} INFO - Started process (PID=14563) to work on /opt/airflow/dags/silver_processing_dag.py
[2026-09-05T23:02:45.184+0000] {processor.py:830} INFO - Processing file /opt/airflow/dags/silver_processing_dag.py for tasks to queue
[2026-09-05T23:02:45.258+0000] {logging_mixin.py:188} INFO - [2026-09-05T23:02:45.239+0000] {dagbag.py:545} INFO - Filling up the DagBag from /opt/airflow/dags/silver_processing_dag.py
[2026-09-05T23:02:45.473+0000] {processor.py:840} INFO - DAG(s) 'process_silver_layer' retrieved from /opt/airflow/dags/silver_processing_dag.py
[2026-09-05T23:02:45.588+0000] {logging_mixin.py:188} INFO - [2026-09-05T23:02:45.581+0000] {dag.py:3096} INFO - Sync 1 DAGs
[2026-09-05T23:02:45.659+0000] {logging_mixin.py:188} INFO - [2026-09-05T23:02:45.658+0000] {dag.py:3954} INFO - Setting next_dagrun for process_silver_layer to None, run_after=None
[2026-09-05T23:02:45.774+0000] {processor.py:183} INFO - Processing /opt/airflow/dags/silver_processing_dag.py took 0.665 seconds
[2026-09-05T23:03:16.697+0000] {processor.py:161} INFO - Started process (PID=14585) to work on /opt/airflow/dags/silver_processing_dag.py
[2026-09-05T23:03:16.702+0000] {processor.py:830} INFO - Processing file /opt/airflow/dags/silver_processing_dag.py for tasks to queue
[2026-09-05T23:03:16.712+0000] {logging_mixin.py:188} INFO - [2026-09-05T23:03:16.711+0000] {dagbag.py:545} INFO - Filling up the DagBag from /opt/airflow/dags/silver_processing_dag.py
[2026-09-05T23:03:16.797+0000] {processor.py:840} INFO - DAG(s) 'process_silver_layer' retrieved from /opt/airflow/dags/silver_processing_dag.py
[2026-09-05T23:03:16.896+0000] {logging_mixin.py:188} INFO - [2026-09-05T23:03:16.896+0000] {dag.py:3096} INFO - Sync 1 DAGs
[2026-09-05T23:03:16.956+0000] {logging_mixin.py:188} INFO - [2026-09-05T23:03:16.955+0000] {dag.py:3954} INFO - Setting next_dagrun for process_silver_layer to None, run_after=None
[2026-09-05T23:03:17.014+0000] {processor.py:183} INFO - Processing /opt/airflow/dags/silver_processing_dag.py took 0.347 seconds
[2026-09-05T23:03:47.487+0000] {processor.py:161} INFO - Started process (PID=14608) to work on /opt/airflow/dags/silver_processing_dag.py
[2026-09-05T23:03:47.489+0000] {processor.py:830} INFO - Processing file /opt/airflow/dags/silver_processing_dag.py for tasks to queue
[2026-09-05T23:03:47.498+0000] {logging_mixin.py:188} INFO - [2026-09-05T23:03:47.497+0000] {dagbag.py:545} INFO - Filling up the DagBag from /opt/airflow/dags/silver_processing_dag.py
[2026-09-05T23:03:47.543+0000] {processor.py:840} INFO - DAG(s) 'process_silver_layer' retrieved from /opt/airflow/dags/silver_processing_dag.py
[2026-09-05T23:03:47.600+0000] {logging_mixin.py:188} INFO - [2026-09-05T23:03:47.599+0000] {dag.py:3096} INFO - Sync 1 DAGs
[2026-09-05T23:03:47.637+0000] {logging_mixin.py:188} INFO - [2026-09-05T23:03:47.636+0000] {dag.py:3954} INFO - Setting next_dagrun for process_silver_layer to None, run_after=None
[2026-09-05T23:03:47.683+0000] {processor.py:183} INFO - Processing /opt/airflow/dags/silver_processing_dag.py took 0.212 seconds
[2026-09-05T23:04:17.949+0000] {processor.py:161} INFO - Started process (PID=14627) to work on /opt/airflow/dags/silver_processing_dag.py
[2026-09-05T23:04:17.951+0000] {processor.py:830} INFO - Processing file /opt/airflow/dags/silver_processing_dag.py for tasks to queue
[2026-09-05T23:04:17.959+0000] {logging_mixin.py:188} INFO - [2026-09-05T23:04:17.958+0000] {dagbag.py:545} INFO - Filling up the DagBag from /opt/airflow/dags/silver_processing_dag.py
[2026-09-05T23:04:18.004+0000] {processor.py:840} INFO - DAG(s) 'process_silver_layer' retrieved from /opt/airflow/dags/silver_processing_dag.py
[2026-09-05T23:04:18.075+0000] {logging_mixin.py:188} INFO - [2026-09-05T23:04:18.075+0000] {dag.py:3096} INFO - Sync 1 DAGs
[2026-09-05T23:04:18.127+0000] {logging_mixin.py:188} INFO - [2026-09-05T23:04:18.127+0000] {dag.py:3954} INFO - Setting next_dagrun for process_silver_layer to None, run_after=None
[2026-09-05T23:04:18.209+0000] {processor.py:183} INFO - Processing /opt/airflow/dags/silver_processing_dag.py took 0.279 seconds
[2026-09-05T23:04:48.728+0000] {processor.py:161} INFO - Started process (PID=14644) to work on /opt/airflow/dags/silver_processing_dag.py
[2026-09-05T23:04:48.735+0000] {processor.py:830} INFO - Processing file /opt/airflow/dags/silver_processing_dag.py for tasks to queue
[2026-09-05T23:04:48.745+0000] {logging_mixin.py:188} INFO - [2026-09-05T23:04:48.743+0000] {dagbag.py:545} INFO - Filling up the DagBag from /opt/airflow/dags/silver_processing_dag.py
[2026-09-05T23:04:48.951+0000] {processor.py:840} INFO - DAG(s) 'process_silver_layer' retrieved from /opt/airflow/dags/silver_processing_dag.py
[2026-09-05T23:04:49.103+0000] {logging_mixin.py:188} INFO - [2026-09-05T23:04:49.102+0000] {dag.py:3096} INFO - Sync 1 DAGs
[2026-09-05T23:04:49.191+0000] {logging_mixin.py:188} INFO - [2026-09-05T23:04:49.191+0000] {dag.py:3954} INFO - Setting next_dagrun for process_silver_layer to None, run_after=None
[2026-09-05T23:04:49.277+0000] {processor.py:183} INFO - Processing /opt/airflow/dags/silver_processing_dag.py took 0.591 seconds
[2026-09-05T23:05:20.149+0000] {processor.py:161} INFO - Started process (PID=14663) to work on /opt/airflow/dags/silver_processing_dag.py
[2026-09-05T23:05:20.153+0000] {processor.py:830} INFO - Processing file /opt/airflow/dags/silver_processing_dag.py for tasks to queue
[2026-09-05T23:05:20.164+0000] {logging_mixin.py:188} INFO - [2026-09-05T23:05:20.163+0000] {dagbag.py:545} INFO - Filling up the DagBag from /opt/airflow/dags/silver_processing_dag.py
[2026-09-05T23:05:20.261+0000] {processor.py:840} INFO - DAG(s) 'process_silver_layer' retrieved from /opt/airflow/dags/silver_processing_dag.py
[2026-09-05T23:05:20.398+0000] {logging_mixin.py:188} INFO - [2026-09-05T23:05:20.397+0000] {dag.py:3096} INFO - Sync 1 DAGs
[2026-09-05T23:05:20.473+0000] {logging_mixin.py:188} INFO - [2026-09-05T23:05:20.473+0000] {dag.py:3954} INFO - Setting next_dagrun for process_silver_layer to None, run_after=None
[2026-09-05T23:05:20.587+0000] {processor.py:183} INFO - Processing /opt/airflow/dags/silver_processing_dag.py took 0.477 seconds
[2026-09-05T23:05:51.655+0000] {processor.py:161} INFO - Started process (PID=14682) to work on /opt/airflow/dags/silver_processing_dag.py
[2026-09-05T23:05:51.677+0000] {processor.py:830} INFO - Processing file /opt/airflow/dags/silver_processing_dag.py for tasks to queue
[2026-09-05T23:05:51.728+0000] {logging_mixin.py:188} INFO - [2026-09-05T23:05:51.727+0000] {dagbag.py:545} INFO - Filling up the DagBag from /opt/airflow/dags/silver_processing_dag.py
[2026-09-05T23:05:51.945+0000] {processor.py:840} INFO - DAG(s) 'process_silver_layer' retrieved from /opt/airflow/dags/silver_processing_dag.py
[2026-09-05T23:05:52.335+0000] {logging_mixin.py:188} INFO - [2026-09-05T23:05:52.335+0000] {dag.py:3096} INFO - Sync 1 DAGs
[2026-09-05T23:05:52.527+0000] {logging_mixin.py:188} INFO - [2026-09-05T23:05:52.527+0000] {dag.py:3954} INFO - Setting next_dagrun for process_silver_layer to None, run_after=None
[2026-09-05T23:05:52.772+0000] {processor.py:183} INFO - Processing /opt/airflow/dags/silver_processing_dag.py took 1.299 seconds
[2026-09-05T23:06:23.668+0000] {processor.py:161} INFO - Started process (PID=14787) to work on /opt/airflow/dags/silver_processing_dag.py
[2026-09-05T23:06:23.722+0000] {processor.py:830} INFO - Processing file /opt/airflow/dags/silver_processing_dag.py for tasks to queue
[2026-09-05T23:06:23.754+0000] {logging_mixin.py:188} INFO - [2026-09-05T23:06:23.748+0000] {dagbag.py:545} INFO - Filling up the DagBag from /opt/airflow/dags/silver_processing_dag.py
[2026-09-05T23:06:23.980+0000] {processor.py:840} INFO - DAG(s) 'process_silver_layer' retrieved from /opt/airflow/dags/silver_processing_dag.py
[2026-09-05T23:06:24.137+0000] {logging_mixin.py:188} INFO - [2026-09-05T23:06:24.137+0000] {dag.py:3096} INFO - Sync 1 DAGs
[2026-09-05T23:06:24.277+0000] {logging_mixin.py:188} INFO - [2026-09-05T23:06:24.277+0000] {dag.py:3954} INFO - Setting next_dagrun for process_silver_layer to None, run_after=None
[2026-09-05T23:06:24.505+0000] {processor.py:183} INFO - Processing /opt/airflow/dags/silver_processing_dag.py took 0.910 seconds
[2026-09-05T23:06:55.141+0000] {processor.py:161} INFO - Started process (PID=14808) to work on /opt/airflow/dags/silver_processing_dag.py
[2026-09-05T23:06:55.145+0000] {processor.py:830} INFO - Processing file /opt/airflow/dags/silver_processing_dag.py for tasks to queue
[2026-09-05T23:06:55.169+0000] {logging_mixin.py:188} INFO - [2026-09-05T23:06:55.168+0000] {dagbag.py:545} INFO - Filling up the DagBag from /opt/airflow/dags/silver_processing_dag.py
[2026-09-05T23:06:55.376+0000] {processor.py:840} INFO - DAG(s) 'process_silver_layer' retrieved from /opt/airflow/dags/silver_processing_dag.py
[2026-09-05T23:06:55.544+0000] {logging_mixin.py:188} INFO - [2026-09-05T23:06:55.544+0000] {dag.py:3096} INFO - Sync 1 DAGs
[2026-09-05T23:06:55.640+0000] {logging_mixin.py:188} INFO - [2026-09-05T23:06:55.639+0000] {dag.py:3954} INFO - Setting next_dagrun for process_silver_layer to None, run_after=None
[2026-09-05T23:06:55.769+0000] {processor.py:183} INFO - Processing /opt/airflow/dags/silver_processing_dag.py took 0.668 seconds
[2026-09-05T23:07:26.619+0000] {processor.py:161} INFO - Started process (PID=14827) to work on /opt/airflow/dags/silver_processing_dag.py
[2026-09-05T23:07:26.654+0000] {processor.py:830} INFO - Processing file /opt/airflow/dags/silver_processing_dag.py for tasks to queue
[2026-09-05T23:07:26.726+0000] {logging_mixin.py:188} INFO - [2026-09-05T23:07:26.725+0000] {dagbag.py:545} INFO - Filling up the DagBag from /opt/airflow/dags/silver_processing_dag.py
[2026-09-05T23:07:27.324+0000] {processor.py:840} INFO - DAG(s) 'process_silver_layer' retrieved from /opt/airflow/dags/silver_processing_dag.py
[2026-09-05T23:07:27.540+0000] {logging_mixin.py:188} INFO - [2026-09-05T23:07:27.539+0000] {dag.py:3096} INFO - Sync 1 DAGs
[2026-09-05T23:07:27.698+0000] {logging_mixin.py:188} INFO - [2026-09-05T23:07:27.689+0000] {dag.py:3954} INFO - Setting next_dagrun for process_silver_layer to None, run_after=None
[2026-09-05T23:07:28.098+0000] {processor.py:183} INFO - Processing /opt/airflow/dags/silver_processing_dag.py took 1.546 seconds
[2026-09-05T23:07:58.519+0000] {processor.py:161} INFO - Started process (PID=14925) to work on /opt/airflow/dags/silver_processing_dag.py
[2026-09-05T23:07:58.526+0000] {processor.py:830} INFO - Processing file /opt/airflow/dags/silver_processing_dag.py for tasks to queue
[2026-09-05T23:07:58.559+0000] {logging_mixin.py:188} INFO - [2026-09-05T23:07:58.556+0000] {dagbag.py:545} INFO - Filling up the DagBag from /opt/airflow/dags/silver_processing_dag.py
[2026-09-05T23:07:58.666+0000] {processor.py:840} INFO - DAG(s) 'process_silver_layer' retrieved from /opt/airflow/dags/silver_processing_dag.py
[2026-09-05T23:07:58.836+0000] {logging_mixin.py:188} INFO - [2026-09-05T23:07:58.835+0000] {dag.py:3096} INFO - Sync 1 DAGs
[2026-09-05T23:07:58.943+0000] {logging_mixin.py:188} INFO - [2026-09-05T23:07:58.940+0000] {dag.py:3954} INFO - Setting next_dagrun for process_silver_layer to None, run_after=None
[2026-09-05T23:07:59.146+0000] {processor.py:183} INFO - Processing /opt/airflow/dags/silver_processing_dag.py took 0.682 seconds
[2026-09-05T23:08:30.202+0000] {processor.py:161} INFO - Started process (PID=15007) to work on /opt/airflow/dags/silver_processing_dag.py
[2026-09-05T23:08:30.206+0000] {processor.py:830} INFO - Processing file /opt/airflow/dags/silver_processing_dag.py for tasks to queue
[2026-09-05T23:08:30.226+0000] {logging_mixin.py:188} INFO - [2026-09-05T23:08:30.225+0000] {dagbag.py:545} INFO - Filling up the DagBag from /opt/airflow/dags/silver_processing_dag.py
[2026-09-05T23:08:30.325+0000] {processor.py:840} INFO - DAG(s) 'process_silver_layer' retrieved from /opt/airflow/dags/silver_processing_dag.py
[2026-09-05T23:08:30.471+0000] {logging_mixin.py:188} INFO - [2026-09-05T23:08:30.459+0000] {dag.py:3096} INFO - Sync 1 DAGs
[2026-09-05T23:08:30.599+0000] {logging_mixin.py:188} INFO - [2026-09-05T23:08:30.598+0000] {dag.py:3954} INFO - Setting next_dagrun for process_silver_layer to None, run_after=None
[2026-09-05T23:08:30.740+0000] {processor.py:183} INFO - Processing /opt/airflow/dags/silver_processing_dag.py took 0.576 seconds
[2026-09-05T23:09:02.602+0000] {processor.py:161} INFO - Started process (PID=15629) to work on /opt/airflow/dags/silver_processing_dag.py
[2026-09-05T23:09:02.619+0000] {processor.py:830} INFO - Processing file /opt/airflow/dags/silver_processing_dag.py for tasks to queue
[2026-09-05T23:09:02.652+0000] {logging_mixin.py:188} INFO - [2026-09-05T23:09:02.651+0000] {dagbag.py:545} INFO - Filling up the DagBag from /opt/airflow/dags/silver_processing_dag.py
[2026-09-05T23:09:02.870+0000] {processor.py:840} INFO - DAG(s) 'process_silver_layer' retrieved from /opt/airflow/dags/silver_processing_dag.py
[2026-09-05T23:09:03.168+0000] {logging_mixin.py:188} INFO - [2026-09-05T23:09:03.167+0000] {dag.py:3096} INFO - Sync 1 DAGs
[2026-09-05T23:09:03.234+0000] {logging_mixin.py:188} INFO - [2026-09-05T23:09:03.233+0000] {dag.py:3954} INFO - Setting next_dagrun for process_silver_layer to None, run_after=None
[2026-09-05T23:09:03.391+0000] {processor.py:183} INFO - Processing /opt/airflow/dags/silver_processing_dag.py took 0.860 seconds
[2026-09-05T23:09:35.209+0000] {processor.py:161} INFO - Started process (PID=15704) to work on /opt/airflow/dags/silver_processing_dag.py
[2026-09-05T23:09:35.226+0000] {processor.py:830} INFO - Processing file /opt/airflow/dags/silver_processing_dag.py for tasks to queue
[2026-09-05T23:09:35.244+0000] {logging_mixin.py:188} INFO - [2026-09-05T23:09:35.243+0000] {dagbag.py:545} INFO - Filling up the DagBag from /opt/airflow/dags/silver_processing_dag.py
[2026-09-05T23:09:35.506+0000] {processor.py:840} INFO - DAG(s) 'process_silver_layer' retrieved from /opt/airflow/dags/silver_processing_dag.py
[2026-09-05T23:09:35.692+0000] {logging_mixin.py:188} INFO - [2026-09-05T23:09:35.691+0000] {dag.py:3096} INFO - Sync 1 DAGs
[2026-09-05T23:09:35.846+0000] {logging_mixin.py:188} INFO - [2026-09-05T23:09:35.845+0000] {dag.py:3954} INFO - Setting next_dagrun for process_silver_layer to None, run_after=None
[2026-09-05T23:09:36.286+0000] {processor.py:183} INFO - Processing /opt/airflow/dags/silver_processing_dag.py took 1.123 seconds
[2026-09-05T23:10:06.690+0000] {processor.py:161} INFO - Started process (PID=15771) to work on /opt/airflow/dags/silver_processing_dag.py
[2026-09-05T23:10:06.713+0000] {processor.py:830} INFO - Processing file /opt/airflow/dags/silver_processing_dag.py for tasks to queue
[2026-09-05T23:10:06.752+0000] {logging_mixin.py:188} INFO - [2026-09-05T23:10:06.751+0000] {dagbag.py:545} INFO - Filling up the DagBag from /opt/airflow/dags/silver_processing_dag.py
[2026-09-05T23:10:06.892+0000] {processor.py:840} INFO - DAG(s) 'process_silver_layer' retrieved from /opt/airflow/dags/silver_processing_dag.py
[2026-09-05T23:10:07.030+0000] {logging_mixin.py:188} INFO - [2026-09-05T23:10:07.029+0000] {dag.py:3096} INFO - Sync 1 DAGs
[2026-09-05T23:10:07.127+0000] {logging_mixin.py:188} INFO - [2026-09-05T23:10:07.127+0000] {dag.py:3954} INFO - Setting next_dagrun for process_silver_layer to None, run_after=None
[2026-09-05T23:10:07.238+0000] {processor.py:183} INFO - Processing /opt/airflow/dags/silver_processing_dag.py took 0.616 seconds
[2026-09-05T23:10:38.384+0000] {processor.py:161} INFO - Started process (PID=15871) to work on /opt/airflow/dags/silver_processing_dag.py
[2026-09-05T23:10:38.387+0000] {processor.py:830} INFO - Processing file /opt/airflow/dags/silver_processing_dag.py for tasks to queue
[2026-09-05T23:10:38.395+0000] {logging_mixin.py:188} INFO - [2026-09-05T23:10:38.394+0000] {dagbag.py:545} INFO - Filling up the DagBag from /opt/airflow/dags/silver_processing_dag.py
[2026-09-05T23:10:38.466+0000] {processor.py:840} INFO - DAG(s) 'process_silver_layer' retrieved from /opt/airflow/dags/silver_processing_dag.py
[2026-09-05T23:10:38.584+0000] {logging_mixin.py:188} INFO - [2026-09-05T23:10:38.584+0000] {dag.py:3096} INFO - Sync 1 DAGs
[2026-09-05T23:10:38.657+0000] {logging_mixin.py:188} INFO - [2026-09-05T23:10:38.657+0000] {dag.py:3954} INFO - Setting next_dagrun for process_silver_layer to None, run_after=None
[2026-09-05T23:10:38.786+0000] {processor.py:183} INFO - Processing /opt/airflow/dags/silver_processing_dag.py took 0.449 seconds
[2026-09-05T23:11:09.022+0000] {processor.py:161} INFO - Started process (PID=15952) to work on /opt/airflow/dags/silver_processing_dag.py
[2026-09-05T23:11:09.026+0000] {processor.py:830} INFO - Processing file /opt/airflow/dags/silver_processing_dag.py for tasks to queue
[2026-09-05T23:11:09.042+0000] {logging_mixin.py:188} INFO - [2026-09-05T23:11:09.041+0000] {dagbag.py:545} INFO - Filling up the DagBag from /opt/airflow/dags/silver_processing_dag.py
[2026-09-05T23:11:09.110+0000] {processor.py:840} INFO - DAG(s) 'process_silver_layer' retrieved from /opt/airflow/dags/silver_processing_dag.py
[2026-09-05T23:11:09.188+0000] {logging_mixin.py:188} INFO - [2026-09-05T23:11:09.187+0000] {dag.py:3096} INFO - Sync 1 DAGs
[2026-09-05T23:11:09.241+0000] {logging_mixin.py:188} INFO - [2026-09-05T23:11:09.241+0000] {dag.py:3954} INFO - Setting next_dagrun for process_silver_layer to None, run_after=None
[2026-09-05T23:11:09.321+0000] {processor.py:183} INFO - Processing /opt/airflow/dags/silver_processing_dag.py took 0.331 seconds
[2026-09-05T23:11:39.829+0000] {processor.py:161} INFO - Started process (PID=15967) to work on /opt/airflow/dags/silver_processing_dag.py
[2026-09-05T23:11:39.832+0000] {processor.py:830} INFO - Processing file /opt/airflow/dags/silver_processing_dag.py for tasks to queue
[2026-09-05T23:11:39.839+0000] {logging_mixin.py:188} INFO - [2026-09-05T23:11:39.838+0000] {dagbag.py:545} INFO - Filling up the DagBag from /opt/airflow/dags/silver_processing_dag.py
[2026-09-05T23:11:39.907+0000] {processor.py:840} INFO - DAG(s) 'process_silver_layer' retrieved from /opt/airflow/dags/silver_processing_dag.py
[2026-09-05T23:11:39.984+0000] {logging_mixin.py:188} INFO - [2026-09-05T23:11:39.984+0000] {dag.py:3096} INFO - Sync 1 DAGs
[2026-09-05T23:11:40.043+0000] {logging_mixin.py:188} INFO - [2026-09-05T23:11:40.042+0000] {dag.py:3954} INFO - Setting next_dagrun for process_silver_layer to None, run_after=None
[2026-09-05T23:11:40.118+0000] {processor.py:183} INFO - Processing /opt/airflow/dags/silver_processing_dag.py took 0.317 seconds
[2026-09-05T23:12:11.318+0000] {processor.py:161} INFO - Started process (PID=15982) to work on /opt/airflow/dags/silver_processing_dag.py
[2026-09-05T23:12:11.346+0000] {processor.py:830} INFO - Processing file /opt/airflow/dags/silver_processing_dag.py for tasks to queue
[2026-09-05T23:12:11.414+0000] {logging_mixin.py:188} INFO - [2026-09-05T23:12:11.413+0000] {dagbag.py:545} INFO - Filling up the DagBag from /opt/airflow/dags/silver_processing_dag.py
[2026-09-05T23:12:11.996+0000] {processor.py:840} INFO - DAG(s) 'process_silver_layer' retrieved from /opt/airflow/dags/silver_processing_dag.py
[2026-09-05T23:12:12.233+0000] {logging_mixin.py:188} INFO - [2026-09-05T23:12:12.232+0000] {dag.py:3096} INFO - Sync 1 DAGs
[2026-09-05T23:12:12.320+0000] {logging_mixin.py:188} INFO - [2026-09-05T23:12:12.319+0000] {dag.py:3954} INFO - Setting next_dagrun for process_silver_layer to None, run_after=None
[2026-09-05T23:12:12.861+0000] {processor.py:183} INFO - Processing /opt/airflow/dags/silver_processing_dag.py took 1.580 seconds
[2026-09-05T23:12:43.162+0000] {processor.py:161} INFO - Started process (PID=15999) to work on /opt/airflow/dags/silver_processing_dag.py
[2026-09-05T23:12:43.165+0000] {processor.py:830} INFO - Processing file /opt/airflow/dags/silver_processing_dag.py for tasks to queue
[2026-09-05T23:12:43.173+0000] {logging_mixin.py:188} INFO - [2026-09-05T23:12:43.172+0000] {dagbag.py:545} INFO - Filling up the DagBag from /opt/airflow/dags/silver_processing_dag.py
[2026-09-05T23:12:43.218+0000] {processor.py:840} INFO - DAG(s) 'process_silver_layer' retrieved from /opt/airflow/dags/silver_processing_dag.py
[2026-09-05T23:12:43.279+0000] {logging_mixin.py:188} INFO - [2026-09-05T23:12:43.279+0000] {dag.py:3096} INFO - Sync 1 DAGs
[2026-09-05T23:12:43.311+0000] {logging_mixin.py:188} INFO - [2026-09-05T23:12:43.311+0000] {dag.py:3954} INFO - Setting next_dagrun for process_silver_layer to None, run_after=None
[2026-09-05T23:12:43.368+0000] {processor.py:183} INFO - Processing /opt/airflow/dags/silver_processing_dag.py took 0.224 seconds
[2026-09-05T23:13:13.640+0000] {processor.py:161} INFO - Started process (PID=16012) to work on /opt/airflow/dags/silver_processing_dag.py
[2026-09-05T23:13:13.644+0000] {processor.py:830} INFO - Processing file /opt/airflow/dags/silver_processing_dag.py for tasks to queue
[2026-09-05T23:13:13.654+0000] {logging_mixin.py:188} INFO - [2026-09-05T23:13:13.652+0000] {dagbag.py:545} INFO - Filling up the DagBag from /opt/airflow/dags/silver_processing_dag.py
[2026-09-05T23:13:13.771+0000] {processor.py:840} INFO - DAG(s) 'process_silver_layer' retrieved from /opt/airflow/dags/silver_processing_dag.py
[2026-09-05T23:13:13.881+0000] {logging_mixin.py:188} INFO - [2026-09-05T23:13:13.880+0000] {dag.py:3096} INFO - Sync 1 DAGs
[2026-09-05T23:13:13.935+0000] {logging_mixin.py:188} INFO - [2026-09-05T23:13:13.934+0000] {dag.py:3954} INFO - Setting next_dagrun for process_silver_layer to None, run_after=None
[2026-09-05T23:13:15.556+0000] {processor.py:183} INFO - Processing /opt/airflow/dags/silver_processing_dag.py took 1.940 seconds
[2026-09-05T23:13:46.463+0000] {processor.py:161} INFO - Started process (PID=16027) to work on /opt/airflow/dags/silver_processing_dag.py
[2026-09-05T23:13:46.470+0000] {processor.py:830} INFO - Processing file /opt/airflow/dags/silver_processing_dag.py for tasks to queue
[2026-09-05T23:13:46.493+0000] {logging_mixin.py:188} INFO - [2026-09-05T23:13:46.491+0000] {dagbag.py:545} INFO - Filling up the DagBag from /opt/airflow/dags/silver_processing_dag.py
[2026-09-05T23:13:46.553+0000] {processor.py:840} INFO - DAG(s) 'process_silver_layer' retrieved from /opt/airflow/dags/silver_processing_dag.py
[2026-09-05T23:13:46.635+0000] {logging_mixin.py:188} INFO - [2026-09-05T23:13:46.634+0000] {dag.py:3096} INFO - Sync 1 DAGs
[2026-09-05T23:13:46.691+0000] {logging_mixin.py:188} INFO - [2026-09-05T23:13:46.690+0000] {dag.py:3954} INFO - Setting next_dagrun for process_silver_layer to None, run_after=None
[2026-09-05T23:13:49.690+0000] {processor.py:183} INFO - Processing /opt/airflow/dags/silver_processing_dag.py took 3.269 seconds
[2026-09-05T23:14:20.288+0000] {processor.py:161} INFO - Started process (PID=16042) to work on /opt/airflow/dags/silver_processing_dag.py
[2026-09-05T23:14:20.291+0000] {processor.py:830} INFO - Processing file /opt/airflow/dags/silver_processing_dag.py for tasks to queue
[2026-09-05T23:14:20.303+0000] {logging_mixin.py:188} INFO - [2026-09-05T23:14:20.302+0000] {dagbag.py:545} INFO - Filling up the DagBag from /opt/airflow/dags/silver_processing_dag.py
[2026-09-05T23:14:20.412+0000] {processor.py:840} INFO - DAG(s) 'process_silver_layer' retrieved from /opt/airflow/dags/silver_processing_dag.py
[2026-09-05T23:14:20.533+0000] {logging_mixin.py:188} INFO - [2026-09-05T23:14:20.533+0000] {dag.py:3096} INFO - Sync 1 DAGs
[2026-09-05T23:14:20.581+0000] {logging_mixin.py:188} INFO - [2026-09-05T23:14:20.580+0000] {dag.py:3954} INFO - Setting next_dagrun for process_silver_layer to None, run_after=None
[2026-09-05T23:14:20.654+0000] {processor.py:183} INFO - Processing /opt/airflow/dags/silver_processing_dag.py took 0.390 seconds
[2026-09-05T23:14:51.273+0000] {processor.py:161} INFO - Started process (PID=16057) to work on /opt/airflow/dags/silver_processing_dag.py
[2026-09-05T23:14:51.284+0000] {processor.py:830} INFO - Processing file /opt/airflow/dags/silver_processing_dag.py for tasks to queue
[2026-09-05T23:14:51.299+0000] {logging_mixin.py:188} INFO - [2026-09-05T23:14:51.298+0000] {dagbag.py:545} INFO - Filling up the DagBag from /opt/airflow/dags/silver_processing_dag.py
[2026-09-05T23:14:51.490+0000] {processor.py:840} INFO - DAG(s) 'process_silver_layer' retrieved from /opt/airflow/dags/silver_processing_dag.py
[2026-09-05T23:14:51.702+0000] {logging_mixin.py:188} INFO - [2026-09-05T23:14:51.701+0000] {dag.py:3096} INFO - Sync 1 DAGs
[2026-09-05T23:14:51.817+0000] {logging_mixin.py:188} INFO - [2026-09-05T23:14:51.816+0000] {dag.py:3954} INFO - Setting next_dagrun for process_silver_layer to None, run_after=None
[2026-09-05T23:14:51.970+0000] {processor.py:183} INFO - Processing /opt/airflow/dags/silver_processing_dag.py took 0.740 seconds
[2026-09-05T23:15:22.600+0000] {processor.py:161} INFO - Started process (PID=16072) to work on /opt/airflow/dags/silver_processing_dag.py
[2026-09-05T23:15:22.605+0000] {processor.py:830} INFO - Processing file /opt/airflow/dags/silver_processing_dag.py for tasks to queue
[2026-09-05T23:15:22.614+0000] {logging_mixin.py:188} INFO - [2026-09-05T23:15:22.613+0000] {dagbag.py:545} INFO - Filling up the DagBag from /opt/airflow/dags/silver_processing_dag.py
[2026-09-05T23:15:22.692+0000] {processor.py:840} INFO - DAG(s) 'process_silver_layer' retrieved from /opt/airflow/dags/silver_processing_dag.py
[2026-09-05T23:15:22.775+0000] {logging_mixin.py:188} INFO - [2026-09-05T23:15:22.772+0000] {dag.py:3096} INFO - Sync 1 DAGs
[2026-09-05T23:15:22.827+0000] {logging_mixin.py:188} INFO - [2026-09-05T23:15:22.826+0000] {dag.py:3954} INFO - Setting next_dagrun for process_silver_layer to None, run_after=None
[2026-09-05T23:15:22.929+0000] {processor.py:183} INFO - Processing /opt/airflow/dags/silver_processing_dag.py took 0.358 seconds
[2026-09-05T23:15:53.442+0000] {processor.py:161} INFO - Started process (PID=16087) to work on /opt/airflow/dags/silver_processing_dag.py
[2026-09-05T23:15:53.448+0000] {processor.py:830} INFO - Processing file /opt/airflow/dags/silver_processing_dag.py for tasks to queue
[2026-09-05T23:15:53.469+0000] {logging_mixin.py:188} INFO - [2026-09-05T23:15:53.468+0000] {dagbag.py:545} INFO - Filling up the DagBag from /opt/airflow/dags/silver_processing_dag.py
[2026-09-05T23:15:53.574+0000] {processor.py:840} INFO - DAG(s) 'process_silver_layer' retrieved from /opt/airflow/dags/silver_processing_dag.py
[2026-09-05T23:15:53.779+0000] {logging_mixin.py:188} INFO - [2026-09-05T23:15:53.779+0000] {dag.py:3096} INFO - Sync 1 DAGs
[2026-09-05T23:15:53.838+0000] {logging_mixin.py:188} INFO - [2026-09-05T23:15:53.837+0000] {dag.py:3954} INFO - Setting next_dagrun for process_silver_layer to None, run_after=None
[2026-09-05T23:15:53.934+0000] {processor.py:183} INFO - Processing /opt/airflow/dags/silver_processing_dag.py took 0.526 seconds
[2026-09-05T23:16:24.445+0000] {processor.py:161} INFO - Started process (PID=16102) to work on /opt/airflow/dags/silver_processing_dag.py
[2026-09-05T23:16:24.447+0000] {processor.py:830} INFO - Processing file /opt/airflow/dags/silver_processing_dag.py for tasks to queue
[2026-09-05T23:16:24.454+0000] {logging_mixin.py:188} INFO - [2026-09-05T23:16:24.453+0000] {dagbag.py:545} INFO - Filling up the DagBag from /opt/airflow/dags/silver_processing_dag.py
[2026-09-05T23:16:24.524+0000] {processor.py:840} INFO - DAG(s) 'process_silver_layer' retrieved from /opt/airflow/dags/silver_processing_dag.py
[2026-09-05T23:16:24.602+0000] {logging_mixin.py:188} INFO - [2026-09-05T23:16:24.598+0000] {dag.py:3096} INFO - Sync 1 DAGs
[2026-09-05T23:16:24.643+0000] {logging_mixin.py:188} INFO - [2026-09-05T23:16:24.642+0000] {dag.py:3954} INFO - Setting next_dagrun for process_silver_layer to None, run_after=None
[2026-09-05T23:16:24.713+0000] {processor.py:183} INFO - Processing /opt/airflow/dags/silver_processing_dag.py took 0.288 seconds
[2026-09-05T23:16:55.227+0000] {processor.py:161} INFO - Started process (PID=16117) to work on /opt/airflow/dags/silver_processing_dag.py
[2026-09-05T23:16:55.232+0000] {processor.py:830} INFO - Processing file /opt/airflow/dags/silver_processing_dag.py for tasks to queue
[2026-09-05T23:16:55.242+0000] {logging_mixin.py:188} INFO - [2026-09-05T23:16:55.241+0000] {dagbag.py:545} INFO - Filling up the DagBag from /opt/airflow/dags/silver_processing_dag.py
[2026-09-05T23:16:55.304+0000] {processor.py:840} INFO - DAG(s) 'process_silver_layer' retrieved from /opt/airflow/dags/silver_processing_dag.py
[2026-09-05T23:16:55.387+0000] {logging_mixin.py:188} INFO - [2026-09-05T23:16:55.386+0000] {dag.py:3096} INFO - Sync 1 DAGs
[2026-09-05T23:16:55.462+0000] {logging_mixin.py:188} INFO - [2026-09-05T23:16:55.462+0000] {dag.py:3954} INFO - Setting next_dagrun for process_silver_layer to None, run_after=None
[2026-09-05T23:16:55.527+0000] {processor.py:183} INFO - Processing /opt/airflow/dags/silver_processing_dag.py took 0.326 seconds
[2026-09-05T23:17:26.100+0000] {processor.py:161} INFO - Started process (PID=16132) to work on /opt/airflow/dags/silver_processing_dag.py
[2026-09-05T23:17:26.107+0000] {processor.py:830} INFO - Processing file /opt/airflow/dags/silver_processing_dag.py for tasks to queue
[2026-09-05T23:17:26.114+0000] {logging_mixin.py:188} INFO - [2026-09-05T23:17:26.113+0000] {dagbag.py:545} INFO - Filling up the DagBag from /opt/airflow/dags/silver_processing_dag.py
[2026-09-05T23:17:26.178+0000] {processor.py:840} INFO - DAG(s) 'process_silver_layer' retrieved from /opt/airflow/dags/silver_processing_dag.py
[2026-09-05T23:17:26.285+0000] {logging_mixin.py:188} INFO - [2026-09-05T23:17:26.283+0000] {dag.py:3096} INFO - Sync 1 DAGs
[2026-09-05T23:17:26.335+0000] {logging_mixin.py:188} INFO - [2026-09-05T23:17:26.334+0000] {dag.py:3954} INFO - Setting next_dagrun for process_silver_layer to None, run_after=None
[2026-09-05T23:17:26.469+0000] {processor.py:183} INFO - Processing /opt/airflow/dags/silver_processing_dag.py took 0.398 seconds
[2026-09-05T23:17:57.160+0000] {processor.py:161} INFO - Started process (PID=16147) to work on /opt/airflow/dags/silver_processing_dag.py
[2026-09-05T23:17:57.165+0000] {processor.py:830} INFO - Processing file /opt/airflow/dags/silver_processing_dag.py for tasks to queue
[2026-09-05T23:17:57.173+0000] {logging_mixin.py:188} INFO - [2026-09-05T23:17:57.172+0000] {dagbag.py:545} INFO - Filling up the DagBag from /opt/airflow/dags/silver_processing_dag.py
[2026-09-05T23:17:57.230+0000] {processor.py:840} INFO - DAG(s) 'process_silver_layer' retrieved from /opt/airflow/dags/silver_processing_dag.py
[2026-09-05T23:17:57.314+0000] {logging_mixin.py:188} INFO - [2026-09-05T23:17:57.313+0000] {dag.py:3096} INFO - Sync 1 DAGs
[2026-09-05T23:17:57.370+0000] {logging_mixin.py:188} INFO - [2026-09-05T23:17:57.369+0000] {dag.py:3954} INFO - Setting next_dagrun for process_silver_layer to None, run_after=None
[2026-09-05T23:17:57.435+0000] {processor.py:183} INFO - Processing /opt/airflow/dags/silver_processing_dag.py took 0.300 seconds
[2026-09-05T23:18:28.000+0000] {processor.py:161} INFO - Started process (PID=16162) to work on /opt/airflow/dags/silver_processing_dag.py
[2026-09-05T23:18:28.004+0000] {processor.py:830} INFO - Processing file /opt/airflow/dags/silver_processing_dag.py for tasks to queue
[2026-09-05T23:18:28.011+0000] {logging_mixin.py:188} INFO - [2026-09-05T23:18:28.010+0000] {dagbag.py:545} INFO - Filling up the DagBag from /opt/airflow/dags/silver_processing_dag.py
[2026-09-05T23:18:28.080+0000] {processor.py:840} INFO - DAG(s) 'process_silver_layer' retrieved from /opt/airflow/dags/silver_processing_dag.py
[2026-09-05T23:18:28.161+0000] {logging_mixin.py:188} INFO - [2026-09-05T23:18:28.160+0000] {dag.py:3096} INFO - Sync 1 DAGs
[2026-09-05T23:18:28.211+0000] {logging_mixin.py:188} INFO - [2026-09-05T23:18:28.211+0000] {dag.py:3954} INFO - Setting next_dagrun for process_silver_layer to None, run_after=None
[2026-09-05T23:18:28.293+0000] {processor.py:183} INFO - Processing /opt/airflow/dags/silver_processing_dag.py took 0.322 seconds
[2026-09-05T23:18:58.818+0000] {processor.py:161} INFO - Started process (PID=16177) to work on /opt/airflow/dags/silver_processing_dag.py
[2026-09-05T23:18:58.821+0000] {processor.py:830} INFO - Processing file /opt/airflow/dags/silver_processing_dag.py for tasks to queue
[2026-09-05T23:18:58.830+0000] {logging_mixin.py:188} INFO - [2026-09-05T23:18:58.829+0000] {dagbag.py:545} INFO - Filling up the DagBag from /opt/airflow/dags/silver_processing_dag.py
[2026-09-05T23:18:58.893+0000] {processor.py:840} INFO - DAG(s) 'process_silver_layer' retrieved from /opt/airflow/dags/silver_processing_dag.py
[2026-09-05T23:18:58.967+0000] {logging_mixin.py:188} INFO - [2026-09-05T23:18:58.966+0000] {dag.py:3096} INFO - Sync 1 DAGs
[2026-09-05T23:18:59.017+0000] {logging_mixin.py:188} INFO - [2026-09-05T23:18:59.016+0000] {dag.py:3954} INFO - Setting next_dagrun for process_silver_layer to None, run_after=None
[2026-09-05T23:18:59.107+0000] {processor.py:183} INFO - Processing /opt/airflow/dags/silver_processing_dag.py took 0.319 seconds
[2026-09-05T23:19:29.546+0000] {processor.py:161} INFO - Started process (PID=16192) to work on /opt/airflow/dags/silver_processing_dag.py
[2026-09-05T23:19:29.549+0000] {processor.py:830} INFO - Processing file /opt/airflow/dags/silver_processing_dag.py for tasks to queue
[2026-09-05T23:19:29.561+0000] {logging_mixin.py:188} INFO - [2026-09-05T23:19:29.560+0000] {dagbag.py:545} INFO - Filling up the DagBag from /opt/airflow/dags/silver_processing_dag.py
[2026-09-05T23:19:29.618+0000] {processor.py:840} INFO - DAG(s) 'process_silver_layer' retrieved from /opt/airflow/dags/silver_processing_dag.py
[2026-09-05T23:19:29.684+0000] {logging_mixin.py:188} INFO - [2026-09-05T23:19:29.683+0000] {dag.py:3096} INFO - Sync 1 DAGs
[2026-09-05T23:19:29.728+0000] {logging_mixin.py:188} INFO - [2026-09-05T23:19:29.726+0000] {dag.py:3954} INFO - Setting next_dagrun for process_silver_layer to None, run_after=None
[2026-09-05T23:19:29.810+0000] {processor.py:183} INFO - Processing /opt/airflow/dags/silver_processing_dag.py took 0.288 seconds
[2026-09-05T23:20:00.717+0000] {processor.py:161} INFO - Started process (PID=16207) to work on /opt/airflow/dags/silver_processing_dag.py
[2026-09-05T23:20:00.728+0000] {processor.py:830} INFO - Processing file /opt/airflow/dags/silver_processing_dag.py for tasks to queue
[2026-09-05T23:20:00.739+0000] {logging_mixin.py:188} INFO - [2026-09-05T23:20:00.737+0000] {dagbag.py:545} INFO - Filling up the DagBag from /opt/airflow/dags/silver_processing_dag.py
[2026-09-05T23:20:00.807+0000] {processor.py:840} INFO - DAG(s) 'process_silver_layer' retrieved from /opt/airflow/dags/silver_processing_dag.py
[2026-09-05T23:20:00.887+0000] {logging_mixin.py:188} INFO - [2026-09-05T23:20:00.886+0000] {dag.py:3096} INFO - Sync 1 DAGs
[2026-09-05T23:20:00.941+0000] {logging_mixin.py:188} INFO - [2026-09-05T23:20:00.941+0000] {dag.py:3954} INFO - Setting next_dagrun for process_silver_layer to None, run_after=None
[2026-09-05T23:20:01.032+0000] {processor.py:183} INFO - Processing /opt/airflow/dags/silver_processing_dag.py took 0.343 seconds
[2026-09-05T23:20:31.935+0000] {processor.py:161} INFO - Started process (PID=16222) to work on /opt/airflow/dags/silver_processing_dag.py
[2026-09-05T23:20:31.943+0000] {processor.py:830} INFO - Processing file /opt/airflow/dags/silver_processing_dag.py for tasks to queue
[2026-09-05T23:20:31.958+0000] {logging_mixin.py:188} INFO - [2026-09-05T23:20:31.957+0000] {dagbag.py:545} INFO - Filling up the DagBag from /opt/airflow/dags/silver_processing_dag.py
[2026-09-05T23:20:32.018+0000] {processor.py:840} INFO - DAG(s) 'process_silver_layer' retrieved from /opt/airflow/dags/silver_processing_dag.py
[2026-09-05T23:20:32.087+0000] {logging_mixin.py:188} INFO - [2026-09-05T23:20:32.086+0000] {dag.py:3096} INFO - Sync 1 DAGs
[2026-09-05T23:20:32.136+0000] {logging_mixin.py:188} INFO - [2026-09-05T23:20:32.136+0000] {dag.py:3954} INFO - Setting next_dagrun for process_silver_layer to None, run_after=None
[2026-09-05T23:20:32.200+0000] {processor.py:183} INFO - Processing /opt/airflow/dags/silver_processing_dag.py took 0.289 seconds
[2026-09-05T23:21:03.164+0000] {processor.py:161} INFO - Started process (PID=16237) to work on /opt/airflow/dags/silver_processing_dag.py
[2026-09-05T23:21:03.167+0000] {processor.py:830} INFO - Processing file /opt/airflow/dags/silver_processing_dag.py for tasks to queue
[2026-09-05T23:21:03.173+0000] {logging_mixin.py:188} INFO - [2026-09-05T23:21:03.172+0000] {dagbag.py:545} INFO - Filling up the DagBag from /opt/airflow/dags/silver_processing_dag.py
[2026-09-05T23:21:03.230+0000] {processor.py:840} INFO - DAG(s) 'process_silver_layer' retrieved from /opt/airflow/dags/silver_processing_dag.py
[2026-09-05T23:21:03.321+0000] {logging_mixin.py:188} INFO - [2026-09-05T23:21:03.319+0000] {dag.py:3096} INFO - Sync 1 DAGs
[2026-09-05T23:21:03.364+0000] {logging_mixin.py:188} INFO - [2026-09-05T23:21:03.363+0000] {dag.py:3954} INFO - Setting next_dagrun for process_silver_layer to None, run_after=None
[2026-09-05T23:21:03.432+0000] {processor.py:183} INFO - Processing /opt/airflow/dags/silver_processing_dag.py took 0.295 seconds
[2026-09-05T23:21:34.039+0000] {processor.py:161} INFO - Started process (PID=16252) to work on /opt/airflow/dags/silver_processing_dag.py
[2026-09-05T23:21:34.042+0000] {processor.py:830} INFO - Processing file /opt/airflow/dags/silver_processing_dag.py for tasks to queue
[2026-09-05T23:21:34.056+0000] {logging_mixin.py:188} INFO - [2026-09-05T23:21:34.053+0000] {dagbag.py:545} INFO - Filling up the DagBag from /opt/airflow/dags/silver_processing_dag.py
[2026-09-05T23:21:34.143+0000] {processor.py:840} INFO - DAG(s) 'process_silver_layer' retrieved from /opt/airflow/dags/silver_processing_dag.py
[2026-09-05T23:21:34.250+0000] {logging_mixin.py:188} INFO - [2026-09-05T23:21:34.250+0000] {dag.py:3096} INFO - Sync 1 DAGs
[2026-09-05T23:21:34.318+0000] {logging_mixin.py:188} INFO - [2026-09-05T23:21:34.316+0000] {dag.py:3954} INFO - Setting next_dagrun for process_silver_layer to None, run_after=None
[2026-09-05T23:21:34.405+0000] {processor.py:183} INFO - Processing /opt/airflow/dags/silver_processing_dag.py took 0.404 seconds
[2026-09-05T23:22:04.970+0000] {processor.py:161} INFO - Started process (PID=16267) to work on /opt/airflow/dags/silver_processing_dag.py
[2026-09-05T23:22:04.972+0000] {processor.py:830} INFO - Processing file /opt/airflow/dags/silver_processing_dag.py for tasks to queue
[2026-09-05T23:22:04.978+0000] {logging_mixin.py:188} INFO - [2026-09-05T23:22:04.977+0000] {dagbag.py:545} INFO - Filling up the DagBag from /opt/airflow/dags/silver_processing_dag.py
[2026-09-05T23:22:05.048+0000] {processor.py:840} INFO - DAG(s) 'process_silver_layer' retrieved from /opt/airflow/dags/silver_processing_dag.py
[2026-09-05T23:22:05.195+0000] {logging_mixin.py:188} INFO - [2026-09-05T23:22:05.194+0000] {dag.py:3096} INFO - Sync 1 DAGs
[2026-09-05T23:22:05.255+0000] {logging_mixin.py:188} INFO - [2026-09-05T23:22:05.254+0000] {dag.py:3954} INFO - Setting next_dagrun for process_silver_layer to None, run_after=None
[2026-09-05T23:22:05.353+0000] {processor.py:183} INFO - Processing /opt/airflow/dags/silver_processing_dag.py took 0.410 seconds
[2026-09-05T23:22:35.899+0000] {processor.py:161} INFO - Started process (PID=16282) to work on /opt/airflow/dags/silver_processing_dag.py
[2026-09-05T23:22:35.902+0000] {processor.py:830} INFO - Processing file /opt/airflow/dags/silver_processing_dag.py for tasks to queue
[2026-09-05T23:22:35.913+0000] {logging_mixin.py:188} INFO - [2026-09-05T23:22:35.912+0000] {dagbag.py:545} INFO - Filling up the DagBag from /opt/airflow/dags/silver_processing_dag.py
[2026-09-05T23:22:35.990+0000] {processor.py:840} INFO - DAG(s) 'process_silver_layer' retrieved from /opt/airflow/dags/silver_processing_dag.py
[2026-09-05T23:22:36.060+0000] {logging_mixin.py:188} INFO - [2026-09-05T23:22:36.059+0000] {dag.py:3096} INFO - Sync 1 DAGs
[2026-09-05T23:22:36.104+0000] {logging_mixin.py:188} INFO - [2026-09-05T23:22:36.104+0000] {dag.py:3954} INFO - Setting next_dagrun for process_silver_layer to None, run_after=None
[2026-09-05T23:22:36.169+0000] {processor.py:183} INFO - Processing /opt/airflow/dags/silver_processing_dag.py took 0.294 seconds
[2026-09-05T23:23:06.625+0000] {processor.py:161} INFO - Started process (PID=16297) to work on /opt/airflow/dags/silver_processing_dag.py
[2026-09-05T23:23:06.629+0000] {processor.py:830} INFO - Processing file /opt/airflow/dags/silver_processing_dag.py for tasks to queue
[2026-09-05T23:23:06.637+0000] {logging_mixin.py:188} INFO - [2026-09-05T23:23:06.636+0000] {dagbag.py:545} INFO - Filling up the DagBag from /opt/airflow/dags/silver_processing_dag.py
[2026-09-05T23:23:06.694+0000] {processor.py:840} INFO - DAG(s) 'process_silver_layer' retrieved from /opt/airflow/dags/silver_processing_dag.py
[2026-09-05T23:23:06.777+0000] {logging_mixin.py:188} INFO - [2026-09-05T23:23:06.776+0000] {dag.py:3096} INFO - Sync 1 DAGs
[2026-09-05T23:23:06.825+0000] {logging_mixin.py:188} INFO - [2026-09-05T23:23:06.825+0000] {dag.py:3954} INFO - Setting next_dagrun for process_silver_layer to None, run_after=None
[2026-09-05T23:23:06.920+0000] {processor.py:183} INFO - Processing /opt/airflow/dags/silver_processing_dag.py took 0.323 seconds
[2026-09-05T23:23:37.406+0000] {processor.py:161} INFO - Started process (PID=16312) to work on /opt/airflow/dags/silver_processing_dag.py
[2026-09-05T23:23:37.413+0000] {processor.py:830} INFO - Processing file /opt/airflow/dags/silver_processing_dag.py for tasks to queue
[2026-09-05T23:23:37.431+0000] {logging_mixin.py:188} INFO - [2026-09-05T23:23:37.430+0000] {dagbag.py:545} INFO - Filling up the DagBag from /opt/airflow/dags/silver_processing_dag.py
[2026-09-05T23:23:37.521+0000] {processor.py:840} INFO - DAG(s) 'process_silver_layer' retrieved from /opt/airflow/dags/silver_processing_dag.py
[2026-09-05T23:23:37.688+0000] {logging_mixin.py:188} INFO - [2026-09-05T23:23:37.687+0000] {dag.py:3096} INFO - Sync 1 DAGs
[2026-09-05T23:23:37.735+0000] {logging_mixin.py:188} INFO - [2026-09-05T23:23:37.734+0000] {dag.py:3954} INFO - Setting next_dagrun for process_silver_layer to None, run_after=None
[2026-09-05T23:23:37.792+0000] {processor.py:183} INFO - Processing /opt/airflow/dags/silver_processing_dag.py took 0.422 seconds
[2026-09-05T23:24:08.414+0000] {processor.py:161} INFO - Started process (PID=16327) to work on /opt/airflow/dags/silver_processing_dag.py
[2026-09-05T23:24:08.419+0000] {processor.py:830} INFO - Processing file /opt/airflow/dags/silver_processing_dag.py for tasks to queue
[2026-09-05T23:24:08.429+0000] {logging_mixin.py:188} INFO - [2026-09-05T23:24:08.427+0000] {dagbag.py:545} INFO - Filling up the DagBag from /opt/airflow/dags/silver_processing_dag.py
[2026-09-05T23:24:08.492+0000] {processor.py:840} INFO - DAG(s) 'process_silver_layer' retrieved from /opt/airflow/dags/silver_processing_dag.py
[2026-09-05T23:24:08.589+0000] {logging_mixin.py:188} INFO - [2026-09-05T23:24:08.589+0000] {dag.py:3096} INFO - Sync 1 DAGs
[2026-09-05T23:24:08.683+0000] {logging_mixin.py:188} INFO - [2026-09-05T23:24:08.682+0000] {dag.py:3954} INFO - Setting next_dagrun for process_silver_layer to None, run_after=None
[2026-09-05T23:24:08.789+0000] {processor.py:183} INFO - Processing /opt/airflow/dags/silver_processing_dag.py took 0.400 seconds
[2026-09-05T23:24:39.325+0000] {processor.py:161} INFO - Started process (PID=16342) to work on /opt/airflow/dags/silver_processing_dag.py
[2026-09-05T23:24:39.328+0000] {processor.py:830} INFO - Processing file /opt/airflow/dags/silver_processing_dag.py for tasks to queue
[2026-09-05T23:24:39.336+0000] {logging_mixin.py:188} INFO - [2026-09-05T23:24:39.335+0000] {dagbag.py:545} INFO - Filling up the DagBag from /opt/airflow/dags/silver_processing_dag.py
[2026-09-05T23:24:39.387+0000] {processor.py:840} INFO - DAG(s) 'process_silver_layer' retrieved from /opt/airflow/dags/silver_processing_dag.py
[2026-09-05T23:24:39.462+0000] {logging_mixin.py:188} INFO - [2026-09-05T23:24:39.462+0000] {dag.py:3096} INFO - Sync 1 DAGs
[2026-09-05T23:24:39.525+0000] {logging_mixin.py:188} INFO - [2026-09-05T23:24:39.524+0000] {dag.py:3954} INFO - Setting next_dagrun for process_silver_layer to None, run_after=None
[2026-09-05T23:24:39.599+0000] {processor.py:183} INFO - Processing /opt/airflow/dags/silver_processing_dag.py took 0.296 seconds
[2026-09-05T23:25:10.276+0000] {processor.py:161} INFO - Started process (PID=16357) to work on /opt/airflow/dags/silver_processing_dag.py
[2026-09-05T23:25:10.281+0000] {processor.py:830} INFO - Processing file /opt/airflow/dags/silver_processing_dag.py for tasks to queue
[2026-09-05T23:25:10.290+0000] {logging_mixin.py:188} INFO - [2026-09-05T23:25:10.289+0000] {dagbag.py:545} INFO - Filling up the DagBag from /opt/airflow/dags/silver_processing_dag.py
[2026-09-05T23:25:10.352+0000] {processor.py:840} INFO - DAG(s) 'process_silver_layer' retrieved from /opt/airflow/dags/silver_processing_dag.py
[2026-09-05T23:25:10.426+0000] {logging_mixin.py:188} INFO - [2026-09-05T23:25:10.425+0000] {dag.py:3096} INFO - Sync 1 DAGs
[2026-09-05T23:25:10.472+0000] {logging_mixin.py:188} INFO - [2026-09-05T23:25:10.472+0000] {dag.py:3954} INFO - Setting next_dagrun for process_silver_layer to None, run_after=None
[2026-09-05T23:25:10.532+0000] {processor.py:183} INFO - Processing /opt/airflow/dags/silver_processing_dag.py took 0.290 seconds
[2026-09-05T23:25:41.152+0000] {processor.py:161} INFO - Started process (PID=16372) to work on /opt/airflow/dags/silver_processing_dag.py
[2026-09-05T23:25:41.155+0000] {processor.py:830} INFO - Processing file /opt/airflow/dags/silver_processing_dag.py for tasks to queue
[2026-09-05T23:25:41.163+0000] {logging_mixin.py:188} INFO - [2026-09-05T23:25:41.162+0000] {dagbag.py:545} INFO - Filling up the DagBag from /opt/airflow/dags/silver_processing_dag.py
[2026-09-05T23:25:41.230+0000] {processor.py:840} INFO - DAG(s) 'process_silver_layer' retrieved from /opt/airflow/dags/silver_processing_dag.py
[2026-09-05T23:25:41.303+0000] {logging_mixin.py:188} INFO - [2026-09-05T23:25:41.303+0000] {dag.py:3096} INFO - Sync 1 DAGs
[2026-09-05T23:25:41.351+0000] {logging_mixin.py:188} INFO - [2026-09-05T23:25:41.350+0000] {dag.py:3954} INFO - Setting next_dagrun for process_silver_layer to None, run_after=None
[2026-09-05T23:25:41.424+0000] {processor.py:183} INFO - Processing /opt/airflow/dags/silver_processing_dag.py took 0.297 seconds
[2026-09-05T23:26:12.098+0000] {processor.py:161} INFO - Started process (PID=16387) to work on /opt/airflow/dags/silver_processing_dag.py
[2026-09-05T23:26:12.114+0000] {processor.py:830} INFO - Processing file /opt/airflow/dags/silver_processing_dag.py for tasks to queue
[2026-09-05T23:26:12.137+0000] {logging_mixin.py:188} INFO - [2026-09-05T23:26:12.135+0000] {dagbag.py:545} INFO - Filling up the DagBag from /opt/airflow/dags/silver_processing_dag.py
[2026-09-05T23:26:12.307+0000] {processor.py:840} INFO - DAG(s) 'process_silver_layer' retrieved from /opt/airflow/dags/silver_processing_dag.py
[2026-09-05T23:26:12.434+0000] {logging_mixin.py:188} INFO - [2026-09-05T23:26:12.433+0000] {dag.py:3096} INFO - Sync 1 DAGs
[2026-09-05T23:26:12.512+0000] {logging_mixin.py:188} INFO - [2026-09-05T23:26:12.512+0000] {dag.py:3954} INFO - Setting next_dagrun for process_silver_layer to None, run_after=None
[2026-09-05T23:26:12.620+0000] {processor.py:183} INFO - Processing /opt/airflow/dags/silver_processing_dag.py took 0.562 seconds
[2026-09-05T23:26:43.190+0000] {processor.py:161} INFO - Started process (PID=16402) to work on /opt/airflow/dags/silver_processing_dag.py
[2026-09-05T23:26:43.194+0000] {processor.py:830} INFO - Processing file /opt/airflow/dags/silver_processing_dag.py for tasks to queue
[2026-09-05T23:26:43.201+0000] {logging_mixin.py:188} INFO - [2026-09-05T23:26:43.200+0000] {dagbag.py:545} INFO - Filling up the DagBag from /opt/airflow/dags/silver_processing_dag.py
[2026-09-05T23:26:43.262+0000] {processor.py:840} INFO - DAG(s) 'process_silver_layer' retrieved from /opt/airflow/dags/silver_processing_dag.py
[2026-09-05T23:26:43.359+0000] {logging_mixin.py:188} INFO - [2026-09-05T23:26:43.358+0000] {dag.py:3096} INFO - Sync 1 DAGs
[2026-09-05T23:26:43.420+0000] {logging_mixin.py:188} INFO - [2026-09-05T23:26:43.419+0000] {dag.py:3954} INFO - Setting next_dagrun for process_silver_layer to None, run_after=None
[2026-09-05T23:26:43.486+0000] {processor.py:183} INFO - Processing /opt/airflow/dags/silver_processing_dag.py took 0.324 seconds
[2026-09-05T23:27:13.982+0000] {processor.py:161} INFO - Started process (PID=16417) to work on /opt/airflow/dags/silver_processing_dag.py
[2026-09-05T23:27:13.986+0000] {processor.py:830} INFO - Processing file /opt/airflow/dags/silver_processing_dag.py for tasks to queue
[2026-09-05T23:27:13.993+0000] {logging_mixin.py:188} INFO - [2026-09-05T23:27:13.991+0000] {dagbag.py:545} INFO - Filling up the DagBag from /opt/airflow/dags/silver_processing_dag.py
[2026-09-05T23:27:14.046+0000] {processor.py:840} INFO - DAG(s) 'process_silver_layer' retrieved from /opt/airflow/dags/silver_processing_dag.py
[2026-09-05T23:27:14.113+0000] {logging_mixin.py:188} INFO - [2026-09-05T23:27:14.112+0000] {dag.py:3096} INFO - Sync 1 DAGs
[2026-09-05T23:27:14.154+0000] {logging_mixin.py:188} INFO - [2026-09-05T23:27:14.153+0000] {dag.py:3954} INFO - Setting next_dagrun for process_silver_layer to None, run_after=None
[2026-09-05T23:27:14.240+0000] {processor.py:183} INFO - Processing /opt/airflow/dags/silver_processing_dag.py took 0.286 seconds
[2026-09-05T23:27:44.746+0000] {processor.py:161} INFO - Started process (PID=16432) to work on /opt/airflow/dags/silver_processing_dag.py
[2026-09-05T23:27:44.757+0000] {processor.py:830} INFO - Processing file /opt/airflow/dags/silver_processing_dag.py for tasks to queue
[2026-09-05T23:27:44.764+0000] {logging_mixin.py:188} INFO - [2026-09-05T23:27:44.763+0000] {dagbag.py:545} INFO - Filling up the DagBag from /opt/airflow/dags/silver_processing_dag.py
[2026-09-05T23:27:44.832+0000] {processor.py:840} INFO - DAG(s) 'process_silver_layer' retrieved from /opt/airflow/dags/silver_processing_dag.py
[2026-09-05T23:27:44.908+0000] {logging_mixin.py:188} INFO - [2026-09-05T23:27:44.908+0000] {dag.py:3096} INFO - Sync 1 DAGs
[2026-09-05T23:27:44.940+0000] {logging_mixin.py:188} INFO - [2026-09-05T23:27:44.938+0000] {dag.py:3954} INFO - Setting next_dagrun for process_silver_layer to None, run_after=None
[2026-09-05T23:27:45.067+0000] {processor.py:183} INFO - Processing /opt/airflow/dags/silver_processing_dag.py took 0.358 seconds
[2026-09-05T23:28:15.717+0000] {processor.py:161} INFO - Started process (PID=16447) to work on /opt/airflow/dags/silver_processing_dag.py
[2026-09-05T23:28:15.719+0000] {processor.py:830} INFO - Processing file /opt/airflow/dags/silver_processing_dag.py for tasks to queue
[2026-09-05T23:28:15.727+0000] {logging_mixin.py:188} INFO - [2026-09-05T23:28:15.726+0000] {dagbag.py:545} INFO - Filling up the DagBag from /opt/airflow/dags/silver_processing_dag.py
[2026-09-05T23:28:15.794+0000] {processor.py:840} INFO - DAG(s) 'process_silver_layer' retrieved from /opt/airflow/dags/silver_processing_dag.py
[2026-09-05T23:28:15.873+0000] {logging_mixin.py:188} INFO - [2026-09-05T23:28:15.872+0000] {dag.py:3096} INFO - Sync 1 DAGs
[2026-09-05T23:28:15.929+0000] {logging_mixin.py:188} INFO - [2026-09-05T23:28:15.929+0000] {dag.py:3954} INFO - Setting next_dagrun for process_silver_layer to None, run_after=None
[2026-09-05T23:28:15.992+0000] {processor.py:183} INFO - Processing /opt/airflow/dags/silver_processing_dag.py took 0.297 seconds
[2026-09-05T23:28:46.598+0000] {processor.py:161} INFO - Started process (PID=16462) to work on /opt/airflow/dags/silver_processing_dag.py
[2026-09-05T23:28:46.601+0000] {processor.py:830} INFO - Processing file /opt/airflow/dags/silver_processing_dag.py for tasks to queue
[2026-09-05T23:28:46.614+0000] {logging_mixin.py:188} INFO - [2026-09-05T23:28:46.614+0000] {dagbag.py:545} INFO - Filling up the DagBag from /opt/airflow/dags/silver_processing_dag.py
[2026-09-05T23:28:46.687+0000] {processor.py:840} INFO - DAG(s) 'process_silver_layer' retrieved from /opt/airflow/dags/silver_processing_dag.py
[2026-09-05T23:28:46.772+0000] {logging_mixin.py:188} INFO - [2026-09-05T23:28:46.772+0000] {dag.py:3096} INFO - Sync 1 DAGs
[2026-09-05T23:28:46.814+0000] {logging_mixin.py:188} INFO - [2026-09-05T23:28:46.814+0000] {dag.py:3954} INFO - Setting next_dagrun for process_silver_layer to None, run_after=None
[2026-09-05T23:28:46.870+0000] {processor.py:183} INFO - Processing /opt/airflow/dags/silver_processing_dag.py took 0.309 seconds
[2026-09-05T23:29:17.422+0000] {processor.py:161} INFO - Started process (PID=16477) to work on /opt/airflow/dags/silver_processing_dag.py
[2026-09-05T23:29:17.425+0000] {processor.py:830} INFO - Processing file /opt/airflow/dags/silver_processing_dag.py for tasks to queue
[2026-09-05T23:29:17.444+0000] {logging_mixin.py:188} INFO - [2026-09-05T23:29:17.443+0000] {dagbag.py:545} INFO - Filling up the DagBag from /opt/airflow/dags/silver_processing_dag.py
[2026-09-05T23:29:17.708+0000] {processor.py:840} INFO - DAG(s) 'process_silver_layer' retrieved from /opt/airflow/dags/silver_processing_dag.py
[2026-09-05T23:29:17.791+0000] {logging_mixin.py:188} INFO - [2026-09-05T23:29:17.790+0000] {dag.py:3096} INFO - Sync 1 DAGs
[2026-09-05T23:29:17.834+0000] {logging_mixin.py:188} INFO - [2026-09-05T23:29:17.834+0000] {dag.py:3954} INFO - Setting next_dagrun for process_silver_layer to None, run_after=None
[2026-09-05T23:29:17.878+0000] {processor.py:183} INFO - Processing /opt/airflow/dags/silver_processing_dag.py took 0.486 seconds
[2026-09-05T23:29:48.388+0000] {processor.py:161} INFO - Started process (PID=16492) to work on /opt/airflow/dags/silver_processing_dag.py
[2026-09-05T23:29:48.391+0000] {processor.py:830} INFO - Processing file /opt/airflow/dags/silver_processing_dag.py for tasks to queue
[2026-09-05T23:29:48.397+0000] {logging_mixin.py:188} INFO - [2026-09-05T23:29:48.396+0000] {dagbag.py:545} INFO - Filling up the DagBag from /opt/airflow/dags/silver_processing_dag.py
[2026-09-05T23:29:48.456+0000] {processor.py:840} INFO - DAG(s) 'process_silver_layer' retrieved from /opt/airflow/dags/silver_processing_dag.py
[2026-09-05T23:29:48.524+0000] {logging_mixin.py:188} INFO - [2026-09-05T23:29:48.523+0000] {dag.py:3096} INFO - Sync 1 DAGs
[2026-09-05T23:29:48.563+0000] {logging_mixin.py:188} INFO - [2026-09-05T23:29:48.563+0000] {dag.py:3954} INFO - Setting next_dagrun for process_silver_layer to None, run_after=None
[2026-09-05T23:29:48.626+0000] {processor.py:183} INFO - Processing /opt/airflow/dags/silver_processing_dag.py took 0.265 seconds
[2026-09-05T23:30:19.264+0000] {processor.py:161} INFO - Started process (PID=16507) to work on /opt/airflow/dags/silver_processing_dag.py
[2026-09-05T23:30:19.295+0000] {processor.py:830} INFO - Processing file /opt/airflow/dags/silver_processing_dag.py for tasks to queue
[2026-09-05T23:30:19.307+0000] {logging_mixin.py:188} INFO - [2026-09-05T23:30:19.305+0000] {dagbag.py:545} INFO - Filling up the DagBag from /opt/airflow/dags/silver_processing_dag.py
[2026-09-05T23:30:19.397+0000] {processor.py:840} INFO - DAG(s) 'process_silver_layer' retrieved from /opt/airflow/dags/silver_processing_dag.py
[2026-09-05T23:30:19.467+0000] {logging_mixin.py:188} INFO - [2026-09-05T23:30:19.466+0000] {dag.py:3096} INFO - Sync 1 DAGs
[2026-09-05T23:30:19.514+0000] {logging_mixin.py:188} INFO - [2026-09-05T23:30:19.513+0000] {dag.py:3954} INFO - Setting next_dagrun for process_silver_layer to None, run_after=None
[2026-09-05T23:30:19.589+0000] {processor.py:183} INFO - Processing /opt/airflow/dags/silver_processing_dag.py took 0.363 seconds
[2026-09-05T23:30:49.971+0000] {processor.py:161} INFO - Started process (PID=16522) to work on /opt/airflow/dags/silver_processing_dag.py
[2026-09-05T23:30:49.974+0000] {processor.py:830} INFO - Processing file /opt/airflow/dags/silver_processing_dag.py for tasks to queue
[2026-09-05T23:30:49.984+0000] {logging_mixin.py:188} INFO - [2026-09-05T23:30:49.983+0000] {dagbag.py:545} INFO - Filling up the DagBag from /opt/airflow/dags/silver_processing_dag.py
[2026-09-05T23:30:50.032+0000] {processor.py:840} INFO - DAG(s) 'process_silver_layer' retrieved from /opt/airflow/dags/silver_processing_dag.py
[2026-09-05T23:30:50.127+0000] {logging_mixin.py:188} INFO - [2026-09-05T23:30:50.127+0000] {dag.py:3096} INFO - Sync 1 DAGs
[2026-09-05T23:30:50.184+0000] {logging_mixin.py:188} INFO - [2026-09-05T23:30:50.184+0000] {dag.py:3954} INFO - Setting next_dagrun for process_silver_layer to None, run_after=None
[2026-09-05T23:30:50.254+0000] {processor.py:183} INFO - Processing /opt/airflow/dags/silver_processing_dag.py took 0.308 seconds
[2026-09-05T23:31:20.713+0000] {processor.py:161} INFO - Started process (PID=16537) to work on /opt/airflow/dags/silver_processing_dag.py
[2026-09-05T23:31:20.717+0000] {processor.py:830} INFO - Processing file /opt/airflow/dags/silver_processing_dag.py for tasks to queue
[2026-09-05T23:31:20.730+0000] {logging_mixin.py:188} INFO - [2026-09-05T23:31:20.729+0000] {dagbag.py:545} INFO - Filling up the DagBag from /opt/airflow/dags/silver_processing_dag.py
[2026-09-05T23:31:20.790+0000] {processor.py:840} INFO - DAG(s) 'process_silver_layer' retrieved from /opt/airflow/dags/silver_processing_dag.py
[2026-09-05T23:31:20.867+0000] {logging_mixin.py:188} INFO - [2026-09-05T23:31:20.862+0000] {dag.py:3096} INFO - Sync 1 DAGs
[2026-09-05T23:31:20.924+0000] {logging_mixin.py:188} INFO - [2026-09-05T23:31:20.923+0000] {dag.py:3954} INFO - Setting next_dagrun for process_silver_layer to None, run_after=None
[2026-09-05T23:31:20.991+0000] {processor.py:183} INFO - Processing /opt/airflow/dags/silver_processing_dag.py took 0.300 seconds
[2026-09-05T23:31:51.566+0000] {processor.py:161} INFO - Started process (PID=16552) to work on /opt/airflow/dags/silver_processing_dag.py
[2026-09-05T23:31:51.570+0000] {processor.py:830} INFO - Processing file /opt/airflow/dags/silver_processing_dag.py for tasks to queue
[2026-09-05T23:31:51.577+0000] {logging_mixin.py:188} INFO - [2026-09-05T23:31:51.576+0000] {dagbag.py:545} INFO - Filling up the DagBag from /opt/airflow/dags/silver_processing_dag.py
[2026-09-05T23:31:51.630+0000] {processor.py:840} INFO - DAG(s) 'process_silver_layer' retrieved from /opt/airflow/dags/silver_processing_dag.py
[2026-09-05T23:31:51.691+0000] {logging_mixin.py:188} INFO - [2026-09-05T23:31:51.690+0000] {dag.py:3096} INFO - Sync 1 DAGs
[2026-09-05T23:31:51.736+0000] {logging_mixin.py:188} INFO - [2026-09-05T23:31:51.735+0000] {dag.py:3954} INFO - Setting next_dagrun for process_silver_layer to None, run_after=None
[2026-09-05T23:31:51.815+0000] {processor.py:183} INFO - Processing /opt/airflow/dags/silver_processing_dag.py took 0.268 seconds
[2026-09-05T23:32:22.487+0000] {processor.py:161} INFO - Started process (PID=16567) to work on /opt/airflow/dags/silver_processing_dag.py
[2026-09-05T23:32:22.491+0000] {processor.py:830} INFO - Processing file /opt/airflow/dags/silver_processing_dag.py for tasks to queue
[2026-09-05T23:32:22.504+0000] {logging_mixin.py:188} INFO - [2026-09-05T23:32:22.503+0000] {dagbag.py:545} INFO - Filling up the DagBag from /opt/airflow/dags/silver_processing_dag.py
[2026-09-05T23:32:22.610+0000] {processor.py:840} INFO - DAG(s) 'process_silver_layer' retrieved from /opt/airflow/dags/silver_processing_dag.py
[2026-09-05T23:32:22.741+0000] {logging_mixin.py:188} INFO - [2026-09-05T23:32:22.741+0000] {dag.py:3096} INFO - Sync 1 DAGs
[2026-09-05T23:32:22.804+0000] {logging_mixin.py:188} INFO - [2026-09-05T23:32:22.803+0000] {dag.py:3954} INFO - Setting next_dagrun for process_silver_layer to None, run_after=None
[2026-09-05T23:32:22.859+0000] {processor.py:183} INFO - Processing /opt/airflow/dags/silver_processing_dag.py took 0.398 seconds
[2026-09-05T23:32:53.444+0000] {processor.py:161} INFO - Started process (PID=16582) to work on /opt/airflow/dags/silver_processing_dag.py
[2026-09-05T23:32:53.448+0000] {processor.py:830} INFO - Processing file /opt/airflow/dags/silver_processing_dag.py for tasks to queue
[2026-09-05T23:32:53.457+0000] {logging_mixin.py:188} INFO - [2026-09-05T23:32:53.456+0000] {dagbag.py:545} INFO - Filling up the DagBag from /opt/airflow/dags/silver_processing_dag.py
[2026-09-05T23:32:53.513+0000] {processor.py:840} INFO - DAG(s) 'process_silver_layer' retrieved from /opt/airflow/dags/silver_processing_dag.py
[2026-09-05T23:32:53.586+0000] {logging_mixin.py:188} INFO - [2026-09-05T23:32:53.585+0000] {dag.py:3096} INFO - Sync 1 DAGs
[2026-09-05T23:32:53.631+0000] {logging_mixin.py:188} INFO - [2026-09-05T23:32:53.631+0000] {dag.py:3954} INFO - Setting next_dagrun for process_silver_layer to None, run_after=None
[2026-09-05T23:32:53.694+0000] {processor.py:183} INFO - Processing /opt/airflow/dags/silver_processing_dag.py took 0.276 seconds
[2026-09-05T23:33:24.122+0000] {processor.py:161} INFO - Started process (PID=16597) to work on /opt/airflow/dags/silver_processing_dag.py
[2026-09-05T23:33:24.125+0000] {processor.py:830} INFO - Processing file /opt/airflow/dags/silver_processing_dag.py for tasks to queue
[2026-09-05T23:33:24.139+0000] {logging_mixin.py:188} INFO - [2026-09-05T23:33:24.138+0000] {dagbag.py:545} INFO - Filling up the DagBag from /opt/airflow/dags/silver_processing_dag.py
[2026-09-05T23:33:24.185+0000] {processor.py:840} INFO - DAG(s) 'process_silver_layer' retrieved from /opt/airflow/dags/silver_processing_dag.py
[2026-09-05T23:33:24.261+0000] {logging_mixin.py:188} INFO - [2026-09-05T23:33:24.261+0000] {dag.py:3096} INFO - Sync 1 DAGs
[2026-09-05T23:33:24.302+0000] {logging_mixin.py:188} INFO - [2026-09-05T23:33:24.302+0000] {dag.py:3954} INFO - Setting next_dagrun for process_silver_layer to None, run_after=None
[2026-09-05T23:33:24.361+0000] {processor.py:183} INFO - Processing /opt/airflow/dags/silver_processing_dag.py took 0.259 seconds
[2026-09-05T23:33:55.012+0000] {processor.py:161} INFO - Started process (PID=16612) to work on /opt/airflow/dags/silver_processing_dag.py
[2026-09-05T23:33:55.015+0000] {processor.py:830} INFO - Processing file /opt/airflow/dags/silver_processing_dag.py for tasks to queue
[2026-09-05T23:33:55.022+0000] {logging_mixin.py:188} INFO - [2026-09-05T23:33:55.021+0000] {dagbag.py:545} INFO - Filling up the DagBag from /opt/airflow/dags/silver_processing_dag.py
[2026-09-05T23:33:55.071+0000] {processor.py:840} INFO - DAG(s) 'process_silver_layer' retrieved from /opt/airflow/dags/silver_processing_dag.py
[2026-09-05T23:33:55.145+0000] {logging_mixin.py:188} INFO - [2026-09-05T23:33:55.144+0000] {dag.py:3096} INFO - Sync 1 DAGs
[2026-09-05T23:33:55.189+0000] {logging_mixin.py:188} INFO - [2026-09-05T23:33:55.188+0000] {dag.py:3954} INFO - Setting next_dagrun for process_silver_layer to None, run_after=None
[2026-09-05T23:33:55.258+0000] {processor.py:183} INFO - Processing /opt/airflow/dags/silver_processing_dag.py took 0.263 seconds
[2026-09-05T23:34:25.556+0000] {processor.py:161} INFO - Started process (PID=16627) to work on /opt/airflow/dags/silver_processing_dag.py
[2026-09-05T23:34:25.560+0000] {processor.py:830} INFO - Processing file /opt/airflow/dags/silver_processing_dag.py for tasks to queue
[2026-09-05T23:34:25.574+0000] {logging_mixin.py:188} INFO - [2026-09-05T23:34:25.567+0000] {dagbag.py:545} INFO - Filling up the DagBag from /opt/airflow/dags/silver_processing_dag.py
[2026-09-05T23:34:25.692+0000] {processor.py:840} INFO - DAG(s) 'process_silver_layer' retrieved from /opt/airflow/dags/silver_processing_dag.py
[2026-09-05T23:34:25.786+0000] {logging_mixin.py:188} INFO - [2026-09-05T23:34:25.785+0000] {dag.py:3096} INFO - Sync 1 DAGs
[2026-09-05T23:34:25.830+0000] {logging_mixin.py:188} INFO - [2026-09-05T23:34:25.829+0000] {dag.py:3954} INFO - Setting next_dagrun for process_silver_layer to None, run_after=None
[2026-09-05T23:34:25.913+0000] {processor.py:183} INFO - Processing /opt/airflow/dags/silver_processing_dag.py took 0.395 seconds
[2026-09-05T23:34:56.398+0000] {processor.py:161} INFO - Started process (PID=16642) to work on /opt/airflow/dags/silver_processing_dag.py
[2026-09-05T23:34:56.401+0000] {processor.py:830} INFO - Processing file /opt/airflow/dags/silver_processing_dag.py for tasks to queue
[2026-09-05T23:34:56.413+0000] {logging_mixin.py:188} INFO - [2026-09-05T23:34:56.412+0000] {dagbag.py:545} INFO - Filling up the DagBag from /opt/airflow/dags/silver_processing_dag.py
[2026-09-05T23:34:56.468+0000] {processor.py:840} INFO - DAG(s) 'process_silver_layer' retrieved from /opt/airflow/dags/silver_processing_dag.py
[2026-09-05T23:34:56.535+0000] {logging_mixin.py:188} INFO - [2026-09-05T23:34:56.535+0000] {dag.py:3096} INFO - Sync 1 DAGs
[2026-09-05T23:34:56.588+0000] {logging_mixin.py:188} INFO - [2026-09-05T23:34:56.588+0000] {dag.py:3954} INFO - Setting next_dagrun for process_silver_layer to None, run_after=None
[2026-09-05T23:34:56.654+0000] {processor.py:183} INFO - Processing /opt/airflow/dags/silver_processing_dag.py took 0.280 seconds
[2026-09-05T23:35:27.098+0000] {processor.py:161} INFO - Started process (PID=16657) to work on /opt/airflow/dags/silver_processing_dag.py
[2026-09-05T23:35:27.101+0000] {processor.py:830} INFO - Processing file /opt/airflow/dags/silver_processing_dag.py for tasks to queue
[2026-09-05T23:35:27.113+0000] {logging_mixin.py:188} INFO - [2026-09-05T23:35:27.112+0000] {dagbag.py:545} INFO - Filling up the DagBag from /opt/airflow/dags/silver_processing_dag.py
[2026-09-05T23:35:27.169+0000] {processor.py:840} INFO - DAG(s) 'process_silver_layer' retrieved from /opt/airflow/dags/silver_processing_dag.py
[2026-09-05T23:35:27.238+0000] {logging_mixin.py:188} INFO - [2026-09-05T23:35:27.237+0000] {dag.py:3096} INFO - Sync 1 DAGs
[2026-09-05T23:35:27.296+0000] {logging_mixin.py:188} INFO - [2026-09-05T23:35:27.296+0000] {dag.py:3954} INFO - Setting next_dagrun for process_silver_layer to None, run_after=None
[2026-09-05T23:35:27.379+0000] {processor.py:183} INFO - Processing /opt/airflow/dags/silver_processing_dag.py took 0.306 seconds
[2026-09-05T23:35:57.963+0000] {processor.py:161} INFO - Started process (PID=16672) to work on /opt/airflow/dags/silver_processing_dag.py
[2026-09-05T23:35:57.968+0000] {processor.py:830} INFO - Processing file /opt/airflow/dags/silver_processing_dag.py for tasks to queue
[2026-09-05T23:35:57.982+0000] {logging_mixin.py:188} INFO - [2026-09-05T23:35:57.981+0000] {dagbag.py:545} INFO - Filling up the DagBag from /opt/airflow/dags/silver_processing_dag.py
[2026-09-05T23:35:58.041+0000] {processor.py:840} INFO - DAG(s) 'process_silver_layer' retrieved from /opt/airflow/dags/silver_processing_dag.py
[2026-09-05T23:35:58.115+0000] {logging_mixin.py:188} INFO - [2026-09-05T23:35:58.115+0000] {dag.py:3096} INFO - Sync 1 DAGs
[2026-09-05T23:35:58.160+0000] {logging_mixin.py:188} INFO - [2026-09-05T23:35:58.159+0000] {dag.py:3954} INFO - Setting next_dagrun for process_silver_layer to None, run_after=None
[2026-09-05T23:35:58.214+0000] {processor.py:183} INFO - Processing /opt/airflow/dags/silver_processing_dag.py took 0.291 seconds
[2026-09-05T23:36:28.733+0000] {processor.py:161} INFO - Started process (PID=16687) to work on /opt/airflow/dags/silver_processing_dag.py
[2026-09-05T23:36:28.738+0000] {processor.py:830} INFO - Processing file /opt/airflow/dags/silver_processing_dag.py for tasks to queue
[2026-09-05T23:36:28.745+0000] {logging_mixin.py:188} INFO - [2026-09-05T23:36:28.744+0000] {dagbag.py:545} INFO - Filling up the DagBag from /opt/airflow/dags/silver_processing_dag.py
[2026-09-05T23:36:28.820+0000] {processor.py:840} INFO - DAG(s) 'process_silver_layer' retrieved from /opt/airflow/dags/silver_processing_dag.py
[2026-09-05T23:36:28.894+0000] {logging_mixin.py:188} INFO - [2026-09-05T23:36:28.893+0000] {dag.py:3096} INFO - Sync 1 DAGs
[2026-09-05T23:36:28.936+0000] {logging_mixin.py:188} INFO - [2026-09-05T23:36:28.936+0000] {dag.py:3954} INFO - Setting next_dagrun for process_silver_layer to None, run_after=None
[2026-09-05T23:36:28.995+0000] {processor.py:183} INFO - Processing /opt/airflow/dags/silver_processing_dag.py took 0.288 seconds
[2026-09-05T23:36:59.594+0000] {processor.py:161} INFO - Started process (PID=16702) to work on /opt/airflow/dags/silver_processing_dag.py
[2026-09-05T23:36:59.597+0000] {processor.py:830} INFO - Processing file /opt/airflow/dags/silver_processing_dag.py for tasks to queue
[2026-09-05T23:36:59.606+0000] {logging_mixin.py:188} INFO - [2026-09-05T23:36:59.605+0000] {dagbag.py:545} INFO - Filling up the DagBag from /opt/airflow/dags/silver_processing_dag.py
[2026-09-05T23:36:59.707+0000] {processor.py:840} INFO - DAG(s) 'process_silver_layer' retrieved from /opt/airflow/dags/silver_processing_dag.py
[2026-09-05T23:36:59.795+0000] {logging_mixin.py:188} INFO - [2026-09-05T23:36:59.794+0000] {dag.py:3096} INFO - Sync 1 DAGs
[2026-09-05T23:36:59.842+0000] {logging_mixin.py:188} INFO - [2026-09-05T23:36:59.842+0000] {dag.py:3954} INFO - Setting next_dagrun for process_silver_layer to None, run_after=None
[2026-09-05T23:36:59.901+0000] {processor.py:183} INFO - Processing /opt/airflow/dags/silver_processing_dag.py took 0.337 seconds
[2026-09-05T23:37:30.333+0000] {processor.py:161} INFO - Started process (PID=16717) to work on /opt/airflow/dags/silver_processing_dag.py
[2026-09-05T23:37:30.341+0000] {processor.py:830} INFO - Processing file /opt/airflow/dags/silver_processing_dag.py for tasks to queue
[2026-09-05T23:37:30.348+0000] {logging_mixin.py:188} INFO - [2026-09-05T23:37:30.347+0000] {dagbag.py:545} INFO - Filling up the DagBag from /opt/airflow/dags/silver_processing_dag.py
[2026-09-05T23:37:30.412+0000] {processor.py:840} INFO - DAG(s) 'process_silver_layer' retrieved from /opt/airflow/dags/silver_processing_dag.py
[2026-09-05T23:37:30.480+0000] {logging_mixin.py:188} INFO - [2026-09-05T23:37:30.479+0000] {dag.py:3096} INFO - Sync 1 DAGs
[2026-09-05T23:37:30.523+0000] {logging_mixin.py:188} INFO - [2026-09-05T23:37:30.522+0000] {dag.py:3954} INFO - Setting next_dagrun for process_silver_layer to None, run_after=None
[2026-09-05T23:37:30.587+0000] {processor.py:183} INFO - Processing /opt/airflow/dags/silver_processing_dag.py took 0.281 seconds
[2026-09-05T23:38:01.057+0000] {processor.py:161} INFO - Started process (PID=16732) to work on /opt/airflow/dags/silver_processing_dag.py
[2026-09-05T23:38:01.060+0000] {processor.py:830} INFO - Processing file /opt/airflow/dags/silver_processing_dag.py for tasks to queue
[2026-09-05T23:38:01.073+0000] {logging_mixin.py:188} INFO - [2026-09-05T23:38:01.072+0000] {dagbag.py:545} INFO - Filling up the DagBag from /opt/airflow/dags/silver_processing_dag.py
[2026-09-05T23:38:01.134+0000] {processor.py:840} INFO - DAG(s) 'process_silver_layer' retrieved from /opt/airflow/dags/silver_processing_dag.py
[2026-09-05T23:38:01.234+0000] {logging_mixin.py:188} INFO - [2026-09-05T23:38:01.233+0000] {dag.py:3096} INFO - Sync 1 DAGs
[2026-09-05T23:38:01.295+0000] {logging_mixin.py:188} INFO - [2026-09-05T23:38:01.294+0000] {dag.py:3954} INFO - Setting next_dagrun for process_silver_layer to None, run_after=None
[2026-09-05T23:38:01.366+0000] {processor.py:183} INFO - Processing /opt/airflow/dags/silver_processing_dag.py took 0.334 seconds
[2026-09-05T23:38:32.053+0000] {processor.py:161} INFO - Started process (PID=16747) to work on /opt/airflow/dags/silver_processing_dag.py
[2026-09-05T23:38:32.056+0000] {processor.py:830} INFO - Processing file /opt/airflow/dags/silver_processing_dag.py for tasks to queue
[2026-09-05T23:38:32.064+0000] {logging_mixin.py:188} INFO - [2026-09-05T23:38:32.063+0000] {dagbag.py:545} INFO - Filling up the DagBag from /opt/airflow/dags/silver_processing_dag.py
[2026-09-05T23:38:32.131+0000] {processor.py:840} INFO - DAG(s) 'process_silver_layer' retrieved from /opt/airflow/dags/silver_processing_dag.py
[2026-09-05T23:38:32.204+0000] {logging_mixin.py:188} INFO - [2026-09-05T23:38:32.204+0000] {dag.py:3096} INFO - Sync 1 DAGs
[2026-09-05T23:38:32.256+0000] {logging_mixin.py:188} INFO - [2026-09-05T23:38:32.256+0000] {dag.py:3954} INFO - Setting next_dagrun for process_silver_layer to None, run_after=None
[2026-09-05T23:38:32.318+0000] {processor.py:183} INFO - Processing /opt/airflow/dags/silver_processing_dag.py took 0.290 seconds
[2026-09-05T23:39:02.904+0000] {processor.py:161} INFO - Started process (PID=16762) to work on /opt/airflow/dags/silver_processing_dag.py
[2026-09-05T23:39:02.911+0000] {processor.py:830} INFO - Processing file /opt/airflow/dags/silver_processing_dag.py for tasks to queue
[2026-09-05T23:39:02.920+0000] {logging_mixin.py:188} INFO - [2026-09-05T23:39:02.919+0000] {dagbag.py:545} INFO - Filling up the DagBag from /opt/airflow/dags/silver_processing_dag.py
[2026-09-05T23:39:02.976+0000] {processor.py:840} INFO - DAG(s) 'process_silver_layer' retrieved from /opt/airflow/dags/silver_processing_dag.py
[2026-09-05T23:39:03.039+0000] {logging_mixin.py:188} INFO - [2026-09-05T23:39:03.039+0000] {dag.py:3096} INFO - Sync 1 DAGs
[2026-09-05T23:39:03.083+0000] {logging_mixin.py:188} INFO - [2026-09-05T23:39:03.082+0000] {dag.py:3954} INFO - Setting next_dagrun for process_silver_layer to None, run_after=None
[2026-09-05T23:39:03.163+0000] {processor.py:183} INFO - Processing /opt/airflow/dags/silver_processing_dag.py took 0.280 seconds
[2026-09-05T23:39:33.906+0000] {processor.py:161} INFO - Started process (PID=16777) to work on /opt/airflow/dags/silver_processing_dag.py
[2026-09-05T23:39:33.911+0000] {processor.py:830} INFO - Processing file /opt/airflow/dags/silver_processing_dag.py for tasks to queue
[2026-09-05T23:39:33.924+0000] {logging_mixin.py:188} INFO - [2026-09-05T23:39:33.923+0000] {dagbag.py:545} INFO - Filling up the DagBag from /opt/airflow/dags/silver_processing_dag.py
[2026-09-05T23:39:34.058+0000] {processor.py:840} INFO - DAG(s) 'process_silver_layer' retrieved from /opt/airflow/dags/silver_processing_dag.py
[2026-09-05T23:39:34.174+0000] {logging_mixin.py:188} INFO - [2026-09-05T23:39:34.174+0000] {dag.py:3096} INFO - Sync 1 DAGs
[2026-09-05T23:39:34.224+0000] {logging_mixin.py:188} INFO - [2026-09-05T23:39:34.224+0000] {dag.py:3954} INFO - Setting next_dagrun for process_silver_layer to None, run_after=None
[2026-09-05T23:39:34.277+0000] {processor.py:183} INFO - Processing /opt/airflow/dags/silver_processing_dag.py took 0.399 seconds
[2026-09-05T23:40:04.942+0000] {processor.py:161} INFO - Started process (PID=16792) to work on /opt/airflow/dags/silver_processing_dag.py
[2026-09-05T23:40:04.948+0000] {processor.py:830} INFO - Processing file /opt/airflow/dags/silver_processing_dag.py for tasks to queue
[2026-09-05T23:40:04.966+0000] {logging_mixin.py:188} INFO - [2026-09-05T23:40:04.965+0000] {dagbag.py:545} INFO - Filling up the DagBag from /opt/airflow/dags/silver_processing_dag.py
[2026-09-05T23:40:05.055+0000] {processor.py:840} INFO - DAG(s) 'process_silver_layer' retrieved from /opt/airflow/dags/silver_processing_dag.py
[2026-09-05T23:40:05.205+0000] {logging_mixin.py:188} INFO - [2026-09-05T23:40:05.204+0000] {dag.py:3096} INFO - Sync 1 DAGs
[2026-09-05T23:40:05.430+0000] {logging_mixin.py:188} INFO - [2026-09-05T23:40:05.429+0000] {dag.py:3954} INFO - Setting next_dagrun for process_silver_layer to None, run_after=None
[2026-09-05T23:40:05.624+0000] {processor.py:183} INFO - Processing /opt/airflow/dags/silver_processing_dag.py took 0.720 seconds
[2026-09-05T23:40:36.648+0000] {processor.py:161} INFO - Started process (PID=16807) to work on /opt/airflow/dags/silver_processing_dag.py
[2026-09-05T23:40:36.651+0000] {processor.py:830} INFO - Processing file /opt/airflow/dags/silver_processing_dag.py for tasks to queue
[2026-09-05T23:40:36.659+0000] {logging_mixin.py:188} INFO - [2026-09-05T23:40:36.658+0000] {dagbag.py:545} INFO - Filling up the DagBag from /opt/airflow/dags/silver_processing_dag.py
[2026-09-05T23:40:36.718+0000] {processor.py:840} INFO - DAG(s) 'process_silver_layer' retrieved from /opt/airflow/dags/silver_processing_dag.py
[2026-09-05T23:40:36.789+0000] {logging_mixin.py:188} INFO - [2026-09-05T23:40:36.789+0000] {dag.py:3096} INFO - Sync 1 DAGs
[2026-09-05T23:40:36.834+0000] {logging_mixin.py:188} INFO - [2026-09-05T23:40:36.833+0000] {dag.py:3954} INFO - Setting next_dagrun for process_silver_layer to None, run_after=None
[2026-09-05T23:40:36.909+0000] {processor.py:183} INFO - Processing /opt/airflow/dags/silver_processing_dag.py took 0.282 seconds
[2026-09-05T23:41:07.382+0000] {processor.py:161} INFO - Started process (PID=16822) to work on /opt/airflow/dags/silver_processing_dag.py
[2026-09-05T23:41:07.385+0000] {processor.py:830} INFO - Processing file /opt/airflow/dags/silver_processing_dag.py for tasks to queue
[2026-09-05T23:41:07.395+0000] {logging_mixin.py:188} INFO - [2026-09-05T23:41:07.394+0000] {dagbag.py:545} INFO - Filling up the DagBag from /opt/airflow/dags/silver_processing_dag.py
[2026-09-05T23:41:07.456+0000] {processor.py:840} INFO - DAG(s) 'process_silver_layer' retrieved from /opt/airflow/dags/silver_processing_dag.py
[2026-09-05T23:41:07.523+0000] {logging_mixin.py:188} INFO - [2026-09-05T23:41:07.522+0000] {dag.py:3096} INFO - Sync 1 DAGs
[2026-09-05T23:41:07.571+0000] {logging_mixin.py:188} INFO - [2026-09-05T23:41:07.570+0000] {dag.py:3954} INFO - Setting next_dagrun for process_silver_layer to None, run_after=None
[2026-09-05T23:41:07.634+0000] {processor.py:183} INFO - Processing /opt/airflow/dags/silver_processing_dag.py took 0.277 seconds
[2026-09-05T23:41:38.095+0000] {processor.py:161} INFO - Started process (PID=16837) to work on /opt/airflow/dags/silver_processing_dag.py
[2026-09-05T23:41:38.099+0000] {processor.py:830} INFO - Processing file /opt/airflow/dags/silver_processing_dag.py for tasks to queue
[2026-09-05T23:41:38.107+0000] {logging_mixin.py:188} INFO - [2026-09-05T23:41:38.106+0000] {dagbag.py:545} INFO - Filling up the DagBag from /opt/airflow/dags/silver_processing_dag.py
[2026-09-05T23:41:38.165+0000] {processor.py:840} INFO - DAG(s) 'process_silver_layer' retrieved from /opt/airflow/dags/silver_processing_dag.py
[2026-09-05T23:41:38.246+0000] {logging_mixin.py:188} INFO - [2026-09-05T23:41:38.245+0000] {dag.py:3096} INFO - Sync 1 DAGs
[2026-09-05T23:41:38.293+0000] {logging_mixin.py:188} INFO - [2026-09-05T23:41:38.292+0000] {dag.py:3954} INFO - Setting next_dagrun for process_silver_layer to None, run_after=None
[2026-09-05T23:41:38.372+0000] {processor.py:183} INFO - Processing /opt/airflow/dags/silver_processing_dag.py took 0.300 seconds
[2026-09-05T23:42:09.019+0000] {processor.py:161} INFO - Started process (PID=16852) to work on /opt/airflow/dags/silver_processing_dag.py
[2026-09-05T23:42:09.022+0000] {processor.py:830} INFO - Processing file /opt/airflow/dags/silver_processing_dag.py for tasks to queue
[2026-09-05T23:42:09.035+0000] {logging_mixin.py:188} INFO - [2026-09-05T23:42:09.034+0000] {dagbag.py:545} INFO - Filling up the DagBag from /opt/airflow/dags/silver_processing_dag.py
[2026-09-05T23:42:09.089+0000] {processor.py:840} INFO - DAG(s) 'process_silver_layer' retrieved from /opt/airflow/dags/silver_processing_dag.py
[2026-09-05T23:42:09.162+0000] {logging_mixin.py:188} INFO - [2026-09-05T23:42:09.161+0000] {dag.py:3096} INFO - Sync 1 DAGs
[2026-09-05T23:42:09.202+0000] {logging_mixin.py:188} INFO - [2026-09-05T23:42:09.202+0000] {dag.py:3954} INFO - Setting next_dagrun for process_silver_layer to None, run_after=None
[2026-09-05T23:42:09.280+0000] {processor.py:183} INFO - Processing /opt/airflow/dags/silver_processing_dag.py took 0.305 seconds
[2026-09-05T23:42:39.738+0000] {processor.py:161} INFO - Started process (PID=16867) to work on /opt/airflow/dags/silver_processing_dag.py
[2026-09-05T23:42:39.742+0000] {processor.py:830} INFO - Processing file /opt/airflow/dags/silver_processing_dag.py for tasks to queue
[2026-09-05T23:42:39.754+0000] {logging_mixin.py:188} INFO - [2026-09-05T23:42:39.749+0000] {dagbag.py:545} INFO - Filling up the DagBag from /opt/airflow/dags/silver_processing_dag.py
[2026-09-05T23:42:39.832+0000] {processor.py:840} INFO - DAG(s) 'process_silver_layer' retrieved from /opt/airflow/dags/silver_processing_dag.py
[2026-09-05T23:42:39.906+0000] {logging_mixin.py:188} INFO - [2026-09-05T23:42:39.906+0000] {dag.py:3096} INFO - Sync 1 DAGs
[2026-09-05T23:42:39.959+0000] {logging_mixin.py:188} INFO - [2026-09-05T23:42:39.958+0000] {dag.py:3954} INFO - Setting next_dagrun for process_silver_layer to None, run_after=None
[2026-09-05T23:42:40.026+0000] {processor.py:183} INFO - Processing /opt/airflow/dags/silver_processing_dag.py took 0.314 seconds
[2026-09-05T23:43:10.448+0000] {processor.py:161} INFO - Started process (PID=16882) to work on /opt/airflow/dags/silver_processing_dag.py
[2026-09-05T23:43:10.456+0000] {processor.py:830} INFO - Processing file /opt/airflow/dags/silver_processing_dag.py for tasks to queue
[2026-09-05T23:43:10.469+0000] {logging_mixin.py:188} INFO - [2026-09-05T23:43:10.468+0000] {dagbag.py:545} INFO - Filling up the DagBag from /opt/airflow/dags/silver_processing_dag.py
[2026-09-05T23:43:10.529+0000] {processor.py:840} INFO - DAG(s) 'process_silver_layer' retrieved from /opt/airflow/dags/silver_processing_dag.py
[2026-09-05T23:43:10.609+0000] {logging_mixin.py:188} INFO - [2026-09-05T23:43:10.603+0000] {dag.py:3096} INFO - Sync 1 DAGs
[2026-09-05T23:43:10.654+0000] {logging_mixin.py:188} INFO - [2026-09-05T23:43:10.654+0000] {dag.py:3954} INFO - Setting next_dagrun for process_silver_layer to None, run_after=None
[2026-09-05T23:43:10.709+0000] {processor.py:183} INFO - Processing /opt/airflow/dags/silver_processing_dag.py took 0.287 seconds
[2026-09-05T23:43:41.335+0000] {processor.py:161} INFO - Started process (PID=16897) to work on /opt/airflow/dags/silver_processing_dag.py
[2026-09-05T23:43:41.340+0000] {processor.py:830} INFO - Processing file /opt/airflow/dags/silver_processing_dag.py for tasks to queue
[2026-09-05T23:43:41.347+0000] {logging_mixin.py:188} INFO - [2026-09-05T23:43:41.346+0000] {dagbag.py:545} INFO - Filling up the DagBag from /opt/airflow/dags/silver_processing_dag.py
[2026-09-05T23:43:41.411+0000] {processor.py:840} INFO - DAG(s) 'process_silver_layer' retrieved from /opt/airflow/dags/silver_processing_dag.py
[2026-09-05T23:43:41.481+0000] {logging_mixin.py:188} INFO - [2026-09-05T23:43:41.481+0000] {dag.py:3096} INFO - Sync 1 DAGs
[2026-09-05T23:43:41.525+0000] {logging_mixin.py:188} INFO - [2026-09-05T23:43:41.525+0000] {dag.py:3954} INFO - Setting next_dagrun for process_silver_layer to None, run_after=None
[2026-09-05T23:43:41.585+0000] {processor.py:183} INFO - Processing /opt/airflow/dags/silver_processing_dag.py took 0.276 seconds
[2026-09-05T23:44:12.219+0000] {processor.py:161} INFO - Started process (PID=16912) to work on /opt/airflow/dags/silver_processing_dag.py
[2026-09-05T23:44:12.225+0000] {processor.py:830} INFO - Processing file /opt/airflow/dags/silver_processing_dag.py for tasks to queue
[2026-09-05T23:44:12.231+0000] {logging_mixin.py:188} INFO - [2026-09-05T23:44:12.230+0000] {dagbag.py:545} INFO - Filling up the DagBag from /opt/airflow/dags/silver_processing_dag.py
[2026-09-05T23:44:12.304+0000] {processor.py:840} INFO - DAG(s) 'process_silver_layer' retrieved from /opt/airflow/dags/silver_processing_dag.py
[2026-09-05T23:44:12.375+0000] {logging_mixin.py:188} INFO - [2026-09-05T23:44:12.375+0000] {dag.py:3096} INFO - Sync 1 DAGs
[2026-09-05T23:44:12.421+0000] {logging_mixin.py:188} INFO - [2026-09-05T23:44:12.420+0000] {dag.py:3954} INFO - Setting next_dagrun for process_silver_layer to None, run_after=None
[2026-09-05T23:44:12.488+0000] {processor.py:183} INFO - Processing /opt/airflow/dags/silver_processing_dag.py took 0.297 seconds
[2026-09-05T23:44:42.902+0000] {processor.py:161} INFO - Started process (PID=16927) to work on /opt/airflow/dags/silver_processing_dag.py
[2026-09-05T23:44:42.912+0000] {processor.py:830} INFO - Processing file /opt/airflow/dags/silver_processing_dag.py for tasks to queue
[2026-09-05T23:44:42.926+0000] {logging_mixin.py:188} INFO - [2026-09-05T23:44:42.925+0000] {dagbag.py:545} INFO - Filling up the DagBag from /opt/airflow/dags/silver_processing_dag.py
[2026-09-05T23:44:43.072+0000] {processor.py:840} INFO - DAG(s) 'process_silver_layer' retrieved from /opt/airflow/dags/silver_processing_dag.py
[2026-09-05T23:44:43.181+0000] {logging_mixin.py:188} INFO - [2026-09-05T23:44:43.180+0000] {dag.py:3096} INFO - Sync 1 DAGs
[2026-09-05T23:44:43.228+0000] {logging_mixin.py:188} INFO - [2026-09-05T23:44:43.228+0000] {dag.py:3954} INFO - Setting next_dagrun for process_silver_layer to None, run_after=None
[2026-09-05T23:44:43.309+0000] {processor.py:183} INFO - Processing /opt/airflow/dags/silver_processing_dag.py took 0.441 seconds
[2026-09-05T23:45:14.286+0000] {processor.py:161} INFO - Started process (PID=16942) to work on /opt/airflow/dags/silver_processing_dag.py
[2026-09-05T23:45:14.297+0000] {processor.py:830} INFO - Processing file /opt/airflow/dags/silver_processing_dag.py for tasks to queue
[2026-09-05T23:45:14.307+0000] {logging_mixin.py:188} INFO - [2026-09-05T23:45:14.305+0000] {dagbag.py:545} INFO - Filling up the DagBag from /opt/airflow/dags/silver_processing_dag.py
[2026-09-05T23:45:14.385+0000] {processor.py:840} INFO - DAG(s) 'process_silver_layer' retrieved from /opt/airflow/dags/silver_processing_dag.py
[2026-09-05T23:45:14.484+0000] {logging_mixin.py:188} INFO - [2026-09-05T23:45:14.483+0000] {dag.py:3096} INFO - Sync 1 DAGs
[2026-09-05T23:45:14.532+0000] {logging_mixin.py:188} INFO - [2026-09-05T23:45:14.532+0000] {dag.py:3954} INFO - Setting next_dagrun for process_silver_layer to None, run_after=None
[2026-09-05T23:45:14.590+0000] {processor.py:183} INFO - Processing /opt/airflow/dags/silver_processing_dag.py took 0.343 seconds
[2026-09-05T23:45:45.230+0000] {processor.py:161} INFO - Started process (PID=16957) to work on /opt/airflow/dags/silver_processing_dag.py
[2026-09-05T23:45:45.244+0000] {processor.py:830} INFO - Processing file /opt/airflow/dags/silver_processing_dag.py for tasks to queue
[2026-09-05T23:45:45.273+0000] {logging_mixin.py:188} INFO - [2026-09-05T23:45:45.266+0000] {dagbag.py:545} INFO - Filling up the DagBag from /opt/airflow/dags/silver_processing_dag.py
[2026-09-05T23:45:45.363+0000] {processor.py:840} INFO - DAG(s) 'process_silver_layer' retrieved from /opt/airflow/dags/silver_processing_dag.py
[2026-09-05T23:45:45.485+0000] {logging_mixin.py:188} INFO - [2026-09-05T23:45:45.484+0000] {dag.py:3096} INFO - Sync 1 DAGs
[2026-09-05T23:45:45.581+0000] {logging_mixin.py:188} INFO - [2026-09-05T23:45:45.581+0000] {dag.py:3954} INFO - Setting next_dagrun for process_silver_layer to None, run_after=None
[2026-09-05T23:45:45.695+0000] {processor.py:183} INFO - Processing /opt/airflow/dags/silver_processing_dag.py took 0.519 seconds
[2026-09-05T23:46:16.204+0000] {processor.py:161} INFO - Started process (PID=16972) to work on /opt/airflow/dags/silver_processing_dag.py
[2026-09-05T23:46:16.209+0000] {processor.py:830} INFO - Processing file /opt/airflow/dags/silver_processing_dag.py for tasks to queue
[2026-09-05T23:46:16.218+0000] {logging_mixin.py:188} INFO - [2026-09-05T23:46:16.217+0000] {dagbag.py:545} INFO - Filling up the DagBag from /opt/airflow/dags/silver_processing_dag.py
[2026-09-05T23:46:16.285+0000] {processor.py:840} INFO - DAG(s) 'process_silver_layer' retrieved from /opt/airflow/dags/silver_processing_dag.py
[2026-09-05T23:46:16.354+0000] {logging_mixin.py:188} INFO - [2026-09-05T23:46:16.354+0000] {dag.py:3096} INFO - Sync 1 DAGs
[2026-09-05T23:46:16.396+0000] {logging_mixin.py:188} INFO - [2026-09-05T23:46:16.396+0000] {dag.py:3954} INFO - Setting next_dagrun for process_silver_layer to None, run_after=None
[2026-09-05T23:46:16.457+0000] {processor.py:183} INFO - Processing /opt/airflow/dags/silver_processing_dag.py took 0.278 seconds
[2026-09-05T23:46:46.971+0000] {processor.py:161} INFO - Started process (PID=16987) to work on /opt/airflow/dags/silver_processing_dag.py
[2026-09-05T23:46:46.974+0000] {processor.py:830} INFO - Processing file /opt/airflow/dags/silver_processing_dag.py for tasks to queue
[2026-09-05T23:46:46.992+0000] {logging_mixin.py:188} INFO - [2026-09-05T23:46:46.991+0000] {dagbag.py:545} INFO - Filling up the DagBag from /opt/airflow/dags/silver_processing_dag.py
[2026-09-05T23:46:47.082+0000] {processor.py:840} INFO - DAG(s) 'process_silver_layer' retrieved from /opt/airflow/dags/silver_processing_dag.py
[2026-09-05T23:46:47.233+0000] {logging_mixin.py:188} INFO - [2026-09-05T23:46:47.233+0000] {dag.py:3096} INFO - Sync 1 DAGs
[2026-09-05T23:46:47.312+0000] {logging_mixin.py:188} INFO - [2026-09-05T23:46:47.312+0000] {dag.py:3954} INFO - Setting next_dagrun for process_silver_layer to None, run_after=None
[2026-09-05T23:46:47.392+0000] {processor.py:183} INFO - Processing /opt/airflow/dags/silver_processing_dag.py took 0.462 seconds
[2026-09-05T23:47:17.882+0000] {processor.py:161} INFO - Started process (PID=17002) to work on /opt/airflow/dags/silver_processing_dag.py
[2026-09-05T23:47:17.886+0000] {processor.py:830} INFO - Processing file /opt/airflow/dags/silver_processing_dag.py for tasks to queue
[2026-09-05T23:47:17.897+0000] {logging_mixin.py:188} INFO - [2026-09-05T23:47:17.896+0000] {dagbag.py:545} INFO - Filling up the DagBag from /opt/airflow/dags/silver_processing_dag.py
[2026-09-05T23:47:17.980+0000] {processor.py:840} INFO - DAG(s) 'process_silver_layer' retrieved from /opt/airflow/dags/silver_processing_dag.py
[2026-09-05T23:47:18.049+0000] {logging_mixin.py:188} INFO - [2026-09-05T23:47:18.048+0000] {dag.py:3096} INFO - Sync 1 DAGs
[2026-09-05T23:47:18.103+0000] {logging_mixin.py:188} INFO - [2026-09-05T23:47:18.103+0000] {dag.py:3954} INFO - Setting next_dagrun for process_silver_layer to None, run_after=None
[2026-09-05T23:47:18.170+0000] {processor.py:183} INFO - Processing /opt/airflow/dags/silver_processing_dag.py took 0.321 seconds
[2026-09-05T23:47:48.590+0000] {processor.py:161} INFO - Started process (PID=17017) to work on /opt/airflow/dags/silver_processing_dag.py
[2026-09-05T23:47:48.594+0000] {processor.py:830} INFO - Processing file /opt/airflow/dags/silver_processing_dag.py for tasks to queue
[2026-09-05T23:47:48.604+0000] {logging_mixin.py:188} INFO - [2026-09-05T23:47:48.601+0000] {dagbag.py:545} INFO - Filling up the DagBag from /opt/airflow/dags/silver_processing_dag.py
[2026-09-05T23:47:48.683+0000] {processor.py:840} INFO - DAG(s) 'process_silver_layer' retrieved from /opt/airflow/dags/silver_processing_dag.py
[2026-09-05T23:47:48.776+0000] {logging_mixin.py:188} INFO - [2026-09-05T23:47:48.776+0000] {dag.py:3096} INFO - Sync 1 DAGs
[2026-09-05T23:47:48.844+0000] {logging_mixin.py:188} INFO - [2026-09-05T23:47:48.844+0000] {dag.py:3954} INFO - Setting next_dagrun for process_silver_layer to None, run_after=None
[2026-09-05T23:47:48.903+0000] {processor.py:183} INFO - Processing /opt/airflow/dags/silver_processing_dag.py took 0.349 seconds
[2026-09-05T23:48:19.445+0000] {processor.py:161} INFO - Started process (PID=17032) to work on /opt/airflow/dags/silver_processing_dag.py
[2026-09-05T23:48:19.450+0000] {processor.py:830} INFO - Processing file /opt/airflow/dags/silver_processing_dag.py for tasks to queue
[2026-09-05T23:48:19.460+0000] {logging_mixin.py:188} INFO - [2026-09-05T23:48:19.459+0000] {dagbag.py:545} INFO - Filling up the DagBag from /opt/airflow/dags/silver_processing_dag.py
[2026-09-05T23:48:19.518+0000] {processor.py:840} INFO - DAG(s) 'process_silver_layer' retrieved from /opt/airflow/dags/silver_processing_dag.py
[2026-09-05T23:48:19.599+0000] {logging_mixin.py:188} INFO - [2026-09-05T23:48:19.598+0000] {dag.py:3096} INFO - Sync 1 DAGs
[2026-09-05T23:48:19.654+0000] {logging_mixin.py:188} INFO - [2026-09-05T23:48:19.654+0000] {dag.py:3954} INFO - Setting next_dagrun for process_silver_layer to None, run_after=None
[2026-09-05T23:48:19.782+0000] {processor.py:183} INFO - Processing /opt/airflow/dags/silver_processing_dag.py took 0.361 seconds
[2026-09-05T23:48:50.322+0000] {processor.py:161} INFO - Started process (PID=17047) to work on /opt/airflow/dags/silver_processing_dag.py
[2026-09-05T23:48:50.325+0000] {processor.py:830} INFO - Processing file /opt/airflow/dags/silver_processing_dag.py for tasks to queue
[2026-09-05T23:48:50.333+0000] {logging_mixin.py:188} INFO - [2026-09-05T23:48:50.332+0000] {dagbag.py:545} INFO - Filling up the DagBag from /opt/airflow/dags/silver_processing_dag.py
[2026-09-05T23:48:50.397+0000] {processor.py:840} INFO - DAG(s) 'process_silver_layer' retrieved from /opt/airflow/dags/silver_processing_dag.py
[2026-09-05T23:48:50.479+0000] {logging_mixin.py:188} INFO - [2026-09-05T23:48:50.478+0000] {dag.py:3096} INFO - Sync 1 DAGs
[2026-09-05T23:48:50.534+0000] {logging_mixin.py:188} INFO - [2026-09-05T23:48:50.533+0000] {dag.py:3954} INFO - Setting next_dagrun for process_silver_layer to None, run_after=None
[2026-09-05T23:48:50.589+0000] {processor.py:183} INFO - Processing /opt/airflow/dags/silver_processing_dag.py took 0.289 seconds
[2026-09-05T23:49:21.354+0000] {processor.py:161} INFO - Started process (PID=17062) to work on /opt/airflow/dags/silver_processing_dag.py
[2026-09-05T23:49:21.357+0000] {processor.py:830} INFO - Processing file /opt/airflow/dags/silver_processing_dag.py for tasks to queue
[2026-09-05T23:49:21.366+0000] {logging_mixin.py:188} INFO - [2026-09-05T23:49:21.364+0000] {dagbag.py:545} INFO - Filling up the DagBag from /opt/airflow/dags/silver_processing_dag.py
[2026-09-05T23:49:21.437+0000] {processor.py:840} INFO - DAG(s) 'process_silver_layer' retrieved from /opt/airflow/dags/silver_processing_dag.py
[2026-09-05T23:49:21.500+0000] {logging_mixin.py:188} INFO - [2026-09-05T23:49:21.499+0000] {dag.py:3096} INFO - Sync 1 DAGs
[2026-09-05T23:49:21.543+0000] {logging_mixin.py:188} INFO - [2026-09-05T23:49:21.542+0000] {dag.py:3954} INFO - Setting next_dagrun for process_silver_layer to None, run_after=None
[2026-09-05T23:49:21.603+0000] {processor.py:183} INFO - Processing /opt/airflow/dags/silver_processing_dag.py took 0.284 seconds
[2026-09-05T23:49:52.046+0000] {processor.py:161} INFO - Started process (PID=17077) to work on /opt/airflow/dags/silver_processing_dag.py
[2026-09-05T23:49:52.050+0000] {processor.py:830} INFO - Processing file /opt/airflow/dags/silver_processing_dag.py for tasks to queue
[2026-09-05T23:49:52.062+0000] {logging_mixin.py:188} INFO - [2026-09-05T23:49:52.061+0000] {dagbag.py:545} INFO - Filling up the DagBag from /opt/airflow/dags/silver_processing_dag.py
[2026-09-05T23:49:52.122+0000] {processor.py:840} INFO - DAG(s) 'process_silver_layer' retrieved from /opt/airflow/dags/silver_processing_dag.py
[2026-09-05T23:49:52.192+0000] {logging_mixin.py:188} INFO - [2026-09-05T23:49:52.191+0000] {dag.py:3096} INFO - Sync 1 DAGs
[2026-09-05T23:49:52.237+0000] {logging_mixin.py:188} INFO - [2026-09-05T23:49:52.237+0000] {dag.py:3954} INFO - Setting next_dagrun for process_silver_layer to None, run_after=None
[2026-09-05T23:49:52.314+0000] {processor.py:183} INFO - Processing /opt/airflow/dags/silver_processing_dag.py took 0.293 seconds
[2026-09-05T23:50:23.011+0000] {processor.py:161} INFO - Started process (PID=17092) to work on /opt/airflow/dags/silver_processing_dag.py
[2026-09-05T23:50:23.017+0000] {processor.py:830} INFO - Processing file /opt/airflow/dags/silver_processing_dag.py for tasks to queue
[2026-09-05T23:50:23.035+0000] {logging_mixin.py:188} INFO - [2026-09-05T23:50:23.029+0000] {dagbag.py:545} INFO - Filling up the DagBag from /opt/airflow/dags/silver_processing_dag.py
[2026-09-05T23:50:23.192+0000] {processor.py:840} INFO - DAG(s) 'process_silver_layer' retrieved from /opt/airflow/dags/silver_processing_dag.py
[2026-09-05T23:50:23.383+0000] {logging_mixin.py:188} INFO - [2026-09-05T23:50:23.382+0000] {dag.py:3096} INFO - Sync 1 DAGs
[2026-09-05T23:50:23.444+0000] {logging_mixin.py:188} INFO - [2026-09-05T23:50:23.444+0000] {dag.py:3954} INFO - Setting next_dagrun for process_silver_layer to None, run_after=None
[2026-09-05T23:50:23.550+0000] {processor.py:183} INFO - Processing /opt/airflow/dags/silver_processing_dag.py took 0.575 seconds
[2026-09-05T23:50:53.827+0000] {processor.py:161} INFO - Started process (PID=17107) to work on /opt/airflow/dags/silver_processing_dag.py
[2026-09-05T23:50:53.830+0000] {processor.py:830} INFO - Processing file /opt/airflow/dags/silver_processing_dag.py for tasks to queue
[2026-09-05T23:50:53.838+0000] {logging_mixin.py:188} INFO - [2026-09-05T23:50:53.837+0000] {dagbag.py:545} INFO - Filling up the DagBag from /opt/airflow/dags/silver_processing_dag.py
[2026-09-05T23:50:53.894+0000] {processor.py:840} INFO - DAG(s) 'process_silver_layer' retrieved from /opt/airflow/dags/silver_processing_dag.py
[2026-09-05T23:50:54.004+0000] {logging_mixin.py:188} INFO - [2026-09-05T23:50:54.004+0000] {dag.py:3096} INFO - Sync 1 DAGs
[2026-09-05T23:50:54.082+0000] {logging_mixin.py:188} INFO - [2026-09-05T23:50:54.081+0000] {dag.py:3954} INFO - Setting next_dagrun for process_silver_layer to None, run_after=None
[2026-09-05T23:50:54.292+0000] {processor.py:183} INFO - Processing /opt/airflow/dags/silver_processing_dag.py took 0.493 seconds
[2026-09-05T23:51:24.747+0000] {processor.py:161} INFO - Started process (PID=17122) to work on /opt/airflow/dags/silver_processing_dag.py
[2026-09-05T23:51:24.753+0000] {processor.py:830} INFO - Processing file /opt/airflow/dags/silver_processing_dag.py for tasks to queue
[2026-09-05T23:51:24.772+0000] {logging_mixin.py:188} INFO - [2026-09-05T23:51:24.771+0000] {dagbag.py:545} INFO - Filling up the DagBag from /opt/airflow/dags/silver_processing_dag.py
[2026-09-05T23:51:24.833+0000] {processor.py:840} INFO - DAG(s) 'process_silver_layer' retrieved from /opt/airflow/dags/silver_processing_dag.py
[2026-09-05T23:51:24.902+0000] {logging_mixin.py:188} INFO - [2026-09-05T23:51:24.901+0000] {dag.py:3096} INFO - Sync 1 DAGs
[2026-09-05T23:51:24.949+0000] {logging_mixin.py:188} INFO - [2026-09-05T23:51:24.949+0000] {dag.py:3954} INFO - Setting next_dagrun for process_silver_layer to None, run_after=None
[2026-09-05T23:51:25.014+0000] {processor.py:183} INFO - Processing /opt/airflow/dags/silver_processing_dag.py took 0.295 seconds
[2026-09-05T23:51:55.780+0000] {processor.py:161} INFO - Started process (PID=17137) to work on /opt/airflow/dags/silver_processing_dag.py
[2026-09-05T23:51:55.789+0000] {processor.py:830} INFO - Processing file /opt/airflow/dags/silver_processing_dag.py for tasks to queue
[2026-09-05T23:51:55.805+0000] {logging_mixin.py:188} INFO - [2026-09-05T23:51:55.795+0000] {dagbag.py:545} INFO - Filling up the DagBag from /opt/airflow/dags/silver_processing_dag.py
[2026-09-05T23:51:55.892+0000] {processor.py:840} INFO - DAG(s) 'process_silver_layer' retrieved from /opt/airflow/dags/silver_processing_dag.py
[2026-09-05T23:51:56.022+0000] {logging_mixin.py:188} INFO - [2026-09-05T23:51:56.021+0000] {dag.py:3096} INFO - Sync 1 DAGs
[2026-09-05T23:51:56.118+0000] {logging_mixin.py:188} INFO - [2026-09-05T23:51:56.117+0000] {dag.py:3954} INFO - Setting next_dagrun for process_silver_layer to None, run_after=None
[2026-09-05T23:51:56.215+0000] {processor.py:183} INFO - Processing /opt/airflow/dags/silver_processing_dag.py took 0.481 seconds
[2026-09-05T23:52:26.745+0000] {processor.py:161} INFO - Started process (PID=17152) to work on /opt/airflow/dags/silver_processing_dag.py
[2026-09-05T23:52:26.756+0000] {processor.py:830} INFO - Processing file /opt/airflow/dags/silver_processing_dag.py for tasks to queue
[2026-09-05T23:52:26.765+0000] {logging_mixin.py:188} INFO - [2026-09-05T23:52:26.764+0000] {dagbag.py:545} INFO - Filling up the DagBag from /opt/airflow/dags/silver_processing_dag.py
[2026-09-05T23:52:26.826+0000] {processor.py:840} INFO - DAG(s) 'process_silver_layer' retrieved from /opt/airflow/dags/silver_processing_dag.py
[2026-09-05T23:52:26.942+0000] {logging_mixin.py:188} INFO - [2026-09-05T23:52:26.942+0000] {dag.py:3096} INFO - Sync 1 DAGs
[2026-09-05T23:52:26.990+0000] {logging_mixin.py:188} INFO - [2026-09-05T23:52:26.989+0000] {dag.py:3954} INFO - Setting next_dagrun for process_silver_layer to None, run_after=None
[2026-09-05T23:52:27.057+0000] {processor.py:183} INFO - Processing /opt/airflow/dags/silver_processing_dag.py took 0.338 seconds
[2026-09-05T23:52:57.623+0000] {processor.py:161} INFO - Started process (PID=17167) to work on /opt/airflow/dags/silver_processing_dag.py
[2026-09-05T23:52:57.626+0000] {processor.py:830} INFO - Processing file /opt/airflow/dags/silver_processing_dag.py for tasks to queue
[2026-09-05T23:52:57.635+0000] {logging_mixin.py:188} INFO - [2026-09-05T23:52:57.634+0000] {dagbag.py:545} INFO - Filling up the DagBag from /opt/airflow/dags/silver_processing_dag.py
[2026-09-05T23:52:57.692+0000] {processor.py:840} INFO - DAG(s) 'process_silver_layer' retrieved from /opt/airflow/dags/silver_processing_dag.py
[2026-09-05T23:52:57.781+0000] {logging_mixin.py:188} INFO - [2026-09-05T23:52:57.781+0000] {dag.py:3096} INFO - Sync 1 DAGs
[2026-09-05T23:52:57.823+0000] {logging_mixin.py:188} INFO - [2026-09-05T23:52:57.822+0000] {dag.py:3954} INFO - Setting next_dagrun for process_silver_layer to None, run_after=None
[2026-09-05T23:52:57.882+0000] {processor.py:183} INFO - Processing /opt/airflow/dags/silver_processing_dag.py took 0.285 seconds
[2026-09-05T23:53:28.325+0000] {processor.py:161} INFO - Started process (PID=17182) to work on /opt/airflow/dags/silver_processing_dag.py
[2026-09-05T23:53:28.329+0000] {processor.py:830} INFO - Processing file /opt/airflow/dags/silver_processing_dag.py for tasks to queue
[2026-09-05T23:53:28.336+0000] {logging_mixin.py:188} INFO - [2026-09-05T23:53:28.335+0000] {dagbag.py:545} INFO - Filling up the DagBag from /opt/airflow/dags/silver_processing_dag.py
[2026-09-05T23:53:28.395+0000] {processor.py:840} INFO - DAG(s) 'process_silver_layer' retrieved from /opt/airflow/dags/silver_processing_dag.py
[2026-09-05T23:53:28.504+0000] {logging_mixin.py:188} INFO - [2026-09-05T23:53:28.503+0000] {dag.py:3096} INFO - Sync 1 DAGs
[2026-09-05T23:53:28.577+0000] {logging_mixin.py:188} INFO - [2026-09-05T23:53:28.577+0000] {dag.py:3954} INFO - Setting next_dagrun for process_silver_layer to None, run_after=None
[2026-09-05T23:53:28.673+0000] {processor.py:183} INFO - Processing /opt/airflow/dags/silver_processing_dag.py took 0.379 seconds
[2026-09-05T23:53:59.200+0000] {processor.py:161} INFO - Started process (PID=17197) to work on /opt/airflow/dags/silver_processing_dag.py
[2026-09-05T23:53:59.205+0000] {processor.py:830} INFO - Processing file /opt/airflow/dags/silver_processing_dag.py for tasks to queue
[2026-09-05T23:53:59.212+0000] {logging_mixin.py:188} INFO - [2026-09-05T23:53:59.211+0000] {dagbag.py:545} INFO - Filling up the DagBag from /opt/airflow/dags/silver_processing_dag.py
[2026-09-05T23:53:59.333+0000] {processor.py:840} INFO - DAG(s) 'process_silver_layer' retrieved from /opt/airflow/dags/silver_processing_dag.py
[2026-09-05T23:53:59.442+0000] {logging_mixin.py:188} INFO - [2026-09-05T23:53:59.441+0000] {dag.py:3096} INFO - Sync 1 DAGs
[2026-09-05T23:53:59.491+0000] {logging_mixin.py:188} INFO - [2026-09-05T23:53:59.482+0000] {dag.py:3954} INFO - Setting next_dagrun for process_silver_layer to None, run_after=None
[2026-09-05T23:53:59.551+0000] {processor.py:183} INFO - Processing /opt/airflow/dags/silver_processing_dag.py took 0.386 seconds
[2026-09-05T23:54:30.054+0000] {processor.py:161} INFO - Started process (PID=17212) to work on /opt/airflow/dags/silver_processing_dag.py
[2026-09-05T23:54:30.059+0000] {processor.py:830} INFO - Processing file /opt/airflow/dags/silver_processing_dag.py for tasks to queue
[2026-09-05T23:54:30.069+0000] {logging_mixin.py:188} INFO - [2026-09-05T23:54:30.068+0000] {dagbag.py:545} INFO - Filling up the DagBag from /opt/airflow/dags/silver_processing_dag.py
[2026-09-05T23:54:30.134+0000] {processor.py:840} INFO - DAG(s) 'process_silver_layer' retrieved from /opt/airflow/dags/silver_processing_dag.py
[2026-09-05T23:54:30.208+0000] {logging_mixin.py:188} INFO - [2026-09-05T23:54:30.207+0000] {dag.py:3096} INFO - Sync 1 DAGs
[2026-09-05T23:54:30.257+0000] {logging_mixin.py:188} INFO - [2026-09-05T23:54:30.256+0000] {dag.py:3954} INFO - Setting next_dagrun for process_silver_layer to None, run_after=None
[2026-09-05T23:54:30.327+0000] {processor.py:183} INFO - Processing /opt/airflow/dags/silver_processing_dag.py took 0.295 seconds
[2026-09-05T23:55:00.819+0000] {processor.py:161} INFO - Started process (PID=17227) to work on /opt/airflow/dags/silver_processing_dag.py
[2026-09-05T23:55:00.822+0000] {processor.py:830} INFO - Processing file /opt/airflow/dags/silver_processing_dag.py for tasks to queue
[2026-09-05T23:55:00.832+0000] {logging_mixin.py:188} INFO - [2026-09-05T23:55:00.831+0000] {dagbag.py:545} INFO - Filling up the DagBag from /opt/airflow/dags/silver_processing_dag.py
[2026-09-05T23:55:00.902+0000] {processor.py:840} INFO - DAG(s) 'process_silver_layer' retrieved from /opt/airflow/dags/silver_processing_dag.py
[2026-09-05T23:55:00.963+0000] {logging_mixin.py:188} INFO - [2026-09-05T23:55:00.963+0000] {dag.py:3096} INFO - Sync 1 DAGs
[2026-09-05T23:55:01.016+0000] {logging_mixin.py:188} INFO - [2026-09-05T23:55:01.015+0000] {dag.py:3954} INFO - Setting next_dagrun for process_silver_layer to None, run_after=None
[2026-09-05T23:55:01.106+0000] {processor.py:183} INFO - Processing /opt/airflow/dags/silver_processing_dag.py took 0.311 seconds
[2026-09-05T23:55:31.297+0000] {processor.py:161} INFO - Started process (PID=17242) to work on /opt/airflow/dags/silver_processing_dag.py
[2026-09-05T23:55:31.300+0000] {processor.py:830} INFO - Processing file /opt/airflow/dags/silver_processing_dag.py for tasks to queue
[2026-09-05T23:55:31.312+0000] {logging_mixin.py:188} INFO - [2026-09-05T23:55:31.311+0000] {dagbag.py:545} INFO - Filling up the DagBag from /opt/airflow/dags/silver_processing_dag.py
[2026-09-05T23:55:31.368+0000] {processor.py:840} INFO - DAG(s) 'process_silver_layer' retrieved from /opt/airflow/dags/silver_processing_dag.py
[2026-09-05T23:55:31.447+0000] {logging_mixin.py:188} INFO - [2026-09-05T23:55:31.447+0000] {dag.py:3096} INFO - Sync 1 DAGs
[2026-09-05T23:55:31.502+0000] {logging_mixin.py:188} INFO - [2026-09-05T23:55:31.502+0000] {dag.py:3954} INFO - Setting next_dagrun for process_silver_layer to None, run_after=None
[2026-09-05T23:55:31.572+0000] {processor.py:183} INFO - Processing /opt/airflow/dags/silver_processing_dag.py took 0.297 seconds
[2026-09-05T23:56:02.081+0000] {processor.py:161} INFO - Started process (PID=17257) to work on /opt/airflow/dags/silver_processing_dag.py
[2026-09-05T23:56:02.087+0000] {processor.py:830} INFO - Processing file /opt/airflow/dags/silver_processing_dag.py for tasks to queue
[2026-09-05T23:56:02.095+0000] {logging_mixin.py:188} INFO - [2026-09-05T23:56:02.094+0000] {dagbag.py:545} INFO - Filling up the DagBag from /opt/airflow/dags/silver_processing_dag.py
[2026-09-05T23:56:02.151+0000] {processor.py:840} INFO - DAG(s) 'process_silver_layer' retrieved from /opt/airflow/dags/silver_processing_dag.py
[2026-09-05T23:56:02.221+0000] {logging_mixin.py:188} INFO - [2026-09-05T23:56:02.220+0000] {dag.py:3096} INFO - Sync 1 DAGs
[2026-09-05T23:56:02.271+0000] {logging_mixin.py:188} INFO - [2026-09-05T23:56:02.270+0000] {dag.py:3954} INFO - Setting next_dagrun for process_silver_layer to None, run_after=None
[2026-09-05T23:56:02.345+0000] {processor.py:183} INFO - Processing /opt/airflow/dags/silver_processing_dag.py took 0.287 seconds
[2026-09-05T23:56:32.910+0000] {processor.py:161} INFO - Started process (PID=17272) to work on /opt/airflow/dags/silver_processing_dag.py
[2026-09-05T23:56:32.913+0000] {processor.py:830} INFO - Processing file /opt/airflow/dags/silver_processing_dag.py for tasks to queue
[2026-09-05T23:56:32.921+0000] {logging_mixin.py:188} INFO - [2026-09-05T23:56:32.919+0000] {dagbag.py:545} INFO - Filling up the DagBag from /opt/airflow/dags/silver_processing_dag.py
[2026-09-05T23:56:32.978+0000] {processor.py:840} INFO - DAG(s) 'process_silver_layer' retrieved from /opt/airflow/dags/silver_processing_dag.py
[2026-09-05T23:56:33.045+0000] {logging_mixin.py:188} INFO - [2026-09-05T23:56:33.044+0000] {dag.py:3096} INFO - Sync 1 DAGs
[2026-09-05T23:56:33.089+0000] {logging_mixin.py:188} INFO - [2026-09-05T23:56:33.089+0000] {dag.py:3954} INFO - Setting next_dagrun for process_silver_layer to None, run_after=None
[2026-09-05T23:56:33.153+0000] {processor.py:183} INFO - Processing /opt/airflow/dags/silver_processing_dag.py took 0.277 seconds
[2026-09-05T23:57:03.728+0000] {processor.py:161} INFO - Started process (PID=17287) to work on /opt/airflow/dags/silver_processing_dag.py
[2026-09-05T23:57:03.731+0000] {processor.py:830} INFO - Processing file /opt/airflow/dags/silver_processing_dag.py for tasks to queue
[2026-09-05T23:57:03.739+0000] {logging_mixin.py:188} INFO - [2026-09-05T23:57:03.738+0000] {dagbag.py:545} INFO - Filling up the DagBag from /opt/airflow/dags/silver_processing_dag.py
[2026-09-05T23:57:03.802+0000] {processor.py:840} INFO - DAG(s) 'process_silver_layer' retrieved from /opt/airflow/dags/silver_processing_dag.py
[2026-09-05T23:57:03.910+0000] {logging_mixin.py:188} INFO - [2026-09-05T23:57:03.909+0000] {dag.py:3096} INFO - Sync 1 DAGs
[2026-09-05T23:57:03.958+0000] {logging_mixin.py:188} INFO - [2026-09-05T23:57:03.958+0000] {dag.py:3954} INFO - Setting next_dagrun for process_silver_layer to None, run_after=None
[2026-09-05T23:57:04.016+0000] {processor.py:183} INFO - Processing /opt/airflow/dags/silver_processing_dag.py took 0.312 seconds
[2026-09-05T23:57:34.660+0000] {processor.py:161} INFO - Started process (PID=17302) to work on /opt/airflow/dags/silver_processing_dag.py
[2026-09-05T23:57:34.668+0000] {processor.py:830} INFO - Processing file /opt/airflow/dags/silver_processing_dag.py for tasks to queue
[2026-09-05T23:57:34.686+0000] {logging_mixin.py:188} INFO - [2026-09-05T23:57:34.685+0000] {dagbag.py:545} INFO - Filling up the DagBag from /opt/airflow/dags/silver_processing_dag.py
[2026-09-05T23:57:34.824+0000] {processor.py:840} INFO - DAG(s) 'process_silver_layer' retrieved from /opt/airflow/dags/silver_processing_dag.py
[2026-09-05T23:57:34.995+0000] {logging_mixin.py:188} INFO - [2026-09-05T23:57:34.994+0000] {dag.py:3096} INFO - Sync 1 DAGs
[2026-09-05T23:57:35.038+0000] {logging_mixin.py:188} INFO - [2026-09-05T23:57:35.038+0000] {dag.py:3954} INFO - Setting next_dagrun for process_silver_layer to None, run_after=None
[2026-09-05T23:57:35.094+0000] {processor.py:183} INFO - Processing /opt/airflow/dags/silver_processing_dag.py took 0.505 seconds
[2026-09-05T23:58:05.604+0000] {processor.py:161} INFO - Started process (PID=17317) to work on /opt/airflow/dags/silver_processing_dag.py
[2026-09-05T23:58:05.607+0000] {processor.py:830} INFO - Processing file /opt/airflow/dags/silver_processing_dag.py for tasks to queue
[2026-09-05T23:58:05.614+0000] {logging_mixin.py:188} INFO - [2026-09-05T23:58:05.613+0000] {dagbag.py:545} INFO - Filling up the DagBag from /opt/airflow/dags/silver_processing_dag.py
[2026-09-05T23:58:05.680+0000] {processor.py:840} INFO - DAG(s) 'process_silver_layer' retrieved from /opt/airflow/dags/silver_processing_dag.py
[2026-09-05T23:58:05.818+0000] {logging_mixin.py:188} INFO - [2026-09-05T23:58:05.817+0000] {dag.py:3096} INFO - Sync 1 DAGs
[2026-09-05T23:58:05.892+0000] {logging_mixin.py:188} INFO - [2026-09-05T23:58:05.891+0000] {dag.py:3954} INFO - Setting next_dagrun for process_silver_layer to None, run_after=None
[2026-09-05T23:58:06.000+0000] {processor.py:183} INFO - Processing /opt/airflow/dags/silver_processing_dag.py took 0.418 seconds
[2026-09-05T23:58:36.401+0000] {processor.py:161} INFO - Started process (PID=17332) to work on /opt/airflow/dags/silver_processing_dag.py
[2026-09-05T23:58:36.405+0000] {processor.py:830} INFO - Processing file /opt/airflow/dags/silver_processing_dag.py for tasks to queue
[2026-09-05T23:58:36.414+0000] {logging_mixin.py:188} INFO - [2026-09-05T23:58:36.413+0000] {dagbag.py:545} INFO - Filling up the DagBag from /opt/airflow/dags/silver_processing_dag.py
[2026-09-05T23:58:36.468+0000] {processor.py:840} INFO - DAG(s) 'process_silver_layer' retrieved from /opt/airflow/dags/silver_processing_dag.py
[2026-09-05T23:58:36.546+0000] {logging_mixin.py:188} INFO - [2026-09-05T23:58:36.544+0000] {dag.py:3096} INFO - Sync 1 DAGs
[2026-09-05T23:58:36.589+0000] {logging_mixin.py:188} INFO - [2026-09-05T23:58:36.588+0000] {dag.py:3954} INFO - Setting next_dagrun for process_silver_layer to None, run_after=None
[2026-09-05T23:58:36.655+0000] {processor.py:183} INFO - Processing /opt/airflow/dags/silver_processing_dag.py took 0.276 seconds
[2026-09-05T23:59:07.130+0000] {processor.py:161} INFO - Started process (PID=17347) to work on /opt/airflow/dags/silver_processing_dag.py
[2026-09-05T23:59:07.132+0000] {processor.py:830} INFO - Processing file /opt/airflow/dags/silver_processing_dag.py for tasks to queue
[2026-09-05T23:59:07.140+0000] {logging_mixin.py:188} INFO - [2026-09-05T23:59:07.139+0000] {dagbag.py:545} INFO - Filling up the DagBag from /opt/airflow/dags/silver_processing_dag.py
[2026-09-05T23:59:07.211+0000] {processor.py:840} INFO - DAG(s) 'process_silver_layer' retrieved from /opt/airflow/dags/silver_processing_dag.py
[2026-09-05T23:59:07.289+0000] {logging_mixin.py:188} INFO - [2026-09-05T23:59:07.288+0000] {dag.py:3096} INFO - Sync 1 DAGs
[2026-09-05T23:59:07.334+0000] {logging_mixin.py:188} INFO - [2026-09-05T23:59:07.334+0000] {dag.py:3954} INFO - Setting next_dagrun for process_silver_layer to None, run_after=None
[2026-09-05T23:59:07.415+0000] {processor.py:183} INFO - Processing /opt/airflow/dags/silver_processing_dag.py took 0.311 seconds
[2026-09-05T23:59:38.031+0000] {processor.py:161} INFO - Started process (PID=17362) to work on /opt/airflow/dags/silver_processing_dag.py
[2026-09-05T23:59:38.034+0000] {processor.py:830} INFO - Processing file /opt/airflow/dags/silver_processing_dag.py for tasks to queue
[2026-09-05T23:59:38.044+0000] {logging_mixin.py:188} INFO - [2026-09-05T23:59:38.043+0000] {dagbag.py:545} INFO - Filling up the DagBag from /opt/airflow/dags/silver_processing_dag.py
[2026-09-05T23:59:38.104+0000] {processor.py:840} INFO - DAG(s) 'process_silver_layer' retrieved from /opt/airflow/dags/silver_processing_dag.py
[2026-09-05T23:59:38.167+0000] {logging_mixin.py:188} INFO - [2026-09-05T23:59:38.166+0000] {dag.py:3096} INFO - Sync 1 DAGs
[2026-09-05T23:59:38.209+0000] {logging_mixin.py:188} INFO - [2026-09-05T23:59:38.208+0000] {dag.py:3954} INFO - Setting next_dagrun for process_silver_layer to None, run_after=None
[2026-09-05T23:59:38.275+0000] {processor.py:183} INFO - Processing /opt/airflow/dags/silver_processing_dag.py took 0.272 seconds
