[2026-07-27T03:00:32.117+0000] {local_task_job_runner.py:120} INFO - ::group::Pre task execution logs
[2026-07-27T03:00:32.179+0000] {taskinstance.py:2076} INFO - Dependencies all met for dep_context=non-requeueable deps ti=<TaskInstance: process_silver_layer.run_silver_spark_job manual__2026-07-27T03:00:23.986185+00:00 [queued]>
[2026-07-27T03:00:32.194+0000] {taskinstance.py:2076} INFO - Dependencies all met for dep_context=requeueable deps ti=<TaskInstance: process_silver_layer.run_silver_spark_job manual__2026-07-27T03:00:23.986185+00:00 [queued]>
[2026-07-27T03:00:32.195+0000] {taskinstance.py:2306} INFO - Starting attempt 1 of 1
[2026-07-27T03:00:32.220+0000] {taskinstance.py:2330} INFO - Executing <Task(BashOperator): run_silver_spark_job> on 2026-07-27 03:00:23.986185+00:00
[2026-07-27T03:00:32.237+0000] {standard_task_runner.py:90} INFO - Running: ['***', 'tasks', 'run', 'process_silver_layer', 'run_silver_spark_job', 'manual__2026-07-27T03:00:23.986185+00:00', '--job-id', '112', '--raw', '--subdir', 'DAGS_FOLDER/silver_processing_dag.py', '--cfg-path', '/tmp/tmpmi4sy5ve']
[2026-07-27T03:00:32.243+0000] {standard_task_runner.py:91} INFO - Job 112: Subtask run_silver_spark_job
[2026-07-27T03:00:32.244+0000] {logging_mixin.py:188} WARNING - /home/***/.local/lib/python3.12/site-packages/***/task/task_runner/standard_task_runner.py:61 DeprecationWarning: This process (pid=9048) is multi-threaded, use of fork() may lead to deadlocks in the child.
[2026-07-27T03:00:32.247+0000] {standard_task_runner.py:63} INFO - Started process 9049 to run task
[2026-07-27T03:00:32.325+0000] {task_command.py:426} INFO - Running <TaskInstance: process_silver_layer.run_silver_spark_job manual__2026-07-27T03:00:23.986185+00:00 [running]> on host 48a53578f0da
[2026-07-27T03:00:32.495+0000] {taskinstance.py:2648} INFO - Exporting env vars: AIRFLOW_CTX_DAG_OWNER='data_engineer' AIRFLOW_CTX_DAG_ID='process_silver_layer' AIRFLOW_CTX_TASK_ID='run_silver_spark_job' AIRFLOW_CTX_EXECUTION_DATE='2026-07-27T03:00:23.986185+00:00' AIRFLOW_CTX_TRY_NUMBER='1' AIRFLOW_CTX_DAG_RUN_ID='manual__2026-07-27T03:00:23.986185+00:00'
[2026-07-27T03:00:32.497+0000] {taskinstance.py:430} INFO - ::endgroup::
[2026-07-27T03:00:32.525+0000] {subprocess.py:63} INFO - Tmp dir root location: /tmp
[2026-07-27T03:00:32.541+0000] {subprocess.py:75} INFO - Running command: ['/usr/bin/bash', '-c', 'export GOOGLE_APPLICATION_CREDENTIALS=/tmp/gcp_key.json && python /opt/***/jobs/silver_layer_spark_job.py london_bike_data_bronze']
[2026-07-27T03:00:32.563+0000] {subprocess.py:86} INFO - Output:
[2026-07-27T03:00:34.252+0000] {subprocess.py:93} INFO - /home/***/.local/lib/python3.12/site-packages/pyspark/bin/load-spark-env.sh: line 68: ps: command not found
[2026-07-27T03:00:39.043+0000] {subprocess.py:93} INFO - Setting default log level to "WARN".
[2026-07-27T03:00:39.045+0000] {subprocess.py:93} INFO - To adjust logging level use sc.setLogLevel(newLevel). For SparkR, use setLogLevel(newLevel).
[2026-07-27T03:00:39.518+0000] {subprocess.py:93} INFO - 26/07/27 03:00:39 WARN NativeCodeLoader: Unable to load native-hadoop library for your platform... using builtin-java classes where applicable
[2026-07-27T03:02:03.141+0000] {subprocess.py:93} INFO - [Stage 2:>                                                          (0 + 4) / 4]26/07/27 03:02:03 WARN GoogleCloudStorageReadChannel: Failed read retry #1/10 for 'gs://london_bike_data_bronze/bronze/bike/20260727/data_20260727T000000.json'. Sleeping...
[2026-07-27T03:02:03.172+0000] {subprocess.py:93} INFO - java.net.SocketTimeoutException: Read timed out
[2026-07-27T03:02:03.175+0000] {subprocess.py:93} INFO - 	at java.base/sun.nio.ch.NioSocketImpl.timedRead(NioSocketImpl.java:288)
[2026-07-27T03:02:03.178+0000] {subprocess.py:93} INFO - 	at java.base/sun.nio.ch.NioSocketImpl.implRead(NioSocketImpl.java:314)
[2026-07-27T03:02:03.181+0000] {subprocess.py:93} INFO - 	at java.base/sun.nio.ch.NioSocketImpl.read(NioSocketImpl.java:355)
[2026-07-27T03:02:03.183+0000] {subprocess.py:93} INFO - 	at java.base/sun.nio.ch.NioSocketImpl$1.read(NioSocketImpl.java:808)
[2026-07-27T03:02:03.185+0000] {subprocess.py:93} INFO - 	at java.base/java.net.Socket$SocketInputStream.read(Socket.java:966)
[2026-07-27T03:02:03.187+0000] {subprocess.py:93} INFO - 	at java.base/sun.security.ssl.SSLSocketInputRecord.read(SSLSocketInputRecord.java:484)
[2026-07-27T03:02:03.189+0000] {subprocess.py:93} INFO - 	at java.base/sun.security.ssl.SSLSocketInputRecord.readFully(SSLSocketInputRecord.java:467)
[2026-07-27T03:02:03.191+0000] {subprocess.py:93} INFO - 	at java.base/sun.security.ssl.SSLSocketInputRecord.decodeInputRecord(SSLSocketInputRecord.java:243)
[2026-07-27T03:02:03.196+0000] {subprocess.py:93} INFO - 	at java.base/sun.security.ssl.SSLSocketInputRecord.decode(SSLSocketInputRecord.java:181)
[2026-07-27T03:02:03.199+0000] {subprocess.py:93} INFO - 	at java.base/sun.security.ssl.SSLTransport.decode(SSLTransport.java:111)
[2026-07-27T03:02:03.201+0000] {subprocess.py:93} INFO - 	at java.base/sun.security.ssl.SSLSocketImpl.decode(SSLSocketImpl.java:1512)
[2026-07-27T03:02:03.204+0000] {subprocess.py:93} INFO - 	at java.base/sun.security.ssl.SSLSocketImpl.readApplicationRecord(SSLSocketImpl.java:1483)
[2026-07-27T03:02:03.206+0000] {subprocess.py:93} INFO - 	at java.base/sun.security.ssl.SSLSocketImpl$AppInputStream.read(SSLSocketImpl.java:1069)
[2026-07-27T03:02:03.208+0000] {subprocess.py:93} INFO - 	at java.base/java.io.BufferedInputStream.read1(BufferedInputStream.java:282)
[2026-07-27T03:02:03.210+0000] {subprocess.py:93} INFO - 	at java.base/java.io.BufferedInputStream.read(BufferedInputStream.java:343)
[2026-07-27T03:02:03.212+0000] {subprocess.py:93} INFO - 	at java.base/sun.net.www.MeteredStream.read(MeteredStream.java:141)
[2026-07-27T03:02:03.215+0000] {subprocess.py:93} INFO - 	at java.base/java.io.FilterInputStream.read(FilterInputStream.java:132)
[2026-07-27T03:02:03.218+0000] {subprocess.py:93} INFO - 	at java.base/sun.net.www.protocol.http.HttpURLConnection$HttpInputStream.read(HttpURLConnection.java:3750)
[2026-07-27T03:02:03.220+0000] {subprocess.py:93} INFO - 	at com.google.cloud.hadoop.repackaged.gcs.com.google.api.client.http.javanet.NetHttpResponse$SizeValidatingInputStream.read(NetHttpResponse.java:164)
[2026-07-27T03:02:03.222+0000] {subprocess.py:93} INFO - 	at java.base/java.io.BufferedInputStream.read1(BufferedInputStream.java:282)
[2026-07-27T03:02:03.224+0000] {subprocess.py:93} INFO - 	at java.base/java.io.BufferedInputStream.read(BufferedInputStream.java:343)
[2026-07-27T03:02:03.227+0000] {subprocess.py:93} INFO - 	at java.base/java.nio.channels.Channels$ReadableByteChannelImpl.read(Channels.java:387)
[2026-07-27T03:02:03.229+0000] {subprocess.py:93} INFO - 	at com.google.cloud.hadoop.repackaged.gcs.com.google.cloud.hadoop.gcsio.GoogleCloudStorageReadChannel.read(GoogleCloudStorageReadChannel.java:318)
[2026-07-27T03:02:03.231+0000] {subprocess.py:93} INFO - 	at com.google.cloud.hadoop.fs.gcs.GoogleHadoopFSInputStream.read(GoogleHadoopFSInputStream.java:176)
[2026-07-27T03:02:03.233+0000] {subprocess.py:93} INFO - 	at java.base/java.io.DataInputStream.read(DataInputStream.java:151)
[2026-07-27T03:02:03.235+0000] {subprocess.py:93} INFO - 	at org.apache.hadoop.mapreduce.lib.input.UncompressedSplitLineReader.fillBuffer(UncompressedSplitLineReader.java:62)
[2026-07-27T03:02:03.237+0000] {subprocess.py:93} INFO - 	at org.apache.hadoop.util.LineReader.readDefaultLine(LineReader.java:227)
[2026-07-27T03:02:03.240+0000] {subprocess.py:93} INFO - 	at org.apache.hadoop.util.LineReader.readLine(LineReader.java:185)
[2026-07-27T03:02:03.242+0000] {subprocess.py:93} INFO - 	at org.apache.hadoop.mapreduce.lib.input.UncompressedSplitLineReader.readLine(UncompressedSplitLineReader.java:94)
[2026-07-27T03:02:03.243+0000] {subprocess.py:93} INFO - 	at org.apache.hadoop.mapreduce.lib.input.LineRecordReader.skipUtfByteOrderMark(LineRecordReader.java:158)
[2026-07-27T03:02:03.245+0000] {subprocess.py:93} INFO - 	at org.apache.hadoop.mapreduce.lib.input.LineRecordReader.nextKeyValue(LineRecordReader.java:198)
[2026-07-27T03:02:03.247+0000] {subprocess.py:93} INFO - 	at org.apache.spark.sql.execution.datasources.RecordReaderIterator.hasNext(RecordReaderIterator.scala:39)
[2026-07-27T03:02:03.249+0000] {subprocess.py:93} INFO - 	at org.apache.spark.sql.execution.datasources.HadoopFileLinesReader.hasNext(HadoopFileLinesReader.scala:67)
[2026-07-27T03:02:03.251+0000] {subprocess.py:93} INFO - 	at scala.collection.Iterator$$anon$10.hasNext(Iterator.scala:460)
[2026-07-27T03:02:03.253+0000] {subprocess.py:93} INFO - 	at scala.collection.Iterator$$anon$10.hasNext(Iterator.scala:460)
[2026-07-27T03:02:03.256+0000] {subprocess.py:93} INFO - 	at org.apache.spark.sql.execution.datasources.FileScanRDD$$anon$1.hasNext(FileScanRDD.scala:129)
[2026-07-27T03:02:03.260+0000] {subprocess.py:93} INFO - 	at org.apache.spark.sql.execution.datasources.FileScanRDD$$anon$1.nextIterator(FileScanRDD.scala:283)
[2026-07-27T03:02:03.262+0000] {subprocess.py:93} INFO - 	at org.apache.spark.sql.execution.datasources.FileScanRDD$$anon$1.hasNext(FileScanRDD.scala:129)
[2026-07-27T03:02:03.264+0000] {subprocess.py:93} INFO - 	at scala.collection.Iterator$$anon$10.hasNext(Iterator.scala:460)
[2026-07-27T03:02:03.266+0000] {subprocess.py:93} INFO - 	at scala.collection.Iterator$$anon$11.hasNext(Iterator.scala:491)
[2026-07-27T03:02:03.268+0000] {subprocess.py:93} INFO - 	at scala.collection.Iterator.foreach(Iterator.scala:943)
[2026-07-27T03:02:03.270+0000] {subprocess.py:93} INFO - 	at scala.collection.Iterator.foreach$(Iterator.scala:943)
[2026-07-27T03:02:03.272+0000] {subprocess.py:93} INFO - 	at scala.collection.AbstractIterator.foreach(Iterator.scala:1431)
[2026-07-27T03:02:03.274+0000] {subprocess.py:93} INFO - 	at scala.collection.TraversableOnce.reduceLeft(TraversableOnce.scala:237)
[2026-07-27T03:02:03.276+0000] {subprocess.py:93} INFO - 	at scala.collection.TraversableOnce.reduceLeft$(TraversableOnce.scala:220)
[2026-07-27T03:02:03.278+0000] {subprocess.py:93} INFO - 	at scala.collection.AbstractIterator.reduceLeft(Iterator.scala:1431)
[2026-07-27T03:02:03.280+0000] {subprocess.py:93} INFO - 	at scala.collection.TraversableOnce.reduceLeftOption(TraversableOnce.scala:249)
[2026-07-27T03:02:03.282+0000] {subprocess.py:93} INFO - 	at scala.collection.TraversableOnce.reduceLeftOption$(TraversableOnce.scala:248)
[2026-07-27T03:02:03.284+0000] {subprocess.py:93} INFO - 	at scala.collection.AbstractIterator.reduceLeftOption(Iterator.scala:1431)
[2026-07-27T03:02:03.286+0000] {subprocess.py:93} INFO - 	at scala.collection.TraversableOnce.reduceOption(TraversableOnce.scala:256)
[2026-07-27T03:02:03.289+0000] {subprocess.py:93} INFO - 	at scala.collection.TraversableOnce.reduceOption$(TraversableOnce.scala:256)
[2026-07-27T03:02:03.291+0000] {subprocess.py:93} INFO - 	at scala.collection.AbstractIterator.reduceOption(Iterator.scala:1431)
[2026-07-27T03:02:03.293+0000] {subprocess.py:93} INFO - 	at org.apache.spark.sql.catalyst.json.JsonInferSchema.$anonfun$infer$1(JsonInferSchema.scala:107)
[2026-07-27T03:02:03.295+0000] {subprocess.py:93} INFO - 	at org.apache.spark.rdd.RDD.$anonfun$mapPartitions$2(RDD.scala:858)
[2026-07-27T03:02:03.297+0000] {subprocess.py:93} INFO - 	at org.apache.spark.rdd.RDD.$anonfun$mapPartitions$2$adapted(RDD.scala:858)
[2026-07-27T03:02:03.301+0000] {subprocess.py:93} INFO - 	at org.apache.spark.rdd.MapPartitionsRDD.compute(MapPartitionsRDD.scala:52)
[2026-07-27T03:02:03.306+0000] {subprocess.py:93} INFO - 	at org.apache.spark.rdd.RDD.computeOrReadCheckpoint(RDD.scala:367)
[2026-07-27T03:02:03.308+0000] {subprocess.py:93} INFO - 	at org.apache.spark.rdd.RDD.iterator(RDD.scala:331)
[2026-07-27T03:02:03.311+0000] {subprocess.py:93} INFO - 	at org.apache.spark.scheduler.ResultTask.runTask(ResultTask.scala:93)
[2026-07-27T03:02:03.312+0000] {subprocess.py:93} INFO - 	at org.apache.spark.TaskContext.runTaskWithListeners(TaskContext.scala:166)
[2026-07-27T03:02:03.315+0000] {subprocess.py:93} INFO - 	at org.apache.spark.scheduler.Task.run(Task.scala:141)
[2026-07-27T03:02:03.317+0000] {subprocess.py:93} INFO - 	at org.apache.spark.executor.Executor$TaskRunner.$anonfun$run$4(Executor.scala:620)
[2026-07-27T03:02:03.320+0000] {subprocess.py:93} INFO - 	at org.apache.spark.util.SparkErrorUtils.tryWithSafeFinally(SparkErrorUtils.scala:64)
[2026-07-27T03:02:03.322+0000] {subprocess.py:93} INFO - 	at org.apache.spark.util.SparkErrorUtils.tryWithSafeFinally$(SparkErrorUtils.scala:61)
[2026-07-27T03:02:03.324+0000] {subprocess.py:93} INFO - 	at org.apache.spark.util.Utils$.tryWithSafeFinally(Utils.scala:94)
[2026-07-27T03:02:03.326+0000] {subprocess.py:93} INFO - 	at org.apache.spark.executor.Executor$TaskRunner.run(Executor.scala:623)
[2026-07-27T03:02:03.328+0000] {subprocess.py:93} INFO - 	at java.base/java.util.concurrent.ThreadPoolExecutor.runWorker(ThreadPoolExecutor.java:1136)
[2026-07-27T03:02:03.330+0000] {subprocess.py:93} INFO - 	at java.base/java.util.concurrent.ThreadPoolExecutor$Worker.run(ThreadPoolExecutor.java:635)
[2026-07-27T03:02:03.331+0000] {subprocess.py:93} INFO - 	at java.base/java.lang.Thread.run(Thread.java:840)
[2026-07-27T03:02:03.334+0000] {subprocess.py:93} INFO - 26/07/27 03:02:03 WARN GoogleCloudStorageReadChannel: Failed read retry #1/10 for 'gs://london_bike_data_bronze/bronze/bike/20260719/data_20260719T120641.json'. Sleeping...
[2026-07-27T03:02:03.336+0000] {subprocess.py:93} INFO - java.net.SocketTimeoutException: Read timed out
[2026-07-27T03:02:03.339+0000] {subprocess.py:93} INFO - 	at java.base/sun.nio.ch.NioSocketImpl.timedRead(NioSocketImpl.java:288)
[2026-07-27T03:02:03.340+0000] {subprocess.py:93} INFO - 	at java.base/sun.nio.ch.NioSocketImpl.implRead(NioSocketImpl.java:314)
[2026-07-27T03:02:03.343+0000] {subprocess.py:93} INFO - 	at java.base/sun.nio.ch.NioSocketImpl.read(NioSocketImpl.java:355)
[2026-07-27T03:02:03.345+0000] {subprocess.py:93} INFO - 	at java.base/sun.nio.ch.NioSocketImpl$1.read(NioSocketImpl.java:808)
[2026-07-27T03:02:03.346+0000] {subprocess.py:93} INFO - 	at java.base/java.net.Socket$SocketInputStream.read(Socket.java:966)
[2026-07-27T03:02:03.348+0000] {subprocess.py:93} INFO - 	at java.base/sun.security.ssl.SSLSocketInputRecord.read(SSLSocketInputRecord.java:484)
[2026-07-27T03:02:03.350+0000] {subprocess.py:93} INFO - 	at java.base/sun.security.ssl.SSLSocketInputRecord.readFully(SSLSocketInputRecord.java:467)
[2026-07-27T03:02:03.353+0000] {subprocess.py:93} INFO - 	at java.base/sun.security.ssl.SSLSocketInputRecord.decodeInputRecord(SSLSocketInputRecord.java:243)
[2026-07-27T03:02:03.355+0000] {subprocess.py:93} INFO - 	at java.base/sun.security.ssl.SSLSocketInputRecord.decode(SSLSocketInputRecord.java:181)
[2026-07-27T03:02:03.357+0000] {subprocess.py:93} INFO - 	at java.base/sun.security.ssl.SSLTransport.decode(SSLTransport.java:111)
[2026-07-27T03:02:03.359+0000] {subprocess.py:93} INFO - 	at java.base/sun.security.ssl.SSLSocketImpl.decode(SSLSocketImpl.java:1512)
[2026-07-27T03:02:03.361+0000] {subprocess.py:93} INFO - 	at java.base/sun.security.ssl.SSLSocketImpl.readApplicationRecord(SSLSocketImpl.java:1483)
[2026-07-27T03:02:03.364+0000] {subprocess.py:93} INFO - 	at java.base/sun.security.ssl.SSLSocketImpl$AppInputStream.read(SSLSocketImpl.java:1069)
[2026-07-27T03:02:03.366+0000] {subprocess.py:93} INFO - 	at java.base/java.io.BufferedInputStream.read1(BufferedInputStream.java:282)
[2026-07-27T03:02:03.368+0000] {subprocess.py:93} INFO - 	at java.base/java.io.BufferedInputStream.read(BufferedInputStream.java:343)
[2026-07-27T03:02:03.371+0000] {subprocess.py:93} INFO - 	at java.base/sun.net.www.MeteredStream.read(MeteredStream.java:141)
[2026-07-27T03:02:03.373+0000] {subprocess.py:93} INFO - 	at java.base/java.io.FilterInputStream.read(FilterInputStream.java:132)
[2026-07-27T03:02:03.375+0000] {subprocess.py:93} INFO - 	at java.base/sun.net.www.protocol.http.HttpURLConnection$HttpInputStream.read(HttpURLConnection.java:3750)
[2026-07-27T03:02:03.377+0000] {subprocess.py:93} INFO - 	at com.google.cloud.hadoop.repackaged.gcs.com.google.api.client.http.javanet.NetHttpResponse$SizeValidatingInputStream.read(NetHttpResponse.java:164)
[2026-07-27T03:02:03.378+0000] {subprocess.py:93} INFO - 	at java.base/java.io.BufferedInputStream.read1(BufferedInputStream.java:282)
[2026-07-27T03:02:03.381+0000] {subprocess.py:93} INFO - 	at java.base/java.io.BufferedInputStream.read(BufferedInputStream.java:343)
[2026-07-27T03:02:03.383+0000] {subprocess.py:93} INFO - 	at java.base/java.nio.channels.Channels$ReadableByteChannelImpl.read(Channels.java:387)
[2026-07-27T03:02:03.384+0000] {subprocess.py:93} INFO - 	at com.google.cloud.hadoop.repackaged.gcs.com.google.cloud.hadoop.gcsio.GoogleCloudStorageReadChannel.read(GoogleCloudStorageReadChannel.java:318)
[2026-07-27T03:02:03.387+0000] {subprocess.py:93} INFO - 	at com.google.cloud.hadoop.fs.gcs.GoogleHadoopFSInputStream.read(GoogleHadoopFSInputStream.java:176)
[2026-07-27T03:02:03.388+0000] {subprocess.py:93} INFO - 	at java.base/java.io.DataInputStream.read(DataInputStream.java:151)
[2026-07-27T03:02:03.391+0000] {subprocess.py:93} INFO - 	at org.apache.hadoop.mapreduce.lib.input.UncompressedSplitLineReader.fillBuffer(UncompressedSplitLineReader.java:62)
[2026-07-27T03:02:03.393+0000] {subprocess.py:93} INFO - 	at org.apache.hadoop.util.LineReader.readDefaultLine(LineReader.java:227)
[2026-07-27T03:02:03.395+0000] {subprocess.py:93} INFO - 	at org.apache.hadoop.util.LineReader.readLine(LineReader.java:185)
[2026-07-27T03:02:03.398+0000] {subprocess.py:93} INFO - 	at org.apache.hadoop.mapreduce.lib.input.UncompressedSplitLineReader.readLine(UncompressedSplitLineReader.java:94)
[2026-07-27T03:02:03.400+0000] {subprocess.py:93} INFO - 	at org.apache.hadoop.mapreduce.lib.input.LineRecordReader.skipUtfByteOrderMark(LineRecordReader.java:158)
[2026-07-27T03:02:03.401+0000] {subprocess.py:93} INFO - 	at org.apache.hadoop.mapreduce.lib.input.LineRecordReader.nextKeyValue(LineRecordReader.java:198)
[2026-07-27T03:02:03.403+0000] {subprocess.py:93} INFO - 	at org.apache.spark.sql.execution.datasources.RecordReaderIterator.hasNext(RecordReaderIterator.scala:39)
[2026-07-27T03:02:03.405+0000] {subprocess.py:93} INFO - 	at org.apache.spark.sql.execution.datasources.HadoopFileLinesReader.hasNext(HadoopFileLinesReader.scala:67)
[2026-07-27T03:02:03.407+0000] {subprocess.py:93} INFO - 	at scala.collection.Iterator$$anon$10.hasNext(Iterator.scala:460)
[2026-07-27T03:02:03.408+0000] {subprocess.py:93} INFO - 	at scala.collection.Iterator$$anon$10.hasNext(Iterator.scala:460)
[2026-07-27T03:02:03.410+0000] {subprocess.py:93} INFO - 	at org.apache.spark.sql.execution.datasources.FileScanRDD$$anon$1.hasNext(FileScanRDD.scala:129)
[2026-07-27T03:02:03.412+0000] {subprocess.py:93} INFO - 	at org.apache.spark.sql.execution.datasources.FileScanRDD$$anon$1.nextIterator(FileScanRDD.scala:283)
[2026-07-27T03:02:03.414+0000] {subprocess.py:93} INFO - 	at org.apache.spark.sql.execution.datasources.FileScanRDD$$anon$1.hasNext(FileScanRDD.scala:129)
[2026-07-27T03:02:03.416+0000] {subprocess.py:93} INFO - 	at scala.collection.Iterator$$anon$10.hasNext(Iterator.scala:460)
[2026-07-27T03:02:03.418+0000] {subprocess.py:93} INFO - 	at scala.collection.Iterator$$anon$11.hasNext(Iterator.scala:491)
[2026-07-27T03:02:03.420+0000] {subprocess.py:93} INFO - 	at scala.collection.Iterator.foreach(Iterator.scala:943)
[2026-07-27T03:02:03.422+0000] {subprocess.py:93} INFO - 	at scala.collection.Iterator.foreach$(Iterator.scala:943)
[2026-07-27T03:02:03.424+0000] {subprocess.py:93} INFO - 	at scala.collection.AbstractIterator.foreach(Iterator.scala:1431)
[2026-07-27T03:02:03.426+0000] {subprocess.py:93} INFO - 	at scala.collection.TraversableOnce.reduceLeft(TraversableOnce.scala:237)
[2026-07-27T03:02:03.428+0000] {subprocess.py:93} INFO - 	at scala.collection.TraversableOnce.reduceLeft$(TraversableOnce.scala:220)
[2026-07-27T03:02:03.430+0000] {subprocess.py:93} INFO - 	at scala.collection.AbstractIterator.reduceLeft(Iterator.scala:1431)
[2026-07-27T03:02:03.431+0000] {subprocess.py:93} INFO - 	at scala.collection.TraversableOnce.reduceLeftOption(TraversableOnce.scala:249)
[2026-07-27T03:02:03.440+0000] {subprocess.py:93} INFO - 	at scala.collection.TraversableOnce.reduceLeftOption$(TraversableOnce.scala:248)
[2026-07-27T03:02:03.444+0000] {subprocess.py:93} INFO - 	at scala.collection.AbstractIterator.reduceLeftOption(Iterator.scala:1431)
[2026-07-27T03:02:03.446+0000] {subprocess.py:93} INFO - 	at scala.collection.TraversableOnce.reduceOption(TraversableOnce.scala:256)
[2026-07-27T03:02:03.448+0000] {subprocess.py:93} INFO - 	at scala.collection.TraversableOnce.reduceOption$(TraversableOnce.scala:256)
[2026-07-27T03:02:03.450+0000] {subprocess.py:93} INFO - 	at scala.collection.AbstractIterator.reduceOption(Iterator.scala:1431)
[2026-07-27T03:02:03.452+0000] {subprocess.py:93} INFO - 	at org.apache.spark.sql.catalyst.json.JsonInferSchema.$anonfun$infer$1(JsonInferSchema.scala:107)
[2026-07-27T03:02:03.454+0000] {subprocess.py:93} INFO - 	at org.apache.spark.rdd.RDD.$anonfun$mapPartitions$2(RDD.scala:858)
[2026-07-27T03:02:03.456+0000] {subprocess.py:93} INFO - 	at org.apache.spark.rdd.RDD.$anonfun$mapPartitions$2$adapted(RDD.scala:858)
[2026-07-27T03:02:03.457+0000] {subprocess.py:93} INFO - 	at org.apache.spark.rdd.MapPartitionsRDD.compute(MapPartitionsRDD.scala:52)
[2026-07-27T03:02:03.461+0000] {subprocess.py:93} INFO - 	at org.apache.spark.rdd.RDD.computeOrReadCheckpoint(RDD.scala:367)
[2026-07-27T03:02:03.463+0000] {subprocess.py:93} INFO - 	at org.apache.spark.rdd.RDD.iterator(RDD.scala:331)
[2026-07-27T03:02:03.465+0000] {subprocess.py:93} INFO - 	at org.apache.spark.scheduler.ResultTask.runTask(ResultTask.scala:93)
[2026-07-27T03:02:03.467+0000] {subprocess.py:93} INFO - 	at org.apache.spark.TaskContext.runTaskWithListeners(TaskContext.scala:166)
[2026-07-27T03:02:03.469+0000] {subprocess.py:93} INFO - 	at org.apache.spark.scheduler.Task.run(Task.scala:141)
[2026-07-27T03:02:03.471+0000] {subprocess.py:93} INFO - 	at org.apache.spark.executor.Executor$TaskRunner.$anonfun$run$4(Executor.scala:620)
[2026-07-27T03:02:03.473+0000] {subprocess.py:93} INFO - 	at org.apache.spark.util.SparkErrorUtils.tryWithSafeFinally(SparkErrorUtils.scala:64)
[2026-07-27T03:02:03.475+0000] {subprocess.py:93} INFO - 	at org.apache.spark.util.SparkErrorUtils.tryWithSafeFinally$(SparkErrorUtils.scala:61)
[2026-07-27T03:02:03.477+0000] {subprocess.py:93} INFO - 	at org.apache.spark.util.Utils$.tryWithSafeFinally(Utils.scala:94)
[2026-07-27T03:02:03.479+0000] {subprocess.py:93} INFO - 	at org.apache.spark.executor.Executor$TaskRunner.run(Executor.scala:623)
[2026-07-27T03:02:03.481+0000] {subprocess.py:93} INFO - 	at java.base/java.util.concurrent.ThreadPoolExecutor.runWorker(ThreadPoolExecutor.java:1136)
[2026-07-27T03:02:03.482+0000] {subprocess.py:93} INFO - 	at java.base/java.util.concurrent.ThreadPoolExecutor$Worker.run(ThreadPoolExecutor.java:635)
[2026-07-27T03:02:03.484+0000] {subprocess.py:93} INFO - 	at java.base/java.lang.Thread.run(Thread.java:840)
[2026-07-27T03:02:03.486+0000] {subprocess.py:93} INFO - 26/07/27 03:02:03 WARN GoogleCloudStorageReadChannel: Failed read retry #1/10 for 'gs://london_bike_data_bronze/bronze/bike/20260719/data_20260719T122936.json'. Sleeping...
[2026-07-27T03:02:03.488+0000] {subprocess.py:93} INFO - java.net.SocketTimeoutException: Read timed out
[2026-07-27T03:02:03.491+0000] {subprocess.py:93} INFO - 	at java.base/sun.nio.ch.NioSocketImpl.timedRead(NioSocketImpl.java:288)
[2026-07-27T03:02:03.493+0000] {subprocess.py:93} INFO - 	at java.base/sun.nio.ch.NioSocketImpl.implRead(NioSocketImpl.java:314)
[2026-07-27T03:02:03.494+0000] {subprocess.py:93} INFO - 	at java.base/sun.nio.ch.NioSocketImpl.read(NioSocketImpl.java:355)
[2026-07-27T03:02:03.496+0000] {subprocess.py:93} INFO - 	at java.base/sun.nio.ch.NioSocketImpl$1.read(NioSocketImpl.java:808)
[2026-07-27T03:02:03.498+0000] {subprocess.py:93} INFO - 	at java.base/java.net.Socket$SocketInputStream.read(Socket.java:966)
[2026-07-27T03:02:03.500+0000] {subprocess.py:93} INFO - 	at java.base/sun.security.ssl.SSLSocketInputRecord.read(SSLSocketInputRecord.java:484)
[2026-07-27T03:02:03.501+0000] {subprocess.py:93} INFO - 	at java.base/sun.security.ssl.SSLSocketInputRecord.readFully(SSLSocketInputRecord.java:467)
[2026-07-27T03:02:03.503+0000] {subprocess.py:93} INFO - 	at java.base/sun.security.ssl.SSLSocketInputRecord.decodeInputRecord(SSLSocketInputRecord.java:243)
[2026-07-27T03:02:03.505+0000] {subprocess.py:93} INFO - 	at java.base/sun.security.ssl.SSLSocketInputRecord.decode(SSLSocketInputRecord.java:181)
[2026-07-27T03:02:03.508+0000] {subprocess.py:93} INFO - 	at java.base/sun.security.ssl.SSLTransport.decode(SSLTransport.java:111)
[2026-07-27T03:02:03.510+0000] {subprocess.py:93} INFO - 	at java.base/sun.security.ssl.SSLSocketImpl.decode(SSLSocketImpl.java:1512)
[2026-07-27T03:02:03.512+0000] {subprocess.py:93} INFO - 	at java.base/sun.security.ssl.SSLSocketImpl.readApplicationRecord(SSLSocketImpl.java:1483)
[2026-07-27T03:02:03.514+0000] {subprocess.py:93} INFO - 	at java.base/sun.security.ssl.SSLSocketImpl$AppInputStream.read(SSLSocketImpl.java:1069)
[2026-07-27T03:02:03.516+0000] {subprocess.py:93} INFO - 	at java.base/java.io.BufferedInputStream.read1(BufferedInputStream.java:282)
[2026-07-27T03:02:03.518+0000] {subprocess.py:93} INFO - 	at java.base/java.io.BufferedInputStream.read(BufferedInputStream.java:343)
[2026-07-27T03:02:03.520+0000] {subprocess.py:93} INFO - 	at java.base/sun.net.www.MeteredStream.read(MeteredStream.java:141)
[2026-07-27T03:02:03.523+0000] {subprocess.py:93} INFO - 	at java.base/java.io.FilterInputStream.read(FilterInputStream.java:132)
[2026-07-27T03:02:03.524+0000] {subprocess.py:93} INFO - 	at java.base/sun.net.www.protocol.http.HttpURLConnection$HttpInputStream.read(HttpURLConnection.java:3750)
[2026-07-27T03:02:03.526+0000] {subprocess.py:93} INFO - 	at com.google.cloud.hadoop.repackaged.gcs.com.google.api.client.http.javanet.NetHttpResponse$SizeValidatingInputStream.read(NetHttpResponse.java:164)
[2026-07-27T03:02:03.528+0000] {subprocess.py:93} INFO - 	at java.base/java.io.BufferedInputStream.read1(BufferedInputStream.java:282)
[2026-07-27T03:02:03.529+0000] {subprocess.py:93} INFO - 	at java.base/java.io.BufferedInputStream.read(BufferedInputStream.java:343)
[2026-07-27T03:02:03.531+0000] {subprocess.py:93} INFO - 	at java.base/java.nio.channels.Channels$ReadableByteChannelImpl.read(Channels.java:387)
[2026-07-27T03:02:03.533+0000] {subprocess.py:93} INFO - 	at com.google.cloud.hadoop.repackaged.gcs.com.google.cloud.hadoop.gcsio.GoogleCloudStorageReadChannel.read(GoogleCloudStorageReadChannel.java:318)
[2026-07-27T03:02:03.535+0000] {subprocess.py:93} INFO - 	at com.google.cloud.hadoop.fs.gcs.GoogleHadoopFSInputStream.read(GoogleHadoopFSInputStream.java:176)
[2026-07-27T03:02:03.537+0000] {subprocess.py:93} INFO - 	at java.base/java.io.DataInputStream.read(DataInputStream.java:151)
[2026-07-27T03:02:03.539+0000] {subprocess.py:93} INFO - 	at org.apache.hadoop.mapreduce.lib.input.UncompressedSplitLineReader.fillBuffer(UncompressedSplitLineReader.java:62)
[2026-07-27T03:02:03.541+0000] {subprocess.py:93} INFO - 	at org.apache.hadoop.util.LineReader.readDefaultLine(LineReader.java:227)
[2026-07-27T03:02:03.543+0000] {subprocess.py:93} INFO - 	at org.apache.hadoop.util.LineReader.readLine(LineReader.java:185)
[2026-07-27T03:02:03.544+0000] {subprocess.py:93} INFO - 	at org.apache.hadoop.mapreduce.lib.input.UncompressedSplitLineReader.readLine(UncompressedSplitLineReader.java:94)
[2026-07-27T03:02:03.547+0000] {subprocess.py:93} INFO - 	at org.apache.hadoop.mapreduce.lib.input.LineRecordReader.skipUtfByteOrderMark(LineRecordReader.java:158)
[2026-07-27T03:02:03.548+0000] {subprocess.py:93} INFO - 	at org.apache.hadoop.mapreduce.lib.input.LineRecordReader.nextKeyValue(LineRecordReader.java:198)
[2026-07-27T03:02:03.550+0000] {subprocess.py:93} INFO - 	at org.apache.spark.sql.execution.datasources.RecordReaderIterator.hasNext(RecordReaderIterator.scala:39)
[2026-07-27T03:02:03.552+0000] {subprocess.py:93} INFO - 	at org.apache.spark.sql.execution.datasources.HadoopFileLinesReader.hasNext(HadoopFileLinesReader.scala:67)
[2026-07-27T03:02:03.555+0000] {subprocess.py:93} INFO - 	at scala.collection.Iterator$$anon$10.hasNext(Iterator.scala:460)
[2026-07-27T03:02:03.559+0000] {subprocess.py:93} INFO - 	at scala.collection.Iterator$$anon$10.hasNext(Iterator.scala:460)
[2026-07-27T03:02:03.560+0000] {subprocess.py:93} INFO - 	at org.apache.spark.sql.execution.datasources.FileScanRDD$$anon$1.hasNext(FileScanRDD.scala:129)
[2026-07-27T03:02:03.563+0000] {subprocess.py:93} INFO - 	at org.apache.spark.sql.execution.datasources.FileScanRDD$$anon$1.nextIterator(FileScanRDD.scala:283)
[2026-07-27T03:02:03.564+0000] {subprocess.py:93} INFO - 	at org.apache.spark.sql.execution.datasources.FileScanRDD$$anon$1.hasNext(FileScanRDD.scala:129)
[2026-07-27T03:02:03.566+0000] {subprocess.py:93} INFO - 	at scala.collection.Iterator$$anon$10.hasNext(Iterator.scala:460)
[2026-07-27T03:02:03.568+0000] {subprocess.py:93} INFO - 	at scala.collection.Iterator$$anon$11.hasNext(Iterator.scala:491)
[2026-07-27T03:02:03.570+0000] {subprocess.py:93} INFO - 	at scala.collection.Iterator.foreach(Iterator.scala:943)
[2026-07-27T03:02:03.572+0000] {subprocess.py:93} INFO - 	at scala.collection.Iterator.foreach$(Iterator.scala:943)
[2026-07-27T03:02:03.573+0000] {subprocess.py:93} INFO - 	at scala.collection.AbstractIterator.foreach(Iterator.scala:1431)
[2026-07-27T03:02:03.576+0000] {subprocess.py:93} INFO - 	at scala.collection.TraversableOnce.reduceLeft(TraversableOnce.scala:237)
[2026-07-27T03:02:03.578+0000] {subprocess.py:93} INFO - 	at scala.collection.TraversableOnce.reduceLeft$(TraversableOnce.scala:220)
[2026-07-27T03:02:03.580+0000] {subprocess.py:93} INFO - 	at scala.collection.AbstractIterator.reduceLeft(Iterator.scala:1431)
[2026-07-27T03:02:03.581+0000] {subprocess.py:93} INFO - 	at scala.collection.TraversableOnce.reduceLeftOption(TraversableOnce.scala:249)
[2026-07-27T03:02:03.583+0000] {subprocess.py:93} INFO - 	at scala.collection.TraversableOnce.reduceLeftOption$(TraversableOnce.scala:248)
[2026-07-27T03:02:03.585+0000] {subprocess.py:93} INFO - 	at scala.collection.AbstractIterator.reduceLeftOption(Iterator.scala:1431)
[2026-07-27T03:02:03.586+0000] {subprocess.py:93} INFO - 	at scala.collection.TraversableOnce.reduceOption(TraversableOnce.scala:256)
[2026-07-27T03:02:03.590+0000] {subprocess.py:93} INFO - 	at scala.collection.TraversableOnce.reduceOption$(TraversableOnce.scala:256)
[2026-07-27T03:02:03.592+0000] {subprocess.py:93} INFO - 	at scala.collection.AbstractIterator.reduceOption(Iterator.scala:1431)
[2026-07-27T03:02:03.594+0000] {subprocess.py:93} INFO - 	at org.apache.spark.sql.catalyst.json.JsonInferSchema.$anonfun$infer$1(JsonInferSchema.scala:107)
[2026-07-27T03:02:03.595+0000] {subprocess.py:93} INFO - 	at org.apache.spark.rdd.RDD.$anonfun$mapPartitions$2(RDD.scala:858)
[2026-07-27T03:02:03.598+0000] {subprocess.py:93} INFO - 	at org.apache.spark.rdd.RDD.$anonfun$mapPartitions$2$adapted(RDD.scala:858)
[2026-07-27T03:02:03.600+0000] {subprocess.py:93} INFO - 	at org.apache.spark.rdd.MapPartitionsRDD.compute(MapPartitionsRDD.scala:52)
[2026-07-27T03:02:03.602+0000] {subprocess.py:93} INFO - 	at org.apache.spark.rdd.RDD.computeOrReadCheckpoint(RDD.scala:367)
[2026-07-27T03:02:03.604+0000] {subprocess.py:93} INFO - 	at org.apache.spark.rdd.RDD.iterator(RDD.scala:331)
[2026-07-27T03:02:03.606+0000] {subprocess.py:93} INFO - 	at org.apache.spark.scheduler.ResultTask.runTask(ResultTask.scala:93)
[2026-07-27T03:02:03.608+0000] {subprocess.py:93} INFO - 	at org.apache.spark.TaskContext.runTaskWithListeners(TaskContext.scala:166)
[2026-07-27T03:02:03.610+0000] {subprocess.py:93} INFO - 	at org.apache.spark.scheduler.Task.run(Task.scala:141)
[2026-07-27T03:02:03.612+0000] {subprocess.py:93} INFO - 	at org.apache.spark.executor.Executor$TaskRunner.$anonfun$run$4(Executor.scala:620)
[2026-07-27T03:02:03.613+0000] {subprocess.py:93} INFO - 	at org.apache.spark.util.SparkErrorUtils.tryWithSafeFinally(SparkErrorUtils.scala:64)
[2026-07-27T03:02:03.616+0000] {subprocess.py:93} INFO - 	at org.apache.spark.util.SparkErrorUtils.tryWithSafeFinally$(SparkErrorUtils.scala:61)
[2026-07-27T03:02:03.618+0000] {subprocess.py:93} INFO - 	at org.apache.spark.util.Utils$.tryWithSafeFinally(Utils.scala:94)
[2026-07-27T03:02:03.620+0000] {subprocess.py:93} INFO - 	at org.apache.spark.executor.Executor$TaskRunner.run(Executor.scala:623)
[2026-07-27T03:02:03.622+0000] {subprocess.py:93} INFO - 	at java.base/java.util.concurrent.ThreadPoolExecutor.runWorker(ThreadPoolExecutor.java:1136)
[2026-07-27T03:02:03.624+0000] {subprocess.py:93} INFO - 	at java.base/java.util.concurrent.ThreadPoolExecutor$Worker.run(ThreadPoolExecutor.java:635)
[2026-07-27T03:02:03.625+0000] {subprocess.py:93} INFO - 	at java.base/java.lang.Thread.run(Thread.java:840)
[2026-07-27T03:02:03.664+0000] {subprocess.py:93} INFO - 26/07/27 03:02:03 WARN GoogleCloudStorageReadChannel: Failed read retry #1/10 for 'gs://london_bike_data_bronze/bronze/bike/20260723/data_20260723T230000.json'. Sleeping...
[2026-07-27T03:02:03.666+0000] {subprocess.py:93} INFO - java.net.SocketTimeoutException: Read timed out
[2026-07-27T03:02:03.668+0000] {subprocess.py:93} INFO - 	at java.base/sun.nio.ch.NioSocketImpl.timedRead(NioSocketImpl.java:288)
[2026-07-27T03:02:03.670+0000] {subprocess.py:93} INFO - 	at java.base/sun.nio.ch.NioSocketImpl.implRead(NioSocketImpl.java:314)
[2026-07-27T03:02:03.672+0000] {subprocess.py:93} INFO - 	at java.base/sun.nio.ch.NioSocketImpl.read(NioSocketImpl.java:355)
[2026-07-27T03:02:03.674+0000] {subprocess.py:93} INFO - 	at java.base/sun.nio.ch.NioSocketImpl$1.read(NioSocketImpl.java:808)
[2026-07-27T03:02:03.676+0000] {subprocess.py:93} INFO - 	at java.base/java.net.Socket$SocketInputStream.read(Socket.java:966)
[2026-07-27T03:02:03.678+0000] {subprocess.py:93} INFO - 	at java.base/sun.security.ssl.SSLSocketInputRecord.read(SSLSocketInputRecord.java:484)
[2026-07-27T03:02:03.680+0000] {subprocess.py:93} INFO - 	at java.base/sun.security.ssl.SSLSocketInputRecord.readFully(SSLSocketInputRecord.java:467)
[2026-07-27T03:02:03.681+0000] {subprocess.py:93} INFO - 	at java.base/sun.security.ssl.SSLSocketInputRecord.decodeInputRecord(SSLSocketInputRecord.java:243)
[2026-07-27T03:02:03.684+0000] {subprocess.py:93} INFO - 	at java.base/sun.security.ssl.SSLSocketInputRecord.decode(SSLSocketInputRecord.java:181)
[2026-07-27T03:02:03.685+0000] {subprocess.py:93} INFO - 	at java.base/sun.security.ssl.SSLTransport.decode(SSLTransport.java:111)
[2026-07-27T03:02:03.687+0000] {subprocess.py:93} INFO - 	at java.base/sun.security.ssl.SSLSocketImpl.decode(SSLSocketImpl.java:1512)
[2026-07-27T03:02:03.689+0000] {subprocess.py:93} INFO - 	at java.base/sun.security.ssl.SSLSocketImpl.readApplicationRecord(SSLSocketImpl.java:1483)
[2026-07-27T03:02:03.690+0000] {subprocess.py:93} INFO - 	at java.base/sun.security.ssl.SSLSocketImpl$AppInputStream.read(SSLSocketImpl.java:1069)
[2026-07-27T03:02:03.693+0000] {subprocess.py:93} INFO - 	at java.base/java.io.BufferedInputStream.read1(BufferedInputStream.java:282)
[2026-07-27T03:02:03.695+0000] {subprocess.py:93} INFO - 	at java.base/java.io.BufferedInputStream.read(BufferedInputStream.java:343)
[2026-07-27T03:02:03.697+0000] {subprocess.py:93} INFO - 	at java.base/sun.net.www.MeteredStream.read(MeteredStream.java:141)
[2026-07-27T03:02:03.699+0000] {subprocess.py:93} INFO - 	at java.base/java.io.FilterInputStream.read(FilterInputStream.java:132)
[2026-07-27T03:02:03.700+0000] {subprocess.py:93} INFO - 	at java.base/sun.net.www.protocol.http.HttpURLConnection$HttpInputStream.read(HttpURLConnection.java:3750)
[2026-07-27T03:02:03.702+0000] {subprocess.py:93} INFO - 	at com.google.cloud.hadoop.repackaged.gcs.com.google.api.client.http.javanet.NetHttpResponse$SizeValidatingInputStream.read(NetHttpResponse.java:164)
[2026-07-27T03:02:03.704+0000] {subprocess.py:93} INFO - 	at java.base/java.io.BufferedInputStream.read1(BufferedInputStream.java:282)
[2026-07-27T03:02:03.706+0000] {subprocess.py:93} INFO - 	at java.base/java.io.BufferedInputStream.read(BufferedInputStream.java:343)
[2026-07-27T03:02:03.708+0000] {subprocess.py:93} INFO - 	at java.base/java.nio.channels.Channels$ReadableByteChannelImpl.read(Channels.java:387)
[2026-07-27T03:02:03.710+0000] {subprocess.py:93} INFO - 	at com.google.cloud.hadoop.repackaged.gcs.com.google.cloud.hadoop.gcsio.GoogleCloudStorageReadChannel.read(GoogleCloudStorageReadChannel.java:318)
[2026-07-27T03:02:03.712+0000] {subprocess.py:93} INFO - 	at com.google.cloud.hadoop.fs.gcs.GoogleHadoopFSInputStream.read(GoogleHadoopFSInputStream.java:176)
[2026-07-27T03:02:03.713+0000] {subprocess.py:93} INFO - 	at java.base/java.io.DataInputStream.read(DataInputStream.java:151)
[2026-07-27T03:02:03.715+0000] {subprocess.py:93} INFO - 	at org.apache.hadoop.mapreduce.lib.input.UncompressedSplitLineReader.fillBuffer(UncompressedSplitLineReader.java:62)
[2026-07-27T03:02:03.717+0000] {subprocess.py:93} INFO - 	at org.apache.hadoop.util.LineReader.readDefaultLine(LineReader.java:227)
[2026-07-27T03:02:03.719+0000] {subprocess.py:93} INFO - 	at org.apache.hadoop.util.LineReader.readLine(LineReader.java:185)
[2026-07-27T03:02:03.720+0000] {subprocess.py:93} INFO - 	at org.apache.hadoop.mapreduce.lib.input.UncompressedSplitLineReader.readLine(UncompressedSplitLineReader.java:94)
[2026-07-27T03:02:03.722+0000] {subprocess.py:93} INFO - 	at org.apache.hadoop.mapreduce.lib.input.LineRecordReader.skipUtfByteOrderMark(LineRecordReader.java:158)
[2026-07-27T03:02:03.725+0000] {subprocess.py:93} INFO - 	at org.apache.hadoop.mapreduce.lib.input.LineRecordReader.nextKeyValue(LineRecordReader.java:198)
[2026-07-27T03:02:03.727+0000] {subprocess.py:93} INFO - 	at org.apache.spark.sql.execution.datasources.RecordReaderIterator.hasNext(RecordReaderIterator.scala:39)
[2026-07-27T03:02:03.730+0000] {subprocess.py:93} INFO - 	at org.apache.spark.sql.execution.datasources.HadoopFileLinesReader.hasNext(HadoopFileLinesReader.scala:67)
[2026-07-27T03:02:03.732+0000] {subprocess.py:93} INFO - 	at scala.collection.Iterator$$anon$10.hasNext(Iterator.scala:460)
[2026-07-27T03:02:03.734+0000] {subprocess.py:93} INFO - 	at scala.collection.Iterator$$anon$10.hasNext(Iterator.scala:460)
[2026-07-27T03:02:03.735+0000] {subprocess.py:93} INFO - 	at org.apache.spark.sql.execution.datasources.FileScanRDD$$anon$1.hasNext(FileScanRDD.scala:129)
[2026-07-27T03:02:03.737+0000] {subprocess.py:93} INFO - 	at org.apache.spark.sql.execution.datasources.FileScanRDD$$anon$1.nextIterator(FileScanRDD.scala:283)
[2026-07-27T03:02:03.740+0000] {subprocess.py:93} INFO - 	at org.apache.spark.sql.execution.datasources.FileScanRDD$$anon$1.hasNext(FileScanRDD.scala:129)
[2026-07-27T03:02:03.742+0000] {subprocess.py:93} INFO - 	at scala.collection.Iterator$$anon$10.hasNext(Iterator.scala:460)
[2026-07-27T03:02:03.744+0000] {subprocess.py:93} INFO - 	at scala.collection.Iterator$$anon$11.hasNext(Iterator.scala:491)
[2026-07-27T03:02:03.746+0000] {subprocess.py:93} INFO - 	at scala.collection.Iterator.foreach(Iterator.scala:943)
[2026-07-27T03:02:03.747+0000] {subprocess.py:93} INFO - 	at scala.collection.Iterator.foreach$(Iterator.scala:943)
[2026-07-27T03:02:03.749+0000] {subprocess.py:93} INFO - 	at scala.collection.AbstractIterator.foreach(Iterator.scala:1431)
[2026-07-27T03:02:03.751+0000] {subprocess.py:93} INFO - 	at scala.collection.TraversableOnce.reduceLeft(TraversableOnce.scala:237)
[2026-07-27T03:02:03.753+0000] {subprocess.py:93} INFO - 	at scala.collection.TraversableOnce.reduceLeft$(TraversableOnce.scala:220)
[2026-07-27T03:02:03.755+0000] {subprocess.py:93} INFO - 	at scala.collection.AbstractIterator.reduceLeft(Iterator.scala:1431)
[2026-07-27T03:02:03.758+0000] {subprocess.py:93} INFO - 	at scala.collection.TraversableOnce.reduceLeftOption(TraversableOnce.scala:249)
[2026-07-27T03:02:03.760+0000] {subprocess.py:93} INFO - 	at scala.collection.TraversableOnce.reduceLeftOption$(TraversableOnce.scala:248)
[2026-07-27T03:02:03.762+0000] {subprocess.py:93} INFO - 	at scala.collection.AbstractIterator.reduceLeftOption(Iterator.scala:1431)
[2026-07-27T03:02:03.763+0000] {subprocess.py:93} INFO - 	at scala.collection.TraversableOnce.reduceOption(TraversableOnce.scala:256)
[2026-07-27T03:02:03.776+0000] {subprocess.py:93} INFO - 	at scala.collection.TraversableOnce.reduceOption$(TraversableOnce.scala:256)
[2026-07-27T03:02:03.777+0000] {subprocess.py:93} INFO - 	at scala.collection.AbstractIterator.reduceOption(Iterator.scala:1431)
[2026-07-27T03:02:03.779+0000] {subprocess.py:93} INFO - 	at org.apache.spark.sql.catalyst.json.JsonInferSchema.$anonfun$infer$1(JsonInferSchema.scala:107)
[2026-07-27T03:02:03.781+0000] {subprocess.py:93} INFO - 	at org.apache.spark.rdd.RDD.$anonfun$mapPartitions$2(RDD.scala:858)
[2026-07-27T03:02:03.783+0000] {subprocess.py:93} INFO - 	at org.apache.spark.rdd.RDD.$anonfun$mapPartitions$2$adapted(RDD.scala:858)
[2026-07-27T03:02:03.785+0000] {subprocess.py:93} INFO - 	at org.apache.spark.rdd.MapPartitionsRDD.compute(MapPartitionsRDD.scala:52)
[2026-07-27T03:02:03.787+0000] {subprocess.py:93} INFO - 	at org.apache.spark.rdd.RDD.computeOrReadCheckpoint(RDD.scala:367)
[2026-07-27T03:02:03.788+0000] {subprocess.py:93} INFO - 	at org.apache.spark.rdd.RDD.iterator(RDD.scala:331)
[2026-07-27T03:02:03.791+0000] {subprocess.py:93} INFO - 	at org.apache.spark.scheduler.ResultTask.runTask(ResultTask.scala:93)
[2026-07-27T03:02:03.792+0000] {subprocess.py:93} INFO - 	at org.apache.spark.TaskContext.runTaskWithListeners(TaskContext.scala:166)
[2026-07-27T03:02:03.794+0000] {subprocess.py:93} INFO - 	at org.apache.spark.scheduler.Task.run(Task.scala:141)
[2026-07-27T03:02:03.796+0000] {subprocess.py:93} INFO - 	at org.apache.spark.executor.Executor$TaskRunner.$anonfun$run$4(Executor.scala:620)
[2026-07-27T03:02:03.797+0000] {subprocess.py:93} INFO - 	at org.apache.spark.util.SparkErrorUtils.tryWithSafeFinally(SparkErrorUtils.scala:64)
[2026-07-27T03:02:03.799+0000] {subprocess.py:93} INFO - 	at org.apache.spark.util.SparkErrorUtils.tryWithSafeFinally$(SparkErrorUtils.scala:61)
[2026-07-27T03:02:03.801+0000] {subprocess.py:93} INFO - 	at org.apache.spark.util.Utils$.tryWithSafeFinally(Utils.scala:94)
[2026-07-27T03:02:03.803+0000] {subprocess.py:93} INFO - 	at org.apache.spark.executor.Executor$TaskRunner.run(Executor.scala:623)
[2026-07-27T03:02:03.805+0000] {subprocess.py:93} INFO - 	at java.base/java.util.concurrent.ThreadPoolExecutor.runWorker(ThreadPoolExecutor.java:1136)
[2026-07-27T03:02:03.808+0000] {subprocess.py:93} INFO - 	at java.base/java.util.concurrent.ThreadPoolExecutor$Worker.run(ThreadPoolExecutor.java:635)
[2026-07-27T03:02:03.810+0000] {subprocess.py:93} INFO - 	at java.base/java.lang.Thread.run(Thread.java:840)
[2026-07-27T03:07:22.801+0000] {subprocess.py:93} INFO - [Stage 2:>                                                          (0 + 4) / 4][Stage 2:>                                                          (0 + 4) / 4][Stage 2:>                                                          (0 + 4) / 4][Stage 2:>                                                          (0 + 4) / 4][Stage 2:>                                                          (0 + 4) / 4]26/07/27 03:07:22 ERROR Executor: Exception in task 3.0 in stage 2.0 (TID 11)
[2026-07-27T03:07:22.826+0000] {subprocess.py:93} INFO - org.apache.spark.SparkException: Encountered error while reading file gs://london_bike_data_bronze/bronze/bike/20260719/data_20260719T120641.json. Details:
[2026-07-27T03:07:22.829+0000] {subprocess.py:93} INFO - 	at org.apache.spark.sql.errors.QueryExecutionErrors$.cannotReadFilesError(QueryExecutionErrors.scala:863)
[2026-07-27T03:07:22.833+0000] {subprocess.py:93} INFO - 	at org.apache.spark.sql.execution.datasources.FileScanRDD$$anon$1.nextIterator(FileScanRDD.scala:293)
[2026-07-27T03:07:22.838+0000] {subprocess.py:93} INFO - 	at org.apache.spark.sql.execution.datasources.FileScanRDD$$anon$1.hasNext(FileScanRDD.scala:129)
[2026-07-27T03:07:22.840+0000] {subprocess.py:93} INFO - 	at scala.collection.Iterator$$anon$10.hasNext(Iterator.scala:460)
[2026-07-27T03:07:22.843+0000] {subprocess.py:93} INFO - 	at scala.collection.Iterator$$anon$11.hasNext(Iterator.scala:491)
[2026-07-27T03:07:22.847+0000] {subprocess.py:93} INFO - 	at scala.collection.Iterator.foreach(Iterator.scala:943)
[2026-07-27T03:07:22.849+0000] {subprocess.py:93} INFO - 	at scala.collection.Iterator.foreach$(Iterator.scala:943)
[2026-07-27T03:07:22.855+0000] {subprocess.py:93} INFO - 	at scala.collection.AbstractIterator.foreach(Iterator.scala:1431)
[2026-07-27T03:07:22.859+0000] {subprocess.py:93} INFO - 	at scala.collection.TraversableOnce.reduceLeft(TraversableOnce.scala:237)
[2026-07-27T03:07:22.862+0000] {subprocess.py:93} INFO - 	at scala.collection.TraversableOnce.reduceLeft$(TraversableOnce.scala:220)
[2026-07-27T03:07:22.865+0000] {subprocess.py:93} INFO - 	at scala.collection.AbstractIterator.reduceLeft(Iterator.scala:1431)
[2026-07-27T03:07:22.869+0000] {subprocess.py:93} INFO - 	at scala.collection.TraversableOnce.reduceLeftOption(TraversableOnce.scala:249)
[2026-07-27T03:07:22.871+0000] {subprocess.py:93} INFO - 	at scala.collection.TraversableOnce.reduceLeftOption$(TraversableOnce.scala:248)
[2026-07-27T03:07:22.875+0000] {subprocess.py:93} INFO - 	at scala.collection.AbstractIterator.reduceLeftOption(Iterator.scala:1431)
[2026-07-27T03:07:22.883+0000] {subprocess.py:93} INFO - 	at scala.collection.TraversableOnce.reduceOption(TraversableOnce.scala:256)
[2026-07-27T03:07:22.887+0000] {subprocess.py:93} INFO - 	at scala.collection.TraversableOnce.reduceOption$(TraversableOnce.scala:256)
[2026-07-27T03:07:22.891+0000] {subprocess.py:93} INFO - 	at scala.collection.AbstractIterator.reduceOption(Iterator.scala:1431)
[2026-07-27T03:07:22.894+0000] {subprocess.py:93} INFO - 	at org.apache.spark.sql.catalyst.json.JsonInferSchema.$anonfun$infer$1(JsonInferSchema.scala:107)
[2026-07-27T03:07:22.897+0000] {subprocess.py:93} INFO - 	at org.apache.spark.rdd.RDD.$anonfun$mapPartitions$2(RDD.scala:858)
[2026-07-27T03:07:22.899+0000] {subprocess.py:93} INFO - 	at org.apache.spark.rdd.RDD.$anonfun$mapPartitions$2$adapted(RDD.scala:858)
[2026-07-27T03:07:22.903+0000] {subprocess.py:93} INFO - 	at org.apache.spark.rdd.MapPartitionsRDD.compute(MapPartitionsRDD.scala:52)
[2026-07-27T03:07:22.909+0000] {subprocess.py:93} INFO - 	at org.apache.spark.rdd.RDD.computeOrReadCheckpoint(RDD.scala:367)
[2026-07-27T03:07:22.912+0000] {subprocess.py:93} INFO - 	at org.apache.spark.rdd.RDD.iterator(RDD.scala:331)
[2026-07-27T03:07:22.915+0000] {subprocess.py:93} INFO - 	at org.apache.spark.scheduler.ResultTask.runTask(ResultTask.scala:93)
[2026-07-27T03:07:22.917+0000] {subprocess.py:93} INFO - 	at org.apache.spark.TaskContext.runTaskWithListeners(TaskContext.scala:166)
[2026-07-27T03:07:22.923+0000] {subprocess.py:93} INFO - 	at org.apache.spark.scheduler.Task.run(Task.scala:141)
[2026-07-27T03:07:22.926+0000] {subprocess.py:93} INFO - 	at org.apache.spark.executor.Executor$TaskRunner.$anonfun$run$4(Executor.scala:620)
[2026-07-27T03:07:22.933+0000] {subprocess.py:93} INFO - 	at org.apache.spark.util.SparkErrorUtils.tryWithSafeFinally(SparkErrorUtils.scala:64)
[2026-07-27T03:07:22.936+0000] {subprocess.py:93} INFO - 	at org.apache.spark.util.SparkErrorUtils.tryWithSafeFinally$(SparkErrorUtils.scala:61)
[2026-07-27T03:07:22.938+0000] {subprocess.py:93} INFO - 	at org.apache.spark.util.Utils$.tryWithSafeFinally(Utils.scala:94)
[2026-07-27T03:07:22.940+0000] {subprocess.py:93} INFO - 	at org.apache.spark.executor.Executor$TaskRunner.run(Executor.scala:623)
[2026-07-27T03:07:22.943+0000] {subprocess.py:93} INFO - 	at java.base/java.util.concurrent.ThreadPoolExecutor.runWorker(ThreadPoolExecutor.java:1136)
[2026-07-27T03:07:22.947+0000] {subprocess.py:93} INFO - 	at java.base/java.util.concurrent.ThreadPoolExecutor$Worker.run(ThreadPoolExecutor.java:635)
[2026-07-27T03:07:22.950+0000] {subprocess.py:93} INFO - 	at java.base/java.lang.Thread.run(Thread.java:840)
[2026-07-27T03:07:22.953+0000] {subprocess.py:93} INFO - Caused by: java.io.IOException: Error reading 'gs://london_bike_data_bronze/bronze/bike/20260719/data_20260719T120641.json' at position 704655
[2026-07-27T03:07:22.956+0000] {subprocess.py:93} INFO - 	at com.google.cloud.hadoop.repackaged.gcs.com.google.cloud.hadoop.gcsio.GoogleCloudStorageReadChannel.handleExecuteMediaException(GoogleCloudStorageReadChannel.java:1123)
[2026-07-27T03:07:22.959+0000] {subprocess.py:93} INFO - 	at com.google.cloud.hadoop.repackaged.gcs.com.google.cloud.hadoop.gcsio.GoogleCloudStorageReadChannel.openStream(GoogleCloudStorageReadChannel.java:961)
[2026-07-27T03:07:22.968+0000] {subprocess.py:93} INFO - 	at com.google.cloud.hadoop.repackaged.gcs.com.google.cloud.hadoop.gcsio.GoogleCloudStorageReadChannel.openContentChannel(GoogleCloudStorageReadChannel.java:737)
[2026-07-27T03:07:22.971+0000] {subprocess.py:93} INFO - 	at com.google.cloud.hadoop.repackaged.gcs.com.google.cloud.hadoop.gcsio.GoogleCloudStorageReadChannel.performLazySeek(GoogleCloudStorageReadChannel.java:728)
[2026-07-27T03:07:22.973+0000] {subprocess.py:93} INFO - 	at com.google.cloud.hadoop.repackaged.gcs.com.google.cloud.hadoop.gcsio.GoogleCloudStorageReadChannel.read(GoogleCloudStorageReadChannel.java:310)
[2026-07-27T03:07:22.975+0000] {subprocess.py:93} INFO - 	at com.google.cloud.hadoop.fs.gcs.GoogleHadoopFSInputStream.read(GoogleHadoopFSInputStream.java:176)
[2026-07-27T03:07:22.977+0000] {subprocess.py:93} INFO - 	at java.base/java.io.DataInputStream.read(DataInputStream.java:151)
[2026-07-27T03:07:22.979+0000] {subprocess.py:93} INFO - 	at org.apache.hadoop.mapreduce.lib.input.UncompressedSplitLineReader.fillBuffer(UncompressedSplitLineReader.java:62)
[2026-07-27T03:07:22.981+0000] {subprocess.py:93} INFO - 	at org.apache.hadoop.util.LineReader.readDefaultLine(LineReader.java:227)
[2026-07-27T03:07:22.984+0000] {subprocess.py:93} INFO - 	at org.apache.hadoop.util.LineReader.readLine(LineReader.java:185)
[2026-07-27T03:07:22.985+0000] {subprocess.py:93} INFO - 	at org.apache.hadoop.mapreduce.lib.input.UncompressedSplitLineReader.readLine(UncompressedSplitLineReader.java:94)
[2026-07-27T03:07:22.988+0000] {subprocess.py:93} INFO - 	at org.apache.hadoop.mapreduce.lib.input.LineRecordReader.skipUtfByteOrderMark(LineRecordReader.java:158)
[2026-07-27T03:07:22.990+0000] {subprocess.py:93} INFO - 	at org.apache.hadoop.mapreduce.lib.input.LineRecordReader.nextKeyValue(LineRecordReader.java:198)
[2026-07-27T03:07:22.993+0000] {subprocess.py:93} INFO - 	at org.apache.spark.sql.execution.datasources.RecordReaderIterator.hasNext(RecordReaderIterator.scala:39)
[2026-07-27T03:07:22.995+0000] {subprocess.py:93} INFO - 	at org.apache.spark.sql.execution.datasources.HadoopFileLinesReader.hasNext(HadoopFileLinesReader.scala:67)
[2026-07-27T03:07:22.997+0000] {subprocess.py:93} INFO - 	at scala.collection.Iterator$$anon$10.hasNext(Iterator.scala:460)
[2026-07-27T03:07:22.999+0000] {subprocess.py:93} INFO - 	at scala.collection.Iterator$$anon$10.hasNext(Iterator.scala:460)
[2026-07-27T03:07:23.002+0000] {subprocess.py:93} INFO - 	at org.apache.spark.sql.execution.datasources.FileScanRDD$$anon$1.hasNext(FileScanRDD.scala:129)
[2026-07-27T03:07:23.004+0000] {subprocess.py:93} INFO - 	at org.apache.spark.sql.execution.datasources.FileScanRDD$$anon$1.nextIterator(FileScanRDD.scala:283)
[2026-07-27T03:07:23.007+0000] {subprocess.py:93} INFO - 	... 32 more
[2026-07-27T03:07:23.010+0000] {subprocess.py:93} INFO - Caused by: javax.net.ssl.SSLHandshakeException: Remote host terminated the handshake
[2026-07-27T03:07:23.012+0000] {subprocess.py:93} INFO - 	at java.base/sun.security.ssl.SSLSocketImpl.handleEOF(SSLSocketImpl.java:1720)
[2026-07-27T03:07:23.015+0000] {subprocess.py:93} INFO - 	at java.base/sun.security.ssl.SSLSocketImpl.decode(SSLSocketImpl.java:1517)
[2026-07-27T03:07:23.017+0000] {subprocess.py:93} INFO - 	at java.base/sun.security.ssl.SSLSocketImpl.readHandshakeRecord(SSLSocketImpl.java:1424)
[2026-07-27T03:07:23.021+0000] {subprocess.py:93} INFO - 	at java.base/sun.security.ssl.SSLSocketImpl.startHandshake(SSLSocketImpl.java:455)
[2026-07-27T03:07:23.023+0000] {subprocess.py:93} INFO - 	at java.base/sun.security.ssl.SSLSocketImpl.startHandshake(SSLSocketImpl.java:426)
[2026-07-27T03:07:23.025+0000] {subprocess.py:93} INFO - 	at java.base/sun.net.www.protocol.https.HttpsClient.afterConnect(HttpsClient.java:589)
[2026-07-27T03:07:23.027+0000] {subprocess.py:93} INFO - 	at java.base/sun.net.www.protocol.https.AbstractDelegateHttpsURLConnection.connect(AbstractDelegateHttpsURLConnection.java:187)
[2026-07-27T03:07:23.030+0000] {subprocess.py:93} INFO - 	at java.base/sun.net.www.protocol.https.HttpsURLConnectionImpl.connect(HttpsURLConnectionImpl.java:142)
[2026-07-27T03:07:23.032+0000] {subprocess.py:93} INFO - 	at com.google.cloud.hadoop.repackaged.gcs.com.google.api.client.http.javanet.NetHttpRequest.execute(NetHttpRequest.java:151)
[2026-07-27T03:07:23.034+0000] {subprocess.py:93} INFO - 	at com.google.cloud.hadoop.repackaged.gcs.com.google.api.client.http.javanet.NetHttpRequest.execute(NetHttpRequest.java:84)
[2026-07-27T03:07:23.043+0000] {subprocess.py:93} INFO - 	at com.google.cloud.hadoop.repackaged.gcs.com.google.api.client.http.HttpRequest.execute(HttpRequest.java:1012)
[2026-07-27T03:07:23.045+0000] {subprocess.py:93} INFO - 	at com.google.cloud.hadoop.repackaged.gcs.com.google.api.client.googleapis.services.AbstractGoogleClientRequest.executeUnparsed(AbstractGoogleClientRequest.java:525)
[2026-07-27T03:07:23.047+0000] {subprocess.py:93} INFO - 	at com.google.cloud.hadoop.repackaged.gcs.com.google.api.client.googleapis.services.AbstractGoogleClientRequest.executeUnparsed(AbstractGoogleClientRequest.java:466)
[2026-07-27T03:07:23.050+0000] {subprocess.py:93} INFO - 	at com.google.cloud.hadoop.repackaged.gcs.com.google.api.client.googleapis.services.AbstractGoogleClientRequest.executeMedia(AbstractGoogleClientRequest.java:490)
[2026-07-27T03:07:23.052+0000] {subprocess.py:93} INFO - 	at com.google.cloud.hadoop.repackaged.gcs.com.google.api.services.storage.Storage$Objects$Get.executeMedia(Storage.java:9592)
[2026-07-27T03:07:23.054+0000] {subprocess.py:93} INFO - 	at com.google.cloud.hadoop.repackaged.gcs.com.google.cloud.hadoop.gcsio.GoogleCloudStorageReadChannel.openStream(GoogleCloudStorageReadChannel.java:948)
[2026-07-27T03:07:23.056+0000] {subprocess.py:93} INFO - 	... 49 more
[2026-07-27T03:07:23.060+0000] {subprocess.py:93} INFO - Caused by: java.io.EOFException: SSL peer shut down incorrectly
[2026-07-27T03:07:23.063+0000] {subprocess.py:93} INFO - 	at java.base/sun.security.ssl.SSLSocketInputRecord.read(SSLSocketInputRecord.java:489)
[2026-07-27T03:07:23.065+0000] {subprocess.py:93} INFO - 	at java.base/sun.security.ssl.SSLSocketInputRecord.readHeader(SSLSocketInputRecord.java:478)
[2026-07-27T03:07:23.068+0000] {subprocess.py:93} INFO - 	at java.base/sun.security.ssl.SSLSocketInputRecord.decode(SSLSocketInputRecord.java:160)
[2026-07-27T03:07:23.071+0000] {subprocess.py:93} INFO - 	at java.base/sun.security.ssl.SSLTransport.decode(SSLTransport.java:111)
[2026-07-27T03:07:23.078+0000] {subprocess.py:93} INFO - 	at java.base/sun.security.ssl.SSLSocketImpl.decode(SSLSocketImpl.java:1509)
[2026-07-27T03:07:23.081+0000] {subprocess.py:93} INFO - 	... 63 more
[2026-07-27T03:07:23.083+0000] {subprocess.py:93} INFO - 26/07/27 03:07:22 WARN TaskSetManager: Lost task 3.0 in stage 2.0 (TID 11) (48a53578f0da executor driver): org.apache.spark.SparkException: Encountered error while reading file gs://london_bike_data_bronze/bronze/bike/20260719/data_20260719T120641.json. Details:
[2026-07-27T03:07:23.087+0000] {subprocess.py:93} INFO - 	at org.apache.spark.sql.errors.QueryExecutionErrors$.cannotReadFilesError(QueryExecutionErrors.scala:863)
[2026-07-27T03:07:23.091+0000] {subprocess.py:93} INFO - 	at org.apache.spark.sql.execution.datasources.FileScanRDD$$anon$1.nextIterator(FileScanRDD.scala:293)
[2026-07-27T03:07:23.094+0000] {subprocess.py:93} INFO - 	at org.apache.spark.sql.execution.datasources.FileScanRDD$$anon$1.hasNext(FileScanRDD.scala:129)
[2026-07-27T03:07:23.097+0000] {subprocess.py:93} INFO - 	at scala.collection.Iterator$$anon$10.hasNext(Iterator.scala:460)
[2026-07-27T03:07:23.099+0000] {subprocess.py:93} INFO - 	at scala.collection.Iterator$$anon$11.hasNext(Iterator.scala:491)
[2026-07-27T03:07:23.103+0000] {subprocess.py:93} INFO - 	at scala.collection.Iterator.foreach(Iterator.scala:943)
[2026-07-27T03:07:23.105+0000] {subprocess.py:93} INFO - 	at scala.collection.Iterator.foreach$(Iterator.scala:943)
[2026-07-27T03:07:23.108+0000] {subprocess.py:93} INFO - 	at scala.collection.AbstractIterator.foreach(Iterator.scala:1431)
[2026-07-27T03:07:23.111+0000] {subprocess.py:93} INFO - 	at scala.collection.TraversableOnce.reduceLeft(TraversableOnce.scala:237)
[2026-07-27T03:07:23.114+0000] {subprocess.py:93} INFO - 	at scala.collection.TraversableOnce.reduceLeft$(TraversableOnce.scala:220)
[2026-07-27T03:07:23.116+0000] {subprocess.py:93} INFO - 	at scala.collection.AbstractIterator.reduceLeft(Iterator.scala:1431)
[2026-07-27T03:07:23.119+0000] {subprocess.py:93} INFO - 	at scala.collection.TraversableOnce.reduceLeftOption(TraversableOnce.scala:249)
[2026-07-27T03:07:23.121+0000] {subprocess.py:93} INFO - 	at scala.collection.TraversableOnce.reduceLeftOption$(TraversableOnce.scala:248)
[2026-07-27T03:07:23.124+0000] {subprocess.py:93} INFO - 	at scala.collection.AbstractIterator.reduceLeftOption(Iterator.scala:1431)
[2026-07-27T03:07:23.126+0000] {subprocess.py:93} INFO - 	at scala.collection.TraversableOnce.reduceOption(TraversableOnce.scala:256)
[2026-07-27T03:07:23.129+0000] {subprocess.py:93} INFO - 	at scala.collection.TraversableOnce.reduceOption$(TraversableOnce.scala:256)
[2026-07-27T03:07:23.130+0000] {subprocess.py:93} INFO - 	at scala.collection.AbstractIterator.reduceOption(Iterator.scala:1431)
[2026-07-27T03:07:23.134+0000] {subprocess.py:93} INFO - 	at org.apache.spark.sql.catalyst.json.JsonInferSchema.$anonfun$infer$1(JsonInferSchema.scala:107)
[2026-07-27T03:07:23.135+0000] {subprocess.py:93} INFO - 	at org.apache.spark.rdd.RDD.$anonfun$mapPartitions$2(RDD.scala:858)
[2026-07-27T03:07:23.137+0000] {subprocess.py:93} INFO - 	at org.apache.spark.rdd.RDD.$anonfun$mapPartitions$2$adapted(RDD.scala:858)
[2026-07-27T03:07:23.140+0000] {subprocess.py:93} INFO - 	at org.apache.spark.rdd.MapPartitionsRDD.compute(MapPartitionsRDD.scala:52)
[2026-07-27T03:07:23.142+0000] {subprocess.py:93} INFO - 	at org.apache.spark.rdd.RDD.computeOrReadCheckpoint(RDD.scala:367)
[2026-07-27T03:07:23.144+0000] {subprocess.py:93} INFO - 	at org.apache.spark.rdd.RDD.iterator(RDD.scala:331)
[2026-07-27T03:07:23.146+0000] {subprocess.py:93} INFO - 	at org.apache.spark.scheduler.ResultTask.runTask(ResultTask.scala:93)
[2026-07-27T03:07:23.150+0000] {subprocess.py:93} INFO - 	at org.apache.spark.TaskContext.runTaskWithListeners(TaskContext.scala:166)
[2026-07-27T03:07:23.152+0000] {subprocess.py:93} INFO - 	at org.apache.spark.scheduler.Task.run(Task.scala:141)
[2026-07-27T03:07:23.155+0000] {subprocess.py:93} INFO - 	at org.apache.spark.executor.Executor$TaskRunner.$anonfun$run$4(Executor.scala:620)
[2026-07-27T03:07:23.157+0000] {subprocess.py:93} INFO - 	at org.apache.spark.util.SparkErrorUtils.tryWithSafeFinally(SparkErrorUtils.scala:64)
[2026-07-27T03:07:23.158+0000] {subprocess.py:93} INFO - 	at org.apache.spark.util.SparkErrorUtils.tryWithSafeFinally$(SparkErrorUtils.scala:61)
[2026-07-27T03:07:23.161+0000] {subprocess.py:93} INFO - 	at org.apache.spark.util.Utils$.tryWithSafeFinally(Utils.scala:94)
[2026-07-27T03:07:23.163+0000] {subprocess.py:93} INFO - 	at org.apache.spark.executor.Executor$TaskRunner.run(Executor.scala:623)
[2026-07-27T03:07:23.166+0000] {subprocess.py:93} INFO - 	at java.base/java.util.concurrent.ThreadPoolExecutor.runWorker(ThreadPoolExecutor.java:1136)
[2026-07-27T03:07:23.168+0000] {subprocess.py:93} INFO - 	at java.base/java.util.concurrent.ThreadPoolExecutor$Worker.run(ThreadPoolExecutor.java:635)
[2026-07-27T03:07:23.171+0000] {subprocess.py:93} INFO - 	at java.base/java.lang.Thread.run(Thread.java:840)
[2026-07-27T03:07:23.173+0000] {subprocess.py:93} INFO - Caused by: java.io.IOException: Error reading 'gs://london_bike_data_bronze/bronze/bike/20260719/data_20260719T120641.json' at position 704655
[2026-07-27T03:07:23.176+0000] {subprocess.py:93} INFO - 	at com.google.cloud.hadoop.repackaged.gcs.com.google.cloud.hadoop.gcsio.GoogleCloudStorageReadChannel.handleExecuteMediaException(GoogleCloudStorageReadChannel.java:1123)
[2026-07-27T03:07:23.180+0000] {subprocess.py:93} INFO - 	at com.google.cloud.hadoop.repackaged.gcs.com.google.cloud.hadoop.gcsio.GoogleCloudStorageReadChannel.openStream(GoogleCloudStorageReadChannel.java:961)
[2026-07-27T03:07:23.184+0000] {subprocess.py:93} INFO - 	at com.google.cloud.hadoop.repackaged.gcs.com.google.cloud.hadoop.gcsio.GoogleCloudStorageReadChannel.openContentChannel(GoogleCloudStorageReadChannel.java:737)
[2026-07-27T03:07:23.186+0000] {subprocess.py:93} INFO - 	at com.google.cloud.hadoop.repackaged.gcs.com.google.cloud.hadoop.gcsio.GoogleCloudStorageReadChannel.performLazySeek(GoogleCloudStorageReadChannel.java:728)
[2026-07-27T03:07:23.188+0000] {subprocess.py:93} INFO - 	at com.google.cloud.hadoop.repackaged.gcs.com.google.cloud.hadoop.gcsio.GoogleCloudStorageReadChannel.read(GoogleCloudStorageReadChannel.java:310)
[2026-07-27T03:07:23.191+0000] {subprocess.py:93} INFO - 	at com.google.cloud.hadoop.fs.gcs.GoogleHadoopFSInputStream.read(GoogleHadoopFSInputStream.java:176)
[2026-07-27T03:07:23.194+0000] {subprocess.py:93} INFO - 	at java.base/java.io.DataInputStream.read(DataInputStream.java:151)
[2026-07-27T03:07:23.196+0000] {subprocess.py:93} INFO - 	at org.apache.hadoop.mapreduce.lib.input.UncompressedSplitLineReader.fillBuffer(UncompressedSplitLineReader.java:62)
[2026-07-27T03:07:23.199+0000] {subprocess.py:93} INFO - 	at org.apache.hadoop.util.LineReader.readDefaultLine(LineReader.java:227)
[2026-07-27T03:07:23.201+0000] {subprocess.py:93} INFO - 	at org.apache.hadoop.util.LineReader.readLine(LineReader.java:185)
[2026-07-27T03:07:23.203+0000] {subprocess.py:93} INFO - 	at org.apache.hadoop.mapreduce.lib.input.UncompressedSplitLineReader.readLine(UncompressedSplitLineReader.java:94)
[2026-07-27T03:07:23.207+0000] {subprocess.py:93} INFO - 	at org.apache.hadoop.mapreduce.lib.input.LineRecordReader.skipUtfByteOrderMark(LineRecordReader.java:158)
[2026-07-27T03:07:23.209+0000] {subprocess.py:93} INFO - 	at org.apache.hadoop.mapreduce.lib.input.LineRecordReader.nextKeyValue(LineRecordReader.java:198)
[2026-07-27T03:07:23.213+0000] {subprocess.py:93} INFO - 	at org.apache.spark.sql.execution.datasources.RecordReaderIterator.hasNext(RecordReaderIterator.scala:39)
[2026-07-27T03:07:23.215+0000] {subprocess.py:93} INFO - 	at org.apache.spark.sql.execution.datasources.HadoopFileLinesReader.hasNext(HadoopFileLinesReader.scala:67)
[2026-07-27T03:07:23.218+0000] {subprocess.py:93} INFO - 	at scala.collection.Iterator$$anon$10.hasNext(Iterator.scala:460)
[2026-07-27T03:07:23.224+0000] {subprocess.py:93} INFO - 	at scala.collection.Iterator$$anon$10.hasNext(Iterator.scala:460)
[2026-07-27T03:07:23.226+0000] {subprocess.py:93} INFO - 	at org.apache.spark.sql.execution.datasources.FileScanRDD$$anon$1.hasNext(FileScanRDD.scala:129)
[2026-07-27T03:07:23.229+0000] {subprocess.py:93} INFO - 	at org.apache.spark.sql.execution.datasources.FileScanRDD$$anon$1.nextIterator(FileScanRDD.scala:283)
[2026-07-27T03:07:23.231+0000] {subprocess.py:93} INFO - 	... 32 more
[2026-07-27T03:07:23.241+0000] {subprocess.py:93} INFO - Caused by: javax.net.ssl.SSLHandshakeException: Remote host terminated the handshake
[2026-07-27T03:07:23.244+0000] {subprocess.py:93} INFO - 	at java.base/sun.security.ssl.SSLSocketImpl.handleEOF(SSLSocketImpl.java:1720)
[2026-07-27T03:07:23.246+0000] {subprocess.py:93} INFO - 	at java.base/sun.security.ssl.SSLSocketImpl.decode(SSLSocketImpl.java:1517)
[2026-07-27T03:07:23.249+0000] {subprocess.py:93} INFO - 	at java.base/sun.security.ssl.SSLSocketImpl.readHandshakeRecord(SSLSocketImpl.java:1424)
[2026-07-27T03:07:23.251+0000] {subprocess.py:93} INFO - 	at java.base/sun.security.ssl.SSLSocketImpl.startHandshake(SSLSocketImpl.java:455)
[2026-07-27T03:07:23.253+0000] {subprocess.py:93} INFO - 	at java.base/sun.security.ssl.SSLSocketImpl.startHandshake(SSLSocketImpl.java:426)
[2026-07-27T03:07:23.256+0000] {subprocess.py:93} INFO - 	at java.base/sun.net.www.protocol.https.HttpsClient.afterConnect(HttpsClient.java:589)
[2026-07-27T03:07:23.258+0000] {subprocess.py:93} INFO - 	at java.base/sun.net.www.protocol.https.AbstractDelegateHttpsURLConnection.connect(AbstractDelegateHttpsURLConnection.java:187)
[2026-07-27T03:07:23.262+0000] {subprocess.py:93} INFO - 	at java.base/sun.net.www.protocol.https.HttpsURLConnectionImpl.connect(HttpsURLConnectionImpl.java:142)
[2026-07-27T03:07:23.265+0000] {subprocess.py:93} INFO - 	at com.google.cloud.hadoop.repackaged.gcs.com.google.api.client.http.javanet.NetHttpRequest.execute(NetHttpRequest.java:151)
[2026-07-27T03:07:23.266+0000] {subprocess.py:93} INFO - 	at com.google.cloud.hadoop.repackaged.gcs.com.google.api.client.http.javanet.NetHttpRequest.execute(NetHttpRequest.java:84)
[2026-07-27T03:07:23.268+0000] {subprocess.py:93} INFO - 	at com.google.cloud.hadoop.repackaged.gcs.com.google.api.client.http.HttpRequest.execute(HttpRequest.java:1012)
[2026-07-27T03:07:23.271+0000] {subprocess.py:93} INFO - 	at com.google.cloud.hadoop.repackaged.gcs.com.google.api.client.googleapis.services.AbstractGoogleClientRequest.executeUnparsed(AbstractGoogleClientRequest.java:525)
[2026-07-27T03:07:23.272+0000] {subprocess.py:93} INFO - 	at com.google.cloud.hadoop.repackaged.gcs.com.google.api.client.googleapis.services.AbstractGoogleClientRequest.executeUnparsed(AbstractGoogleClientRequest.java:466)
[2026-07-27T03:07:23.274+0000] {subprocess.py:93} INFO - 	at com.google.cloud.hadoop.repackaged.gcs.com.google.api.client.googleapis.services.AbstractGoogleClientRequest.executeMedia(AbstractGoogleClientRequest.java:490)
[2026-07-27T03:07:23.277+0000] {subprocess.py:93} INFO - 	at com.google.cloud.hadoop.repackaged.gcs.com.google.api.services.storage.Storage$Objects$Get.executeMedia(Storage.java:9592)
[2026-07-27T03:07:23.279+0000] {subprocess.py:93} INFO - 	at com.google.cloud.hadoop.repackaged.gcs.com.google.cloud.hadoop.gcsio.GoogleCloudStorageReadChannel.openStream(GoogleCloudStorageReadChannel.java:948)
[2026-07-27T03:07:23.281+0000] {subprocess.py:93} INFO - 	... 49 more
[2026-07-27T03:07:23.283+0000] {subprocess.py:93} INFO - Caused by: java.io.EOFException: SSL peer shut down incorrectly
[2026-07-27T03:07:23.285+0000] {subprocess.py:93} INFO - 	at java.base/sun.security.ssl.SSLSocketInputRecord.read(SSLSocketInputRecord.java:489)
[2026-07-27T03:07:23.287+0000] {subprocess.py:93} INFO - 	at java.base/sun.security.ssl.SSLSocketInputRecord.readHeader(SSLSocketInputRecord.java:478)
[2026-07-27T03:07:23.289+0000] {subprocess.py:93} INFO - 	at java.base/sun.security.ssl.SSLSocketInputRecord.decode(SSLSocketInputRecord.java:160)
[2026-07-27T03:07:23.292+0000] {subprocess.py:93} INFO - 	at java.base/sun.security.ssl.SSLTransport.decode(SSLTransport.java:111)
[2026-07-27T03:07:23.294+0000] {subprocess.py:93} INFO - 	at java.base/sun.security.ssl.SSLSocketImpl.decode(SSLSocketImpl.java:1509)
[2026-07-27T03:07:23.296+0000] {subprocess.py:93} INFO - 	... 63 more
[2026-07-27T03:07:23.298+0000] {subprocess.py:93} INFO - 
[2026-07-27T03:07:23.300+0000] {subprocess.py:93} INFO - 26/07/27 03:07:22 ERROR TaskSetManager: Task 3 in stage 2.0 failed 1 times; aborting job
[2026-07-27T03:07:23.466+0000] {subprocess.py:93} INFO - [Stage 2:>                                                          (0 + 3) / 4]Processing Weather Data...
[2026-07-27T03:07:23.468+0000] {subprocess.py:93} INFO - Weather data processed and saved to gs://london_bike_data_bronze/silver/weather/
[2026-07-27T03:07:23.470+0000] {subprocess.py:93} INFO - Processing Bike Data...
[2026-07-27T03:07:23.473+0000] {subprocess.py:93} INFO - Error processing bike data: An error occurred while calling o64.json.
[2026-07-27T03:07:23.477+0000] {subprocess.py:93} INFO - : org.apache.spark.SparkException: Job aborted due to stage failure: Task 3 in stage 2.0 failed 1 times, most recent failure: Lost task 3.0 in stage 2.0 (TID 11) (48a53578f0da executor driver): org.apache.spark.SparkException: Encountered error while reading file gs://london_bike_data_bronze/bronze/bike/20260719/data_20260719T120641.json. Details:
[2026-07-27T03:07:23.483+0000] {subprocess.py:93} INFO - 	at org.apache.spark.sql.errors.QueryExecutionErrors$.cannotReadFilesError(QueryExecutionErrors.scala:863)
[2026-07-27T03:07:23.485+0000] {subprocess.py:93} INFO - 	at org.apache.spark.sql.execution.datasources.FileScanRDD$$anon$1.nextIterator(FileScanRDD.scala:293)
[2026-07-27T03:07:23.489+0000] {subprocess.py:93} INFO - 	at org.apache.spark.sql.execution.datasources.FileScanRDD$$anon$1.hasNext(FileScanRDD.scala:129)
[2026-07-27T03:07:23.491+0000] {subprocess.py:93} INFO - 	at scala.collection.Iterator$$anon$10.hasNext(Iterator.scala:460)
[2026-07-27T03:07:23.494+0000] {subprocess.py:93} INFO - 	at scala.collection.Iterator$$anon$11.hasNext(Iterator.scala:491)
[2026-07-27T03:07:23.497+0000] {subprocess.py:93} INFO - 	at scala.collection.Iterator.foreach(Iterator.scala:943)
[2026-07-27T03:07:23.500+0000] {subprocess.py:93} INFO - 	at scala.collection.Iterator.foreach$(Iterator.scala:943)
[2026-07-27T03:07:23.504+0000] {subprocess.py:93} INFO - 	at scala.collection.AbstractIterator.foreach(Iterator.scala:1431)
[2026-07-27T03:07:23.507+0000] {subprocess.py:93} INFO - 	at scala.collection.TraversableOnce.reduceLeft(TraversableOnce.scala:237)
[2026-07-27T03:07:23.513+0000] {subprocess.py:93} INFO - 	at scala.collection.TraversableOnce.reduceLeft$(TraversableOnce.scala:220)
[2026-07-27T03:07:23.516+0000] {subprocess.py:93} INFO - 	at scala.collection.AbstractIterator.reduceLeft(Iterator.scala:1431)
[2026-07-27T03:07:23.518+0000] {subprocess.py:93} INFO - 	at scala.collection.TraversableOnce.reduceLeftOption(TraversableOnce.scala:249)
[2026-07-27T03:07:23.521+0000] {subprocess.py:93} INFO - 	at scala.collection.TraversableOnce.reduceLeftOption$(TraversableOnce.scala:248)
[2026-07-27T03:07:23.523+0000] {subprocess.py:93} INFO - 	at scala.collection.AbstractIterator.reduceLeftOption(Iterator.scala:1431)
[2026-07-27T03:07:23.526+0000] {subprocess.py:93} INFO - 	at scala.collection.TraversableOnce.reduceOption(TraversableOnce.scala:256)
[2026-07-27T03:07:23.530+0000] {subprocess.py:93} INFO - 	at scala.collection.TraversableOnce.reduceOption$(TraversableOnce.scala:256)
[2026-07-27T03:07:23.532+0000] {subprocess.py:93} INFO - 	at scala.collection.AbstractIterator.reduceOption(Iterator.scala:1431)
[2026-07-27T03:07:23.535+0000] {subprocess.py:93} INFO - 	at org.apache.spark.sql.catalyst.json.JsonInferSchema.$anonfun$infer$1(JsonInferSchema.scala:107)
[2026-07-27T03:07:23.538+0000] {subprocess.py:93} INFO - 	at org.apache.spark.rdd.RDD.$anonfun$mapPartitions$2(RDD.scala:858)
[2026-07-27T03:07:23.543+0000] {subprocess.py:93} INFO - 	at org.apache.spark.rdd.RDD.$anonfun$mapPartitions$2$adapted(RDD.scala:858)
[2026-07-27T03:07:23.548+0000] {subprocess.py:93} INFO - 	at org.apache.spark.rdd.MapPartitionsRDD.compute(MapPartitionsRDD.scala:52)
[2026-07-27T03:07:23.550+0000] {subprocess.py:93} INFO - 	at org.apache.spark.rdd.RDD.computeOrReadCheckpoint(RDD.scala:367)
[2026-07-27T03:07:23.553+0000] {subprocess.py:93} INFO - 	at org.apache.spark.rdd.RDD.iterator(RDD.scala:331)
[2026-07-27T03:07:23.555+0000] {subprocess.py:93} INFO - 	at org.apache.spark.scheduler.ResultTask.runTask(ResultTask.scala:93)
[2026-07-27T03:07:23.558+0000] {subprocess.py:93} INFO - 	at org.apache.spark.TaskContext.runTaskWithListeners(TaskContext.scala:166)
[2026-07-27T03:07:23.561+0000] {subprocess.py:93} INFO - 	at org.apache.spark.scheduler.Task.run(Task.scala:141)
[2026-07-27T03:07:23.564+0000] {subprocess.py:93} INFO - 	at org.apache.spark.executor.Executor$TaskRunner.$anonfun$run$4(Executor.scala:620)
[2026-07-27T03:07:23.567+0000] {subprocess.py:93} INFO - 	at org.apache.spark.util.SparkErrorUtils.tryWithSafeFinally(SparkErrorUtils.scala:64)
[2026-07-27T03:07:23.571+0000] {subprocess.py:93} INFO - 	at org.apache.spark.util.SparkErrorUtils.tryWithSafeFinally$(SparkErrorUtils.scala:61)
[2026-07-27T03:07:23.575+0000] {subprocess.py:93} INFO - 	at org.apache.spark.util.Utils$.tryWithSafeFinally(Utils.scala:94)
[2026-07-27T03:07:23.578+0000] {subprocess.py:93} INFO - 	at org.apache.spark.executor.Executor$TaskRunner.run(Executor.scala:623)
[2026-07-27T03:07:23.582+0000] {subprocess.py:93} INFO - 	at java.base/java.util.concurrent.ThreadPoolExecutor.runWorker(ThreadPoolExecutor.java:1136)
[2026-07-27T03:07:23.587+0000] {subprocess.py:93} INFO - 	at java.base/java.util.concurrent.ThreadPoolExecutor$Worker.run(ThreadPoolExecutor.java:635)
[2026-07-27T03:07:23.592+0000] {subprocess.py:93} INFO - 	at java.base/java.lang.Thread.run(Thread.java:840)
[2026-07-27T03:07:23.594+0000] {subprocess.py:93} INFO - Caused by: java.io.IOException: Error reading 'gs://london_bike_data_bronze/bronze/bike/20260719/data_20260719T120641.json' at position 704655
[2026-07-27T03:07:23.598+0000] {subprocess.py:93} INFO - 	at com.google.cloud.hadoop.repackaged.gcs.com.google.cloud.hadoop.gcsio.GoogleCloudStorageReadChannel.handleExecuteMediaException(GoogleCloudStorageReadChannel.java:1123)
[2026-07-27T03:07:23.601+0000] {subprocess.py:93} INFO - 	at com.google.cloud.hadoop.repackaged.gcs.com.google.cloud.hadoop.gcsio.GoogleCloudStorageReadChannel.openStream(GoogleCloudStorageReadChannel.java:961)
[2026-07-27T03:07:23.603+0000] {subprocess.py:93} INFO - 	at com.google.cloud.hadoop.repackaged.gcs.com.google.cloud.hadoop.gcsio.GoogleCloudStorageReadChannel.openContentChannel(GoogleCloudStorageReadChannel.java:737)
[2026-07-27T03:07:23.610+0000] {subprocess.py:93} INFO - 	at com.google.cloud.hadoop.repackaged.gcs.com.google.cloud.hadoop.gcsio.GoogleCloudStorageReadChannel.performLazySeek(GoogleCloudStorageReadChannel.java:728)
[2026-07-27T03:07:23.615+0000] {subprocess.py:93} INFO - 	at com.google.cloud.hadoop.repackaged.gcs.com.google.cloud.hadoop.gcsio.GoogleCloudStorageReadChannel.read(GoogleCloudStorageReadChannel.java:310)
[2026-07-27T03:07:23.619+0000] {subprocess.py:93} INFO - 	at com.google.cloud.hadoop.fs.gcs.GoogleHadoopFSInputStream.read(GoogleHadoopFSInputStream.java:176)
[2026-07-27T03:07:23.623+0000] {subprocess.py:93} INFO - 	at java.base/java.io.DataInputStream.read(DataInputStream.java:151)
[2026-07-27T03:07:23.626+0000] {subprocess.py:93} INFO - 	at org.apache.hadoop.mapreduce.lib.input.UncompressedSplitLineReader.fillBuffer(UncompressedSplitLineReader.java:62)
[2026-07-27T03:07:23.629+0000] {subprocess.py:93} INFO - 	at org.apache.hadoop.util.LineReader.readDefaultLine(LineReader.java:227)
[2026-07-27T03:07:23.631+0000] {subprocess.py:93} INFO - 	at org.apache.hadoop.util.LineReader.readLine(LineReader.java:185)
[2026-07-27T03:07:23.637+0000] {subprocess.py:93} INFO - 	at org.apache.hadoop.mapreduce.lib.input.UncompressedSplitLineReader.readLine(UncompressedSplitLineReader.java:94)
[2026-07-27T03:07:23.642+0000] {subprocess.py:93} INFO - 	at org.apache.hadoop.mapreduce.lib.input.LineRecordReader.skipUtfByteOrderMark(LineRecordReader.java:158)
[2026-07-27T03:07:23.646+0000] {subprocess.py:93} INFO - 	at org.apache.hadoop.mapreduce.lib.input.LineRecordReader.nextKeyValue(LineRecordReader.java:198)
[2026-07-27T03:07:23.649+0000] {subprocess.py:93} INFO - 	at org.apache.spark.sql.execution.datasources.RecordReaderIterator.hasNext(RecordReaderIterator.scala:39)
[2026-07-27T03:07:23.651+0000] {subprocess.py:93} INFO - 	at org.apache.spark.sql.execution.datasources.HadoopFileLinesReader.hasNext(HadoopFileLinesReader.scala:67)
[2026-07-27T03:07:23.654+0000] {subprocess.py:93} INFO - 	at scala.collection.Iterator$$anon$10.hasNext(Iterator.scala:460)
[2026-07-27T03:07:23.657+0000] {subprocess.py:93} INFO - 	at scala.collection.Iterator$$anon$10.hasNext(Iterator.scala:460)
[2026-07-27T03:07:23.659+0000] {subprocess.py:93} INFO - 	at org.apache.spark.sql.execution.datasources.FileScanRDD$$anon$1.hasNext(FileScanRDD.scala:129)
[2026-07-27T03:07:23.663+0000] {subprocess.py:93} INFO - 	at org.apache.spark.sql.execution.datasources.FileScanRDD$$anon$1.nextIterator(FileScanRDD.scala:283)
[2026-07-27T03:07:23.668+0000] {subprocess.py:93} INFO - 	... 32 more
[2026-07-27T03:07:23.672+0000] {subprocess.py:93} INFO - Caused by: javax.net.ssl.SSLHandshakeException: Remote host terminated the handshake
[2026-07-27T03:07:23.677+0000] {subprocess.py:93} INFO - 	at java.base/sun.security.ssl.SSLSocketImpl.handleEOF(SSLSocketImpl.java:1720)
[2026-07-27T03:07:23.680+0000] {subprocess.py:93} INFO - 	at java.base/sun.security.ssl.SSLSocketImpl.decode(SSLSocketImpl.java:1517)
[2026-07-27T03:07:23.683+0000] {subprocess.py:93} INFO - 	at java.base/sun.security.ssl.SSLSocketImpl.readHandshakeRecord(SSLSocketImpl.java:1424)
[2026-07-27T03:07:23.689+0000] {subprocess.py:93} INFO - 	at java.base/sun.security.ssl.SSLSocketImpl.startHandshake(SSLSocketImpl.java:455)
[2026-07-27T03:07:23.692+0000] {subprocess.py:93} INFO - 	at java.base/sun.security.ssl.SSLSocketImpl.startHandshake(SSLSocketImpl.java:426)
[2026-07-27T03:07:23.697+0000] {subprocess.py:93} INFO - 	at java.base/sun.net.www.protocol.https.HttpsClient.afterConnect(HttpsClient.java:589)
[2026-07-27T03:07:23.701+0000] {subprocess.py:93} INFO - 	at java.base/sun.net.www.protocol.https.AbstractDelegateHttpsURLConnection.connect(AbstractDelegateHttpsURLConnection.java:187)
[2026-07-27T03:07:23.703+0000] {subprocess.py:93} INFO - 	at java.base/sun.net.www.protocol.https.HttpsURLConnectionImpl.connect(HttpsURLConnectionImpl.java:142)
[2026-07-27T03:07:23.706+0000] {subprocess.py:93} INFO - 	at com.google.cloud.hadoop.repackaged.gcs.com.google.api.client.http.javanet.NetHttpRequest.execute(NetHttpRequest.java:151)
[2026-07-27T03:07:23.708+0000] {subprocess.py:93} INFO - 	at com.google.cloud.hadoop.repackaged.gcs.com.google.api.client.http.javanet.NetHttpRequest.execute(NetHttpRequest.java:84)
[2026-07-27T03:07:23.714+0000] {subprocess.py:93} INFO - 	at com.google.cloud.hadoop.repackaged.gcs.com.google.api.client.http.HttpRequest.execute(HttpRequest.java:1012)
[2026-07-27T03:07:23.720+0000] {subprocess.py:93} INFO - 	at com.google.cloud.hadoop.repackaged.gcs.com.google.api.client.googleapis.services.AbstractGoogleClientRequest.executeUnparsed(AbstractGoogleClientRequest.java:525)
[2026-07-27T03:07:23.723+0000] {subprocess.py:93} INFO - 	at com.google.cloud.hadoop.repackaged.gcs.com.google.api.client.googleapis.services.AbstractGoogleClientRequest.executeUnparsed(AbstractGoogleClientRequest.java:466)
[2026-07-27T03:07:23.726+0000] {subprocess.py:93} INFO - 	at com.google.cloud.hadoop.repackaged.gcs.com.google.api.client.googleapis.services.AbstractGoogleClientRequest.executeMedia(AbstractGoogleClientRequest.java:490)
[2026-07-27T03:07:23.730+0000] {subprocess.py:93} INFO - 	at com.google.cloud.hadoop.repackaged.gcs.com.google.api.services.storage.Storage$Objects$Get.executeMedia(Storage.java:9592)
[2026-07-27T03:07:23.736+0000] {subprocess.py:93} INFO - 	at com.google.cloud.hadoop.repackaged.gcs.com.google.cloud.hadoop.gcsio.GoogleCloudStorageReadChannel.openStream(GoogleCloudStorageReadChannel.java:948)
[2026-07-27T03:07:23.739+0000] {subprocess.py:93} INFO - 	... 49 more
[2026-07-27T03:07:23.741+0000] {subprocess.py:93} INFO - Caused by: java.io.EOFException: SSL peer shut down incorrectly
[2026-07-27T03:07:23.746+0000] {subprocess.py:93} INFO - 	at java.base/sun.security.ssl.SSLSocketInputRecord.read(SSLSocketInputRecord.java:489)
[2026-07-27T03:07:23.751+0000] {subprocess.py:93} INFO - 	at java.base/sun.security.ssl.SSLSocketInputRecord.readHeader(SSLSocketInputRecord.java:478)
[2026-07-27T03:07:23.757+0000] {subprocess.py:93} INFO - 	at java.base/sun.security.ssl.SSLSocketInputRecord.decode(SSLSocketInputRecord.java:160)
[2026-07-27T03:07:23.760+0000] {subprocess.py:93} INFO - 	at java.base/sun.security.ssl.SSLTransport.decode(SSLTransport.java:111)
[2026-07-27T03:07:23.764+0000] {subprocess.py:93} INFO - 	at java.base/sun.security.ssl.SSLSocketImpl.decode(SSLSocketImpl.java:1509)
[2026-07-27T03:07:23.767+0000] {subprocess.py:93} INFO - 	... 63 more
[2026-07-27T03:07:23.771+0000] {subprocess.py:93} INFO - 
[2026-07-27T03:07:23.773+0000] {subprocess.py:93} INFO - Driver stacktrace:
[2026-07-27T03:07:23.777+0000] {subprocess.py:93} INFO - 	at org.apache.spark.scheduler.DAGScheduler.failJobAndIndependentStages(DAGScheduler.scala:2856)
[2026-07-27T03:07:23.780+0000] {subprocess.py:93} INFO - 	at org.apache.spark.scheduler.DAGScheduler.$anonfun$abortStage$2(DAGScheduler.scala:2792)
[2026-07-27T03:07:23.783+0000] {subprocess.py:93} INFO - 	at org.apache.spark.scheduler.DAGScheduler.$anonfun$abortStage$2$adapted(DAGScheduler.scala:2791)
[2026-07-27T03:07:23.787+0000] {subprocess.py:93} INFO - 	at scala.collection.mutable.ResizableArray.foreach(ResizableArray.scala:62)
[2026-07-27T03:07:23.789+0000] {subprocess.py:93} INFO - 	at scala.collection.mutable.ResizableArray.foreach$(ResizableArray.scala:55)
[2026-07-27T03:07:23.791+0000] {subprocess.py:93} INFO - 	at scala.collection.mutable.ArrayBuffer.foreach(ArrayBuffer.scala:49)
[2026-07-27T03:07:23.794+0000] {subprocess.py:93} INFO - 	at org.apache.spark.scheduler.DAGScheduler.abortStage(DAGScheduler.scala:2791)
[2026-07-27T03:07:23.798+0000] {subprocess.py:93} INFO - 	at org.apache.spark.scheduler.DAGScheduler.$anonfun$handleTaskSetFailed$1(DAGScheduler.scala:1247)
[2026-07-27T03:07:23.800+0000] {subprocess.py:93} INFO - 	at org.apache.spark.scheduler.DAGScheduler.$anonfun$handleTaskSetFailed$1$adapted(DAGScheduler.scala:1247)
[2026-07-27T03:07:23.802+0000] {subprocess.py:93} INFO - 	at scala.Option.foreach(Option.scala:407)
[2026-07-27T03:07:23.805+0000] {subprocess.py:93} INFO - 	at org.apache.spark.scheduler.DAGScheduler.handleTaskSetFailed(DAGScheduler.scala:1247)
[2026-07-27T03:07:23.807+0000] {subprocess.py:93} INFO - 	at org.apache.spark.scheduler.DAGSchedulerEventProcessLoop.doOnReceive(DAGScheduler.scala:3060)
[2026-07-27T03:07:23.814+0000] {subprocess.py:93} INFO - 	at org.apache.spark.scheduler.DAGSchedulerEventProcessLoop.onReceive(DAGScheduler.scala:2994)
[2026-07-27T03:07:23.818+0000] {subprocess.py:93} INFO - 	at org.apache.spark.scheduler.DAGSchedulerEventProcessLoop.onReceive(DAGScheduler.scala:2983)
[2026-07-27T03:07:23.821+0000] {subprocess.py:93} INFO - 	at org.apache.spark.util.EventLoop$$anon$1.run(EventLoop.scala:49)
[2026-07-27T03:07:23.823+0000] {subprocess.py:93} INFO - 	at org.apache.spark.scheduler.DAGScheduler.runJob(DAGScheduler.scala:989)
[2026-07-27T03:07:23.830+0000] {subprocess.py:93} INFO - 	at org.apache.spark.SparkContext.runJob(SparkContext.scala:2398)
[2026-07-27T03:07:23.832+0000] {subprocess.py:93} INFO - 	at org.apache.spark.SparkContext.runJob(SparkContext.scala:2493)
[2026-07-27T03:07:23.833+0000] {subprocess.py:93} INFO - 	at org.apache.spark.sql.catalyst.json.JsonInferSchema.infer(JsonInferSchema.scala:120)
[2026-07-27T03:07:23.836+0000] {subprocess.py:93} INFO - 	at org.apache.spark.sql.execution.datasources.json.TextInputJsonDataSource$.$anonfun$inferFromDataset$5(JsonDataSource.scala:109)
[2026-07-27T03:07:23.838+0000] {subprocess.py:93} INFO - 	at org.apache.spark.sql.execution.SQLExecution$.withSQLConfPropagated(SQLExecution.scala:201)
[2026-07-27T03:07:23.845+0000] {subprocess.py:93} INFO - 	at org.apache.spark.sql.execution.datasources.json.TextInputJsonDataSource$.inferFromDataset(JsonDataSource.scala:109)
[2026-07-27T03:07:23.847+0000] {subprocess.py:93} INFO - 	at org.apache.spark.sql.execution.datasources.json.TextInputJsonDataSource$.infer(JsonDataSource.scala:98)
[2026-07-27T03:07:23.849+0000] {subprocess.py:93} INFO - 	at org.apache.spark.sql.execution.datasources.json.JsonDataSource.inferSchema(JsonDataSource.scala:64)
[2026-07-27T03:07:23.853+0000] {subprocess.py:93} INFO - 	at org.apache.spark.sql.execution.datasources.json.JsonFileFormat.inferSchema(JsonFileFormat.scala:59)
[2026-07-27T03:07:23.863+0000] {subprocess.py:93} INFO - 	at org.apache.spark.sql.execution.datasources.DataSource.$anonfun$getOrInferFileFormatSchema$11(DataSource.scala:208)
[2026-07-27T03:07:23.868+0000] {subprocess.py:93} INFO - 	at scala.Option.orElse(Option.scala:447)
[2026-07-27T03:07:23.874+0000] {subprocess.py:93} INFO - 	at org.apache.spark.sql.execution.datasources.DataSource.getOrInferFileFormatSchema(DataSource.scala:205)
[2026-07-27T03:07:23.878+0000] {subprocess.py:93} INFO - 	at org.apache.spark.sql.execution.datasources.DataSource.resolveRelation(DataSource.scala:407)
[2026-07-27T03:07:23.881+0000] {subprocess.py:93} INFO - 	at org.apache.spark.sql.DataFrameReader.loadV1Source(DataFrameReader.scala:229)
[2026-07-27T03:07:23.883+0000] {subprocess.py:93} INFO - 	at org.apache.spark.sql.DataFrameReader.$anonfun$load$2(DataFrameReader.scala:211)
[2026-07-27T03:07:23.886+0000] {subprocess.py:93} INFO - 	at scala.Option.getOrElse(Option.scala:189)
[2026-07-27T03:07:23.889+0000] {subprocess.py:93} INFO - 	at org.apache.spark.sql.DataFrameReader.load(DataFrameReader.scala:211)
[2026-07-27T03:07:23.891+0000] {subprocess.py:93} INFO - 	at org.apache.spark.sql.DataFrameReader.json(DataFrameReader.scala:362)
[2026-07-27T03:07:23.893+0000] {subprocess.py:93} INFO - 	at java.base/jdk.internal.reflect.NativeMethodAccessorImpl.invoke0(Native Method)
[2026-07-27T03:07:23.895+0000] {subprocess.py:93} INFO - 	at java.base/jdk.internal.reflect.NativeMethodAccessorImpl.invoke(NativeMethodAccessorImpl.java:77)
[2026-07-27T03:07:23.898+0000] {subprocess.py:93} INFO - 	at java.base/jdk.internal.reflect.DelegatingMethodAccessorImpl.invoke(DelegatingMethodAccessorImpl.java:43)
[2026-07-27T03:07:23.900+0000] {subprocess.py:93} INFO - 	at java.base/java.lang.reflect.Method.invoke(Method.java:569)
[2026-07-27T03:07:23.902+0000] {subprocess.py:93} INFO - 	at py4j.reflection.MethodInvoker.invoke(MethodInvoker.java:244)
[2026-07-27T03:07:23.905+0000] {subprocess.py:93} INFO - 	at py4j.reflection.ReflectionEngine.invoke(ReflectionEngine.java:374)
[2026-07-27T03:07:23.907+0000] {subprocess.py:93} INFO - 	at py4j.Gateway.invoke(Gateway.java:282)
[2026-07-27T03:07:23.909+0000] {subprocess.py:93} INFO - 	at py4j.commands.AbstractCommand.invokeMethod(AbstractCommand.java:132)
[2026-07-27T03:07:23.911+0000] {subprocess.py:93} INFO - 	at py4j.commands.CallCommand.execute(CallCommand.java:79)
[2026-07-27T03:07:23.913+0000] {subprocess.py:93} INFO - 	at py4j.ClientServerConnection.waitForCommands(ClientServerConnection.java:182)
[2026-07-27T03:07:23.914+0000] {subprocess.py:93} INFO - 	at py4j.ClientServerConnection.run(ClientServerConnection.java:106)
[2026-07-27T03:07:23.916+0000] {subprocess.py:93} INFO - 	at java.base/java.lang.Thread.run(Thread.java:840)
[2026-07-27T03:07:23.918+0000] {subprocess.py:93} INFO - Caused by: org.apache.spark.SparkException: Encountered error while reading file gs://london_bike_data_bronze/bronze/bike/20260719/data_20260719T120641.json. Details:
[2026-07-27T03:07:23.920+0000] {subprocess.py:93} INFO - 	at org.apache.spark.sql.errors.QueryExecutionErrors$.cannotReadFilesError(QueryExecutionErrors.scala:863)
[2026-07-27T03:07:23.923+0000] {subprocess.py:93} INFO - 	at org.apache.spark.sql.execution.datasources.FileScanRDD$$anon$1.nextIterator(FileScanRDD.scala:293)
[2026-07-27T03:07:23.924+0000] {subprocess.py:93} INFO - 	at org.apache.spark.sql.execution.datasources.FileScanRDD$$anon$1.hasNext(FileScanRDD.scala:129)
[2026-07-27T03:07:23.927+0000] {subprocess.py:93} INFO - 	at scala.collection.Iterator$$anon$10.hasNext(Iterator.scala:460)
[2026-07-27T03:07:23.928+0000] {subprocess.py:93} INFO - 	at scala.collection.Iterator$$anon$11.hasNext(Iterator.scala:491)
[2026-07-27T03:07:23.930+0000] {subprocess.py:93} INFO - 	at scala.collection.Iterator.foreach(Iterator.scala:943)
[2026-07-27T03:07:23.932+0000] {subprocess.py:93} INFO - 	at scala.collection.Iterator.foreach$(Iterator.scala:943)
[2026-07-27T03:07:23.934+0000] {subprocess.py:93} INFO - 	at scala.collection.AbstractIterator.foreach(Iterator.scala:1431)
[2026-07-27T03:07:23.937+0000] {subprocess.py:93} INFO - 	at scala.collection.TraversableOnce.reduceLeft(TraversableOnce.scala:237)
[2026-07-27T03:07:23.939+0000] {subprocess.py:93} INFO - 	at scala.collection.TraversableOnce.reduceLeft$(TraversableOnce.scala:220)
[2026-07-27T03:07:23.941+0000] {subprocess.py:93} INFO - 	at scala.collection.AbstractIterator.reduceLeft(Iterator.scala:1431)
[2026-07-27T03:07:23.942+0000] {subprocess.py:93} INFO - 	at scala.collection.TraversableOnce.reduceLeftOption(TraversableOnce.scala:249)
[2026-07-27T03:07:23.944+0000] {subprocess.py:93} INFO - 	at scala.collection.TraversableOnce.reduceLeftOption$(TraversableOnce.scala:248)
[2026-07-27T03:07:23.945+0000] {subprocess.py:93} INFO - 	at scala.collection.AbstractIterator.reduceLeftOption(Iterator.scala:1431)
[2026-07-27T03:07:23.948+0000] {subprocess.py:93} INFO - 	at scala.collection.TraversableOnce.reduceOption(TraversableOnce.scala:256)
[2026-07-27T03:07:23.950+0000] {subprocess.py:93} INFO - 	at scala.collection.TraversableOnce.reduceOption$(TraversableOnce.scala:256)
[2026-07-27T03:07:23.952+0000] {subprocess.py:93} INFO - 	at scala.collection.AbstractIterator.reduceOption(Iterator.scala:1431)
[2026-07-27T03:07:23.955+0000] {subprocess.py:93} INFO - 	at org.apache.spark.sql.catalyst.json.JsonInferSchema.$anonfun$infer$1(JsonInferSchema.scala:107)
[2026-07-27T03:07:23.956+0000] {subprocess.py:93} INFO - 	at org.apache.spark.rdd.RDD.$anonfun$mapPartitions$2(RDD.scala:858)
[2026-07-27T03:07:23.958+0000] {subprocess.py:93} INFO - 	at org.apache.spark.rdd.RDD.$anonfun$mapPartitions$2$adapted(RDD.scala:858)
[2026-07-27T03:07:23.959+0000] {subprocess.py:93} INFO - 	at org.apache.spark.rdd.MapPartitionsRDD.compute(MapPartitionsRDD.scala:52)
[2026-07-27T03:07:23.961+0000] {subprocess.py:93} INFO - 	at org.apache.spark.rdd.RDD.computeOrReadCheckpoint(RDD.scala:367)
[2026-07-27T03:07:23.963+0000] {subprocess.py:93} INFO - 	at org.apache.spark.rdd.RDD.iterator(RDD.scala:331)
[2026-07-27T03:07:23.965+0000] {subprocess.py:93} INFO - 	at org.apache.spark.scheduler.ResultTask.runTask(ResultTask.scala:93)
[2026-07-27T03:07:23.967+0000] {subprocess.py:93} INFO - 	at org.apache.spark.TaskContext.runTaskWithListeners(TaskContext.scala:166)
[2026-07-27T03:07:23.969+0000] {subprocess.py:93} INFO - 	at org.apache.spark.scheduler.Task.run(Task.scala:141)
[2026-07-27T03:07:23.971+0000] {subprocess.py:93} INFO - 	at org.apache.spark.executor.Executor$TaskRunner.$anonfun$run$4(Executor.scala:620)
[2026-07-27T03:07:23.973+0000] {subprocess.py:93} INFO - 	at org.apache.spark.util.SparkErrorUtils.tryWithSafeFinally(SparkErrorUtils.scala:64)
[2026-07-27T03:07:23.978+0000] {subprocess.py:93} INFO - 	at org.apache.spark.util.SparkErrorUtils.tryWithSafeFinally$(SparkErrorUtils.scala:61)
[2026-07-27T03:07:23.980+0000] {subprocess.py:93} INFO - 	at org.apache.spark.util.Utils$.tryWithSafeFinally(Utils.scala:94)
[2026-07-27T03:07:23.983+0000] {subprocess.py:93} INFO - 	at org.apache.spark.executor.Executor$TaskRunner.run(Executor.scala:623)
[2026-07-27T03:07:23.985+0000] {subprocess.py:93} INFO - 	at java.base/java.util.concurrent.ThreadPoolExecutor.runWorker(ThreadPoolExecutor.java:1136)
[2026-07-27T03:07:23.987+0000] {subprocess.py:93} INFO - 	at java.base/java.util.concurrent.ThreadPoolExecutor$Worker.run(ThreadPoolExecutor.java:635)
[2026-07-27T03:07:23.989+0000] {subprocess.py:93} INFO - 	... 1 more
[2026-07-27T03:07:23.991+0000] {subprocess.py:93} INFO - Caused by: java.io.IOException: Error reading 'gs://london_bike_data_bronze/bronze/bike/20260719/data_20260719T120641.json' at position 704655
[2026-07-27T03:07:23.993+0000] {subprocess.py:93} INFO - 	at com.google.cloud.hadoop.repackaged.gcs.com.google.cloud.hadoop.gcsio.GoogleCloudStorageReadChannel.handleExecuteMediaException(GoogleCloudStorageReadChannel.java:1123)
[2026-07-27T03:07:23.996+0000] {subprocess.py:93} INFO - 	at com.google.cloud.hadoop.repackaged.gcs.com.google.cloud.hadoop.gcsio.GoogleCloudStorageReadChannel.openStream(GoogleCloudStorageReadChannel.java:961)
[2026-07-27T03:07:23.999+0000] {subprocess.py:93} INFO - 	at com.google.cloud.hadoop.repackaged.gcs.com.google.cloud.hadoop.gcsio.GoogleCloudStorageReadChannel.openContentChannel(GoogleCloudStorageReadChannel.java:737)
[2026-07-27T03:07:24.003+0000] {subprocess.py:93} INFO - 	at com.google.cloud.hadoop.repackaged.gcs.com.google.cloud.hadoop.gcsio.GoogleCloudStorageReadChannel.performLazySeek(GoogleCloudStorageReadChannel.java:728)
[2026-07-27T03:07:24.005+0000] {subprocess.py:93} INFO - 	at com.google.cloud.hadoop.repackaged.gcs.com.google.cloud.hadoop.gcsio.GoogleCloudStorageReadChannel.read(GoogleCloudStorageReadChannel.java:310)
[2026-07-27T03:07:24.007+0000] {subprocess.py:93} INFO - 	at com.google.cloud.hadoop.fs.gcs.GoogleHadoopFSInputStream.read(GoogleHadoopFSInputStream.java:176)
[2026-07-27T03:07:24.009+0000] {subprocess.py:93} INFO - 	at java.base/java.io.DataInputStream.read(DataInputStream.java:151)
[2026-07-27T03:07:24.011+0000] {subprocess.py:93} INFO - 	at org.apache.hadoop.mapreduce.lib.input.UncompressedSplitLineReader.fillBuffer(UncompressedSplitLineReader.java:62)
[2026-07-27T03:07:24.015+0000] {subprocess.py:93} INFO - 	at org.apache.hadoop.util.LineReader.readDefaultLine(LineReader.java:227)
[2026-07-27T03:07:24.018+0000] {subprocess.py:93} INFO - 	at org.apache.hadoop.util.LineReader.readLine(LineReader.java:185)
[2026-07-27T03:07:24.020+0000] {subprocess.py:93} INFO - 	at org.apache.hadoop.mapreduce.lib.input.UncompressedSplitLineReader.readLine(UncompressedSplitLineReader.java:94)
[2026-07-27T03:07:24.022+0000] {subprocess.py:93} INFO - 	at org.apache.hadoop.mapreduce.lib.input.LineRecordReader.skipUtfByteOrderMark(LineRecordReader.java:158)
[2026-07-27T03:07:24.024+0000] {subprocess.py:93} INFO - 	at org.apache.hadoop.mapreduce.lib.input.LineRecordReader.nextKeyValue(LineRecordReader.java:198)
[2026-07-27T03:07:24.027+0000] {subprocess.py:93} INFO - 	at org.apache.spark.sql.execution.datasources.RecordReaderIterator.hasNext(RecordReaderIterator.scala:39)
[2026-07-27T03:07:24.029+0000] {subprocess.py:93} INFO - 	at org.apache.spark.sql.execution.datasources.HadoopFileLinesReader.hasNext(HadoopFileLinesReader.scala:67)
[2026-07-27T03:07:24.032+0000] {subprocess.py:93} INFO - 	at scala.collection.Iterator$$anon$10.hasNext(Iterator.scala:460)
[2026-07-27T03:07:24.034+0000] {subprocess.py:93} INFO - 	at scala.collection.Iterator$$anon$10.hasNext(Iterator.scala:460)
[2026-07-27T03:07:24.036+0000] {subprocess.py:93} INFO - 	at org.apache.spark.sql.execution.datasources.FileScanRDD$$anon$1.hasNext(FileScanRDD.scala:129)
[2026-07-27T03:07:24.038+0000] {subprocess.py:93} INFO - 	at org.apache.spark.sql.execution.datasources.FileScanRDD$$anon$1.nextIterator(FileScanRDD.scala:283)
[2026-07-27T03:07:24.041+0000] {subprocess.py:93} INFO - 	... 32 more
[2026-07-27T03:07:24.043+0000] {subprocess.py:93} INFO - Caused by: javax.net.ssl.SSLHandshakeException: Remote host terminated the handshake
[2026-07-27T03:07:24.046+0000] {subprocess.py:93} INFO - 	at java.base/sun.security.ssl.SSLSocketImpl.handleEOF(SSLSocketImpl.java:1720)
[2026-07-27T03:07:24.048+0000] {subprocess.py:93} INFO - 	at java.base/sun.security.ssl.SSLSocketImpl.decode(SSLSocketImpl.java:1517)
[2026-07-27T03:07:24.051+0000] {subprocess.py:93} INFO - 	at java.base/sun.security.ssl.SSLSocketImpl.readHandshakeRecord(SSLSocketImpl.java:1424)
[2026-07-27T03:07:24.054+0000] {subprocess.py:93} INFO - 	at java.base/sun.security.ssl.SSLSocketImpl.startHandshake(SSLSocketImpl.java:455)
[2026-07-27T03:07:24.056+0000] {subprocess.py:93} INFO - 	at java.base/sun.security.ssl.SSLSocketImpl.startHandshake(SSLSocketImpl.java:426)
[2026-07-27T03:07:24.059+0000] {subprocess.py:93} INFO - 	at java.base/sun.net.www.protocol.https.HttpsClient.afterConnect(HttpsClient.java:589)
[2026-07-27T03:07:24.061+0000] {subprocess.py:93} INFO - 	at java.base/sun.net.www.protocol.https.AbstractDelegateHttpsURLConnection.connect(AbstractDelegateHttpsURLConnection.java:187)
[2026-07-27T03:07:24.063+0000] {subprocess.py:93} INFO - 	at java.base/sun.net.www.protocol.https.HttpsURLConnectionImpl.connect(HttpsURLConnectionImpl.java:142)
[2026-07-27T03:07:24.065+0000] {subprocess.py:93} INFO - 	at com.google.cloud.hadoop.repackaged.gcs.com.google.api.client.http.javanet.NetHttpRequest.execute(NetHttpRequest.java:151)
[2026-07-27T03:07:24.068+0000] {subprocess.py:93} INFO - 	at com.google.cloud.hadoop.repackaged.gcs.com.google.api.client.http.javanet.NetHttpRequest.execute(NetHttpRequest.java:84)
[2026-07-27T03:07:24.070+0000] {subprocess.py:93} INFO - 	at com.google.cloud.hadoop.repackaged.gcs.com.google.api.client.http.HttpRequest.execute(HttpRequest.java:1012)
[2026-07-27T03:07:24.072+0000] {subprocess.py:93} INFO - 	at com.google.cloud.hadoop.repackaged.gcs.com.google.api.client.googleapis.services.AbstractGoogleClientRequest.executeUnparsed(AbstractGoogleClientRequest.java:525)
[2026-07-27T03:07:24.074+0000] {subprocess.py:93} INFO - 	at com.google.cloud.hadoop.repackaged.gcs.com.google.api.client.googleapis.services.AbstractGoogleClientRequest.executeUnparsed(AbstractGoogleClientRequest.java:466)
[2026-07-27T03:07:24.077+0000] {subprocess.py:93} INFO - 	at com.google.cloud.hadoop.repackaged.gcs.com.google.api.client.googleapis.services.AbstractGoogleClientRequest.executeMedia(AbstractGoogleClientRequest.java:490)
[2026-07-27T03:07:24.079+0000] {subprocess.py:93} INFO - 	at com.google.cloud.hadoop.repackaged.gcs.com.google.api.services.storage.Storage$Objects$Get.executeMedia(Storage.java:9592)
[2026-07-27T03:07:24.082+0000] {subprocess.py:93} INFO - 	at com.google.cloud.hadoop.repackaged.gcs.com.google.cloud.hadoop.gcsio.GoogleCloudStorageReadChannel.openStream(GoogleCloudStorageReadChannel.java:948)
[2026-07-27T03:07:24.084+0000] {subprocess.py:93} INFO - 	... 49 more
[2026-07-27T03:07:24.086+0000] {subprocess.py:93} INFO - Caused by: java.io.EOFException: SSL peer shut down incorrectly
[2026-07-27T03:07:24.088+0000] {subprocess.py:93} INFO - 	at java.base/sun.security.ssl.SSLSocketInputRecord.read(SSLSocketInputRecord.java:489)
[2026-07-27T03:07:24.090+0000] {subprocess.py:93} INFO - 	at java.base/sun.security.ssl.SSLSocketInputRecord.readHeader(SSLSocketInputRecord.java:478)
[2026-07-27T03:07:24.092+0000] {subprocess.py:93} INFO - 	at java.base/sun.security.ssl.SSLSocketInputRecord.decode(SSLSocketInputRecord.java:160)
[2026-07-27T03:07:24.094+0000] {subprocess.py:93} INFO - 	at java.base/sun.security.ssl.SSLTransport.decode(SSLTransport.java:111)
[2026-07-27T03:07:24.097+0000] {subprocess.py:93} INFO - 	at java.base/sun.security.ssl.SSLSocketImpl.decode(SSLSocketImpl.java:1509)
[2026-07-27T03:07:24.099+0000] {subprocess.py:93} INFO - 	... 63 more
[2026-07-27T03:07:24.105+0000] {subprocess.py:93} INFO - 
[2026-07-27T03:07:25.615+0000] {subprocess.py:97} INFO - Command exited with return code 0
[2026-07-27T03:07:25.642+0000] {taskinstance.py:441} INFO - ::group::Post task execution logs
[2026-07-27T03:07:26.156+0000] {taskinstance.py:1206} INFO - Marking task as SUCCESS. dag_id=process_silver_layer, task_id=run_silver_spark_job, run_id=manual__2026-07-27T03:00:23.986185+00:00, execution_date=20260727T030023, start_date=20260727T030032, end_date=20260727T030726
[2026-07-27T03:07:26.335+0000] {local_task_job_runner.py:240} INFO - Task exited with return code 0
[2026-07-27T03:07:26.552+0000] {taskinstance.py:3503} INFO - 1 downstream tasks scheduled from follow-on schedule check
[2026-07-27T03:07:26.560+0000] {local_task_job_runner.py:222} INFO - ::endgroup::
